p,q,type,variable,value,se,pval
0,0,fit,N,17519,,
0,0,fit,ll,15737.62180649965,,
0,0,fit,AIC,-31431.2436129993,,
0,0,fit,BIC,-31260.28070472411,,
0,0,lbq_std,L1,10209.27839951404,,0
0,0,lbq_sq,L1,9.909514560061295,,.0016442648332506
0,0,lbq_std,L2,17485.45528715618,,0
0,0,lbq_sq,L2,9.911245294146745,,.0070436931790221
0,0,lbq_std,L3,22903.02072434936,,0
0,0,lbq_sq,L3,10.36711486201408,,.0156899668715873
0,0,lbq_std,L4,27256.99662482556,,0
0,0,lbq_sq,L4,11.12448921941849,,.0251999845095711
0,0,lbq_std,L5,30845.60155870737,,0
0,0,lbq_sq,L5,11.14293663395659,,.0486184774662284
0,0,lbq_std,L10,44727.09948670451,,0
0,0,lbq_sq,L10,16.78734339774996,,.079203974439942
0,0,lbq_std,L15,55519.63834544923,,0
0,0,lbq_sq,L15,17.05443966713665,,.3156204285675678
0,0,lbq_std,L20,63785.49288757873,,0
0,0,lbq_sq,L20,23.30188060126007,,.2742158047523902
0,0,coef,_cons,1.043365462937505,.1908239608306806,4.55949145106e-08
0,0,coef,wind_log,-.1042267225647834,.0071597085877437,0
0,0,coef,hydro_log_ds,-.1621308903612139,.0159176428121142,0
0,0,coef,consump_log_ds,.7271692810171797,.0462739579210799,0
0,0,coef,oil_log,.1433759488389905,.0546187498811745,.0086640905186366
0,0,coef,gas_log,-.2950507975355952,.0261570124804762,0
0,0,coef,netexch_no3,-.0000264767820714,5.39681471529e-06,9.29517275816e-07
0,0,coef,netexch_no4,-.0000335629711245,6.32054426309e-06,1.09541416826e-07
0,0,coef,netexch_se1,-.0000235125001926,4.01731626475e-06,4.83400319773e-09
0,0,coef,netexch_se3,-.0000266268094925,4.43706027468e-06,1.96103044914e-09
0,0,var_coef,omega,4.914057314491199,3.445805354512328,.1538399563463755
0,0,var_coef,arch1,.9223492578045859,.0324630483215162,0
0,0,var_coef,garch1,.019527394583037,.0122660148257007,.111386555067317
0,0,var_coef,het_wind_log,-.6088782705659479,.0750120484623802,4.44089209850e-16
0,0,var_coef,het_hydro_log_ds,.0195257692098165,.2519985569960901,.9382387937296246
0,0,var_coef,het_consump_log_ds,.2630722561506823,.9140488425646712,.7734923005001102
0,0,var_coef,het_oil_log,-1.980575500134439,.6771461853645115,.003445822634093
0,0,var_coef,het_gas_log,.3879047006031354,.4661653227783955,.4053421676676527
0,0,var_coef,het_netexch_no3,.00025772436415,.0000994786706478,.0095767039133379
0,0,var_coef,het_netexch_no4,.0001004298972608,.0002632973746081,.7028831339811599
0,0,var_coef,het_netexch_se1,-.0001839449903817,.0001157502903926,.1120257197106826
0,0,var_coef,het_netexch_se3,-.0000693747678381,.0000655606312646,.2899746456241468
0,0,var_coef,persistence,.9418766523876229,,
0,1,fit,N,17519,,
0,1,fit,ll,21257.51401366849,,
0,1,fit,AIC,-42469.02802733699,,
0,1,fit,BIC,-42290.29407777656,,
0,1,lbq_std,L1,4682.703222612384,,0
0,1,lbq_sq,L1,3.007417482618529,,.0828842474859104
0,1,lbq_std,L2,12093.11218760715,,0
0,1,lbq_sq,L2,27.83049912718143,,9.05073606332e-07
0,1,lbq_std,L3,14860.02809382945,,0
0,1,lbq_sq,L3,39.21025708156201,,1.56646673129e-08
0,1,lbq_std,L4,18972.72779745665,,0
0,1,lbq_sq,L4,39.21791261479218,,6.28050373642e-08
0,1,lbq_std,L5,20886.00458150896,,0
0,1,lbq_sq,L5,43.289766456654,,3.22759255530e-08
0,1,lbq_std,L10,31381.83410112412,,0
0,1,lbq_sq,L10,49.84382182767158,,2.85151323409e-07
0,1,lbq_std,L15,39180.46405531156,,0
0,1,lbq_sq,L15,51.49635695176472,,6.84039957503e-06
0,1,lbq_std,L20,45188.05430373497,,0
0,1,lbq_sq,L20,53.5227641219788,,.0000680620165059
0,1,coef,_cons,1.157806465679466,.0950707742553425,0
0,1,coef,wind_log,-.1125508707601298,.0038637398477792,0
0,1,coef,hydro_log_ds,-.1598714981254472,.0091617088803612,0
0,1,coef,consump_log_ds,.7713112226732906,.0253595352778153,0
0,1,coef,oil_log,.1145926665555776,.0228753417770151,5.45884625058e-07
0,1,coef,gas_log,-.2821395440279817,.0170797848933079,0
0,1,coef,netexch_no3,-.0000319167354533,2.23511526823e-06,0
0,1,coef,netexch_no4,-.0000355438165961,3.39092968183e-06,0
0,1,coef,netexch_se1,-.0000244891322357,2.38550185331e-06,0
0,1,coef,netexch_se3,-.0000311400961414,1.82275394334e-06,0
0,1,coef,ma_L1,.7241501794923999,.004825841523387,0
0,1,var_coef,omega,2.732169630785831,2.878818458113439,.3425904175489372
0,1,var_coef,arch1,.5577030888122496,.0202047753185874,0
0,1,var_coef,garch1,.3841382147284456,.0155064615410081,0
0,1,var_coef,het_wind_log,-.6356323917825162,.0776749376545794,2.22044604925e-16
0,1,var_coef,het_hydro_log_ds,-.1339698840760226,.2236209919537553,.5491105319722709
0,1,var_coef,het_consump_log_ds,.7598920734028538,.9600228022727993,.4286316024114996
0,1,var_coef,het_oil_log,-2.024875781473249,.5538663758619646,.0002562890122371
0,1,var_coef,het_gas_log,.8116068548409741,.6266911098836209,.1952971841037843
0,1,var_coef,het_netexch_no3,.0001266244102292,.0000894829520556,.1570487290774492
0,1,var_coef,het_netexch_no4,-.0000729329025189,.000337115936944,.8287198631346562
0,1,var_coef,het_netexch_se1,-.00011344338779,.000155546774196,.4658058842823858
0,1,var_coef,het_netexch_se3,-.0001070606031824,.0000478542130155,.0252716907944088
0,1,var_coef,persistence,.9418413035406952,,
0,2,fit,N,17519,,
0,2,fit,ll,24745.92176088797,,
0,2,fit,AIC,-49443.84352177595,,
0,2,fit,BIC,-49257.33853093029,,
0,2,lbq_std,L1,1803.560467119461,,0
0,2,lbq_sq,L1,2.213495686982114,,.1368083580227103
0,2,lbq_std,L2,5500.307071112811,,0
0,2,lbq_sq,L2,3.149394102728504,,.2070702748371434
0,2,lbq_std,L3,9237.906154618733,,0
0,2,lbq_sq,L3,4.17105444864316,,.2435759087239613
0,2,lbq_std,L4,10300.26041206191,,0
0,2,lbq_sq,L4,10.18482110195822,,.0374268571599608
0,2,lbq_std,L5,12625.28434062065,,0
0,2,lbq_sq,L5,10.47529642766972,,.0628350472153382
0,2,lbq_std,L10,19374.09700690215,,0
0,2,lbq_sq,L10,14.0551967531436,,.1704887698611287
0,2,lbq_std,L15,24767.30132100654,,0
0,2,lbq_sq,L15,15.37965122058204,,.4244316478442782
0,2,lbq_std,L20,28654.41417758218,,0
0,2,lbq_sq,L20,17.62719158070088,,.6119520908095113
0,2,coef,_cons,1.171527516667825,.1058522093176006,0
0,2,coef,wind_log,-.1157969295694332,.0036945119153758,0
0,2,coef,hydro_log_ds,-.1515390982408713,.0104125181665824,0
0,2,coef,consump_log_ds,.7318777441286176,.023989103510767,0
0,2,coef,oil_log,.1161218408383025,.0233692920411188,6.73016140373e-07
0,2,coef,gas_log,-.2850713661605489,.0167000114938084,0
0,2,coef,netexch_no3,-.0000364502466824,1.84242406008e-06,0
0,2,coef,netexch_no4,-.0000356061552121,2.48543763158e-06,0
0,2,coef,netexch_se1,-.0000267154580105,2.00332424884e-06,0
0,2,coef,netexch_se3,-.0000340849022114,1.64777022533e-06,0
0,2,coef,ma_L1,1.062300952339853,.0098167443437734,0
0,2,coef,ma_L2,.5731024986262108,.0068178121232938,0
0,2,var_coef,omega,3.11214000343634,2.574949853143672,.2268082553161193
0,2,var_coef,arch1,.428221045858205,.0201055560205671,0
0,2,var_coef,garch1,.4971724022974882,.0177962113420142,0
0,2,var_coef,het_wind_log,-.6512666616764593,.0768853492792915,0
0,2,var_coef,het_hydro_log_ds,-.1418530755619478,.2399076863531571,.5543315468191112
0,2,var_coef,het_consump_log_ds,1.082776387774699,1.027882563772336,.2921555224708587
0,2,var_coef,het_oil_log,-2.106525870246797,.5305281333540353,.0000716856947431
0,2,var_coef,het_gas_log,.7213854177965795,.6146553653186817,.2405384081201138
0,2,var_coef,het_netexch_no3,.0001547749982593,.0000840994165895,.0657122688455019
0,2,var_coef,het_netexch_no4,-.0000789945974339,.0003526190710023,.8227398141979234
0,2,var_coef,het_netexch_se1,-.0001180439919966,.0001506006334019,.4331449435946795
0,2,var_coef,het_netexch_se3,-.0001177749768756,.0000494280949382,.017183686248875
0,2,var_coef,persistence,.9253934481556931,,
0,3,fit,N,17519,,
0,3,fit,ll,26387.06730646211,,
0,3,fit,AIC,-52724.13461292422,,
0,3,fit,BIC,-52529.85858079333,,
0,3,lbq_std,L1,680.826308615141,,4.4180624055e-150
0,3,lbq_sq,L1,.2252614146973511,,.6350598983828163
0,3,lbq_std,L2,2542.209608173654,,0
0,3,lbq_sq,L2,.2326097484742374,,.8902037817229707
0,3,lbq_std,L3,4839.27378032923,,0
0,3,lbq_sq,L3,.3122566211299268,,.9577070981403267
0,3,lbq_std,L4,6672.57634137801,,0
0,3,lbq_sq,L4,1.294764715920133,,.8622631473886492
0,3,lbq_std,L5,7027.625771038702,,0
0,3,lbq_sq,L5,5.663791374089874,,.3403195566434436
0,3,lbq_std,L10,12432.51955608016,,0
0,3,lbq_sq,L10,10.5853241989766,,.3907235151827774
0,3,lbq_std,L15,15976.24027576561,,0
0,3,lbq_sq,L15,11.66463344464397,,.7042157484809746
0,3,lbq_std,L20,18697.90019903635,,0
0,3,lbq_sq,L20,16.31357994083553,,.6969896125757872
0,3,coef,_cons,1.211485623344829,.1169146313163119,0
0,3,coef,wind_log,-.1167135476959781,.0040419046069599,0
0,3,coef,hydro_log_ds,-.1463674445949281,.011497666579368,0
0,3,coef,consump_log_ds,.6983997277708073,.0235886375968536,0
0,3,coef,oil_log,.1160525711717338,.0256379286028597,5.99410871538e-06
0,3,coef,gas_log,-.2962488289137566,.0178237240176912,0
0,3,coef,netexch_no3,-.000037106509181,1.87198306425e-06,0
0,3,coef,netexch_no4,-.0000367487502486,2.43792140666e-06,0
0,3,coef,netexch_se1,-.0000284956367293,1.99959174745e-06,0
0,3,coef,netexch_se3,-.000035931591884,1.70051829217e-06,0
0,3,coef,ma_L1,1.194231512944189,.0147433957205867,0
0,3,coef,ma_L2,.9112606693592056,.0110493424298381,0
0,3,coef,ma_L3,.3859596667964489,.0071128990319801,0
0,3,var_coef,omega,3.300215672294366,2.490461953501945,.1851240663041098
0,3,var_coef,arch1,.3893395226121345,.0233150580978816,0
0,3,var_coef,garch1,.5244371459048325,.0222174403075219,0
0,3,var_coef,het_wind_log,-.6288602826267659,.0716162397576875,0
0,3,var_coef,het_hydro_log_ds,.0115853594919174,.2363179824653495,.960899809811482
0,3,var_coef,het_consump_log_ds,1.100414739127594,.9233613169078875,.2333597579774587
0,3,var_coef,het_oil_log,-1.739119497255549,.4935634242068493,.0004257283160078
0,3,var_coef,het_gas_log,.1978047594393108,.5600014884439001,.7239221314768822
0,3,var_coef,het_netexch_no3,.0001392013634495,.0000796559477075,.080544999389186
0,3,var_coef,het_netexch_no4,.0001393164870068,.000343348882758,.6849205690197544
0,3,var_coef,het_netexch_se1,-.0002164914122081,.0001318519547193,.1006049327560858
0,3,var_coef,het_netexch_se3,-.0000980668849046,.0000496097342052,.0480679747237511
0,3,var_coef,persistence,.913776668516967,,
0,4,fit,N,17519,,
0,4,fit,ll,27594.55509419373,,
0,4,fit,AIC,-55137.11018838745,,
0,4,fit,BIC,-54935.06311497132,,
0,4,lbq_std,L1,328.312026372116,,2.24095472427e-73
0,4,lbq_sq,L1,.0259369878823413,,.8720543005495038
0,4,lbq_std,L2,1052.431239382315,,2.9339997792e-229
0,4,lbq_sq,L2,.520555137816156,,.7708375955567165
0,4,lbq_std,L3,2330.592323461199,,0
0,4,lbq_sq,L3,1.574626321213477,,.6651567171190271
0,4,lbq_std,L4,3612.13442307492,,0
0,4,lbq_sq,L4,1.897625825927898,,.7545811224908348
0,4,lbq_std,L5,4599.082416624608,,0
0,4,lbq_sq,L5,2.223757803806709,,.8173969792091852
0,4,lbq_std,L10,7556.144495772952,,0
0,4,lbq_sq,L10,6.42531101074384,,.7783551111383165
0,4,lbq_std,L15,10139.51439871865,,0
0,4,lbq_sq,L15,8.381044397396591,,.9075994519596018
0,4,lbq_std,L20,11998.21586180595,,0
0,4,lbq_sq,L20,14.173555073211,,.8215883487008537
0,4,coef,_cons,1.221790158623712,.1242251335521731,0
0,4,coef,wind_log,-.1159286527225843,.0042867207535107,0
0,4,coef,hydro_log_ds,-.1421185288052952,.012344817050249,0
0,4,coef,consump_log_ds,.6826113601177228,.0235738343678223,0
0,4,coef,oil_log,.1193344384684558,.0271946469845438,.0000114314124839
0,4,coef,gas_log,-.3064068715051839,.0185486744338483,0
0,4,coef,netexch_no3,-.0000383424335696,1.85943756205e-06,0
0,4,coef,netexch_no4,-.000036302727252,2.44943404194e-06,0
0,4,coef,netexch_se1,-.0000309897191209,1.88193757247e-06,0
0,4,coef,netexch_se3,-.0000373523649452,1.70502944252e-06,0
0,4,coef,ma_L1,1.221370369012202,.0140764409404161,0
0,4,coef,ma_L2,1.117382433131815,.017063332692181,0
0,4,coef,ma_L3,.7315876697619413,.0108232448202182,0
0,4,coef,ma_L4,.3232365232928021,.0079765988611485,0
0,4,var_coef,omega,3.365661278459353,2.474363602402734,.1737625631705981
0,4,var_coef,arch1,.3837949011438976,.0268002575436722,0
0,4,var_coef,garch1,.5149830423978566,.0263831124031238,0
0,4,var_coef,het_wind_log,-.6454976682852953,.0705319396623972,0
0,4,var_coef,het_hydro_log_ds,-.0351059173072976,.2439826601168494,.8855897522011993
0,4,var_coef,het_consump_log_ds,1.549902107011489,.9389520145430958,.098805501333934
0,4,var_coef,het_oil_log,-1.796952266522291,.4838359236197667,.0002040327232284
0,4,var_coef,het_gas_log,.2774695428794718,.5694054975243822,.6260479329419155
0,4,var_coef,het_netexch_no3,.0001381356245656,.0000780767495384,.0768557197762416
0,4,var_coef,het_netexch_no4,.000090107977312,.0003455060797979,.7942467629697454
0,4,var_coef,het_netexch_se1,-.0001823767562608,.0001344286829527,.1748827901785674
0,4,var_coef,het_netexch_se3,-.0000939757414028,.0000469321654731,.0452445375321195
0,4,var_coef,persistence,.8987779435417542,,
0,5,fit,N,17519,,
0,5,fit,ll,28249.64225215248,,
0,5,fit,AIC,-56445.28450430496,,
0,5,fit,BIC,-56235.46638960359,,
0,5,lbq_std,L1,114.4076030468232,,1.06096443124e-26
0,5,lbq_sq,L1,.003270557021746,,.954394812565919
0,5,lbq_std,L2,471.9010443907539,,3.3727970423e-103
0,5,lbq_sq,L2,.1781055367754957,,.9147972999221688
0,5,lbq_std,L3,1129.049416356289,,1.8143247383e-244
0,5,lbq_sq,L3,2.703028786897626,,.4397128291227147
0,5,lbq_std,L4,1908.465589210608,,0
0,5,lbq_sq,L4,3.300427720899154,,.5088644920981263
0,5,lbq_std,L5,2660.540839365007,,0
0,5,lbq_sq,L5,3.329558638941069,,.6493193980216141
0,5,lbq_std,L10,4958.290247289621,,0
0,5,lbq_sq,L10,6.479627403674514,,.7734873056396476
0,5,lbq_std,L15,6699.304785585485,,0
0,5,lbq_sq,L15,8.725281172181425,,.8914379404201916
0,5,lbq_std,L20,7972.527857029233,,0
0,5,lbq_sq,L20,16.26098017557284,,.7003071696717638
0,5,coef,_cons,1.238232446620478,.1352598576211322,0
0,5,coef,wind_log,-.1165226561656592,.0045694866325476,0
0,5,coef,hydro_log_ds,-.1356885147925683,.0134873942127077,0
0,5,coef,consump_log_ds,.65046970544828,.0246320080529004,0
0,5,coef,oil_log,.1208055112952599,.0295106351362027,.0000424678628119
0,5,coef,gas_log,-.3131319239515719,.0198660015771697,0
0,5,coef,netexch_no3,-.0000395782662075,1.83634654275e-06,0
0,5,coef,netexch_no4,-.0000383624102562,2.37584536393e-06,0
0,5,coef,netexch_se1,-.0000315147642141,1.86786139239e-06,0
0,5,coef,netexch_se3,-.0000386814703162,1.70474449785e-06,0
0,5,coef,ma_L1,1.262996095111768,.0142049540024333,0
0,5,coef,ma_L2,1.233133342008367,.0212492882669025,0
0,5,coef,ma_L3,.9495842598246416,.0173095816827007,0
0,5,coef,ma_L4,.5968748956122766,.0114830389078431,0
0,5,coef,ma_L5,.2290511402550623,.0073586276112009,0
0,5,var_coef,omega,3.28895760217503,2.442942879106185,.1782026710773397
0,5,var_coef,arch1,.3944489080894514,.0297432289536835,0
0,5,var_coef,garch1,.5017708504015952,.0304860999992149,0
0,5,var_coef,het_wind_log,-.6468383940590273,.068810107890146,0
0,5,var_coef,het_hydro_log_ds,.1289714711732701,.2531044096975641,.6103608934199865
0,5,var_coef,het_consump_log_ds,1.575378216055676,.9069838411915845,.0823974305952682
0,5,var_coef,het_oil_log,-1.58904169580315,.4716048639144367,.0007532259245928
0,5,var_coef,het_gas_log,.0495970967896681,.5440640364463286,.927365137774143
0,5,var_coef,het_netexch_no3,.0001352462527806,.0000768910065447,.0785886154007449
0,5,var_coef,het_netexch_no4,.0001233949803268,.0003427886059851,.7188665886215129
0,5,var_coef,het_netexch_se1,-.0002000218118103,.0001266630219846,.1142982144018063
0,5,var_coef,het_netexch_se3,-.0000973984339473,.0000472623248259,.0393216500429419
0,5,var_coef,persistence,.8962197584910465,,
1,0,fit,N,17519,,
1,0,fit,ll,29641.05093893425,,
1,0,fit,AIC,-59236.1018778685,,
1,0,fit,BIC,-59057.36792830807,,
1,0,lbq_std,L1,443.2035859820086,,2.17384273020e-98
1,0,lbq_sq,L1,.6607774609584514,,.4162856044559979
1,0,lbq_std,L2,480.6418903493712,,4.2652022031e-105
1,0,lbq_sq,L2,.8046172199607425,,.668774323409177
1,0,lbq_std,L3,502.890402200833,,1.1279099595e-108
1,0,lbq_sq,L3,4.170650738994437,,.2436167785211784
1,0,lbq_std,L4,542.8035949230651,,3.6889855392e-116
1,0,lbq_sq,L4,4.392248344148018,,.3555159044135339
1,0,lbq_std,L5,653.3282321045937,,6.0406768297e-139
1,0,lbq_sq,L5,4.854779692949765,,.4338591009813412
1,0,lbq_std,L10,781.5546501288186,,1.9033867909e-161
1,0,lbq_sq,L10,18.79943071297418,,.0428854244785669
1,0,lbq_std,L15,877.5715740810592,,2.2219244255e-177
1,0,lbq_sq,L15,19.91518545256026,,.1752104800528646
1,0,lbq_std,L20,944.205593542892,,3.0427594620e-187
1,0,lbq_sq,L20,44.47882742029865,,.0012977848306996
1,0,coef,_cons,.8361151603403978,.3675381668861059,.0229115074308868
1,0,coef,wind_log,-.0667479879435815,.0061199776885486,0
1,0,coef,hydro_log_ds,-.0786049254358271,.0438245390950385,.0728725459914306
1,0,coef,consump_log_ds,.5181284410512184,.0285976997775451,0
1,0,coef,oil_log,.2028753228709887,.0826749681507407,.0141319988311193
1,0,coef,gas_log,-.3735509863667443,.0560505459271986,2.65498734109e-11
1,0,coef,netexch_no3,-.0000304826989342,2.43098820072e-06,0
1,0,coef,netexch_no4,-.0000296326229922,2.62080450207e-06,0
1,0,coef,netexch_se1,-.0000189661544255,2.18258018710e-06,0
1,0,coef,netexch_se3,-.0000240792417695,1.89767746041e-06,0
1,0,coef,ar_L1,.9550986254047223,.0057881702309614,0
1,0,var_coef,omega,.5226442181530939,2.585658924457113,.839813589695902
1,0,var_coef,arch1,.5242386077383616,.0538562701952216,0
1,0,var_coef,garch1,.4120298361082806,.0455972773240903,0
1,0,var_coef,het_wind_log,-.5847013472471962,.0679860476789428,0
1,0,var_coef,het_hydro_log_ds,-.0474018810000793,.2709668099955751,.8611298322440477
1,0,var_coef,het_consump_log_ds,1.145511704876902,.7507890994538795,.1270737178858645
1,0,var_coef,het_oil_log,-.8841052946890111,.5321025962820486,.096606721612559
1,0,var_coef,het_gas_log,-.0979591235795773,.404798313885419,.808784122499421
1,0,var_coef,het_netexch_no3,.0001769270363447,.000084043785429,.0352759115701593
1,0,var_coef,het_netexch_no4,.0004425970516816,.0003200519381795,.1666981879604552
1,0,var_coef,het_netexch_se1,-.0003125844235003,.0000843847085575,.0002119936304632
1,0,var_coef,het_netexch_se3,-.0000919928920797,.0000525516894433,.0800282696212768
1,0,var_coef,persistence,.9362684438466422,,
1,1,fit,N,17519,,
1,1,fit,ll,29871.91531132312,,
1,1,fit,AIC,-59695.83062264623,,
1,1,fit,BIC,-59509.32563180057,,
1,1,lbq_std,L1,29.86623627315752,,4.62904112241e-08
1,1,lbq_sq,L1,.3742395365177704,,.5407023780955611
1,1,lbq_std,L2,92.68095155005101,,7.49181564863e-21
1,1,lbq_sq,L2,.4310287966268823,,.8061266633101858
1,1,lbq_std,L3,114.5671577746346,,1.14095950631e-24
1,1,lbq_sq,L3,3.234428472418286,,.3568737422354896
1,1,lbq_std,L4,126.7491486117082,,1.92968515643e-26
1,1,lbq_sq,L4,3.548142309347464,,.4705960564572909
1,1,lbq_std,L5,205.7225278231641,,1.69425952745e-42
1,1,lbq_sq,L5,4.184855652863464,,.5231199750549713
1,1,lbq_std,L10,289.3884328721549,,2.71507679490e-56
1,1,lbq_sq,L10,17.12637674150905,,.0716139410812869
1,1,lbq_std,L15,375.3394360306183,,1.03807828135e-70
1,1,lbq_sq,L15,18.45827429670942,,.2393393372316299
1,1,lbq_std,L20,410.0742493064894,,1.65817828053e-74
1,1,lbq_sq,L20,39.99453547567226,,.0050033641184737
1,1,coef,_cons,.9552450576150457,.3292112564954001,.003712418334658
1,1,coef,wind_log,-.0720022059341832,.0061778940561788,0
1,1,coef,hydro_log_ds,-.0746048171375892,.0377538968709502,.0481454274379147
1,1,coef,consump_log_ds,.546163869587328,.0273529634021403,0
1,1,coef,oil_log,.177364651134196,.0727262703709764,.0147362207143091
1,1,coef,gas_log,-.3728012393742626,.0467622311762306,1.55431223448e-15
1,1,coef,netexch_no3,-.0000326341498289,2.30624689227e-06,0
1,1,coef,netexch_no4,-.0000315803643374,2.53614908265e-06,0
1,1,coef,netexch_se1,-.0000223218389317,2.14071863447e-06,0
1,1,coef,netexch_se3,-.0000279239484884,1.94004205246e-06,0
1,1,coef,ar_L1,.9449029728019004,.0061043009215903,0
1,1,coef,ma_L1,.2082728699329926,.0117760288732171,0
1,1,var_coef,omega,.6615551177036252,2.485572393178086,.7901174842164056
1,1,var_coef,arch1,.484391438572559,.0491193990860022,0
1,1,var_coef,garch1,.4332944767534383,.0445741843911959,0
1,1,var_coef,het_wind_log,-.5941172829885062,.0691270104501842,0
1,1,var_coef,het_hydro_log_ds,-.0009404517916568,.2608761801222771,.9971236533013146
1,1,var_coef,het_consump_log_ds,1.163957449208484,.7869413174247476,.13911612122454
1,1,var_coef,het_oil_log,-.9852025754530807,.5060430622818279,.051549725223857
1,1,var_coef,het_gas_log,.0029732795063472,.4417260731818393,.9946294410873069
1,1,var_coef,het_netexch_no3,.000178303125423,.0000809030429338,.0275305871393334
1,1,var_coef,het_netexch_no4,.0003875004781517,.0003290808958679,.2389866357908339
1,1,var_coef,het_netexch_se1,-.0002712308447841,.0000948668175004,.0042488539879193
1,1,var_coef,het_netexch_se3,-.0000814152485335,.0000526071085653,.1217163997894217
1,1,var_coef,persistence,.9176859153259973,,
1,2,fit,N,17519,,
1,2,fit,ll,29944.79958306318,,
1,2,fit,AIC,-59839.59916612636,,
1,2,fit,BIC,-59645.32313399547,,
1,2,lbq_std,L1,8.639757342976598,,.0032890523534544
1,2,lbq_sq,L1,.3694507348971415,,.5433038169796385
1,2,lbq_std,L2,8.643681727340168,,.0132754227913758
1,2,lbq_sq,L2,.3754307248919286,,.8288505956659461
1,2,lbq_std,L3,8.978266153944698,,.029581249849973
1,2,lbq_sq,L3,3.701058245059716,,.295606368347666
1,2,lbq_std,L4,16.00741647172308,,.0030092279829825
1,2,lbq_sq,L4,4.228409563551105,,.3759756309947451
1,2,lbq_std,L5,74.70673518994795,,1.07106889457e-14
1,2,lbq_sq,L5,4.779123432702151,,.4434266643265157
1,2,lbq_std,L10,137.3603456066168,,1.46336391904e-24
1,2,lbq_sq,L10,17.60467320988884,,.062009816074778
1,2,lbq_std,L15,225.7680466298032,,1.17647153153e-39
1,2,lbq_sq,L15,19.5700324143533,,.1890543430468216
1,2,lbq_std,L20,246.5082483276672,,5.77430680953e-41
1,2,lbq_sq,L20,41.95369338207338,,.0028042636008902
1,2,coef,_cons,.9741627707125906,.3076752372894166,.0015444208876685
1,2,coef,wind_log,-.0748657340426441,.0063374159064068,0
1,2,coef,hydro_log_ds,-.0755113283916879,.034841846663231,.0302150613665144
1,2,coef,consump_log_ds,.5408953948128141,.0278099522290013,0
1,2,coef,oil_log,.1761058868379039,.0685394169726587,.0101871748993698
1,2,coef,gas_log,-.3743456230829351,.0428270207837792,0
1,2,coef,netexch_no3,-.0000339001979887,2.23291693703e-06,0
1,2,coef,netexch_no4,-.0000327053406534,2.52053404246e-06,0
1,2,coef,netexch_se1,-.000023996236315,2.11792552063e-06,0
1,2,coef,netexch_se3,-.000029799473917,1.95958590606e-06,0
1,2,coef,ar_L1,.9351179258216427,.007053628634628,0
1,2,coef,ma_L1,.2501165705978888,.0157573864089225,0
1,2,coef,ma_L2,.1123453298554931,.0118888568857569,0
1,2,var_coef,omega,.7771469534419524,2.432574988001419,.7493663275838851
1,2,var_coef,arch1,.491289305811712,.0477328799617003,0
1,2,var_coef,garch1,.4259333323161529,.0421398057887394,0
1,2,var_coef,het_wind_log,-.6031972789440074,.067866201491082,0
1,2,var_coef,het_hydro_log_ds,.0547870927326727,.2576644467814938,.8316158683250507
1,2,var_coef,het_consump_log_ds,1.209024863991387,.7797575461425728,.1210182352281646
1,2,var_coef,het_oil_log,-.9663019239128089,.4943334966266864,.0506117441522511
1,2,var_coef,het_gas_log,-.0339481217798696,.4312538038455823,.9372556648238173
1,2,var_coef,het_netexch_no3,.0001671270128969,.0000795499713447,.0356492177476602
1,2,var_coef,het_netexch_no4,.0003870889084594,.0003225872166489,.2301583047100944
1,2,var_coef,het_netexch_se1,-.0002683708112907,.0000933705987754,.0040498320045743
1,2,var_coef,het_netexch_se3,-.0000819285932532,.0000512476481749,.1098917104518486
1,2,var_coef,persistence,.9172226381278649,,
1,3,fit,N,17519,,
1,3,fit,ll,29944.87509596065,,
1,3,fit,AIC,-59837.7501919213,,
1,3,fit,BIC,-59635.70311850517,,
1,3,lbq_std,L1,8.79799536568807,,.0030156171476094
1,3,lbq_sq,L1,.3713652916287202,,.5422610062058106
1,3,lbq_std,L2,8.817728385621301,,.0121689921122615
1,3,lbq_sq,L2,.377944098974529,,.8278096440753806
1,3,lbq_std,L3,8.924328247006718,,.0303140873933811
1,3,lbq_sq,L3,3.719915891649932,,.2933396810302171
1,3,lbq_std,L4,16.95466367704224,,.0019725483105533
1,3,lbq_sq,L4,4.229461060557544,,.3758414541866297
1,3,lbq_std,L5,76.74232738691654,,4.02578632489e-15
1,3,lbq_sq,L5,4.779992654164033,,.4433159680482563
1,3,lbq_std,L10,139.781592294079,,4.67185295629e-25
1,3,lbq_sq,L10,17.67736155432923,,.060656168133961
1,3,lbq_std,L15,227.7855163079088,,4.54335443132e-40
1,3,lbq_sq,L15,19.6294289061173,,.1866137128583873
1,3,lbq_std,L20,248.9481515073002,,1.86144247630e-41
1,3,lbq_sq,L20,41.99842460146766,,.0027668886979226
1,3,coef,_cons,.9745957489337053,.3087219494747551,.0015947120621966
1,3,coef,wind_log,-.0747654141676991,.0063290083796231,0
1,3,coef,hydro_log_ds,-.0751552956929609,.0349957182377255,.0317489735176133
1,3,coef,consump_log_ds,.5409653439335343,.0278252453688932,0
1,3,coef,oil_log,.1758738337358839,.0688038122267085,.0105833199872483
1,3,coef,gas_log,-.3742850962140561,.0429577603948128,0
1,3,coef,netexch_no3,-.0000338663538812,2.23343038498e-06,0
1,3,coef,netexch_no4,-.0000326695835569,2.52168104506e-06,0
1,3,coef,netexch_se1,-.0000239431634447,2.14613047519e-06,0
1,3,coef,netexch_se3,-.0000297455025031,1.96759499409e-06,0
1,3,coef,ar_L1,.9356031400447704,.0073578424818945,0
1,3,coef,ma_L1,.2492887294193545,.0159092693702324,0
1,3,coef,ma_L2,.11049515990584,.014878824365404,1.11688436277e-13
1,3,coef,ma_L3,-.0037277789894029,.01398429500693,.7898010566649747
1,3,var_coef,omega,.765827356254752,2.431144029453025,.7527563487042008
1,3,var_coef,arch1,.4914434617017986,.0477799186864995,0
1,3,var_coef,garch1,.4257669838354439,.0422110643109164,0
1,3,var_coef,het_wind_log,-.6028646265683448,.0679359319510958,0
1,3,var_coef,het_hydro_log_ds,.0538603833342585,.2573248117394589,.8342070739827896
1,3,var_coef,het_consump_log_ds,1.210186779879294,.7793362584751106,.1204606696321144
1,3,var_coef,het_oil_log,-.9649205408563586,.4943023657275805,.0509280400176015
1,3,var_coef,het_gas_log,-.0332172161652597,.4309259659724144,.9385572400121891
1,3,var_coef,het_netexch_no3,.0001669053057732,.0000794681997043,.035704399761791
1,3,var_coef,het_netexch_no4,.0003873124414192,.0003225932979706,.2298980666582804
1,3,var_coef,het_netexch_se1,-.0002686994874882,.0000932958705427,.0039757540152541
1,3,var_coef,het_netexch_se3,-.0000821274514768,.0000512456711097,.1090180838133408
1,3,var_coef,persistence,.9172104455372425,,
1,4,fit,N,17519,,
1,4,fit,ll,29947.09215062465,,
1,4,fit,AIC,-59840.18430124929,,
1,4,fit,BIC,-59630.36618654792,,
1,4,lbq_std,L1,8.268027062751028,,.0040349329466682
1,4,lbq_sq,L1,.4105546241087212,,.5216881342443993
1,4,lbq_std,L2,8.332844096734734,,.0155076465892078
1,4,lbq_sq,L2,.4176308673029603,,.8115450057200935
1,4,lbq_std,L3,8.917423741686438,,.0304091704076863
1,4,lbq_sq,L3,3.658628050494907,,.30076381889647
1,4,lbq_std,L4,25.24217709765247,,.0000449720519697
1,4,lbq_sq,L4,4.070261139098289,,.3965805425680757
1,4,lbq_std,L5,68.18911975872396,,2.43935661166e-13
1,4,lbq_sq,L5,4.610029249897734,,.4652982071037541
1,4,lbq_std,L10,129.654068289126,,5.49535823932e-23
1,4,lbq_sq,L10,17.06553071838541,,.0729264702193146
1,4,lbq_std,L15,223.0268338112911,,4.28216417708e-39
1,4,lbq_sq,L15,19.16030481770289,,.2065613626154773
1,4,lbq_std,L20,240.779462751267,,8.21072062661e-40
1,4,lbq_sq,L20,41.44483759094893,,.0032646907863618
1,4,coef,_cons,.9625291384468249,.3044393128814829,.001568805014613
1,4,coef,wind_log,-.074968401984303,.0063805437672621,0
1,4,coef,hydro_log_ds,-.0755178687317319,.0345597164211115,.0288784771476904
1,4,coef,consump_log_ds,.5421850695492054,.0279172321166438,0
1,4,coef,oil_log,.1800159610192539,.0679232248662789,.0080423696906036
1,4,coef,gas_log,-.3760303438364294,.0420698097438144,0
1,4,coef,netexch_no3,-.0000340767729806,2.23865922957e-06,0
1,4,coef,netexch_no4,-.0000327467740289,2.52026317064e-06,0
1,4,coef,netexch_se1,-.0000241526602321,2.15389105877e-06,0
1,4,coef,netexch_se3,-.0000299565039962,1.98606855031e-06,0
1,4,coef,ar_L1,.931772833604453,.0087705608239946,0
1,4,coef,ma_L1,.2556305189087927,.0178047075474287,0
1,4,coef,ma_L2,.1218291730114902,.0194474274816192,3.73929331943e-10
1,4,coef,ma_L3,.0089826524788096,.0185462096067705,.6281453073069256
1,4,coef,ma_L4,.0196352616956972,.0158467819364792,.2153198188434051
1,4,var_coef,omega,.8427274973357586,2.43435006484252,.7292061502266078
1,4,var_coef,arch1,.4952004207866043,.0474549990877858,0
1,4,var_coef,garch1,.4230387418025979,.04085494252029,0
1,4,var_coef,het_wind_log,-.6060019118655388,.0680667406211882,0
1,4,var_coef,het_hydro_log_ds,.0592893787577263,.2570770924584551,.8176031993379944
1,4,var_coef,het_consump_log_ds,1.23208478528546,.7831143106378922,.1156461065208525
1,4,var_coef,het_oil_log,-.9816189419375803,.4935976343082753,.0467340291768603
1,4,var_coef,het_gas_log,-.0319316601473446,.4345959069445612,.9414286392999027
1,4,var_coef,het_netexch_no3,.0001670614137595,.0000794905048212,.0355837322222614
1,4,var_coef,het_netexch_no4,.0003799752356218,.0003230108524632,.2394532880216989
1,4,var_coef,het_netexch_se1,-.000267450004861,.0000943783980595,.0045997346960891
1,4,var_coef,het_netexch_se3,-.0000850511990465,.0000510876039221,.0959504918111342
1,4,var_coef,persistence,.9182391625892021,,
1,5,fit,N,17519,,
1,5,fit,ll,29974.19987229943,,
1,5,fit,AIC,-59892.39974459886,,
1,5,fit,BIC,-59674.81058861226,,
1,5,lbq_std,L1,13.35209318453878,,.0002581343430224
1,5,lbq_sq,L1,.3620612765114196,,.5473636780361039
1,5,lbq_std,L2,13.50490030678993,,.0011680142977871
1,5,lbq_sq,L2,.3706918816870194,,.8308168206606217
1,5,lbq_std,L3,14.53866140750286,,.0022565130926076
1,5,lbq_sq,L3,3.642022254940549,,.3028040434172186
1,5,lbq_std,L4,20.7719624510318,,.0003513954452928
1,5,lbq_sq,L4,4.152349747454444,,.3857800183256743
1,5,lbq_std,L5,28.26453918751096,,.0000323109494523
1,5,lbq_sq,L5,4.539592729157019,,.4746036078426904
1,5,lbq_std,L10,116.6132043651327,,2.45879603271e-20
1,5,lbq_sq,L10,16.60856571392356,,.0834867109697955
1,5,lbq_std,L15,183.8212158782646,,4.02671034004e-31
1,5,lbq_sq,L15,18.47951152854057,,.2382954907727578
1,5,lbq_std,L20,209.6518192222962,,1.37312550035e-33
1,5,lbq_sq,L20,40.81053360821759,,.0039395544850558
1,5,coef,_cons,.9501283019508379,.3197862909033029,.0029670114235221
1,5,coef,wind_log,-.074336193310339,.006194430939939,0
1,5,coef,hydro_log_ds,-.0686124496507697,.0346222153769412,.0475076345334835
1,5,coef,consump_log_ds,.5441242611338655,.0276642645240381,0
1,5,coef,oil_log,.1849956328887774,.0724036397370321,.0106169541008745
1,5,coef,gas_log,-.3780720798551702,.0460307031740043,2.22044604925e-16
1,5,coef,netexch_no3,-.0000339727487325,2.24386857885e-06,0
1,5,coef,netexch_no4,-.0000325955754277,2.53748878566e-06,0
1,5,coef,netexch_se1,-.0000236555657572,2.13873502392e-06,0
1,5,coef,netexch_se3,-.0000296785896482,1.96104488693e-06,0
1,5,coef,ar_L1,.9476822465741404,.0083547153635716,0
1,5,coef,ma_L1,.223228063083885,.0190459903476435,0
1,5,coef,ma_L2,.0859565544434703,.0200663056350547,.0000183871648967
1,5,coef,ma_L3,-.0416424044448681,.0220848408746634,.0593535886580554
1,5,coef,ma_L4,-.0261598417218132,.0212826148953233,.2190100122783414
1,5,coef,ma_L5,-.0617728670124436,.0150702031332974,.0000414926621544
1,5,var_coef,omega,.6322391327695867,2.463337897277202,.7974416199894074
1,5,var_coef,arch1,.4868204647820769,.0490252645333535,0
1,5,var_coef,garch1,.429909167675589,.0442233452120648,0
1,5,var_coef,het_wind_log,-.5982402272995242,.0688198126477133,0
1,5,var_coef,het_hydro_log_ds,-.0018446400556784,.2622484290900892,.9943877731156054
1,5,var_coef,het_consump_log_ds,1.178015149796828,.7998853782630209,.1408238685216789
1,5,var_coef,het_oil_log,-.9904080749764919,.4987519684074064,.0470585612444849
1,5,var_coef,het_gas_log,.0267625407173636,.445940816076056,.9521447548344475
1,5,var_coef,het_netexch_no3,.0001646083176617,.0000792542728108,.0378048282045096
1,5,var_coef,het_netexch_no4,.0003816404346223,.0003302849690857,.2478904998119438
1,5,var_coef,het_netexch_se1,-.0002622868278874,.0000964124552681,.0065189931777494
1,5,var_coef,het_netexch_se3,-.0000778562201522,.000051453205826,.1302425399170621
1,5,var_coef,persistence,.9167296324576659,,
2,0,fit,N,17519,,
2,0,fit,ll,29919.79765988314,,
2,0,fit,AIC,-59791.59531976629,,
2,0,fit,BIC,-59605.09032892063,,
2,0,lbq_std,L1,5.252265590804671,,.0219182150886298
2,0,lbq_sq,L1,.3277654319736973,,.5669778546549784
2,0,lbq_std,L2,23.04449841874389,,9.90719586928e-06
2,0,lbq_sq,L2,.3627297104665932,,.8341309661213103
2,0,lbq_std,L3,37.34091987506172,,3.89718054828e-08
2,0,lbq_sq,L3,3.252260884797347,,.3543424995636062
2,0,lbq_std,L4,43.92604472097963,,6.64675439852e-09
2,0,lbq_sq,L4,3.675852413003602,,.4516477893353504
2,0,lbq_std,L5,101.7289129010995,,2.28336819990e-20
2,0,lbq_sq,L5,4.27582506683641,,.5104250234104097
2,0,lbq_std,L10,168.6781461927071,,5.20894415148e-31
2,0,lbq_sq,L10,17.04975780700276,,.0732701917378274
2,0,lbq_std,L15,258.801006733589,,1.90425440164e-46
2,0,lbq_sq,L15,18.77434195952906,,.2241423432597198
2,0,lbq_std,L20,280.9632749099306,,6.12272929449e-48
2,0,lbq_sq,L20,40.5652141152819,,.0042344534270137
2,0,coef,_cons,.9357204519356908,.3115899093293364,.0026728745725175
2,0,coef,wind_log,-.0742859163548815,.0063032509887507,0
2,0,coef,hydro_log_ds,-.0800739762645849,.0355629943480795,.0243469595812795
2,0,coef,consump_log_ds,.546371936644297,.0272843687729152,0
2,0,coef,oil_log,.184848639692265,.0685176683284163,.0069794238928202
2,0,coef,gas_log,-.3743153321146129,.0432638545804825,0
2,0,coef,netexch_no3,-.000033652586591,2.25875072696e-06,0
2,0,coef,netexch_no4,-.0000324703033214,2.52549004416e-06,0
2,0,coef,netexch_se1,-.000023751328922,2.14107571341e-06,0
2,0,coef,netexch_se3,-.0000294710577525,1.96385881974e-06,0
2,0,coef,ar_L1,1.193275753473551,.0152842164029125,0
2,0,coef,ar_L2,-.240874441644243,.0146786812211347,0
2,0,var_coef,omega,.8107793357326089,2.455520950899646,.7412592107200289
2,0,var_coef,arch1,.4883582372641236,.0480037324553767,0
2,0,var_coef,garch1,.4280472436759201,.043041699222183,0
2,0,var_coef,het_wind_log,-.601420320050938,.0684609331933779,0
2,0,var_coef,het_hydro_log_ds,.0372107160351263,.2593244413072637,.8859024411094112
2,0,var_coef,het_consump_log_ds,1.19050532493891,.7867375208586135,.1302243105608416
2,0,var_coef,het_oil_log,-.9941137015376227,.4974820148447635,.0456851492866557
2,0,var_coef,het_gas_log,-.0124615973736364,.4400323147209911,.9774071427797648
2,0,var_coef,het_netexch_no3,.0001733220019625,.0000800248022898,.0303223799253949
2,0,var_coef,het_netexch_no4,.0003793303222966,.0003256714763853,.2441146457166117
2,0,var_coef,het_netexch_se1,-.0002652811616577,.0000953646336284,.0054065636709271
2,0,var_coef,het_netexch_se3,-.0000811518343321,.0000518184567017,.1173299544000366
2,0,var_coef,persistence,.9164054809400437,,
2,1,fit,N,17519,,
2,1,fit,ll,29924.99163725394,,
2,1,fit,AIC,-59799.98327450787,,
2,1,fit,BIC,-59605.70724237698,,
2,1,lbq_std,L1,8.566009001163721,,.0034249710778042
2,1,lbq_sq,L1,.367077238902744,,.5446017496451205
2,1,lbq_std,L2,15.41848145186022,,.0004486620052675
2,1,lbq_sq,L2,.3922107927962571,,.8219256021148942
2,1,lbq_std,L3,31.58792115860238,,6.39173896718e-07
2,1,lbq_sq,L3,3.283351150457306,,.3499665847470754
2,1,lbq_std,L4,37.88160457999333,,1.18537758373e-07
2,1,lbq_sq,L4,3.759866228989417,,.4394786922848783
2,1,lbq_std,L5,90.45008138443526,,5.40467792290e-18
2,1,lbq_sq,L5,4.347597682824362,,.500529460234036
2,1,lbq_std,L10,154.9193133683668,,3.61828925024e-28
2,1,lbq_sq,L10,16.68503281331856,,.0816304653334795
2,1,lbq_std,L15,249.4602359801595,,1.60370209707e-44
2,1,lbq_sq,L15,18.54645931529766,,.2350263623449689
2,1,lbq_std,L20,269.1335082484769,,1.54489011725e-45
2,1,lbq_sq,L20,40.62787265580323,,.0041572037763834
2,1,coef,_cons,.9198303717728283,.3064857712570839,.0026890267470947
2,1,coef,wind_log,-.0746313232625473,.0063552080675277,0
2,1,coef,hydro_log_ds,-.0823891277351302,.0352150037189101,.0193042486715076
2,1,coef,consump_log_ds,.5436079773252115,.0275267083153924,0
2,1,coef,oil_log,.190054235764374,.0675468350351346,.004898008398577
2,1,coef,gas_log,-.3758052138513271,.0426293491243612,0
2,1,coef,netexch_no3,-.0000337984414656,2.25199016022e-06,0
2,1,coef,netexch_no4,-.0000325866531384,2.52156518033e-06,0
2,1,coef,netexch_se1,-.0000239683111387,2.14651600277e-06,0
2,1,coef,netexch_se3,-.0000296626908807,1.96621136841e-06,0
2,1,coef,ar_L1,1.281097213924461,.030324803051217,0
2,1,coef,ar_L2,-.3249917021495412,.0293811308568823,0
2,1,coef,ma_L1,-.094801571136393,.030368218182655,.0017978785777564
2,1,var_coef,omega,.8816843290714705,2.456231735718112,.7196264186294579
2,1,var_coef,arch1,.4908068762747091,.0480764760423645,0
2,1,var_coef,garch1,.426998279887138,.0421405971206538,0
2,1,var_coef,het_wind_log,-.6044076891845087,.0684542300430898,0
2,1,var_coef,het_hydro_log_ds,.0507262857190203,.2598206054724663,.8452083480473744
2,1,var_coef,het_consump_log_ds,1.198003710728947,.7869032440617647,.1279018165583541
2,1,var_coef,het_oil_log,-.9962869644726107,.497259079368816,.0451175240468804
2,1,var_coef,het_gas_log,-.0259304494320836,.4386254858559464,.9528585068294984
2,1,var_coef,het_netexch_no3,.0001720352013939,.0000802020313078,.0319510084997829
2,1,var_coef,het_netexch_no4,.0003800164314959,.0003248356438928,.2420521028497027
2,1,var_coef,het_netexch_se1,-.0002660186019577,.0000951991353513,.0052006021962325
2,1,var_coef,het_netexch_se3,-.0000824231999775,.0000516615977262,.1106129234056556
2,1,var_coef,persistence,.9178051561618471,,
2,2,fit,N,17519,,
2,2,fit,ll,29945.63822143436,,
2,2,fit,AIC,-59839.27644286872,,
2,2,fit,BIC,-59637.22936945259,,
2,2,lbq_std,L1,9.61317173122905,,.0019318669404635
2,2,lbq_sq,L1,.3819339814535679,,.5365700153556953
2,2,lbq_std,L2,9.904162190925213,,.0070686830072094
2,2,lbq_sq,L2,.3921146878148947,,.821965098636176
2,2,lbq_std,L3,10.31349502707695,,.0160809372834199
2,2,lbq_sq,L3,3.766472421923883,,.2878101101154334
2,2,lbq_std,L4,25.46231632616436,,.0000406102283159
2,2,lbq_sq,L4,4.172649641804433,,.3831442165294968
2,2,lbq_std,L5,86.25759567272893,,4.10138981489e-17
2,2,lbq_sq,L5,4.720997162389638,,.4508696207172
2,2,lbq_std,L10,151.308212295149,,2.00549084271e-27
2,2,lbq_sq,L10,17.84131247085833,,.0577002041216627
2,2,lbq_std,L15,237.9469109143257,,3.74074841826e-42
2,2,lbq_sq,L15,19.74731801621984,,.181841641561153
2,2,lbq_std,L20,260.8154469424954,,7.47151295915e-44
2,2,lbq_sq,L20,42.00558794947354,,.0027609476415389
2,2,coef,_cons,.9958076387159274,.317050454865483,.0016845879990053
2,2,coef,wind_log,-.0743473912874751,.0063062081447385,0
2,2,coef,hydro_log_ds,-.0709922511897252,.0368820080550998,.0542484049444938
2,2,coef,consump_log_ds,.5420525894986772,.0282660452374796,0
2,2,coef,oil_log,.1698525208927403,.0717076086915617,.0178515956010463
2,2,coef,gas_log,-.3736607956714987,.0433685616402318,0
2,2,coef,netexch_no3,-.0000337521647928,2.23371598984e-06,0
2,2,coef,netexch_no4,-.0000325170919166,2.51722743115e-06,0
2,2,coef,netexch_se1,-.0000237154241952,2.23243739494e-06,0
2,2,coef,netexch_se3,-.0000295339940363,2.00433563941e-06,0
2,2,coef,ar_L1,.7570461325654797,.3564018146611987,.0336587242849478
2,2,coef,ar_L2,.1690705889626677,.3391344134664971,.6181065614422632
2,2,coef,ma_L1,.4263083344934615,.3534781812959893,.2278026035110385
2,2,coef,ma_L2,.1465011785931064,.0650873475748126,.0243956991695338
2,2,var_coef,omega,.7132497285412089,2.413021473896154,.7675480507120123
2,2,var_coef,arch1,.4920743283614136,.0477628923330028,0
2,2,var_coef,garch1,.4249983093230603,.0422989025618189,0
2,2,var_coef,het_wind_log,-.6014517829468575,.0682145530854993,0
2,2,var_coef,het_hydro_log_ds,.0474915831648605,.2552505112149278,.8523987139815752
2,2,var_coef,het_consump_log_ds,1.220047274919421,.7772802108025618,.1164997362337061
2,2,var_coef,het_oil_log,-.9600441467143525,.4928934404222176,.0514422251584516
2,2,var_coef,het_gas_log,-.0279048018095967,.4290526842303536,.9481436085785577
2,2,var_coef,het_netexch_no3,.0001667587385778,.0000792901120247,.0354529465380817
2,2,var_coef,het_netexch_no4,.0003869143167882,.0003228945158638,.2308125180525318
2,2,var_coef,het_netexch_se1,-.0002698449617406,.0000934614210635,.0038864547886115
2,2,var_coef,het_netexch_se3,-.0000832320987833,.0000511971649542,.1040098828858622
2,2,var_coef,persistence,.917072637684474,,
2,3,fit,N,17519,,
2,3,fit,ll,30008.81453337433,,
2,3,fit,AIC,-59963.62906674866,,
2,3,fit,BIC,-59753.81095204729,,
2,3,lbq_std,L1,12.60508336141968,,.0003846990845778
2,3,lbq_sq,L1,.34544141497284,,.5567050478641279
2,3,lbq_std,L2,15.29421726942605,,.000477422538274
2,3,lbq_sq,L2,.3463385208616552,,.8409952555777845
2,3,lbq_std,L3,25.50466792268201,,.0000121089164725
2,3,lbq_sq,L3,3.887020031964425,,.2739252021218239
2,3,lbq_std,L4,25.99806459635503,,.0000316730596251
2,3,lbq_sq,L4,4.506829452114739,,.3417384514442118
2,3,lbq_std,L5,66.67506994784877,,5.03323049021e-13
2,3,lbq_sq,L5,5.021990746939532,,.413202308889887
2,3,lbq_std,L10,111.1081582432268,,3.18895211096e-19
2,3,lbq_sq,L10,16.71412743616299,,.0809338279283699
2,3,lbq_std,L15,170.3282498606729,,2.10020748253e-28
2,3,lbq_sq,L15,18.21460285588772,,.2515514049738412
2,3,lbq_std,L20,211.5031066963863,,5.88467189837e-34
2,3,lbq_sq,L20,39.82475408097157,,.0052564657648043
2,3,coef,_cons,.6794239285823731,.3383580646818998,.0446429981185246
2,3,coef,wind_log,-.0770866175056999,.0060792829742822,0
2,3,coef,hydro_log_ds,-.082412028007577,.0403347066733517,.0410322626858266
2,3,coef,consump_log_ds,.5386687175297846,.0278462034805575,0
2,3,coef,oil_log,.2523991064869493,.0762504105751478,.0009325118632133
2,3,coef,gas_log,-.3738084935492761,.054877294316075,9.64428537031e-12
2,3,coef,netexch_no3,-.0000335686046211,2.18821081251e-06,0
2,3,coef,netexch_no4,-.0000326904354644,2.50912541055e-06,0
2,3,coef,netexch_se1,-.0000234851491562,2.10496731046e-06,0
2,3,coef,netexch_se3,-.0000295067277868,1.89781971638e-06,0
2,3,coef,ar_L1,1.771626032962655,.0155047273251679,0
2,3,coef,ar_L2,-.7765267587218397,.0150428729058271,0
2,3,coef,ma_L1,-.604629594578315,.0203627157532624,0
2,3,coef,ma_L2,-.1216176811807966,.014729142465899,2.22044604925e-16
2,3,coef,ma_L3,-.1306175521857959,.0105505044019569,0
2,3,var_coef,omega,.7426173700687813,2.433954264325373,.7602843826677037
2,3,var_coef,arch1,.4875690152803568,.0469788570455599,0
2,3,var_coef,garch1,.4315901673343234,.0408617847319679,0
2,3,var_coef,het_wind_log,-.588898861480065,.0663294708453153,0
2,3,var_coef,het_hydro_log_ds,.0015326380041757,.2588295560888825,.9952754195731335
2,3,var_coef,het_consump_log_ds,1.041948776861027,.76985008147677,.1759139104838467
2,3,var_coef,het_oil_log,-.9952952845828531,.4932720656480265,.0436182395436124
2,3,var_coef,het_gas_log,-.0281902433114807,.4207575902114674,.9465826780495159
2,3,var_coef,het_netexch_no3,.0001568905036099,.000078543211363,.0457702880198891
2,3,var_coef,het_netexch_no4,.0004025534770971,.0003268490877496,.2180915195602762
2,3,var_coef,het_netexch_se1,-.0002755062043665,.000089929022095,.0021869392749538
2,3,var_coef,het_netexch_se3,-.0000839067805612,.0000504413973005,.0962222400082484
2,3,var_coef,persistence,.9191591826146802,,
2,4,fit,N,17519,,
2,4,fit,ll,30018.02372273535,,
2,4,fit,AIC,-59980.0474454707,,
2,4,fit,BIC,-59762.4582894841,,
2,4,lbq_std,L1,11.29333187758317,,.0007778595905679
2,4,lbq_sq,L1,.303601157759611,,.5816335764295231
2,4,lbq_std,L2,12.43574636237308,,.0019934804836435
2,4,lbq_sq,L2,.3037599969037411,,.8590913668497601
2,4,lbq_std,L3,13.61672021277025,,.0034761242437802
2,4,lbq_sq,L3,3.846391537228997,,.2785359351356359
2,4,lbq_std,L4,16.84242176825467,,.0020740599588321
2,4,lbq_sq,L4,4.626269603832042,,.3278365917412323
2,4,lbq_std,L5,48.84207272380885,,2.39045837173e-09
2,4,lbq_sq,L5,5.127785236754227,,.4004851442729555
2,4,lbq_std,L10,88.74425346920641,,9.49899056109e-15
2,4,lbq_sq,L10,16.05732525577475,,.0980031161924845
2,4,lbq_std,L15,144.3001058296041,,3.25389462860e-23
2,4,lbq_sq,L15,17.55629035234002,,.2867102339608609
2,4,lbq_std,L20,182.837682497144,,2.69966019477e-28
2,4,lbq_sq,L20,39.29878720197897,,.0061194252864593
2,4,coef,_cons,.6866506741206935,.3425277926697538,.0449997481827518
2,4,coef,wind_log,-.0780879388777716,.0061262041272821,0
2,4,coef,hydro_log_ds,-.0813261066878673,.0389486476396867,.0367947535302131
2,4,coef,consump_log_ds,.5381799794883436,.027813849652098,0
2,4,coef,oil_log,.250555957122407,.0779305842904158,.0013039130244203
2,4,coef,gas_log,-.3724502922347186,.0543980105369684,7.55395745955e-12
2,4,coef,netexch_no3,-.0000338232174353,2.19143687535e-06,0
2,4,coef,netexch_no4,-.0000330219793456,2.52294561003e-06,0
2,4,coef,netexch_se1,-.0000238454923424,2.12912174121e-06,0
2,4,coef,netexch_se3,-.000029971319624,1.90424705654e-06,0
2,4,coef,ar_L1,1.743958053040732,.0184613261302215,0
2,4,coef,ar_L2,-.7495219583914874,.0179551717168411,0
2,4,coef,ma_L1,-.5766498243797693,.022153511237152,0
2,4,coef,ma_L2,-.1091208278861506,.014685897235343,1.08357767203e-13
2,4,coef,ma_L3,-.112391646355939,.0118622027857423,0
2,4,coef,ma_L4,-.0386616910330279,.0120254201434725,.0013044583455826
2,4,var_coef,omega,.8609791476760098,2.457140543753801,.7260394116608431
2,4,var_coef,arch1,.4830806041783883,.0473184194127771,0
2,4,var_coef,garch1,.4360843297514542,.0414252595461432,0
2,4,var_coef,het_wind_log,-.5895269126410638,.0663799463939898,0
2,4,var_coef,het_hydro_log_ds,.0048225483977103,.2623051802311963,.9853315129155271
2,4,var_coef,het_consump_log_ds,1.006168195358322,.7720866744676891,.192513191413169
2,4,var_coef,het_oil_log,-1.016588740783539,.496770351230978,.0407174488380979
2,4,var_coef,het_gas_log,-.0337700925184963,.4218472501523792,.9361951888759041
2,4,var_coef,het_netexch_no3,.0001597207530862,.0000790099088219,.0432251236054559
2,4,var_coef,het_netexch_no4,.000402101225835,.0003283423888126,.2207108866404119
2,4,var_coef,het_netexch_se1,-.0002733428507091,.0000901162473575,.0024195515765553
2,4,var_coef,het_netexch_se3,-.0000809964524417,.0000504800486065,.1085985858257861
2,4,var_coef,persistence,.9191649339298424,,
2,5,fit,N,17519,,
2,5,fit,ll,30058.08197210672,,
2,5,fit,AIC,-60058.16394421344,,
2,5,fit,BIC,-59832.8037469416,,
2,5,lbq_std,L1,11.48906666708293,,.0007000678280734
2,5,lbq_sq,L1,.4103097027480913,,.5218123543317736
2,5,lbq_std,L2,11.52688439122814,,.003140283502824
2,5,lbq_sq,L2,.4105564459431382,,.8144206943414565
2,5,lbq_std,L3,11.62707183875325,,.0087762097378878
2,5,lbq_sq,L3,3.667574242553381,,.2996697603357579
2,5,lbq_std,L4,14.36011441873551,,.0062301300913305
2,5,lbq_sq,L4,4.198932850249125,,.3797521600737864
2,5,lbq_std,L5,14.49913791656673,,.0127311811540085
2,5,lbq_sq,L5,4.451759146780174,,.4863637285750948
2,5,lbq_std,L10,51.7798963097614,,1.25331570607e-07
2,5,lbq_sq,L10,13.45967143557013,,.1990939770765717
2,5,lbq_std,L15,103.4829590677272,,2.84295530722e-15
2,5,lbq_sq,L15,15.15386352896024,,.4403919761778409
2,5,lbq_std,L20,134.7444036250963,,4.99297920599e-19
2,5,lbq_sq,L20,36.25371232870168,,.0143578790794672
2,5,coef,_cons,.6729886851948481,.3355134525060852,.0448725638692293
2,5,coef,wind_log,-.0783310199628583,.0061649788630106,0
2,5,coef,hydro_log_ds,-.0703825155100528,.0356459116818101,.0483259917249936
2,5,coef,consump_log_ds,.5445311699630307,.0278054316361483,0
2,5,coef,oil_log,.2579731074624528,.0762405276437793,.0007152281561342
2,5,coef,gas_log,-.3783559374146276,.0542183014801607,2.98605584703e-12
2,5,coef,netexch_no3,-.0000345273141994,2.17561929480e-06,0
2,5,coef,netexch_no4,-.0000332901202778,2.52531411021e-06,0
2,5,coef,netexch_se1,-.0000242334001751,2.10666329128e-06,0
2,5,coef,netexch_se3,-.0000306191481209,1.90997892856e-06,0
2,5,coef,ar_L1,1.656965704579343,.0260322190439603,0
2,5,coef,ar_L2,-.664809848454979,.0252794962724222,0
2,5,coef,ma_L1,-.4910551172019054,.0300620155077523,0
2,5,coef,ma_L2,-.0821487205658809,.0141092727555774,5.80358094915e-09
2,5,coef,ma_L3,-.1060094445242764,.0125401258684488,0
2,5,coef,ma_L4,-.015796771162169,.0129910634131237,.2239955356185082
2,5,coef,ma_L5,-.0762281451506311,.0115921764893809,4.83835194132e-11
2,5,var_coef,omega,1.052018770709931,2.459976714487685,.6689030777906142
2,5,var_coef,arch1,.4922232589100065,.0466144826868659,0
2,5,var_coef,garch1,.4308937736730285,.0379646897766971,0
2,5,var_coef,het_wind_log,-.5932392212436111,.0671499378139736,0
2,5,var_coef,het_hydro_log_ds,-.001603161533855,.2634589398860233,.995144860360496
2,5,var_coef,het_consump_log_ds,1.048548773345253,.7929361781434427,.1860475930272352
2,5,var_coef,het_oil_log,-1.083531410217695,.4939597300785534,.0282668957680019
2,5,var_coef,het_gas_log,-.0129144992939648,.438192466708896,.9764879845293764
2,5,var_coef,het_netexch_no3,.0001593997544185,.0000792737847934,.0443518809641954
2,5,var_coef,het_netexch_no4,.0003788526917591,.0003357459925923,.2591549081955569
2,5,var_coef,het_netexch_se1,-.0002685206942304,.0000941136614835,.0043287747623646
2,5,var_coef,het_netexch_se3,-.0000892868603296,.0000502327077088,.0754918282318771
2,5,var_coef,persistence,.923117032583035,,
3,0,fit,N,17519,,
3,0,fit,ll,29929.0889984287,,
3,0,fit,AIC,-59808.1779968574,,
3,0,fit,BIC,-59613.9019647265,,
3,0,lbq_std,L1,11.99545538350918,,.0005333044312606
3,0,lbq_sq,L1,.3935100523017148,,.5304601157153757
3,0,lbq_std,L2,13.76789433212568,,.001024093788668
3,0,lbq_sq,L2,.4090548674800351,,.8150323822243254
3,0,lbq_std,L3,28.99285367764166,,2.24718559589e-06
3,0,lbq_sq,L3,3.348453936253869,,.3409554954410515
3,0,lbq_std,L4,35.03276138542352,,4.57392062261e-07
3,0,lbq_sq,L4,3.869594583657541,,.4239418807916191
3,0,lbq_std,L5,84.70162796752577,,8.69402486474e-17
3,0,lbq_sq,L5,4.444512010753825,,.4873416902438483
3,0,lbq_std,L10,147.773380553859,,1.06978923180e-26
3,0,lbq_sq,L10,16.5268664089005,,.0855110357783863
3,0,lbq_std,L15,244.2058479237223,,1.93423981741e-43
3,0,lbq_sq,L15,18.48537281916674,,.2380079761296711
3,0,lbq_std,L20,262.7059222531927,,3.09669477835e-44
3,0,lbq_sq,L20,40.79592009966311,,.0039565617409102
3,0,coef,_cons,.9301369095936391,.3037409156886932,.0021966469397545
3,0,coef,wind_log,-.0748554299453544,.0063912532750383,0
3,0,coef,hydro_log_ds,-.0814636795164144,.0349038356977914,.0195985319480279
3,0,coef,consump_log_ds,.5417482172709298,.0277550675050165,0
3,0,coef,oil_log,.1880598101985499,.0670447785753495,.0050318427846989
3,0,coef,gas_log,-.3762777174867288,.0422939714635724,0
3,0,coef,netexch_no3,-.0000338905828364,2.24851309368e-06,0
3,0,coef,netexch_no4,-.0000326652370966,2.52076439149e-06,0
3,0,coef,netexch_se1,-.0000240776788702,2.14751058122e-06,0
3,0,coef,netexch_se3,-.0000297810639751,1.96891197553e-06,0
3,0,coef,ar_L1,1.179984291886683,.0155803348532071,0
3,0,coef,ar_L2,-.1895635730754717,.0211722008032946,0
3,0,coef,ar_L3,-.0393577740349768,.0121951275876634,.0012494865275208
3,0,var_coef,omega,.9078474370943224,2.455618630542485,.7116044448913907
3,0,var_coef,arch1,.4919272664701124,.0481013813878828,0
3,0,var_coef,garch1,.4266088150588255,.0416370722016536,0
3,0,var_coef,het_wind_log,-.6059256303035903,.0683850474267629,0
3,0,var_coef,het_hydro_log_ds,.0578848081659577,.259949125950918,.823786554012194
3,0,var_coef,het_consump_log_ds,1.203514127469755,.7862427180378685,.1258396545613156
3,0,var_coef,het_oil_log,-.9932696645270513,.4972456276523693,.0457661972480772
3,0,var_coef,het_gas_log,-.0349783019070448,.4369961341113189,.9362033835813131
3,0,var_coef,het_netexch_no3,.0001712105876421,.0000802883084288,.0329700913372184
3,0,var_coef,het_netexch_no4,.0003814737230303,.0003241728945235,.2392912780770613
3,0,var_coef,het_netexch_se1,-.0002668023140718,.0000948806037312,.004923763897879
3,0,var_coef,het_netexch_se3,-.0000830182924132,.000051540027528,.1072334061633715
3,0,var_coef,persistence,.9185360815289378,,
3,1,fit,N,17519,,
3,1,fit,ll,29986.21260570002,,
3,1,fit,AIC,-59920.42521140004,,
3,1,fit,BIC,-59718.37813798391,,
3,1,lbq_std,L1,.9008211932152628,,.3425616144818879
3,1,lbq_sq,L1,.2566303079727739,,.6124446875485843
3,1,lbq_std,L2,44.08890663655848,,2.66818272052e-10
3,1,lbq_sq,L2,.268653036019984,,.8743045418125844
3,1,lbq_std,L3,44.99495131098148,,9.27558996428e-10
3,1,lbq_sq,L3,3.437915832721524,,.3289039452897581
3,1,lbq_std,L4,45.09879912124232,,3.79227688566e-09
3,1,lbq_sq,L4,3.968177125913117,,.4103297386999527
3,1,lbq_std,L5,75.31568841186707,,7.99345201785e-15
3,1,lbq_sq,L5,4.529992128399301,,.4758806510818077
3,1,lbq_std,L10,118.9731110294299,,8.17464636086e-21
3,1,lbq_sq,L10,16.09356450236881,,.0969851518363132
3,1,lbq_std,L15,175.9474665330118,,1.55803096014e-29
3,1,lbq_sq,L15,17.39161760082386,,.2959974036753126
3,1,lbq_std,L20,215.320468115802,,1.02331575622e-34
3,1,lbq_sq,L20,38.28423335762326,,.0081734138217167
3,1,coef,_cons,.5994431708451232,.3269862905153809,.0667674225566983
3,1,coef,wind_log,-.0775031051093093,.0060286241233716,0
3,1,coef,hydro_log_ds,-.0900562577593405,.0381276365279041,.0181782107683144
3,1,coef,consump_log_ds,.54759170901552,.0270568432576591,0
3,1,coef,oil_log,.2740831595255273,.0766798991329937,.000351057692207
3,1,coef,gas_log,-.3756377042381802,.0514823690295479,2.95541369155e-13
3,1,coef,netexch_no3,-.0000337159592662,2.19473009610e-06,0
3,1,coef,netexch_no4,-.0000328294816155,2.50794270277e-06,0
3,1,coef,netexch_se1,-.0000237414832943,2.12370023317e-06,0
3,1,coef,netexch_se3,-.0000297458287194,1.89279810982e-06,0
3,1,coef,ar_L1,2.092187130998155,.0164801937789087,0
3,1,coef,ar_L2,-1.356175136268252,.0283359841067932,0
3,1,coef,ar_L3,.2603754921488206,.013925427242673,0
3,1,coef,ma_L1,-.8938487211914049,.0109177178487184,0
3,1,var_coef,omega,.8639895499547972,2.462987790847284,.7257464900273902
3,1,var_coef,arch1,.4847627822845838,.0470157307998144,0
3,1,var_coef,garch1,.4327486817442932,.0418624015803679,0
3,1,var_coef,het_wind_log,-.5884513199702268,.0673226820633435,0
3,1,var_coef,het_hydro_log_ds,-.0158625335244576,.262263162832309,.9517707405582407
3,1,var_coef,het_consump_log_ds,1.012559721225904,.7809277435031565,.1947649692603743
3,1,var_coef,het_oil_log,-1.049441511617105,.4965590525162673,.03456420208573
3,1,var_coef,het_gas_log,.0028171315162415,.4336488905189658,.9948167054459569
3,1,var_coef,het_netexch_no3,.0001625362069982,.0000790642816097,.0398068513956038
3,1,var_coef,het_netexch_no4,.0003839477878334,.0003312596623074,.2464342345650539
3,1,var_coef,het_netexch_se1,-.0002678943309236,.0000931461564412,.0040266773473256
3,1,var_coef,het_netexch_se3,-.0000831697539156,.0000511027038671,.1036305193411842
3,1,var_coef,persistence,.9175114640288771,,
3,2,fit,N,17519,,
3,2,fit,ll,30040.91357088938,,
3,2,fit,AIC,-60027.82714177876,,
3,2,fit,BIC,-59818.00902707739,,
3,2,lbq_std,L1,7.527982795862288,,.0060747889231681
3,2,lbq_sq,L1,.3060836498889842,,.5800934169926497
3,2,lbq_std,L2,8.755100800361248,,.012556078347447
3,2,lbq_sq,L2,.3064777200197898,,.8579247734155131
3,2,lbq_std,L3,11.77517412582392,,.0081943737617606
3,2,lbq_sq,L3,3.538553929603278,,.3157961230814399
3,2,lbq_std,L4,15.97286227085457,,.0030557954391764
3,2,lbq_sq,L4,4.264231235295628,,.3714255178470084
3,2,lbq_std,L5,21.84754262797027,,.0005597144047035
3,2,lbq_sq,L5,4.695102830911399,,.45421091420777
3,2,lbq_std,L10,48.283818006399,,5.50824108803e-07
3,2,lbq_sq,L10,13.63247825111871,,.1904249248984988
3,2,lbq_std,L15,85.58570736902631,,6.55568267136e-12
3,2,lbq_sq,L15,15.14204847168711,,.4412344227508952
3,2,lbq_std,L20,118.1770846431962,,6.19749658735e-16
3,2,lbq_sq,L20,36.8726379587625,,.0121203026285529
3,2,coef,_cons,.5514254443194542,.3285800887657329,.0933066723656768
3,2,coef,wind_log,-.0785287800093812,.0062155520267998,0
3,2,coef,hydro_log_ds,-.0880515578288524,.0387725800081744,.0231484946081084
3,2,coef,consump_log_ds,.5404918524573645,.0277735523115251,0
3,2,coef,oil_log,.2902048737214064,.074348600860784,.0000948900709066
3,2,coef,gas_log,-.3807716928620842,.0531265029922571,7.65165708572e-13
3,2,coef,netexch_no3,-.000034424376077,2.14545517844e-06,0
3,2,coef,netexch_no4,-.0000334608389339,2.50351062278e-06,0
3,2,coef,netexch_se1,-.0000244534316363,2.12349493582e-06,0
3,2,coef,netexch_se3,-.000030817090854,1.86544511590e-06,0
3,2,coef,ar_L1,2.360283302988544,.0285833661694637,0
3,2,coef,ar_L2,-1.894981946607275,.0575389092031521,0
3,2,coef,ar_L3,.5304392555784455,.031710982009103,0
3,2,coef,ma_L1,-1.187266957272477,.0336773479049953,0
3,2,coef,ma_L2,.310163981510077,.037046161801979,0
3,2,var_coef,omega,1.389527702681111,2.481997416668687,.5755868542856097
3,2,var_coef,arch1,.4845856201579871,.0464788187468712,0
3,2,var_coef,garch1,.4355334275393571,.0387501858607426,0
3,2,var_coef,het_wind_log,-.5898894643450658,.0662476647256296,0
3,2,var_coef,het_hydro_log_ds,.0376239119607197,.2691493289094992,.8888273023172684
3,2,var_coef,het_consump_log_ds,1.016175439493436,.7889190628696262,.1977249229174922
3,2,var_coef,het_oil_log,-1.124680515897791,.4974612669792247,.0237691436064922
3,2,var_coef,het_gas_log,-.0627708779076797,.4298799909097355,.8839059642067106
3,2,var_coef,het_netexch_no3,.0001648197988591,.0000796160568939,.038435220786059
3,2,var_coef,het_netexch_no4,.0003815088618432,.000334013841694,.2533730709808963
3,2,var_coef,het_netexch_se1,-.0002675041209684,.0000918908952852,.0036015200836099
3,2,var_coef,het_netexch_se3,-.0000871963993945,.0000503681596276,.0834194925411229
3,2,var_coef,persistence,.9201190476973442,,
3,3,fit,N,17519,,
3,3,fit,ll,30042.59997914,,
3,3,fit,AIC,-60029.19995828,,
3,3,fit,BIC,-59811.6108022934,,
3,3,lbq_std,L1,9.528308993111949,,.0020232645694468
3,3,lbq_sq,L1,.3141861361844413,,.5751226936128322
3,3,lbq_std,L2,9.564062500892449,,.0083789618999756
3,3,lbq_sq,L2,.3166193043773484,,.8535854264459415
3,3,lbq_std,L3,11.28894922660647,,.0102617567701434
3,3,lbq_sq,L3,3.635822703845508,,.3035688908268578
3,3,lbq_std,L4,16.96823835477527,,.0019606084051601
3,3,lbq_sq,L4,4.411995779074029,,.3531104103933248
3,3,lbq_std,L5,22.51378859304621,,.0004180075267784
3,3,lbq_sq,L5,4.836813422295935,,.4361187604752023
3,3,lbq_std,L10,49.32611764667133,,3.54930502483e-07
3,3,lbq_sq,L10,13.67724010788275,,.1882291816493359
3,3,lbq_std,L15,88.36370504069814,,2.00105095652e-12
3,3,lbq_sq,L15,15.22863572020822,,.4350770184687762
3,3,lbq_std,L20,120.7122028804129,,2.10435220673e-16
3,3,lbq_sq,L20,36.99208888955392,,.011727617104065
3,3,coef,_cons,.5600831543803875,.2821261442803923,.0471197280148608
3,3,coef,wind_log,-.078786529572868,.0061454013856497,0
3,3,coef,hydro_log_ds,-.087503696225807,.0383228205828895,.0224108598963022
3,3,coef,consump_log_ds,.5389076362290423,.0279228757898914,0
3,3,coef,oil_log,.2882410416216865,.066918399204002,.0000165221230903
3,3,coef,gas_log,-.3805043558855953,.0507904195615651,6.79456491071e-14
3,3,coef,netexch_no3,-.0000344449793963,2.14637843895e-06,0
3,3,coef,netexch_no4,-.0000335116704972,2.50552037858e-06,0
3,3,coef,netexch_se1,-.0000244708182938,2.12546954853e-06,0
3,3,coef,netexch_se3,-.0000308558868074,1.87017107350e-06,0
3,3,coef,ar_L1,2.317484148426931,.0382489491719305,0
3,3,coef,ar_L2,-1.816239049218988,.0766365979177841,0
3,3,coef,ar_L3,.4944411618645141,.0397750496601648,0
3,3,coef,ma_L1,-1.149048304339065,.04142328584173,0
3,3,coef,ma_L2,.2972251821813367,.0419383552631302,1.36868294476e-12
3,3,coef,ma_L3,-.0228992887735667,.0130729260951883,.0798327224758981
3,3,var_coef,omega,1.349695973377076,2.47835399612955,.5860329884441753
3,3,var_coef,arch1,.4845364209650936,.0464386923053186,0
3,3,var_coef,garch1,.436238445660748,.03866272084471,0
3,3,var_coef,het_wind_log,-.5903711073044471,.0661504749532874,0
3,3,var_coef,het_hydro_log_ds,.0361277519000167,.2684186139875447,.892932246613575
3,3,var_coef,het_consump_log_ds,1.009545585846264,.7866826323190784,.1993888785494768
3,3,var_coef,het_oil_log,-1.114253652851694,.4974072334435854,.0250829036666833
3,3,var_coef,het_gas_log,-.0627663156489296,.4282687169570362,.8834807058044729
3,3,var_coef,het_netexch_no3,.000163305068032,.0000795826209664,.040167794282524
3,3,var_coef,het_netexch_no4,.0003856947035948,.0003336640877899,.2477068792579973
3,3,var_coef,het_netexch_se1,-.0002683855116683,.0000915174810702,.0033612072373341
3,3,var_coef,het_netexch_se3,-.0000862802449279,.0000502848441536,.0861931587661449
3,3,var_coef,persistence,.9207748666258415,,
3,4,fit,N,17519,,
3,4,fit,ll,30042.61326720719,,
3,4,fit,AIC,-60027.22653441437,,
3,4,fit,BIC,-59801.86633714254,,
3,4,lbq_std,L1,9.4410297163713,,.0021218432956271
3,4,lbq_sq,L1,.3138832988419428,,.5753069569378921
3,4,lbq_std,L2,9.467195808703915,,.0087947713016691
3,4,lbq_sq,L2,.316862112781822,,.8534818038784378
3,4,lbq_std,L3,10.92474074569443,,.01213986997826
3,4,lbq_sq,L3,3.635289517119461,,.3036347511477514
3,4,lbq_std,L4,16.42143984414785,,.0025027831472356
3,4,lbq_sq,L4,4.405069559831855,,.3539526382876368
3,4,lbq_std,L5,22.21675131078948,,.0004761774840227
3,4,lbq_sq,L5,4.828601442572158,,.4371541727659847
3,4,lbq_std,L10,49.03257800211745,,4.01763030168e-07
3,4,lbq_sq,L10,13.70807715958199,,.1867283219854212
3,4,lbq_std,L15,88.09287044327758,,2.24709239094e-12
3,4,lbq_sq,L15,15.26713622120979,,.4323515933235972
3,4,lbq_std,L20,120.6497919150253,,2.16116092901e-16
3,4,lbq_sq,L20,37.02530531241313,,.0116205419387903
3,4,coef,_cons,.5589130998602188,.3127872300953924,.0739569610430491
3,4,coef,wind_log,-.0788159243603181,.0061483103210944,0
3,4,coef,hydro_log_ds,-.0876801917229021,.0385113990761786,.0228021458180521
3,4,coef,consump_log_ds,.5388226428209731,.0280102337604353,0
3,4,coef,oil_log,.2883438076388352,.073046126614185,.0000789976020235
3,4,coef,gas_log,-.380235119939963,.0512471189379495,1.17461596005e-13
3,4,coef,netexch_no3,-.0000344439289999,2.14672816158e-06,0
3,4,coef,netexch_no4,-.0000335152650015,2.50745094652e-06,0
3,4,coef,netexch_se1,-.0000244670384539,2.12610071452e-06,0
3,4,coef,netexch_se3,-.0000308555894058,1.87339777449e-06,0
3,4,coef,ar_L1,2.321148703974411,.0349578473201281,0
3,4,coef,ar_L2,-1.822084054182027,.0676854336167849,0
3,4,coef,ar_L3,.4966587154004659,.0352965079698641,0
3,4,coef,ma_L1,-1.152483199346142,.0367156827598743,0
3,4,coef,ma_L2,.2988084521604923,.0379067524821018,3.10862446895e-15
3,4,coef,ma_L3,-.0239709869582678,.0161281557872038,.1372045569567912
3,4,coef,ma_L4,.0018997056888119,.0130281463522936,.8840670385886231
3,4,var_coef,omega,1.3066638725985,2.477835934951392,.5979569773533289
3,4,var_coef,arch1,.4845524464859341,.0464309758286387,0
3,4,var_coef,garch1,.4358946759798861,.0387643793842305,0
3,4,var_coef,het_wind_log,-.5899172942061248,.0660670384497698,0
3,4,var_coef,het_hydro_log_ds,.0313604710460707,.2682319345895748,.9069270142900276
3,4,var_coef,het_consump_log_ds,1.009429449516937,.7867076948910422,.1994549037198527
3,4,var_coef,het_oil_log,-1.106346333406876,.4969779652380982,.0260042925932529
3,4,var_coef,het_gas_log,-.0601132379943962,.4280105290931664,.8883060070751227
3,4,var_coef,het_netexch_no3,.0001632783061028,.0000794868603038,.0399607231624954
3,4,var_coef,het_netexch_no4,.0003865812163643,.0003333974388274,.2462440225607578
3,4,var_coef,het_netexch_se1,-.0002683872715301,.000091438799064,.003333784864584
3,4,var_coef,het_netexch_se3,-.0000859054789411,.0000502207679887,.0871629494224151
3,4,var_coef,persistence,.9204471224658202,,
3,5,fit,N,17519,,
3,5,fit,ll,30066.81663083228,,
3,5,fit,AIC,-60073.63326166455,,
3,5,fit,BIC,-59840.50202310747,,
3,5,lbq_std,L1,9.672390176781251,,.0018705779728707
3,5,lbq_sq,L1,.4072481020984488,,.5233695750418222
3,5,lbq_std,L2,9.68337543300278,,.0078937204408356
3,5,lbq_sq,L2,.4073257006306699,,.8157373504205707
3,5,lbq_std,L3,9.718596891766946,,.0211160424784848
3,5,lbq_sq,L3,3.698132266648306,,.295959471343883
3,5,lbq_std,L4,12.87997943102177,,.0118773714375971
3,5,lbq_sq,L4,4.202953994349736,,.3792352521283155
3,5,lbq_std,L5,12.8799842847726,,.0245297817425551
3,5,lbq_sq,L5,4.475692674913525,,.4831422477768547
3,5,lbq_std,L10,44.65025731095947,,2.51450082257e-06
3,5,lbq_sq,L10,12.08653800653246,,.2793065954412752
3,5,lbq_std,L15,83.02572947194132,,1.94556228776e-11
3,5,lbq_sq,L15,13.80849732803722,,.5400999879718347
3,5,lbq_std,L20,109.7285802340716,,2.20108261233e-14
3,5,lbq_sq,L20,34.99285116050884,,.0201423829675993
3,5,coef,_cons,.5898223034450518,.3350835513865073,.078369735979178
3,5,coef,wind_log,-.0776293143409745,.0062432002870946,0
3,5,coef,hydro_log_ds,-.0779855164430669,.036630737039118,.0332572480286433
3,5,coef,consump_log_ds,.5448747432599139,.0280258722296346,0
3,5,coef,oil_log,.280485289059813,.0752755495489133,.000194454381808
3,5,coef,gas_log,-.3826646962910243,.0525392361374569,3.25517390820e-13
3,5,coef,netexch_no3,-.0000346702142894,2.13235956184e-06,0
3,5,coef,netexch_no4,-.0000334723730562,2.50585040403e-06,0
3,5,coef,netexch_se1,-.0000244016005139,2.10575344368e-06,0
3,5,coef,netexch_se3,-.0000309369355843,1.87387940610e-06,0
3,5,coef,ar_L1,2.13540791419637,.0826317961977653,0
3,5,coef,ar_L2,-1.547278620532374,.1638519932599571,0
3,5,coef,ar_L3,.4050814111907302,.0826774090021358,9.60604726652e-07
3,5,coef,ma_L1,-.9668052074583757,.084544453776228,0
3,5,coef,ma_L2,.2395444889622401,.0737099602376739,.0011547594932806
3,5,coef,ma_L3,-.0424198416344206,.0194220448429864,.0289543201008071
3,5,coef,ma_L4,.0365889098958474,.0179570733440452,.0415923084207626
3,5,coef,ma_L5,-.0712189673752882,.0138387556986394,2.65615217376e-07
3,5,var_coef,omega,1.387387318268134,2.452049433793945,.5715248254142966
3,5,var_coef,arch1,.4945779629927881,.0458535069661844,0
3,5,var_coef,garch1,.4288773528405191,.0358929671754463,0
3,5,var_coef,het_wind_log,-.5918431388374161,.0661814091331673,0
3,5,var_coef,het_hydro_log_ds,.0266000418761862,.2654272775746734,.9201728981545803
3,5,var_coef,het_consump_log_ds,1.056841681304578,.7934413691649869,.1828693920982813
3,5,var_coef,het_oil_log,-1.142963006468458,.4940495506314748,.0206974579156807
3,5,var_coef,het_gas_log,-.046865961991814,.4320361535138685,.9136173679384507
3,5,var_coef,het_netexch_no3,.0001605682929965,.0000794523181264,.0432860740021992
3,5,var_coef,het_netexch_no4,.0003710929437355,.0003367909162395,.2705270532816291
3,5,var_coef,het_netexch_se1,-.000270386611776,.0000927942478147,.0035702490210707
3,5,var_coef,het_netexch_se3,-.0000956990826309,.0000502676362831,.0569373855891684
3,5,var_coef,persistence,.9234553158333072,,
4,0,fit,N,17519,,
4,0,fit,ll,29951.47441728577,,
4,0,fit,AIC,-59850.94883457154,,
4,0,fit,BIC,-59648.90176115541,,
4,0,lbq_std,L1,7.861667089423969,,.0050493814966275
4,0,lbq_sq,L1,.3664162235097667,,.5449642434001003
4,0,lbq_std,L2,8.07328676788349,,.017656639619359
4,0,lbq_sq,L2,.3697400356406933,,.8312123196196701
4,0,lbq_std,L3,8.790685761702168,,.0322072533047231
4,0,lbq_sq,L3,3.798326509900968,,.2840808457457342
4,0,lbq_std,L4,13.67218144487324,,.0084182724433715
4,0,lbq_sq,L4,4.365071325982203,,.3588476314072486
4,0,lbq_std,L5,68.24259657905461,,2.37771005473e-13
4,0,lbq_sq,L5,4.901835960292509,,.4279774674408416
4,0,lbq_std,L10,131.8952359083091,,1.91705890855e-23
4,0,lbq_sq,L10,17.83665064744455,,.0577824263462788
4,0,lbq_std,L15,213.9865852053228,,3.01324173012e-37
4,0,lbq_sq,L15,19.80362058822419,,.1795961740335028
4,0,lbq_std,L20,236.2520400567094,,6.66751362900e-39
4,0,lbq_sq,L20,42.1622171005457,,.0026340409774897
4,0,coef,_cons,.9485062496991445,.3120024811557429,.0023653105540957
4,0,coef,wind_log,-.074798962472576,.0062802241084838,0
4,0,coef,hydro_log_ds,-.0772273565058452,.0350905909530112,.0277502180249756
4,0,coef,consump_log_ds,.5397780555647591,.0277292992666816,0
4,0,coef,oil_log,.1832450573265543,.0695131158493183,.0083859562961943
4,0,coef,gas_log,-.3752301357986962,.0437078830776078,0
4,0,coef,netexch_no3,-.0000338823687125,2.22512481176e-06,0
4,0,coef,netexch_no4,-.0000327209623149,2.52228824826e-06,0
4,0,coef,netexch_se1,-.0000239298998848,2.13283803779e-06,0
4,0,coef,netexch_se3,-.0000297856131286,1.95879831862e-06,0
4,0,coef,ar_L1,1.185282988173675,.0156161167339154,0
4,0,coef,ar_L2,-.1800309462478704,.0203234831013191,0
4,0,coef,ar_L3,-.1077640802936053,.0172277230621731,3.96825683424e-10
4,0,coef,ar_L4,.0559118001860898,.0104040951127654,7.70009287443e-08
4,0,var_coef,omega,.7305500924544133,2.43242406374398,.7639191266573018
4,0,var_coef,arch1,.4914568281467904,.0476194039787989,0
4,0,var_coef,garch1,.4255559287382282,.0422461058324198,0
4,0,var_coef,het_wind_log,-.6020305036876828,.0678077639495493,0
4,0,var_coef,het_hydro_log_ds,.0501213867635631,.2577386789704464,.8458110859996533
4,0,var_coef,het_consump_log_ds,1.19693603448651,.7790963213414885,.1244615609804285
4,0,var_coef,het_oil_log,-.9617003436988736,.4944357778225213,.0517694393264083
4,0,var_coef,het_gas_log,-.0276205807137897,.4307346596341917,.9488712120595815
4,0,var_coef,het_netexch_no3,.0001638681771043,.0000791968510892,.0385343670802587
4,0,var_coef,het_netexch_no4,.0003894099571294,.0003227273864685,.2275777590969099
4,0,var_coef,het_netexch_se1,-.0002687383622071,.0000930226149968,.003865215625724
4,0,var_coef,het_netexch_se3,-.0000809923191635,.00005112599969,.1131548414175685
4,0,var_coef,persistence,.9170127568850186,,
4,1,fit,N,17519,,
4,1,fit,ll,30042.97847534949,,
4,1,fit,AIC,-60031.95695069898,,
4,1,fit,BIC,-59822.13883599761,,
4,1,lbq_std,L1,8.839676871756289,,.0029475132690151
4,1,lbq_sq,L1,.3094270355948371,,.5780319921571194
4,1,lbq_std,L2,9.101991778558425,,.010556685856809
4,1,lbq_sq,L2,.315261858888942,,.8541649709417581
4,1,lbq_std,L3,9.217737740366889,,.0265317382406976
4,1,lbq_sq,L3,3.784426509149521,,.2857027930893222
4,1,lbq_std,L4,13.99852585906772,,.0072997620598006
4,1,lbq_sq,L4,4.595109785697797,,.3314184042862128
4,1,lbq_std,L5,23.29780055001335,,.0002960621066229
4,1,lbq_sq,L5,5.038831805247776,,.4111595203807216
4,1,lbq_std,L10,52.32714195464794,,9.92517055995e-08
4,1,lbq_sq,L10,14.46667229351424,,.1527493466972913
4,1,lbq_std,L15,95.83566473781146,,7.98730060192e-14
4,1,lbq_sq,L15,16.06470335943261,,.3777645095312144
4,1,lbq_std,L20,129.6072785314755,,4.61849998559e-18
4,1,lbq_sq,L20,37.81729797592011,,.0093218184150888
4,1,coef,_cons,.6204130591518084,.3136905138712641,.0479527267009481
4,1,coef,wind_log,-.0790320093258195,.006084499824963,0
4,1,coef,hydro_log_ds,-.0831852406023873,.0382276870307572,.0295517523596194
4,1,coef,consump_log_ds,.5386500521009731,.0278885849533852,0
4,1,coef,oil_log,.2709739025359458,.0723308172660724,.0001794524498986
4,1,coef,gas_log,-.3769886786969989,.0526841299436938,8.32889313074e-13
4,1,coef,netexch_no3,-.0000343822774063,2.15464542268e-06,0
4,1,coef,netexch_no4,-.0000334793248265,2.51415527973e-06,0
4,1,coef,netexch_se1,-.0000243929779069,2.12280784662e-06,0
4,1,coef,netexch_se3,-.00003076725468,1.88608489807e-06,0
4,1,coef,ar_L1,2.02034612494388,.0216332748076301,0
4,1,coef,ar_L2,-1.165829864274751,.0370418249856221,0
4,1,coef,ar_L3,.0415639565846081,.0294674650197229,.158391123398564
4,1,coef,ar_L4,.0987997352057959,.0127562706629415,9.54791801178e-15
4,1,coef,ma_L1,-.8501915192515275,.0194283416173485,0
4,1,var_coef,omega,1.180975030213586,2.469458349858593,.6324847936984048
4,1,var_coef,arch1,.4840539885408207,.0463775597022613,0
4,1,var_coef,garch1,.4362290054601484,.0391685488735849,0
4,1,var_coef,het_wind_log,-.590103146221139,.0660205667859986,0
4,1,var_coef,het_hydro_log_ds,.0270337044739344,.2660996163129702,.9190801948162877
4,1,var_coef,het_consump_log_ds,1.011814976479097,.7813764500850602,.1953500432025519
4,1,var_coef,het_oil_log,-1.078657078146326,.4958499655980236,.0296024100372541
4,1,var_coef,het_gas_log,-.0555262974908809,.4254628829625501,.8961645483205976
4,1,var_coef,het_netexch_no3,.0001607791526211,.0000792147359647,.0423908910901933
4,1,var_coef,het_netexch_no4,.0003927314967739,.0003314741255035,.2360953957448904
4,1,var_coef,het_netexch_se1,-.0002698631792747,.0000908281978419,.0029669769077776
4,1,var_coef,het_netexch_se3,-.0000843562119777,.0000500833632531,.0921206074634267
4,1,var_coef,persistence,.9202829940009691,,
4,2,fit,N,17519,,
4,2,fit,ll,30043.68779141133,,
4,2,fit,AIC,-60031.37558282266,,
4,2,fit,BIC,-59813.78642683606,,
4,2,lbq_std,L1,9.732521915879694,,.0018103592309604
4,2,lbq_sq,L1,.3137532540439106,,.5753861193764434
4,2,lbq_std,L2,9.766362498052745,,.0075728844355695
4,2,lbq_sq,L2,.317919306753704,,.8530307751860579
4,2,lbq_std,L3,10.43646969102998,,.0151981111351454
4,2,lbq_sq,L3,3.694001945492524,,.2964585546769436
4,2,lbq_std,L4,16.18576072697959,,.0027797657044041
4,2,lbq_sq,L4,4.487517910725229,,.3440300995898153
4,2,lbq_std,L5,22.54313801679224,,.0004126557871554
4,2,lbq_sq,L5,4.915468190157122,,.4262835246064062
4,2,lbq_std,L10,49.87744708974287,,2.81121926702e-07
4,2,lbq_sq,L10,13.89897228621678,,.1776498742444765
4,2,lbq_std,L15,90.17908884616276,,9.18414664879e-13
4,2,lbq_sq,L15,15.47054386349396,,.418083721305552
4,2,lbq_std,L20,122.8961789682129,,8.27304540647e-17
4,2,lbq_sq,L20,37.24134133583291,,.0109460303893291
4,2,coef,_cons,.5876086886277936,.3149216054987463,.0620569284258394
4,2,coef,wind_log,-.0789147448523156,.0061268130655952,0
4,2,coef,hydro_log_ds,-.0853554234173121,.0384694481477182,.0265013746038871
4,2,coef,consump_log_ds,.5388377654351161,.0279103692374528,0
4,2,coef,oil_log,.2805348770466686,.0730917123009973,.0001239791049403
4,2,coef,gas_log,-.3791713159134619,.0532490498796071,1.07358566481e-12
4,2,coef,netexch_no3,-.0000344347718655,2.14880979947e-06,0
4,2,coef,netexch_no4,-.0000335123842186,2.50891722430e-06,0
4,2,coef,netexch_se1,-.0000244532957712,2.12608033893e-06,0
4,2,coef,netexch_se3,-.0000308475300279,1.87440996025e-06,0
4,2,coef,ar_L1,2.177751270996818,.0917479187029157,0
4,2,coef,ar_L2,-1.500026008489724,.19737908718113,2.97539770600e-14
4,2,coef,ar_L3,.2590095399605002,.128960032386927,.0445956893991797
4,2,coef,ar_L4,.0584849681935254,.0242653798873524,.0159427878603895
4,2,coef,ma_L1,-1.009737684131341,.0945807609869388,0
4,2,coef,ma_L2,.1487602568030067,.0933315785224346,.1109607055329291
4,2,var_coef,omega,1.304744214453767,2.474101032461886,.5979429716241431
4,2,var_coef,arch1,.484157218377901,.0464067321532086,0
4,2,var_coef,garch1,.436467190904655,.0388007030337117,0
4,2,var_coef,het_wind_log,-.5902971507892414,.0660933349281572,0
4,2,var_coef,het_hydro_log_ds,.0340462584174803,.267584699558397,.8987540520169792
4,2,var_coef,het_consump_log_ds,1.009382867222376,.7849663855694539,.1984803684350946
4,2,var_coef,het_oil_log,-1.103476152802417,.4972557209621657,.0264777359717856
4,2,var_coef,het_gas_log,-.0623035407540522,.4267573764438306,.8839270048770163
4,2,var_coef,het_netexch_no3,.00016268979472,.0000794223176984,.040519441983919
4,2,var_coef,het_netexch_no4,.000388244549798,.0003330817235238,.2437707516795895
4,2,var_coef,het_netexch_se1,-.0002689877516843,.0000912192663339,.003190060603474
4,2,var_coef,het_netexch_se3,-.0000856063651027,.0000502526799538,.0884710970417899
4,2,var_coef,persistence,.920624409282556,,
4,3,fit,N,17519,,
4,3,fit,ll,30117.93957188538,,
4,3,fit,AIC,-60177.87914377077,,
4,3,fit,BIC,-59952.51894649893,,
4,3,lbq_std,L1,10.89864345489767,,.0009623471103582
4,3,lbq_sq,L1,.5246925615575909,,.4688468041160113
4,3,lbq_std,L2,10.89864544695404,,.0042992154626424
4,3,lbq_sq,L2,.525873278816365,,.7687906067958434
4,3,lbq_std,L3,10.97267980037639,,.0118745272462576
4,3,lbq_sq,L3,3.499112441166965,,.3208772524552022
4,3,lbq_std,L4,11.63623153024301,,.0202716359828298
4,3,lbq_sq,L4,3.737053190310569,,.4427597067940525
4,3,lbq_std,L5,12.50737693602361,,.0284595474909723
4,3,lbq_sq,L5,4.160895118582054,,.5264913679389036
4,3,lbq_std,L10,36.67902046782608,,.0000643034381776
4,3,lbq_sq,L10,11.51839039624164,,.3185803030108851
4,3,lbq_std,L15,83.10525580656955,,1.88107634064e-11
4,3,lbq_sq,L15,13.50674938077182,,.5632181450874222
4,3,lbq_std,L20,113.9117537265184,,3.78041015818e-15
4,3,lbq_sq,L20,33.18389442040993,,.0322053924059022
4,3,coef,_cons,.5410958315725003,.3787690171860992,.1531295500191381
4,3,coef,wind_log,-.0782127248489286,.0064362235758505,0
4,3,coef,hydro_log_ds,-.086522341813733,.0432746929946599,.0455677885333305
4,3,coef,consump_log_ds,.5569284733037445,.0296385027258913,0
4,3,coef,oil_log,.290631318952672,.0917175152074969,.0015308773547253
4,3,coef,gas_log,-.3796343411540552,.0532008459177818,9.61675183930e-13
4,3,coef,netexch_no3,-.0000344493936391,2.18995073709e-06,0
4,3,coef,netexch_no4,-.0000336236992477,2.60277309500e-06,0
4,3,coef,netexch_se1,-.0000240456048173,2.12180591490e-06,0
4,3,coef,netexch_se3,-.0000306737685002,1.92209497058e-06,0
4,3,coef,ar_L1,1.361069028945334,.0368028270196607,0
4,3,coef,ar_L2,.4618831536346035,.0391398730483606,0
4,3,coef,ar_L3,-1.354563690531221,.0379639412256018,0
4,3,coef,ar_L4,.5231474972035111,.0393426274652468,0
4,3,coef,ma_L1,-.1849503443527495,.0447020848644638,.0000351265562335
4,3,coef,ma_L2,-.8719594191184317,.0203457209852126,0
4,3,coef,ma_L3,.2937509151117492,.0483725653439455,1.25796129069e-09
4,3,var_coef,omega,1.013584666797739,2.44586917415528,.6785762549176744
4,3,var_coef,arch1,.5077557731631108,.0479332879365398,0
4,3,var_coef,garch1,.4158434573649953,.0387417296129766,0
4,3,var_coef,het_wind_log,-.5925368940174502,.066129513434501,0
4,3,var_coef,het_hydro_log_ds,-.0231780774542782,.2665994836245071,.930719447921559
4,3,var_coef,het_consump_log_ds,1.000361231057205,.7961758153688447,.2089500743176376
4,3,var_coef,het_oil_log,-1.053405981188639,.4900666912393237,.0315935535137968
4,3,var_coef,het_gas_log,-.0447616536926237,.4341113564352244,.9178748791747546
4,3,var_coef,het_netexch_no3,.0001564070433396,.0000785922177905,.0465789809120574
4,3,var_coef,het_netexch_no4,.0003819587338356,.0003312734883178,.2489098866604398
4,3,var_coef,het_netexch_se1,-.0002818623857201,.0000929730452383,.0024321538166743
4,3,var_coef,het_netexch_se3,-.000100495854671,.0000490883697265,.0406341646717179
4,3,var_coef,persistence,.9235992305281061,,
4,4,fit,N,17519,,
4,4,fit,ll,30117.94077607527,,
4,4,fit,AIC,-60175.88155215055,,
4,4,fit,BIC,-59942.75031359347,,
4,4,lbq_std,L1,10.83254018889517,,.0009973172135005
4,4,lbq_sq,L1,.5242190126500023,,.4690474990235117
4,4,lbq_std,L2,10.83317317418186,,.0044422841479209
4,4,lbq_sq,L2,.5254215640727032,,.7689642634318601
4,4,lbq_std,L3,10.91206816303486,,.0122109837923395
4,4,lbq_sq,L3,3.495868358934512,,.3212983762795912
4,4,lbq_std,L4,11.56079537525811,,.0209343918074456
4,4,lbq_sq,L4,3.732533955960063,,.4434117424536225
4,4,lbq_std,L5,12.43518072794815,,.029287639480598
4,4,lbq_sq,L5,4.156366947921986,,.5271297812045563
4,4,lbq_std,L10,36.59832707762987,,.0000663988357969
4,4,lbq_sq,L10,11.513324619446,,.3189465999351421
4,4,lbq_std,L15,82.97322779425959,,1.98933528716e-11
4,4,lbq_sq,L15,13.50069028803725,,.5636839472648298
4,4,lbq_std,L20,113.8081491617707,,3.94957683677e-15
4,4,lbq_sq,L20,33.16834508969921,,.0323327357774074
4,4,coef,_cons,.5412881115330167,.3736977796251233,.1474870796448062
4,4,coef,wind_log,-.078207005435644,.0064383155425893,0
4,4,coef,hydro_log_ds,-.0864936109216189,.0432565194939429,.0455487842724873
4,4,coef,consump_log_ds,.5570034756853146,.0297615682372632,0
4,4,coef,oil_log,.2905485866635962,.0904098577725998,.0013104444502625
4,4,coef,gas_log,-.3796039103997704,.0532965312643883,1.06004094391e-12
4,4,coef,netexch_no3,-.0000344487926029,2.18949267074e-06,0
4,4,coef,netexch_no4,-.0000336229665527,2.60004406874e-06,0
4,4,coef,netexch_se1,-.0000240445647874,2.12213265630e-06,0
4,4,coef,netexch_se3,-.0000306730167368,1.92284253963e-06,0
4,4,coef,ar_L1,1.362060424273225,.0377909264298168,0
4,4,coef,ar_L2,.4610405635784907,.0391267954633394,0
4,4,coef,ar_L3,-1.355545759339965,.0390809635473696,0
4,4,coef,ar_L4,.5239819728898509,.039430388675269,0
4,4,coef,ma_L1,-.1858016130824576,.0411059817023659,6.18213302195e-06
4,4,coef,ma_L2,-.8725847490156058,.0241772828854476,0
4,4,coef,ma_L3,.2945556138378714,.0455501990105145,1.00222274924e-10
4,4,coef,ma_L4,.0005875968710379,.0136101792304549,.9655633582906289
4,4,var_coef,omega,1.013560202030704,2.448201417079755,.6788726663661342
4,4,var_coef,arch1,.5077508980183887,.0479109144302675,0
4,4,var_coef,garch1,.415801201149267,.0388251388786977,0
4,4,var_coef,het_wind_log,-.5924637246732994,.0661437243094826,0
4,4,var_coef,het_hydro_log_ds,-.0233058006878503,.2666407454641292,.9303493974380437
4,4,var_coef,het_consump_log_ds,.9999140636608216,.7956914458015052,.208876572729388
4,4,var_coef,het_oil_log,-1.053295425195174,.4900116423193229,.0315922975500673
4,4,var_coef,het_gas_log,-.0449700316443902,.4346141873232421,.9175890421110564
4,4,var_coef,het_netexch_no3,.0001564734096513,.000078615286927,.0465503307200055
4,4,var_coef,het_netexch_no4,.0003820826427445,.0003311357154788,.2485595691419675
4,4,var_coef,het_netexch_se1,-.0002818913712794,.0000929424490836,.0024216216384922
4,4,var_coef,het_netexch_se3,-.0001004953102442,.0000490317559225,.0404038323843807
4,4,var_coef,persistence,.9235520991676557,,
4,5,fit,N,17519,,
4,5,fit,ll,30067.54628278466,,
4,5,fit,AIC,-60073.09256556931,,
4,5,fit,BIC,-59832.190285727,,
4,5,lbq_std,L1,10.06169160838316,,.0015138416471158
4,5,lbq_sq,L1,.4089195356227915,,.5225184163977348
4,5,lbq_std,L2,10.06169284417558,,.0065332783184947
4,5,lbq_sq,L2,.4089357872236161,,.8150809108015424
4,5,lbq_std,L3,10.08753750735774,,.0178365043594051
4,5,lbq_sq,L3,3.667147931443792,,.2997218145878785
4,5,lbq_std,L4,13.24374907199803,,.0101442098494031
4,5,lbq_sq,L4,4.171602420956007,,.3832798509921177
4,5,lbq_std,L5,13.67095701994538,,.0178403245160095
4,5,lbq_sq,L5,4.405989644415971,,.4925593557957582
4,5,lbq_std,L10,41.29988394305262,,9.98479997409e-06
4,5,lbq_sq,L10,12.19870219980545,,.2719782380164635
4,5,lbq_std,L15,79.39633838531991,,9.00422907188e-11
4,5,lbq_sq,L15,13.90202271639304,,.53297259886467
4,5,lbq_std,L20,106.2565123177974,,9.40946522547e-14
4,5,lbq_sq,L20,35.14704172202321,,.0193349788743609
4,5,coef,_cons,.6151362608504496,.3112379996012703,.0481074995799486
4,5,coef,wind_log,-.0777734988828055,.0062542168062625,0
4,5,coef,hydro_log_ds,-.0751587450516112,.0361787179506512,.037761912603882
4,5,coef,consump_log_ds,.5456449614497526,.0279552701045073,0
4,5,coef,oil_log,.2735952616238676,.0717279323667741,.0001365432065277
4,5,coef,gas_log,-.3817334702506476,.0523402647251231,3.02424751908e-13
4,5,coef,netexch_no3,-.0000347192052506,2.13802905510e-06,0
4,5,coef,netexch_no4,-.0000334555605622,2.51062188354e-06,0
4,5,coef,netexch_se1,-.000024429715082,2.10448068757e-06,0
4,5,coef,netexch_se3,-.0000309641954567,1.87543378322e-06,0
4,5,coef,ar_L1,1.96355533183159,.0920302703236472,0
4,5,coef,ar_L2,-1.127606145716713,.197409859141582,1.11652662671e-08
4,5,coef,ar_L3,.0558800292419474,.1417943375453092,.6935130381747578
4,5,coef,ar_L4,.1007213648038503,.0455035471897574,.0268643085088354
4,5,coef,ma_L1,-.7957397273352566,.0949584146838812,0
4,5,coef,ma_L2,.0229461325239023,.0981443854604225,.8151404457296967
4,5,coef,ma_L3,.0187749103117391,.0408756213003598,.6460057939763646
4,5,coef,ma_L4,.0330978194474147,.018476152408119,.0732322532879386
4,5,coef,ma_L5,-.0654527481650466,.0146515163551581,7.92122726656e-06
4,5,var_coef,omega,1.370483650853258,2.457120750764938,.5770082855494967
4,5,var_coef,arch1,.4935125278113188,.0460309498321784,0
4,5,var_coef,garch1,.4295693538796168,.0362266818185212,0
4,5,var_coef,het_wind_log,-.591945016652363,.0664274273096552,0
4,5,var_coef,het_hydro_log_ds,.0224313915368142,.2660233164353954,.9328010983062793
4,5,var_coef,het_consump_log_ds,1.059124290663737,.7957109129320775,.1831753380854797
4,5,var_coef,het_oil_log,-1.141365672666377,.4944899676404704,.0209898220110347
4,5,var_coef,het_gas_log,-.0426247324007729,.4341361551975567,.9217870868517402
4,5,var_coef,het_netexch_no3,.0001614343142073,.0000793943465661,.0420199476777292
4,5,var_coef,het_netexch_no4,.0003705706470959,.0003374109661174,.2720836251386487
4,5,var_coef,het_netexch_se1,-.000268744594932,.0000932983725691,.0039706341057115
4,5,var_coef,het_netexch_se3,-.0000945148097004,.0000503188700267,.0603377560443883
4,5,var_coef,persistence,.9230818816909356,,
5,0,fit,N,17519,,
5,0,fit,ll,29956.03597007682,,
5,0,fit,AIC,-59858.07194015364,,
5,0,fit,BIC,-59648.25382545227,,
5,0,lbq_std,L1,7.075799145057408,,.0078131967368064
5,0,lbq_sq,L1,.3245351993121304,,.5688948188228919
5,0,lbq_std,L2,7.558442454348105,,.0228404720396209
5,0,lbq_sq,L2,.3254534778499212,,.8498233803391431
5,0,lbq_std,L3,7.573653136517454,,.0556958842419858
5,0,lbq_sq,L3,3.772998832247894,,.2870424795233417
5,0,lbq_std,L4,7.574523313057604,,.1084676737916004
5,0,lbq_sq,L4,4.502640228584105,,.3422345318144691
5,0,lbq_std,L5,59.56835611941824,,1.49252295522e-11
5,0,lbq_sq,L5,5.028930630806768,,.4123596731126129
5,0,lbq_std,L10,122.0850188795032,,1.90902836275e-21
5,0,lbq_sq,L10,17.56489204591661,,.0627620951969265
5,0,lbq_std,L15,196.6710309422186,,1.00759430976e-33
5,0,lbq_sq,L15,19.50530777887009,,.1917417567447992
5,0,lbq_std,L20,220.2375459058842,,1.07070350885e-35
5,0,lbq_sq,L20,41.79171759504091,,.0029436627059132
5,0,coef,_cons,.9547340231592951,.3134847000509175,.0023225344555928
5,0,coef,wind_log,-.0751888816543592,.0062571725899346,0
5,0,coef,hydro_log_ds,-.077055029788265,.0347590155393202,.0266343146071499
5,0,coef,consump_log_ds,.5384642452756765,.0277487138669586,0
5,0,coef,oil_log,.1817968972003165,.0700194130867567,.0094212225047148
5,0,coef,gas_log,-.3744121670693569,.0440492633094985,0
5,0,coef,netexch_no3,-.0000339364358619,2.22643029508e-06,0
5,0,coef,netexch_no4,-.000032912622335,2.52771500550e-06,0
5,0,coef,netexch_se1,-.0000240217236889,2.14407345315e-06,0
5,0,coef,netexch_se3,-.0000299674564422,1.95474412432e-06,0
5,0,coef,ar_L1,1.184688681130755,.0155617206750379,0
5,0,coef,ar_L2,-.1777775988038044,.0204649901145042,0
5,0,coef,ar_L3,-.1037193335741253,.0171501442471946,1.46906620202e-09
5,0,coef,ar_L4,.0282148468778213,.0154894769873727,.0685233908034577
5,0,coef,ar_L5,.0228818809007549,.0108819105308272,.0354880826708914
5,0,var_coef,omega,.7351394153386944,2.447336551563217,.7638846803180053
5,0,var_coef,arch1,.4873950139969886,.047953665335117,0
5,0,var_coef,garch1,.4289445043466893,.0431159120359569,0
5,0,var_coef,het_wind_log,-.6012285817375583,.0677313431632188,0
5,0,var_coef,het_hydro_log_ds,.0467386728674153,.2598262227380638,.857243356607239
5,0,var_coef,het_consump_log_ds,1.159426514587982,.7795006488242063,.1369101282854697
5,0,var_coef,het_oil_log,-.9655469462029098,.4969628590969821,.0520287751612558
5,0,var_coef,het_gas_log,-.0234316274083252,.430530751943445,.9565965774714569
5,0,var_coef,het_netexch_no3,.0001642367438193,.0000794267329673,.0386610303439563
5,0,var_coef,het_netexch_no4,.0003915404895217,.0003234306418494,.2260542517713389
5,0,var_coef,het_netexch_se1,-.0002678051569094,.0000927375750587,.0038797854125792
5,0,var_coef,het_netexch_se3,-.0000778265452418,.0000511628195006,.1282211091119669
5,0,var_coef,persistence,.9163395183436779,,
5,1,fit,N,17519,,
5,1,fit,ll,30043.95287396074,,
5,1,fit,AIC,-60031.90574792148,,
5,1,fit,BIC,-59814.31659193488,,
5,1,lbq_std,L1,9.312400111455236,,.0022760812437565
5,1,lbq_sq,L1,.307657165198132,,.5791214133060451
5,1,lbq_std,L2,9.385452271847011,,.0091616761069822
5,1,lbq_sq,L2,.3124981627511735,,.8553461130488829
5,1,lbq_std,L3,9.719288800721188,,.0211093693896162
5,1,lbq_sq,L3,3.716930387916385,,.2936974986967421
5,1,lbq_std,L4,15.83713761219422,,.0032456705144988
5,1,lbq_sq,L4,4.521904600484161,,.3399580569536899
5,1,lbq_std,L5,23.20234724156831,,.000308784174688
5,1,lbq_sq,L5,4.956529294633497,,.4212084458584354
5,1,lbq_std,L10,51.27902490010944,,1.55110558848e-07
5,1,lbq_sq,L10,14.08427060309755,,.1691823541767945
5,1,lbq_std,L15,92.95925667796602,,2.77321349980e-13
5,1,lbq_sq,L15,15.66366290269219,,.4047500111238997
5,1,lbq_std,L20,126.0255304741454,,2.16095616391e-17
5,1,lbq_sq,L20,37.39308287007108,,.0104942579107014
5,1,coef,_cons,.6213764620709002,.3155311138207444,.048918273066056
5,1,coef,wind_log,-.0790170437791314,.0060962795861297,0
5,1,coef,hydro_log_ds,-.0824692400495069,.037919186193102,.0296399790588846
5,1,coef,consump_log_ds,.5392971186313025,.0279239998123596,0
5,1,coef,oil_log,.2708105178006383,.0720652052422621,.0001713768394642
5,1,coef,gas_log,-.377274633904108,.0534913171816914,1.75082170983e-12
5,1,coef,netexch_no3,-.0000344192684637,2.15490494829e-06,0
5,1,coef,netexch_no4,-.0000335105628741,2.51514718724e-06,0
5,1,coef,netexch_se1,-.0000244316076161,2.12749108065e-06,0
5,1,coef,netexch_se3,-.000030836256554,1.88234899440e-06,0
5,1,coef,ar_L1,2.009269807707394,.026119874085374,0
5,1,coef,ar_L2,-1.154387692381133,.0406137326262568,0
5,1,coef,ar_L3,.0528947005834844,.029403615771151,.0720316156478189
5,1,coef,ar_L4,.074162479427582,.023083676226622,.0013146276899871
5,1,coef,ar_L5,.0125833381540656,.0112978523946679,.2653729670378746
5,1,coef,ma_L1,-.8404214120751121,.0244236220835501,0
5,1,var_coef,omega,1.253613649918067,2.472807379563761,.6121831060954237
5,1,var_coef,arch1,.4834593492209991,.0464942077687219,0
5,1,var_coef,garch1,.4369342436354784,.0391344237413423,0
5,1,var_coef,het_wind_log,-.5903016457898279,.0660973620824169,0
5,1,var_coef,het_hydro_log_ds,.0298805637315961,.2671459091646188,.9109414699581566
5,1,var_coef,het_consump_log_ds,1.007478229302917,.7837568881544428,.1986359975094598
5,1,var_coef,het_oil_log,-1.09368112379003,.4966143459885618,.0276459224311187
5,1,var_coef,het_gas_log,-.0586725966232607,.4263873808819965,.8905534172991811
5,1,var_coef,het_netexch_no3,.0001624666273106,.0000793773650054,.040681392867941
5,1,var_coef,het_netexch_no4,.0003898197836239,.0003326462190571,.2412472507724093
5,1,var_coef,het_netexch_se1,-.0002692487536917,.0000910307714464,.0030986585381965
5,1,var_coef,het_netexch_se3,-.0000848322664671,.0000501759420785,.0908948714424298
5,1,var_coef,persistence,.9203935928564775,,
5,2,fit,N,17519,,
5,2,fit,ll,30110.084316667,,
5,2,fit,AIC,-60162.168633334,,
5,2,fit,BIC,-59936.80843606217,,
5,2,lbq_std,L1,8.362724875960419,,.0038299582712342
5,2,lbq_sq,L1,.5105259597002472,,.4749112607635225
5,2,lbq_std,L2,8.472964177548493,,.0144583657288411
5,2,lbq_sq,L2,.5110190270059406,,.7745217681103292
5,2,lbq_std,L3,10.40585778455738,,.0154133075277668
5,2,lbq_sq,L3,3.589840315867429,,.3092956983147874
5,2,lbq_std,L4,10.9901884358573,,.0266745043859744
5,2,lbq_sq,L4,3.845112645330979,,.4273732027293152
5,2,lbq_std,L5,14.88417930292486,,.0108688567308341
5,2,lbq_sq,L5,4.294524531301181,,.5078364735538506
5,2,lbq_std,L10,43.19617746754862,,4.58701303047e-06
5,2,lbq_sq,L10,11.63813971822725,,.3100040825983783
5,2,lbq_std,L15,98.39224491901952,,2.62958216656e-14
5,2,lbq_sq,L15,13.76311912821164,,.5435653413732024
5,2,lbq_std,L20,130.130678246227,,3.68407271142e-18
5,2,lbq_sq,L20,33.45684729043457,,.0300424406355031
5,2,coef,_cons,.5399728641733297,.497702657158236,.2779523745820907
5,2,coef,wind_log,-.0786167462717904,.0062950381790707,0
5,2,coef,hydro_log_ds,-.0857861403531516,.0576782923566154,.1369300283366472
5,2,coef,consump_log_ds,.554789186469129,.0298609054641934,0
5,2,coef,oil_log,.2892809065214376,.1305580638686784,.0267102679335383
5,2,coef,gas_log,-.3760984066669832,.0572674964241,5.12023756727e-11
5,2,coef,netexch_no3,-.0000344363253139,2.20573862928e-06,0
5,2,coef,netexch_no4,-.0000336636042374,2.59363119398e-06,0
5,2,coef,netexch_se1,-.0000239746043419,2.13086509450e-06,0
5,2,coef,netexch_se3,-.00003059966362,1.94889333581e-06,0
5,2,coef,ar_L1,1.051870224067589,.0213967064566356,0
5,2,coef,ar_L2,.813802911300486,.0223636043576177,0
5,2,coef,ar_L3,-1.127849532681987,.0185199359361118,0
5,2,coef,ar_L4,.1721037616511732,.0197162761668148,0
5,2,coef,ar_L5,.0806043592878797,.0125930428854802,1.54660506624e-10
5,2,coef,ma_L1,.1285811929695001,.0170715812335546,4.99600361081e-14
5,2,coef,ma_L2,-.8550530985510406,.0172518177034135,0
5,2,var_coef,omega,.8133641644956725,2.41894894472532,.7366846634776163
5,2,var_coef,arch1,.5088098332854596,.0476360681012222,0
5,2,var_coef,garch1,.4147497959872635,.0392056176242424,0
5,2,var_coef,het_wind_log,-.5931834731153909,.0655858519861265,0
5,2,var_coef,het_hydro_log_ds,-.0311143891691956,.2607537505307328,.9050180361902562
5,2,var_coef,het_consump_log_ds,.9903085331346888,.7889016195527276,.209369723329655
5,2,var_coef,het_oil_log,-1.013002455916373,.4850961007932174,.036775191875446
5,2,var_coef,het_gas_log,-.0320959544765253,.4323550189229934,.9408232501199016
5,2,var_coef,het_netexch_no3,.0001517539208951,.0000782910185904,.0525828331210163
5,2,var_coef,het_netexch_no4,.0003889698812504,.00032862573211,.2365612394419194
5,2,var_coef,het_netexch_se1,-.0002854319963754,.000092602701416,.0020538766500064
5,2,var_coef,het_netexch_se3,-.0000988311122518,.0000482718320047,.0406201201837375
5,2,var_coef,persistence,.9235596292727231,,
5,3,fit,N,17519,,
5,3,fit,ll,30117.94148933172,,
5,3,fit,AIC,-60175.88297866343,,
5,3,fit,BIC,-59942.75174010635,,
5,3,lbq_std,L1,10.81833191601255,,.0010049999544622
5,3,lbq_sq,L1,.5238423609407969,,.4692072265774134
5,3,lbq_std,L2,10.81930602499567,,.0044731920838405
5,3,lbq_sq,L2,.5250323471391656,,.7691139249503937
5,3,lbq_std,L3,10.89937805274774,,.0122826073024625
5,3,lbq_sq,L3,3.494892895340079,,.321425099473739
5,3,lbq_std,L4,11.54387943027086,,.0210858695380816
5,3,lbq_sq,L4,3.731325154633287,,.4435862644479415
5,3,lbq_std,L5,12.41856117312638,,.0294815006418816
5,3,lbq_sq,L5,4.15510289017598,,.5273080687918799
5,3,lbq_std,L10,36.5886398978425,,.0000666548578836
5,3,lbq_sq,L10,11.5165151362526,,.3187158665616158
5,3,lbq_std,L15,82.96062557899855,,1.99998733040e-11
5,3,lbq_sq,L15,13.50300524702105,,.5635059749815001
5,3,lbq_std,L20,113.7946658280759,,3.97214010057e-15
5,3,lbq_sq,L20,33.16796308645494,,.0323358699480282
5,3,coef,_cons,.5432148164672266,.3715706906032979,.1437570911490105
5,3,coef,wind_log,-.0782056832686095,.0064542917423586,0
5,3,coef,hydro_log_ds,-.0865260624417243,.043179010960189,.0450816609525169
5,3,coef,consump_log_ds,.556983834051339,.0295634004917787,0
5,3,coef,oil_log,.2901411339232753,.0898200557878687,.0012368250542665
5,3,coef,gas_log,-.3796666235818377,.0532359782708137,9.90985071780e-13
5,3,coef,netexch_no3,-.0000344484317616,2.19082692156e-06,0
5,3,coef,netexch_no4,-.0000336249586982,2.60298193012e-06,0
5,3,coef,netexch_se1,-.0000240450016745,2.12166404280e-06,0
5,3,coef,netexch_se3,-.0000306725087023,1.92633029651e-06,0
5,3,coef,ar_L1,1.364829648320299,.0865059990042985,0
5,3,coef,ar_L2,.4574201077086089,.1020038569959117,7.31395195519e-06
5,3,coef,ar_L3,-1.356969917305539,.0636664741322162,0
5,3,coef,ar_L4,.5275939927104456,.102795677609079,2.85990027882e-07
5,3,coef,ar_L5,-.0013155314158531,.0267406611969427,.9607631630914182
5,3,coef,ma_L1,-.1885341419812961,.0865674224580821,.0294143835027401
5,3,coef,ma_L2,-.8723032104018216,.0207674864938101,0
5,3,coef,ma_L3,.2969490479434409,.0852931099811669,.0004985900865155
5,3,var_coef,omega,1.012986999750928,2.44771728109613,.678984202040811
5,3,var_coef,arch1,.507728353189483,.0479275686425662,0
5,3,var_coef,garch1,.4158037326776376,.0387655980303672,0
5,3,var_coef,het_wind_log,-.5924384769168486,.0661224248918136,0
5,3,var_coef,het_hydro_log_ds,-.0232680309454505,.2666436628169577,.9304627467149333
5,3,var_coef,het_consump_log_ds,1.000362855788741,.7955770393429137,.2086068792189244
5,3,var_coef,het_oil_log,-1.053012182490259,.4900622862889408,.0316557045684036
5,3,var_coef,het_gas_log,-.0451731218344262,.4345253222539416,.9172013305278255
5,3,var_coef,het_netexch_no3,.0001564235742417,.0000785571580288,.0464581188433446
5,3,var_coef,het_netexch_no4,.0003821998774396,.0003311746424834,.2484700383854066
5,3,var_coef,het_netexch_se1,-.0002819625408946,.0000929182264344,.0024091599256073
5,3,var_coef,het_netexch_se3,-.0001004952034875,.0000490656685042,.0405425998136375
5,3,var_coef,persistence,.9235320858671205,,
5,4,fit,N,17519,,
5,4,fit,ll,30052.21614425263,,
5,4,fit,AIC,-60042.43228850525,,
5,4,fit,BIC,-59801.53000866294,,
5,4,lbq_std,L1,6.749337014009399,,.0093782526452185
5,4,lbq_sq,L1,.3913501367552458,,.5315905650725691
5,4,lbq_std,L2,8.222846802036583,,.016384436297094
5,4,lbq_sq,L2,.3948888778081072,,.8208257453387813
5,4,lbq_std,L3,12.84347651521996,,.0049876184726375
5,4,lbq_sq,L3,3.255545510109909,,.3538779606198716
5,4,lbq_std,L4,14.29808815137293,,.0064020089038744
5,4,lbq_sq,L4,3.864190117156411,,.4246976164432953
5,4,lbq_std,L5,20.13201012827339,,.0011804094299307
5,4,lbq_sq,L5,4.257602460230347,,.5129545199494117
5,4,lbq_std,L10,47.26434301759022,,8.45263457056e-07
5,4,lbq_sq,L10,11.24885994042672,,.3384611383576154
5,4,lbq_std,L15,93.90292884779539,,1.84462564646e-13
5,4,lbq_sq,L15,12.97134733353115,,.6045111492737146
5,4,lbq_std,L20,129.7581056129222,,4.32729968686e-18
5,4,lbq_sq,L20,33.66583428970701,,.0284760733211037
5,4,coef,_cons,.6127621188525223,.674869670688563,.3638935208201795
5,4,coef,wind_log,-.078657263982372,.0065967231984694,0
5,4,coef,hydro_log_ds,-.0699798547312324,.0812344552481217,.3889873117148683
5,4,coef,consump_log_ds,.5441280601569185,.0282991291994907,0
5,4,coef,oil_log,.265202226894775,.2038397940390967,.1932472800108618
5,4,coef,gas_log,-.3671481069931731,.0742527181903505,7.63103018997e-07
5,4,coef,netexch_no3,-.0000344473387367,2.15972071859e-06,0
5,4,coef,netexch_no4,-.00003370617587,2.52999985271e-06,0
5,4,coef,netexch_se1,-.0000242953991814,2.22938361331e-06,0
5,4,coef,netexch_se3,-.0000308620920589,1.87473561658e-06,0
5,4,coef,ar_L1,1.843572633430379,.1599259807443459,0
5,4,coef,ar_L2,-1.630551065812655,.338754528784968,1.48405760281e-06
5,4,coef,ar_L3,1.824217382651288,.2535406662220405,6.24833518259e-13
5,4,coef,ar_L4,-1.5636328867029,.0841139402227031,0
5,4,coef,ar_L5,.5165656783608588,.0321445167666635,0
5,4,coef,ma_L1,-.6693154767670013,.1685089877113825,.0000712756669232
5,4,coef,ma_L2,.6482639249930502,.1456146277402405,8.51079130060e-06
5,4,coef,ma_L3,-.9856281247163035,.0425583761447888,0
5,4,coef,ma_L4,.3047061056431328,.0400028425856386,2.59792187762e-14
5,4,var_coef,omega,1.184096957637518,2.45122801452442,.6290511784757618
5,4,var_coef,arch1,.4927956263118972,.0511597483449085,0
5,4,var_coef,garch1,.426229839248161,.0462975675737955,0
5,4,var_coef,het_wind_log,-.5929496708285629,.0662142508381428,0
5,4,var_coef,het_hydro_log_ds,.0307798867012578,.2636833402178853,.907073624328572
5,4,var_coef,het_consump_log_ds,1.000512708080476,.791020252876891,.2059293005085068
5,4,var_coef,het_oil_log,-1.088460272581034,.4905791661393867,.026505437449881
5,4,var_coef,het_gas_log,-.0437991839885369,.4344441494736193,.9196960455261391
5,4,var_coef,het_netexch_no3,.0001617437111363,.0000819407222184,.048391838504398
5,4,var_coef,het_netexch_no4,.0003598649333875,.0003320259454411,.2784331650916583
5,4,var_coef,het_netexch_se1,-.0002699048760284,.0000982180043762,.0059956657711939
5,4,var_coef,het_netexch_se3,-.0000930610438593,.0000501531599507,.0635195809465698
5,4,var_coef,persistence,.9190254655600583,,
5,5,fit,N,17519,,
5,5,fit,ll,30076.03119878018,,
5,5,fit,AIC,-60088.06239756035,,
5,5,fit,BIC,-59839.3890764328,,
5,5,lbq_std,L1,7.416874821188594,,.0064614949126581
5,5,lbq_sq,L1,.371387325186824,,.54224902655214
5,5,lbq_std,L2,7.417039722189988,,.0245137802321948
5,5,lbq_sq,L2,.3765960312910314,,.8283678038781795
5,5,lbq_std,L3,8.39099259165668,,.038585804509233
5,5,lbq_sq,L3,3.671170570411362,,.2992309557409017
5,5,lbq_std,L4,8.450649055497955,,.0763973231098326
5,5,lbq_sq,L4,4.300335855677154,,.3668830428696631
5,5,lbq_std,L5,8.591714825778402,,.1264999765610638
5,5,lbq_sq,L5,4.661094896803289,,.4586229205969091
5,5,lbq_std,L10,31.28376244356293,,.0005266365330206
5,5,lbq_sq,L10,12.37037946303423,,.2610327480364828
5,5,lbq_std,L15,68.52546889611337,,8.16749968601e-09
5,5,lbq_sq,L15,14.09373370490284,,.5184323531774391
5,5,lbq_std,L20,97.99675378054202,,2.87068770165e-12
5,5,lbq_sq,L20,35.23093288653937,,.0189082723172405
5,5,coef,_cons,.7402659718894253,.3322788769971786,.0258908253403909
5,5,coef,wind_log,-.0790416645031198,.0061889064367859,0
5,5,coef,hydro_log_ds,-.0628491144713073,.0357386695438967,.0786497999875913
5,5,coef,consump_log_ds,.5423289574616723,.0279103167955609,0
5,5,coef,oil_log,.2311596137103015,.0745628629036773,.0019339153293985
5,5,coef,gas_log,-.3647665721191393,.0540022644471882,1.43176581702e-11
5,5,coef,netexch_no3,-.0000344193908043,2.12395588445e-06,0
5,5,coef,netexch_no4,-.000033596888234,2.50593665746e-06,0
5,5,coef,netexch_se1,-.0000243179248987,2.11278078763e-06,0
5,5,coef,netexch_se3,-.0000307376454122,1.87681445597e-06,0
5,5,coef,ar_L1,1.235824636271744,.0839760088040454,0
5,5,coef,ar_L2,-.168908277748394,.0739307709154806,.0223314997287731
5,5,coef,ar_L3,.5045834661029382,.172254456041895,.0033973595525743
5,5,coef,ar_L4,-.993432532550349,.2105348122173664,2.37456778018e-06
5,5,coef,ar_L5,.4094466982151392,.0800867287714394,3.17853679155e-07
5,5,coef,ma_L1,-.0625124923691777,.0845511534062647,.4596973880472353
5,5,coef,ma_L2,-.0856473711838871,.0544781140259882,.1159174525033206
5,5,coef,ma_L3,-.6789900729404788,.1309242448521103,2.14709673596e-07
5,5,coef,ma_L4,.2354304957472621,.0572048959014158,.0000386231299947
5,5,coef,ma_L5,-.0389293725584013,.0151804086065323,.010333998303319
5,5,var_coef,omega,1.366993768800687,2.459668065494055,.5783725305410845
5,5,var_coef,arch1,.4886113811374085,.04605836176443,0
5,5,var_coef,garch1,.4344806535254074,.0381627771890705,0
5,5,var_coef,het_wind_log,-.5934581843368991,.0662312173072918,0
5,5,var_coef,het_hydro_log_ds,.0288617757102897,.2653898790557667,.9133989106965104
5,5,var_coef,het_consump_log_ds,1.052121192359458,.7933672470164925,.1847911785620151
5,5,var_coef,het_oil_log,-1.145775610961909,.4957774160069781,.020829066912825
5,5,var_coef,het_gas_log,-.029643899264463,.4330060417255079,.9454188988257761
5,5,var_coef,het_netexch_no3,.0001682516535494,.0000792943117519,.033849257741883
5,5,var_coef,het_netexch_no4,.0003744344661797,.0003335930947521,.2616802041795865
5,5,var_coef,het_netexch_se1,-.0002680346054064,.0000927450012562,.003852213227203
5,5,var_coef,het_netexch_se3,-.0000901576336946,.0000498517850416,.0705265943985018
5,5,var_coef,persistence,.9230920346628159,,
