timestamp,price_ds,wind_log,consump_log_ds,net_exchange
2019-01-01 00:00:00,0.0010747927906353816,5.793013608384144,-0.05485615417238243,467.5
2019-01-01 01:00:00,-0.9160644435247925,5.796057750765372,-0.09592520213423406,475.1
2019-01-01 02:00:00,-0.9160644435247925,5.771441123130016,-0.04993029366474566,464.2
2019-01-01 03:00:00,-0.9160644435247925,5.823045895483019,-0.052875234967296514,399.5
2019-01-01 04:00:00,-0.9160644435247925,5.84354441703136,-0.0699390907038131,183.1
2019-01-01 05:00:00,-0.9160644435247925,5.817111159963204,-0.07604517897159369,159.4
2019-01-01 06:00:00,-0.2904396390816917,5.75890177387728,-0.1327963582222358,-34.9
2019-01-01 07:00:00,0.08026485312270903,5.84354441703136,-0.16803319370197212,-67.2
2019-01-01 08:00:00,0.0261013575175304,6.016157159698354,-0.1440337601176891,-39.4
2019-01-01 09:00:00,-0.5025467180155485,6.144185634125646,-0.16042257426177553,-14.9
2019-01-01 10:00:00,-0.24021687950574444,6.352629396319567,-0.12247550514724281,-150.4
2019-01-01 11:00:00,-0.6292918695555567,6.46302945692067,-0.11971290491640207,-117.8
2019-01-01 12:00:00,-0.5591343520638223,6.499787040655854,-0.09611823357996041,-202.4
2019-01-01 13:00:00,-0.7354403021318596,6.520621127558696,-0.09791231202253403,-143.5
2019-01-01 14:00:00,-0.470258278430161,6.541029999189903,-0.07890755018116824,-268.9
2019-01-01 15:00:00,-0.07348916323707533,6.5337888379333435,-0.11115441948303495,-472.5
2019-01-01 16:00:00,-0.20882829094585897,6.5337888379333435,-0.08841714632806763,-394.1
2019-01-01 17:00:00,-0.18107803576225967,6.529418838262226,-0.10104871675211413,-417.9
2019-01-01 18:00:00,-0.16271314958124083,6.522092798170152,-0.08579755708414538,-419.1
2019-01-01 19:00:00,-0.122190395440541,6.513230110912307,-0.08040191838160204,-419.6
2019-01-01 20:00:00,0.12971124244371257,6.455198563340122,-0.07193524516169347,-275.6
2019-01-01 21:00:00,0.051175059665847566,6.466144724237619,-0.06130358871935826,-74.9
2019-01-01 22:00:00,-0.3168699868918998,6.440946540632921,-0.04903520765418179,32.0
2019-01-01 23:00:00,-0.9160644435247925,6.405228458030842,-0.057989391131365586,186.0
2019-01-02 00:00:00,-0.9160644435247925,6.395261598115449,-0.07217426648428571,350.6
2019-01-02 01:00:00,-0.9160644435247925,6.363028103540465,-0.06870020612221861,343.9
2019-01-02 02:00:00,-0.9160644435247925,6.326149473155099,-0.0704822096758333,365.6
2019-01-02 03:00:00,-0.9160644435247925,6.257667587882639,-0.07322980535809531,326.4
2019-01-02 04:00:00,-0.7186334388008748,6.218600119691729,-0.08043445965104201,34.3
2019-01-02 05:00:00,-0.1868000270828678,6.180016653652572,-0.0754966574375846,-51.9
2019-01-02 06:00:00,-0.24871579703924906,6.161207321695077,-0.10930103564765137,-559.0
2019-01-02 07:00:00,-0.22442972423390595,6.184148890937483,-0.11255658266031698,-1299.1
2019-01-02 08:00:00,-0.2484681716762167,6.186208623900494,-0.0942604547197261,-1860.3
2019-01-02 09:00:00,-0.20880638088745807,6.1463292576688975,-0.09967242646884156,-2196.6
2019-01-02 10:00:00,-0.2043879520745211,6.173786103901937,-0.09384628546416973,-2339.4
2019-01-02 11:00:00,-0.21897578118581507,6.129050210060545,-0.08649507406554058,-2325.4
2019-01-02 12:00:00,-0.1895195120233728,6.163314804034641,-0.06565190396375442,-2293.4
2019-01-02 13:00:00,-0.16578664730013637,6.129050210060545,-0.07723536874766879,-2298.9
2019-01-02 14:00:00,-0.1458570632050491,6.0844994130751715,-0.06875476246825674,-2295.3
2019-01-02 15:00:00,-0.11276422342043402,6.040254711277414,-0.07825016712784638,-2295.3
2019-01-02 16:00:00,-0.11935139099934222,5.996452088619021,-0.07942186889086233,-2719.5
2019-01-02 17:00:00,-0.11411169531454846,5.940171252720432,-0.07600917076474367,-2733.9
2019-01-02 18:00:00,-0.09802768576748733,5.8522024797744745,-0.08856637321593741,-2734.5
2019-01-02 19:00:00,-0.04361995226576543,5.676753802268282,-0.0787096127039888,-2700.0
2019-01-02 20:00:00,-0.05682480324154726,5.60947179518496,-0.07075977658682664,-2422.4
2019-01-02 21:00:00,-0.02687876909382192,5.442417710521793,-0.07611134161263777,-1918.9
2019-01-02 22:00:00,-0.007567779727274626,5.272999558563747,-0.05017520248494467,-1187.2
2019-01-02 23:00:00,0.10441577175243699,5.030437921392435,-0.03530308396276283,-425.7
2019-01-03 00:00:00,0.05361487672980214,4.709530201312334,-0.03360837285623486,-29.6
2019-01-03 01:00:00,0.08369519104367917,4.430816798843313,-0.0284937412267956,2.6
2019-01-03 02:00:00,0.06867861762881544,4.174387269895637,-0.031529014157491986,19.3
2019-01-03 03:00:00,0.08213653247258579,4.219507705176107,-0.03507791198753285,-5.6
2019-01-03 04:00:00,0.07384281767540202,4.430816798843313,-0.03768201507090474,-303.2
2019-01-03 05:00:00,0.009287335980926237,4.969813299576001,-0.03163628109614258,-1123.4
2019-01-03 06:00:00,-0.06464249087928842,5.3612921657094255,-0.06128406857901414,-1858.1
2019-01-03 07:00:00,-0.09334959891532879,5.713732805509369,-0.060070238565455014,-2701.8
2019-01-03 08:00:00,-0.08776996243746815,6.028278520230698,-0.045312311520183,-2960.9
2019-01-03 09:00:00,-0.07645535284265526,6.253828811575473,-0.05464852276632559,-3000.1
2019-01-03 10:00:00,-0.0178421112148488,6.352629396319567,-0.03706016079597507,-2983.6
2019-01-03 11:00:00,-0.08219213681671533,6.464588303689961,-0.03935789952069779,-2868.3
2019-01-03 12:00:00,0.050022401662956906,6.505784060128229,-0.024157751063796695,-2876.7
2019-01-03 13:00:00,0.008194301680215954,6.516193076042964,-0.027091271390577987,-2762.2
2019-01-03 14:00:00,-0.0020495465815781877,6.507277712385012,-0.04119864459752165,-2761.6
2019-01-03 15:00:00,-0.09587705015380577,6.436150368369428,-0.05793509844749334,-2760.1
2019-01-03 16:00:00,-0.08660417733219061,6.398594934535208,-0.06312021938597123,-2794.4
2019-01-03 17:00:00,-0.12496734231935847,6.3578422665081,-0.06611753176655455,-2715.7
2019-01-03 18:00:00,-0.12197967630179285,6.304448802421981,-0.08601126766467715,-2636.3
2019-01-03 19:00:00,-0.05970312883463347,6.259581464064923,-0.07784036559661178,-2659.7
2019-01-03 20:00:00,-0.002927739058631751,6.186208623900494,-0.07582581277162603,-2366.1
2019-01-03 21:00:00,0.0398476796634446,6.208590026096629,-0.0897862823648401,-2067.3
2019-01-03 22:00:00,0.019104583553975374,6.180016653652572,-0.07180522360423947,-1832.1
2019-01-03 23:00:00,0.06884948790680623,6.095824562432225,-0.06087606898409703,-1606.6
2019-01-04 00:00:00,0.056495096067711525,6.003887067106539,-0.07496187325407977,-532.1
2019-01-04 01:00:00,0.09278956063115995,5.953243334287785,-0.07451848162558328,-459.2
2019-01-04 02:00:00,0.08430187103805098,5.91350300563827,-0.07858973896107013,-432.9
2019-01-04 03:00:00,0.0587303972813884,5.855071922202427,-0.08042101987809858,-401.7
2019-01-04 04:00:00,-0.02095593657535355,5.786897381366708,-0.08574121718604388,-449.7
2019-01-04 05:00:00,-0.09484593775409866,5.713732805509369,-0.07815273421067737,-896.1
2019-01-04 06:00:00,-0.1310389122834903,5.631211781821365,-0.10590432129646565,-2435.8
2019-01-04 07:00:00,-0.15471989999447633,5.529429087511423,-0.10072565411978562,-2596.4
2019-01-04 08:00:00,-0.1482006568158778,5.43372200355424,-0.0825495003051957,-2606.0
2019-01-04 09:00:00,-0.12335859515202374,5.342334251964811,-0.09356906667932474,-2655.3
2019-01-04 10:00:00,0.018328181905289842,5.272999558563747,-0.06451219230875971,-2671.6
2019-01-04 11:00:00,-0.13045631464872276,5.204006687076795,-0.07014475641156892,-2593.3
2019-01-04 12:00:00,-0.06695241699211696,5.135798437050262,-0.053309478765667606,-2411.1
2019-01-04 13:00:00,-0.09584600329373272,5.093750200806762,-0.05087885586058061,-2365.9
2019-01-04 14:00:00,-0.10592077293649282,5.0689042022202315,-0.032258427938351986,-2321.3
2019-01-04 15:00:00,-0.11845636391705217,5.099866427824199,-0.04479638396888763,-2367.8
2019-01-04 16:00:00,-0.12483057978155943,5.1298987149230735,-0.0443763738797367,-2499.7
2019-01-04 17:00:00,-0.11500354472269425,5.123963979403259,-0.040840509583614626,-2574.2
2019-01-04 18:00:00,-0.09506701140615803,5.10594547390058,-0.06277172055613178,-2546.8
2019-01-04 19:00:00,-0.057075380501700135,5.043425116919247,-0.06177552935827357,-2432.9
2019-01-04 20:00:00,-0.0596999312759654,5.062595033026967,-0.04965413878736147,-2310.2
2019-01-04 21:00:00,-0.03447684792694439,5.10594547390058,-0.05323369562230429,-2011.9
2019-01-04 22:00:00,-0.031699999502158516,5.10594547390058,-0.05785308189452021,-1559.8
2019-01-04 23:00:00,-0.0035846101812833098,5.043425116919247,-0.04893374880429402,-1272.1
2019-01-05 00:00:00,-0.10335280244746414,4.948759890378168,-0.05891238985626135,-321.3
2019-01-05 01:00:00,-0.02999312377373542,4.948759890378168,-0.061764001955987524,-299.2
2019-01-05 02:00:00,-0.007725953246078721,4.941642422609304,-0.06384875824143332,-302.0
2019-01-05 03:00:00,0.04912221108505843,4.9344739331306915,-0.06442968361090173,-299.1
2019-01-05 04:00:00,0.03380913653994533,4.890349128221754,-0.05781270881943801,-269.4
2019-01-05 05:00:00,0.07003496891815653,4.795790545596741,-0.061561175282407454,-256.4
2019-01-05 06:00:00,-0.013239466449012305,4.663439094112067,-0.06750054503736713,-228.8
2019-01-05 07:00:00,-0.0791058879891624,4.499809670330265,-0.05350843821422657,-1175.3
2019-01-05 08:00:00,-0.07085065959405235,4.330733340286331,-0.05645702155646415,-1456.2
2019-01-05 09:00:00,-0.07946399373390145,4.1588830833596715,-0.05605478219082549,-1657.8
2019-01-05 10:00:00,-0.002165046603486598,4.174387269895637,-0.04919684526407675,-1731.2
2019-01-05 11:00:00,-0.07995880095820951,4.330733340286331,-0.05155161616289572,-1758.5
2019-01-05 12:00:00,0.05507059688170557,4.465908118654584,-0.04102797694599403,-1863.3
2019-01-05 13:00:00,0.014041235351633041,4.543294782270004,-0.046526615164800944,-1968.7
2019-01-05 14:00:00,0.006535432259116014,4.532599493153256,-0.04747115649965927,-2009.9
2019-01-05 15:00:00,-0.027274718825456734,4.48863636973214,-0.05946295696890136,-2466.9
2019-01-05 16:00:00,-0.0074056365594170614,4.418840607796598,-0.04447258815641586,-2703.6
2019-01-05 17:00:00,-0.013990258794567723,4.330733340286331,-0.06156880699279288,-2726.5
2019-01-05 18:00:00,-0.007848141442229561,4.248495242049359,-0.04862357092596703,-2705.0
2019-01-05 19:00:00,0.01084719763648856,4.174387269895637,-0.04437378290495708,-2606.9
2019-01-05 20:00:00,0.019640920793675853,4.31748811353631,-0.051135730066802054,-2354.7
2019-01-05 21:00:00,0.05864801380465545,4.553876891600541,-0.06679863120921059,-2059.0
2019-01-05 22:00:00,0.06349128213878297,4.7535901911063645,-0.054792979431751654,-1870.9
2019-01-05 23:00:00,0.08833335067161396,4.997212273764115,-0.06441849287156476,-1579.5
2019-01-06 00:00:00,0.06695747696448917,5.579729825986222,-0.08185967417075979,-283.2
2019-01-06 01:00:00,0.16388996290088498,5.69035945432406,-0.08444305297532928,-265.7
2019-01-06 02:00:00,0.2028345895977366,5.746203190540153,-0.0962212518789789,-251.1
2019-01-06 03:00:00,0.25532922681968184,5.7745515455444085,-0.09534779045063146,-258.1
2019-01-06 04:00:00,0.22364888372104685,5.783825182329737,-0.09472866784077105,-295.6
2019-01-06 05:00:00,0.27117180339329083,5.768320995793772,-0.07945888580368266,-311.0
2019-01-06 06:00:00,0.23607038241454203,5.7430031878094825,-0.07331294543350264,-523.4
2019-01-06 07:00:00,0.12144043376408087,5.717027701406222,-0.057957053456568985,-1743.1
2019-01-06 08:00:00,0.03394744060008659,5.700443573390687,-0.04331122947056709,-1981.7
2019-01-06 09:00:00,0.02387099600896425,5.69035945432406,-0.08463369500351625,-2267.2
2019-01-06 10:00:00,0.04949316271835125,5.700443573390687,-0.09544428801812455,-2481.4
2019-01-06 11:00:00,0.01784173883500717,5.707110264748875,-0.09038688847778253,-2613.8
2019-01-06 12:00:00,0.10435415020294858,5.7430031878094825,-0.08341417812821206,-2673.8
2019-01-06 13:00:00,0.10766840382855447,5.817111159963204,-0.08164346168734493,-2539.9
2019-01-06 14:00:00,0.09915461774477885,5.921578419643816,-0.08983633363965637,-2294.4
2019-01-06 15:00:00,0.11455945846467319,6.0014148779611505,-0.11152916180298345,-2320.6
2019-01-06 16:00:00,0.09578877507143924,6.028278520230698,-0.0941069051329464,-2868.3
2019-01-06 17:00:00,-0.011965602023859212,6.013715156042802,-0.11111812817261235,-2880.8
2019-01-06 18:00:00,-0.045356906752613835,5.988961416889864,-0.10862863014437618,-2820.9
2019-01-06 19:00:00,-0.00816767476729785,5.820082930352362,-0.10322732415740798,-2691.9
2019-01-06 20:00:00,-0.01811358049045797,5.908082938168931,-0.11800455872013149,-2523.4
2019-01-06 21:00:00,0.006138132781079442,5.991464547107982,-0.12666316194450378,-2491.0
2019-01-06 22:00:00,0.01757280247435844,6.0330862217988015,-0.1211132013903633,-2223.4
2019-01-06 23:00:00,0.11527854931593273,6.066108090103747,-0.15733742807034812,-1762.5
2019-01-07 00:00:00,0.0811675197803341,6.236369590203704,-0.07344942825359535,-594.1
2019-01-07 01:00:00,0.20034358358342352,6.210600077024653,-0.07972874691178244,-541.2
2019-01-07 02:00:00,0.2094453615955012,6.173786103901937,-0.08244125985304773,-564.7
2019-01-07 03:00:00,0.17967947630109116,6.126869184114185,-0.08101789467047205,-567.4
2019-01-07 04:00:00,0.034084997477071166,6.113682179832232,-0.09050844910283651,-976.8
2019-01-07 05:00:00,-0.02598229694587495,6.173786103901937,-0.095573985659267,-1634.6
2019-01-07 06:00:00,-0.09633045469497636,6.2285110035911835,-0.08462663407969728,-2876.7
2019-01-07 07:00:00,-0.14728248215180306,6.267200548541362,-0.07363810136814042,-2911.9
2019-01-07 08:00:00,-0.15110203083020357,6.280395838960195,-0.0841511026164703,-3012.9
2019-01-07 09:00:00,-0.13635040842738322,6.293419278846481,-0.07598840472729673,-3018.7
2019-01-07 10:00:00,-0.16845449820684122,6.300785794663244,-0.0877700754377626,-3044.7
2019-01-07 11:00:00,-0.13805772559062435,6.282266746896006,-0.08389471753313149,-3092.1
2019-01-07 12:00:00,-0.03960675131126257,6.272877006546167,-0.0792439947154584,-3105.1
2019-01-07 13:00:00,-0.06976425636654726,6.269096283706261,-0.06721114334296452,-3150.7
2019-01-07 14:00:00,-0.0934096292924731,6.263398262591624,-0.06874191666430374,-3099.9
2019-01-07 15:00:00,-0.10483617978546533,6.255750041753367,-0.07699735938307839,-2952.9
2019-01-07 16:00:00,-0.1517522858251512,6.2422232654551655,-0.07593287960701023,-2952.7
2019-01-07 17:00:00,-0.15838545461194053,6.230481447578482,-0.07546362606321733,-2889.2
2019-01-07 18:00:00,-0.17617727275256412,6.218600119691729,-0.07140151473448864,-2291.0
2019-01-07 19:00:00,-0.10951812971175867,6.082218910376446,-0.062287368780316044,-2107.6
2019-01-07 20:00:00,-0.09960799401908016,6.059123195581797,-0.062319123718625136,-1983.4
2019-01-07 21:00:00,-0.07439957440222988,6.045005314036012,-0.0625524955937733,-1725.2
2019-01-07 22:00:00,-0.06583722229259692,6.0330862217988015,-0.08239719159467285,-1254.0
2019-01-07 23:00:00,-0.02957539270280396,6.025865973825314,-0.06341282591088326,-801.4
2019-01-08 00:00:00,-0.02364107351381195,5.91350300563827,-0.07107960340808983,-366.6
2019-01-08 01:00:00,0.02582485494173037,5.8944028342648505,-0.07164332967652687,-357.1
2019-01-08 02:00:00,0.020979013426622117,5.910796644040527,-0.07523981449561834,-373.7
2019-01-08 03:00:00,0.04723431638797582,5.942799375126701,-0.07565204021888494,-402.2
2019-01-08 04:00:00,-0.006132239133742168,5.971261839790462,-0.07567422082345487,-623.8
2019-01-08 05:00:00,-0.08970484183617922,6.0014148779611505,-0.07266407954898835,-789.5
2019-01-08 06:00:00,-0.14708155079604746,6.040254711277414,-0.05671403197616964,-1599.9
2019-01-08 07:00:00,-0.17952308748753287,6.077642243349034,-0.05407567224963561,-2123.5
2019-01-08 08:00:00,-0.1870571720988976,6.104793232414985,-0.06435372326608757,-2239.0
2019-01-08 09:00:00,-0.16035385848301154,6.09807428216624,-0.07112145238854595,-2160.2
2019-01-08 10:00:00,-0.17013474227207404,6.091309882077698,-0.0697252017098684,-2159.5
2019-01-08 11:00:00,-0.18296165890054095,6.075346031088684,-0.07175722205704105,-2098.2
2019-01-08 12:00:00,-0.12082304971813329,6.066108090103747,-0.04708759814130303,-1962.7
2019-01-08 13:00:00,-0.12654213979943219,6.063785208687608,-0.06516038653882017,-1853.9
2019-01-08 14:00:00,-0.14100676762551867,6.059123195581797,-0.056157624094123726,-1878.0
2019-01-08 15:00:00,-0.16484751939074194,6.042632833682381,-0.07164028447621362,-1847.4
2019-01-08 16:00:00,-0.18303535916486435,6.037870919922137,-0.05726430209758693,-2052.0
2019-01-08 17:00:00,-0.18580102277213806,6.061456918928017,-0.0556927358853434,-2029.8
2019-01-08 18:00:00,-0.17257707300802227,6.09807428216624,-0.05922473712964127,-1877.1
2019-01-08 19:00:00,-0.12768371521819377,5.921578419643816,-0.051392599930243144,-1602.5
2019-01-08 20:00:00,-0.10258294239341881,5.902633333401366,-0.048084485370655905,-1506.5
2019-01-08 21:00:00,-0.07781311127058022,5.886104031450156,-0.05557564369714374,-1436.7
2019-01-08 22:00:00,-0.02761158964935806,5.91350300563827,-0.05787854959226646,-1246.9
2019-01-08 23:00:00,0.09869140666609777,5.910796644040527,-0.04923758229788877,-678.9
2019-01-09 00:00:00,0.05738113787592747,6.171700597410915,-0.06241015310938014,-470.6
2019-01-09 01:00:00,0.061454781608698106,6.154858094016418,-0.05896776920398761,-457.8
2019-01-09 02:00:00,0.07090356674062237,6.131226489483141,-0.05987419506363967,-447.1
2019-01-09 03:00:00,0.049321090800188205,6.095824562432225,-0.059323650793085214,-474.9
2019-01-09 04:00:00,-0.020865279614345145,6.049733455231958,-0.05955016648412137,-855.9
2019-01-09 05:00:00,-0.08266484594436063,5.981414211254481,-0.058146064448989065,-1127.6
2019-01-09 06:00:00,-0.1461818530190344,5.910796644040527,-0.04313048803541886,-1457.2
2019-01-09 07:00:00,-0.20251213039917682,5.831882477283517,-0.0415844923184574,-2201.1
2019-01-09 08:00:00,-0.22825745798562425,5.726847747587197,-0.04644542470849977,-2394.6
2019-01-09 09:00:00,-0.20487246550728289,5.598421958998375,-0.05288447594052492,-2323.0
2019-01-09 10:00:00,-0.1839932247863345,5.476463551931511,-0.05104374622940888,-2338.8
2019-01-09 11:00:00,-0.20494531686109196,5.342334251964811,-0.04916123362944713,-2254.6
2019-01-09 12:00:00,-0.173233154028813,5.204006687076795,-0.034989965401125644,-2076.0
2019-01-09 13:00:00,-0.15148082017199194,5.0689042022202315,-0.04810364616297047,-2017.3
2019-01-09 14:00:00,-0.1468392850696958,4.90527477843843,-0.03932026189320581,-2116.3
2019-01-09 15:00:00,-0.13126186066225642,4.804021044733257,-0.047986509488019635,-2213.8
2019-01-09 16:00:00,-0.1374397394717719,4.736198448394496,-0.039305839807623144,-2480.4
2019-01-09 17:00:00,-0.13208440383523978,4.672828834461906,-0.03535596686013065,-2579.6
2019-01-09 18:00:00,-0.11993036823447722,4.605170185988092,-0.03564397176159417,-2569.1
2019-01-09 19:00:00,-0.056636911203227225,4.248495242049359,-0.02857557072854,-2580.8
2019-01-09 20:00:00,-0.07329840678107624,4.356708826689592,-0.027711523018313144,-2352.9
2019-01-09 21:00:00,-0.046613100486591286,4.442651256490317,-0.025042623338618064,-2284.6
2019-01-09 22:00:00,-0.029499760220466964,4.499809670330265,-0.026996594725788192,-2193.8
2019-01-09 23:00:00,0.08852981416362704,4.61512051684126,-0.017924482632446725,-1593.2
2019-01-10 00:00:00,0.06777122917915612,5.062595033026967,-0.028111696276332587,-119.5
2019-01-10 01:00:00,0.10574523985993123,5.337538079701318,-0.031633461231463045,-171.9
2019-01-10 02:00:00,0.09402229983849697,5.676753802268282,-0.038652115110315854,-254.3
2019-01-10 03:00:00,0.11425964415680623,5.978885764901122,-0.04222363512845195,-402.0
2019-01-10 04:00:00,0.09713972869928345,6.1779441140506,-0.04001755525283279,-911.6
2019-01-10 05:00:00,0.0544136998398117,6.320768294250582,-0.0392699059512136,-1547.9
2019-01-10 06:00:00,-0.07327846211769051,6.386879319362645,-0.029535370264434313,-2606.0
2019-01-10 07:00:00,-0.16007935229027215,6.4457198193855785,-0.026687444712249153,-2547.2
2019-01-10 08:00:00,-0.17121486051296042,6.48768401848461,-0.0376707321332157,-2605.9
2019-01-10 09:00:00,-0.14944419411835064,6.516193076042964,-0.05112863176854621,-2628.6
2019-01-10 10:00:00,-0.08611816534005667,6.530877627725885,-0.044043429398163525,-2587.7
2019-01-10 11:00:00,-0.140776587676811,6.54534966033442,-0.049189439386467804,-2618.4
2019-01-10 12:00:00,-0.008875114153366948,6.553933404025811,-0.03812445854550539,-2592.1
2019-01-10 13:00:00,-0.040092282787087985,6.553933404025811,-0.035500571121649394,-2606.4
2019-01-10 14:00:00,-0.052912920497792726,6.555356891810665,-0.054443871347541695,-2566.2
2019-01-10 15:00:00,-0.14908004911762296,6.558197802812269,-0.07307647512385529,-2528.4
2019-01-10 16:00:00,-0.1446422700904062,6.558197802812269,-0.060338576424094015,-2520.9
2019-01-10 17:00:00,-0.17668113710857591,6.5638555265321274,-0.06333007351570163,-2556.5
2019-01-10 18:00:00,-0.16721499468882772,6.570882962339584,-0.06874465164374577,-2598.6
2019-01-10 19:00:00,-0.10765282840691404,6.439350371100098,-0.06770269731215617,-2606.5
2019-01-10 20:00:00,-0.06959325505502711,6.429719478039138,-0.07065402436923218,-2633.4
2019-01-10 21:00:00,-0.035612731000321585,6.424869023905388,-0.0701481890265967,-2672.1
2019-01-10 22:00:00,-0.022045422777646095,6.418364935936212,-0.07881186962976372,-2661.5
2019-01-10 23:00:00,0.030716618211362512,6.413458957167357,-0.07751011588146017,-2027.9
2019-01-11 00:00:00,0.014937586152056426,6.530877627725885,-0.09587438777045332,-876.9
2019-01-11 01:00:00,0.06338500957338233,6.54534966033442,-0.09793092225032574,-866.7
2019-01-11 02:00:00,0.0556392042196352,6.559615237493242,-0.09374154398167178,-858.8
2019-01-11 03:00:00,-0.012618366924193047,6.576469569048224,-0.09735622563568125,-826.5
2019-01-11 04:00:00,-0.04636565210072163,6.577861357721047,-0.0940331386591522,-1219.8
2019-01-11 05:00:00,-0.11333612901799217,6.568077911411976,-0.11172117462411801,-1660.8
2019-01-11 06:00:00,-0.1482892656900181,6.551080335043404,-0.09443192013422852,-2742.9
2019-01-11 07:00:00,-0.19838465342161626,6.536691597591305,-0.08544707390175432,-2569.3
2019-01-11 08:00:00,-0.1998841873012167,6.52649485957079,-0.06825333116085996,-2679.2
2019-01-11 09:00:00,-0.18600631864887296,6.516193076042964,-0.0819494733463344,-2656.3
2019-01-11 10:00:00,-0.05470261406907584,6.517671272912275,-0.06883185345327636,-2615.6
2019-01-11 11:00:00,-0.19613992931203095,6.520621127558696,-0.07950070806912812,-2606.9
2019-01-11 12:00:00,-0.10838663341359345,6.52795791762255,-0.07766598365689337,-2619.0
2019-01-11 13:00:00,-0.13678912918110386,6.532334292222349,-0.0877624692911354,-2586.4
2019-01-11 14:00:00,-0.1486410863115144,6.541029999189903,-0.08300927587918672,-2514.9
2019-01-11 15:00:00,-0.17047285302318782,6.553933404025811,-0.10829870561293742,-2442.2
2019-01-11 16:00:00,-0.18457614332159888,6.553933404025811,-0.09185252285266543,-2615.7
2019-01-11 17:00:00,-0.1907280054078413,6.558197802812269,-0.08818244757668126,-2598.6
2019-01-11 18:00:00,-0.15999694916120522,6.5638555265321274,-0.08674671560584013,-2646.6
2019-01-11 19:00:00,-0.10149203687628638,6.437751649736401,-0.09803551351935536,-2689.5
2019-01-11 20:00:00,-0.10191886501146774,6.4425401664681985,-0.11236581467397855,-2507.6
2019-01-11 21:00:00,-0.07720021945122557,6.450470422144176,-0.10047438006901555,-2266.1
2019-01-11 22:00:00,-0.07794269822420219,6.455198563340122,-0.10601648327314273,-2047.3
2019-01-11 23:00:00,-0.0884840539677696,6.456769655572163,-0.08767951538013641,-1541.8
2019-01-12 00:00:00,-0.12802476262821516,6.489204931325317,-0.10422215333773188,-797.1
2019-01-12 01:00:00,-0.06511450656695494,6.489204931325317,-0.10883151281397385,-774.3
2019-01-12 02:00:00,-0.06394990984420179,6.492239835020471,-0.10792368846051925,-764.7
2019-01-12 03:00:00,-0.04215356469102893,6.4967749901858625,-0.10691695745021779,-737.5
2019-01-12 04:00:00,-0.0781675594790685,6.492239835020471,-0.11287248600246524,-794.0
2019-01-12 05:00:00,-0.04943975671663159,6.484635235635252,-0.10404986520030501,-1154.4
2019-01-12 06:00:00,-0.09030978020783431,6.476972362889683,-0.10178961851599944,-1286.3
2019-01-12 07:00:00,-0.11779584197853499,6.470799503782602,-0.08573126532604025,-1994.3
2019-01-12 08:00:00,-0.11105605422642384,6.464588303689961,-0.10021400191356467,-2345.1
2019-01-12 09:00:00,-0.0957600618309824,6.450470422144176,-0.08502022181408009,-2609.8
2019-01-12 10:00:00,-0.014612110394306654,6.439350371100098,-0.07707058955884971,-2720.1
2019-01-12 11:00:00,-0.0937739012796901,6.424869023905388,-0.08401954924272381,-2711.4
2019-01-12 12:00:00,0.0346135498921849,6.406879986069314,-0.086663271652613,-2694.7
2019-01-12 13:00:00,-0.021167436311687382,6.385194398997726,-0.08886097899136214,-2612.6
2019-01-12 14:00:00,-0.02934725276719341,6.364750756851911,-0.07665392325671938,-2625.4
2019-01-12 15:00:00,-0.07341900648298205,6.336825731146441,-0.07840015798865263,-2706.6
2019-01-12 16:00:00,-0.07399717454030386,6.297109319933935,-0.06686427847131693,-2805.4
2019-01-12 17:00:00,-0.06748091063687234,6.249975242259483,-0.07323074674063523,-2960.7
2019-01-12 18:00:00,-0.06232764055338347,6.20455776256869,-0.07000293295665383,-2859.8
2019-01-12 19:00:00,-0.03810097158013903,6.016157159698354,-0.06357673634722794,-2679.6
2019-01-12 20:00:00,-0.0334999261130271,5.961005339623274,-0.06170984671863344,-2403.0
2019-01-12 21:00:00,0.005832417402921841,5.8944028342648505,-0.07612995863809502,-2280.9
2019-01-12 22:00:00,0.006344372932325371,5.820082930352362,-0.07138759177060283,-2113.1
2019-01-12 23:00:00,0.026936672282366736,5.730099782973574,-0.0806658039654673,-1912.0
2019-01-13 00:00:00,0.041379604880582566,5.6240175061873385,-0.09286274751509094,-471.7
2019-01-13 01:00:00,0.14640160442446826,5.476463551931511,-0.08528729110060951,-421.9
2019-01-13 02:00:00,0.18734961000700334,5.2832037287379885,-0.08601708170473721,-376.3
2019-01-13 03:00:00,0.24229770514103866,5.056245805348308,-0.08511752219981616,-335.8
2019-01-13 04:00:00,0.2169346327314634,4.795790545596741,-0.08968239977314685,-765.3
2019-01-13 05:00:00,0.2422265239098058,4.5217885770490405,-0.06449601312697073,-1246.8
2019-01-13 06:00:00,0.19556897913476812,4.276666119016055,-0.06277373154533095,-1654.5
2019-01-13 07:00:00,0.07780313389881721,4.060443010546419,-0.0762623795549322,-1652.2
2019-01-13 08:00:00,-0.015636059588740814,3.9889840465642745,-0.06103809058290288,-1760.6
2019-01-13 09:00:00,-0.03387947067760777,3.9512437185814275,-0.03636695403368151,-1839.9
2019-01-13 10:00:00,-0.007092349358577277,3.970291913552122,-0.04282063384599066,-1931.3
2019-01-13 11:00:00,-0.03908261217472209,4.127134385045092,-0.04773000252542481,-1989.6
2019-01-13 12:00:00,0.04612686058483684,4.30406509320417,-0.03611321751024743,-1985.5
2019-01-13 13:00:00,0.04713912453018798,4.3694478524670215,-0.04530335396784935,-1898.9
2019-01-13 14:00:00,0.043479392804095074,4.330733340286331,-0.04538457106882188,-1802.3
2019-01-13 15:00:00,0.06771620527969224,4.31748811353631,-0.05530133472280152,-1880.3
2019-01-13 16:00:00,0.03564498733546717,4.343805421853684,-0.04146317164752489,-2046.1
2019-01-13 17:00:00,-0.07215734619166492,4.394449154672439,-0.04700778088016122,-2106.3
2019-01-13 18:00:00,-0.11395968131571133,4.59511985013459,-0.056063977736870996,-2025.0
2019-01-13 19:00:00,-0.08702332596375006,4.605170185988092,-0.05147224264551209,-1904.5
2019-01-13 20:00:00,-0.11188500253780731,4.77912349311153,-0.057708090107306376,-1652.8
2019-01-13 21:00:00,-0.11229956738313751,4.962844630259907,-0.06527488984277152,-1255.6
2019-01-13 22:00:00,-0.13441102926780957,5.111987788356544,-0.059902470345466696,-704.2
2019-01-13 23:00:00,-0.12610197531423317,5.214935757608986,-0.06732293584073368,-390.9
2019-01-14 00:00:00,-0.4796316089151995,5.517452896464707,-0.102777043348115,175.1
2019-01-14 01:00:00,-0.6403069735568017,5.575949103146316,-0.09392522750813193,207.0
2019-01-14 02:00:00,-0.8526350584513298,5.631211781821365,-0.0925084589707712,195.7
2019-01-14 03:00:00,-0.5450515538217906,5.697093486505405,-0.09189211307484335,152.2
2019-01-14 04:00:00,-0.2708660048343634,5.746203190540153,-0.0979128432770473,-466.9
2019-01-14 05:00:00,-0.1363236700918944,5.780743515792329,-0.09881023443847514,-1030.9
2019-01-14 06:00:00,-0.18904635371424794,5.802118375377063,-0.09969850943836,-2109.5
2019-01-14 07:00:00,-0.18050047342783948,5.802118375377063,-0.09376818440733192,-2576.6
2019-01-14 08:00:00,-0.1849777723908992,5.780743515792329,-0.09348689753210326,-2602.9
2019-01-14 09:00:00,-0.18956569044549942,5.762051382780177,-0.08311094196049496,-2492.5
2019-01-14 10:00:00,-0.22399764245658016,5.736572297479192,-0.09354209723488438,-2465.2
2019-01-14 11:00:00,-0.20257138069395353,5.703782474656201,-0.08533563997264437,-2429.5
2019-01-14 12:00:00,-0.11264035562705388,5.66988092298052,-0.0799699475604081,-2360.9
2019-01-14 13:00:00,-0.14573061968882772,5.641907070938114,-0.0758071848127626,-2341.3
2019-01-14 14:00:00,-0.16455844843449263,5.641907070938114,-0.08082021625248714,-2344.4
2019-01-14 15:00:00,-0.16421744343672362,5.638354669333745,-0.09521790549660736,-2351.3
2019-01-14 16:00:00,-0.1964857253144241,5.602118820879701,-0.08853808852599254,-2472.6
2019-01-14 17:00:00,-0.19196175014554484,5.564520407322694,-0.09160999298685901,-2496.9
2019-01-14 18:00:00,-0.1838056716034866,5.521460917862246,-0.07918365517654369,-2480.8
2019-01-14 19:00:00,-0.11681527283020943,5.318119993844216,-0.07869872534010636,-2430.2
2019-01-14 20:00:00,-0.11936714399954251,5.332718793265369,-0.07401516348181669,-2330.3
2019-01-14 21:00:00,-0.15838100341324868,5.342334251964811,-0.06770904477301887,-1578.6
2019-01-14 22:00:00,-0.16666043290557075,5.342334251964811,-0.09489735435890445,-925.5
2019-01-14 23:00:00,-0.19682395422383703,5.332718793265369,-0.08711061734070569,-434.9
2019-01-15 00:00:00,-0.24364724223273937,5.583496308781699,-0.08344070023166328,-99.7
2019-01-15 01:00:00,-0.20740390900197525,5.5254529391317835,-0.08566417791846526,1.2
2019-01-15 02:00:00,-0.20032799008028634,5.4680601411351315,-0.0893655167592673,-21.6
2019-01-15 03:00:00,-0.08272278266727362,5.407171771460119,-0.09313063749284467,-302.4
2019-01-15 04:00:00,-0.058666018597195446,5.342334251964811,-0.0862391301436709,-778.7
2019-01-15 05:00:00,-0.07724620892802658,5.298317366548036,-0.08462117697010996,-1492.8
2019-01-15 06:00:00,-0.13064390967364625,5.2574953720277815,-0.07509014627188826,-2412.6
2019-01-15 07:00:00,-0.13343724770067622,5.209486152841421,-0.07319129855839535,-2638.8
2019-01-15 08:00:00,-0.10966639309625048,5.153291594497779,-0.07718354999880539,-2753.3
2019-01-15 09:00:00,-0.062186987321596554,5.117993812416755,-0.08047067546789322,-2742.1
2019-01-15 10:00:00,-0.07637977273455565,5.087596335232384,-0.07976832773204379,-2728.0
2019-01-15 11:00:00,-0.11156329914252883,5.043425116919247,-0.07824840965286839,-2606.3
2019-01-15 12:00:00,-0.0627915021459482,5.0106352940962555,-0.0513886800406933,-2537.8
2019-01-15 13:00:00,-0.07496249494658036,5.003946305945459,-0.07586330711703049,-2502.7
2019-01-15 14:00:00,-0.10364637885696881,5.0369526024136295,-0.07242964920233952,-2469.1
2019-01-15 15:00:00,-0.12728987250931256,5.056245805348308,-0.08345007786542435,-2458.4
2019-01-15 16:00:00,-0.13048186209892254,5.0689042022202315,-0.07115341425825417,-2543.1
2019-01-15 17:00:00,-0.120405865713614,5.099866427824199,-0.0695722092130806,-2570.0
2019-01-15 18:00:00,-0.1029522400496865,5.111987788356544,-0.07123477198717332,-2580.2
2019-01-15 19:00:00,-0.06299514531449191,4.859812404361672,-0.06699575336186214,-2547.7
2019-01-15 20:00:00,-0.04797589290242188,4.890349128221754,-0.06112814856268578,-2488.8
2019-01-15 21:00:00,-0.03509354466872727,4.919980925828125,-0.06293944722288902,-2383.0
2019-01-15 22:00:00,-5.2770235177135305e-05,4.941642422609304,-0.06554729883156707,-2235.2
2019-01-15 23:00:00,0.1451722787616263,4.9344739331306915,-0.06406422924446353,-2028.4
2019-01-16 00:00:00,0.1357578936786843,5.0238805208462765,-0.06646695380499512,-661.4
2019-01-16 01:00:00,0.16001447122614376,5.030437921392435,-0.06788554212604225,-669.6
2019-01-16 02:00:00,0.17965472611376576,4.997212273764115,-0.0704822096758333,-671.7
2019-01-16 03:00:00,0.1597676716428431,4.948759890378168,-0.07322980535809531,-661.9
2019-01-16 04:00:00,0.054590380518574566,4.867534450455582,-0.06673009361892923,-1534.6
2019-01-16 05:00:00,-0.021489249807756128,4.77912349311153,-0.06520768657519493,-1748.4
2019-01-16 06:00:00,-0.08045620824331845,4.68213122712422,-0.05543610839218527,-2489.5
2019-01-16 07:00:00,-0.09198171438878422,4.574710978503383,-0.05482049189074889,-2785.8
2019-01-16 08:00:00,-0.07522829456594415,4.454347296253507,-0.055545942539035664,-2789.2
2019-01-16 09:00:00,-0.10358383296510976,4.356708826689592,-0.058526239847193295,-2743.9
2019-01-16 10:00:00,-0.09874741961385691,4.2626798770413155,-0.06298628367266179,-2723.0
2019-01-16 11:00:00,-0.13010874722523003,4.189654742026425,-0.06192736445248315,-2661.8
2019-01-16 12:00:00,-0.10858382342800033,4.110873864173311,-0.048422475605200965,-2415.9
2019-01-16 13:00:00,-0.10390323881120533,4.04305126783455,-0.06291873194811082,-2281.3
2019-01-16 14:00:00,-0.09569340720780461,4.007333185232471,-0.05463023386462584,-2324.6
2019-01-16 15:00:00,-0.08750369084496334,3.970291913552122,-0.057516874338714,-2307.8
2019-01-16 16:00:00,-0.11642901449029264,3.9889840465642745,-0.04747470756141858,-2454.7
2019-01-16 17:00:00,-0.14276590502410658,4.04305126783455,-0.04485400298494824,-2348.0
2019-01-16 18:00:00,-0.14838072431720217,4.110873864173311,-0.042540550820654666,-2356.7
2019-01-16 19:00:00,-0.09481738316285249,4.060443010546419,-0.043143986556830605,-2320.0
2019-01-16 20:00:00,-0.10454795425043262,4.04305126783455,-0.042568534887773346,-2265.8
2019-01-16 21:00:00,-0.07786257259141216,4.02535169073515,-0.042259691381612896,-2124.0
2019-01-16 22:00:00,-0.12324131225216561,4.060443010546419,-0.04640018856436878,-1545.0
2019-01-16 23:00:00,-0.05662092114990802,4.204692619390966,-0.045261036796197196,-457.5
2019-01-17 00:00:00,-0.020987502454570706,3.8066624897703196,-0.02264506805896538,-156.4
2019-01-17 01:00:00,-0.02055233316468641,3.9512437185814275,-0.025363848217867968,-142.5
2019-01-17 02:00:00,-0.027045640856374398,4.007333185232471,-0.02759355059725621,-149.6
2019-01-17 03:00:00,-0.011584002396104243,4.02535169073515,-0.029555215504881716,-147.7
2019-01-17 04:00:00,0.06271327163265106,4.02535169073515,-0.02071938785132499,-283.7
2019-01-17 05:00:00,0.023099986773662096,4.060443010546419,-0.018040905529298712,-564.6
2019-01-17 06:00:00,-0.03442173277114824,4.0943445622221,-0.004981348208550784,-1191.5
2019-01-17 07:00:00,-0.09279327066732224,4.189654742026425,0.0016354194878127615,-2186.7
2019-01-17 08:00:00,-0.09764387699646226,4.290459441148391,-0.0016491686025839059,-2374.7
2019-01-17 09:00:00,-0.06783223730543586,4.394449154672439,-0.00579119717438914,-2531.0
2019-01-17 10:00:00,0.0007605064539699669,4.48863636973214,-0.0042029956381997025,-2548.5
2019-01-17 11:00:00,-0.056789825360691104,4.584967478670572,-0.007718396545768336,-2527.5
2019-01-17 12:00:00,0.07381976932110845,4.663439094112067,0.004552354818634363,-2493.3
2019-01-17 13:00:00,0.04293817733308325,4.6913478822291435,0.008553352018050298,-2498.7
2019-01-17 14:00:00,0.04199733928520555,4.718498871295094,-0.005152579630664178,-2585.9
2019-01-17 15:00:00,-0.03673835421394678,4.7535901911063645,-0.013186397311065967,-2590.7
2019-01-17 16:00:00,-0.04509367816381271,4.787491742782046,0.0015923813063958292,-2608.8
2019-01-17 17:00:00,-0.08543945219315852,4.852030263919617,0.0032939541128911287,-2567.9
2019-01-17 18:00:00,-0.07961952015499296,4.927253685157205,0.004802739529568001,-2566.1
2019-01-17 19:00:00,-0.031070545616352252,4.8283137373023015,0.0032095605605988453,-2425.5
2019-01-17 20:00:00,-0.008379392752507986,4.875197323201151,0.00044912199110314077,-1662.6
2019-01-17 21:00:00,0.015131948625707103,4.927253685157205,0.0005883620651818688,-951.7
2019-01-17 22:00:00,0.0016757922663668268,4.976733742420574,-0.009402418257596246,-806.4
2019-01-17 23:00:00,0.06984938800011387,5.0369526024136295,-0.007346471018266243,-826.8
2019-01-18 00:00:00,0.08203345322032218,5.4510384535657,0.0007413253760049088,-616.4
2019-01-18 01:00:00,0.14359284546935847,5.429345628954441,0.008697824395495601,-612.1
2019-01-18 02:00:00,0.14708614565286737,5.384495062789089,0.015428500092822262,-606.5
2019-01-18 03:00:00,0.12253804565794457,5.327876168789581,0.015575894530301504,-577.2
2019-01-18 04:00:00,0.044728354229848666,5.25227342804663,0.021434330733116624,-653.0
2019-01-18 05:00:00,-0.007200070179086193,5.159055299214529,0.02357801339656973,-887.2
2019-01-18 06:00:00,-0.03603258334435022,5.0689042022202315,0.03586229933107088,-2272.1
2019-01-18 07:00:00,-0.1007742371027609,4.976733742420574,0.045644521732448595,-2634.1
2019-01-18 08:00:00,-0.1059578891409636,4.882801922586371,0.05949486993717468,-2638.2
2019-01-18 09:00:00,-0.0849987380610786,4.795790545596741,0.05419582855863592,-2687.6
2019-01-18 10:00:00,0.05085884602828905,4.727387818712341,0.06785113333359138,-2693.9
2019-01-18 11:00:00,-0.08961168314642887,4.663439094112067,0.06186327017616211,-2678.7
2019-01-18 12:00:00,-0.005305102678332396,4.584967478670572,0.06659444845985352,-2653.4
2019-01-18 13:00:00,-0.027680347240158554,4.543294782270004,0.04594954285884878,-2650.0
2019-01-18 14:00:00,-0.040422296442108596,4.553876891600541,0.04572029551433232,-2614.4
2019-01-18 15:00:00,-0.06021300757467607,4.61512051684126,0.020629167575954455,-2584.6
2019-01-18 16:00:00,-0.08439656696256481,4.634728988229636,0.03412135599520738,-2593.5
2019-01-18 17:00:00,-0.0927556860591201,4.61512051684126,0.03617165106995657,-2548.9
2019-01-18 18:00:00,-0.05789491906697464,4.59511985013459,0.04079249499590798,-2566.7
2019-01-18 19:00:00,0.04280577548351072,4.127134385045092,0.03247700888791538,-2497.6
2019-01-18 20:00:00,0.06744354713998124,4.127134385045092,0.015625397574929423,-2583.9
2019-01-18 21:00:00,0.0757676581800597,4.110873864173311,0.017572961126107067,-2281.5
2019-01-18 22:00:00,0.07398181420253014,4.110873864173311,0.012497279489193325,-1479.2
2019-01-18 23:00:00,0.07749324556379467,4.127134385045092,0.027264560541747862,-1038.8
2019-01-19 00:00:00,0.0012639422575171366,5.198497031265826,0.044641737265377124,-523.3
2019-01-19 01:00:00,0.08253858698674854,5.204006687076795,0.04261080637707959,-494.1
2019-01-19 02:00:00,0.116090035367304,5.159055299214529,0.0407652101626077,-513.8
2019-01-19 03:00:00,0.15902558381372778,5.10594547390058,0.03901552147265441,-470.6
2019-01-19 04:00:00,0.13948868234882683,5.043425116919247,0.029942439123036735,-459.1
2019-01-19 05:00:00,0.16394201739562453,4.927253685157205,0.03995836805630493,-844.9
2019-01-19 06:00:00,0.0699824323216256,4.77912349311153,0.056859707468048803,-1158.5
2019-01-19 07:00:00,0.010684011613988353,4.6443908991413725,0.05763578356044885,-1989.5
2019-01-19 08:00:00,0.01827556960301635,4.624972813284271,0.04798564181113285,-1948.1
2019-01-19 09:00:00,0.03038083437125394,4.6443908991413725,0.06414623104752426,-2307.0
2019-01-19 10:00:00,0.14390278980954818,4.718498871295094,0.06445019309915168,-2585.3
2019-01-19 11:00:00,0.031576262434165336,4.844187086458591,0.05877426338540559,-2495.0
2019-01-19 12:00:00,0.12826025699527044,5.049856007249537,0.06202504578280443,-2260.0
2019-01-19 13:00:00,0.06380649779807479,5.241747015059643,0.051404445814505095,-2227.8
2019-01-19 14:00:00,0.04284804519975349,5.384495062789089,0.05078453353442214,-2271.5
2019-01-19 15:00:00,0.013051098504258007,5.497168225293202,0.0471954174045246,-2388.1
2019-01-19 16:00:00,0.06635327514512657,5.5909869805108565,0.05472612538760124,-2774.0
2019-01-19 17:00:00,0.12124006570012824,5.641907070938114,0.05137160418780251,-2858.0
2019-01-19 18:00:00,0.09081245537086513,5.700443573390687,0.04396425402150417,-2851.7
2019-01-19 19:00:00,0.06932650657479034,5.572154032177765,0.039095605648798326,-2512.8
2019-01-19 20:00:00,0.05429416460156222,5.62040086571715,0.04068500006087117,-2181.8
2019-01-19 21:00:00,0.09087829170956896,5.673323267171493,0.026257391540315034,-1720.6
2019-01-19 22:00:00,0.09563106375909092,5.707110264748875,0.019930566764184476,-1160.4
2019-01-19 23:00:00,0.0990307585468968,5.739792912179234,0.006345573024162832,-991.9
2019-01-20 00:00:00,0.0809768595049416,5.863631175598097,0.024258130428974845,-719.5
2019-01-20 01:00:00,0.17806597996439022,5.786897381366708,0.027981064201247463,-738.1
2019-01-20 02:00:00,0.2269223851268265,5.799092654460526,0.022131422072499518,-748.6
2019-01-20 03:00:00,0.2846924784359386,5.799092654460526,0.029361597674443907,-758.6
2019-01-20 04:00:00,0.2850850441854371,5.805134968916488,0.02436510669814851,-757.1
2019-01-20 05:00:00,0.31906235277183725,5.6240175061873385,0.044077158203968736,-850.3
2019-01-20 06:00:00,0.26815443356457314,5.631211781821365,0.04997875092233617,-1297.8
2019-01-20 07:00:00,0.16441117547451434,5.616771097666572,0.03749650580172581,-1391.2
2019-01-20 08:00:00,0.0670953380087238,5.564520407322694,0.05414956339340371,-2062.4
2019-01-20 09:00:00,0.06184062919804445,5.5093883366279774,0.07063768425741213,-2275.6
2019-01-20 10:00:00,0.08937488724306242,5.424950017481403,0.05948917071407411,-2257.1
2019-01-20 11:00:00,0.05376260084536577,5.303304908059076,0.049544215701043726,-2245.8
2019-01-20 12:00:00,0.128834490696613,5.1647859739235145,0.053626674132585705,-2211.4
2019-01-20 13:00:00,0.13159794885042375,5.030437921392435,0.041522132139192536,-2356.9
2019-01-20 14:00:00,0.14690904904067859,4.948759890378168,0.039352051627688844,-2349.3
2019-01-20 15:00:00,0.1860184224468182,4.867534450455582,0.04652777299134048,-2428.6
2019-01-20 16:00:00,0.18101552753256334,4.762173934797756,0.0690124446770719,-2682.3
2019-01-20 17:00:00,0.18565368597529863,4.700480365792417,0.0713302597458707,-2981.4
2019-01-20 18:00:00,0.19877412579982767,4.727387818712341,0.061149929077775944,-2996.0
2019-01-20 19:00:00,0.1816639359415535,4.736198448394496,0.0571723482135047,-2994.2
2019-01-20 20:00:00,0.12294475516610737,4.718498871295094,0.04351785848790435,-2787.0
2019-01-20 21:00:00,0.11271954333199163,4.7535901911063645,0.038328357532313895,-2264.1
2019-01-20 22:00:00,0.13467636371092118,4.804021044733257,0.04600477083072274,-1994.4
2019-01-20 23:00:00,0.20485638050986443,4.795790545596741,0.03360298274922613,-1048.0
2019-01-21 00:00:00,0.20337423155948509,2.772588722239781,0.07371690829577382,-661.6
2019-01-21 01:00:00,0.30173625441976837,2.8903717578961645,0.07938472225760407,-575.6
2019-01-21 02:00:00,0.29474820071244645,3.044522437723423,0.08191237952474495,-570.8
2019-01-21 03:00:00,0.27835243298286505,3.2188758248682006,0.08141783669089264,-568.2
2019-01-21 04:00:00,0.12581593305461558,3.332204510175204,0.08151435549054309,-762.7
2019-01-21 05:00:00,0.0728399466647831,3.367295829986474,0.0789086338454732,-1376.5
2019-01-21 06:00:00,0.11774671323254182,3.367295829986474,0.07410803117438025,-2677.2
2019-01-21 07:00:00,0.23635339502193187,3.367295829986474,0.07367686342649904,-3046.9
2019-01-21 08:00:00,0.32410417177026485,3.332204510175204,0.07661504075531589,-3048.9
2019-01-21 09:00:00,0.3151243376251127,3.258096538021482,0.08190665026864963,-2993.7
2019-01-21 10:00:00,0.21195961067026303,3.258096538021482,0.06411699605593668,-2961.7
2019-01-21 11:00:00,0.19750825513787262,3.258096538021482,0.06002172813898454,-2939.8
2019-01-21 12:00:00,0.2352771716305364,3.2188758248682006,0.05437810497067108,-2916.3
2019-01-21 13:00:00,0.21438391489051867,3.2188758248682006,0.07112324704100903,-2920.9
2019-01-21 14:00:00,0.1755329021778671,3.091042453358316,0.06399466865913794,-2940.6
2019-01-21 15:00:00,0.23297653961019904,3.044522437723423,0.06517712939746367,-2962.7
2019-01-21 16:00:00,0.2684984553728613,2.8903717578961645,0.07851599613717397,-3013.0
2019-01-21 17:00:00,0.35262883060164274,2.70805020110221,0.0766954179732604,-3071.1
2019-01-21 18:00:00,0.3672747330299133,2.5649493574615367,0.08606591771876371,-3110.4
2019-01-21 19:00:00,0.31765245328772185,2.4849066497880004,0.0787353557541941,-3071.3
2019-01-21 20:00:00,0.20764417462679763,2.6390573296152584,0.07908454409946675,-3033.5
2019-01-21 21:00:00,0.13363947063713066,2.70805020110221,0.08157647474391272,-2783.3
2019-01-21 22:00:00,0.09950808999745409,2.9444389791664403,0.06127284820118284,-2553.8
2019-01-21 23:00:00,0.13166999891702869,3.295836866004329,0.06601178476098646,-1920.3
2019-01-22 00:00:00,0.1282549513258453,4.990432586778736,0.09597448125507668,-799.5
2019-01-22 01:00:00,0.17972888002271725,5.0238805208462765,0.09610351566553987,-820.6
2019-01-22 02:00:00,0.16718920488247324,5.159055299214529,0.09574155715611443,-854.6
2019-01-22 03:00:00,0.17295655869833348,5.318119993844216,0.09324092134557738,-826.0
2019-01-22 04:00:00,0.12868312541979643,5.44673737166631,0.09757912738549557,-836.1
2019-01-22 05:00:00,0.05243440296793356,5.556828061699537,0.09676436317463999,-1256.6
2019-01-22 06:00:00,0.07173957323286828,5.652489180268651,0.10065692799337178,-2586.9
2019-01-22 07:00:00,0.18543938435538898,5.676753802268282,0.10147654950291063,-3119.9
2019-01-22 08:00:00,0.2523825561522832,5.6240175061873385,0.09745674003131377,-3136.6
2019-01-22 09:00:00,0.23704983553560766,5.583496308781699,0.09774806393812874,-3104.2
2019-01-22 10:00:00,0.19530124520143488,5.541263545158426,0.08961236999039279,-3089.6
2019-01-22 11:00:00,0.13045553339434068,5.501258210544727,0.0874131886405296,-3045.5
2019-01-22 12:00:00,0.07796981167556094,5.484796933490655,0.1058360876669866,-2986.5
2019-01-22 13:00:00,0.023905407925036037,5.43372200355424,0.07623566907709112,-2872.2
2019-01-22 14:00:00,0.022231823957902463,5.318119993844216,0.08801866444014017,-2910.5
2019-01-22 15:00:00,0.08519475570929558,5.236441962829949,0.08112822512409323,-2935.9
2019-01-22 16:00:00,0.13369289946665752,5.187385805840755,0.09649221138637287,-2975.8
2019-01-22 17:00:00,0.24830642948102088,5.123963979403259,0.09737436012904865,-3018.9
2019-01-22 18:00:00,0.2088964805436282,5.0689042022202315,0.09953009456027218,-3020.7
2019-01-22 19:00:00,0.056703200916161656,4.983606621708336,0.09498693517212864,-2968.6
2019-01-22 20:00:00,0.03320901934989173,5.062595033026967,0.10142725000020913,-2371.7
2019-01-22 21:00:00,0.03463477750844124,5.1647859739235145,0.09595132680111629,-2038.3
2019-01-22 22:00:00,0.09146233860059638,5.231108616854587,0.09419642074442525,-1139.0
2019-01-22 23:00:00,0.2362512725780488,5.262690188904886,0.09479234162020678,-1081.9
2019-01-23 00:00:00,0.20824774250199596,5.176149732573829,0.11178127760132384,-672.8
2019-01-23 01:00:00,0.2310863879168341,5.209486152841421,0.11334964845569129,-692.9
2019-01-23 02:00:00,0.24360526006785577,5.241747015059643,0.11334218229406279,-724.6
2019-01-23 03:00:00,0.20226783328199183,5.267858159063328,0.11128593772484319,-703.4
2019-01-23 04:00:00,0.11291306385449529,5.272999558563747,0.11238376194825594,-665.5
2019-01-23 05:00:00,0.06513035440507053,5.272999558563747,0.11316909192774283,-1353.7
2019-01-23 06:00:00,0.0866998139613484,5.278114659230517,0.1143035930588816,-2189.8
2019-01-23 07:00:00,0.24627873311330362,5.267858159063328,0.11147810193728169,-3095.4
2019-01-23 08:00:00,0.3219548427690002,5.25227342804663,0.10999233412492959,-3111.2
2019-01-23 09:00:00,0.29648563192030863,5.241747015059643,0.10966961468311265,-3092.4
2019-01-23 10:00:00,0.33054951174044955,5.236441962829949,0.09850738544292792,-3111.0
2019-01-23 11:00:00,0.2737770615204811,5.231108616854587,0.10347818703153422,-3081.0
2019-01-23 12:00:00,0.2369489439574899,5.19295685089021,0.1129213865470815,-3039.4
2019-01-23 13:00:00,0.1850477798806418,5.1647859739235145,0.09336187413697239,-3007.8
2019-01-23 14:00:00,0.1556210210731015,5.1647859739235145,0.09791627477442777,-3011.8
2019-01-23 15:00:00,0.24058331225067509,5.176149732573829,0.0938940777474242,-3028.6
2019-01-23 16:00:00,0.28897529780060527,5.170483995038151,0.10852954091516231,-3086.9
2019-01-23 17:00:00,0.34255674271706926,5.14166355650266,0.11075631802979569,-3113.3
2019-01-23 18:00:00,0.3305773775852012,5.1298987149230735,0.11585223076594797,-3121.3
2019-01-23 19:00:00,0.08202523456356658,4.990432586778736,0.1113061392975192,-3006.6
2019-01-23 20:00:00,0.018264067971483833,4.990432586778736,0.11351490582800938,-2468.3
2019-01-23 21:00:00,0.060970175206954025,4.983606621708336,0.11168422735734485,-2321.1
2019-01-23 22:00:00,0.0795235838246553,4.955827057601261,0.10828861752029262,-1506.8
2019-01-23 23:00:00,0.18391277682034435,4.90527477843843,0.11185456037352548,-748.6
2019-01-24 00:00:00,0.17059437678650236,5.043425116919247,0.11603271646504787,-990.8
2019-01-24 01:00:00,0.2158961838403899,5.030437921392435,0.11778907739984934,-942.7
2019-01-24 02:00:00,0.20868352635432963,4.976733742420574,0.11833126730796728,-871.8
2019-01-24 03:00:00,0.21595197566001811,4.927253685157205,0.11726281259448523,-785.3
2019-01-24 04:00:00,0.20809131323492114,4.875197323201151,0.11757891245561058,-897.5
2019-01-24 05:00:00,0.200272458193961,4.804021044733257,0.11586551053858418,-1522.7
2019-01-24 06:00:00,0.3306742340631903,4.727387818712341,0.11441738312533367,-2797.6
2019-01-24 07:00:00,0.49094781408034205,4.634728988229636,0.10991719602005556,-3132.0
2019-01-24 08:00:00,0.46820017800410874,4.51085950651685,0.10644459098208614,-3098.5
2019-01-24 09:00:00,0.6086440529096571,4.406719247264253,0.10592917255614598,-3105.2
2019-01-24 10:00:00,0.5826498487230873,4.290459441148391,0.10418324093616338,-3087.1
2019-01-24 11:00:00,0.551673416419459,4.1588830833596715,0.10000898412232395,-3091.8
2019-01-24 12:00:00,0.6326741325679643,4.04305126783455,0.10937364156072604,-3047.6
2019-01-24 13:00:00,0.5414243509014565,4.007333185232471,0.11451974470137838,-3020.6
2019-01-24 14:00:00,0.5085860534308715,4.04305126783455,0.09880414556300199,-3021.2
2019-01-24 15:00:00,0.4202108470135357,4.0943445622221,0.0850291238390497,-3011.6
2019-01-24 16:00:00,0.4999202595702208,4.127134385045092,0.10092957117202772,-3045.5
2019-01-24 17:00:00,0.4929593886608128,4.110873864173311,0.09884084832239282,-3062.1
2019-01-24 18:00:00,0.4495719257683799,4.110873864173311,0.10797398174854234,-3059.7
2019-01-24 19:00:00,0.278378469708386,3.6635616461296463,0.10338889179873423,-2987.6
2019-01-24 20:00:00,0.12054668973104032,3.713572066704308,0.10772955047125699,-2691.9
2019-01-24 21:00:00,0.13973736708115148,3.8066624897703196,0.1075503820864725,-2773.1
2019-01-24 22:00:00,0.1343032797149526,3.8501476017100584,0.10546090729545288,-2330.7
2019-01-24 23:00:00,0.20360562042722474,3.9318256327243257,0.10919479122634534,-1527.5
2019-01-25 00:00:00,0.19572507946965123,4.574710978503383,0.1192915263941412,-855.8
2019-01-25 01:00:00,0.25592326880193284,4.61512051684126,0.11944305595750748,-788.1
2019-01-25 02:00:00,0.25712445038293463,4.653960350157523,0.12481133362393848,-718.2
2019-01-25 03:00:00,0.22282088613164763,4.672828834461906,0.12527481178672595,-708.8
2019-01-25 04:00:00,0.13220030299457086,4.6913478822291435,0.12225935402560228,-831.4
2019-01-25 05:00:00,0.09914054205900502,4.74493212836325,0.1258063561910605,-1119.1
2019-01-25 06:00:00,0.17943049379329334,4.795790545596741,0.11292223287234293,-2506.9
2019-01-25 07:00:00,0.33132072816107616,4.8283137373023015,0.10347120846363023,-2989.5
2019-01-25 08:00:00,0.4311235136556233,4.8283137373023015,0.10944435113126616,-2993.4
2019-01-25 09:00:00,0.4097769332946104,4.836281906951478,0.11054876510976719,-2976.9
2019-01-25 10:00:00,0.4564445014212719,4.844187086458591,0.12115624783890322,-2959.0
2019-01-25 11:00:00,0.2557719370411542,4.875197323201151,0.10966648886150665,-2952.6
2019-01-25 12:00:00,0.22179209821184642,4.882801922586371,0.11499593219445181,-2900.2
2019-01-25 13:00:00,0.13686404591303525,4.912654885736052,0.10008329994205045,-2835.5
2019-01-25 14:00:00,0.09181020233817083,4.948759890378168,0.09834772815129522,-2813.2
2019-01-25 15:00:00,0.06695578834449112,4.990432586778736,0.07065503467090117,-2815.4
2019-01-25 16:00:00,0.08826071496802435,5.043425116919247,0.09010612339475443,-2886.9
2019-01-25 17:00:00,0.10896456343895267,5.087596335232384,0.09871137082249071,-2947.3
2019-01-25 18:00:00,0.08895731753320835,5.1298987149230735,0.10472403584170298,-2833.6
2019-01-25 19:00:00,0.04367906171489011,4.867534450455582,0.1070100607504827,-2660.5
2019-01-25 20:00:00,0.02281139311921354,4.882801922586371,0.10333097799403479,-2301.4
2019-01-25 21:00:00,0.040168994556380344,4.897839799950911,0.10264447329790993,-2072.3
2019-01-25 22:00:00,0.04184832335050892,4.912654885736052,0.11052638400971482,-1880.0
2019-01-25 23:00:00,0.06213894903529571,4.948759890378168,0.12703353720505373,-1117.3
2019-01-26 00:00:00,-0.0337543041182391,5.10594547390058,0.12422917518372412,-556.9
2019-01-26 01:00:00,0.05082628296797331,5.117993812416755,0.11946226447655217,-572.2
2019-01-26 02:00:00,0.0695254399635945,5.117993812416755,0.12040569988605565,-556.5
2019-01-26 03:00:00,0.12785473186956908,5.123963979403259,0.1203846040126555,-558.5
2019-01-26 04:00:00,0.12541887330000456,5.1298987149230735,0.1078668051805618,-567.3
2019-01-26 05:00:00,0.16432663278498127,5.123963979403259,0.11653722967260283,-550.8
2019-01-26 06:00:00,0.08380753731346768,5.111987788356544,0.11869258724869614,-973.2
2019-01-26 07:00:00,0.02199421700557469,5.093750200806762,0.11152087205542838,-1589.7
2019-01-26 08:00:00,0.006125199210664345,5.043425116919247,0.10031146081287279,-1608.2
2019-01-26 09:00:00,0.024357786933688175,5.0238805208462765,0.10398172981369402,-2036.7
2019-01-26 10:00:00,0.13845874778274592,4.976733742420574,0.10855591494907468,-2382.4
2019-01-26 11:00:00,0.06840713330018833,4.9344739331306915,0.10493130260977956,-2393.9
2019-01-26 12:00:00,0.15433781972387184,4.897839799950911,0.11365362936042,-2265.0
2019-01-26 13:00:00,0.0960148183113052,4.890349128221754,0.102429247785353,-2101.3
2019-01-26 14:00:00,0.05704837602734347,4.90527477843843,0.09970201325562122,-2008.7
2019-01-26 15:00:00,-0.010874798522564344,4.919980925828125,0.08286798960747,-1926.2
2019-01-26 16:00:00,-0.009035628770347692,4.948759890378168,0.09777074507012884,-1949.6
2019-01-26 17:00:00,0.0012853490728508277,4.941642422609304,0.09877384308238657,-2176.4
2019-01-26 18:00:00,0.03916528713996126,4.927253685157205,0.0926277637673607,-2389.0
2019-01-26 19:00:00,0.03490491836389431,4.727387818712341,0.09789765078891843,-1935.5
2019-01-26 20:00:00,0.025500497147093792,4.6913478822291435,0.11081955451233938,-1881.8
2019-01-26 21:00:00,0.0686174215280726,4.634728988229636,0.11719850759692907,-1470.2
2019-01-26 22:00:00,0.07882394544270976,4.564348191467836,0.11424851893625299,-1154.5
2019-01-26 23:00:00,0.10668611048804078,4.499809670330265,0.12312710634345692,-712.0
2019-01-27 00:00:00,0.09034460950854184,4.543294782270004,0.11949948947693212,-451.3
2019-01-27 01:00:00,0.20367531995140853,4.48863636973214,0.12425060815782185,-456.6
2019-01-27 02:00:00,0.24102250950560844,4.430816798843313,0.118338555743839,-454.1
2019-01-27 03:00:00,0.2956085340378345,4.3694478524670215,0.1286522919651949,-446.4
2019-01-27 04:00:00,0.28331356453705503,4.330733340286331,0.12402075776197563,-427.2
2019-01-27 05:00:00,0.3137656263129025,4.276666119016055,0.13932004552147426,-404.5
2019-01-27 06:00:00,0.27616307095862824,4.189654742026425,0.1348865721283259,-405.9
2019-01-27 07:00:00,0.15724685012649742,4.110873864173311,0.1226543141420331,-1052.1
2019-01-27 08:00:00,0.05377339178342666,4.007333185232471,0.12180173520425441,-1333.6
2019-01-27 09:00:00,0.0234839242023126,3.8918202981106265,0.12746002012410873,-1357.1
2019-01-27 10:00:00,0.05444744114452149,3.6635616461296463,0.12440488428712282,-1326.0
2019-01-27 11:00:00,0.01537517843449221,3.4657359027997265,0.12321714253068361,-1305.0
2019-01-27 12:00:00,0.09274713187172612,3.2188758248682006,0.1265174792137671,-1529.4
2019-01-27 13:00:00,0.10001139857735986,3.044522437723423,0.11382694095924961,-1529.9
2019-01-27 14:00:00,0.10938933100965853,2.995732273553991,0.10168774208546072,-1528.9
2019-01-27 15:00:00,0.12612696743610696,2.9444389791664403,0.08976400488997349,-1540.5
2019-01-27 16:00:00,0.09972246938246432,2.833213344056216,0.11695190696619129,-1553.2
2019-01-27 17:00:00,0.004744775671215784,2.772588722239781,0.1316191170419989,-1558.6
2019-01-27 18:00:00,-0.02134905414386923,2.8903717578961645,0.13087989600859729,-1375.7
2019-01-27 19:00:00,0.022523356851340992,3.091042453358316,0.1286539235850075,-1398.9
2019-01-27 20:00:00,0.013340319803751832,3.4965075614664802,0.12298673792899706,-1409.4
2019-01-27 21:00:00,0.029709215430427705,3.9512437185814275,0.12717333576911205,-1207.2
2019-01-27 22:00:00,0.05226284226500866,4.356708826689592,0.14112327571512395,-1094.8
2019-01-27 23:00:00,0.14662042680443843,4.795790545596741,0.14433088635617253,-678.3
2019-01-28 00:00:00,0.12935026360602242,5.5053315359323625,0.12172612748213396,-740.7
2019-01-28 01:00:00,0.2517306626518363,5.556828061699537,0.1195841750899076,-747.3
2019-01-28 02:00:00,0.2599858643453099,5.579729825986222,0.1194428439181543,-760.9
2019-01-28 03:00:00,0.25017604347375677,5.594711379601839,0.12161728952319617,-782.4
2019-01-28 04:00:00,0.09224796653945022,5.598421958998375,0.12671597937217793,-945.8
2019-01-28 05:00:00,0.045587293388962724,5.602118820879701,0.1220616949350708,-1132.0
2019-01-28 06:00:00,-0.05182923002446671,5.605802066295998,0.0974455772448195,-2459.4
2019-01-28 07:00:00,0.010342527514609401,5.60947179518496,0.09614971927855809,-3025.4
2019-01-28 08:00:00,-0.016004686804119928,5.638354669333745,0.09051674544483568,-2988.0
2019-01-28 09:00:00,0.010423133792112793,5.66988092298052,0.08915305878941737,-3016.4
2019-01-28 10:00:00,-0.08097585332403145,5.700443573390687,0.08005847405362498,-2902.6
2019-01-28 11:00:00,-0.07167923467774351,5.697093486505405,0.08099720412553957,-2798.3
2019-01-28 12:00:00,0.019361505462990536,5.703782474656201,0.08931615633195111,-2763.9
2019-01-28 13:00:00,-0.014857002617715054,5.703782474656201,0.08897536780632986,-2783.5
2019-01-28 14:00:00,-0.027859615419423278,5.680172609017068,0.07994592711929904,-2795.1
2019-01-28 15:00:00,-0.019390973828580904,5.616771097666572,0.06758386942802908,-2926.1
2019-01-28 16:00:00,-0.03810848467694683,5.568344503761097,0.07612793530078843,-2951.7
2019-01-28 17:00:00,-0.011593318972471955,5.521460917862246,0.07310044705540086,-3000.3
2019-01-28 18:00:00,-0.025931322603462093,5.480638923341991,0.07942137500009494,-2954.7
2019-01-28 19:00:00,-0.006006443327886579,5.25227342804663,0.07133248419191318,-2640.5
2019-01-28 20:00:00,-0.013140243028160192,5.1647859739235145,0.07655769499755838,-2481.5
2019-01-28 21:00:00,0.01648529564798018,5.081404364984463,0.08030340009711434,-2391.7
2019-01-28 22:00:00,0.023140590319676413,4.983606621708336,0.07794545848050571,-2325.5
2019-01-28 23:00:00,0.08375329260419928,4.890349128221754,0.08637908758541979,-967.9
2019-01-29 00:00:00,0.06537440101718417,4.8283137373023015,0.09319862936857337,-843.6
2019-01-29 01:00:00,0.11554798842175806,4.709530201312334,0.09471751405766327,-794.4
2019-01-29 02:00:00,0.11088771736634495,4.553876891600541,0.09713141144516868,-730.1
2019-01-29 03:00:00,0.14435004678682573,4.406719247264253,0.09671918572190208,-613.5
2019-01-29 04:00:00,0.09286977426239273,4.30406509320417,0.09553761595851817,-770.3
2019-01-29 05:00:00,0.03432691234054275,4.290459441148391,0.09072610262755809,-999.7
2019-01-29 06:00:00,-0.0250477117144694,4.2626798770413155,0.08371268827687217,-2473.6
2019-01-29 07:00:00,0.09723419780272824,4.248495242049359,0.0777888339951609,-2933.1
2019-01-29 08:00:00,0.1552010015893588,4.23410650459726,0.0736823804164013,-2982.2
2019-01-29 09:00:00,0.15590774220989356,4.23410650459726,0.07450542743553257,-2963.1
2019-01-29 10:00:00,0.14258100689343944,4.219507705176107,0.06558904037958513,-2967.5
2019-01-29 11:00:00,0.09337925067877961,4.219507705176107,0.0644664453696766,-2932.1
2019-01-29 12:00:00,0.10905875478071092,4.204692619390966,0.08097464560165779,-2886.9
2019-01-29 13:00:00,0.10529352736030351,4.276666119016055,0.056950467966828455,-2902.8
2019-01-29 14:00:00,0.13117111829029682,4.406719247264253,0.057797431418137535,-2953.2
2019-01-29 15:00:00,0.09907857015142518,4.532599493153256,0.03751137823488193,-2949.8
2019-01-29 16:00:00,0.12107986139189908,4.584967478670572,0.0505070981445499,-3011.8
2019-01-29 17:00:00,0.08787549477613865,4.61512051684126,0.05386296490810416,-3003.3
2019-01-29 18:00:00,0.03952191011573625,4.663439094112067,0.06478109396501086,-2958.2
2019-01-29 19:00:00,0.07467713684944943,4.543294782270004,0.054038286228298205,-2940.6
2019-01-29 20:00:00,0.05303230801654024,4.605170185988092,0.06673439830569361,-2879.9
2019-01-29 21:00:00,0.04111428181942678,4.663439094112067,0.06456866814491935,-2400.9
2019-01-29 22:00:00,0.06578698726036603,4.718498871295094,0.06151595327175308,-2272.7
2019-01-29 23:00:00,0.22379122842331167,4.770684624465665,0.06206958562933984,-1354.6
2019-01-30 00:00:00,0.17499415300799548,4.77912349311153,0.06227657249402352,-847.3
2019-01-30 01:00:00,0.2021659223739669,4.844187086458591,0.062485323832351725,-768.5
2019-01-30 02:00:00,0.21540150404675806,4.897839799950911,0.06366425216336502,-776.3
2019-01-30 03:00:00,0.19501361070451795,4.941642422609304,0.06502681434293045,-783.4
2019-01-30 04:00:00,0.10132321034435066,4.983606621708336,0.06158354685079992,-866.2
2019-01-30 05:00:00,0.033937675009457546,5.017279836814924,0.05694026216588988,-1162.4
2019-01-30 06:00:00,-0.020388571592058646,5.043425116919247,0.05217969176890591,-2603.9
2019-01-30 07:00:00,0.06932773155221827,5.043425116919247,0.0432908101932874,-3096.4
2019-01-30 08:00:00,0.05288108665315683,5.003946305945459,0.0447384200869303,-3095.7
2019-01-30 09:00:00,0.07645850369672136,4.955827057601261,0.04485211460664207,-3083.7
2019-01-30 10:00:00,0.0748065119823611,4.859812404361672,0.034570006493582994,-3057.6
2019-01-30 11:00:00,0.01866908120120314,4.727387818712341,0.03914129912380293,-3014.8
2019-01-30 12:00:00,-0.0025033453986438303,4.59511985013459,0.04332263803462766,-2915.1
2019-01-30 13:00:00,-0.019528894805740826,4.51085950651685,0.0280530462576154,-2824.9
2019-01-30 14:00:00,-0.03378439060925853,4.51085950651685,0.029396328337671918,-2692.0
2019-01-30 15:00:00,-0.016378569523306297,4.51085950651685,0.01693303661129608,-2770.3
2019-01-30 16:00:00,-0.0004917649831313042,4.454347296253507,0.035141057955173416,-2906.4
2019-01-30 17:00:00,0.09050944522051019,4.356708826689592,0.041930127099942816,-2985.6
2019-01-30 18:00:00,0.023219683766706467,4.23410650459726,0.05872856146676675,-2951.1
2019-01-30 19:00:00,0.008892998766738991,4.0943445622221,0.050194872142339975,-2832.3
2019-01-30 20:00:00,-0.046664930127166215,4.007333185232471,0.0609370897481023,-2342.3
2019-01-30 21:00:00,-0.0058530273880714745,3.912023005428146,0.06664013961088688,-2263.3
2019-01-30 22:00:00,-0.009489379088750471,3.784189633918261,0.06743972356357908,-2083.3
2019-01-30 23:00:00,0.10638388890022377,3.6635616461296463,0.07089549505598836,-1286.4
2019-01-31 00:00:00,0.07742552542352055,2.772588722239781,0.07025495958980787,-730.3
2019-01-31 01:00:00,0.11708525991960528,2.772588722239781,0.07207474672128367,-737.3
2019-01-31 02:00:00,0.11241913941467097,2.8903717578961645,0.07461983421755125,-642.9
2019-01-31 03:00:00,0.12500601623229057,2.995732273553991,0.0756479313588514,-638.2
2019-01-31 04:00:00,0.11657321753686212,3.091042453358316,0.07611867613105261,-718.5
2019-01-31 05:00:00,0.08943857667574084,3.1354942159291497,0.07364818604269185,-1118.6
2019-01-31 06:00:00,0.04955128259507546,3.1354942159291497,0.06976991763091256,-2152.3
2019-01-31 07:00:00,0.1388421167972007,3.1354942159291497,0.06226004130424734,-2889.2
2019-01-31 08:00:00,0.05161218502237652,3.1354942159291497,0.06046652667041208,-2878.9
2019-01-31 09:00:00,0.12932813571199997,3.1354942159291497,0.060466798479388295,-2924.0
2019-01-31 10:00:00,0.15845027605825912,3.1780538303479458,0.05907210145259878,-2897.2
2019-01-31 11:00:00,0.062009821814027255,3.2188758248682006,0.057158591340676246,-2872.8
2019-01-31 12:00:00,0.16220811444495187,3.295836866004329,0.058335807642056814,-2817.1
2019-01-31 13:00:00,0.09254104062575053,3.295836866004329,0.06102440375550344,-2716.6
2019-01-31 14:00:00,0.07595949518501932,3.258096538021482,0.041822788682739365,-2676.1
2019-01-31 15:00:00,-0.018655961153348777,3.2188758248682006,0.027139066381410615,-2611.2
2019-01-31 16:00:00,0.02499981570914578,3.1354942159291497,0.04938739674337178,-2709.7
2019-01-31 17:00:00,0.01153130587385931,3.1354942159291497,0.05530313802371012,-2746.3
2019-01-31 18:00:00,-0.022379545235946097,3.1354942159291497,0.07207112959161321,-2693.2
2019-01-31 19:00:00,0.014841536467216976,2.772588722239781,0.063755221502106,-2576.9
2019-01-31 20:00:00,0.040006758213664284,2.772588722239781,0.07323255815191931,-2489.0
2019-01-31 21:00:00,0.04372401123619962,2.772588722239781,0.0770330742883285,-1852.1
2019-01-31 22:00:00,0.029227867409021613,2.6390573296152584,0.07444555422027932,-1685.0
2019-01-31 23:00:00,0.09803136935359813,2.6390573296152584,0.07960285390966337,-1175.6
2019-02-01 00:00:00,0.19637077419534732,3.044522437723423,0.1263621386123317,-581.4
2019-02-01 01:00:00,0.20096589234435847,3.044522437723423,0.12928332044651825,-491.5
2019-02-01 02:00:00,0.20134963214073887,2.8903717578961645,0.1330556076884548,-481.5
2019-02-01 03:00:00,0.1657910276220691,2.70805020110221,0.13444742388038122,-463.1
2019-02-01 04:00:00,0.12856030036334554,2.70805020110221,0.13149120446235774,-566.2
2019-02-01 05:00:00,0.0804703888247924,2.8903717578961645,0.12339412028828001,-1073.8
2019-02-01 06:00:00,0.08851289958204589,3.044522437723423,0.12018779152138048,-1835.2
2019-02-01 07:00:00,0.11233876445140378,3.1780538303479458,0.1102123114334761,-2252.3
2019-02-01 08:00:00,0.148388990007839,3.2188758248682006,0.11168905777161786,-2428.4
2019-02-01 09:00:00,0.14098323305224625,3.332204510175204,0.11740439917840018,-2330.3
2019-02-01 10:00:00,0.239694067031607,3.4657359027997265,0.14421099343384114,-2324.9
2019-02-01 11:00:00,0.16967442478876205,3.6109179126442243,0.1334627725702271,-2413.0
2019-02-01 12:00:00,0.20373438389316867,3.6888794541139363,0.12342893706793667,-2359.4
2019-02-01 13:00:00,0.15128762096149195,3.8066624897703196,0.12249379804864446,-2314.3
2019-02-01 14:00:00,0.1555685187930571,4.007333185232471,0.13254368771483716,-2338.9
2019-02-01 15:00:00,0.14788614146537782,4.174387269895637,0.12448873556657336,-2333.9
2019-02-01 16:00:00,0.15377578643352496,4.330733340286331,0.12200272549559887,-2421.4
2019-02-01 17:00:00,0.17356586782505623,4.465908118654584,0.11344458931343482,-2531.4
2019-02-01 18:00:00,0.17560290412118817,4.584967478670572,0.11319446510954378,-2480.4
2019-02-01 19:00:00,0.16338872464170429,4.465908118654584,0.12317180086347612,-2373.0
2019-02-01 20:00:00,0.147341133531949,4.59511985013459,0.12012914024591748,-2328.9
2019-02-01 21:00:00,0.1714160317301956,4.718498871295094,0.12953434938086783,-1999.1
2019-02-01 22:00:00,0.15221363813274058,4.8283137373023015,0.136820743057684,-1826.8
2019-02-01 23:00:00,0.10060489478295587,4.919980925828125,0.1390994134763952,-1316.6
2019-02-02 00:00:00,0.0409665643731274,4.983606621708336,0.1305594127727865,-312.4
2019-02-02 01:00:00,0.051292071892238056,5.081404364984463,0.12779045214861373,-112.0
2019-02-02 02:00:00,0.06743500914296563,5.176149732573829,0.12137790679341443,-104.7
2019-02-02 03:00:00,0.11546723307255125,5.262690188904886,0.12233046486472077,-128.1
2019-02-02 04:00:00,0.14746345614656242,5.327876168789581,0.11241574586443459,-153.9
2019-02-02 05:00:00,0.20271135107837468,5.3471075307174685,0.11106447972790345,-188.8
2019-02-02 06:00:00,0.18044629640620702,5.356586274672012,0.11303418974012658,-479.5
2019-02-02 07:00:00,0.1556634727814732,5.375278407684165,0.12119723221023904,-706.0
2019-02-02 08:00:00,0.1807528368091944,5.402677381872279,0.11413813172683707,-1187.4
2019-02-02 09:00:00,0.1836909090446337,5.424950017481403,0.11751277183770359,-1706.4
2019-02-02 10:00:00,0.23643965460243566,5.442417710521793,0.13543442049499355,-1700.8
2019-02-02 11:00:00,0.21023706677056753,5.4510384535657,0.12533747183789412,-1704.2
2019-02-02 12:00:00,0.28581847633577295,5.4638318050256105,0.1187652528164147,-1717.3
2019-02-02 13:00:00,0.19349539678660577,5.501258210544727,0.1245623195059693,-1381.2
2019-02-02 14:00:00,0.17012882591445022,5.560681631015528,0.12035638946324934,-1118.7
2019-02-02 15:00:00,0.12470007586067444,5.62040086571715,0.12255853684741869,-1142.0
2019-02-02 16:00:00,0.15085953358500914,5.659482215759621,0.12007031001759216,-1435.3
2019-02-02 17:00:00,0.17721307112173923,5.66988092298052,0.11009683885260291,-1747.6
2019-02-02 18:00:00,0.19410327179959985,5.680172609017068,0.09318726333796068,-1766.8
2019-02-02 19:00:00,0.1600092684196337,5.4638318050256105,0.0890548910501634,-1794.7
2019-02-02 20:00:00,0.14609980329269456,5.44673737166631,0.08915554206208665,-1348.6
2019-02-02 21:00:00,0.15742700861684789,5.424950017481403,0.10287178142297115,-947.2
2019-02-02 22:00:00,0.15720674256202027,5.420534999272286,0.08763528767194284,-795.2
2019-02-02 23:00:00,0.11031524721178299,5.429345628954441,0.09239684238557633,-566.3
2019-02-03 00:00:00,0.14212465745584746,5.5909869805108565,0.07740306350259818,-532.8
2019-02-03 01:00:00,0.1906124431041425,5.5909869805108565,0.0780067495872343,-508.3
2019-02-03 02:00:00,0.22323317173667778,5.627621113690637,0.06850157648990773,-510.7
2019-02-03 03:00:00,0.25932270685626735,5.662960480135946,0.07093428641301003,-506.1
2019-02-03 04:00:00,0.29135332773341815,5.697093486505405,0.06820453140043625,-516.7
2019-02-03 05:00:00,0.3400662919477089,5.730099782973574,0.07809108895849182,-628.4
2019-02-03 06:00:00,0.3664780747794003,5.752572638825633,0.0733516581001048,-720.9
2019-02-03 07:00:00,0.2996422144466737,5.768320995793772,0.07048243923583897,-898.4
2019-02-03 08:00:00,0.2251631742579847,5.777652323222656,0.07100697998971928,-996.3
2019-02-03 09:00:00,0.20213054275502973,5.783825182329737,0.07504612358740115,-1262.6
2019-02-03 10:00:00,0.19252898361185355,5.786897381366708,0.09014351209764904,-1460.3
2019-02-03 11:00:00,0.2217189079476185,5.793013608384144,0.09498983868696342,-1635.7
2019-02-03 12:00:00,0.2538985207304041,5.817111159963204,0.0931012049747757,-1523.9
2019-02-03 13:00:00,0.24033791070918964,5.863631175598097,0.09667643013487837,-1450.0
2019-02-03 14:00:00,0.25685216136994615,5.940171252720432,0.09134932107896443,-1406.8
2019-02-03 15:00:00,0.28877910726862455,6.003887067106539,0.09600351372518556,-1504.0
2019-02-03 16:00:00,0.2793667849843162,6.040254711277414,0.09880422195667027,-1863.4
2019-02-03 17:00:00,0.2125451421332043,6.059123195581797,0.0967097049965231,-2417.1
2019-02-03 18:00:00,0.20282026344836313,6.066108090103747,0.08603191471311789,-2710.4
2019-02-03 19:00:00,0.19748596693495601,5.872117789475416,0.07789737975838751,-2741.4
2019-02-03 20:00:00,0.15637971312818388,5.872117789475416,0.06338210313858461,-2469.3
2019-02-03 21:00:00,0.15136401317937676,5.8805329864007,0.0713416291091935,-2026.8
2019-02-03 22:00:00,0.15098191912584014,5.8805329864007,0.06875373165315501,-1718.6
2019-02-03 23:00:00,0.1717826359325758,5.8805329864007,0.07349335565820336,-1245.6
2019-02-04 00:00:00,0.22415872456242703,6.040254711277414,0.08853675109689885,-1053.8
2019-02-04 01:00:00,0.29995487880810456,6.035481432524756,0.08921713968582967,-873.4
2019-02-04 02:00:00,0.30606055280278444,6.016157159698354,0.08725762543662441,-866.7
2019-02-04 03:00:00,0.28665679449064596,5.988961416889864,0.0900612482429981,-852.4
2019-02-04 04:00:00,0.16662235872532083,5.953243334287785,0.09582160710405052,-1098.9
2019-02-04 05:00:00,0.11491155825267096,5.934894195619588,0.09155914337911764,-1513.4
2019-02-04 06:00:00,0.08098839656694201,5.872117789475416,0.06972076964320895,-2517.7
2019-02-04 07:00:00,0.13800605225243778,5.817111159963204,0.0651245064018875,-3028.1
2019-02-04 08:00:00,0.19607011169904176,5.783825182329737,0.06160632390244558,-3104.7
2019-02-04 09:00:00,0.21136246888823784,5.749392985908253,0.05678489601995018,-3071.4
2019-02-04 10:00:00,0.12461799972210041,5.680172609017068,0.0608136863475357,-3027.0
2019-02-04 11:00:00,0.12246563326565685,5.572154032177765,0.06610335445384763,-2570.5
2019-02-04 12:00:00,0.16144715147796918,5.4510384535657,0.0797486484813037,-2441.2
2019-02-04 13:00:00,0.10087405310523856,5.365976015021851,0.09416851558399841,-2344.7
2019-02-04 14:00:00,0.09532843354935139,5.351858133476067,0.0936029767837816,-2423.8
2019-02-04 15:00:00,0.10293874585479967,5.3471075307174685,0.10526920244083993,-2399.9
2019-02-04 16:00:00,0.08705332460176951,5.308267697401205,0.09723939932389758,-2453.8
2019-02-04 17:00:00,0.11184200512738851,5.262690188904886,0.08163017170675069,-2506.6
2019-02-04 18:00:00,0.08545434594560053,5.220355825078324,0.07979053986234685,-2409.5
2019-02-04 19:00:00,0.08922685303500266,5.081404364984463,0.0745785025466823,-2075.6
2019-02-04 20:00:00,0.07847857658358226,5.0238805208462765,0.08635333178790017,-1805.9
2019-02-04 21:00:00,0.09573816999191331,4.955827057601261,0.0976775381493491,-1636.0
2019-02-04 22:00:00,0.09077663338196995,4.897839799950911,0.09888933951893186,-1282.8
2019-02-04 23:00:00,0.08542780900746116,4.8283137373023015,0.0960804193714635,-862.0
2019-02-05 00:00:00,0.1046679897057885,4.74493212836325,0.13541914146573486,-798.5
2019-02-05 01:00:00,0.10729031537572675,4.624972813284271,0.13619873078146139,-573.4
2019-02-05 02:00:00,0.10097257065387533,4.543294782270004,0.1377453932149555,-554.8
2019-02-05 03:00:00,0.11750461338434537,4.465908118654584,0.13620585057583678,-593.8
2019-02-05 04:00:00,0.09918160478828852,4.3694478524670215,0.135231102741999,-866.2
2019-02-05 05:00:00,0.046000344530618964,4.276666119016055,0.1242755523918655,-951.1
2019-02-05 06:00:00,0.03875727720419864,4.174387269895637,0.1160005000955957,-1935.6
2019-02-05 07:00:00,0.0994003838548938,4.07753744390572,0.1124105307327925,-2412.1
2019-02-05 08:00:00,0.09851751782517137,4.007333185232471,0.11039144699862469,-2367.1
2019-02-05 09:00:00,0.11680157633001986,3.912023005428146,0.10979546827142705,-2322.2
2019-02-05 10:00:00,0.06601224352907975,3.7376696182833684,0.11410257067697405,-2314.4
2019-02-05 11:00:00,0.10759268525833576,3.4657359027997265,0.11627243298146883,-2283.0
2019-02-05 12:00:00,0.11987557991815878,3.2188758248682006,0.1185087634341242,-2256.9
2019-02-05 13:00:00,0.09847724987239914,3.1354942159291497,0.11095329805708065,-2261.1
2019-02-05 14:00:00,0.0968631813160088,3.295836866004329,0.11571976229047909,-2280.9
2019-02-05 15:00:00,0.08513595674483376,3.4657359027997265,0.11260492938611666,-2270.6
2019-02-05 16:00:00,0.09637674135984531,3.6375861597263857,0.11308633910651089,-2322.3
2019-02-05 17:00:00,0.15068410318757852,3.7376696182833684,0.10889471003378581,-2613.6
2019-02-05 18:00:00,0.14699940934901523,3.828641396489095,0.11457079073095144,-2576.7
2019-02-05 19:00:00,0.13034964854515962,3.4965075614664802,0.10325373179497,-2403.9
2019-02-05 20:00:00,0.1217765691219781,3.6109179126442243,0.1173758587377618,-2328.4
2019-02-05 21:00:00,0.12120916173585172,3.7376696182833684,0.12318017753036248,-2260.6
2019-02-05 22:00:00,0.13674158566585204,3.912023005428146,0.12588989375905157,-1764.1
2019-02-05 23:00:00,0.23006457738829456,4.0943445622221,0.13105294647860521,-1296.8
2019-02-06 00:00:00,0.2441313941318377,5.081404364984463,0.13131701467929258,-1026.5
2019-02-06 01:00:00,0.21779551484282944,5.147494476813453,0.13081170074149462,-927.8
2019-02-06 02:00:00,0.23591995339709682,5.176149732573829,0.13193798405062918,-765.0
2019-02-06 03:00:00,0.20340647675689194,5.204006687076795,0.1294268930209066,-775.9
2019-02-06 04:00:00,0.14777335387008783,5.231108616854587,0.12776887209614785,-941.7
2019-02-06 05:00:00,0.0772356371724694,5.241747015059643,0.11807210204358487,-1693.0
2019-02-06 06:00:00,0.07062634510004662,5.247024072160486,0.11476428030624763,-2639.0
2019-02-06 07:00:00,0.08884861812468259,5.231108616854587,0.11289045098757544,-2785.9
2019-02-06 08:00:00,0.08522696968458554,5.209486152841421,0.11337129187040773,-2807.9
2019-02-06 09:00:00,0.08301024776052035,5.19295685089021,0.11214191620638836,-2793.6
2019-02-06 10:00:00,0.04598322349073003,5.170483995038151,0.11089822497384905,-2752.3
2019-02-06 11:00:00,0.07616501093550809,5.153291594497779,0.12018659697061906,-2696.4
2019-02-06 12:00:00,0.06420244000422626,5.19295685089021,0.10775863249073936,-2701.6
2019-02-06 13:00:00,0.06124402375009197,5.25227342804663,0.10829826703081924,-2715.0
2019-02-06 14:00:00,0.07472132346755256,5.318119993844216,0.11276015076900503,-2730.4
2019-02-06 15:00:00,0.10609982478003666,5.3230099791384085,0.11335392254100451,-2768.0
2019-02-06 16:00:00,0.06900342868640275,5.303304908059076,0.11456670087640752,-2721.3
2019-02-06 17:00:00,0.0571961231044078,5.209486152841421,0.11120892133093907,-2653.0
2019-02-06 18:00:00,0.053511083514496516,5.1298987149230735,0.11968013528322974,-2626.3
2019-02-06 19:00:00,0.056745185260891784,4.976733742420574,0.10698969501111666,-2585.0
2019-02-06 20:00:00,0.07006882398007663,4.997212273764115,0.1153819648920118,-2726.3
2019-02-06 21:00:00,0.09049572115718263,5.043425116919247,0.12456643339709483,-1983.3
2019-02-06 22:00:00,0.08239686263518342,5.049856007249537,0.12437083462349019,-1462.3
2019-02-06 23:00:00,0.11820565892337953,5.043425116919247,0.12683776678463854,-918.0
2019-02-07 00:00:00,0.11542076141048563,5.5093883366279774,0.13764483441987174,-554.3
2019-02-07 01:00:00,0.087069194592865,5.497168225293202,0.1359725579961859,-477.5
2019-02-07 02:00:00,0.07225790248460928,5.4116460518550396,0.13560205900557332,-427.9
2019-02-07 03:00:00,0.0746586600118051,5.308267697401205,0.13134473661512658,-402.0
2019-02-07 04:00:00,0.12337404510507044,5.14166355650266,0.12762355597218544,-544.3
2019-02-07 05:00:00,0.09287565135875742,4.859812404361672,0.11615372558792458,-808.1
2019-02-07 06:00:00,0.07921563912123242,4.564348191467836,0.10981284696827842,-1951.4
2019-02-07 07:00:00,0.08413554236183751,4.356708826689592,0.10686913708827994,-2340.8
2019-02-07 08:00:00,0.09909810369010685,4.343805421853684,0.10470434870736955,-2441.7
2019-02-07 09:00:00,0.09454341642037534,4.499809670330265,0.1001955181080616,-2292.2
2019-02-07 10:00:00,0.11629208241466316,4.61512051684126,0.10890391700966173,-2226.8
2019-02-07 11:00:00,0.11731483871831738,4.574710978503383,0.10965272656788105,-2193.9
2019-02-07 12:00:00,0.20116690834270656,4.454347296253507,0.10476299633990127,-2156.9
2019-02-07 13:00:00,0.1449373702094361,4.31748811353631,0.12771469267822244,-2085.5
2019-02-07 14:00:00,0.1426503063490907,4.1588830833596715,0.11238299925099327,-2051.4
2019-02-07 15:00:00,0.05902943373425806,3.9318256327243257,0.10591358673734685,-2017.6
2019-02-07 16:00:00,0.08847033718212449,3.6888794541139363,0.10452540057752291,-2016.0
2019-02-07 17:00:00,0.0758875353971451,3.58351893845611,0.09865246112693882,-2138.8
2019-02-07 18:00:00,0.06903270371111958,3.6635616461296463,0.10826743898457103,-2124.9
2019-02-07 19:00:00,0.061791130594539556,3.58351893845611,0.09784599652300674,-1899.6
2019-02-07 20:00:00,0.07413187601751048,3.784189633918261,0.10542347701461541,-1697.2
2019-02-07 21:00:00,0.07578502346090765,3.970291913552122,0.11371934082947277,-1388.1
2019-02-07 22:00:00,0.07214070440063125,4.219507705176107,0.11607542885148714,-758.9
2019-02-07 23:00:00,0.07161954421536665,4.418840607796598,0.1213093537795249,-409.4
2019-02-08 00:00:00,0.09016536198708147,4.343805421853684,0.1200793954328363,-526.7
2019-02-08 01:00:00,0.08313332108424953,4.454347296253507,0.11742409530437481,-371.3
2019-02-08 02:00:00,0.05132129857684209,4.553876891600541,0.11836489227845082,-321.0
2019-02-08 03:00:00,0.014132250404989666,4.663439094112067,0.11553267433737702,-332.9
2019-02-08 04:00:00,0.016870649653871528,4.762173934797756,0.11078653110066661,-391.1
2019-02-08 05:00:00,-0.00986739455845509,4.812184355372417,0.10985295197110645,-1195.9
2019-02-08 06:00:00,0.01112197724956454,4.890349128221754,0.09922798961428736,-1544.8
2019-02-08 07:00:00,0.05540374654976965,4.983606621708336,0.09601892290180736,-2475.6
2019-02-08 08:00:00,0.07783168631768467,5.0369526024136295,0.09062260336561678,-2654.4
2019-02-08 09:00:00,0.08225650514389082,5.030437921392435,0.09457094806287447,-2651.8
2019-02-08 10:00:00,0.15497353012456738,5.003946305945459,0.12389635208266192,-2389.7
2019-02-08 11:00:00,0.060039598675091455,4.990432586778736,0.10866298950981079,-2323.4
2019-02-08 12:00:00,0.09489871207948397,4.990432586778736,0.10035338870395893,-2276.3
2019-02-08 13:00:00,0.04100246619956316,4.997212273764115,0.09803350047848358,-2084.4
2019-02-08 14:00:00,0.0465281461768301,4.976733742420574,0.11183381669936665,-2123.3
2019-02-08 15:00:00,0.03023801306046403,4.976733742420574,0.096814013410353,-2070.2
2019-02-08 16:00:00,0.03427313670814369,4.990432586778736,0.09811724050624182,-2111.7
2019-02-08 17:00:00,0.052834210822273686,4.969813299576001,0.08966374399197008,-2222.7
2019-02-08 18:00:00,0.07040031644852895,4.962844630259907,0.08654314150786568,-2417.1
2019-02-08 19:00:00,0.049885732205098066,4.882801922586371,0.08937833976780585,-2242.3
2019-02-08 20:00:00,0.046237162589226166,4.912654885736052,0.09060912199693139,-1480.8
2019-02-08 21:00:00,0.052358800671540084,4.919980925828125,0.09755294287073557,-1421.3
2019-02-08 22:00:00,0.04391874276351215,4.90527477843843,0.10067633808854026,-875.0
2019-02-08 23:00:00,-0.04002152169217066,4.852030263919617,0.09955211638814099,-480.0
2019-02-09 00:00:00,-0.030899564231297028,4.8283137373023015,0.08047741664114749,640.5
2019-02-09 01:00:00,-0.007087793691994193,4.6913478822291435,0.0791051042886961,674.0
2019-02-09 02:00:00,0.0012596675098364152,4.5217885770490405,0.07650786206908577,690.1
2019-02-09 03:00:00,0.04297486060161004,4.343805421853684,0.07970935172200466,705.9
2019-02-09 04:00:00,0.08558805242847534,4.0943445622221,0.07440471594982956,731.0
2019-02-09 05:00:00,0.14740930300839272,3.8501476017100584,0.07537189724695104,746.0
2019-02-09 06:00:00,0.11255596086335595,3.5553480614894135,0.0752674636473829,137.3
2019-02-09 07:00:00,0.0903731930303957,3.295836866004329,0.08015179896712432,51.4
2019-02-09 08:00:00,0.08199783396476068,3.1354942159291497,0.08573865720513929,-582.4
2019-02-09 09:00:00,0.08286630345462953,3.2188758248682006,0.08842942658114428,-617.4
2019-02-09 10:00:00,0.1312844988385442,3.4011973816621555,0.09928194577088778,-639.0
2019-02-09 11:00:00,0.10810956773603664,3.6109179126442243,0.0860906657153615,-649.3
2019-02-09 12:00:00,0.185557791371592,3.828641396489095,0.0845910730038213,-655.5
2019-02-09 13:00:00,0.10700695031142882,4.0943445622221,0.08758331626488225,-679.9
2019-02-09 14:00:00,0.09370913321986674,4.356708826689592,0.08381646516446128,-721.5
2019-02-09 15:00:00,0.04225487628603908,4.61512051684126,0.08459193892356787,-717.7
2019-02-09 16:00:00,0.06966651903616539,4.812184355372417,0.09008110045633355,-711.6
2019-02-09 17:00:00,0.08706895446731444,4.919980925828125,0.08358380834098433,-769.9
2019-02-09 18:00:00,0.08607155494199059,5.030437921392435,0.06785257500998654,-811.7
2019-02-09 19:00:00,0.04538845738633013,4.875197323201151,0.06620443446862545,-804.3
2019-02-09 20:00:00,0.028098973886130807,4.9344739331306915,0.0617940540509494,-817.8
2019-02-09 21:00:00,0.09050756582109942,5.003946305945459,0.07669948864970522,34.3
2019-02-09 22:00:00,0.09871540776210264,5.030437921392435,0.0698348888756275,157.6
2019-02-09 23:00:00,0.07104457444251411,5.030437921392435,0.06193763490086823,506.3
2019-02-10 00:00:00,0.047474053897711865,5.198497031265826,0.0655246758799688,442.9
2019-02-10 01:00:00,0.07243500791592572,5.153291594497779,0.060135834668544774,644.6
2019-02-10 02:00:00,0.08086699202031733,5.056245805348308,0.05425311646362374,681.6
2019-02-10 03:00:00,0.11107384669819265,4.948759890378168,0.05519773087402413,702.0
2019-02-10 04:00:00,0.15879163215457748,4.812184355372417,0.04812204167690659,707.5
2019-02-10 05:00:00,0.25257522041835756,4.634728988229636,0.05367256161034639,549.8
2019-02-10 06:00:00,0.2579365773014226,4.394449154672439,0.04334574798994684,298.9
2019-02-10 07:00:00,0.20693518054553373,4.174387269895637,0.04143173981374648,31.1
2019-02-10 08:00:00,0.13601112651427405,3.970291913552122,0.0474764825795253,-219.0
2019-02-10 09:00:00,0.09890706544223393,3.784189633918261,0.0413587276037255,-562.1
2019-02-10 10:00:00,0.09120550884871337,3.58351893845611,0.051330601573549295,-783.6
2019-02-10 11:00:00,0.11790071411525638,3.4011973816621555,0.05842143161639779,-868.9
2019-02-10 12:00:00,0.16618801224869229,3.258096538021482,0.05706126849157922,-859.6
2019-02-10 13:00:00,0.16606213668332037,3.1354942159291497,0.061950718761049295,-883.1
2019-02-10 14:00:00,0.187262453100133,3.258096538021482,0.05579311827526201,-895.5
2019-02-10 15:00:00,0.2162211696171772,3.4339872044851463,0.05694407788859923,-887.8
2019-02-10 16:00:00,0.2112178012412116,3.6109179126442243,0.055217034232863504,-1009.7
2019-02-10 17:00:00,0.13432558902118297,3.7612001156935624,0.06050963518716301,-1153.8
2019-02-10 18:00:00,0.09629412937845272,3.8501476017100584,0.05927446554356841,-1202.8
2019-02-10 19:00:00,0.08917910886359248,3.6109179126442243,0.04399582808270619,-1184.8
2019-02-10 20:00:00,0.05305700150673154,3.6888794541139363,0.040456472471805505,-1043.2
2019-02-10 21:00:00,0.05672746088452607,3.7376696182833684,0.0460771274497116,-1022.2
2019-02-10 22:00:00,0.0604019136969165,3.784189633918261,0.04493448934706823,-339.8
2019-02-10 23:00:00,0.08986797911509692,3.8918202981106265,0.05225491546715233,-282.2
2019-02-11 00:00:00,0.13566068196185288,4.532599493153256,0.03819303421874043,160.2
2019-02-11 01:00:00,0.19226063980405828,4.736198448394496,0.03518994323094482,200.4
2019-02-11 02:00:00,0.19178400774017934,4.919980925828125,0.03680182015356426,207.7
2019-02-11 03:00:00,0.16358479690065186,5.081404364984463,0.039221571463588845,213.4
2019-02-11 04:00:00,0.045223220057327485,5.262690188904886,0.04636688650156362,-77.6
2019-02-11 05:00:00,0.0008383027086620309,5.402677381872279,0.046765090885379834,-587.4
2019-02-11 06:00:00,-0.04139513994653887,5.5093883366279774,0.043779840475372644,-1637.6
2019-02-11 07:00:00,-0.01905346667282526,5.6131281063880705,0.02334297238693228,-2345.1
2019-02-11 08:00:00,-0.00708135903687257,5.697093486505405,0.021183610681166698,-2383.0
2019-02-11 09:00:00,-0.020659799088546205,5.752572638825633,0.014225281601153661,-2359.4
2019-02-11 10:00:00,-0.09333073471500519,5.786897381366708,0.008257528505631662,-2379.9
2019-02-11 11:00:00,-0.013355757236888977,5.786897381366708,0.0010452178200441864,-2358.2
2019-02-11 12:00:00,0.03753714152003074,5.786897381366708,0.010479952968331041,-2324.8
2019-02-11 13:00:00,-0.019258394534484413,5.820082930352362,0.01882466320277132,-2259.3
2019-02-11 14:00:00,-0.033749430401936564,5.8944028342648505,0.01579704908101487,-2193.7
2019-02-11 15:00:00,-0.02550075770940463,5.976350909297934,0.028836323689192866,-2196.3
2019-02-11 16:00:00,-0.04721201300982836,6.061456918928017,0.027226866010298778,-2313.3
2019-02-11 17:00:00,-0.029389484972758506,6.124683390894205,0.016718214329077163,-2486.9
2019-02-11 18:00:00,-0.02545660024287466,6.175867270105761,0.007280824496355365,-2543.3
2019-02-11 19:00:00,0.005984798261664537,6.042632833682381,0.009057222340973503,-2206.5
2019-02-11 20:00:00,-0.005853372965686443,6.082218910376446,0.014582680737047049,-1826.3
2019-02-11 21:00:00,0.0024777656234351575,6.1070228877422545,0.01768911781873239,-1234.7
2019-02-11 22:00:00,-0.021658993615361055,6.118097198041348,0.017669072621091075,-750.9
2019-02-11 23:00:00,-0.0724644990497132,6.137727054086234,0.010385698266580867,-490.6
2019-02-12 00:00:00,-0.05511926919129717,6.343880434126331,0.006183791378989056,-328.3
2019-02-12 01:00:00,-0.06668195127018484,6.342121418721152,0.0008077829354968813,-315.0
2019-02-12 02:00:00,-0.08227847203233907,6.340359303727752,0.0030391424173084047,-238.7
2019-02-12 03:00:00,-0.0578517828716012,6.333279628139691,0.0001306741708484438,-271.2
2019-02-12 04:00:00,0.0009580181171604529,6.327936783729195,0.005346197221088644,-490.7
2019-02-12 05:00:00,-0.026054127847183306,6.324358962381311,-0.000931917785712777,-1073.5
2019-02-12 06:00:00,-0.031376210060669596,6.322565239927284,0.013634728466539237,-2347.4
2019-02-12 07:00:00,-0.04314370564793801,6.320768294250582,0.015996801064772193,-2690.6
2019-02-12 08:00:00,-0.027905422032093785,6.315358001522335,0.011569573353499507,-2702.7
2019-02-12 09:00:00,-0.0003205433639763555,6.315358001522335,0.012141200045657108,-2739.0
2019-02-12 10:00:00,-0.051954126988940974,6.306275286948016,0.008121129820682249,-2755.8
2019-02-12 11:00:00,-0.0029371842098622203,6.278521424165844,0.004789733181336686,-2763.4
2019-02-12 12:00:00,0.023798607792811843,6.249975242259483,0.007320193503021599,-2506.2
2019-02-12 13:00:00,0.004495774963614085,6.244166900663736,0.005452834179867416,-2506.6
2019-02-12 14:00:00,-0.003721094762378474,6.244166900663736,0.008818737960234913,-2551.2
2019-02-12 15:00:00,-0.02016240657759827,6.234410725718371,0.003909687836837428,-2742.9
2019-02-12 16:00:00,-0.021841929241349867,6.210600077024653,0.004432284036745671,-2742.6
2019-02-12 17:00:00,-0.011052466425938157,6.161207321695077,0.006653475402473852,-2714.7
2019-02-12 18:00:00,-0.0007288668429366041,6.113682179832232,0.01322648141772742,-2718.8
2019-02-12 19:00:00,0.0044252084491263055,5.869296913133774,-0.0008560019612033898,-2698.9
2019-02-12 20:00:00,0.008291417859040084,5.786897381366708,0.011034057517210094,-2575.7
2019-02-12 21:00:00,0.016482158927847657,5.69035945432406,0.008266584301932056,-2240.1
2019-02-12 22:00:00,0.054043095189024726,5.564520407322694,0.008354352225945938,-952.3
2019-02-12 23:00:00,0.1572900007838527,5.393627546352362,0.009237647294283668,-326.0
2019-02-13 00:00:00,0.12477607098090804,5.351858133476067,-0.007519430174923514,64.8
2019-02-13 01:00:00,0.03134552119328582,5.111987788356544,-0.00822934769399808,172.0
2019-02-13 02:00:00,0.036111972815797255,4.812184355372417,-0.0034632118052657646,291.9
2019-02-13 03:00:00,-0.00742283376308972,4.48863636973214,-0.004596892148893694,366.2
2019-02-13 04:00:00,-0.03684691544778662,4.356708826689592,2.788360632965947e-05,16.9
2019-02-13 05:00:00,-0.08999612419064196,4.584967478670572,-0.005841542778290965,-767.0
2019-02-13 06:00:00,-0.06197747959546884,4.875197323201151,0.011429541597703263,-1591.5
2019-02-13 07:00:00,-0.06968015411367956,4.962844630259907,0.010517444341546778,-2195.5
2019-02-13 08:00:00,-0.0820224974403696,4.787491742782046,0.006508146328046749,-2166.3
2019-02-13 09:00:00,-0.06595695299384197,4.61512051684126,0.007191320619889474,-2145.2
2019-02-13 10:00:00,-0.08869210573015884,4.553876891600541,0.0007674005707460907,-2104.1
2019-02-13 11:00:00,-0.05725921778171594,4.574710978503383,0.006758156064750054,-1943.0
2019-02-13 12:00:00,-0.07798771600439247,4.59511985013459,0.0059081239465630375,-1687.2
2019-02-13 13:00:00,-0.07355958201988866,4.634728988229636,0.009814488878952865,-1708.6
2019-02-13 14:00:00,-0.05910700131015556,4.718498871295094,0.0075400944133274805,-1800.8
2019-02-13 15:00:00,-0.03308521776428819,4.820281565605037,0.007714894139419393,-2031.3
2019-02-13 16:00:00,-0.06107058140190347,4.90527477843843,-0.0002171400066997009,-2044.9
2019-02-13 17:00:00,-0.05978109163761003,5.049856007249537,-0.006421686918701042,-2145.5
2019-02-13 18:00:00,-0.055460694697775814,5.267858159063328,-0.0004771978160365009,-2233.3
2019-02-13 19:00:00,-0.040749689023596325,5.081404364984463,-0.014310755457144886,-2276.3
2019-02-13 20:00:00,-0.034092234446100544,5.123963979403259,-0.010452262727730144,-2042.7
2019-02-13 21:00:00,-0.015876776888084088,5.187385805840755,-0.011791494047488804,-1535.9
2019-02-13 22:00:00,-0.005629154244363388,5.198497031265826,-0.0148305788615124,-703.2
2019-02-13 23:00:00,0.018984999054732832,5.123963979403259,-0.014403764265851215,-391.1
2019-02-14 00:00:00,-0.011291023272146816,5.0369526024136295,-0.005875868574087839,180.4
2019-02-14 01:00:00,-0.05662967557814014,4.927253685157205,-0.0063919473163664975,181.4
2019-02-14 02:00:00,-0.06777676468565108,4.955827057601261,-0.0054973091960732745,212.0
2019-02-14 03:00:00,-0.04934472636106291,5.0689042022202315,-0.008382889258939485,183.1
2019-02-14 04:00:00,0.029968426240437385,5.267858159063328,-0.00474707041637501,-177.4
2019-02-14 05:00:00,-0.0030677695375183056,5.545177444479562,-0.010887856131225782,-1003.6
2019-02-14 06:00:00,-0.034256083828754225,5.814130531825066,0.0016354280393384713,-2352.9
2019-02-14 07:00:00,-0.06639918529066513,6.030685260261263,-0.0006211584958908389,-2686.1
2019-02-14 08:00:00,-0.06550799933441898,6.1903154058531475,-0.011683013310038959,-2739.2
2019-02-14 09:00:00,-0.05299202428816363,6.309918278226516,-0.013158089627882674,-2721.1
2019-02-14 10:00:00,-0.024733529630476703,6.403574197934815,-0.009743728643597294,-2709.8
2019-02-14 11:00:00,-0.02428911069778561,6.380122536899765,-0.01660460048653789,-2645.3
2019-02-14 12:00:00,0.0675516266195233,6.415096959171596,-0.022811162311573874,-2730.6
2019-02-14 13:00:00,0.015671333698055623,6.373319789577012,-0.002479003464499918,-2680.8
2019-02-14 14:00:00,0.012887515085564072,6.410174881966167,-0.028772318484189263,-2645.0
2019-02-14 15:00:00,-0.07008706483318194,6.405228458030842,-0.041851308500613804,-2666.2
2019-02-14 16:00:00,-0.043373860846112056,6.423246963533519,-0.04754670855749232,-2649.4
2019-02-14 17:00:00,-0.0665546551652132,6.434546518787453,-0.04912418663363205,-2689.0
2019-02-14 18:00:00,-0.07421780692077862,6.4425401664681985,-0.0467122564342084,-2694.9
2019-02-14 19:00:00,-0.06335878755767332,6.284134161070802,-0.05969021341056013,-2661.5
2019-02-14 20:00:00,-0.031183945904135424,6.295266001439646,-0.056419548435798106,-2689.7
2019-02-14 21:00:00,-0.02137036445281648,6.318968113746434,-0.05983249249121414,-2434.9
2019-02-14 22:00:00,-0.026399158141489742,6.331501849893691,-0.06411222475876599,-1472.0
2019-02-14 23:00:00,-0.021008241968155428,6.270988431858299,-0.06386759961083399,-867.5
2019-02-15 00:00:00,0.01268402947605285,6.639875833826536,-0.05554196879129858,-551.4
2019-02-15 01:00:00,-0.002460506408169305,6.641182169740591,-0.0602765753004606,-535.1
2019-02-15 02:00:00,-0.013681798643417231,6.638567789166521,-0.057634198776017165,-409.0
2019-02-15 03:00:00,-0.06965341935071079,6.63200177739563,-0.061991356675189735,-345.4
2019-02-15 04:00:00,-0.08175188826343582,6.633318433280377,-0.0681933350313848,-840.8
2019-02-15 05:00:00,-0.10482361785409289,6.63200177739563,-0.055034552872750275,-1844.1
2019-02-15 06:00:00,-0.108213503819647,6.6240652277998935,-0.0552436659820561,-2837.3
2019-02-15 07:00:00,-0.1027436772590522,6.6052979209482015,-0.06114021398990488,-3061.9
2019-02-15 08:00:00,-0.08624817559647946,6.56244409369372,-0.06415444666690018,-3052.1
2019-02-15 09:00:00,-0.07801195269918137,6.489204931325317,-0.05750116107214076,-2927.2
2019-02-15 10:00:00,0.022526540281169627,6.423246963533519,-0.03847626093230083,-2910.2
2019-02-15 11:00:00,-0.06669076725725898,6.335054251498059,-0.0546316922294503,-2827.3
2019-02-15 12:00:00,-0.044475400200171045,6.180016653652572,-0.06160900613516951,-2614.6
2019-02-15 13:00:00,-0.09807738896235918,5.978885764901122,-0.05982775874531043,-2330.5
2019-02-15 14:00:00,-0.0895539392399276,5.849324779946859,-0.04804024918057692,-2399.1
2019-02-15 15:00:00,-0.0766525181959894,5.811140992976701,-0.06181094681182664,-2679.6
2019-02-15 16:00:00,-0.06527049362811788,5.817111159963204,-0.057094222278236906,-2757.3
2019-02-15 17:00:00,-0.05292305151800347,5.805134968916488,-0.06037885611252847,-2757.3
2019-02-15 18:00:00,-0.03966484877330423,5.768320995793772,-0.05631039163321638,-2764.9
2019-02-15 19:00:00,-0.0385132619139088,5.5093883366279774,-0.0480516932723738,-2766.7
2019-02-15 20:00:00,-0.05285799436941163,5.541263545158426,-0.05151913320230328,-2710.8
2019-02-15 21:00:00,-0.0476148546527253,5.62040086571715,-0.043258975045008086,-2144.6
2019-02-15 22:00:00,-0.0428235948871003,5.723585101952381,-0.037628333288640015,-1205.3
2019-02-15 23:00:00,-0.14277342746298682,5.849324779946859,-0.04240614980022972,-737.1
2019-02-16 00:00:00,-0.19126088669934438,5.908082938168931,-0.08251635692244541,224.1
2019-02-16 01:00:00,-0.21853783800748738,6.061456918928017,-0.08734888033979171,207.3
2019-02-16 02:00:00,-0.22232822951264009,6.226536669287466,-0.08805957861642799,178.9
2019-02-16 03:00:00,-0.1652326811187712,6.3473892096560105,-0.09043571779698656,108.8
2019-02-16 04:00:00,-0.13624028607010708,6.418364935936212,-0.09744554097682911,73.4
2019-02-16 05:00:00,-0.12100380254206744,6.461468176353717,-0.10230927999050099,54.9
2019-02-16 06:00:00,-0.06785354945897337,6.493753839851686,-0.10634158866327592,3.6
2019-02-16 07:00:00,-0.051356735268428544,6.507277712385012,-0.10161125460091913,-131.2
2019-02-16 08:00:00,-0.048138696622325394,6.51471269087253,-0.0924761176361617,-775.3
2019-02-16 09:00:00,-0.08025117610407406,6.535241271013659,-0.08947533925422047,-1058.8
2019-02-16 10:00:00,-0.024613085815637703,6.561030665896573,-0.08303961102306712,-1312.4
2019-02-16 11:00:00,-0.05474804139823419,6.577861357721047,-0.09894828405509326,-1227.5
2019-02-16 12:00:00,-0.02776032530802075,6.5722825426940075,-0.09813956540761914,-829.9
2019-02-16 13:00:00,-0.10201676508952229,6.565264970035361,-0.09693242681805625,-799.1
2019-02-16 14:00:00,-0.11122968167329628,6.555356891810665,-0.10611495194363485,-761.4
2019-02-16 15:00:00,-0.1290238571161746,6.553933404025811,-0.10796512176441375,-875.0
2019-02-16 16:00:00,-0.06090050312446049,6.54534966033442,-0.09874735134949475,-1475.5
2019-02-16 17:00:00,-0.03438985692293928,6.546785410760524,-0.0945525474708786,-2217.0
2019-02-16 18:00:00,-0.03300410911169305,6.553933404025811,-0.10572943035900462,-2279.5
2019-02-16 19:00:00,-0.045322758002240615,6.429719478039138,-0.10221019462210101,-2011.5
2019-02-16 20:00:00,-0.04931523024827955,6.440946540632921,-0.09885015508685768,-1605.5
2019-02-16 21:00:00,-0.04710327422149163,6.455198563340122,-0.08668184619093999,-1003.2
2019-02-16 22:00:00,-0.0806523165367441,6.459904454377535,-0.09539223455902768,-80.6
2019-02-16 23:00:00,-0.07109082535194666,6.4692503167957724,-0.10344426449589061,-126.2
2019-02-17 00:00:00,-0.13502884300010365,6.618738983517219,-0.12384180250397403,17.1
2019-02-17 01:00:00,-0.10276404524119531,6.61472560020376,-0.13048452494010565,10.1
2019-02-17 02:00:00,-0.0116563768768283,6.601230118728877,-0.1238477527261006,9.4
2019-02-17 03:00:00,0.005713331040366754,6.588926477533519,-0.11391835190788502,24.2
2019-02-17 04:00:00,0.025779333549635908,6.561030665896573,-0.11647621256854368,46.2
2019-02-17 05:00:00,0.08552113575519149,6.516193076042964,-0.10598639453772751,84.1
2019-02-17 06:00:00,0.11894178245380393,6.456769655572163,-0.11229192095888951,-1.7
2019-02-17 07:00:00,0.12564339532357538,6.366470447731438,-0.1068408922293207,-163.6
2019-02-17 08:00:00,0.06320958009729738,6.236369590203704,-0.08749895361723148,-893.8
2019-02-17 09:00:00,0.041709408984798024,6.063785208687608,-0.08881337036681813,-1633.8
2019-02-17 10:00:00,0.0321261125255452,5.82600010738045,-0.0798814232991818,-1840.1
2019-02-17 11:00:00,0.055891370175874755,5.5053315359323625,-0.08327491741137649,-1789.6
2019-02-17 12:00:00,0.09345301909564752,5.099866427824199,-0.09427052292925886,-1688.5
2019-02-17 13:00:00,0.087211228857349,4.663439094112067,-0.09621271282152843,-1621.9
2019-02-17 14:00:00,0.10346358830765112,4.394449154672439,-0.09564065007032596,-1604.5
2019-02-17 15:00:00,0.12665551282245024,4.248495242049359,-0.08712482003870914,-1556.2
2019-02-17 16:00:00,0.11391434807230238,4.276666119016055,-0.07177551696060114,-1516.3
2019-02-17 17:00:00,0.049684861210826714,4.51085950651685,-0.05367732718143081,-1684.7
2019-02-17 18:00:00,0.024827717743993727,4.727387818712341,-0.04646276889814427,-2121.6
2019-02-17 19:00:00,0.019074058909034797,4.812184355372417,-0.0613646875751197,-2085.2
2019-02-17 20:00:00,-0.013505447016759486,5.043425116919247,-0.06233064136814015,-1611.8
2019-02-17 21:00:00,-0.030110770922435748,5.2832037287379885,-0.05636575021204049,-1607.0
2019-02-17 22:00:00,-0.02252282090726121,5.44673737166631,-0.06050719184791564,-542.4
2019-02-17 23:00:00,0.014695988418004013,5.5134287461649825,-0.05220132950551992,18.2
2019-02-18 00:00:00,0.006876796508842098,6.0844994130751715,-0.07504453906596797,-195.6
2019-02-18 01:00:00,0.04483702286138058,6.135564891081739,-0.07059313740253348,-108.2
2019-02-18 02:00:00,0.05554869278325558,6.144185634125646,-0.074155250432419,-120.2
2019-02-18 03:00:00,0.017469304675029385,6.156978985585555,-0.0717817772074163,-102.8
2019-02-18 04:00:00,-0.05622455937368187,6.159095388491933,-0.06382198666863115,-291.3
2019-02-18 05:00:00,-0.0623966894055461,6.135564891081739,-0.07003417686087055,-599.8
2019-02-18 06:00:00,-0.08334128269168994,6.104793232414985,-0.06053300615000978,-1895.4
2019-02-18 07:00:00,-0.08131074191314536,6.052089168924417,-0.07390241205190318,-2669.9
2019-02-18 08:00:00,-0.06713692603797394,5.958424693029782,-0.07292968088931229,-2665.1
2019-02-18 09:00:00,-0.060673559899291796,5.863631175598097,-0.07090279845566183,-2625.3
2019-02-18 10:00:00,-0.13221160924691544,5.793013608384144,-0.07429287454337263,-2603.2
2019-02-18 11:00:00,-0.07547952221544474,5.726847747587197,-0.0782470207751178,-2547.9
2019-02-18 12:00:00,-0.04419418232503114,5.652489180268651,-0.06097901101381353,-2380.7
2019-02-18 13:00:00,-0.10089183086978126,5.575949103146316,-0.05443133871837258,-2347.5
2019-02-18 14:00:00,-0.09355928116337564,5.54907608489522,-0.06182811294952195,-2475.2
2019-02-18 15:00:00,-0.06741984504403264,5.5909869805108565,-0.06504920949175919,-2532.3
2019-02-18 16:00:00,-0.08222092439741235,5.673323267171493,-0.07128203703321834,-2591.3
2019-02-18 17:00:00,-0.0700472127060916,5.793013608384144,-0.0771985144684475,-2638.0
2019-02-18 18:00:00,-0.07641361249739731,5.908082938168931,-0.08863929738238419,-2642.6
2019-02-18 19:00:00,-0.06589988203260422,5.783825182329737,-0.08481759957363799,-2519.1
2019-02-18 20:00:00,-0.07401256370406051,5.823045895483019,-0.0917054787720879,-2237.6
2019-02-18 21:00:00,-0.06521063254916637,5.84354441703136,-0.08790666427942195,-1791.6
2019-02-18 22:00:00,-0.08984642597602299,5.872117789475416,-0.08842110377687895,-1414.5
2019-02-18 23:00:00,-0.13929572275825963,5.8971538676367405,-0.09330536792170463,-493.5
2019-02-19 00:00:00,-0.1750858125501984,6.07073772800249,-0.07665575703928518,144.8
2019-02-19 01:00:00,-0.18524869831011959,6.025865973825314,-0.07402386552528739,140.1
2019-02-19 02:00:00,-0.1895287875671876,5.971261839790462,-0.07179250604347587,158.5
2019-02-19 03:00:00,-0.15970615920014009,5.91350300563827,-0.07639159176784283,186.0
2019-02-19 04:00:00,-0.15731876416083468,5.860786223465865,-0.07437727661095028,53.1
2019-02-19 05:00:00,-0.13115075644713814,5.8289456176102075,-0.0809118291390929,-566.2
2019-02-19 06:00:00,-0.11926099929941669,5.793013608384144,-0.06293695871411842,-2042.6
2019-02-19 07:00:00,-0.09080739119521386,5.739792912179234,-0.06258498596908879,-2256.5
2019-02-19 08:00:00,-0.08930306045534397,5.6240175061873385,-0.06898242895798745,-2287.7
2019-02-19 09:00:00,-0.09825873765663751,5.3981627015177525,-0.06846779112452239,-2097.4
2019-02-19 10:00:00,-0.1591957654514884,5.198497031265826,-0.06784661597676234,-1777.0
2019-02-19 11:00:00,-0.11791083105761402,4.90527477843843,-0.07205966031462818,-1532.5
2019-02-19 12:00:00,-0.09911694283809647,4.605170185988092,-0.06950001248041993,-1361.5
2019-02-19 13:00:00,-0.11999557833125207,4.442651256490317,-0.07540662868754744,-1331.1
2019-02-19 14:00:00,-0.12343978972779279,4.584967478670572,-0.07902116589237984,-1390.1
2019-02-19 15:00:00,-0.13507510939949174,4.812184355372417,-0.07271737984707549,-1413.0
2019-02-19 16:00:00,-0.13237576217939662,5.0689042022202315,-0.0734363853641744,-1640.8
2019-02-19 17:00:00,-0.09003242009554135,5.262690188904886,-0.06781912756659203,-2153.8
2019-02-19 18:00:00,-0.08189764312090153,5.429345628954441,-0.062241110252033494,-2226.3
2019-02-19 19:00:00,-0.09351893452094817,5.2574953720277815,-0.06761921812088634,-2160.8
2019-02-19 20:00:00,-0.08478882781503039,5.41610040220442,-0.05790872506191924,-1876.3
2019-02-19 21:00:00,-0.11268589680092855,5.71042701737487,-0.06451980175635086,-854.1
2019-02-19 22:00:00,-0.11076310076695428,5.945420608606575,-0.060797615594170296,-494.7
2019-02-19 23:00:00,-0.09865241171668115,6.150602768446279,-0.055704995893645304,-393.5
2019-02-20 00:00:00,-0.09335493850975762,6.517671272912275,-0.06509511921391642,-99.3
2019-02-20 01:00:00,-0.1468068082247913,6.5638555265321274,-0.05923190214637053,-123.9
2019-02-20 02:00:00,-0.1592750964733587,6.579251212010101,-0.05189882890486075,-128.7
2019-02-20 03:00:00,-0.13196499941316153,6.588926477533519,-0.05055419323402166,-131.1
2019-02-20 04:00:00,-0.1720408188459226,6.591673732008658,-0.047262251435127745,-267.7
2019-02-20 05:00:00,-0.1339125295552206,6.591673732008658,-0.04764329433398462,-1195.3
2019-02-20 06:00:00,-0.11621438755180735,6.586171654854675,-0.04085590750037138,-2389.2
2019-02-20 07:00:00,-0.12655202964585666,6.573680166960646,-0.043097901638617486,-2826.6
2019-02-20 08:00:00,-0.13617204404866667,6.551080335043404,-0.043239413797712345,-2831.8
2019-02-20 09:00:00,-0.11630388385152512,6.513230110912307,-0.041803782580897675,-2837.4
2019-02-20 10:00:00,-0.12977144454744316,6.45833828334479,-0.04387338005187491,-2843.5
2019-02-20 11:00:00,-0.10916180732391023,6.401917196727186,-0.04189235305243333,-2793.7
2019-02-20 12:00:00,-0.13140495350137815,6.331501849893691,-0.04808123692736377,-2746.5
2019-02-20 13:00:00,-0.12194895977603126,6.249975242259483,-0.04184692625635833,-2713.6
2019-02-20 14:00:00,-0.0965151033763254,6.1675164908883415,-0.04434474095568408,-2676.1
2019-02-20 15:00:00,-0.07302505977535345,6.059123195581797,-0.03642038268645553,-2624.8
2019-02-20 16:00:00,-0.0866518592862815,5.966146739123692,-0.03968667471474063,-2684.5
2019-02-20 17:00:00,-0.07006836624355284,5.8805329864007,-0.03423989239523184,-2761.8
2019-02-20 18:00:00,-0.06465370438931739,5.811140992976701,-0.024928293680201108,-2791.6
2019-02-20 19:00:00,-0.06969339412318876,5.666426688112432,-0.027790917013837735,-2672.3
2019-02-20 20:00:00,-0.08787908843340153,5.556828061699537,-0.022651911700826588,-2548.3
2019-02-20 21:00:00,-0.06805483636017806,5.438079308923196,-0.02428706273302783,-2480.1
2019-02-20 22:00:00,-0.06615860982570654,5.241747015059643,-0.017107619693564224,-1922.0
2019-02-20 23:00:00,-0.015533353342707112,5.0238805208462765,-0.007461970095893555,-1127.8
2019-02-21 00:00:00,-0.016333656121045426,5.3471075307174685,-0.005875868574087839,-220.3
2019-02-21 01:00:00,-0.04006768534240779,5.176149732573829,-0.001671246181428998,-62.5
2019-02-21 02:00:00,-0.04839245992223962,4.969813299576001,0.003929312061631052,-6.7
2019-02-21 03:00:00,-0.04124950246443859,4.709530201312334,0.0018252873335846687,31.8
2019-02-21 04:00:00,-0.011823030304365822,4.418840607796598,0.0037242932983660992,-344.9
2019-02-21 05:00:00,-0.03759732314110442,4.1588830833596715,0.0004630035374644237,-1022.1
2019-02-21 06:00:00,-0.04950301596303408,3.9318256327243257,-0.0018968963682066686,-1903.4
2019-02-21 07:00:00,-0.053188953553859,3.713572066704308,-0.008215257815484378,-2657.1
2019-02-21 08:00:00,-0.04026798944189247,3.4657359027997265,-0.009593148390579564,-2651.5
2019-02-21 09:00:00,-0.036846588975430805,3.332204510175204,-0.01385616993546357,-2641.7
2019-02-21 10:00:00,-0.023839075188016423,3.258096538021482,-0.008329301250786791,-2517.3
2019-02-21 11:00:00,-0.03398369682765967,3.332204510175204,-0.01803726548803386,-2427.8
2019-02-21 12:00:00,0.04903676040702942,3.4965075614664802,-0.025695086444478932,-2425.5
2019-02-21 13:00:00,-0.002640469944282131,3.6888794541139363,-0.00031995260780703916,-2448.6
2019-02-21 14:00:00,4.5252873737133825e-06,3.9318256327243257,-0.016457784015675436,-2492.3
2019-02-21 15:00:00,-0.0779744296663476,4.143134726391533,-0.012342150416848163,-2499.4
2019-02-21 16:00:00,-0.02776248224087441,4.406719247264253,-0.012555634348029976,-2761.9
2019-02-21 17:00:00,-0.046553988458543305,4.672828834461906,-0.009048525069913715,-2765.5
2019-02-21 18:00:00,-0.06505470783237044,4.867534450455582,0.003528234312869749,-2757.9
2019-02-21 19:00:00,-0.057306992779135424,4.983606621708336,0.00633088768723411,-2704.6
2019-02-21 20:00:00,-0.037910428665086204,5.1647859739235145,0.013873778393734604,-2633.0
2019-02-21 21:00:00,-0.02363025242025385,5.332718793265369,0.015100584910232584,-2680.3
2019-02-21 22:00:00,-0.02275616686298898,5.476463551931511,0.023831304905058026,-2254.6
2019-02-21 23:00:00,-0.022646627355129567,5.60947179518496,0.0355931939198042,-1608.2
2019-02-22 00:00:00,0.0020894630446566254,5.988961416889864,0.05796557006493419,-447.5
2019-02-22 01:00:00,-0.0019749516523317467,6.095824562432225,0.05890252368471849,-327.4
2019-02-22 02:00:00,-0.00210103597767608,6.184148890937483,0.058840792220351545,-337.1
2019-02-22 03:00:00,-0.04544762118582213,6.248042874508429,0.05504064627597138,-359.0
2019-02-22 04:00:00,-0.07738188859231787,6.280395838960195,0.04671280197704064,-778.9
2019-02-22 05:00:00,-0.11958743850105424,6.315358001522335,0.0638197201651316,-1441.5
2019-02-22 06:00:00,-0.11704808387662657,6.373319789577012,0.054601162123098845,-2397.1
2019-02-22 07:00:00,-0.12336296446178796,6.408528791059498,0.05478250649414562,-2891.1
2019-02-22 08:00:00,-0.11270534342966121,6.428105272684596,0.0412060689909266,-2899.8
2019-02-22 09:00:00,-0.10920797248273839,6.42648845745769,0.04268611269386291,-2898.7
2019-02-22 10:00:00,-0.013231965143640778,6.429719478039138,0.05902610097024574,-2923.3
2019-02-22 11:00:00,-0.0994880589258278,6.428105272684596,0.047842177702359656,-2942.8
2019-02-22 12:00:00,-0.06107711882935529,6.436150368369428,0.043232086812206916,-2963.7
2019-02-22 13:00:00,-0.10641463040018762,6.444131256700441,0.039866174496454576,-2971.1
2019-02-22 14:00:00,-0.10458833830125425,6.453624998892692,0.04021043891078868,-2993.8
2019-02-22 15:00:00,-0.11147848897121104,6.464588303689961,0.019266065384187847,-2990.2
2019-02-22 16:00:00,-0.11119809218407317,6.476972362889683,0.016642209837772093,-3002.3
2019-02-22 17:00:00,-0.10728426073689068,6.478509642208569,-0.0017906742641500273,-2990.9
2019-02-22 18:00:00,-0.09563142912156675,6.478509642208569,0.005535338054096783,-3025.0
2019-02-22 19:00:00,-0.09073075456681057,6.329720905522696,0.00976787761645248,-3049.7
2019-02-22 20:00:00,-0.09311644984967504,6.322565239927284,-0.005766871923740702,-3037.8
2019-02-22 21:00:00,-0.07876126649124959,6.326149473155099,-0.01482832408022805,-3022.2
2019-02-22 22:00:00,-0.07088248497590666,6.331501849893691,-0.01398657023159977,-2428.4
2019-02-22 23:00:00,-0.15082176064581532,6.345636360828596,-0.023019436000040194,-1337.5
2019-02-23 00:00:00,-0.23321788354839335,6.516193076042964,-0.03117988557411433,-530.6
2019-02-23 01:00:00,-0.23536320100326424,6.520621127558696,-0.035838971633188166,-432.8
2019-02-23 02:00:00,-0.22066295019357884,6.530877627725885,-0.03868785002234709,-443.7
2019-02-23 03:00:00,-0.1729782246829661,6.541029999189903,-0.042604226564282754,-453.5
2019-02-23 04:00:00,-0.1614738445071886,6.553933404025811,-0.04584847328861574,-555.5
2019-02-23 05:00:00,-0.10618457426343575,6.558197802812269,-0.05484274275157741,-624.2
2019-02-23 06:00:00,-0.08360604111028191,6.556778356158042,-0.0604044934762511,-736.9
2019-02-23 07:00:00,-0.04567840869151141,6.570882962339584,-0.05178469698758281,-1640.5
2019-02-23 08:00:00,-0.0328675235909226,6.57507584059962,-0.049165419231355756,-2321.7
2019-02-23 09:00:00,-0.06352959419265014,6.555356891810665,-0.044048578347217315,-2301.1
2019-02-23 10:00:00,-0.03984733038748578,6.517671272912275,-0.04366444578823714,-1845.2
2019-02-23 11:00:00,-0.07899313739580904,6.478509642208569,-0.06129866313385257,-1550.4
2019-02-23 12:00:00,-0.003735905219412583,6.440946540632921,-0.06910526787877469,-1314.7
2019-02-23 13:00:00,-0.08895807228498098,6.405228458030842,-0.06053536439315277,-957.1
2019-02-23 14:00:00,-0.10268815180827229,6.369900982828227,-0.06930097882091868,-787.3
2019-02-23 15:00:00,-0.13611788230628186,6.340359303727752,-0.07159747759353863,-933.1
2019-02-23 16:00:00,-0.07978477411908491,6.313548046277095,-0.05266344562120917,-2145.8
2019-02-23 17:00:00,-0.05144882293091779,6.329720905522696,-0.049386049406827226,-2655.3
2019-02-23 18:00:00,-0.04772040137011402,6.366470447731438,-0.05713052563359078,-2689.3
2019-02-23 19:00:00,-0.06651838087881679,6.249975242259483,-0.06664737946851318,-2700.2
2019-02-23 20:00:00,-0.07024346138015014,6.263398262591624,-0.059723407761405944,-2439.5
2019-02-23 21:00:00,-0.05500259942466723,6.269096283706261,-0.0631322398310683,-1548.9
2019-02-23 22:00:00,-0.04314949455203987,6.267200548541362,-0.06781004307468752,-1787.3
2019-02-23 23:00:00,-0.0981571038703537,6.259581464064923,-0.0802573090062415,-849.2
2019-02-24 00:00:00,-0.1066010772572783,6.352629396319567,-0.11039471507276044,-51.8
2019-02-24 01:00:00,-0.06133309911377349,6.324358962381311,-0.11604384078531105,7.9
2019-02-24 02:00:00,-0.01893305633715414,6.313548046277095,-0.11665347709207374,9.4
2019-02-24 03:00:00,0.0040577015231053615,6.315358001522335,-0.1130242973110045,13.8
2019-02-24 04:00:00,0.02799111216763661,6.315358001522335,-0.11913696801856943,-84.6
2019-02-24 05:00:00,0.09365346574619027,6.338594078203183,-0.11747569458548313,-93.1
2019-02-24 06:00:00,0.10711368756683903,6.3578422665081,-0.12451914752845017,-222.3
2019-02-24 07:00:00,0.058442544555476594,6.366470447731438,-0.1206104729530777,-362.2
2019-02-24 08:00:00,0.001968486434853478,6.39024066706535,-0.10583280047954169,-671.1
2019-02-24 09:00:00,-0.023472910901544797,6.423246963533519,-0.10438107518018924,-784.0
2019-02-24 10:00:00,-0.07750211087061132,6.450470422144176,-0.10848983121665778,-641.4
2019-02-24 11:00:00,-0.07546489058885841,6.489204931325317,-0.11202433069736273,-667.0
2019-02-24 12:00:00,-0.043754909144244625,6.54534966033442,-0.12089439164143023,-772.5
2019-02-24 13:00:00,-0.0939554600406094,6.56244409369372,-0.12732072771857172,-692.1
2019-02-24 14:00:00,-0.09432592799472861,6.543911845564792,-0.1369444562115616,-691.3
2019-02-24 15:00:00,-0.05515466579620787,6.535241271013659,-0.14613653827967887,-678.9
2019-02-24 16:00:00,-0.026762507449933803,6.546785410760524,-0.13356813579516125,-797.1
2019-02-24 17:00:00,-0.04472264242780266,6.54965074223381,-0.11966944622914433,-2416.4
2019-02-24 18:00:00,-0.08149318214131052,6.530877627725885,-0.11507892160120914,-2655.5
2019-02-24 19:00:00,-0.09128483725202141,6.368187186350492,-0.12544354425964244,-2427.6
2019-02-24 20:00:00,-0.11679587469595587,6.368187186350492,-0.13332819110746996,-1947.2
2019-02-24 21:00:00,-0.1046094721460431,6.375024819828097,-0.13156456545314565,-1692.2
2019-02-24 22:00:00,-0.10532704800361836,6.3818160174060985,-0.14251340602587703,-1359.6
2019-02-24 23:00:00,-0.06658950681007658,6.408528791059498,-0.1460335551858174,-1034.5
2019-02-25 00:00:00,-0.07811042487435005,6.625392368007956,-0.18457093842323236,-356.8
2019-02-25 01:00:00,-0.02594408179357588,6.634633357861686,-0.17567192323739533,-358.9
2019-02-25 02:00:00,-0.01578612174188354,6.641182169740591,-0.17329930074746613,-369.7
2019-02-25 03:00:00,-0.04129187118968991,6.641182169740591,-0.1702218500206687,-366.6
2019-02-25 04:00:00,-0.1713541733381101,6.626717749249025,-0.15749282184352253,-512.9
2019-02-25 05:00:00,-0.1482011158792904,6.610696044717759,-0.14954069149207072,-1731.7
2019-02-25 06:00:00,-0.17604063816498883,6.583409222158765,-0.13182577435314524,-2587.8
2019-02-25 07:00:00,-0.1773590412829278,6.54965074223381,-0.13448111280663522,-2934.6
2019-02-25 08:00:00,-0.17075575898131579,6.499787040655854,-0.12391523562217976,-2969.5
2019-02-25 09:00:00,-0.16093797708510182,6.444131256700441,-0.12093189438725638,-2971.2
2019-02-25 10:00:00,-0.22801749474153166,6.396929655216146,-0.13153856745821813,-2967.9
2019-02-25 11:00:00,-0.15004821771295296,6.327936783729195,-0.14013838605775852,-2837.3
2019-02-25 12:00:00,-0.11650918140653266,6.244166900663736,-0.14194807354748118,-2307.7
2019-02-25 13:00:00,-0.17522725668080108,6.142037405587356,-0.1246491457830885,-2076.1
2019-02-25 14:00:00,-0.18077369147147015,5.986452005284438,-0.12030631053653718,-2161.5
2019-02-25 15:00:00,-0.14927539140450063,5.849324779946859,-0.11551863518091121,-2652.1
2019-02-25 16:00:00,-0.17170409944408327,5.777652323222656,-0.11403320398588157,-2637.6
2019-02-25 17:00:00,-0.1659194696162496,5.765191102784844,-0.10831213531751605,-2601.9
2019-02-25 18:00:00,-0.16931887731870932,5.7430031878094825,-0.11279141475416221,-2613.8
2019-02-25 19:00:00,-0.14621826165826546,5.44673737166631,-0.10607884084390484,-2521.4
2019-02-25 20:00:00,-0.14212890618951546,5.3230099791384085,-0.13194759505052112,-2498.8
2019-02-25 21:00:00,-0.13439841681326703,5.262690188904886,-0.12872865879967677,-2024.2
2019-02-25 22:00:00,-0.13464268203718355,5.241747015059643,-0.13150979074386093,-1618.7
2019-02-25 23:00:00,-0.13370059117296407,5.2832037287379885,-0.14288817308714297,-965.0
2019-02-26 00:00:00,-0.14748466159150597,5.501258210544727,-0.14226739115436704,118.2
2019-02-26 01:00:00,-0.14188970454327565,5.594711379601839,-0.14307706701738532,93.4
2019-02-26 02:00:00,-0.15022120853476872,5.6937321388027,-0.14175109465038638,69.4
2019-02-26 03:00:00,-0.1630450604656546,5.7899601708972535,-0.14828933094742514,56.4
2019-02-26 04:00:00,-0.14709262553054847,5.855071922202427,-0.13510563824800847,-120.1
2019-02-26 05:00:00,-0.1583831711214878,5.910796644040527,-0.12343595172987776,-1381.0
2019-02-26 06:00:00,-0.15004690470544801,5.955837369464831,-0.10354000823561016,-2405.0
2019-02-26 07:00:00,-0.15944068260528077,5.940171252720432,-0.09447497045905262,-2779.9
2019-02-26 08:00:00,-0.14494177588183277,5.840641657373398,-0.09885769039181636,-2789.3
2019-02-26 09:00:00,-0.09961651111709768,5.703782474656201,-0.09912439749988344,-2842.5
2019-02-26 10:00:00,-0.15005284461881407,5.497168225293202,-0.11199381517067941,-2771.1
2019-02-26 11:00:00,-0.1321417955916111,5.25227342804663,-0.1246626606024881,-2638.6
2019-02-26 12:00:00,-0.11696198083059262,5.017279836814924,-0.12099344696670755,-2560.0
2019-02-26 13:00:00,-0.13809881164588544,4.820281565605037,-0.12677979208995627,-2518.3
2019-02-26 14:00:00,-0.1438750281473946,4.836281906951478,-0.12441236939102396,-2522.4
2019-02-26 15:00:00,-0.14817471192482,4.955827057601261,-0.10788920091286691,-2550.7
2019-02-26 16:00:00,-0.1358395688985845,5.214935757608986,-0.11283542050800222,-2629.4
2019-02-26 17:00:00,-0.13257266799324174,5.560681631015528,-0.08994392384722794,-2644.8
2019-02-26 18:00:00,-0.13405565588618273,5.834810737062605,-0.08972148783471479,-2718.1
2019-02-26 19:00:00,-0.13304794541975085,5.8664680569332965,-0.0886252418139355,-2815.2
2019-02-26 20:00:00,-0.12021551086463544,6.030685260261263,-0.09230263865946675,-2849.2
2019-02-26 21:00:00,-0.10741516107232796,6.159095388491933,-0.1142734499583078,-2823.2
2019-02-26 22:00:00,-0.08199127484186919,6.240275845170769,-0.11389297655912234,-2289.0
2019-02-26 23:00:00,0.017603977435665552,6.280395838960195,-0.11139034049433061,-1696.4
2019-02-27 00:00:00,0.024680590520016477,6.535241271013659,-0.10772732100979976,-445.6
2019-02-27 01:00:00,-0.024758124056108777,6.530877627725885,-0.10773141088576565,-325.7
2019-02-27 02:00:00,-0.025667834192868888,6.525029657843462,-0.10628776353131286,-328.3
2019-02-27 03:00:00,-0.06575218189030752,6.522092798170152,-0.113553745177005,-321.5
2019-02-27 04:00:00,-0.089569218958784,6.520621127558696,-0.11228515136637895,-330.5
2019-02-27 05:00:00,-0.14532180491327873,6.520621127558696,-0.10876210939003084,-1560.3
2019-02-27 06:00:00,-0.1662720520349663,6.519147287940395,-0.10617905009836015,-2275.6
2019-02-27 07:00:00,-0.2019716584717015,6.508769136971682,-0.106587854928339,-2461.7
2019-02-27 08:00:00,-0.21205210540820474,6.4457198193855785,-0.11084777617957275,-2481.9
2019-02-27 09:00:00,-0.1940308536690476,6.419994928147142,-0.1139271895849232,-2527.9
2019-02-27 10:00:00,-0.21036899882013316,6.401917196727186,-0.12144330217058563,-2538.5
2019-02-27 11:00:00,-0.1838950834652131,6.373319789577012,-0.11487305645866996,-2191.7
2019-02-27 12:00:00,-0.22028863959441258,6.352629396319567,-0.11222535853310234,-1613.3
2019-02-27 13:00:00,-0.21908021907293218,6.331501849893691,-0.10412977047026484,-1528.1
2019-02-27 14:00:00,-0.19640976691693535,6.313548046277095,-0.1108575963969729,-1790.7
2019-02-27 15:00:00,-0.16606660579157406,6.297109319933935,-0.10806805388990703,-2040.2
2019-02-27 16:00:00,-0.17834539862041776,6.289715570908998,-0.12206856474144967,-2483.7
2019-02-27 17:00:00,-0.1847594613292025,6.320768294250582,-0.11193462998327064,-2365.0
2019-02-27 18:00:00,-0.17585407197967395,6.405228458030842,-0.10514782037992454,-2633.4
2019-02-27 19:00:00,-0.15736244953178957,6.259581464064923,-0.09959385549234234,-2771.0
2019-02-27 20:00:00,-0.17549590226419287,6.2766434893416445,-0.10227352874342266,-2415.4
2019-02-27 21:00:00,-0.15033184333670624,6.304448802421981,-0.1091490568425133,-1921.8
2019-02-27 22:00:00,-0.1495000270502742,6.343880434126331,-0.10273835308406642,-1344.9
2019-02-27 23:00:00,-0.16719543794120018,6.342121418721152,-0.09412402651048257,-692.2
2019-02-28 00:00:00,-0.21516044197349027,6.467698726104354,-0.12090678926359644,-277.5
2019-02-28 01:00:00,-0.33373313698260176,6.501289670540389,-0.11280454092499603,-310.5
2019-02-28 02:00:00,-0.3583907764105163,6.522092798170152,-0.1041279126377006,-312.0
2019-02-28 03:00:00,-0.4106044076552742,6.517671272912275,-0.10527284822278205,-287.5
2019-02-28 04:00:00,-0.19988362332592446,6.481577129276431,-0.09365858520984549,-266.2
2019-02-28 05:00:00,-0.16470123447201113,6.437751649736401,-0.08593292569451005,-665.5
2019-02-28 06:00:00,-0.11557909449662684,6.385194398997726,-0.0752974047499384,-2311.5
2019-02-28 07:00:00,-0.13853147808798205,6.317164686747284,-0.06378510897029521,-2888.4
2019-02-28 08:00:00,-0.1323756737580455,6.198478716492308,-0.059532197745655324,-2817.7
2019-02-28 09:00:00,-0.11058334708624962,6.082218910376446,-0.05738783789374047,-2753.9
2019-02-28 10:00:00,-0.07590908692482001,5.973809611869261,-0.054613773367925944,-2715.6
2019-02-28 11:00:00,-0.0958976633114732,5.8805329864007,-0.06349963956479066,-2353.4
2019-02-28 12:00:00,-0.009624202682602778,5.786897381366708,-0.07527979000346541,-2291.9
2019-02-28 13:00:00,-0.05847110279369616,5.713732805509369,-0.05271112895083352,-2323.9
2019-02-28 14:00:00,-0.054935081253197016,5.648974238161206,-0.07272725246722356,-2405.1
2019-02-28 15:00:00,-0.13619808994524396,5.560681631015528,-0.06326224084410548,-2415.3
2019-02-28 16:00:00,-0.08373705600812897,5.5093883366279774,-0.06514247044787158,-2609.5
2019-02-28 17:00:00,-0.07466828993938268,5.545177444479562,-0.04840708369863567,-2646.3
2019-02-28 18:00:00,-0.06483226316456436,5.602118820879701,-0.03516811668734299,-3013.7
2019-02-28 19:00:00,-0.05887246329900009,5.5093883366279774,-0.029008478758075107,-2846.5
2019-02-28 20:00:00,-0.05309829853028303,5.4510384535657,-0.028290380713961838,-2707.6
2019-02-28 21:00:00,-0.04790440054289613,5.3706380281276624,-0.031725818920898874,-2676.5
2019-02-28 22:00:00,-0.05509154750592504,5.308267697401205,-0.024922256713172608,-1959.8
2019-02-28 23:00:00,-0.05236473017377241,5.303304908059076,-0.016790698067469023,-1109.6
2019-03-01 00:00:00,0.19568582955841496,5.293304824724492,-0.008529531617900155,-419.3
2019-03-01 01:00:00,0.2189552832200743,5.37989735354046,-0.003553069805676934,-432.6
2019-03-01 02:00:00,0.21574798701359832,5.5053315359323625,-0.005296386456067559,-375.0
2019-03-01 03:00:00,0.1788424674879847,5.659482215759621,-0.004772821797397242,-508.8
2019-03-01 04:00:00,0.0860132841534118,5.8289456176102075,-0.004879429007867309,-446.1
2019-03-01 05:00:00,0.008510249810259385,5.971261839790462,0.015010904143212933,-1404.9
2019-03-01 06:00:00,0.030708537005589953,6.066108090103747,0.016837116723720236,-2608.4
2019-03-01 07:00:00,-0.00028331101093037603,6.07993319509559,0.01953835786394631,-3130.0
2019-03-01 08:00:00,0.008025099633600874,5.983936280687191,0.01607810519101882,-3073.4
2019-03-01 09:00:00,0.04172317799316927,5.863631175598097,0.017221522036919623,-3020.1
2019-03-01 10:00:00,0.193851877452758,5.768320995793772,0.03391233685266393,-3004.8
2019-03-01 11:00:00,0.07047779401132948,5.66988092298052,0.02056070828980605,-2937.5
2019-03-01 12:00:00,0.10579959668698358,5.568344503761097,0.030362605506714324,-2854.8
2019-03-01 13:00:00,0.08742779447313653,5.5134287461649825,0.020238398963745574,-2786.1
2019-03-01 14:00:00,0.10516504194103282,5.583496308781699,0.043277935390723776,-2769.0
2019-03-01 15:00:00,0.10920786391042059,5.6937321388027,0.028072792233287736,-2740.1
2019-03-01 16:00:00,0.08789497010852454,5.780743515792329,0.03461963004231716,-2685.9
2019-03-01 17:00:00,0.0456967208869421,5.831882477283517,0.029349056450511668,-2662.8
2019-03-01 18:00:00,0.01615485923258886,5.963579343618446,0.029016934208075718,-2720.8
2019-03-01 19:00:00,0.018944128659258652,5.733341276897746,0.015033894131612158,-2731.8
2019-03-01 20:00:00,0.051545954359230706,5.676753802268282,0.012070463675502907,-2728.7
2019-03-01 21:00:00,0.0750877467382347,5.602118820879701,0.010132941075427837,-2660.7
2019-03-01 22:00:00,0.12010252304889857,5.568344503761097,0.0026470584208748704,-2088.6
2019-03-01 23:00:00,0.12013678135155104,5.616771097666572,0.01846957467029764,-1389.1
2019-03-02 00:00:00,0.10483430274347638,5.948034989180646,-0.024263487723485966,-677.9
2019-03-02 01:00:00,0.1390585573667562,6.0112671744041615,-0.024993665907025786,-683.3
2019-03-02 02:00:00,0.13095643328594342,6.037870919922137,-0.02311004612880474,-592.5
2019-03-02 03:00:00,0.1322852682673079,6.07073772800249,-0.020541805882452913,-470.0
2019-03-02 04:00:00,0.09248647322741421,6.124683390894205,-0.01810150964988466,-440.4
2019-03-02 05:00:00,0.11735890905135715,6.192362489474872,-0.019034312437186784,-621.4
2019-03-02 06:00:00,0.1026596790319445,6.2422232654551655,-0.011447965631186996,-1740.1
2019-03-02 07:00:00,0.060835441239286414,6.240275845170769,0.007868084756592175,-2264.9
2019-03-02 08:00:00,0.058857081149112034,6.238324625039508,0.024697160331075274,-2601.8
2019-03-02 09:00:00,0.05191952993267135,6.253828811575473,0.041258773906678314,-2748.1
2019-03-02 10:00:00,0.15538420823320553,6.244166900663736,0.05258256692810015,-2814.5
2019-03-02 11:00:00,0.0926620643924867,6.218600119691729,0.04661852167303859,-2764.9
2019-03-02 12:00:00,0.1681789916316676,6.184148890937483,0.04251692256099471,-2683.7
2019-03-02 13:00:00,0.09053906075293261,6.129050210060545,0.04609389773686523,-1641.9
2019-03-02 14:00:00,0.08179295032292444,6.056784013228625,0.056515235039997336,-914.2
2019-03-02 15:00:00,0.05610586564139464,5.968707559985366,0.05138257576671812,-807.5
2019-03-02 16:00:00,0.09174634155877959,5.902633333401366,0.07643959268346823,-1993.7
2019-03-02 17:00:00,0.10196914531737322,5.877735781779639,0.08554115885742686,-2640.9
2019-03-02 18:00:00,0.08657245194037433,5.846438775057725,0.07997098537589853,-2844.7
2019-03-02 19:00:00,0.042792608891240036,5.68697535633982,0.06011254926987508,-2553.5
2019-03-02 20:00:00,0.027343185450274365,5.53338948872752,0.057469844276245574,-1507.7
2019-03-02 21:00:00,0.06464590836267226,5.365976015021851,0.05440078217701316,-1150.6
2019-03-02 22:00:00,0.08335089632897441,5.214935757608986,0.058391690713718525,-736.0
2019-03-02 23:00:00,0.05027734375561543,5.081404364984463,0.05663951335290207,-121.0
2019-03-03 00:00:00,0.13376962098937328,4.983606621708336,0.05235283210405761,209.7
2019-03-03 01:00:00,0.1820997814048395,4.867534450455582,0.05099037994099387,421.6
2019-03-03 02:00:00,0.21072418326440978,4.795790545596741,0.04505574676010582,435.9
2019-03-03 03:00:00,0.25845561299845965,4.6913478822291435,0.05062745000809521,652.7
2019-03-03 04:00:00,0.2391408145164733,4.532599493153256,0.05558906615156367,689.9
2019-03-03 05:00:00,0.2613867352690682,4.406719247264253,0.054677567860375476,718.5
2019-03-03 06:00:00,0.23403596705876684,4.2626798770413155,0.05376413169384975,650.6
2019-03-03 07:00:00,0.181324179455141,4.02535169073515,0.05242606585344323,602.7
2019-03-03 08:00:00,0.11974813283442565,3.784189633918261,0.0560979300879092,21.5
2019-03-03 09:00:00,0.11500305705121283,3.6375861597263857,0.0549563057664848,-380.5
2019-03-03 10:00:00,0.15710195636924373,3.6635616461296463,0.04614292257428865,-653.8
2019-03-03 11:00:00,0.13287228960555186,3.6635616461296463,0.032803208129625894,-428.6
2019-03-03 12:00:00,0.15982131139562528,3.6375861597263857,0.03496419834817566,-310.3
2019-03-03 13:00:00,0.1712250121447525,3.784189633918261,0.027911744496117663,-191.5
2019-03-03 14:00:00,0.1975640989532721,4.0943445622221,0.03695794431699184,-87.8
2019-03-03 15:00:00,0.2421150703184778,4.48863636973214,0.030396556558947907,-42.3
2019-03-03 16:00:00,0.2146922540972489,4.8283137373023015,0.0454361492537112,-259.5
2019-03-03 17:00:00,0.10250335557256696,5.075173815233827,0.05686918113764072,-1023.8
2019-03-03 18:00:00,0.046924065039303464,5.25227342804663,0.05964749471019104,-1366.4
2019-03-03 19:00:00,0.04363850356504706,5.262690188904886,0.04287269710469488,-1438.5
2019-03-03 20:00:00,0.05804020652285802,5.288267030694535,0.045734315966181605,-1379.3
2019-03-03 21:00:00,0.05671720017588777,5.293304824724492,0.04951273076208462,-999.4
2019-03-03 22:00:00,0.07467541696307389,5.288267030694535,0.05015230679107585,-617.2
2019-03-03 23:00:00,0.1479469546336687,5.272999558563747,0.05979939883073815,-274.2
2019-03-04 00:00:00,0.20437807035928435,5.288267030694535,0.06502640736273779,48.6
2019-03-04 01:00:00,0.2876185618439653,5.288267030694535,0.06771250206911805,188.9
2019-03-04 02:00:00,0.29041615660709086,5.272999558563747,0.06471416274164987,186.2
2019-03-04 03:00:00,0.26420028879829927,5.247024072160486,0.05871794184810408,140.3
2019-03-04 04:00:00,0.09769995524151831,5.214935757608986,0.06217499266811011,-111.1
2019-03-04 05:00:00,0.0061485781855452615,5.176149732573829,0.05323916242308968,-760.5
2019-03-04 06:00:00,-0.03873107243530782,5.10594547390058,0.04179946860275319,-1566.7
2019-03-04 07:00:00,-0.05857847073295863,4.983606621708336,0.028206925233077662,-2283.2
2019-03-04 08:00:00,-0.03232085786905614,4.6913478822291435,0.03533554048570142,-2321.3
2019-03-04 09:00:00,4.1837602241745486e-05,4.3694478524670215,0.0342131128659533,-2331.9
2019-03-04 10:00:00,-0.015167666698910232,3.9889840465642745,0.0300977963370066,-2314.6
2019-03-04 11:00:00,0.027070886086744572,3.713572066704308,0.025671180997568044,-2290.1
2019-03-04 12:00:00,0.05569094530526453,3.58351893845611,0.01774517908826123,-2246.1
2019-03-04 13:00:00,0.030633218109885618,3.58351893845611,0.007933578594178314,-2263.7
2019-03-04 14:00:00,0.03461305920540436,3.871201010907891,0.02139487044832933,-2279.4
2019-03-04 15:00:00,0.06752009816878868,4.219507705176107,0.018892550261314867,-2266.7
2019-03-04 16:00:00,0.02982885660629675,4.5217885770490405,0.019624124290920975,-2294.2
2019-03-04 17:00:00,-0.002564141597041214,4.852030263919617,0.026162218753228217,-2332.4
2019-03-04 18:00:00,-0.04580317476529805,5.1298987149230735,0.027757947239401837,-2370.1
2019-03-04 19:00:00,-0.02660391912916582,5.288267030694535,0.029780516057868134,-2402.5
2019-03-04 20:00:00,-0.02251396919265014,5.37989735354046,0.02321815667136562,-2106.5
2019-03-04 21:00:00,-0.014628205723284715,5.44673737166631,0.0323647806805587,-1582.5
2019-03-04 22:00:00,-0.013494237686780597,5.5134287461649825,0.03863658884316301,-684.8
2019-03-04 23:00:00,-0.015208361174036344,5.575949103146316,0.045754502854375545,-173.2
2019-03-05 00:00:00,0.08394360000725376,6.095824562432225,0.05219843231455723,56.5
2019-03-05 01:00:00,0.06239274792879801,6.102558594613569,0.05186708293338871,53.0
2019-03-05 02:00:00,0.047752336893609915,6.09807428216624,0.04719491324802494,49.0
2019-03-05 03:00:00,0.054971815431421156,6.0867747269123065,0.04498782866136963,60.9
2019-03-05 04:00:00,0.022372563376960475,6.07073772800249,0.048738529160720745,72.5
2019-03-05 05:00:00,-0.0391100324268594,6.052089168924417,0.043535460895261835,-616.8
2019-03-05 06:00:00,-0.038675340951088266,5.991464547107982,0.030275731447003018,-1770.0
2019-03-05 07:00:00,-0.02953110421170191,5.877735781779639,0.021032599661468865,-2539.5
2019-03-05 08:00:00,-0.02051949699040634,5.720311776607412,0.022106132501422238,-2598.2
2019-03-05 09:00:00,0.020996590296319173,5.560681631015528,0.0237052641511859,-2586.0
2019-03-05 10:00:00,0.03066594024588909,5.429345628954441,0.020072009283595982,-2578.2
2019-03-05 11:00:00,0.04176299814281892,5.365976015021851,0.013699752242710694,-2479.3
2019-03-05 12:00:00,0.051784600985628426,5.327876168789581,0.025830193530527623,-2455.8
2019-03-05 13:00:00,0.05693233628205707,5.337538079701318,0.0005195786468501495,-2454.0
2019-03-05 14:00:00,0.06677137459147575,5.429345628954441,0.01491385781853527,-2473.7
2019-03-05 15:00:00,0.0918611831294478,5.564520407322694,0.013503036601990814,-2519.8
2019-03-05 16:00:00,0.11115936122460468,5.765191102784844,0.015321071602777181,-2897.3
2019-03-05 17:00:00,0.13851868466134043,5.961005339623274,0.022582461012578214,-3078.0
2019-03-05 18:00:00,0.21552279938736696,6.129050210060545,0.017805462837770847,-3249.2
2019-03-05 19:00:00,0.17375450155010652,6.095824562432225,0.01290947955453614,-3250.1
2019-03-05 20:00:00,0.129685636535684,6.133398042996649,0.01640450656139958,-3159.0
2019-03-05 21:00:00,0.12286956751089706,6.182084906716632,0.016587996275719163,-3111.4
2019-03-05 22:00:00,0.15216566347086458,6.234410725718371,0.028262244242672097,-2913.5
2019-03-05 23:00:00,0.26326243824122564,6.306275286948016,0.0407596869304081,-1515.0
2019-03-06 00:00:00,0.320897291261518,6.42648845745769,0.054895581636186463,-679.3
2019-03-06 01:00:00,0.31019402448433153,6.448889394146858,0.05377970800914866,-682.6
2019-03-06 02:00:00,0.31651180330819884,6.456769655572163,0.04774394312325381,-695.9
2019-03-06 03:00:00,0.2753714758715833,6.46302945692067,0.04187171648331223,-720.4
2019-03-06 04:00:00,0.16216589291083627,6.459904454377535,0.04573054749453309,-784.1
2019-03-06 05:00:00,0.06427977850508304,6.448889394146858,0.04916374303003934,-1587.8
2019-03-06 06:00:00,0.04764032940479623,6.432940092739179,0.052906779501556755,-2521.2
2019-03-06 07:00:00,0.030382697071230425,6.398594934535208,0.04943626973477233,-3262.3
2019-03-06 08:00:00,0.01959503807834828,6.309918278226516,0.04625093878048059,-3227.3
2019-03-06 09:00:00,0.05340411850131632,6.208590026096629,0.04604453310094847,-3134.7
2019-03-06 10:00:00,0.08441911441402672,6.093569770045136,0.03132923159230572,-3071.0
2019-03-06 11:00:00,0.07839647427639163,5.986452005284438,0.026668038961530804,-2982.0
2019-03-06 12:00:00,0.053347270764739996,5.857933154483459,0.02545748781173085,-2911.2
2019-03-06 13:00:00,0.08156578754157584,5.793013608384144,0.008666000469178314,-2880.1
2019-03-06 14:00:00,0.09901159244907687,5.834810737062605,0.014985876190143799,-2824.0
2019-03-06 15:00:00,0.12591035883143498,5.921578419643816,0.01874981362537742,-2749.2
2019-03-06 16:00:00,0.09210487870958328,6.0473721790462776,0.016185100533441243,-2837.0
2019-03-06 17:00:00,0.05062929352933887,6.137727054086234,0.0325484818233992,-2916.6
2019-03-06 18:00:00,0.018534175073670056,6.192362489474872,0.03277207198906673,-2958.4
2019-03-06 19:00:00,0.008000173093669627,6.111467339502679,0.02847233408936045,-2851.6
2019-03-06 20:00:00,0.013454522860628426,6.126869184114185,0.01845868966610098,-2681.7
2019-03-06 21:00:00,0.035151941381758256,6.135564891081739,0.016060375960167406,-2609.5
2019-03-06 22:00:00,0.013852726975793761,6.131226489483141,0.015444938643207173,-1601.9
2019-03-06 23:00:00,0.09746217229531462,6.1092475827643655,0.02160904829436916,-697.1
2019-03-07 00:00:00,0.14679395648276694,6.2166061010848646,0.01631414423762667,-240.3
2019-03-07 01:00:00,0.10663040946014357,6.1779441140506,0.017028377997300836,-218.6
2019-03-07 02:00:00,0.09007769679755473,6.102558594613569,0.011808441626451227,-184.4
2019-03-07 03:00:00,0.09880098665144477,6.021023349349527,0.004766523780021181,-141.5
2019-03-07 04:00:00,0.1269301538426011,5.91350300563827,0.012846531985130305,-361.3
2019-03-07 05:00:00,0.08518900975513688,5.713732805509369,0.023726751282913128,-1096.4
2019-03-07 06:00:00,0.0799027621576851,5.455321115357702,0.043015817851830285,-1885.4
2019-03-07 07:00:00,0.06815574574864236,5.1298987149230735,0.04783781687365973,-2615.6
2019-03-07 08:00:00,0.08679175276008477,4.736198448394496,0.042529444535445826,-2590.9
2019-03-07 09:00:00,0.1145152963509588,4.356708826689592,0.04080586232678041,-2533.2
2019-03-07 10:00:00,0.19854371255593684,3.9318256327243257,0.027365710455470982,-2528.6
2019-03-07 11:00:00,0.15398533124847047,3.4965075614664802,0.01106942706637426,-2467.0
2019-03-07 12:00:00,0.2217024895111308,3.1354942159291497,0.014779870700072806,-2288.8
2019-03-07 13:00:00,0.1924924278230935,3.1354942159291497,0.017946428247049617,-2216.7
2019-03-07 14:00:00,0.19408004276370905,3.6375861597263857,0.009822291295362717,-2129.6
2019-03-07 15:00:00,0.1230355215912815,4.1588830833596715,0.013231794875380842,-2103.5
2019-03-07 16:00:00,0.12826165176687843,4.553876891600541,0.02359856199551391,-2348.6
2019-03-07 17:00:00,0.0724802154867108,4.77912349311153,0.03688407129309468,-2397.6
2019-03-07 18:00:00,0.034401757353586415,4.9344739331306915,0.03392035931719306,-2431.9
2019-03-07 19:00:00,0.0405272654298412,4.812184355372417,0.03371177122097091,-2399.9
2019-03-07 20:00:00,0.023112217757611297,4.948759890378168,0.021525418637392768,-2053.6
2019-03-07 21:00:00,0.01950536675553849,5.111987788356544,0.019047306104543082,-1449.7
2019-03-07 22:00:00,0.01633136749320041,5.267858159063328,0.01603348884325051,-765.4
2019-03-07 23:00:00,-0.014557769968322809,5.407171771460119,0.015274825180942031,-145.2
2019-03-08 00:00:00,-0.016304521054155696,5.762051382780177,-0.017723077357753247,237.5
2019-03-08 01:00:00,-0.023342390904530497,5.857933154483459,-0.00934539051018124,204.6
2019-03-08 02:00:00,-0.05399165159504404,5.918893854273146,-0.016080398057813028,181.7
2019-03-08 03:00:00,-0.06854432153518308,5.966146739123692,-0.01808416643563593,162.7
2019-03-08 04:00:00,-0.12427197368688248,6.003887067106539,-0.015548385357434746,11.8
2019-03-08 05:00:00,-0.12334342805983178,6.052089168924417,-0.0015053973724823422,-264.9
2019-03-08 06:00:00,-0.07440673033708922,6.1070228877422545,0.021226297142483475,-1311.5
2019-03-08 07:00:00,-0.062158714729017905,6.156978985585555,0.02934235796056761,-2213.9
2019-03-08 08:00:00,-0.05954021986216507,6.208590026096629,0.024570725236672253,-2202.7
2019-03-08 09:00:00,-0.04291183371533025,6.255750041753367,0.03283574983847082,-2058.5
2019-03-08 10:00:00,0.10437069408130384,6.295266001439646,0.05761183025805483,-1865.2
2019-03-08 11:00:00,-0.02411946859486358,6.318968113746434,0.05656171634291596,-1478.4
2019-03-08 12:00:00,0.007220781648853869,6.340359303727752,0.0753862868806694,-1348.7
2019-03-08 13:00:00,-0.022625221808017848,6.363028103540465,0.06805342897497191,-1083.3
2019-03-08 14:00:00,-0.019264782113612267,6.3835066348840055,0.08360017242993845,-748.7
2019-03-08 15:00:00,-0.02237560263877958,6.401917196727186,0.0771092921596006,-518.0
2019-03-08 16:00:00,-0.01802532775775667,6.423246963533519,0.07936013641919626,-784.1
2019-03-08 17:00:00,0.008879888002644165,6.444131256700441,0.07160382070080384,-2375.3
2019-03-08 18:00:00,0.028943341353895757,6.459904454377535,0.07245558961950316,-2533.1
2019-03-08 19:00:00,0.028557386487375602,6.359573868672378,0.06525965791033617,-2554.5
2019-03-08 20:00:00,0.008014790242366843,6.363028103540465,0.05207579828920128,-2118.1
2019-03-08 21:00:00,0.012507636983980941,6.369900982828227,0.051695402123407064,-1518.7
2019-03-08 22:00:00,0.0013006386034124517,6.376726947898627,0.034743747094662325,-886.7
2019-03-08 23:00:00,-0.22784316891767897,6.380122536899765,0.03353129419970813,-347.0
2019-03-09 00:00:00,-0.020483423608580686,6.511745329644728,0.017409208677081622,24.6
2019-03-09 01:00:00,-0.012491340760445002,6.51471269087253,0.025451092154685995,100.3
2019-03-09 02:00:00,-0.005743761502645217,6.517671272912275,0.028014029204276092,110.5
2019-03-09 03:00:00,0.045573116746299824,6.51471269087253,0.03134302948655865,103.2
2019-03-09 04:00:00,0.03451052547001687,6.508769136971682,0.033233589883885806,58.6
2019-03-09 05:00:00,0.07494069504068257,6.499787040655854,0.032799151909273405,23.5
2019-03-09 06:00:00,0.030450177281740487,6.490723534502507,0.03800389601096121,-135.9
2019-03-09 07:00:00,0.004362780897837926,6.47543271670409,0.040403874807989126,-318.4
2019-03-09 08:00:00,-0.003825973830233309,6.467698726104354,0.048977564038129806,-1187.2
2019-03-09 09:00:00,0.0022942926458178192,6.461468176353717,0.056797377334457444,-1659.4
2019-03-09 10:00:00,0.09354898613605034,6.4425401664681985,0.06892765592861938,-1597.4
2019-03-09 11:00:00,0.03505515720234387,6.405228458030842,0.06679103985562573,-1445.6
2019-03-09 12:00:00,0.09609133349736432,6.368187186350492,0.06529695089281518,-979.1
2019-03-09 13:00:00,0.03690005472951885,6.336825731146441,0.07087924459725237,-462.0
2019-03-09 14:00:00,0.049172921200995034,6.313548046277095,0.0784941417587719,-364.5
2019-03-09 15:00:00,0.021306197308677444,6.300785794663244,0.06645445112538084,-349.0
2019-03-09 16:00:00,0.028264945951653075,6.3080984415095305,0.0698437461251169,-643.8
2019-03-09 17:00:00,0.001368614340695462,6.345636360828596,0.061061894772646674,-1392.4
2019-03-09 18:00:00,-0.006528866983032788,6.39024066706535,0.055438730561886196,-2153.9
2019-03-09 19:00:00,-0.04442913055367459,6.315358001522335,0.04193683989965802,-1468.2
2019-03-09 20:00:00,-0.028551473999888888,6.345636360828596,0.03529598678192336,-647.0
2019-03-09 21:00:00,-0.0080804770494316,6.366470447731438,0.03179243414941979,-357.1
2019-03-09 22:00:00,-0.005193188247929914,6.375024819828097,0.03548992642703386,-325.1
2019-03-09 23:00:00,-0.01933980061560403,6.373319789577012,0.04345591798560111,-290.5
2019-03-10 00:00:00,0.04846323442807421,6.335054251498059,0.04441628250832075,217.0
2019-03-10 01:00:00,0.08229713495832058,6.336825731146441,0.047825820338030844,203.9
2019-03-10 02:00:00,0.09274000107209757,6.333279628139691,0.040312654864092856,191.4
2019-03-10 03:00:00,0.15644577501917034,6.333279628139691,0.04431828081483058,189.5
2019-03-10 04:00:00,0.16237679830463492,6.331501849893691,0.047782625258734335,234.8
2019-03-10 05:00:00,0.21880474372864045,6.326149473155099,0.0468589197425775,180.4
2019-03-10 06:00:00,0.22515658677649864,6.333279628139691,0.04677923717189891,-2.3
2019-03-10 07:00:00,0.17722581306285878,6.35088571671474,0.04243750796993684,-288.9
2019-03-10 08:00:00,0.07238693973850818,6.385194398997726,0.04549177005849803,-1190.6
2019-03-10 09:00:00,0.0665662304019814,6.421622267806518,0.05420920076348601,-1390.6
2019-03-10 10:00:00,0.11971442429762336,6.440946540632921,0.06642149954777565,-1401.6
2019-03-10 11:00:00,0.11266460346049634,6.434546518787453,0.06317760091512525,-1467.1
2019-03-10 12:00:00,0.11221126242437096,6.434546518787453,0.07693907442071257,-1394.2
2019-03-10 13:00:00,0.15922186728339627,6.436150368369428,0.06611348672177986,-1473.8
2019-03-10 14:00:00,0.19856685662065088,6.434546518787453,0.07382848012531973,-1490.6
2019-03-10 15:00:00,0.23172865649172403,6.431331081933479,0.057963386391602256,-1480.9
2019-03-10 16:00:00,0.24041950914761534,6.439350371100098,0.06039529133186772,-1963.2
2019-03-10 17:00:00,0.1428370758453319,6.450470422144176,0.05760044259618713,-2591.6
2019-03-10 18:00:00,0.07992430975897191,6.464588303689961,0.05383774706886957,-2646.2
2019-03-10 19:00:00,0.06565774180896433,6.343880434126331,0.04359970549731251,-2628.0
2019-03-10 20:00:00,0.0629484786180945,6.335054251498059,0.04646772267305632,-2571.7
2019-03-10 21:00:00,0.05551513247494544,6.324358962381311,0.050990927631395344,-2083.3
2019-03-10 22:00:00,0.08197649587868971,6.315358001522335,0.048641732485709355,-1928.9
2019-03-10 23:00:00,0.09157604575632439,6.313548046277095,0.05443334532609878,-1159.2
2019-03-11 00:00:00,0.2292055620797675,6.498282149476434,0.05805233802666443,-849.3
2019-03-11 01:00:00,0.2888900178321623,6.490723534502507,0.06387077625311921,-428.3
2019-03-11 02:00:00,0.29548973420779223,6.495265555937008,0.06318159539187196,-451.7
2019-03-11 03:00:00,0.28449410813811316,6.501289670540389,0.06255083270381157,-652.6
2019-03-11 04:00:00,0.13294376702607558,6.505784060128229,0.06292885625450939,-1485.7
2019-03-11 05:00:00,0.06421732435963934,6.51025834052315,0.06134831117234807,-2296.5
2019-03-11 06:00:00,0.03657453495395968,6.513230110912307,0.05870127940535674,-2844.1
2019-03-11 07:00:00,0.05198506697571981,6.498282149476434,0.05836685342185177,-3209.9
2019-03-11 08:00:00,0.07687060241443433,6.461468176353717,0.04906259199719898,-3247.1
2019-03-11 09:00:00,0.07987662345363367,6.416732282512326,0.04733938078016564,-3192.5
2019-03-11 10:00:00,0.0450585222813884,6.3784261836515865,0.051285029556450645,-3171.6
2019-03-11 11:00:00,0.08280736636562569,6.352629396319567,0.050663556424882294,-2946.1
2019-03-11 12:00:00,0.1177525947751592,6.331501849893691,0.04905461674081746,-2789.5
2019-03-11 13:00:00,0.08863361727131203,6.318968113746434,0.034425194041154406,-2695.1
2019-03-11 14:00:00,0.08514725163247183,6.317164686747284,0.041285028927548595,-2603.9
2019-03-11 15:00:00,0.11358387311289198,6.326149473155099,0.04741367910389371,-2589.8
2019-03-11 16:00:00,0.07808582961406962,6.3473892096560105,0.04057108013423161,-2614.1
2019-03-11 17:00:00,0.07187431074740136,6.373319789577012,0.04388689404932489,-3015.3
2019-03-11 18:00:00,0.08412544796771071,6.391917113392602,0.04533309206090941,-3203.4
2019-03-11 19:00:00,0.10232601504577543,6.257667587882639,0.04588166893723411,-3192.7
2019-03-11 20:00:00,0.11470563883030493,6.234410725718371,0.0332974356660678,-3143.0
2019-03-11 21:00:00,0.11478428641722926,6.20455776256869,0.04535197620737019,-2954.5
2019-03-11 22:00:00,0.1415972781063859,6.169610732491456,0.047499276101008014,-2887.3
2019-03-11 23:00:00,0.1566702987917501,6.1463292576688975,0.04877109639380084,-2524.5
2019-03-12 00:00:00,0.20533468287428258,6.186208623900494,0.06916105953413698,-817.5
2019-03-12 01:00:00,0.219784921680227,6.129050210060545,0.0687905637579016,-656.1
2019-03-12 02:00:00,0.20570530267060683,6.061456918928017,0.06411839407253783,-604.9
2019-03-12 03:00:00,0.2072190923523518,5.971261839790462,0.06192433819226739,-890.0
2019-03-12 04:00:00,0.13735643695372968,5.857933154483459,0.06467814557287799,-1265.9
2019-03-12 05:00:00,0.04685270615436732,5.726847747587197,0.0687219774405019,-2041.6
2019-03-12 06:00:00,0.0635345212423255,5.488937726156687,0.06769626409613672,-2671.6
2019-03-12 07:00:00,0.13304433363519674,5.14166355650266,0.07116324660535245,-2758.9
2019-03-12 08:00:00,0.13254349598340154,4.68213122712422,0.0630130491057157,-2686.9
2019-03-12 09:00:00,0.12836715688216982,4.0943445622221,0.06418531987515319,-2561.8
2019-03-12 10:00:00,0.1153260873553763,3.4011973816621555,0.05090987776929001,-2545.1
2019-03-12 11:00:00,0.10589312321503153,2.8903717578961645,0.03636982730455962,-2499.6
2019-03-12 12:00:00,0.10036906955134928,2.4849066497880004,0.04212685049082143,-2304.9
2019-03-12 13:00:00,0.09039228936367749,2.0794415416798357,0.015389741126301537,-2127.1
2019-03-12 14:00:00,0.09359592897410751,2.0794415416798357,0.02689902000956579,-2055.7
2019-03-12 15:00:00,0.09882202857036004,2.302585092994046,0.024626621820653227,-2033.5
2019-03-12 16:00:00,0.07717550840900556,2.70805020110221,0.03147413941054911,-2023.1
2019-03-12 17:00:00,0.04251819154919323,3.1780538303479458,0.04550610091451546,-2013.0
2019-03-12 18:00:00,0.01689005900863272,3.6109179126442243,0.046999419362907524,-2032.8
2019-03-12 19:00:00,0.016714609800818625,3.784189633918261,0.054596900351220334,-2035.6
2019-03-12 20:00:00,0.046513473612688205,3.970291913552122,0.05376517352273691,-1965.3
2019-03-12 21:00:00,0.05972345438716342,4.0943445622221,0.05586577239800228,-962.6
2019-03-12 22:00:00,0.07700858081494744,4.204692619390966,0.06317109894988704,-678.3
2019-03-12 23:00:00,0.1395316257153416,4.356708826689592,0.06863343122518106,-222.8
2019-03-13 00:00:00,0.1703389439375944,4.997212273764115,0.06795761905952613,211.7
2019-03-13 01:00:00,0.12153664924129126,5.111987788356544,0.06987817756016845,242.0
2019-03-13 02:00:00,0.12411852508958665,5.214935757608986,0.06616349688847656,231.3
2019-03-13 03:00:00,0.0912634487609374,5.308267697401205,0.06650729647954101,221.1
2019-03-13 04:00:00,0.03649617599771382,5.37989735354046,0.06697565610826928,-165.7
2019-03-13 05:00:00,-0.04180008134033164,5.43372200355424,0.07059049552136276,-1202.4
2019-03-13 06:00:00,-0.028872263486613647,5.459585514144159,0.06758722490577185,-2027.1
2019-03-13 07:00:00,-0.05385915059134305,5.41610040220442,0.06974841018875466,-2239.7
2019-03-13 08:00:00,-0.055334170323553256,5.267858159063328,0.06747734339436562,-2257.5
2019-03-13 09:00:00,-0.025349323004122848,5.1298987149230735,0.07353767368114639,-2224.8
2019-03-13 10:00:00,0.005676271667320432,4.983606621708336,0.07487543741809333,-2204.6
2019-03-13 11:00:00,0.003729980547575895,4.875197323201151,0.07803453711178765,-2182.6
2019-03-13 12:00:00,-0.017312422110066006,4.859812404361672,0.08245091237560853,-2173.4
2019-03-13 13:00:00,0.01167325879435932,4.919980925828125,0.06801771527735223,-2180.7
2019-03-13 14:00:00,0.03731802344373669,5.062595033026967,0.07569921734301577,-2201.9
2019-03-13 15:00:00,0.07723120093397107,5.204006687076795,0.07454117325379261,-2212.5
2019-03-13 16:00:00,0.041913512808189335,5.332718793265369,0.0667008906703428,-2251.2
2019-03-13 17:00:00,0.010699822815839255,5.442417710521793,0.06431959739029747,-2329.3
2019-03-13 18:00:00,-0.015382408431911632,5.545177444479562,0.053245783950981895,-2375.3
2019-03-13 19:00:00,-0.01448278831088512,5.389071729816501,0.05306085771827185,-2372.1
2019-03-13 20:00:00,-0.023831259659846893,5.365976015021851,0.04288519146410952,-2264.7
2019-03-13 21:00:00,-0.006609761704259309,5.318119993844216,0.04530222555466512,-1805.1
2019-03-13 22:00:00,-0.021766789759565253,5.288267030694535,0.046286044165782414,-726.4
2019-03-13 23:00:00,0.05361028976646498,5.288267030694535,0.04692685627865867,-210.7
2019-03-14 00:00:00,0.029958878049708204,5.598421958998375,0.029104086771262416,85.2
2019-03-14 01:00:00,0.01025441553947104,5.598421958998375,0.025817887240149773,79.3
2019-03-14 02:00:00,0.006777439220893466,5.60947179518496,0.017410697175121115,66.7
2019-03-14 03:00:00,0.016104739553145286,5.638354669333745,0.011202587830915434,55.4
2019-03-14 04:00:00,0.04245194266326857,5.645446897643238,0.008876697474219597,-261.6
2019-03-14 05:00:00,0.0350060877004017,5.6240175061873385,0.008306245254818378,-1681.7
2019-03-14 06:00:00,0.012964996897419923,5.583496308781699,0.006041689556204766,-2127.1
2019-03-14 07:00:00,0.00018016062440695535,5.53338948872752,0.011444717370527435,-2384.6
2019-03-14 08:00:00,0.025422806383792906,5.455321115357702,0.009275584581158292,-2406.1
2019-03-14 09:00:00,0.05144597476405455,5.4116460518550396,0.018109852673008575,-2358.4
2019-03-14 10:00:00,0.12872255895393847,5.429345628954441,0.033175458096792454,-2325.1
2019-03-14 11:00:00,0.08597108303910783,5.4680601411351315,0.030244055831585293,-2304.4
2019-03-14 12:00:00,0.16640020687568002,5.488937726156687,0.03700300748478291,-2144.3
2019-03-14 13:00:00,0.1364958591237171,5.521460917862246,0.04538604375519917,-2148.1
2019-03-14 14:00:00,0.14922334811469762,5.552959584921617,0.038246044733250883,-2161.2
2019-03-14 15:00:00,0.08868362088749793,5.605802066295998,0.033225056176845236,-2194.4
2019-03-14 16:00:00,0.10410310885688512,5.648974238161206,0.026541904812110495,-2365.4
2019-03-14 17:00:00,0.05031237717552539,5.713732805509369,0.01882652032196308,-2431.6
2019-03-14 18:00:00,0.01827959892608977,5.755742213586912,0.00415409635830688,-2503.1
2019-03-14 19:00:00,0.009845860410611085,5.659482215759621,0.002628676162582444,-2492.1
2019-03-14 20:00:00,0.05266170254896929,5.662960480135946,-0.010317330935191826,-2426.4
2019-03-14 21:00:00,0.0538414283641484,5.66988092298052,-0.011143666174602274,-2277.3
2019-03-14 22:00:00,0.05859640011081302,5.659482215759621,-0.015097429751922853,-1917.3
2019-03-14 23:00:00,0.10269941387335457,5.594711379601839,-0.015030524314386895,-1421.8
2019-03-15 00:00:00,0.18599113414156898,5.746203190540153,-0.030397518254480893,-458.0
2019-03-15 01:00:00,0.20564803904313678,5.676753802268282,-0.031158335897565337,-392.3
2019-03-15 02:00:00,0.2093377086526793,5.60947179518496,-0.03630012650706771,-373.9
2019-03-15 03:00:00,0.17566824922030078,5.5254529391317835,-0.03838943259638139,-356.9
2019-03-15 04:00:00,0.06941639085943363,5.420534999272286,-0.0280018464287215,-675.6
2019-03-15 05:00:00,-0.02190856721752077,5.313205979041787,-0.030469610358575316,-1539.3
2019-03-15 06:00:00,-0.018611568882656915,5.214935757608986,-0.03584624661884206,-2478.3
2019-03-15 07:00:00,-0.0005055579281689759,5.081404364984463,-0.041394193131210955,-2833.5
2019-03-15 08:00:00,0.011795759529793948,4.882801922586371,-0.040202730707570744,-2659.1
2019-03-15 09:00:00,0.03022117107387956,4.672828834461906,-0.039432096234510716,-2597.2
2019-03-15 10:00:00,0.17873711982250784,4.499809670330265,-0.013715712136590952,-2536.4
2019-03-15 11:00:00,0.05611166590367267,4.382026634673881,-0.02289182027722525,-2479.6
2019-03-15 12:00:00,0.08639027603202942,4.248495242049359,-0.013723726765880961,-2414.2
2019-03-15 13:00:00,0.062006543563388306,4.127134385045092,-0.02384793330884971,-2477.0
2019-03-15 14:00:00,0.073452563568432,4.04305126783455,-0.01652042978012691,-2418.8
2019-03-15 15:00:00,0.08759285821458418,3.9512437185814275,-0.026610534040766076,-2401.8
2019-03-15 16:00:00,0.07499156527261652,3.8501476017100584,-0.03095263555709682,-2430.5
2019-03-15 17:00:00,0.037426515238269786,3.912023005428146,-0.031732875475873,-2463.3
2019-03-15 18:00:00,0.02074097137522335,4.02535169073515,-0.02711452190361907,-2534.3
2019-03-15 19:00:00,0.006446858856885118,3.8918202981106265,-0.03012050334893157,-2396.2
2019-03-15 20:00:00,0.023763147210506208,3.8501476017100584,-0.037513666395105894,-1940.3
2019-03-15 21:00:00,0.03589481740828715,3.713572066704308,-0.02440738417674826,-1585.2
2019-03-15 22:00:00,0.05415998437957015,3.58351893845611,-0.039601304244617275,-1077.5
2019-03-15 23:00:00,0.05804048892365987,3.5263605246161616,-0.037374161545795204,-744.0
2019-03-16 00:00:00,0.051256437979173786,3.295836866004329,-0.004878135626350755,-438.2
2019-03-16 01:00:00,0.09204238692138711,3.2188758248682006,-0.0031807205196416888,-237.5
2019-03-16 02:00:00,0.10631857704504055,3.2188758248682006,0.0011284994582432262,-188.5
2019-03-16 03:00:00,0.14486721582747686,3.332204510175204,0.003676496768419746,-171.0
2019-03-16 04:00:00,0.11915472030957552,3.4339872044851463,0.0009466853208097703,-304.4
2019-03-16 05:00:00,0.1283070154185073,3.5553480614894135,0.0023480811541691793,-260.1
2019-03-16 06:00:00,0.10068143901983895,3.6635616461296463,-0.005740652951896408,-239.3
2019-03-16 07:00:00,0.052295679691151786,3.784189633918261,-0.009606545766671637,-323.4
2019-03-16 08:00:00,0.03823279073181096,3.871201010907891,-0.005714540086947828,-874.0
2019-03-16 09:00:00,0.04112935211132651,3.970291913552122,-0.013139929922362903,-1568.4
2019-03-16 10:00:00,0.14207602703071043,4.0943445622221,-0.002067429199446913,-1683.1
2019-03-16 11:00:00,0.07899114755747583,4.2626798770413155,-0.0060660081570365065,-1661.4
2019-03-16 12:00:00,0.126699515243192,4.442651256490317,-0.00788744696297794,-1560.7
2019-03-16 13:00:00,0.0488981120638865,4.564348191467836,-0.009410773575875275,-1279.3
2019-03-16 14:00:00,0.06406153369474588,4.59511985013459,-0.00023758155245268142,-1292.1
2019-03-16 15:00:00,0.08379452097536166,4.624972813284271,-0.008862467377479533,-1601.0
2019-03-16 16:00:00,0.09613017712307892,4.7535901911063645,-0.006529232659456596,-1688.3
2019-03-16 17:00:00,0.060699738403946935,4.997212273764115,-0.015403642323729372,-1766.5
2019-03-16 18:00:00,0.04390600562147107,5.231108616854587,-0.008661610476655923,-1856.6
2019-03-16 19:00:00,0.02174904536254374,5.2574953720277815,-0.012334200950232521,-1849.2
2019-03-16 20:00:00,0.04837085508614081,5.407171771460119,-0.01922807358511136,-1655.8
2019-03-16 21:00:00,0.0893019897157874,5.501258210544727,-0.015817024887702757,-1430.3
2019-03-16 22:00:00,0.10523687310319474,5.568344503761097,-0.010331675314116495,-1190.7
2019-03-16 23:00:00,0.10338260422480294,5.634789603169249,0.010926274687950155,-620.9
2019-03-17 00:00:00,0.06897393127638463,5.768320995793772,0.0499784740435949,-508.1
2019-03-17 01:00:00,0.13288263174642667,5.564520407322694,0.05256891223404381,-299.3
2019-03-17 02:00:00,0.1493450532257672,5.572154032177765,0.045844079477322275,-2.8
2019-03-17 03:00:00,0.155271376763229,5.429345628954441,0.05062745000809521,145.0
2019-03-17 04:00:00,0.11801410842353732,5.3981627015177525,0.04699861894652546,153.8
2019-03-17 05:00:00,0.1147561729187796,5.375278407684165,0.04764354120299519,194.5
2019-03-17 06:00:00,0.0591339110601492,5.356586274672012,0.04444005481872626,219.3
2019-03-17 07:00:00,-0.022703655920676802,5.318119993844216,0.0370174405005983,249.9
2019-03-17 08:00:00,-0.02618801606395582,5.19295685089021,0.029368580098249275,-88.4
2019-03-17 09:00:00,0.019156540414508427,5.0369526024136295,0.024627976745912328,-509.2
2019-03-17 10:00:00,0.051258465575247936,4.927253685157205,0.03316068602434097,-605.1
2019-03-17 11:00:00,0.0022294127968378596,4.897839799950911,0.03203190072540174,-481.5
2019-03-17 12:00:00,0.013023605873625499,4.859812404361672,0.04504571064475904,-449.6
2019-03-17 13:00:00,0.03566749246079137,4.859812404361672,0.03798544456265507,-478.4
2019-03-17 14:00:00,0.06241902193791837,4.927253685157205,0.05171549369595585,-403.5
2019-03-17 15:00:00,0.1097350882989967,5.030437921392435,0.038900666565248265,-422.7
2019-03-17 16:00:00,0.07849802771096925,5.170483995038151,0.033305598685203996,-621.6
2019-03-17 17:00:00,-0.010088582773680521,5.3230099791384085,0.024152508528647587,-1233.4
2019-03-17 18:00:00,-0.026037528827376644,5.4680601411351315,0.02051367133727755,-1640.6
2019-03-17 19:00:00,-0.07463746432313689,5.598421958998375,0.013350257838373736,-1386.9
2019-03-17 20:00:00,-0.1360656016540207,5.66988092298052,0.01594804838460462,-795.0
2019-03-17 21:00:00,-0.1349705236735459,5.71042701737487,0.023284175902455573,-579.7
2019-03-17 22:00:00,-0.17545330934805525,5.762051382780177,0.034176310857351844,-108.8
2019-03-17 23:00:00,-0.4051795178620039,5.823045895483019,0.04749155115614112,-96.1
2019-03-18 00:00:00,-0.05929423876822204,3.9512437185814275,0.03045894369601143,62.7
2019-03-18 01:00:00,-0.012867782853803078,3.9889840465642745,0.02621927004943103,43.6
2019-03-18 02:00:00,-0.06458891363616948,4.02535169073515,0.02408357409813977,37.1
2019-03-18 03:00:00,-0.04367932566840471,4.060443010546419,0.025134153123937075,18.6
2019-03-18 04:00:00,-0.013410062907569298,4.07753744390572,0.022954279514828535,-518.0
2019-03-18 05:00:00,-0.006222713617001663,4.0943445622221,0.0247086987656866,-1277.4
2019-03-18 06:00:00,-0.031198080127762484,4.110873864173311,0.009317363581298643,-2079.8
2019-03-18 07:00:00,-0.013721776083947201,4.110873864173311,0.005686620921898644,-2845.9
2019-03-18 08:00:00,-0.028014902207418757,4.0943445622221,-0.001979594825312958,-2619.9
2019-03-18 09:00:00,-0.02712568189209552,4.07753744390572,0.0038542688404268333,-2423.3
2019-03-18 10:00:00,-0.04774682698745325,4.04305126783455,0.02293444192344296,-2387.2
2019-03-18 11:00:00,-0.004243280980780195,4.02535169073515,0.02783802908265809,-2317.0
2019-03-18 12:00:00,0.041150351407832186,3.9889840465642745,0.03242973077118183,-2259.0
2019-03-18 13:00:00,0.01772072505004374,3.9318256327243257,0.025672402931560256,-2195.9
2019-03-18 14:00:00,0.018846171811231827,3.9318256327243257,0.027329605968144044,-2175.4
2019-03-18 15:00:00,0.04962463590747923,3.9318256327243257,0.028490261440528464,-2168.7
2019-03-18 16:00:00,0.01360656597999732,3.912023005428146,0.01229808419884737,-2197.5
2019-03-18 17:00:00,-0.0067375768222524,3.912023005428146,0.0030063360902081726,-2356.8
2019-03-18 18:00:00,-0.01047186455249216,3.8918202981106265,-0.0002913565704982801,-2725.9
2019-03-18 19:00:00,0.019059891344730406,3.871201010907891,0.00041929486047642683,-2888.7
2019-03-18 20:00:00,0.03900087926643847,3.828641396489095,-0.0031763374515767495,-2682.6
2019-03-18 21:00:00,0.03818540479045307,3.784189633918261,0.00810780303499925,-2471.6
2019-03-18 22:00:00,0.04171939052350604,3.7376696182833684,0.013090496415466113,-2301.1
2019-03-18 23:00:00,-0.023064286718069482,3.713572066704308,0.011957123271084669,-893.7
2019-03-19 00:00:00,0.1169808092789939,6.169610732491456,0.02859387454513662,-456.7
2019-03-19 01:00:00,0.12705252003002965,6.1779441140506,0.02593242702234555,-444.5
2019-03-19 02:00:00,0.08724010840072838,6.175867270105761,0.022851347569223357,-436.9
2019-03-19 03:00:00,0.066277602476839,6.171700597410915,0.019829269025214202,-418.3
2019-03-19 04:00:00,0.07916694637219646,6.1675164908883415,0.016076216698119872,-749.1
2019-03-19 05:00:00,0.013957273168563322,6.154858094016418,0.013841615777398175,-1503.1
2019-03-19 06:00:00,0.03384331647127237,6.124683390894205,0.004035158794486016,-2555.1
2019-03-19 07:00:00,0.11794532436982808,6.018593214496234,0.004702808323123975,-2882.2
2019-03-19 08:00:00,0.17595096801291854,5.749392985908253,-0.0008010967738130148,-2847.3
2019-03-19 09:00:00,0.12615587846579146,5.278114659230517,0.0013780853334006693,-2702.5
2019-03-19 10:00:00,0.06582667049266044,5.003946305945459,0.006137056987845391,-2610.0
2019-03-19 11:00:00,0.053854502378943625,4.795790545596741,0.0002967221153697963,-2579.1
2019-03-19 12:00:00,0.0606111831294478,4.532599493153256,0.01153886341977195,-2561.2
2019-03-19 13:00:00,0.060579479599935926,4.276666119016055,-0.010022687665174779,-2539.0
2019-03-19 14:00:00,0.0663143361922951,4.02535169073515,0.0027833072500280664,-2504.1
2019-03-19 15:00:00,0.08053090103202942,3.6375861597263857,-0.0007668262680562421,-2500.5
2019-03-19 16:00:00,0.07852140363236071,3.332204510175204,0.0034073044769282745,-2532.0
2019-03-19 17:00:00,0.13220694630953922,3.295836866004329,0.0035621363335485157,-2567.2
2019-03-19 18:00:00,0.2184271397843398,3.332204510175204,0.0003123053902536199,-2587.2
2019-03-19 19:00:00,0.29371216251849663,3.58351893845611,0.0063947985333419055,-2629.7
2019-03-19 20:00:00,0.19318937445967377,4.174387269895637,0.01126688058180747,-2589.7
2019-03-19 21:00:00,0.09976479081895828,4.844187086458591,0.015103215008140047,-2572.6
2019-03-19 22:00:00,0.12865112762522335,5.3230099791384085,0.024475795190168625,-2621.9
2019-03-19 23:00:00,0.24676819059497923,5.648974238161206,0.02536292395969486,-1860.9
2019-03-20 00:00:00,0.26871153809094794,6.045005314036012,0.03458238318546769,-506.0
2019-03-20 01:00:00,0.217360307875897,6.194405391104672,0.03111363410992407,-485.1
2019-03-20 02:00:00,0.12354807441809923,6.284134161070802,0.026608126983414415,-431.7
2019-03-20 03:00:00,0.06000642387585042,6.335054251498059,0.023782351813199654,-442.1
2019-03-20 04:00:00,0.027318191026883376,6.345636360828596,0.015366206169555419,-611.9
2019-03-20 05:00:00,-0.0233607143945318,6.315358001522335,0.011882894694585033,-994.1
2019-03-20 06:00:00,-0.01801285554241705,6.253828811575473,0.00012980531661366257,-1785.1
2019-03-20 07:00:00,-0.04451861110188737,6.144185634125646,-0.0010653444502137788,-2870.0
2019-03-20 08:00:00,-0.06644665569352659,5.961005339623274,0.0009494916432402078,-2797.4
2019-03-20 09:00:00,-0.055216004233547,5.765191102784844,0.00985754108484116,-2630.9
2019-03-20 10:00:00,-0.033653986509074585,5.575949103146316,0.016867663580470982,-2481.2
2019-03-20 11:00:00,-0.041684246005158965,5.407171771460119,0.01784445230301568,-2123.7
2019-03-20 12:00:00,-0.06694863453153266,5.25227342804663,0.013508129796479196,-2089.0
2019-03-20 13:00:00,-0.03673290090193859,5.135798437050262,-0.0033371443921774713,-2075.4
2019-03-20 14:00:00,-0.007250296036139581,5.123963979403259,-0.00021198471928762785,-2077.9
2019-03-20 15:00:00,0.04067360520017349,5.19295685089021,-0.008442194069873565,-2124.6
2019-03-20 16:00:00,0.017742442836773176,5.389071729816501,-0.007786084709443308,-2179.2
2019-03-20 17:00:00,-0.005821893061884964,5.676753802268282,-0.00920053239512697,-2658.2
2019-03-20 18:00:00,-0.041886130214890294,5.924255797414532,-0.01096667807384133,-2759.1
2019-03-20 19:00:00,-0.03214582349365802,5.8971538676367405,-0.005527324130106592,-2787.6
2019-03-20 20:00:00,-0.006057171538989881,6.008813185442595,-0.00732542748961329,-2828.8
2019-03-20 21:00:00,0.017568555533286734,6.07073772800249,-0.0011491770917624322,-2193.4
2019-03-20 22:00:00,0.02974353929693363,6.102558594613569,0.005464049645526714,-1722.8
2019-03-20 23:00:00,0.10050399973579927,6.1224928095143865,0.005157443402363349,-1136.7
2019-03-21 00:00:00,0.07877611351139002,6.248042874508429,0.0025431692230721836,-510.8
2019-03-21 01:00:00,0.027696718202813386,6.261491684321042,0.0008467951460593426,-408.1
2019-03-21 02:00:00,-0.02001644981328088,6.272877006546167,-0.005189134742120238,-390.4
2019-03-21 03:00:00,-0.042381149003472895,6.278521424165844,-0.007413894776849617,-395.8
2019-03-21 04:00:00,-0.0405244916110199,6.269096283706261,-0.012837062749564865,-500.3
2019-03-21 05:00:00,-0.008869344306743798,6.226536669287466,-0.014484525080923127,-807.9
2019-03-21 06:00:00,-0.00558751691461401,6.163314804034641,-0.018632459393690404,-1718.1
2019-03-21 07:00:00,-0.028452596593410817,6.049733455231958,-0.01381826454943802,-2701.4
2019-03-21 08:00:00,-0.013060892177869654,5.934894195619588,-0.018443184940669433,-2712.2
2019-03-21 09:00:00,-0.02814940568216162,5.749392985908253,-0.015445447175208571,-2508.6
2019-03-21 10:00:00,0.02974464427660939,5.564520407322694,4.7658784090742756e-05,-2263.8
2019-03-21 11:00:00,-0.015525086527462761,5.5909869805108565,-0.003934605341907371,-1965.1
2019-03-21 12:00:00,0.06420635201820035,5.707110264748875,-0.00031475552241211346,-2027.6
2019-03-21 13:00:00,0.03669348653811788,5.857933154483459,0.00736431891651268,-2046.2
2019-03-21 14:00:00,0.050670842660524684,6.008813185442595,-0.002391600998575605,-2072.8
2019-03-21 15:00:00,-0.010174317282761525,6.102558594613569,-0.010227472390186065,-2095.1
2019-03-21 16:00:00,0.02942172164247392,6.175867270105761,-0.006321396096074849,-2164.6
2019-03-21 17:00:00,-0.01026935900973358,6.248042874508429,-0.01603054954354466,-2694.5
2019-03-21 18:00:00,-0.03527358342889819,6.361302477572996,-0.021976543064931242,-2797.6
2019-03-21 19:00:00,-0.03537679174242836,6.295266001439646,-0.016645456450284257,-2816.2
2019-03-21 20:00:00,0.006418954828746326,6.361302477572996,-0.02090744503657227,-2680.6
2019-03-21 21:00:00,-0.0011241706022309117,6.406879986069314,-0.015751969260796805,-2102.8
2019-03-21 22:00:00,-0.024374922200456783,6.428105272684596,-0.013517650592405062,-1389.6
2019-03-21 23:00:00,-0.03423237874060403,6.429719478039138,-0.01665127021212065,-817.2
2019-03-22 00:00:00,0.045547030262590216,6.519147287940395,-0.018563060607478477,-875.5
2019-03-22 01:00:00,0.06696465150918618,6.489204931325317,-0.021031667079636662,-797.8
2019-03-22 02:00:00,0.08799280901034123,6.4457198193855785,-0.019422088719716513,-843.5
2019-03-22 03:00:00,0.059076726467818474,6.401917196727186,-0.01808416643563593,-819.0
2019-03-22 04:00:00,-0.007699889102236401,6.354370040797351,0.004060086030941434,-965.2
2019-03-22 05:00:00,-0.05967630935978274,6.297109319933935,7.938901308879309e-05,-1174.6
2019-03-22 06:00:00,-0.02256184705313391,6.226536669287466,0.0035527885249857505,-2823.6
2019-03-22 07:00:00,0.09199196509824059,6.1070228877422545,-0.015552961947324029,-2988.3
2019-03-22 08:00:00,0.06482542467605024,5.918893854273146,-0.016427465213912917,-2888.6
2019-03-22 09:00:00,0.01226333720621886,5.720311776607412,-0.028889829922485788,-2845.1
2019-03-22 10:00:00,0.11110310710346116,5.666426688112432,-0.01753396801640328,-2616.2
2019-03-22 11:00:00,-0.02976989512575612,5.765191102784844,-0.027496586663973588,-2505.6
2019-03-22 12:00:00,-0.004440434726946663,5.902633333401366,-0.0291204897365942,-2443.7
2019-03-22 13:00:00,-0.03876680808753186,6.035481432524756,-0.04079749162262303,-2390.0
2019-03-22 14:00:00,-0.03567540680748449,6.139884552226255,-0.027500932263571087,-2136.9
2019-03-22 15:00:00,-0.023933639827494524,6.2324480165505225,-0.03444756474804578,-2122.3
2019-03-22 16:00:00,-0.021084213650385042,6.343880434126331,-0.032529922950345735,-2462.4
2019-03-22 17:00:00,-0.01489930376347015,6.461468176353717,-0.014006014363537211,-2797.4
2019-03-22 18:00:00,-0.03645781632669287,6.529418838262226,-0.006542367828410889,-2850.6
2019-03-22 19:00:00,-0.04565572523922601,6.421622267806518,-0.014841367302216746,-2746.9
2019-03-22 20:00:00,-0.044063602512744104,6.432940092739179,-0.02175289886061016,-2206.1
2019-03-22 21:00:00,-0.0450713440477748,6.440946540632921,-0.0022895789231291985,-1769.1
2019-03-22 22:00:00,-0.076578254822945,6.439350371100098,-0.02232403367321556,-1679.5
2019-03-22 23:00:00,-0.1181145529546308,6.423246963533519,-0.02729004247916933,-1159.5
2019-03-23 00:00:00,-0.11350974821934345,6.54965074223381,-0.05625929961546916,-704.6
2019-03-23 01:00:00,-0.10477579964823258,6.529418838262226,-0.05775521658232119,-463.5
2019-03-23 02:00:00,-0.18061545896742137,6.502790045915623,-0.05229666721533732,-221.7
2019-03-23 03:00:00,-0.12570770830267186,6.4692503167957724,-0.05057409298132853,-211.6
2019-03-23 04:00:00,-0.12725292678205502,6.436150368369428,-0.0564530354385786,-264.3
2019-03-23 05:00:00,-0.0751722065882352,6.423246963533519,-0.04941639612530935,-334.9
2019-03-23 06:00:00,-0.07739172922747084,6.411818267709897,-0.05917573440792179,-341.6
2019-03-23 07:00:00,-0.058223918776701744,6.401917196727186,-0.06309523071765799,-1010.2
2019-03-23 08:00:00,-0.04586322962129108,6.413458957167357,-0.053555036568672776,-1465.9
2019-03-23 09:00:00,-0.0629462292225833,6.434546518787453,-0.05906020043094973,-1423.4
2019-03-23 10:00:00,-0.048991801098098975,6.466144724237619,-0.04903962661911887,-508.4
2019-03-23 11:00:00,-0.18035906917645628,6.486160788944089,-0.054140438071889285,-246.9
2019-03-23 12:00:00,-0.1704945187884075,6.501289670540389,-0.06780553329708194,-155.8
2019-03-23 13:00:00,-0.23421400201411302,6.516193076042964,-0.08104838874205988,-176.2
2019-03-23 14:00:00,-0.2473197809329406,6.532334292222349,-0.06905667599491405,-195.2
2019-03-23 15:00:00,-0.2269925471427281,6.54965074223381,-0.07039475906612491,-167.4
2019-03-23 16:00:00,-0.17492300269511363,6.5638555265321274,-0.06368764649940584,-227.1
2019-03-23 17:00:00,-0.0796217511097983,6.576469569048224,-0.06458727492239724,-1135.5
2019-03-23 18:00:00,-0.05809316233365003,6.593044534142437,-0.05162764636009953,-2352.1
2019-03-23 19:00:00,-0.0801518033753732,6.470799503782602,-0.044607761500528476,-2025.5
2019-03-23 20:00:00,-0.07262323419113548,6.476972362889683,-0.06195928228680625,-1256.2
2019-03-23 21:00:00,-0.10645575214724357,6.481577129276431,-0.0649669659993144,-662.9
2019-03-23 22:00:00,-0.16158997843710843,6.483107351457199,-0.07719032051292718,-640.4
2019-03-23 23:00:00,-0.17207224165741763,6.47543271670409,-0.050606017000695225,-652.5
2019-03-24 00:00:00,-0.07697998134669559,6.642486801367256,-0.07655909424703555,-480.1
2019-03-24 01:00:00,-0.037182504210552025,6.646390514847729,-0.06708890812460666,-490.8
2019-03-24 02:00:00,0.03529754675447139,6.650279048587422,-0.08084373452202076,-508.1
2019-03-24 03:00:00,0.09970152560841816,6.650279048587422,-0.07485020780933116,-516.5
2019-03-24 04:00:00,0.0840822816990352,6.651571873589727,-0.07019635435830374,-515.1
2019-03-24 05:00:00,0.10937820955346345,6.643789733147672,-0.08197395210039105,-508.5
2019-03-24 06:00:00,0.12578411296329506,6.610696044717759,-0.08452943837837168,-482.7
2019-03-24 07:00:00,0.06946680387898008,6.601230118728877,-0.08504492477515946,-678.3
2019-03-24 08:00:00,0.025680652332563447,6.591673732008658,-0.07840282014388755,-1152.8
2019-03-24 09:00:00,-0.02107326539254073,6.582025138892826,-0.09113631273101053,-821.0
2019-03-24 10:00:00,-0.04679298821854028,6.568077911411976,-0.07467962909999137,-437.8
2019-03-24 11:00:00,-0.11440749092892277,6.546785410760524,-0.07538834789543536,-434.6
2019-03-24 12:00:00,-0.10796970541300599,6.52649485957079,-0.06667932292770917,-443.4
2019-03-24 13:00:00,-0.28314212321255106,6.499787040655854,-0.08230651839649283,-428.2
2019-03-24 14:00:00,-0.24195825131819904,6.464588303689961,-0.07555730040453223,-414.7
2019-03-24 15:00:00,-0.017732203139859237,6.434546518787453,-0.07772830087302829,-398.8
2019-03-24 16:00:00,-0.02920374253610669,6.415096959171596,-0.06943102110010901,-555.3
2019-03-24 17:00:00,-0.07910058368072415,6.403574197934815,-0.07927823348839258,-857.8
2019-03-24 18:00:00,-0.043482036418954095,6.393590753950631,-0.07171391514600955,-2139.9
2019-03-24 19:00:00,-0.02028177953119359,6.2422232654551655,-0.0628919406034889,-2376.4
2019-03-24 20:00:00,-0.025738775682277115,6.226536669287466,-0.06428364161964684,-2126.6
2019-03-24 21:00:00,-0.07674554649013876,6.212606095751519,-0.06310614734606457,-970.5
2019-03-24 22:00:00,-0.08379985856415884,6.210600077024653,-0.05478900953133081,-666.7
2019-03-24 23:00:00,-0.00014572310967420066,6.214608098422191,-0.04743170660814666,-536.6
2019-03-25 00:00:00,-0.2109393341918917,6.29156913955832,-0.05372234541360399,-517.1
2019-03-25 01:00:00,-0.07928665034558158,6.282266746896006,-0.05448979334943527,-514.5
2019-03-25 02:00:00,-0.09216926081834265,6.2766434893416445,-0.05556048896178645,-517.4
2019-03-25 03:00:00,-0.04367932566840471,6.249975242259483,-0.06021783168808703,-558.9
2019-03-25 04:00:00,-0.10357152125402358,6.198478716492308,-0.04603859197212312,-733.4
2019-03-25 05:00:00,-0.07911102468526865,6.124683390894205,-0.03815567237276518,-1135.0
2019-03-25 06:00:00,-0.10971755826077745,6.0063531596017325,-0.038776051444634696,-2059.0
2019-03-25 07:00:00,-0.09148474188213651,5.857933154483459,-0.04242761515477511,-2522.0
2019-03-25 08:00:00,-0.05715542920645422,5.616771097666572,-0.06412976995058539,-2645.2
2019-03-25 09:00:00,-0.05791180490784553,5.407171771460119,-0.08923615422558484,-2440.7
2019-03-25 10:00:00,-0.08771408739451925,5.236441962829949,-0.07201634883837915,-2320.2
2019-03-25 11:00:00,-0.04512418392790263,5.176149732573829,-0.06906071340680509,-2253.1
2019-03-25 12:00:00,-0.015966374052746257,5.093750200806762,-0.07276882845257049,-2110.4
2019-03-25 13:00:00,-0.045432492673492586,5.0369526024136295,-0.08090985997658873,-2088.9
2019-03-25 14:00:00,-0.04885991611798701,5.087596335232384,-0.086117429537234,-2058.8
2019-03-25 15:00:00,-0.01845225159603414,5.123963979403259,-0.06542485958179522,-2040.9
2019-03-25 16:00:00,-0.0522759882491739,5.117993812416755,-0.0728433844056724,-2068.7
2019-03-25 17:00:00,-0.07127609795982348,5.153291594497779,-0.06828996014045963,-2185.1
2019-03-25 18:00:00,-0.07858526366614615,5.236441962829949,-0.05964035179026528,-2345.4
2019-03-25 19:00:00,-0.02799959276814068,5.236441962829949,-0.04797123986911256,-2526.2
2019-03-25 20:00:00,-0.017001672430832393,5.493061443340548,-0.04955485032692941,-2428.3
2019-03-25 21:00:00,-0.024988436524879365,5.700443573390687,-0.04616611949068883,-1881.3
2019-03-25 22:00:00,-0.00015231542252314156,5.802118375377063,-0.04406791742448224,-1839.5
2019-03-25 23:00:00,-0.0018069276911876209,5.846438775057725,-0.05592029913200136,-986.8
2019-03-26 00:00:00,-0.044575250793724486,5.62040086571715,-0.015351357387854314,-442.9
2019-03-26 01:00:00,-0.09615598532921599,5.723585101952381,-0.02051176497828422,-486.5
2019-03-26 02:00:00,-0.13223860456206227,5.793013608384144,-0.01936271240403098,-491.9
2019-03-26 03:00:00,-0.12868174289147438,5.87493073085203,-0.015830911373670098,-488.7
2019-03-26 04:00:00,-0.21721840120788594,5.924255797414532,-0.025899275519450704,-674.5
2019-03-26 05:00:00,-0.14570435453361386,5.908082938168931,-0.031207486890959757,-837.1
2019-03-26 06:00:00,-0.1194278558234787,5.872117789475416,-0.037433278007134696,-2111.9
2019-03-26 07:00:00,-0.06262235883803013,5.736572297479192,-0.03695465798888087,-2576.6
2019-03-26 08:00:00,-0.06467627580863722,5.455321115357702,-0.04446322977147421,-2506.0
2019-03-26 09:00:00,-0.07366546513483918,5.170483995038151,-0.04559290423937323,-2241.9
2019-03-26 10:00:00,-0.04528465204877241,4.912654885736052,-0.03996101771251759,-1941.3
2019-03-26 11:00:00,-0.039876688761817825,4.672828834461906,-0.052022901656077813,-1866.9
2019-03-26 12:00:00,-0.020803202433692825,4.394449154672439,-0.0397544309677782,-1844.5
2019-03-26 13:00:00,-0.006951759470892771,4.060443010546419,-0.0644684817205885,-1850.2
2019-03-26 14:00:00,-0.007178440617508386,3.6635616461296463,-0.05047908500296039,-2144.5
2019-03-26 15:00:00,0.010446797566307175,3.332204510175204,-0.05437189178361912,-2153.8
2019-03-26 16:00:00,0.004568610581498156,3.2188758248682006,-0.04571999516796765,-2285.4
2019-03-26 17:00:00,0.0187802169806921,3.4965075614664802,-0.0471871095425449,-2494.0
2019-03-26 18:00:00,0.08024994791630125,3.784189633918261,-0.04788979642762392,-2560.8
2019-03-26 19:00:00,0.08717535513628105,4.127134385045092,-0.03967575558344727,-2577.5
2019-03-26 20:00:00,0.02604593147852885,4.653960350157523,-0.032349055056831055,-2393.0
2019-03-26 21:00:00,0.021117654270599306,5.099866427824199,-0.02506891642467579,-2073.6
2019-03-26 22:00:00,0.06147051632618572,5.476463551931511,-0.009478083740175336,-2099.3
2019-03-26 23:00:00,0.15553616515291058,5.786897381366708,-0.01743282991741424,-1682.7
2019-03-27 00:00:00,0.15866513144186323,6.282266746896006,-0.015589951210915665,-673.6
2019-03-27 01:00:00,0.10472953092491011,6.352629396319567,-0.021636931275605065,-703.3
2019-03-27 02:00:00,0.10104279682401751,6.395261598115449,-0.022023821854622483,-733.0
2019-03-27 03:00:00,0.03164410916953253,6.424869023905388,-0.019191427034792596,-813.1
2019-03-27 04:00:00,-0.0787450653485493,6.437751649736401,-0.03655137291208188,-878.6
2019-03-27 05:00:00,-0.10504911164803099,6.429719478039138,-0.039002486164975814,-1736.7
2019-03-27 06:00:00,-0.06586427286985197,6.421622267806518,-0.03615535442315032,-2910.2
2019-03-27 07:00:00,-0.03279620455030097,6.398594934535208,-0.029524032614752116,-2951.7
2019-03-27 08:00:00,-0.020538416250587943,6.373319789577012,-0.030682421077878885,-2959.4
2019-03-27 09:00:00,-0.030796454039629495,6.324358962381311,-0.02843874399243873,-2922.4
2019-03-27 10:00:00,-0.04920267913867349,6.285998094508865,-0.02934025842380006,-2911.1
2019-03-27 11:00:00,-0.06432672275491846,6.309918278226516,-0.04305716503709611,-2887.6
2019-03-27 12:00:00,-0.09334710838606375,6.3561076606958915,-0.038932566248141676,-2840.3
2019-03-27 13:00:00,-0.07027225123183056,6.366470447731438,-0.05602167422225257,-2785.2
2019-03-27 14:00:00,-0.0644230466908784,6.329720905522696,-0.049653203044952576,-2644.3
2019-03-27 15:00:00,-0.0060997353252441044,6.272877006546167,-0.05066895224620627,-2725.7
2019-03-27 16:00:00,-0.05413888533516786,6.20050917404269,-0.04721910242958671,-2648.5
2019-03-27 17:00:00,-0.06688043594042448,6.1779441140506,-0.05276875258340752,-2842.5
2019-03-27 18:00:00,-0.06081856434734689,6.126869184114185,-0.05203708894116943,-2840.6
2019-03-27 19:00:00,-0.05840759065502077,6.016157159698354,-0.04683999579465148,-2854.1
2019-03-27 20:00:00,-0.05474302960468158,6.059123195581797,-0.048458415637005814,-2869.4
2019-03-27 21:00:00,-0.03213261950705304,6.115892125483034,-0.037265280574604986,-2572.4
2019-03-27 22:00:00,-0.026887128647540504,6.1675164908883415,-0.028277872370624735,-2246.3
2019-03-27 23:00:00,0.03270360494715163,6.210600077024653,-0.04422531337700253,-1751.4
2019-03-28 00:00:00,-0.04222677274661457,6.391917113392602,-0.057979500205039614,-818.6
2019-03-28 01:00:00,-0.026786856140878168,6.429719478039138,-0.06227891262821483,-725.7
2019-03-28 02:00:00,-0.04816174838860077,6.467698726104354,-0.05455089081050968,-751.6
2019-03-28 03:00:00,-0.08346800910599406,6.523562306149512,-0.05338939637705309,-772.5
2019-03-28 04:00:00,-0.08308410602981597,6.558197802812269,-0.07488546188370471,-1116.4
2019-03-28 05:00:00,-0.09866468745971524,6.582025138892826,-0.07849324488159848,-1820.4
2019-03-28 06:00:00,-0.09189168029626682,6.588926477533519,-0.05879229620162807,-2567.7
2019-03-28 07:00:00,-0.1104297109195631,6.582025138892826,-0.03973604255322449,-2850.3
2019-03-28 08:00:00,-0.0895327845614955,6.546785410760524,-0.05152890952643485,-2981.2
2019-03-28 09:00:00,-0.0793407060872684,6.507277712385012,-0.054013554331016955,-2833.3
2019-03-28 10:00:00,-0.004002056700644019,6.466144724237619,-0.04668623771997371,-2754.9
2019-03-28 11:00:00,-0.05038081586637144,6.472346294500901,-0.06791898425225629,-2645.4
2019-03-28 12:00:00,0.03049820863682129,6.481577129276431,-0.06551255604081252,-2631.8
2019-03-28 13:00:00,0.0022343214334026307,6.467698726104354,-0.06266034825783873,-2570.9
2019-03-28 14:00:00,0.01109026008454883,6.432940092739179,-0.07319651482303957,-2496.3
2019-03-28 15:00:00,-0.05973638423077565,6.395261598115449,-0.07834564449925985,-2375.7
2019-03-28 16:00:00,-0.046405708822656155,6.398594934535208,-0.06415000632864398,-2369.3
2019-03-28 17:00:00,-0.11928173508633089,6.481577129276431,-0.0695109409357233,-2374.8
2019-03-28 18:00:00,-0.1580105222004402,6.566672429803241,-0.07001056353103863,-2504.9
2019-03-28 19:00:00,-0.1737135756418895,6.501289670540389,-0.0673086310942379,-2110.7
2019-03-28 20:00:00,-0.1601694927346866,6.539585955617669,-0.07963273104935453,-1342.7
2019-03-28 21:00:00,-0.1959800065275581,6.553933404025811,-0.07685784619985547,-1021.2
2019-03-28 22:00:00,-0.29304352956984037,6.5638555265321274,-0.07202336654793307,-831.0
2019-03-28 23:00:00,-0.2874138422257597,6.570882962339584,-0.10742996467682886,-580.0
2019-03-29 00:00:00,-0.9160644435247925,6.660575149839686,-0.1137051873066266,-291.1
2019-03-29 01:00:00,-0.9160644435247925,6.651571873589727,-0.13378956653334662,-231.0
2019-03-29 02:00:00,-0.9160644435247925,6.639875833826536,-0.1252476125235642,-237.6
2019-03-29 03:00:00,-0.9160644435247925,6.6240652277998935,-0.13712427328207077,-408.4
2019-03-29 04:00:00,-0.7909833373785413,6.597145701886651,-0.08914874328705835,-514.8
2019-03-29 05:00:00,-0.26309222300629864,6.561030665896573,-0.12008176904826229,-624.1
2019-03-29 06:00:00,-0.2258228820027992,6.517671272912275,-0.0616793857147675,-1753.0
2019-03-29 07:00:00,-0.19575765438318538,6.464588303689961,-0.07253989332093447,-2364.2
2019-03-29 08:00:00,-0.18098544531115035,6.415096959171596,-0.05230575287881489,-2378.5
2019-03-29 09:00:00,-0.178017329255304,6.371611847231857,-0.06784091650692936,-2160.4
2019-03-29 10:00:00,-0.04720990963848459,6.401917196727186,-0.07988157293353737,-1915.2
2019-03-29 11:00:00,-0.21401495624880607,6.51471269087253,-0.08692000713477466,-1236.7
2019-03-29 12:00:00,-0.20403027371305527,6.566672429803241,-0.09319364206098868,-832.5
2019-03-29 13:00:00,-0.24220993940948432,6.595780513961311,-0.12505783524036307,-745.5
2019-03-29 14:00:00,-0.2372082456112521,6.602587892189336,-0.10197296000046574,-716.4
2019-03-29 15:00:00,-0.19807667388765848,6.5998704992128365,-0.08363119734671365,-795.5
2019-03-29 16:00:00,-0.19248779986164477,6.593044534142437,-0.08353247740271819,-887.6
2019-03-29 17:00:00,-0.2028761018384695,6.579251212010101,-0.08032865729461047,-1432.7
2019-03-29 18:00:00,-0.13998968628589514,6.54534966033442,-0.06476602810730725,-2505.7
2019-03-29 19:00:00,-0.1607130873606395,6.38856140554563,-0.07579773481492413,-2232.3
2019-03-29 20:00:00,-0.1985521487170656,6.385194398997726,-0.06980057095818193,-1252.8
2019-03-29 21:00:00,-0.19340780174239303,6.3818160174060985,-0.049479461726087415,-859.2
2019-03-29 22:00:00,-0.25494071703609267,6.380122536899765,-0.07250178325893497,-567.1
2019-03-29 23:00:00,-0.3853207313640681,6.3835066348840055,-0.11278235492027022,-315.4
2019-03-30 00:00:00,-0.1701762489314067,6.539585955617669,-0.11787298684579373,-312.2
2019-03-30 01:00:00,-0.16742285796058765,6.558197802812269,-0.11827029137558664,-373.4
2019-03-30 02:00:00,-0.20347359704347134,6.576469569048224,-0.09865077658688737,-347.8
2019-03-30 03:00:00,-0.09092159221725638,6.583409222158765,-0.0761599615489148,-425.8
2019-03-30 04:00:00,-0.03274402907188456,6.591673732008658,-0.09723883020860846,-515.2
2019-03-30 05:00:00,-0.07214373667817364,6.590301048196686,-0.06583145153235392,-385.1
2019-03-30 06:00:00,-0.12649250063654893,6.576469569048224,-0.08348248663208313,-364.1
2019-03-30 07:00:00,-0.15317838736005962,6.566672429803241,-0.0974924309012346,-714.1
2019-03-30 08:00:00,-0.11685810377891581,6.568077911411976,-0.08820150991877451,-806.8
2019-03-30 09:00:00,-0.18243617829103886,6.555356891810665,-0.0951530815831978,-657.5
2019-03-30 10:00:00,-0.1367142751824426,6.55250788703459,-0.08362763790644934,-605.7
2019-03-30 11:00:00,-0.26899361511842246,6.536691597591305,-0.09069359379139019,-453.0
2019-03-30 12:00:00,-0.20634065056154327,6.523562306149512,-0.08685372826777638,-440.8
2019-03-30 13:00:00,-0.324170335548017,6.501289670540389,-0.09583769701292422,-417.0
2019-03-30 14:00:00,-0.32762801057998026,6.466144724237619,-0.09368412997835396,-305.6
2019-03-30 15:00:00,-0.2361809731971345,6.428105272684596,-0.09470151129028626,-319.6
2019-03-30 16:00:00,-0.1547330424314315,6.373319789577012,-0.07382286839344854,-474.6
2019-03-30 17:00:00,-0.08044378157121335,6.311734809152915,-0.05881882052565679,-1977.9
2019-03-30 18:00:00,-0.0924932983961626,6.259581464064923,-0.03790114904652597,-2380.8
2019-03-30 19:00:00,-0.10612728977863384,6.131226489483141,-0.02480513420434871,-2294.7
2019-03-30 20:00:00,-0.11530158384237632,6.137727054086234,-0.02794790687810611,-1502.8
2019-03-30 21:00:00,-0.10882823250087403,6.137727054086234,-0.049139896763827906,-944.1
2019-03-30 22:00:00,-0.16674296890551377,6.129050210060545,-0.060051940446327556,-350.0
2019-03-30 23:00:00,-0.29283590545193894,6.118097198041348,-0.024366678353159976,-233.6
2019-03-31 00:00:00,-0.10270487258513139,6.364750756851911,-0.05785030802955671,113.8
2019-03-31 01:00:00,-0.0785583619407566,6.361302477572996,-0.06442579070512267,217.1
2019-03-31 03:00:00,-0.15059301477174225,6.368187186350492,-0.05718190367601661,234.1
2019-03-31 04:00:00,-0.30115287150642533,6.369900982828227,-0.052713391577955626,235.2
2019-03-31 05:00:00,-0.1837109052095638,6.3561076606958915,-0.0625215261735752,256.5
2019-03-31 06:00:00,-0.09140703982361931,6.326149473155099,-0.07129589721593188,282.4
2019-03-31 07:00:00,-0.043610340739990594,6.274762021241939,-0.05395433770512881,249.5
2019-03-31 08:00:00,-0.0757410610810556,6.222576268071369,-0.03785672574953747,198.3
2019-03-31 09:00:00,-0.1094818760871985,6.16541785423142,-0.03157993121759972,243.7
2019-03-31 10:00:00,-0.11699186448526122,6.104793232414985,-0.02133364839469909,290.6
2019-03-31 11:00:00,-0.13269299410121826,6.068425588244111,-0.0349788095575585,277.7
2019-03-31 12:00:00,-0.14932774926263415,6.061456918928017,-0.031915330491369076,276.5
2019-03-31 13:00:00,-0.21540297387696805,6.077642243349034,-0.04643589212849353,268.9
2019-03-31 14:00:00,-0.5478404988162588,6.073044534100405,-0.04877384196701229,263.8
2019-03-31 15:00:00,-0.9160644435247925,6.037870919922137,-0.05887598589381948,255.7
2019-03-31 16:00:00,-0.9160644435247925,6.018593214496234,-0.06605549046882775,271.7
2019-03-31 17:00:00,-0.3443671907364294,6.054439346269371,-0.08095608623100858,257.4
2019-03-31 18:00:00,-0.16625070081085358,6.1675164908883415,-0.09004776200831976,-501.5
2019-03-31 19:00:00,-0.08328871765155466,6.1092475827643655,-0.07673017526867376,-2130.4
2019-03-31 20:00:00,-0.04269704436116717,6.194405391104672,-0.04964923410120914,-2504.5
2019-03-31 21:00:00,-0.034803915405460906,6.222576268071369,-0.041811321375491595,-2159.2
2019-03-31 22:00:00,-0.017634870343576914,6.2166061010848646,-0.04146658101445411,-1785.6
2019-03-31 23:00:00,0.051420758002700406,6.206575926724928,-0.05340696979823356,-1296.1
2019-04-01 00:00:00,0.08537566292150611,6.29156913955832,0.05160974260949658,-307.2
2019-04-01 01:00:00,0.06653491157870617,6.251903883165888,0.06434332338425186,-257.2
2019-04-01 02:00:00,0.12658085817058096,6.214608098422191,0.06634936843395334,-284.2
2019-04-01 03:00:00,0.11874338050743205,6.182084906716632,0.06200205541137027,-425.6
2019-04-01 04:00:00,-0.027517846732966422,6.159095388491933,0.0783647264943017,-1099.6
2019-04-01 05:00:00,-0.02263237126775497,6.154858094016418,0.08762996907309883,-2263.6
2019-04-01 06:00:00,-0.05695331888849253,6.161207321695077,0.11766373812878239,-2900.2
2019-04-01 07:00:00,-0.12775742897879638,6.156978985585555,0.08138340050978599,-2909.7
2019-04-01 08:00:00,-0.08575215137881953,6.137727054086234,0.1203480223609601,-2999.6
2019-04-01 09:00:00,-0.08763294938075594,6.142037405587356,0.12063483193015045,-2922.6
2019-04-01 10:00:00,-0.18767510200515014,6.180016653652572,0.1180175600057396,-2856.2
2019-04-01 11:00:00,-0.13565076187538416,6.226536669287466,0.10554043833550164,-2655.3
2019-04-01 12:00:00,-0.11403809695358325,6.269096283706261,0.09844762582702593,-2481.4
2019-04-01 13:00:00,-0.1457891965455853,6.302618975744905,0.09184459059778405,-2465.3
2019-04-01 14:00:00,-0.16788999970722696,6.329720905522696,0.07670023136078985,-2221.3
2019-04-01 15:00:00,-0.1807706930105284,6.340359303727752,0.07246844957657395,-2199.1
2019-04-01 16:00:00,-0.15259293381047723,6.333279628139691,0.07191291563646729,-2331.4
2019-04-01 17:00:00,-0.14017831905605993,6.326149473155099,0.07209175420169789,-2410.5
2019-04-01 18:00:00,-0.1304562407227614,6.326149473155099,0.08497211257075143,-2827.8
2019-04-01 19:00:00,-0.1117898832177997,6.1903154058531475,0.07312091288903488,-2943.9
2019-04-01 20:00:00,-0.10869355829569205,6.1903154058531475,0.06451289842911301,-2917.8
2019-04-01 21:00:00,-0.12322924912511901,6.1779441140506,0.04422801983150482,-2559.8
2019-04-01 22:00:00,-0.15123911831209558,6.156978985585555,0.040789421815853544,-1962.0
2019-04-01 23:00:00,-0.13635890552636898,6.150602768446279,0.0376645089399954,-1019.0
2019-04-02 00:00:00,-0.049107211870548895,6.226536669287466,0.013282601836609231,-519.1
2019-04-02 01:00:00,-0.17982733048118016,6.230481447578482,0.02209932134910808,-419.9
2019-04-02 02:00:00,-0.22818174869097163,6.206575926724928,0.02402952530631275,-406.6
2019-04-02 03:00:00,-0.22273027405823953,6.152732694704104,0.017554399632269124,-373.6
2019-04-02 04:00:00,-0.18865382963502064,6.113682179832232,0.031391911221382074,-508.3
2019-04-02 05:00:00,-0.1248814848065174,6.054439346269371,0.0378852654247428,-1506.2
2019-04-02 06:00:00,-0.10398483608378895,5.950642552587727,0.04771021533561459,-2530.1
2019-04-02 07:00:00,-0.1351519084454651,5.823045895483019,0.06453961748655157,-2733.3
2019-04-02 08:00:00,-0.16835628180204942,5.655991810819852,0.052896510066710256,-2658.0
2019-04-02 09:00:00,-0.15515096778203796,5.4680601411351315,0.044597469225958974,-2479.2
2019-04-02 10:00:00,-0.205628714946112,5.3230099791384085,0.050062134257412794,-2285.0
2019-04-02 11:00:00,-0.16961414378757844,5.318119993844216,0.04982781149141147,-2172.3
2019-04-02 12:00:00,-0.16561930841524664,5.420534999272286,0.060753102697170824,-2115.9
2019-04-02 13:00:00,-0.18236868366722758,5.501258210544727,0.03730063294114849,-1969.8
2019-04-02 14:00:00,-0.21697469169518202,5.552959584921617,0.047045367761602286,-1361.7
2019-04-02 15:00:00,-0.2543739574626591,5.602118820879701,0.04302267883958599,-1316.1
2019-04-02 16:00:00,-0.2253055021833945,5.659482215759621,0.052428147612907594,-1359.7
2019-04-02 17:00:00,-0.1739917036753873,5.720311776607412,0.05411499988826751,-1871.6
2019-04-02 18:00:00,-0.15305223130747647,5.799092654460526,0.044190257038055236,-2422.7
2019-04-02 19:00:00,-0.15591311960266685,5.730099782973574,0.04786307310684723,-2527.2
2019-04-02 20:00:00,-0.15476110970991686,5.793013608384144,0.05442442260719371,-2385.2
2019-04-02 21:00:00,-0.19524140602136741,5.802118375377063,0.046561836842294646,-1845.2
2019-04-02 22:00:00,-0.24316030738261363,5.811140992976701,0.04101168305118019,-827.5
2019-04-02 23:00:00,-0.1400492682858796,5.817111159963204,0.02275906574330122,-349.8
2019-04-03 00:00:00,0.14911765025380452,5.840641657373398,0.0024903289223132674,-572.3
2019-04-03 01:00:00,0.05509008489408718,5.820082930352362,0.012193412610677967,-364.1
2019-04-03 02:00:00,0.0749922598744468,5.780743515792329,0.014209767976566035,-335.6
2019-04-03 03:00:00,0.03445788218221191,5.752572638825633,0.01034552547818901,-324.7
2019-04-03 04:00:00,-0.022971295750920273,5.739792912179234,0.022023837949703307,-642.6
2019-04-03 05:00:00,-0.08547215041107759,5.707110264748875,0.02898899305747893,-1556.3
2019-04-03 06:00:00,-0.05250424502873363,5.634789603169249,0.03712560360977868,-2393.9
2019-04-03 07:00:00,-0.08670787620406051,5.545177444479562,0.04481889638643288,-2687.0
2019-04-03 08:00:00,-0.056678170670577455,5.356586274672012,0.035511420827294415,-2801.5
2019-04-03 09:00:00,-0.05161969264530075,5.241747015059643,0.030293651928007037,-2743.4
2019-04-03 10:00:00,-0.052163721550155806,5.272999558563747,0.031109431586148872,-2758.6
2019-04-03 11:00:00,-0.04499982829227722,5.5053315359323625,0.03658308004130362,-2718.4
2019-04-03 12:00:00,-0.11344734088708774,5.765191102784844,0.03685122911329852,-2644.9
2019-04-03 13:00:00,-0.09867472492778884,6.013715156042802,0.02233117865592238,-2664.1
2019-04-03 14:00:00,-0.07518031422352545,6.118097198041348,0.03314103247920652,-2560.2
2019-04-03 15:00:00,-0.08044197502078987,6.159095388491933,0.03215776697653627,-2566.7
2019-04-03 16:00:00,-0.0714011672068664,6.163314804034641,0.03960987054199361,-2607.1
2019-04-03 17:00:00,-0.07675309003729902,6.180016653652572,0.037206949633318054,-2665.5
2019-04-03 18:00:00,-0.11299223454439433,6.226536669287466,0.030831306333990227,-2709.6
2019-04-03 19:00:00,-0.12077172939560876,6.144185634125646,0.033085882605704775,-2714.7
2019-04-03 20:00:00,-0.13103341093594922,6.1675164908883415,0.03556876038255474,-2619.0
2019-04-03 21:00:00,-0.11528348132998278,6.139884552226255,0.03162243786544039,-2452.0
2019-04-03 22:00:00,-0.1493691756998592,6.073044534100405,0.023213880258145636,-1705.8
2019-04-03 23:00:00,0.009790050711069309,6.003887067106539,0.007553900997829821,-1022.5
2019-04-04 00:00:00,0.08315429761303239,5.91350300563827,-0.008413341622007131,-605.9
2019-04-04 01:00:00,0.006611521047344304,5.768320995793772,0.007016849326432428,-482.4
2019-04-04 02:00:00,0.012071885218107425,5.6240175061873385,0.0066418169015056705,-428.3
2019-04-04 03:00:00,-0.009945856738947434,5.5134287461649825,0.002779660092150138,-355.9
2019-04-04 04:00:00,0.04980719504752207,5.43372200355424,0.010509794218981128,-593.8
2019-04-04 05:00:00,-0.0022785653364478797,5.384495062789089,0.01335189592520436,-1285.9
2019-04-04 06:00:00,-0.02037473837067738,5.384495062789089,0.022623455441807216,-1854.4
2019-04-04 07:00:00,-0.03458171384815811,5.424950017481403,0.028676941386319044,-2342.4
2019-04-04 08:00:00,0.02155900732837468,5.442417710521793,0.022549623581448408,-2851.5
2019-04-04 09:00:00,-0.0010485504814234936,5.552959584921617,0.017117019269354827,-2467.3
2019-04-04 10:00:00,0.008180998344716972,5.720311776607412,0.028827751814749725,-2271.3
2019-04-04 11:00:00,-0.02748720834857865,5.849324779946859,0.024238814440071366,-2035.6
2019-04-04 12:00:00,0.024106230311871535,5.916202062607435,0.030275681435124824,-1997.4
2019-04-04 13:00:00,-0.010301852052223115,5.953243334287785,0.04311357752341127,-1989.1
2019-04-04 14:00:00,-0.015538979373729944,5.978885764901122,0.03732108731125727,-1950.1
2019-04-04 15:00:00,-0.12298776761613883,5.971261839790462,0.03606124841064595,-1947.1
2019-04-04 16:00:00,-0.04743089341685147,5.948034989180646,0.04582825890860409,-1949.1
2019-04-04 17:00:00,-0.06226920230519495,5.910796644040527,0.048217537621957796,-1975.1
2019-04-04 18:00:00,-0.09358899312536462,5.8944028342648505,0.047017157019767275,-2035.3
2019-04-04 19:00:00,-0.10547692107886242,5.8522024797744745,0.047075438836515104,-2018.1
2019-04-04 20:00:00,-0.08221701329674413,5.8944028342648505,0.05040442908167453,-1995.8
2019-04-04 21:00:00,-0.08031514106850635,5.921578419643816,0.04886156041292988,-1884.6
2019-04-04 22:00:00,-0.07694965799224729,5.932245187448011,0.04248177200992043,-1633.9
2019-04-04 23:00:00,0.017085259058998936,5.91350300563827,0.03714781622669694,-1032.3
2019-04-05 00:00:00,0.16497900858773118,5.991464547107982,0.02632943659240805,-657.1
2019-04-05 01:00:00,0.12801344066053044,5.932245187448011,0.03528542715777405,-478.0
2019-04-05 02:00:00,0.12209032538624953,5.869296913133774,0.032254713151242065,-402.8
2019-04-05 03:00:00,0.07872087294907759,5.814130531825066,0.03467125223442302,-401.5
2019-04-05 04:00:00,0.0656403326736199,5.7745515455444085,0.034778668319661143,-929.8
2019-04-05 05:00:00,-0.024391876057824113,5.6937321388027,0.05748118521968504,-1507.6
2019-04-05 06:00:00,-0.07229470243985547,5.53338948872752,0.05315378833366147,-2587.6
2019-04-05 07:00:00,-0.1167921091057802,5.303304908059076,0.06083650700781451,-2595.6
2019-04-05 08:00:00,-0.10582264699278054,5.003946305945459,0.05415181972408689,-2584.8
2019-04-05 09:00:00,-0.08698889502245777,4.762173934797756,0.0645770305434672,-2526.3
2019-04-05 10:00:00,0.015751796956719133,4.574710978503383,0.0772240356371281,-2467.5
2019-04-05 11:00:00,-0.0866153778754386,4.442651256490317,0.05493046932160528,-2481.9
2019-04-05 12:00:00,-0.0664725783396789,4.406719247264253,0.058790277312158246,-2394.8
2019-04-05 13:00:00,-0.10117576587964061,4.3694478524670215,0.04377422650802387,-2153.5
2019-04-05 14:00:00,-0.08670442615216789,4.330733340286331,0.032077201444870695,-1701.8
2019-04-05 15:00:00,-0.1142309972018758,4.330733340286331,0.00939876890976965,-1595.6
2019-04-05 16:00:00,-0.07842230717713328,4.330733340286331,0.04776792321076062,-1736.7
2019-04-05 17:00:00,-0.06365008987305876,4.356708826689592,0.034858941922186304,-2117.8
2019-04-05 18:00:00,-0.07771985250036462,4.442651256490317,0.03243467758009988,-2345.8
2019-04-05 19:00:00,-0.09518212870481291,4.48863636973214,0.035731312225808054,-2354.5
2019-04-05 20:00:00,-0.09689990409081739,4.8283137373023015,0.025102974982821102,-2266.0
2019-04-05 21:00:00,-0.06537220341665062,5.049856007249537,0.020509338499321572,-718.0
2019-04-05 22:00:00,-0.03300705496596912,5.159055299214529,0.03592623294871622,-698.6
2019-04-05 23:00:00,0.03729823987718106,5.181783550292085,0.023221785316253296,-682.2
2019-04-06 00:00:00,0.10558951409295858,5.117993812416755,0.02172242083993048,-4.4
2019-04-06 01:00:00,0.081710983630495,5.099866427824199,0.017586834875017665,-18.9
2019-04-06 02:00:00,0.10825021281714742,5.117993812416755,0.02890421615508032,81.2
2019-04-06 03:00:00,0.11290419346383507,5.1647859739235145,0.0352934607176163,301.8
2019-04-06 04:00:00,0.10388532494470537,5.214935757608986,0.033276861174547534,292.7
2019-04-06 05:00:00,0.11657891124507325,5.241747015059643,0.02497052258971344,131.4
2019-04-06 06:00:00,0.04043377458773012,5.153291594497779,0.03576018506398082,-192.5
2019-04-06 07:00:00,-0.05563351405601091,4.927253685157205,0.056818787019121686,-784.7
2019-04-06 08:00:00,-0.06239548272544848,4.68213122712422,0.04274878087115397,-1174.0
2019-04-06 09:00:00,-0.040024646029106936,4.532599493153256,0.04419221045772215,-1424.5
2019-04-06 10:00:00,0.017026242031813243,4.465908118654584,0.04610100569796671,-1377.4
2019-04-06 11:00:00,-0.023365337932302666,4.553876891600541,0.046920697458582517,-1123.7
2019-04-06 12:00:00,0.013087787049355981,4.736198448394496,0.051789937857777524,-708.3
2019-04-06 13:00:00,-0.07476871533270968,4.867534450455582,0.03929930548450944,-295.7
2019-04-06 14:00:00,-0.0681353857344309,4.997212273764115,0.04595761747443383,-169.4
2019-04-06 15:00:00,-0.12898466416746768,5.081404364984463,0.03260206710575009,-187.2
2019-04-06 16:00:00,-0.054682019099287604,5.147494476813453,0.041882388358147615,-432.9
2019-04-06 17:00:00,-0.05034192771913748,5.209486152841421,0.04469329492317442,-652.6
2019-04-06 18:00:00,-0.044253146109244135,5.293304824724492,0.053339208506235636,-1258.1
2019-04-06 19:00:00,-0.05797394085749419,5.198497031265826,0.04646096954092105,-1469.0
2019-04-06 20:00:00,-0.029350978281532658,5.236441962829949,0.046224973488231846,-1544.8
2019-04-06 21:00:00,-0.012267793938148142,5.159055299214529,0.044961785292594314,-1177.1
2019-04-06 22:00:00,0.028764579976115368,5.043425116919247,0.03730283333037132,-713.8
2019-04-06 23:00:00,0.04305214748309272,4.897839799950911,0.011124743402909587,-64.6
2019-04-07 00:00:00,0.2549848313653693,4.143134726391533,0.04231301210539673,23.4
2019-04-07 01:00:00,0.2594879818223732,3.970291913552122,0.040984488288424714,61.0
2019-04-07 02:00:00,0.3025553468188753,4.060443010546419,0.043570179301568146,222.6
2019-04-07 03:00:00,0.33648393015447375,4.382026634673881,0.049729501859609115,208.8
2019-04-07 04:00:00,0.3438059193164351,4.762173934797756,0.04925442000651703,-30.4
2019-04-07 05:00:00,0.3253872265257405,5.1298987149230735,0.03439744308558179,-87.5
2019-04-07 06:00:00,0.25962888590192623,5.3981627015177525,0.033097482482455476,-332.0
2019-04-07 07:00:00,0.13127966010774772,5.5909869805108565,0.038742208234565645,-899.1
2019-04-07 08:00:00,0.03739855429609218,5.768320995793772,0.03577761054847972,-1193.0
2019-04-07 09:00:00,0.02913924405122481,5.924255797414532,0.04191821858927991,-1243.2
2019-04-07 10:00:00,0.003817942243455441,6.052089168924417,0.04074196089763227,-1036.6
2019-04-07 11:00:00,0.0229128810349013,6.152732694704104,0.03932487680336383,-1064.9
2019-04-07 12:00:00,0.0448749469883456,6.238324625039508,0.03697732983758062,-1033.3
2019-04-07 13:00:00,0.05579317765029401,6.317164686747284,0.0458243144860333,-997.0
2019-04-07 14:00:00,0.10258237873790055,6.386879319362645,0.05759869760728975,-957.3
2019-04-07 15:00:00,0.10841294071507068,6.456769655572163,0.04496937660389477,-942.8
2019-04-07 16:00:00,0.10771692936757127,6.522092798170152,0.05299544052283789,-1007.8
2019-04-07 17:00:00,-0.008515105264202738,6.556778356158042,0.045822397014867455,-1145.7
2019-04-07 18:00:00,-0.027163531827745224,6.57507584059962,0.05715402609284137,-1834.6
2019-04-07 19:00:00,-0.023047642334269813,6.481577129276431,0.05268687453167864,-2151.9
2019-04-07 20:00:00,-0.02113293162513097,6.48768401848461,0.053795728811646626,-2163.7
2019-04-07 21:00:00,-0.032968663067241,6.486160788944089,0.04421061720745989,-1867.5
2019-04-07 22:00:00,0.012540893530102792,6.481577129276431,0.0523784105727092,-1612.8
2019-04-07 23:00:00,0.15830821818377494,6.478509642208569,0.05879574729820636,-1509.2
2019-04-08 00:00:00,0.2756607047868429,6.582025138892826,0.05160974260949658,-672.9
2019-04-08 01:00:00,0.2718978220463706,6.579251212010101,0.05327467057506219,-602.7
2019-04-08 02:00:00,0.2696817018112543,6.573680166960646,0.04843844186742263,-549.6
2019-04-08 03:00:00,0.23008471905335126,6.566672429803241,0.04145338718398328,-522.8
2019-04-08 04:00:00,0.11063249174785117,6.559615237493242,0.07589660512621865,-503.0
2019-04-08 05:00:00,0.05386572285768709,6.55250788703459,0.10172573887349223,-994.2
2019-04-08 06:00:00,-0.03295311738323736,6.532334292222349,0.07198001775484109,-1632.9
2019-04-08 07:00:00,-0.08240496830608901,6.502790045915623,0.046186955862676626,-2411.6
2019-04-08 08:00:00,-0.10387419427650935,6.456769655572163,0.076629129005779,-2428.0
2019-04-08 09:00:00,-0.0747383017640808,6.436150368369428,0.08683082219758198,-2354.0
2019-04-08 10:00:00,-0.12796979939156472,6.440946540632921,0.08794562035136266,-2323.5
2019-04-08 11:00:00,-0.06554379530907317,6.456769655572163,0.0853980191954884,-2167.1
2019-04-08 12:00:00,-0.036746422651936506,6.478509642208569,0.0848727567359564,-1716.2
2019-04-08 13:00:00,-0.07474609368951546,6.504288173536645,0.09031903728894708,-1404.2
2019-04-08 14:00:00,-0.08487404901085327,6.516193076042964,0.08528397505218166,-1219.4
2019-04-08 15:00:00,-0.0966744735038092,6.519147287940395,0.08947040471773171,-1185.1
2019-04-08 16:00:00,-0.07693624281735101,6.523562306149512,0.08655672259638969,-1282.9
2019-04-08 17:00:00,-0.05588117826433869,6.501289670540389,0.07747431237185243,-1406.9
2019-04-08 18:00:00,-0.07119379976529805,6.47543271670409,0.0803673461840031,-1590.3
2019-04-08 19:00:00,-0.050809680556314074,6.3561076606958915,0.0746605590746281,-1689.6
2019-04-08 20:00:00,-0.0552683916221115,6.375024819828097,0.06995403116919441,-1605.5
2019-04-08 21:00:00,-0.05057228749187814,6.396929655216146,0.04343531269526668,-1462.0
2019-04-08 22:00:00,-0.015371072314782186,6.410174881966167,0.08277578673740482,-874.0
2019-04-08 23:00:00,0.05119005470273752,6.419994928147142,0.05189664535700267,-767.8
2019-04-09 00:00:00,0.08356500035916659,6.535241271013659,0.04489190595812609,-495.1
2019-04-09 01:00:00,0.05622914698478354,6.535241271013659,0.05070985539037398,-353.8
2019-04-09 02:00:00,0.08378043268795876,6.532334292222349,0.05173692545684805,-360.5
2019-04-09 03:00:00,0.09150117290437487,6.530877627725885,0.04971710234120863,-352.5
2019-04-09 04:00:00,0.03620990558960102,6.5337888379333435,0.060280921073519345,-529.4
2019-04-09 05:00:00,0.03595160176696721,6.5337888379333435,0.06091259869605281,-849.6
2019-04-09 06:00:00,0.004021683763836048,6.536691597591305,0.0633111557780941,-1794.6
2019-04-09 07:00:00,-0.02695048178603532,6.541029999189903,0.06679271644946105,-2332.3
2019-04-09 08:00:00,-0.0018132020045489305,6.489204931325317,0.07092855387263342,-2315.8
2019-04-09 09:00:00,-0.0056672459375746165,6.46302945692067,0.07656366128845171,-2253.6
2019-04-09 10:00:00,-0.05926754052639094,6.489204931325317,0.08310394145870603,-2245.4
2019-04-09 11:00:00,-0.031955843061820755,6.535241271013659,0.08167516318741708,-2221.0
2019-04-09 12:00:00,-0.045864457470563114,6.55250788703459,0.09729039654187677,-1866.6
2019-04-09 13:00:00,-0.05922132117185264,6.559615237493242,0.07895695026434968,-1691.4
2019-04-09 14:00:00,-0.06262024212702544,6.558197802812269,0.09308524451633549,-1466.1
2019-04-09 15:00:00,-0.09480053819464063,6.551080335043404,0.08852072197878602,-1430.8
2019-04-09 16:00:00,-0.05028605316211099,6.452048954437226,0.09545394698237253,-1650.5
2019-04-09 17:00:00,-0.03984875257700882,6.431331081933479,0.08991648880425362,-1736.2
2019-04-09 18:00:00,-0.04393245693579395,6.406879986069314,0.08362754429920116,-2001.8
2019-04-09 19:00:00,-0.026211390945653168,6.373319789577012,0.07914005573309968,-2169.1
2019-04-09 20:00:00,-0.012680312664894888,6.352629396319567,0.0817378645709903,-2127.4
2019-04-09 21:00:00,-0.03561126042948359,6.345636360828596,0.07245579042855166,-1771.8
2019-04-09 22:00:00,0.05000384291492965,6.336825731146441,0.06518691358316708,-850.5
2019-04-09 23:00:00,0.22925772476892226,6.326149473155099,0.06327093466020273,-633.4
2019-04-10 00:00:00,0.3111192045568014,6.327936783729195,0.0618445715714957,-438.8
2019-04-10 01:00:00,0.22087352135579774,6.313548046277095,0.069056274505221,-255.8
2019-04-10 02:00:00,0.23683528532486076,6.300785794663244,0.06851005145219968,-240.7
2019-04-10 03:00:00,0.17174942964307327,6.293419278846481,0.06661307066233668,-237.4
2019-04-10 04:00:00,0.17951203005457517,6.2766434893416445,0.0712279950871677,-418.7
2019-04-10 05:00:00,0.07484992332072293,6.240275845170769,0.07336768025102902,-654.5
2019-04-10 06:00:00,0.022349484580271195,6.182084906716632,0.06768027193175108,-2306.3
2019-04-10 07:00:00,-0.0013906417972542329,6.095824562432225,0.06454639502475068,-2366.5
2019-04-10 08:00:00,0.08745434540246588,5.981414211254481,0.06969629145762113,-2424.3
2019-04-10 09:00:00,0.009118848174845873,5.905361848054571,0.07331103701169805,-2300.9
2019-04-10 10:00:00,-0.05238038280113866,5.8805329864007,0.07459454352588768,-2274.2
2019-04-10 11:00:00,-0.04679596707780531,5.87493073085203,0.07897561287377197,-2232.8
2019-04-10 12:00:00,-0.07913706771797058,5.855071922202427,0.08560302103353656,-2115.6
2019-04-10 13:00:00,-0.05644466396704395,5.82600010738045,0.07721572731129722,-2121.4
2019-04-10 14:00:00,-0.035742647568188346,5.7745515455444085,0.0892454881507927,-1965.4
2019-04-10 15:00:00,-0.03339434078576664,5.720311776607412,0.08532379732647044,-1950.6
2019-04-10 16:00:00,-0.00652511403890399,5.673323267171493,0.08785964021029802,-2083.8
2019-04-10 17:00:00,-0.007857594274656154,5.6131281063880705,0.08134334874515492,-2106.6
2019-04-10 18:00:00,-0.02422524975450724,5.583496308781699,0.0779082078773552,-2213.4
2019-04-10 19:00:00,0.010582857435259552,5.484796933490655,0.07419839182320498,-2215.4
2019-04-10 20:00:00,-0.016761872906015718,5.545177444479562,0.07336853609600169,-2199.2
2019-04-10 21:00:00,-0.01182906576772158,5.594711379601839,0.07115327662207527,-2152.6
2019-04-10 22:00:00,0.046375401426236085,5.62040086571715,0.062211510726498,-1171.9
2019-04-10 23:00:00,0.19377926721254068,5.605802066295998,0.06602035949779328,-308.3
2019-04-11 00:00:00,0.3467201313329831,5.746203190540153,0.05930483243294393,-276.7
2019-04-11 01:00:00,0.26747476668471126,5.739792912179234,0.06422482086394066,-87.3
2019-04-11 02:00:00,0.27508074880309197,5.730099782973574,0.0638497884390139,-86.7
2019-04-11 03:00:00,0.26699022102809655,5.733341276897746,0.05934105898899311,-77.2
2019-04-11 04:00:00,0.26441751818113834,5.733341276897746,0.06942567775557595,-303.2
2019-04-11 05:00:00,0.1729642796231503,5.697093486505405,0.07372574661912701,-589.5
2019-04-11 06:00:00,0.1466603715004995,5.5093883366279774,0.06840887910948545,-1999.2
2019-04-11 07:00:00,0.19211423907041958,5.181783550292085,0.0737399301638284,-2144.2
2019-04-11 08:00:00,0.23425485529201495,4.804021044733257,0.07450936251215978,-2267.1
2019-04-11 09:00:00,0.14439307395487289,4.382026634673881,0.07511549063632295,-2051.9
2019-04-11 10:00:00,0.1360143698546019,4.007333185232471,0.08204844801965905,-2042.5
2019-04-11 11:00:00,0.09724094150934537,3.8066624897703196,0.07727855039005238,-2041.9
2019-04-11 12:00:00,0.22727241513751784,3.912023005428146,0.07462182321968935,-1653.4
2019-04-11 13:00:00,0.17766536290786306,4.007333185232471,0.08148759040502629,-1664.6
2019-04-11 14:00:00,0.15561798008016448,4.060443010546419,0.0696602029139779,-1792.9
2019-04-11 15:00:00,0.04260176201992749,4.110873864173311,0.05929016629580364,-1761.9
2019-04-11 16:00:00,0.11796628809194099,4.204692619390966,0.06344280560958637,-1848.7
2019-04-11 17:00:00,0.08685128582906465,4.343805421853684,0.055380321926834064,-1983.7
2019-04-11 18:00:00,0.06662602918513283,4.61512051684126,0.055856105686971524,-2143.0
2019-04-11 19:00:00,0.17740366477071978,4.919980925828125,0.054255365971322966,-2273.2
2019-04-11 20:00:00,0.19178290400467057,5.214935757608986,0.06225759037869594,-2175.7
2019-04-11 21:00:00,0.10970906599915731,5.389071729816501,0.0638875449791545,-2154.4
2019-04-11 22:00:00,0.15123837501338455,5.521460917862246,0.04736379960722825,-1328.3
2019-04-11 23:00:00,0.24489496704530467,5.579729825986222,0.054025854014048136,-769.7
2019-04-12 00:00:00,0.3835874047365495,5.723585101952381,0.025442518574180006,-348.3
2019-04-12 01:00:00,0.33621650331164954,5.707110264748875,0.03090905255797516,-128.5
2019-04-12 02:00:00,0.35624866468780114,5.69035945432406,0.040132215594336884,-117.4
2019-04-12 03:00:00,0.3125043521015445,5.697093486505405,0.04342787561325778,-171.9
2019-04-12 04:00:00,0.24160063095905482,5.720311776607412,0.033039537446533984,-378.9
2019-04-12 05:00:00,0.13434246343709244,5.680172609017068,0.04670611205172648,-861.0
2019-04-12 06:00:00,0.07797043823798333,5.6131281063880705,0.04367504437911762,-2036.2
2019-04-12 07:00:00,0.21231498053556752,5.488937726156687,0.04947705127423152,-2314.8
2019-04-12 08:00:00,0.20725690247541095,5.231108616854587,0.04427707180432794,-2286.1
2019-04-12 09:00:00,0.09041750587312514,4.836281906951478,0.03463237474747238,-2073.7
2019-04-12 10:00:00,0.16122739696422617,4.48863636973214,0.04834961453799114,-2031.6
2019-04-12 11:00:00,0.042699095341286686,4.204692619390966,0.027923267910294314,-2013.7
2019-04-12 12:00:00,0.054116348801696024,4.127134385045092,0.027091902324967165,-1951.1
2019-04-12 13:00:00,0.01904386418193571,4.07753744390572,0.013151366294041011,-1727.8
2019-04-12 14:00:00,0.03502182109293761,3.9889840465642745,0.003551777408337564,-1700.6
2019-04-12 15:00:00,0.0006871995043509216,3.828641396489095,-0.016818377479069113,-1695.4
2019-04-12 16:00:00,0.03023032951092519,3.6635616461296463,0.01625619484160179,-1710.1
2019-04-12 17:00:00,0.03216021497294852,3.6109179126442243,-0.00023237788908403445,-1739.1
2019-04-12 18:00:00,0.04030927642660975,3.8066624897703196,-0.002153333707230587,-1870.4
2019-04-12 19:00:00,0.04864094995625745,4.0943445622221,0.009928798795952432,-1905.9
2019-04-12 20:00:00,0.05955741811192361,4.477336814478207,-0.0020633815578703363,-1506.7
2019-04-12 21:00:00,0.04894462426324653,4.74493212836325,-0.004246513864672785,-1507.2
2019-04-12 22:00:00,0.09161955931559351,4.90527477843843,0.008644063451611395,-919.4
2019-04-12 23:00:00,0.16306997927446787,4.962844630259907,6.848034153605909e-05,-506.9
2019-04-13 00:00:00,0.2708181515218402,4.418840607796598,0.01632672429607851,-423.6
2019-04-13 01:00:00,0.2276551316298301,4.700480365792417,0.014899865054192496,-370.7
2019-04-13 02:00:00,0.2575367531396271,4.770684624465665,0.025345493538085684,-338.4
2019-04-13 03:00:00,0.28990227975274685,4.6913478822291435,0.022826691952486655,-316.7
2019-04-13 04:00:00,0.2853762019179462,4.6913478822291435,0.01999645350665258,-313.8
2019-04-13 05:00:00,0.26654283276235047,4.59511985013459,0.02057491111667531,-320.4
2019-04-13 06:00:00,0.18272854812675599,4.477336814478207,0.02792383673466503,-476.4
2019-04-13 07:00:00,0.09187115105620602,4.2626798770413155,0.045044050474588815,-951.3
2019-04-13 08:00:00,0.07169337530420128,3.828641396489095,0.046076570963828445,-1016.0
2019-04-13 09:00:00,0.06557797107040564,3.2188758248682006,0.038404678800803005,-930.3
2019-04-13 10:00:00,0.09817071357250784,2.772588722239781,0.03605066984446559,-817.7
2019-04-13 11:00:00,0.0666229700576042,2.6390573296152584,0.03347511674923176,-798.9
2019-04-13 12:00:00,0.13604736541732043,2.9444389791664403,0.030683202436762258,-684.3
2019-04-13 13:00:00,0.08673536343015131,3.1780538303479458,0.016923156755005664,-692.4
2019-04-13 14:00:00,0.11539115799681765,3.332204510175204,0.028565874762565002,-685.6
2019-04-13 15:00:00,0.04859952832560932,3.4965075614664802,0.010928050057388283,-671.8
2019-04-13 16:00:00,0.08451058282395918,3.6109179126442243,0.023062329031377615,-664.5
2019-04-13 17:00:00,0.07448379709390851,3.8066624897703196,0.030377260949968843,-667.4
2019-04-13 18:00:00,0.04678337796895571,4.07753744390572,0.03048590752879754,-722.2
2019-04-13 19:00:00,0.037336238946831024,4.418840607796598,0.022870996114413344,-778.6
2019-04-13 20:00:00,0.06801565519786745,4.727387818712341,0.03285802425425821,-856.6
2019-04-13 21:00:00,0.0857892973199732,4.941642422609304,0.03074155403349632,-751.1
2019-04-13 22:00:00,0.12010221387248432,5.062595033026967,0.02287746651250533,-538.1
2019-04-13 23:00:00,0.17565386800828975,5.147494476813453,0.010231487425694574,-584.5
2019-04-14 00:00:00,0.2965835249537965,5.147494476813453,0.04670862357843486,-359.7
2019-04-14 01:00:00,0.24799660438996174,5.049856007249537,0.04536469678098598,-366.6
2019-04-14 02:00:00,0.3022925001883703,5.093750200806762,0.04444316058791298,-369.5
2019-04-14 03:00:00,0.3372724700823091,5.135798437050262,0.049729501859609115,-379.3
2019-04-14 04:00:00,0.3576843224885127,5.231108616854587,0.05098602217079495,-373.8
2019-04-14 05:00:00,0.34662922804411345,5.25227342804663,0.035273483439461906,-405.3
2019-04-14 06:00:00,0.25858449938401984,5.181783550292085,0.038351435023614044,-400.2
2019-04-14 07:00:00,0.18051656818564998,5.056245805348308,0.030061598170259884,-391.8
2019-04-14 08:00:00,0.10192164702533502,4.770684624465665,0.023811655806867726,-403.6
2019-04-14 09:00:00,0.10032678697282194,4.343805421853684,0.01986473787442211,-584.4
2019-04-14 10:00:00,0.09508567086320685,4.007333185232471,0.01598610853363791,-588.2
2019-04-14 11:00:00,0.10981887395218237,3.8501476017100584,0.011831736223165024,-586.3
2019-04-14 12:00:00,0.13462561538669116,3.8501476017100584,0.011900356455819328,-586.8
2019-04-14 13:00:00,0.14834047199574352,3.828641396489095,0.02780580898335483,-602.5
2019-04-14 14:00:00,0.19916485332073552,3.828641396489095,0.025519657385835615,-609.7
2019-04-14 15:00:00,0.20668187763378176,3.8501476017100584,0.01220782592859937,-604.4
2019-04-14 16:00:00,0.1994832412238674,3.871201010907891,0.017155427146804847,-596.7
2019-04-14 17:00:00,0.09495683570575553,3.970291913552122,0.01186327647241292,-591.7
2019-04-14 18:00:00,0.029423942801718006,4.189654742026425,0.022536808459468816,-639.9
2019-04-14 19:00:00,0.034031816865078834,4.5217885770490405,0.021838242459198298,-783.8
2019-04-14 20:00:00,0.05324486413304763,4.90527477843843,0.023942765661965737,-886.5
2019-04-14 21:00:00,0.04643625359253489,5.049856007249537,0.027653947613011987,-773.0
2019-04-14 22:00:00,0.10453236049370584,5.043425116919247,0.034943348750608116,-768.1
2019-04-14 23:00:00,0.22615158653515754,4.962844630259907,0.04083887317824786,-691.2
2019-04-15 00:00:00,0.38617162872906174,4.930437018767144,0.03769647469251236,101.0
2019-04-15 01:00:00,0.4024347929424743,4.8969438763431254,0.030762897402845546,109.3
2019-04-15 02:00:00,0.42705491829372155,4.862289952857232,0.028446467902748296,119.2
2019-04-15 03:00:00,0.4013876589292562,4.826391891739602,0.0257599526379364,101.2
2019-04-15 04:00:00,0.2638610876001408,4.789157022101107,0.05508853019755655,-66.8
2019-04-15 05:00:00,0.15897990275863272,4.750481917148146,0.07652755526879407,-535.8
2019-04-15 06:00:00,0.08077799591135593,4.7102506624385985,0.04479387745068397,-2242.8
2019-04-15 07:00:00,0.19714146605176985,4.668332760945732,0.019147842391181946,-2461.2
2019-04-15 08:00:00,0.09635037135446378,4.6245805795079145,0.022439800158576162,-2392.5
2019-04-15 09:00:00,-0.013703889926246937,4.578826210648489,0.021072342387295606,-2133.8
2019-04-15 10:00:00,-0.08998633273882994,4.530877581406236,0.011371697127249725,-1780.4
2019-04-15 11:00:00,-0.02384735772538571,4.480513581388536,0.0021474589739858274,-1531.8
2019-04-15 12:00:00,0.012099960772605112,4.427477897577799,-0.0023457239097925964,-1448.0
2019-04-15 13:00:00,-0.017627505413601696,4.371471120734365,0.01421259271319375,-1225.5
2019-04-15 14:00:00,-0.0034240421681359656,4.312140507209715,0.007763336811354549,-1187.2
2019-04-15 15:00:00,-0.014279161101517168,4.249066507417651,0.005588920737029213,-1164.6
2019-04-15 16:00:00,-0.0031788157648455773,4.181744752502934,0.00861585958696054,-1178.4
2019-04-15 17:00:00,0.005348238327101296,4.109561528026961,0.0067819256599026545,-1239.4
2019-04-15 18:00:00,-0.008687504613829944,4.03175968703048,0.01027496936363459,-1483.8
2019-04-15 19:00:00,0.014368567652866648,3.9473901492654377,0.016053132121157,-1639.3
2019-04-15 20:00:00,0.028094720036039078,3.8552409913291616,0.01825265679230359,-1632.7
2019-04-15 21:00:00,0.024849457568127953,3.753730426433553,-0.00781624459425867,-1207.4
2019-04-15 22:00:00,0.05454797340786488,3.6407390787860017,0.03103324687048925,-481.8
2019-04-15 23:00:00,0.16351272244999793,3.5133348815990053,-0.006289140702172347,-414.9
2019-04-16 00:00:00,0.34495683993930504,3.367295829986474,0.009707977833650183,170.2
2019-04-16 01:00:00,0.28929399356905217,3.258096538021482,0.015038391748233515,279.8
2019-04-16 02:00:00,0.29801858772852885,3.1780538303479458,0.015211126008792597,288.4
2019-04-16 03:00:00,0.3055385578991614,3.044522437723423,0.006897105158280681,263.6
2019-04-16 04:00:00,0.25619752256729456,2.9444389791664403,0.008723111408668771,157.8
2019-04-16 05:00:00,0.11556047404593528,2.9444389791664403,0.014315150717632008,-515.8
2019-04-16 06:00:00,0.04984136156010166,3.044522437723423,0.009243934507818352,-1365.3
2019-04-16 07:00:00,0.05099510210954694,3.1780538303479458,0.01364197097755504,-1848.8
2019-04-16 08:00:00,0.030587893894207685,3.1780538303479458,0.014251825063783308,-1730.1
2019-04-16 09:00:00,-0.014423308286920289,2.995732273553991,0.011575600921013063,-1592.5
2019-04-16 10:00:00,-0.07897370240315649,2.9444389791664403,0.007774222054661273,-1380.7
2019-04-16 11:00:00,-0.031505494033718495,3.044522437723423,0.0021420096650333065,-1313.2
2019-04-16 12:00:00,-0.022727473031160184,3.332204510175204,0.014572357633810817,-1262.1
2019-04-16 13:00:00,-0.01572614704781472,3.4965075614664802,-0.005328772453702335,-741.7
2019-04-16 14:00:00,0.006568209254936619,3.6109179126442243,0.002187348837424885,-586.1
2019-04-16 15:00:00,-0.025938779858526217,3.6888794541139363,-0.002962434402237868,-508.8
2019-04-16 16:00:00,-0.0008991070069637175,3.713572066704308,0.0066311015116067296,-630.2
2019-04-16 17:00:00,0.01654326632063219,3.828641396489095,0.0020707354625040253,-1133.5
2019-04-16 18:00:00,0.01343013750260269,4.07753744390572,0.004808629892954386,-1383.7
2019-04-16 19:00:00,0.012112480311979201,4.290459441148391,0.004024884987255284,-1510.5
2019-04-16 20:00:00,0.047322414469866736,4.5217885770490405,0.01735329617023318,-1573.2
2019-04-16 21:00:00,0.04727373809959001,4.574710978503383,0.01752753931345019,-1491.9
2019-04-16 22:00:00,0.09848834728133982,4.543294782270004,0.0027692840147333087,-1011.2
2019-04-16 23:00:00,0.27511942000502376,4.499809670330265,0.013239305402706236,-552.5
2019-04-17 00:00:00,0.4265593811513413,5.1298987149230735,-0.0011132785809850887,1.7
2019-04-17 01:00:00,0.33632283366596116,5.123963979403259,0.005075944841813396,95.9
2019-04-17 02:00:00,0.3600163628986408,5.093750200806762,0.0026283467681604833,98.8
2019-04-17 03:00:00,0.3301233915752868,5.030437921392435,-0.004004496551616832,67.9
2019-04-17 04:00:00,0.23771469953963598,4.867534450455582,-0.007091584338391854,-242.7
2019-04-17 05:00:00,0.10100741653154088,4.709530201312334,1.4561842274218861e-06,-742.1
2019-04-17 06:00:00,0.051446484537208015,4.430816798843313,-0.007615489885315796,-1657.8
2019-04-17 07:00:00,-0.04517185095014842,4.04305126783455,-0.005466638165754212,-2024.0
2019-04-17 08:00:00,-0.07774914946597855,3.6109179126442243,0.00011645589202657902,-2093.4
2019-04-17 09:00:00,-0.05032936988563019,2.995732273553991,1.2453813534207825e-05,-1977.3
2019-04-17 10:00:00,-0.05737659173868881,2.3978952727983707,-0.00773040173011541,-1910.2
2019-04-17 11:00:00,-0.04522416929153561,1.9459101490553132,-0.006848571686185245,-1703.8
2019-04-17 12:00:00,-0.07845361855137378,1.9459101490553132,-8.362158073182968e-05,-1477.5
2019-04-17 13:00:00,-0.06220438499302405,1.791759469228055,-0.011767759065206107,-1402.6
2019-04-17 14:00:00,-0.022391939840323172,1.791759469228055,-0.009812939052987524,-1393.5
2019-04-17 15:00:00,-0.022145100996566747,1.791759469228055,-0.01455631413665781,-1358.1
2019-04-17 16:00:00,-0.01879520663071821,1.791759469228055,-0.008532205464767628,-1362.7
2019-04-17 17:00:00,-0.026665488125046544,2.0794415416798357,-0.013196118111578947,-1413.9
2019-04-17 18:00:00,-0.039421072883489394,2.302585092994046,-0.006626256200910063,-1531.3
2019-04-17 19:00:00,-0.03448542796644638,2.5649493574615367,-0.006425429668137639,-1582.9
2019-04-17 20:00:00,-0.01916440764253613,2.70805020110221,0.002109906959911534,-1328.9
2019-04-17 21:00:00,-0.01182906576772158,2.8903717578961645,0.010431750885801172,-1102.2
2019-04-17 22:00:00,0.030674316927528533,3.091042453358316,-0.007065977241668797,-434.2
2019-04-17 23:00:00,0.18876792156196043,3.332204510175204,0.004932667517954847,-330.3
2019-04-18 00:00:00,0.3528234366637366,3.044522437723423,0.032590619962712175,151.2
2019-04-18 01:00:00,0.2828542251460595,3.1354942159291497,0.021188920004808764,252.9
2019-04-18 02:00:00,0.2909447017150608,3.367295829986474,0.022571357276527593,250.8
2019-04-18 03:00:00,0.2847065223533751,3.7376696182833684,0.021405475709225463,171.8
2019-04-18 04:00:00,0.2801326299158098,4.04305126783455,0.01577296426325514,-458.7
2019-04-18 05:00:00,0.1756927942763542,4.248495242049359,0.004790199790392968,-1085.5
2019-04-18 06:00:00,0.07887439285834308,4.406719247264253,0.014513110904353255,-1695.3
2019-04-18 07:00:00,-0.016070828313454744,4.532599493153256,0.012928584418180122,-1748.2
2019-04-18 08:00:00,-0.03568332376920713,4.465908118654584,0.01546576869304328,-1750.6
2019-04-18 09:00:00,-0.004329034560584866,4.060443010546419,0.018708109501596404,-1710.7
2019-04-18 10:00:00,0.02606489320846439,3.713572066704308,0.011802614202797379,-1602.4
2019-04-18 11:00:00,0.012256217604268205,3.8501476017100584,-0.0004537981502998889,-1441.9
2019-04-18 12:00:00,0.07854793747550826,4.189654742026425,0.003191547468199829,-1360.0
2019-04-18 13:00:00,0.04022248819903629,4.51085950651685,0.010812632735090588,-1297.3
2019-04-18 14:00:00,0.07026674814157552,4.890349128221754,-0.008064853157605079,-841.0
2019-04-18 15:00:00,-0.03045348909252077,5.209486152841421,-0.024917974356796435,-871.0
2019-04-18 16:00:00,0.027573422993054653,5.420534999272286,-0.0055500658773652845,-897.2
2019-04-18 17:00:00,0.006087909343708731,5.579729825986222,0.004963140989428183,-1047.3
2019-04-18 18:00:00,-0.013678822301999904,5.75890177387728,-0.0034693603978430687,-1350.3
2019-04-18 19:00:00,-0.010412411340875671,5.7745515455444085,0.002878393076548136,-1528.7
2019-04-18 20:00:00,0.026562817370242353,5.937536205082426,0.013153158450548652,-1595.3
2019-04-18 21:00:00,0.02874502772007892,6.104793232414985,0.017292771373158544,-1535.8
2019-04-18 22:00:00,0.062453469394484706,6.220590170099739,0.017707590024340192,-1268.3
2019-04-18 23:00:00,0.15883032138564124,6.2422232654551655,0.029458756558875088,-970.5
2019-04-19 00:00:00,0.7886087024636699,6.261491684321042,0.08215072712314075,-511.1
2019-04-19 01:00:00,0.7295582419094608,6.246106765481563,0.06820818322155642,-246.3
2019-04-19 02:00:00,0.7482350605830166,6.220590170099739,0.06419862943958687,-238.9
2019-04-19 03:00:00,0.7035493598419738,6.182084906716632,0.07105618102486844,-274.8
2019-04-19 04:00:00,0.5959279168808527,6.124683390894205,0.05892568213876004,-707.8
2019-04-19 05:00:00,0.5449153390144583,6.049733455231958,0.023815092490020895,-1093.8
2019-04-19 06:00:00,0.4766189965197616,5.910796644040527,0.009701089747911062,-1618.7
2019-04-19 07:00:00,0.4188647914837955,5.749392985908253,0.005645439901410754,-1803.4
2019-04-19 08:00:00,0.42191619735205466,5.484796933490655,-0.004801650382833422,-1830.2
2019-04-19 09:00:00,0.45591744873679074,5.181783550292085,0.016413233129449978,-1753.6
2019-04-19 10:00:00,0.5605395169387091,4.867534450455582,0.031597653659192204,-1631.9
2019-04-19 11:00:00,0.4783851562852126,4.718498871295094,0.019463539897590643,-1586.9
2019-04-19 12:00:00,0.5008944489038423,4.736198448394496,0.011800380020559942,-1514.8
2019-04-19 13:00:00,0.4739661264282269,4.812184355372417,0.009800271876817312,-1471.1
2019-04-19 14:00:00,0.500727562776043,4.890349128221754,0.026428575861910275,-875.3
2019-04-19 15:00:00,0.46966428179305186,4.955827057601261,0.0224347562697762,-777.9
2019-04-19 16:00:00,0.5176187120178795,5.017279836814924,0.036787957366717805,-985.5
2019-04-19 17:00:00,0.5208824113766677,5.198497031265826,0.04079256302687284,-1060.1
2019-04-19 18:00:00,0.5082934231887091,5.5053315359323625,0.0414023898933209,-1209.8
2019-04-19 19:00:00,0.5079579240259551,5.556828061699537,0.03216805433441916,-1350.7
2019-04-19 20:00:00,0.5048426581518703,5.703782474656201,0.050081952320907064,-1341.0
2019-04-19 21:00:00,0.550564752115402,5.802118375377063,0.05221103023228402,-1453.8
2019-04-19 22:00:00,0.602675153777585,5.8522024797744745,0.05650310229333577,-1319.6
2019-04-19 23:00:00,0.641350073711044,5.87493073085203,0.07197590862389358,-968.3
2019-04-20 00:00:00,0.21738345310858787,5.883322388488279,0.017228031252090936,-118.4
2019-04-20 01:00:00,0.15856460866094002,5.8944028342648505,-0.01884706737108477,-115.5
2019-04-20 02:00:00,0.18716075556772438,5.916202062607435,-0.010956133138129154,-122.1
2019-04-20 03:00:00,0.23406716781187153,5.929589143389895,-0.014603510427006583,-125.9
2019-04-20 04:00:00,0.23665528742826192,5.8916442118257715,-0.019081667317854212,-217.4
2019-04-20 05:00:00,0.19051438203273152,5.8289456176102075,-0.03933410777378299,-773.4
2019-04-20 06:00:00,0.10158374445932594,5.676753802268282,-0.036148592574379634,-910.8
2019-04-20 07:00:00,0.009194764170563197,5.484796933490655,-0.05918906934793,-1400.2
2019-04-20 08:00:00,-0.006490780241497518,5.187385805840755,-0.057992788930377515,-1676.6
2019-04-20 09:00:00,8.038451209646524e-05,4.74493212836325,-0.06548281136511847,-1627.2
2019-04-20 10:00:00,0.05772192301254675,4.31748811353631,-0.05925950995985918,-1579.9
2019-04-20 11:00:00,0.019432343384415685,4.04305126783455,-0.057698115958677576,-1485.7
2019-04-20 12:00:00,0.08165045848665242,3.9889840465642745,-0.0659930977986054,-1249.1
2019-04-20 13:00:00,0.028452646234996326,4.02535169073515,-0.06653413522351226,-999.2
2019-04-20 14:00:00,0.05648749542504383,4.204692619390966,-0.056533455755439554,-681.2
2019-04-20 15:00:00,-0.018300562488211547,4.499809670330265,-0.06648883553848073,-565.4
2019-04-20 16:00:00,0.02315929072397438,4.787491742782046,-0.05410598747081519,-648.2
2019-04-20 17:00:00,0.020109733231473914,5.198497031265826,-0.03263570687876527,-860.0
2019-04-20 18:00:00,0.028488790439317846,5.683579767338681,-0.03954713292641454,-1344.0
2019-04-20 19:00:00,0.007328347215547648,5.883322388488279,-0.04593921028846104,-1485.6
2019-04-20 20:00:00,0.029051149556401423,6.1070228877422545,-0.044944413650061854,-1564.9
2019-04-20 21:00:00,0.06586877597413254,6.2324480165505225,-0.029146186861127354,-1460.3
2019-04-20 22:00:00,0.0979784590887296,6.317164686747284,-0.02796608646876919,-975.4
2019-04-20 23:00:00,0.16547442964843695,6.3578422665081,-0.03548030986118533,-592.7
2019-04-21 00:00:00,0.23536866687040092,6.484635235635252,-0.054760836586424944,-126.2
2019-04-21 01:00:00,0.1599100740874304,6.493753839851686,-0.05766752911724904,-132.1
2019-04-21 02:00:00,0.13251029264715086,6.505784060128229,-0.07007296592312251,-125.5
2019-04-21 03:00:00,0.16665306333607122,6.516193076042964,-0.06359918344739324,-127.6
2019-04-21 04:00:00,0.2170542136772915,6.529418838262226,-0.06442094583784641,-136.1
2019-04-21 05:00:00,0.19458656366925808,6.52795791762255,-0.08360472262536511,-143.8
2019-04-21 06:00:00,0.16786148358660125,6.504288173536645,-0.06846574513067694,-123.8
2019-04-21 07:00:00,0.012386447184785876,6.46302945692067,-0.06979245523327737,-473.8
2019-04-21 08:00:00,0.03368889256690144,6.419994928147142,-0.07744912583484531,-697.7
2019-04-21 09:00:00,0.057747255607691894,6.39024066706535,-0.07261925069406772,-809.7
2019-04-21 10:00:00,0.047721417103033126,6.366470447731438,-0.06686954051651384,-737.9
2019-04-21 11:00:00,0.06379557174041972,6.354370040797351,-0.07170137639013952,-715.4
2019-04-21 12:00:00,0.08464509992311475,6.343880434126331,-0.07113866288318516,-675.4
2019-04-21 13:00:00,0.07590843258429425,6.326149473155099,-0.07227764957362748,-611.4
2019-04-21 14:00:00,0.07203761341604187,6.309918278226516,-0.08033045436500252,-553.0
2019-04-21 15:00:00,-0.036997256831100334,6.29156913955832,-0.09208207791836642,-471.8
2019-04-21 16:00:00,0.018161898844942126,6.2878585601617845,-0.08521699047585063,-479.0
2019-04-21 17:00:00,0.028020988330131225,6.249975242259483,-0.08413798836287167,-551.7
2019-04-21 18:00:00,-0.003712680787709921,6.152732694704104,-0.0843521752070453,-735.9
2019-04-21 19:00:00,0.00244187047209099,5.958424693029782,-0.0966859653418668,-1443.7
2019-04-21 20:00:00,0.005429673886352404,5.963579343618446,-0.09005954715451203,-1496.1
2019-04-21 21:00:00,0.016494581398226238,6.0063531596017325,-0.05859887665876151,-1319.3
2019-04-21 22:00:00,0.04496023560982776,6.018593214496234,-0.06911520448020969,-631.7
2019-04-21 23:00:00,0.15348158617922403,5.991464547107982,-0.04844978305539094,-214.3
2019-04-22 00:00:00,0.7353919599604768,5.998936561946683,-0.048089528638845636,76.6
2019-04-22 01:00:00,0.600550039913132,5.8998973535824915,-0.05402360559542885,140.7
2019-04-22 02:00:00,0.6232185836486472,5.820082930352362,-0.056711111330508324,167.4
2019-04-22 03:00:00,0.5912331917578841,5.736572297479192,-0.05952178418404053,150.1
2019-04-22 04:00:00,0.42620534457587134,5.645446897643238,-0.08614261741867502,-175.1
2019-04-22 05:00:00,0.32724175770236075,5.5134287461649825,-0.09683370736192654,-446.0
2019-04-22 06:00:00,0.3512147339743761,5.288267030694535,-0.09558468196551662,-512.8
2019-04-22 07:00:00,0.3246679362182676,4.90527477843843,-0.09219293051570698,-604.0
2019-04-22 08:00:00,0.331479948750804,4.406719247264253,-0.10595020473625993,-701.6
2019-04-22 09:00:00,0.3765096624666837,4.060443010546419,-0.100906088984698,-738.5
2019-04-22 10:00:00,0.3382487608530331,4.007333185232471,-0.07195431196456337,-788.9
2019-04-22 11:00:00,0.41926048643872527,4.2626798770413155,-0.07079266023326714,-755.2
2019-04-22 12:00:00,0.4478639030395799,4.736198448394496,-0.07396249547411582,-607.5
2019-04-22 13:00:00,0.4098093201355324,5.135798437050262,-0.07538792540238237,-298.4
2019-04-22 14:00:00,0.40681327753987784,5.3981627015177525,-0.08273906091565042,-110.3
2019-04-22 15:00:00,0.4078786836891153,5.556828061699537,-0.07524934287039464,-149.6
2019-04-22 16:00:00,0.4269833818730908,5.680172609017068,-0.07308750478342319,-173.4
2019-04-22 17:00:00,0.4472291567175426,5.8289456176102075,-0.06585957074334292,-318.1
2019-04-22 18:00:00,0.4195475889780331,6.040254711277414,-0.06921406984302347,-518.4
2019-04-22 19:00:00,0.4201607393036162,6.129050210060545,-0.06467391121440436,-825.5
2019-04-22 20:00:00,0.3858234182991387,6.253828811575473,-0.061658393025927793,-1045.5
2019-04-22 21:00:00,0.2895445610503735,6.320768294250582,-0.056214792434231775,-800.9
2019-04-22 22:00:00,-0.2034369502629536,6.359573868672378,-0.04528464889289463,-833.8
2019-04-22 23:00:00,-0.6472186386603425,6.373319789577012,-0.03713651956364572,-753.6
2019-04-23 00:00:00,-0.9160644435247925,6.492239835020471,-0.10595108407695797,-536.9
2019-04-23 01:00:00,-0.1947920691550391,6.4692503167957724,-0.10629389341929141,-118.8
2019-04-23 02:00:00,-0.28065544848805946,6.439350371100098,-0.10712165949231522,-90.6
2019-04-23 03:00:00,-0.21140424007775493,6.408528791059498,-0.1104396015462612,-121.2
2019-04-23 04:00:00,-0.11270291644570474,6.373319789577012,-0.11903009656756414,-439.0
2019-04-23 05:00:00,-0.03885437167904238,6.313548046277095,-0.10495962735709785,-730.0
2019-04-23 06:00:00,-0.06125701308595932,6.210600077024653,-0.09394030172741274,-991.5
2019-04-23 07:00:00,-0.1006657323742961,6.07993319509559,-0.08348948659987698,-1654.8
2019-04-23 08:00:00,-0.12586585067452782,5.929589143389895,-0.08857272666226379,-1713.7
2019-04-23 09:00:00,-0.08668498404725655,5.749392985908253,-0.085734979630395,-1514.6
2019-04-23 10:00:00,-0.12355760901118273,5.564520407322694,-0.08436251434432496,-1280.0
2019-04-23 11:00:00,-0.07545597012930116,5.459585514144159,-0.09424490855449719,-1144.4
2019-04-23 12:00:00,-0.09162329953768689,5.4680601411351315,-0.09023551915943973,-731.9
2019-04-23 13:00:00,-0.10370532915174913,5.5093883366279774,-0.11217932377555151,-547.9
2019-04-23 14:00:00,-0.1332735902900124,5.53338948872752,-0.10724071251268441,-295.6
2019-04-23 15:00:00,-0.14237462792312439,5.5093883366279774,-0.11959067490640596,-337.8
2019-04-23 16:00:00,-0.12561871975923378,5.476463551931511,-0.11136116105211968,-303.4
2019-04-23 17:00:00,-0.13167001859270133,5.4638318050256105,-0.11092411575693895,-265.8
2019-04-23 18:00:00,-0.13276241530644706,5.5254529391317835,-0.10754981495251581,-420.0
2019-04-23 19:00:00,-0.1177329740902131,5.560681631015528,-0.10641999567936544,-720.0
2019-04-23 20:00:00,-0.10175854600714063,5.560681631015528,-0.09643526497839972,-605.1
2019-04-23 21:00:00,-0.196065921665165,5.484796933490655,-0.08492758116458798,-360.7
2019-04-23 22:00:00,-0.30935730947697104,5.407171771460119,-0.11490782504867969,-356.3
2019-04-23 23:00:00,-0.29522370539143594,5.313205979041787,-0.09890746993947985,-55.4
2019-04-24 00:00:00,-0.9160644435247925,5.2832037287379885,-0.11776879128557916,-147.2
2019-04-24 01:00:00,-0.9160644435247925,5.14166355650266,-0.11326528228873389,266.8
2019-04-24 02:00:00,-0.9160644435247925,5.003946305945459,-0.11616326184310743,296.1
2019-04-24 03:00:00,-0.9160644435247925,4.836281906951478,-0.11773073151238567,273.5
2019-04-24 04:00:00,-0.9160644435247925,4.624972813284271,-0.13488426326042635,-33.5
2019-04-24 05:00:00,-0.5921397640284045,4.3694478524670215,-0.12124778744864262,-290.1
2019-04-24 06:00:00,-0.07883774649802344,4.0943445622221,-0.11186735797947822,-378.7
2019-04-24 07:00:00,-0.1235385905383386,3.6375861597263857,-0.10182490933058475,-1409.9
2019-04-24 08:00:00,-0.1562293705372766,3.258096538021482,-0.10622309949510811,-1559.3
2019-04-24 09:00:00,-0.15347155839668813,3.044522437723423,-0.10840919685373418,-950.8
2019-04-24 10:00:00,-0.17168136301874748,2.9444389791664403,-0.11199141205452445,-705.1
2019-04-24 11:00:00,-0.1574137235336024,3.1354942159291497,-0.11556479519098417,-462.1
2019-04-24 12:00:00,-0.20656652644681017,3.4965075614664802,-0.11515295136551895,-374.7
2019-04-24 13:00:00,-0.22005877275776653,3.7612001156935624,-0.12354097116101226,-215.7
2019-04-24 14:00:00,-0.2857105916519891,3.970291913552122,-0.1216968853656164,-25.5
2019-04-24 15:00:00,-0.2204880486665064,4.143134726391533,-0.1312724554210627,-56.0
2019-04-24 16:00:00,-0.17586185049999692,4.2626798770413155,-0.12281372552704273,-213.4
2019-04-24 17:00:00,-0.08212288570818016,4.418840607796598,-0.12138548996988252,-762.8
2019-04-24 18:00:00,-0.08668122145429447,4.653960350157523,-0.11208101812429838,-1250.7
2019-04-24 19:00:00,-0.0928961901228611,4.700480365792417,-0.11169265739269019,-1328.9
2019-04-24 20:00:00,-0.09760478431046327,4.9344739331306915,-0.10740861884657793,-1189.6
2019-04-24 21:00:00,-0.07862951955935626,5.176149732573829,-0.09273457848304112,-919.9
2019-04-24 22:00:00,-0.0896135987267197,5.375278407684165,-0.12666534974015864,-426.9
2019-04-24 23:00:00,-0.11014121348360373,5.429345628954441,-0.11285036813842808,-126.1
2019-04-25 00:00:00,-0.09007601013451261,4.997212273764115,-0.09882199577395401,-77.7
2019-04-25 01:00:00,-0.2068299444604147,4.948759890378168,-0.0952757238983164,43.3
2019-04-25 02:00:00,-0.15625308090168,4.8283137373023015,-0.09663938715018272,61.1
2019-04-25 03:00:00,-0.1145731193392514,4.624972813284271,-0.0939639548259219,11.0
2019-04-25 04:00:00,-0.03675147032498627,4.3694478524670215,-0.1039805153804263,-78.6
2019-04-25 05:00:00,0.04953006016273909,4.07753744390572,-0.10028374185773448,-167.3
2019-04-25 06:00:00,0.038536236299031135,3.7612001156935624,-0.09920653029477311,-1661.0
2019-04-25 07:00:00,0.048808791848469646,3.4339872044851463,-0.0889108008410675,-1967.3
2019-04-25 08:00:00,-0.018354833693971173,3.091042453358316,-0.09288323472998083,-1925.5
2019-04-25 09:00:00,-0.031867972297551894,2.833213344056216,-0.09392129730515286,-1785.2
2019-04-25 10:00:00,-0.02573630619995626,2.6390573296152584,-0.08064983759015565,-1173.8
2019-04-25 11:00:00,-0.04626484240817108,2.8903717578961645,-0.09293465094446507,-752.1
2019-04-25 12:00:00,0.025332472035116016,3.332204510175204,-0.09645414021106546,-707.5
2019-04-25 13:00:00,-0.0016608897571406267,3.6888794541139363,-0.0835720495482919,-719.2
2019-04-25 14:00:00,0.022459513061306335,4.02535169073515,-0.09891380387438531,-700.6
2019-04-25 15:00:00,-0.07813948759617473,4.23410650459726,-0.10747604502964236,-710.9
2019-04-25 16:00:00,-0.016154699746012025,4.394449154672439,-0.09441845361420764,-740.8
2019-04-25 17:00:00,-0.02896157173911762,4.61512051684126,-0.09218358662219828,-885.0
2019-04-25 18:00:00,-0.03759350533809647,4.948759890378168,-0.08478622411549441,-1768.3
2019-04-25 19:00:00,-0.04426004905552405,5.099866427824199,-0.08177744921958663,-1896.1
2019-04-25 20:00:00,-0.021782209912248884,5.356586274672012,-0.08017878134167056,-1787.8
2019-04-25 21:00:00,-0.007162166960247518,5.529429087511423,-0.07301350151332375,-1756.2
2019-04-25 22:00:00,0.015282738777355753,5.634789603169249,-0.10112114268435235,-1088.1
2019-04-25 23:00:00,0.10037777716989194,5.676753802268282,-0.08489961821614411,-857.7
2019-04-26 00:00:00,0.18596760610765495,5.579729825986222,-0.07627679835512868,-803.3
2019-04-26 01:00:00,0.11467423336441351,5.5909869805108565,-0.07347727890200861,-445.8
2019-04-26 02:00:00,0.09386145891563702,5.572154032177765,-0.07232500996252522,-441.6
2019-04-26 03:00:00,0.08706984904077908,5.5093883366279774,-0.0739193352377967,-469.4
2019-04-26 04:00:00,0.04519529724265059,5.44673737166631,-0.09096384892633402,-719.3
2019-04-26 05:00:00,-0.0021799583365464947,5.365976015021851,-0.11287595777273918,-869.5
2019-04-26 06:00:00,-0.006976954530795165,5.231108616854587,-0.09759597258447972,-1992.9
2019-04-26 07:00:00,-0.07774359957010679,5.043425116919247,-0.09796856200055792,-2335.1
2019-04-26 08:00:00,-0.0922569856468578,4.718498871295094,-0.12048955475123879,-2242.5
2019-04-26 09:00:00,-0.055522550673025695,4.174387269895637,-0.12472800688623753,-2191.3
2019-04-26 10:00:00,0.060778449185106886,3.6109179126442243,-0.0980455219794294,-2149.0
2019-04-26 11:00:00,-0.024410650816973245,3.4339872044851463,-0.10906474758213935,-2122.1
2019-04-26 12:00:00,0.0007017980647598954,3.4965075614664802,-0.10528993275256937,-2090.7
2019-04-26 13:00:00,-0.0411383776228611,3.5553480614894135,-0.10667959143790817,-1770.7
2019-04-26 14:00:00,-0.031708605990044436,3.6109179126442243,-0.09286539786816839,-1178.1
2019-04-26 15:00:00,-0.047747278560052564,3.6375861597263857,-0.11298582265951218,-1241.2
2019-04-26 16:00:00,-0.005008411655414324,3.6375861597263857,-0.10352968763409098,-1575.1
2019-04-26 17:00:00,0.011957507655429023,3.6888794541139363,-0.10502616074624971,-2116.7
2019-04-26 18:00:00,-0.015229329122111501,3.8501476017100584,-0.09943971383679351,-2141.5
2019-04-26 19:00:00,-0.026189257217861694,4.07753744390572,-0.09206471031397001,-2196.4
2019-04-26 20:00:00,-0.02888570914647115,4.30406509320417,-0.10627710809918955,-2190.6
2019-04-26 21:00:00,-0.005649386725985472,4.499809670330265,-0.1041480301878126,-2111.3
2019-04-26 22:00:00,0.00574593133126422,4.68213122712422,-0.0845939346407576,-1227.1
2019-04-26 23:00:00,-0.004980183414154293,4.844187086458591,-0.08546978074211875,-886.1
2019-04-27 00:00:00,-0.08892408346635783,5.293304824724492,-0.0831399628026146,-411.2
2019-04-27 01:00:00,-0.17371720132458135,5.484796933490655,-0.08400420900472216,-365.8
2019-04-27 02:00:00,-0.16852604599811372,5.6131281063880705,-0.07291019649599573,-391.8
2019-04-27 03:00:00,-0.16394114882241206,5.641907070938114,-0.07203555951288187,-396.9
2019-04-27 04:00:00,-0.1955828799518171,5.666426688112432,-0.07433381441132347,-388.0
2019-04-27 05:00:00,-0.23890849783786328,5.616771097666572,-0.08625511252051155,-401.2
2019-04-27 06:00:00,-0.3021527547482208,5.5053315359323625,-0.0976473148514696,-378.2
2019-04-27 07:00:00,-0.24914573783544824,5.389071729816501,-0.09454870147634509,-535.0
2019-04-27 08:00:00,-0.1431406262273014,5.318119993844216,-0.08130386779882492,-761.0
2019-04-27 09:00:00,-0.122248908318904,5.298317366548036,-0.08124577103037645,-750.8
2019-04-27 10:00:00,-0.06257125668971675,5.272999558563747,-0.06949691905307986,-749.6
2019-04-27 11:00:00,-0.09226948221099729,5.241747015059643,-0.07357887941492791,-724.4
2019-04-27 12:00:00,-0.12003815782629745,5.187385805840755,-0.07164815528195057,-583.9
2019-04-27 13:00:00,-0.23330189929402767,5.153291594497779,-0.07413151269745288,-413.2
2019-04-27 14:00:00,-0.21955376015935357,5.123963979403259,-0.043250528011993694,-372.7
2019-04-27 15:00:00,-0.2783280868862774,5.10594547390058,-0.06933378767071208,-368.5
2019-04-27 16:00:00,-0.21016941881546636,5.093750200806762,-0.06347812729967828,-432.2
2019-04-27 17:00:00,-0.17335236681067245,5.099866427824199,-0.049029516654441885,-550.3
2019-04-27 18:00:00,-0.10224410825221675,5.123963979403259,-0.04414907385978317,-709.8
2019-04-27 19:00:00,-0.1065685251319155,4.962844630259907,-0.05603567053947067,-729.5
2019-04-27 20:00:00,-0.0913766297792149,5.0106352940962555,-0.04312788272366408,-740.2
2019-04-27 21:00:00,-0.09757565104458532,5.062595033026967,-0.05450986535298252,-711.2
2019-04-27 22:00:00,-0.14882450481462373,5.1298987149230735,-0.04428557829737034,-550.4
2019-04-27 23:00:00,-0.12115257635803012,5.14166355650266,-0.01694409795327001,-425.9
2019-04-28 00:00:00,-0.9160644435247925,5.081404364984463,-0.033626524512451184,-346.9
2019-04-28 01:00:00,-0.9160644435247925,5.117993812416755,-0.028071096816809415,-361.3
2019-04-28 02:00:00,-0.9160644435247925,5.231108616854587,-0.04019122455279689,-369.8
2019-04-28 03:00:00,-0.9160644435247925,5.327876168789581,-0.04619062001912955,-372.3
2019-04-28 04:00:00,-0.9160644435247925,5.365976015021851,-0.0347678884475453,-365.3
2019-04-28 05:00:00,-0.9160644435247925,5.327876168789581,-0.04776553589954258,-351.2
2019-04-28 06:00:00,-0.9160644435247925,5.209486152841421,-0.050169616083739044,-372.6
2019-04-28 07:00:00,-0.39093870718570045,5.093750200806762,-0.06402875051652757,-541.0
2019-04-28 08:00:00,-0.19685311955182794,5.0106352940962555,-0.04930467907258862,-789.2
2019-04-28 09:00:00,-0.1377583443395869,4.976733742420574,-0.05305644703642365,-865.6
2019-04-28 10:00:00,-0.13614573505270222,4.955827057601261,-0.024583829020408565,-859.0
2019-04-28 11:00:00,-0.08402252667463372,4.962844630259907,-0.027249613819305907,-892.7
2019-04-28 12:00:00,-0.13923437685053264,4.976733742420574,-0.024661897037456804,-787.2
2019-04-28 13:00:00,-0.15660583438093845,4.969813299576001,-0.011034024332908565,-745.6
2019-04-28 14:00:00,-0.1351904825922685,4.919980925828125,-0.009445805021706555,-712.7
2019-04-28 15:00:00,-0.14484041207050957,4.836281906951478,-0.023478387210796647,-698.1
2019-04-28 16:00:00,-0.07989412102336901,4.7535901911063645,-0.017315506764550292,-771.8
2019-04-28 17:00:00,-0.08048860488929188,4.736198448394496,-0.01172890554440631,-894.2
2019-04-28 18:00:00,-0.0459295146294596,4.836281906951478,-0.020471135937694562,-1044.8
2019-04-28 19:00:00,-0.06291280753608852,4.976733742420574,-0.021421097622043028,-1218.1
2019-04-28 20:00:00,-0.05084995181340757,5.181783550292085,-0.0394740503664055,-1456.7
2019-04-28 21:00:00,-0.033944272900721995,5.332718793265369,-0.031667266912720926,-1446.5
2019-04-28 22:00:00,-0.15265407526442276,5.472270673671475,-0.030824291486895028,-968.3
2019-04-28 23:00:00,-0.1171161237616758,5.5909869805108565,-0.014139509886273771,-864.2
2019-04-29 00:00:00,0.20565968241036048,5.659482215759621,-0.01258341502956295,-207.3
2019-04-29 01:00:00,-0.38731156576225434,5.662960480135946,-0.025983527554975794,-195.7
2019-04-29 02:00:00,-0.3784681128179552,5.634789603169249,-0.02752481838804499,-185.7
2019-04-29 03:00:00,-0.44828043247991056,5.568344503761097,-0.026551341930074024,-209.1
2019-04-29 04:00:00,0.0016813079592958857,5.54907608489522,-0.011863891682697414,-395.0
2019-04-29 05:00:00,-0.05067411158871016,5.497168225293202,0.0003317714877839606,-832.5
2019-04-29 06:00:00,-0.06056734522904872,5.267858159063328,-0.042360673710570396,-2063.5
2019-04-29 07:00:00,-0.11256489649486312,4.844187086458591,-0.03474537505057107,-2125.6
2019-04-29 08:00:00,-0.12323980735385387,4.31748811353631,-0.028324469047246836,-2088.3
2019-04-29 09:00:00,-0.0928835036186868,3.970291913552122,-0.039308168601611904,-2049.3
2019-04-29 10:00:00,-0.1490183916221115,3.713572066704308,-0.03468907624928441,-2017.8
2019-04-29 11:00:00,-0.0530580839757504,3.4657359027997265,-0.040518987344916546,-2047.8
2019-04-29 12:00:00,-0.021514728056437615,3.367295829986474,-0.030919096353848374,-2030.5
2019-04-29 13:00:00,-0.05956913649827955,3.295836866004329,-0.012500180940206107,-1990.8
2019-04-29 14:00:00,-0.07870804106719476,3.2188758248682006,-0.04127874825624822,-1750.4
2019-04-29 15:00:00,-0.11577533066808776,3.2188758248682006,-0.048339421288526196,-1369.1
2019-04-29 16:00:00,-0.09826112727605718,3.295836866004329,-0.038810470758773086,-1524.0
2019-04-29 17:00:00,-0.0683963837348136,3.4011973816621555,-0.03781949270288987,-1873.0
2019-04-29 18:00:00,-0.11749286975192108,3.8501476017100584,-0.031854259853768774,-1896.7
2019-04-29 19:00:00,-0.12248777274619282,4.0943445622221,-0.02899201423804243,-1880.1
2019-04-29 20:00:00,-0.09416545773278218,4.330733340286331,-0.04666688930701213,-2025.0
2019-04-29 21:00:00,-0.0788105839765505,4.31748811353631,-0.05831905982247143,-1974.7
2019-04-29 22:00:00,-0.04105783899551785,4.276666119016055,-0.02180923450389116,-1647.2
2019-04-29 23:00:00,0.0009389698936304036,4.219507705176107,-0.04216742836707432,-1127.8
2019-04-30 00:00:00,-0.021996096986224067,3.828641396489095,-0.00927135372758947,-213.9
2019-04-30 01:00:00,-0.22269374537711562,3.6109179126442243,-0.010075035678748456,68.5
2019-04-30 02:00:00,-0.25852339758373466,3.5553480614894135,-0.019026452307798536,62.1
2019-04-30 03:00:00,-0.08772706642044126,3.5553480614894135,-0.015677216880257916,12.3
2019-04-30 04:00:00,0.022655264032186206,3.58351893845611,-0.030850397655838968,-182.5
2019-04-30 05:00:00,-0.06048694178452152,3.6888794541139363,-0.03098876358776881,-282.3
2019-04-30 06:00:00,-0.09619291529846352,3.7376696182833684,-0.020609028641862537,-527.0
2019-04-30 07:00:00,-0.13325707130818332,3.6635616461296463,-0.01851514065697657,-1283.7
2019-04-30 08:00:00,-0.15422509987831168,3.4339872044851463,-0.01859053394351662,-1316.3
2019-04-30 09:00:00,-0.09968122173767657,3.367295829986474,-0.01024344647362696,-1300.1
2019-04-30 10:00:00,-0.11889233346309647,3.5553480614894135,-0.0012311601301373543,-1319.2
2019-04-30 11:00:00,-0.07193359945679578,3.828641396489095,-0.0070056632717543366,-1321.9
2019-04-30 12:00:00,-0.07669405524333239,4.07753744390572,0.005409444712290323,-843.2
2019-04-30 13:00:00,-0.08412085987556006,4.430816798843313,-0.011208671796581804,-546.8
2019-04-30 14:00:00,-0.08187534208204639,4.663439094112067,-0.010638821010995336,-471.9
2019-04-30 15:00:00,-0.11115778021941258,4.844187086458591,-0.020767059035744495,-482.5
2019-04-30 16:00:00,-0.08387175674147596,5.0106352940962555,-0.016222199465831366,-526.6
2019-04-30 17:00:00,-0.058083422884575686,5.14166355650266,-0.02157901542108842,-651.2
2019-04-30 18:00:00,-0.07354180031208957,5.231108616854587,-0.028371785240333125,-807.7
2019-04-30 19:00:00,-0.09156415395803386,5.236441962829949,-0.0392205138694548,-816.8
2019-04-30 20:00:00,-0.08978528140568676,5.308267697401205,-0.04096487425085371,-708.6
2019-04-30 21:00:00,-0.08456537246386198,5.393627546352362,-0.034541316317680426,-677.0
2019-04-30 22:00:00,-0.026795575913165504,5.480638923341991,-0.04763234736233546,-498.4
2019-04-30 23:00:00,-0.9160644435247925,5.537334267018537,-0.02667730200273688,-421.3
2019-05-01 00:00:00,-0.9160644435247925,5.817111159963204,0.13272262753265007,-427.4
2019-05-01 01:00:00,-0.9160644435247925,5.662960480135946,0.13645757723163765,-184.1
2019-05-01 02:00:00,-0.9160644435247925,5.5134287461649825,0.13754089193140828,-137.1
2019-05-01 03:00:00,-0.9160644435247925,5.407171771460119,0.1323192477228945,-112.2
2019-05-01 04:00:00,-0.9160644435247925,5.303304908059076,0.10468960666160054,-233.8
2019-05-01 05:00:00,-0.9160644435247925,5.209486152841421,0.12532029533623135,-315.4
2019-05-01 06:00:00,-0.9160644435247925,5.135798437050262,0.0653386009926269,-294.3
2019-05-01 07:00:00,-0.6945481103038116,5.14166355650266,0.08222668929954757,-375.6
2019-05-01 08:00:00,0.17822999378984372,5.262690188904886,0.06224985714185749,-507.5
2019-05-01 09:00:00,0.18667011605503525,5.3471075307174685,0.062253904561841544,-492.2
2019-05-01 10:00:00,0.2323956605639239,5.37989735354046,0.06606369597848172,-517.7
2019-05-01 11:00:00,0.23417025450005413,5.3706380281276624,0.08939163984836007,-491.1
2019-05-01 12:00:00,-0.01163484293538497,5.308267697401205,0.09281142547693921,-344.6
2019-05-01 13:00:00,-0.02948874037033633,5.267858159063328,0.0965244474785214,-281.9
2019-05-01 14:00:00,-0.39759910849423985,5.327876168789581,0.08905411909842353,-263.9
2019-05-01 15:00:00,-0.6101099997008674,5.4510384535657,0.09780729794205989,-274.2
2019-05-01 16:00:00,-0.6590216043577724,5.579729825986222,0.10755845931934171,-298.9
2019-05-01 17:00:00,-0.163757635366502,5.69035945432406,0.10641023071058253,-326.9
2019-05-01 18:00:00,0.18364006959554002,5.783825182329737,0.11153581767714638,-578.1
2019-05-01 19:00:00,0.29193490257511456,5.752572638825633,0.08534394196390949,-785.3
2019-05-01 20:00:00,0.33135938922940333,5.793013608384144,0.10734649600566293,-791.9
2019-05-01 21:00:00,0.33736960474221744,5.877735781779639,0.11042231027871718,-709.2
2019-05-01 22:00:00,0.18977254500984397,5.966146739123692,0.17210774368501802,-557.1
2019-05-01 23:00:00,-0.34055779439880585,6.023447592961033,0.15985907238827846,-539.2
2019-05-02 00:00:00,-0.9160644435247925,6.139884552226255,0.08286243496708501,-545.8
2019-05-02 01:00:00,-0.9160644435247925,6.175867270105761,0.08773698814805098,-301.5
2019-05-02 02:00:00,-0.9160644435247925,6.206575926724928,0.09287061699326582,-257.0
2019-05-02 03:00:00,-0.9160644435247925,6.214608098422191,0.09982891107737668,-262.9
2019-05-02 04:00:00,-0.9160644435247925,6.220590170099739,0.09902543853694024,-505.4
2019-05-02 05:00:00,-0.9160644435247925,6.244166900663736,0.0962993876006708,-666.5
2019-05-02 06:00:00,-0.9160644435247925,6.285998094508865,0.0827993563670617,-702.5
2019-05-02 07:00:00,0.0677336374865285,6.329720905522696,0.07376586404892471,-1766.4
2019-05-02 08:00:00,-0.006281146807307181,6.3578422665081,0.07770959127830412,-1786.2
2019-05-02 09:00:00,0.016545862514499632,6.386879319362645,0.07704149931223903,-1818.3
2019-05-02 10:00:00,0.1009727284340527,6.42648845745769,0.08741616793779539,-1786.4
2019-05-02 11:00:00,0.04732478613539293,6.448889394146858,0.08442422008994388,-1714.7
2019-05-02 12:00:00,-0.045475289047524736,6.453624998892692,0.076848856714129,-1572.4
2019-05-02 13:00:00,0.05672222072829891,6.467698726104354,0.09975158182236221,-1603.3
2019-05-02 14:00:00,0.003716666413646763,6.486160788944089,0.08480129084381094,-1551.8
2019-05-02 15:00:00,-0.18254537810818894,6.507277712385012,0.08360252522902645,-1448.9
2019-05-02 16:00:00,-0.19573221520267703,6.519147287940395,0.09030582759751482,-1374.6
2019-05-02 17:00:00,-0.3051957792321378,6.535241271013659,0.08559524026962784,-1530.5
2019-05-02 18:00:00,-0.08986165828943538,6.543911845564792,0.09608660884043818,-1806.2
2019-05-02 19:00:00,-0.061954899269143215,6.455198563340122,0.10270415750595596,-1845.2
2019-05-02 20:00:00,0.05611476389316028,6.450470422144176,0.10370216512160457,-1904.1
2019-05-02 21:00:00,0.032680996209079716,6.472346294500901,0.11406478724273672,-1737.6
2019-05-02 22:00:00,-0.004629009153138686,6.504288173536645,0.10458083393849193,-1391.4
2019-05-02 23:00:00,-0.7706151876448191,6.52649485957079,0.10874889937122934,-950.1
2019-05-03 00:00:00,0.11570590258938163,6.579251212010101,0.11002748107295712,-880.1
2019-05-03 01:00:00,0.2095446463317936,6.610696044717759,0.1049557387780169,-626.4
2019-05-03 02:00:00,0.3231414134501298,6.635946555686647,0.11081242892650778,-635.8
2019-05-03 03:00:00,0.32249860475000913,6.651571873589727,0.11120755504542412,-647.3
2019-05-03 04:00:00,0.4033930749648529,6.665683717782408,0.11658127359824366,-950.2
2019-05-03 05:00:00,0.25515958997451316,6.682108597449809,0.10053006485903548,-1126.0
2019-05-03 06:00:00,0.19335786595153648,6.698268054115413,0.11706075680376493,-2210.5
2019-05-03 07:00:00,0.12246180177079591,6.710523109452428,0.10895074991637621,-2321.3
2019-05-03 08:00:00,0.052973497963583416,6.693323668269949,0.09396955731905088,-2322.2
2019-05-03 09:00:00,0.06885083461687103,6.674561391814426,0.0924630808333653,-2290.2
2019-05-03 10:00:00,0.21709394046423336,6.669498089857879,0.10759407753746686,-2281.7
2019-05-03 11:00:00,0.12005002309673385,6.664409020350408,0.09270384753146832,-2266.5
2019-05-03 12:00:00,0.14749331630475604,6.660575149839686,0.10547062670752538,-2101.1
2019-05-03 13:00:00,0.1943318819351476,6.655440350367647,0.11208330408591127,-1968.9
2019-05-03 14:00:00,0.20129268604640593,6.639875833826536,0.10727721826301817,-1697.1
2019-05-03 15:00:00,0.13979067354299968,6.608000625296087,0.10256129876838926,-1437.9
2019-05-03 16:00:00,0.08568761837389749,6.577861357721047,0.11043868575573068,-1473.9
2019-05-03 17:00:00,0.031167140843437302,6.541029999189903,0.11071622571524298,-2079.5
2019-05-03 18:00:00,0.000945001854815164,6.46302945692067,0.11188946749729389,-2314.4
2019-05-03 19:00:00,-0.007986060215351198,6.259581464064923,0.11816082980198139,-2249.0
2019-05-03 20:00:00,0.05369136934373486,6.1463292576688975,0.11692772876820356,-2246.7
2019-05-03 21:00:00,0.05019846353404267,6.059123195581797,0.12329575158837969,-1961.4
2019-05-03 22:00:00,0.06666612909939484,5.983936280687191,0.1251668841314615,-1806.6
2019-05-03 23:00:00,0.1724971867574654,5.916202062607435,0.11801421724837802,-1647.8
2019-05-04 00:00:00,0.31469402123115753,5.799092654460526,0.16610730218723724,-367.6
2019-05-04 01:00:00,0.29575735913419665,5.924255797414532,0.1594303389238263,-248.9
2019-05-04 02:00:00,0.38838469373620255,5.905361848054571,0.16211480425163494,-212.7
2019-05-04 03:00:00,0.4758165463282924,5.796057750765372,0.16402158285947444,-194.6
2019-05-04 04:00:00,0.6408813116811176,5.676753802268282,0.17658843043125927,-176.1
2019-05-04 05:00:00,0.4049500038091307,5.4680601411351315,0.177312580125367,-164.5
2019-05-04 06:00:00,0.35116683566765605,5.298317366548036,0.1521730586354284,-506.7
2019-05-04 07:00:00,0.23625994503712322,4.584967478670572,0.13970121316213646,-911.1
2019-05-04 08:00:00,0.18001202513709647,4.276666119016055,0.1449967846669118,-1637.5
2019-05-04 09:00:00,0.18071290432817033,4.007333185232471,0.13895212858469996,-1738.7
2019-05-04 10:00:00,0.26530114902100754,3.9318256327243257,0.14488571727672284,-1654.0
2019-05-04 11:00:00,0.22583611182831298,3.6888794541139363,0.13853863489748441,-1535.0
2019-05-04 12:00:00,0.2643394203496432,3.7376696182833684,0.1355353356611868,-1251.0
2019-05-04 13:00:00,0.31398171611981596,4.143134726391533,0.13499864017732222,-1097.1
2019-05-04 14:00:00,0.336425528924404,4.07753744390572,0.1524470817403376,-1051.6
2019-05-04 15:00:00,0.26571773977233315,4.343805421853684,0.13512450079700944,-957.1
2019-05-04 16:00:00,0.2328490756587711,4.060443010546419,0.13007465391591566,-900.2
2019-05-04 17:00:00,0.1261572639307884,4.174387269895637,0.11847282631475142,-1115.9
2019-05-04 18:00:00,0.08599082173785177,4.48863636973214,0.12918534566546214,-1331.0
2019-05-04 19:00:00,0.0864613698799972,4.418840607796598,0.11815100712663895,-1505.3
2019-05-04 20:00:00,0.16310437465593353,4.2626798770413155,0.12715503694326724,-1562.4
2019-05-04 21:00:00,0.15531920044209002,4.219507705176107,0.12744953801661207,-1534.5
2019-05-04 22:00:00,0.20767940104292748,4.430816798843313,0.1352200220851998,-761.1
2019-05-04 23:00:00,0.2896831149849963,4.624972813284271,0.14544174196035708,-396.7
2019-05-05 00:00:00,0.34277402785411093,4.5217885770490405,0.1566495548396052,40.9
2019-05-05 01:00:00,0.36027009703287405,4.820281565605037,0.15632736589785257,57.7
2019-05-05 02:00:00,0.4098614114521508,4.820281565605037,0.14943748099740262,53.1
2019-05-05 03:00:00,0.48303174630144197,4.795790545596741,0.15557428324028066,42.5
2019-05-05 04:00:00,0.6422222512959008,4.7535901911063645,0.17070746328707376,44.4
2019-05-05 05:00:00,0.39034754080089185,4.700480365792417,0.15851206801398998,45.9
2019-05-05 06:00:00,0.30700959822149354,4.804021044733257,0.15641716588755017,-135.0
2019-05-05 07:00:00,0.38906041456975915,4.77912349311153,0.1451318743352985,-277.6
2019-05-05 08:00:00,0.22894082179604025,4.700480365792417,0.14538162657242104,-563.0
2019-05-05 09:00:00,0.21615396425943878,4.532599493153256,0.1345920641122227,-601.9
2019-05-05 10:00:00,0.2515146303586895,4.574710978503383,0.14034203858078698,-645.6
2019-05-05 11:00:00,0.262818605044878,4.51085950651685,0.13846440316055553,-531.1
2019-05-05 12:00:00,0.2957040834836895,4.454347296253507,0.1316613386970502,-575.7
2019-05-05 13:00:00,0.4213147515143594,4.127134385045092,0.13213318575039867,-480.5
2019-05-05 14:00:00,0.4644143151818896,3.970291913552122,0.13072838758637229,-433.6
2019-05-05 15:00:00,0.4711264085412816,4.394449154672439,0.13042901347813363,-398.8
2019-05-05 16:00:00,0.4104132099736688,4.394449154672439,0.13279401010728975,-390.0
2019-05-05 17:00:00,0.19422888124650584,4.007333185232471,0.13151363600749555,-465.5
2019-05-05 18:00:00,0.08252230154557427,3.970291913552122,0.11865043350677773,-503.7
2019-05-05 19:00:00,0.07541217557084234,3.871201010907891,0.12409086665129454,-572.0
2019-05-05 20:00:00,0.13664552356019444,4.219507705176107,0.12166626919127044,-757.6
2019-05-05 21:00:00,0.11012873536920909,4.31748811353631,0.12817554186853108,-744.2
2019-05-05 22:00:00,0.16201103993664967,4.356708826689592,0.12872128264034188,-473.1
2019-05-05 23:00:00,0.3193330502035048,4.394449154672439,0.12877406533367264,-206.4
2019-05-06 00:00:00,0.48634966304073446,4.553876891600541,0.11635220956125103,127.1
2019-05-06 01:00:00,0.5070734147780342,4.23410650459726,0.10580273194432888,216.3
2019-05-06 02:00:00,0.6209308247214014,4.174387269895637,0.09781937275935526,220.0
2019-05-06 03:00:00,0.5858594398226482,3.9318256327243257,0.09214063014290552,216.6
2019-05-06 04:00:00,0.5769804088296389,3.912023005428146,0.09240026529600964,-181.6
2019-05-06 05:00:00,0.44614923340416635,3.8918202981106265,0.09992794479099754,-301.5
2019-05-06 06:00:00,0.30567861818277864,3.8501476017100584,0.08465388004287,-1365.2
2019-05-06 07:00:00,0.28132238611935234,3.7612001156935624,0.07417503584312346,-2011.3
2019-05-06 08:00:00,0.16060622883234776,3.6375861597263857,0.07194909634661784,-1957.8
2019-05-06 09:00:00,0.12537490079790015,3.9318256327243257,0.07876369111683079,-1838.1
2019-05-06 10:00:00,0.1077055328986507,4.248495242049359,0.08080711154975528,-1820.2
2019-05-06 11:00:00,0.18073783827392198,4.31748811353631,0.08398082697787945,-1734.2
2019-05-06 12:00:00,0.2076883453695233,4.219507705176107,0.0781264264216821,-1543.0
2019-05-06 13:00:00,0.28253115270393847,4.394449154672439,0.08488330747548112,-1351.9
2019-05-06 14:00:00,0.2792296718720735,4.406719247264253,0.0639467496107411,-1181.1
2019-05-06 15:00:00,0.2517047105112473,4.634728988229636,0.06479511711731512,-1074.6
2019-05-06 16:00:00,0.19383396477998183,4.736198448394496,0.06480031461798852,-1074.3
2019-05-06 17:00:00,0.10528366281656476,4.836281906951478,0.06736085664908131,-1260.7
2019-05-06 18:00:00,0.048562100932346475,4.812184355372417,0.06252482120497938,-1367.0
2019-05-06 19:00:00,0.05864171001030183,4.90527477843843,0.07232671232306664,-1390.2
2019-05-06 20:00:00,0.11270849082362622,4.948759890378168,0.07666344110935253,-1215.1
2019-05-06 21:00:00,0.09501584235075944,4.983606621708336,0.07087995255632684,-1113.1
2019-05-06 22:00:00,0.1360796457654807,5.214935757608986,0.059174017120243505,-982.9
2019-05-06 23:00:00,0.2516767456598723,5.327876168789581,0.03762479151985865,-561.0
2019-05-07 00:00:00,0.478787842158793,5.424950017481403,0.015278946441684482,-338.8
2019-05-07 01:00:00,0.48018226584180246,5.41610040220442,0.014681857336020343,100.6
2019-05-07 02:00:00,0.499160326053798,5.37989735354046,0.016367243553339073,145.4
2019-05-07 03:00:00,0.5716199017402288,5.351858133476067,0.016760966741151684,153.3
2019-05-07 04:00:00,0.6537596011786788,5.332718793265369,0.009084849811189066,-266.6
2019-05-07 05:00:00,0.4472584022361876,5.278114659230517,0.013265362880916953,-394.4
2019-05-07 06:00:00,0.32220135211762857,5.187385805840755,0.025372031663934536,-1283.3
2019-05-07 07:00:00,0.2339104712756912,5.099866427824199,0.02805033576577909,-1983.3
2019-05-07 08:00:00,0.15406052339053256,5.081404364984463,0.04254271680226207,-2023.1
2019-05-07 09:00:00,0.15444560339094604,5.19295685089021,0.043848826324421886,-2002.9
2019-05-07 10:00:00,0.15453412107547582,5.351858133476067,0.051184277273565115,-2028.0
2019-05-07 11:00:00,0.18182121229735948,5.521460917862246,0.04851743152170851,-1887.3
2019-05-07 12:00:00,0.18253728087278098,5.645446897643238,0.044226762913519124,-1636.8
2019-05-07 13:00:00,0.29165661616656724,5.700443573390687,0.039724165687347046,-1372.5
2019-05-07 14:00:00,0.30370941020995135,5.720311776607412,0.0322885257750567,-1197.4
2019-05-07 15:00:00,0.26716285210153545,5.723585101952381,0.031246317804765056,-1173.9
2019-05-07 16:00:00,0.22919270973353845,5.765191102784844,0.0267928407736866,-1175.0
2019-05-07 17:00:00,0.1263385557259955,5.771441123130016,0.025132815384690588,-1111.9
2019-05-07 18:00:00,0.0789652213015275,5.7745515455444085,0.02515836160266538,-1098.8
2019-05-07 19:00:00,0.07982328201505684,5.752572638825633,0.0299056337424366,-1155.5
2019-05-07 20:00:00,0.15310989811684683,5.7745515455444085,0.032574374215659674,-900.1
2019-05-07 21:00:00,0.12489709564862972,5.768320995793772,0.03586054179577047,-569.4
2019-05-07 22:00:00,0.18897479016826102,5.707110264748875,0.01832194391695996,-501.7
2019-05-07 23:00:00,0.4213225014068547,5.66988092298052,0.015666658553018742,-454.6
2019-05-08 00:00:00,0.5837879781367317,5.517452896464707,0.006535579632393151,-326.4
2019-05-08 01:00:00,0.5547724757237735,5.407171771460119,0.007725498639650219,69.1
2019-05-08 02:00:00,0.6225449047464813,5.327876168789581,0.009341770917731473,114.0
2019-05-08 03:00:00,0.7162499195104601,5.247024072160486,0.012511784345465848,155.8
2019-05-08 04:00:00,0.7710365957149135,5.135798437050262,0.0033064047121653672,-135.6
2019-05-08 05:00:00,0.4294551254465988,4.969813299576001,0.010453947047815326,-118.8
2019-05-08 06:00:00,0.30381691373738917,4.8283137373023015,0.018343493090165808,-1245.2
2019-05-08 07:00:00,0.2210496774400066,4.812184355372417,0.014849839077745841,-1716.4
2019-05-08 08:00:00,0.11239461287415731,4.955827057601261,0.031198399636532592,-1745.2
2019-05-08 09:00:00,0.10516823766227557,5.204006687076795,0.030350072859839372,-1676.3
2019-05-08 10:00:00,0.11401965266201186,5.455321115357702,0.0340666636534559,-1661.3
2019-05-08 11:00:00,0.12405617379248879,5.631211781821365,0.039745182624278286,-1665.8
2019-05-08 12:00:00,0.09173153122550826,5.7430031878094825,0.02991492245084526,-1662.5
2019-05-08 13:00:00,0.22394227901422115,5.84354441703136,0.04074193680925653,-1636.5
2019-05-08 14:00:00,0.2544906898387578,5.91350300563827,0.03311440773306451,-1631.0
2019-05-08 15:00:00,0.24086407856739722,6.003887067106539,0.03127338018328185,-1613.7
2019-05-08 16:00:00,0.16387823105176302,6.063785208687608,0.021307642025691464,-1599.5
2019-05-08 17:00:00,0.0599663819577998,6.113682179832232,0.020506589889429883,-1685.6
2019-05-08 18:00:00,0.0011152335954993653,6.16541785423142,0.02175343456947587,-1575.4
2019-05-08 19:00:00,0.0037259602068786535,6.049733455231958,0.024792367977839902,-1230.0
2019-05-08 20:00:00,0.04237298758655461,6.09807428216624,0.02349328338004586,-910.9
2019-05-08 21:00:00,0.010538512098328123,6.142037405587356,0.03164967606392288,-921.9
2019-05-08 22:00:00,-0.34656379206834265,6.186208623900494,0.017094058943254886,-723.8
2019-05-08 23:00:00,-0.5875994008862429,6.20050917404269,0.02205751652763599,-607.3
2019-05-09 00:00:00,0.2761796910919734,6.29156913955832,0.015399480298322388,-517.9
2019-05-09 01:00:00,0.2826224506614592,6.218600119691729,0.020726277865089848,-242.9
2019-05-09 02:00:00,0.32715458921958485,6.1224928095143865,0.02288518959356267,-201.6
2019-05-09 03:00:00,0.3752918491003947,6.016157159698354,0.026287430937104617,-161.0
2019-05-09 04:00:00,0.5790373633325006,5.8888779583328805,0.019290470518086522,-377.9
2019-05-09 05:00:00,0.3687131685298284,5.697093486505405,0.022958259919676927,-350.1
2019-05-09 06:00:00,0.33418652992396813,5.356586274672012,0.033791777260367084,-525.7
2019-05-09 07:00:00,0.20629576635538838,4.882801922586371,0.026075856551198484,-1176.2
2019-05-09 08:00:00,0.12878415649378283,4.553876891600541,0.03828717711247265,-1548.6
2019-05-09 09:00:00,0.14184309267008333,4.709530201312334,0.032283598670745484,-1545.9
2019-05-09 10:00:00,0.2130938760176626,5.0238805208462765,0.038416250228003435,-1557.4
2019-05-09 11:00:00,0.2019347082210099,5.356586274672012,0.030451156345278285,-1599.8
2019-05-09 12:00:00,0.28053043368920605,5.541263545158426,0.01744274581638816,-1375.4
2019-05-09 13:00:00,0.360188160881342,5.765191102784844,0.04761118869715997,-1420.0
2019-05-09 14:00:00,0.38988413914966813,5.87493073085203,0.024069916958953108,-1243.0
2019-05-09 15:00:00,0.2818455142325891,5.905361848054571,0.015943876755211583,-1284.9
2019-05-09 16:00:00,0.2693156516880735,5.921578419643816,0.017899983514323203,-1181.2
2019-05-09 17:00:00,0.10866971428791761,5.926926025970411,0.013634378475886777,-1297.4
2019-05-09 18:00:00,0.01374103121093695,5.905361848054571,0.012003491629896779,-1494.6
2019-05-09 19:00:00,0.006480228277529587,5.683579767338681,0.017000523308185578,-1489.8
2019-05-09 20:00:00,0.1042931641843623,5.736572297479192,0.01584080933027021,-1085.4
2019-05-09 21:00:00,0.09320243938634976,5.796057750765372,0.02105767494677302,-752.1
2019-05-09 22:00:00,0.1127912476129973,5.84354441703136,0.0025171311183873613,-467.4
2019-05-09 23:00:00,0.10242172638106428,5.8944028342648505,0.012299717384800957,-402.1
2019-05-10 00:00:00,-0.7064076106763322,5.8944028342648505,0.009028690644286463,-189.3
2019-05-10 01:00:00,-0.7314170944946796,5.831882477283517,0.004775792378428179,-141.7
2019-05-10 02:00:00,-0.9160644435247925,5.808142489980444,-0.0008999163033749369,-129.1
2019-05-10 03:00:00,-0.2693002404097884,5.872117789475416,-0.003118857743048764,-172.1
2019-05-10 04:00:00,-0.18404846482598902,5.926926025970411,-0.002235353881422597,-260.4
2019-05-10 05:00:00,0.3124415902942581,5.886104031450156,-0.014405750606143464,-1065.3
2019-05-10 06:00:00,0.25665939298325036,5.683579767338681,0.005686315860076618,-1594.2
2019-05-10 07:00:00,0.19084113287462445,5.44673737166631,0.0311431341008781,-1975.4
2019-05-10 08:00:00,0.11707638415634314,5.308267697401205,0.01440644953138115,-2051.2
2019-05-10 09:00:00,0.13517222606258672,5.384495062789089,0.014345301569413493,-2030.1
2019-05-10 10:00:00,0.28585110187348794,5.537334267018537,0.01689751606665535,-2019.0
2019-05-10 11:00:00,0.1864797907121143,5.673323267171493,-0.006456676026912689,-1946.7
2019-05-10 12:00:00,0.19342453862179765,5.7430031878094825,0.012200847529473258,-1789.0
2019-05-10 13:00:00,0.27135799606925826,5.7899601708972535,0.007356473326852964,-1679.2
2019-05-10 14:00:00,0.29049860338621647,5.811140992976701,-0.0040467887916069145,-1696.8
2019-05-10 15:00:00,0.26092059255309197,5.834810737062605,0.0005396843760783199,-1666.2
2019-05-10 16:00:00,0.2305649053837504,5.855071922202427,0.0015969603913266184,-1677.7
2019-05-10 17:00:00,0.13139752318397147,5.823045895483019,0.012218391169121823,-1677.8
2019-05-10 18:00:00,0.09353949405122552,5.777652323222656,0.007656347674775077,-1840.8
2019-05-10 19:00:00,0.08307297612179765,5.652489180268651,0.014866236561727142,-1829.2
2019-05-10 20:00:00,0.1315843640972747,5.6131281063880705,0.0049418107961463065,-1815.6
2019-05-10 21:00:00,0.11539514628169467,5.556828061699537,-0.001693342109247098,-1823.1
2019-05-10 22:00:00,0.1523121747841385,5.501258210544727,-0.01894661782359819,-1476.3
2019-05-10 23:00:00,0.2465685469793546,5.384495062789089,-0.027472042415225495,-1355.3
2019-05-11 00:00:00,0.355331666962984,4.897839799950911,0.002768196305573234,-361.8
2019-05-11 01:00:00,0.39589474494332944,4.663439094112067,0.002802065465996151,-160.0
2019-05-11 02:00:00,0.47583818995785165,4.430816798843313,-0.003980277700775581,-44.2
2019-05-11 03:00:00,0.5211614736963588,4.189654742026425,-0.005681509975268284,-20.0
2019-05-11 04:00:00,0.691782884447155,3.912023005428146,0.008500753944810313,-3.1
2019-05-11 05:00:00,0.4458299508662744,3.58351893845611,0.013102773274458634,-470.2
2019-05-11 06:00:00,0.28993133046271957,3.2188758248682006,-6.712020657317908e-05,-671.8
2019-05-11 07:00:00,0.1679135142180761,2.8903717578961645,-0.0066267409839131375,-1271.1
2019-05-11 08:00:00,0.13651140559475516,2.70805020110221,-0.014420436405909953,-1454.7
2019-05-11 09:00:00,0.14215222090018687,3.258096538021482,-0.010579605386264568,-1458.3
2019-05-11 10:00:00,0.21210722295430795,3.332204510175204,-0.009264962550535216,-1428.3
2019-05-11 11:00:00,0.18075535472178705,3.4339872044851463,-0.022097334824882076,-1427.5
2019-05-11 12:00:00,0.24149672261457233,3.1354942159291497,-0.02016235242059672,-1405.7
2019-05-11 13:00:00,0.2896422885493961,3.258096538021482,-0.023128188029575725,-1339.4
2019-05-11 14:00:00,0.2853560615853117,3.4011973816621555,-0.006501123868308589,-1201.2
2019-05-11 15:00:00,0.19069568188374308,3.4965075614664802,-0.026143646799113185,-801.2
2019-05-11 16:00:00,0.16859838033777663,3.5263605246161616,-0.0200919568964677,-861.8
2019-05-11 17:00:00,0.06793774949924813,3.5553480614894135,-0.030562752845736618,-1202.0
2019-05-11 18:00:00,-0.0002132854161915887,3.713572066704308,-0.01233478237241048,-1197.9
2019-05-11 19:00:00,0.02211097779951343,3.4965075614664802,-0.023085158296596298,-1377.6
2019-05-11 20:00:00,0.04262639331787765,3.9318256327243257,-0.015414985903308143,-1165.8
2019-05-11 21:00:00,0.0085918795722435,4.442651256490317,-0.02335300563103182,-807.9
2019-05-11 22:00:00,-0.11174129227826723,4.897839799950911,-0.026069902751529206,-282.6
2019-05-11 23:00:00,0.056363542555195156,5.3706380281276624,-0.005120331417556301,-345.2
2019-05-12 00:00:00,0.1832094581827728,5.872117789475416,-0.01829189465672698,-137.4
2019-05-12 01:00:00,-0.11185946310797057,6.1224928095143865,-0.02142717083785417,-96.3
2019-05-12 02:00:00,-0.9160644435247925,6.3080984415095305,-0.030220958377068285,-103.3
2019-05-12 03:00:00,-0.9160644435247925,6.459904454377535,-0.027102576453130744,-210.2
2019-05-12 04:00:00,-0.9160644435247925,6.5722825426940075,-0.017617996408644032,-266.7
2019-05-12 05:00:00,-0.9160644435247925,6.651571873589727,-0.023451771015463585,-405.8
2019-05-12 06:00:00,-0.9160644435247925,6.682108597449809,-0.009186007671496021,-548.8
2019-05-12 07:00:00,-0.9160644435247925,6.695798917058491,-0.004769403537422612,-751.6
2019-05-12 08:00:00,-0.9160644435247925,6.688354713946762,-0.008050920369396586,-746.3
2019-05-12 09:00:00,-0.521313615981168,6.656726524178391,-0.013141481394401744,-727.8
2019-05-12 10:00:00,-0.9160644435247925,6.628041376179533,-0.0058170109115378565,-724.1
2019-05-12 11:00:00,-0.9160644435247925,6.602587892189336,0.0031107419153890703,-696.5
2019-05-12 12:00:00,-0.9160644435247925,6.5722825426940075,0.0064981957430436665,-653.1
2019-05-12 13:00:00,-0.9160644435247925,6.543911845564792,0.0022706244394141706,-559.8
2019-05-12 14:00:00,-0.9160644435247925,6.548219102762372,0.012513106407805452,-549.7
2019-05-12 15:00:00,-0.9160644435247925,6.568077911411976,0.01627807240327339,-552.3
2019-05-12 16:00:00,-0.9160644435247925,6.584791392385716,0.022872483121901155,-580.3
2019-05-12 17:00:00,-0.9160644435247925,6.593044534142437,0.022022434791772127,-657.3
2019-05-12 18:00:00,-0.5971889763175433,6.591673732008658,0.010412218021336628,-689.9
2019-05-12 19:00:00,-0.40958885071142204,6.455198563340122,0.024412184460898878,-705.4
2019-05-12 20:00:00,-0.5268698593933796,6.447305862541213,0.022216725077069732,-701.8
2019-05-12 21:00:00,-0.20503937908786396,6.431331081933479,0.017813091965118488,-733.6
2019-05-12 22:00:00,-0.5834990469432264,6.418364935936212,0.021426530402684385,-697.0
2019-05-12 23:00:00,-0.17603856641785542,6.42648845745769,0.03162814044455953,-697.7
2019-05-13 00:00:00,-0.37700269238526785,6.6240652277998935,0.02412537309024554,-443.7
2019-05-13 01:00:00,-0.09255791482109732,6.61338421837956,0.021944099622086988,-444.8
2019-05-13 02:00:00,0.06110023708587242,6.598509028614515,0.018780177463058934,-416.1
2019-05-13 03:00:00,0.03088194852480841,6.5722825426940075,0.007583242114842292,-451.5
2019-05-13 04:00:00,0.4159012364216368,6.539585955617669,0.008088856196992289,-507.6
2019-05-13 05:00:00,0.291398997230631,6.501289670540389,0.015449973316032484,-670.6
2019-05-13 06:00:00,0.22448068110501973,6.437751649736401,0.01757464844975498,-2119.9
2019-05-13 07:00:00,0.11971594016075082,6.349138991379798,0.033878113532359144,-2554.1
2019-05-13 08:00:00,0.03882257236085129,6.249975242259483,0.02328392436533644,-2595.3
2019-05-13 09:00:00,0.05751418976439471,6.18826412308259,0.029559533979366392,-2528.7
2019-05-13 10:00:00,0.027280739578698476,6.1675164908883415,0.027983929419810316,-2359.6
2019-05-13 11:00:00,0.10291317834535318,6.118097198041348,0.029913605707603708,-2299.6
2019-05-13 12:00:00,0.13509359701454615,6.030685260261263,0.017606664879028067,-2109.3
2019-05-13 13:00:00,0.21740488825763338,5.961005339623274,0.02219960518179498,-2054.7
2019-05-13 14:00:00,0.2383304602559151,5.91350300563827,0.011560160653647955,-2046.7
2019-05-13 15:00:00,0.23280236520626874,5.902633333401366,0.012501413387996152,-2052.8
2019-05-13 16:00:00,0.17515973286427222,5.8805329864007,0.007134672768179584,-2045.3
2019-05-13 17:00:00,0.0701594715163778,5.796057750765372,0.022017431067765436,-2232.9
2019-05-13 18:00:00,0.011833177492871272,5.703782474656201,0.014685761685515608,-2316.1
2019-05-13 19:00:00,0.026395710276939433,5.43372200355424,0.021033417935515608,-2343.2
2019-05-13 20:00:00,0.08499949110337512,5.5053315359323625,0.013975059259942135,-2373.9
2019-05-13 21:00:00,0.07019839219092683,5.676753802268282,0.00804636142991022,-2478.2
2019-05-13 22:00:00,0.09854298467285716,5.857933154483459,-0.013123999788239082,-1990.9
2019-05-13 23:00:00,0.22421057575075576,5.976350909297934,-0.01499375400037195,-1163.3
2019-05-14 00:00:00,0.40684332342081087,6.100318952020064,0.010271424711062238,-636.3
2019-05-14 01:00:00,0.3910566494809249,6.1463292576688975,0.009684345685548656,-581.5
2019-05-14 02:00:00,0.5019281108265239,6.154858094016418,0.01335972248938333,-569.3
2019-05-14 03:00:00,0.5397490724138159,6.115892125483034,0.01173835447486038,-577.4
2019-05-14 04:00:00,0.6886025378672604,6.0844994130751715,0.007060557621958452,-573.0
2019-05-14 05:00:00,0.40517712768189096,6.003887067106539,-0.0006237492797502853,-904.1
2019-05-14 06:00:00,0.27742950632242414,5.814130531825066,0.013351544809809823,-1791.4
2019-05-14 07:00:00,0.1799474763852067,5.641907070938114,0.004793473601511167,-2120.2
2019-05-14 08:00:00,0.09871376988883807,5.560681631015528,0.011716850248247646,-2144.6
2019-05-14 09:00:00,0.11584929418741963,5.556828061699537,0.012072101496758414,-2040.2
2019-05-14 10:00:00,0.09465198500030114,5.598421958998375,0.014240762081881186,-1925.3
2019-05-14 11:00:00,0.13654830829385922,5.627621113690637,0.00744022800212818,-1938.6
2019-05-14 12:00:00,0.1489588086082132,5.6131281063880705,0.004581931566278286,-1933.4
2019-05-14 13:00:00,0.2621923401797601,5.58724865840025,0.009337556119109358,-1921.4
2019-05-14 14:00:00,0.2815376012767712,5.560681631015528,0.008651061620721379,-1900.0
2019-05-14 15:00:00,0.24072547192562865,5.5053315359323625,-0.006047681226240442,-1837.7
2019-05-14 16:00:00,0.19798050810852796,5.3981627015177525,-0.0034985986778952594,-1779.1
2019-05-14 17:00:00,0.08900954330236344,5.267858159063328,0.0033533701206502897,-1788.9
2019-05-14 18:00:00,0.042721938225687595,5.159055299214529,-0.007057954209329864,-1833.5
2019-05-14 19:00:00,0.047809727598111085,4.8283137373023015,-0.0031856208838920708,-1857.3
2019-05-14 20:00:00,0.12884449725521874,4.77912349311153,-0.0007929474455874441,-1409.4
2019-05-14 21:00:00,0.09585081184733513,4.919980925828125,-0.0015970207391298175,-1421.5
2019-05-14 22:00:00,0.17201357677491247,5.093750200806762,-0.008680661008365398,-876.5
2019-05-14 23:00:00,0.3623899767354084,5.19295685089021,0.00506414959375423,-570.1
2019-05-15 00:00:00,0.4806671655077883,5.3471075307174685,0.0014977856024360747,-458.0
2019-05-15 01:00:00,0.5519501518490544,5.308267697401205,0.002702886373358915,-161.8
2019-05-15 02:00:00,0.6805474549042669,5.272999558563747,0.011353844031151361,-166.5
2019-05-15 03:00:00,0.6818200832986729,5.220355825078324,0.00948606342892866,-216.0
2019-05-15 04:00:00,0.6327295427077217,5.176149732573829,0.006350547093393999,-394.5
2019-05-15 05:00:00,0.4023019420917233,4.997212273764115,0.0015120096721537024,-564.8
2019-05-15 06:00:00,0.2780505929731598,4.532599493153256,0.01276727046272974,-1232.8
2019-05-15 07:00:00,0.19547499814682912,3.8918202981106265,0.00042217673122468824,-1766.0
2019-05-15 08:00:00,0.11572517382132164,3.4011973816621555,0.013467438665300868,-1932.6
2019-05-15 09:00:00,0.11768728741620471,3.258096538021482,0.011674563431565588,-1755.2
2019-05-15 10:00:00,0.15029932674266044,3.295836866004329,0.008344624713044979,-1726.5
2019-05-15 11:00:00,0.18262796143763405,3.4339872044851463,0.011017892987368327,-1710.5
2019-05-15 12:00:00,0.16281378246269318,3.6109179126442243,-0.006353785286607128,-1577.3
2019-05-15 13:00:00,0.2778365988749196,3.6888794541139363,0.009363297850725871,-1433.4
2019-05-15 14:00:00,0.29204612367297766,3.713572066704308,-0.0006942028207506112,-1310.5
2019-05-15 15:00:00,0.26733516037672045,3.7376696182833684,-0.00992237625498582,-1182.6
2019-05-15 16:00:00,0.19986810729942706,3.828641396489095,-0.013881173763946819,-1159.3
2019-05-15 17:00:00,0.07874739279854737,3.9512437185814275,-0.010631456899174552,-1183.2
2019-05-15 18:00:00,0.02675464818621709,3.9889840465642745,-0.014411841898593458,-1197.0
2019-05-15 19:00:00,0.026693925546183994,3.871201010907891,-0.010396447811798382,-1197.1
2019-05-15 20:00:00,0.07094973436776453,3.970291913552122,-0.014775502047853273,-1165.5
2019-05-15 21:00:00,0.05312885367532516,4.30406509320417,-0.011712442209835139,-1158.1
2019-05-15 22:00:00,0.10504840606905042,4.709530201312334,-0.01871044287851298,-836.3
2019-05-15 23:00:00,0.22070683061800356,4.962844630259907,-0.006874106006369729,-530.2
2019-05-16 00:00:00,0.29506797561217946,5.117993812416755,-0.01908669577284705,-476.5
2019-05-16 01:00:00,0.3331813298526707,5.10594547390058,-0.017623527509775805,-228.0
2019-05-16 02:00:00,0.419576506591258,5.056245805348308,-0.011461620938995054,-213.5
2019-05-16 03:00:00,0.3949730780148575,4.927253685157205,-0.014162977525737475,-197.3
2019-05-16 04:00:00,0.34937306231785437,4.770684624465665,-0.01530097425153265,-498.4
2019-05-16 05:00:00,0.3397018290279714,4.553876891600541,-0.017863734600578773,-535.3
2019-05-16 06:00:00,0.29531695659262613,4.189654742026425,-0.009125256593937259,-1460.1
2019-05-16 07:00:00,0.15708310298575556,3.7376696182833684,-0.017488200679495414,-1627.9
2019-05-16 08:00:00,0.08033332602946386,3.4657359027997265,-0.011902567411382847,-1671.9
2019-05-16 09:00:00,0.11213232357489877,3.5263605246161616,-0.019195035352217005,-1663.9
2019-05-16 10:00:00,0.18499437640685468,3.713572066704308,-0.013108928218557914,-1610.1
2019-05-16 11:00:00,0.1777699636299972,3.8918202981106265,-0.023765151768359694,-1599.2
2019-05-16 12:00:00,0.23758120692975604,4.060443010546419,-0.03807567294629077,-1442.5
2019-05-16 13:00:00,0.3188453179451334,4.23410650459726,-0.012121770108793228,-922.3
2019-05-16 14:00:00,0.3379924408949364,4.382026634673881,-0.03383608061848786,-884.0
2019-05-16 15:00:00,0.22416273823957233,4.51085950651685,-0.04303437380172248,-825.5
2019-05-16 16:00:00,0.19722562355309314,4.574710978503383,-0.036676117722152846,-743.5
2019-05-16 17:00:00,0.07216042705731596,4.634728988229636,-0.03102420505078296,-931.6
2019-05-16 18:00:00,0.011790286871279587,4.663439094112067,-0.03526428625145517,-1180.7
2019-05-16 19:00:00,0.019574498783697436,4.574710978503383,-0.028290235871978098,-1387.2
2019-05-16 20:00:00,0.07778705314766876,4.672828834461906,-0.03262473221011408,-1055.9
2019-05-16 21:00:00,0.044636306723758956,4.941642422609304,-0.02791994821655308,-1005.1
2019-05-16 22:00:00,0.05169784152703105,5.159055299214529,-0.03596813134467691,-785.5
2019-05-16 23:00:00,0.11595295341903444,5.231108616854587,-0.025032712196172646,-549.3
2019-05-17 00:00:00,0.330702478233984,5.056245805348308,-0.040774131839532046,-482.4
2019-05-17 01:00:00,0.3719080158565644,5.056245805348308,-0.036595153868975494,-95.1
2019-05-17 02:00:00,0.21512546703377255,5.0106352940962555,-0.040737469200692544,-88.5
2019-05-17 03:00:00,0.21279468480463937,4.897839799950911,-0.046488954443141495,-73.6
2019-05-17 04:00:00,0.16608338052380756,4.812184355372417,-0.04232511052087862,-502.9
2019-05-17 05:00:00,0.25876819902579085,4.663439094112067,-0.04137834010353547,-590.4
2019-05-17 06:00:00,0.19860197835663795,4.189654742026425,-0.0515275411090963,-1026.6
2019-05-17 07:00:00,0.11155087758892135,3.4339872044851463,-0.030526448624613067,-1621.2
2019-05-17 08:00:00,0.030659007778179426,2.833213344056216,-0.05280706205549279,-1610.9
2019-05-17 09:00:00,0.05280897137989449,2.833213344056216,-0.05784144040641426,-1612.0
2019-05-17 10:00:00,0.20428541620894336,2.9444389791664403,-0.0650306327929,-1607.1
2019-05-17 11:00:00,0.1095008962588393,3.1780538303479458,-0.09313265136993021,-1602.9
2019-05-17 12:00:00,0.13833883175143802,3.4011973816621555,-0.0690383903496361,-1601.8
2019-05-17 13:00:00,0.21617982146101733,3.5553480614894135,-0.073667107402275,-1142.2
2019-05-17 14:00:00,0.21311193977079634,3.6375861597263857,-0.06572336558787395,-925.4
2019-05-17 15:00:00,0.17603323292065465,3.6888794541139363,-0.06944574302362483,-896.8
2019-05-17 16:00:00,0.14104194347709154,3.6635616461296463,-0.06262744106406348,-715.8
2019-05-17 17:00:00,0.05354285189538066,3.5553480614894135,-0.07160533107871192,-1320.7
2019-05-17 18:00:00,-0.008120786753905929,3.4657359027997265,-0.07348242211428424,-1277.9
2019-05-17 19:00:00,-0.019086073275425885,3.4339872044851463,-0.0641607269919735,-1260.6
2019-05-17 20:00:00,0.0371039068444694,3.6109179126442243,-0.05153679336432404,-778.3
2019-05-17 21:00:00,0.005869182438038578,3.828641396489095,-0.05537711729008343,-732.0
2019-05-17 22:00:00,0.02657854157852313,4.07753744390572,-0.07521145640973614,-756.5
2019-05-17 23:00:00,0.09416154675692301,4.204692619390966,-0.06714321524974487,-403.7
2019-05-18 00:00:00,0.07320607228168008,5.087596335232384,-0.02848434719853099,-389.0
2019-05-18 01:00:00,-0.010210937141002407,5.049856007249537,-0.025164542273149237,-345.9
2019-05-18 02:00:00,0.0411829312587928,4.983606621708336,-0.026028414922538268,-318.3
2019-05-18 03:00:00,0.07708152946041436,4.9344739331306915,-0.0225417618428434,-305.3
2019-05-18 04:00:00,0.1859077658410202,4.897839799950911,-0.014512814014740805,-278.2
2019-05-18 05:00:00,0.12333468403958703,4.770684624465665,-0.017092128671510665,-339.7
2019-05-18 06:00:00,0.1902650390591547,4.418840607796598,-0.02504240378264999,-589.3
2019-05-18 07:00:00,0.09764732969862644,3.912023005428146,-0.0384406092291103,-804.3
2019-05-18 08:00:00,0.05820835649690981,3.4657359027997265,-0.06146387524039998,-1085.2
2019-05-18 09:00:00,0.06258593057725292,3.4965075614664802,-0.06274790304656541,-1158.9
2019-05-18 10:00:00,0.14346272283475336,3.6375861597263857,-0.0684894928279558,-1112.6
2019-05-18 11:00:00,0.08992372577525032,3.7376696182833684,-0.07495516668932645,-998.1
2019-05-18 12:00:00,0.13710192407670485,3.7376696182833684,-0.07275283209835859,-872.2
2019-05-18 13:00:00,0.18645253054874633,3.7612001156935624,-0.07107209682829563,-776.9
2019-05-18 14:00:00,0.19157183645631637,3.7612001156935624,-0.06774474910902661,-699.2
2019-05-18 15:00:00,0.12366609184460042,3.8066624897703196,-0.0858936512048869,-690.2
2019-05-18 16:00:00,0.1206069220366186,3.828641396489095,-0.08370314141065194,-735.0
2019-05-18 17:00:00,-0.008751077381642158,3.8501476017100584,-0.09087740286712265,-746.2
2019-05-18 18:00:00,0.002661406227659757,3.9318256327243257,-0.07970719343501553,-1140.2
2019-05-18 19:00:00,-0.02829825406550679,4.04305126783455,-0.08271227379590584,-1116.6
2019-05-18 20:00:00,0.021550516501499306,4.3694478524670215,-0.08121466681110512,-1041.5
2019-05-18 21:00:00,0.03547521896568373,4.700480365792417,-0.07234664930060664,-1155.2
2019-05-18 22:00:00,0.043284298386924824,4.882801922586371,-0.06894107831671992,-989.2
2019-05-18 23:00:00,0.10094924027483021,4.9344739331306915,-0.05130606658802961,-505.2
2019-05-19 00:00:00,0.43604125319880715,5.017279836814924,-0.08227034857159321,-858.9
2019-05-19 01:00:00,0.4779837292121156,4.983606621708336,-0.0798853713244485,-515.2
2019-05-19 02:00:00,0.596535282984969,4.90527477843843,-0.07593076533891807,-418.2
2019-05-19 03:00:00,0.64643263969587,4.74493212836325,-0.07291211248442497,-367.1
2019-05-19 04:00:00,0.8086934155111996,4.532599493153256,-0.062166372669712366,-349.0
2019-05-19 05:00:00,0.5631349102036824,4.248495242049359,-0.06619800482455585,-551.6
2019-05-19 06:00:00,0.41047400034282244,3.8918202981106265,-0.05965296955093269,-647.3
2019-05-19 07:00:00,0.22472175518119775,3.58351893845611,-0.06379601932489809,-659.6
2019-05-19 08:00:00,0.10476857405879114,3.4339872044851463,-0.07991942288180987,-711.8
2019-05-19 09:00:00,0.0954765705766909,3.4657359027997265,-0.08106882267931503,-722.9
2019-05-19 10:00:00,0.13846455144510328,3.4965075614664802,-0.08830650228680081,-751.8
2019-05-19 11:00:00,0.1713075112978082,3.6635616461296463,-0.071596032651434,-817.6
2019-05-19 12:00:00,0.18855372669729187,3.912023005428146,-0.06664405929071915,-800.7
2019-05-19 13:00:00,0.3031396003900295,4.127134385045092,-0.0759020879739607,-787.6
2019-05-19 14:00:00,0.339088913587255,4.276666119016055,-0.0674485409973764,-793.4
2019-05-19 15:00:00,0.3403183861974348,4.330733340286331,-0.07300424625583712,-792.2
2019-05-19 16:00:00,0.2891391280523852,4.343805421853684,-0.07196161954893743,-808.0
2019-05-19 17:00:00,0.08658172796579411,4.343805421853684,-0.0840700304987747,-867.2
2019-05-19 18:00:00,0.02049270771076772,4.430816798843313,-0.09058171100825341,-1114.3
2019-05-19 19:00:00,0.051512426062366945,4.31748811353631,-0.07791024808910674,-1570.5
2019-05-19 20:00:00,0.09881482133755926,4.454347296253507,-0.07976968362599912,-1610.8
2019-05-19 21:00:00,0.06615768811200562,4.574710978503383,-0.07508918877066595,-1556.9
2019-05-19 22:00:00,0.12520592364764482,4.718498871295094,-0.07291606345290447,-1605.5
2019-05-19 23:00:00,0.27071410425210907,4.812184355372417,-0.06638057607830472,-1176.7
2019-05-20 00:00:00,0.44898672728212796,4.6913478822291435,-0.08856606510263276,-410.0
2019-05-20 01:00:00,0.507359169887851,4.574710978503383,-0.08939848771328673,-244.1
2019-05-20 02:00:00,0.6102786439636789,4.394449154672439,-0.08691473043998332,-212.6
2019-05-20 03:00:00,0.6092783254186158,4.204692619390966,-0.09485164976160743,-434.9
2019-05-20 04:00:00,0.5979267162334141,4.007333185232471,-0.10868356795346834,-404.8
2019-05-20 05:00:00,0.3564096990647849,3.7612001156935624,-0.10625848445645669,-524.1
2019-05-20 06:00:00,0.2580832706618228,3.5553480614894135,-0.09283508191287648,-1396.0
2019-05-20 07:00:00,0.14260446680752947,3.367295829986474,-0.060557558127032785,-1539.7
2019-05-20 08:00:00,0.06844424141906513,3.258096538021482,-0.07597103373000458,-1605.4
2019-05-20 09:00:00,0.0906714515048006,3.1354942159291497,-0.07483526455850154,-1596.3
2019-05-20 10:00:00,0.08942107153116963,2.995732273553991,-0.07708499854095052,-1610.5
2019-05-20 11:00:00,0.22383867007808922,3.044522437723423,-0.07799768146962549,-1749.7
2019-05-20 12:00:00,0.25252909948469604,3.091042453358316,-0.093514120951939,-1698.5
2019-05-20 13:00:00,0.30443636473975166,3.1780538303479458,-0.08385996677852958,-1605.7
2019-05-20 14:00:00,0.3151753070255521,3.1780538303479458,-0.08001952030636161,-1575.1
2019-05-20 15:00:00,0.28434925062530114,3.091042453358316,-0.07095932199515342,-1446.9
2019-05-20 16:00:00,0.21982161478366846,3.044522437723423,-0.07366935964711718,-1397.8
2019-05-20 17:00:00,0.11604014597596946,3.044522437723423,-0.060705045962886395,-1531.8
2019-05-20 18:00:00,0.04219120338830695,3.091042453358316,-0.06853804387621487,-1519.4
2019-05-20 19:00:00,0.04884775858834445,2.8903717578961645,-0.0701112211176591,-1502.9
2019-05-20 20:00:00,0.09455333285074152,3.044522437723423,-0.0688441425618862,-1389.8
2019-05-20 21:00:00,0.06973295117717182,3.332204510175204,-0.06808795386904443,-1361.2
2019-05-20 22:00:00,0.11842529641865873,3.58351893845611,-0.07435737550427923,-1366.6
2019-05-20 23:00:00,0.1828393669557773,3.7612001156935624,-0.07992527966255292,-788.7
2019-05-21 00:00:00,0.32139566840736356,3.713572066704308,-0.10337859735963129,-574.0
2019-05-21 01:00:00,0.35148979772359246,3.7376696182833684,-0.10372450315510662,-337.2
2019-05-21 02:00:00,0.413558960376434,3.871201010907891,-0.1002902995813102,-332.0
2019-05-21 03:00:00,0.41091271089418324,4.07753744390572,-0.10227535896523143,-345.6
2019-05-21 04:00:00,0.5446988037779965,4.204692619390966,-0.10428428120756372,-498.8
2019-05-21 05:00:00,0.2589720061144516,4.248495242049359,-0.10144358489504501,-623.0
2019-05-21 06:00:00,0.2145156809118549,4.174387269895637,-0.09563310114140755,-1913.0
2019-05-21 07:00:00,0.1301006485327263,4.0943445622221,-0.09105984009866752,-2246.1
2019-05-21 08:00:00,0.04311288933366786,4.02535169073515,-0.07806303270314707,-2282.0
2019-05-21 09:00:00,0.0807817942029807,4.04305126783455,-0.08287939824633206,-2250.2
2019-05-21 10:00:00,0.0909746652967307,4.07753744390572,-0.08160719670824612,-2244.8
2019-05-21 11:00:00,0.13539557041405104,4.04305126783455,-0.08114693202142753,-2229.1
2019-05-21 12:00:00,0.1457233077500648,4.007333185232471,-0.07776121420479942,-2213.5
2019-05-21 13:00:00,0.26635612135153997,3.970291913552122,-0.07586058374633886,-1909.5
2019-05-21 14:00:00,0.29106701679477487,3.9512437185814275,-0.08280271821561591,-1703.9
2019-05-21 15:00:00,0.24828337280537127,3.970291913552122,-0.08208236750223818,-1656.8
2019-05-21 16:00:00,0.19583279221316596,4.02535169073515,-0.07595906499712957,-1623.8
2019-05-21 17:00:00,0.09442833380292015,4.127134385045092,-0.07982881714060319,-1882.9
2019-05-21 18:00:00,0.04109573273314471,4.2626798770413155,-0.08788051063173974,-2029.5
2019-05-21 19:00:00,0.03187589551310932,4.23410650459726,-0.08595790716775475,-2041.4
2019-05-21 20:00:00,0.08229199140799937,4.30406509320417,-0.085322615061723,-1991.7
2019-05-21 21:00:00,0.040907416733841906,4.406719247264253,-0.09347797256871626,-1962.6
2019-05-21 22:00:00,0.09765663163347371,4.477336814478207,-0.09969898873114857,-1680.0
2019-05-21 23:00:00,0.2577449852295284,4.5217885770490405,-0.09150651420933187,-449.9
2019-05-22 00:00:00,0.35320128343671753,4.624972813284271,-0.10723541453402952,-435.4
2019-05-22 01:00:00,0.37168198386694185,4.672828834461906,-0.10568335020100506,-403.1
2019-05-22 02:00:00,0.40576003006916084,4.718498871295094,-0.10016743040125586,-360.8
2019-05-22 03:00:00,0.38273772451772414,4.6913478822291435,-0.09812164418580238,-359.0
2019-05-22 04:00:00,0.4657793784416251,4.672828834461906,-0.09822225682618324,-427.6
2019-05-22 05:00:00,0.25452071054994496,4.61512051684126,-0.10362675191003223,-440.0
2019-05-22 06:00:00,0.20230996739555263,4.532599493153256,-0.11003767355804062,-1288.3
2019-05-22 07:00:00,0.09890090711931165,4.454347296253507,-0.12008937357836302,-2053.4
2019-05-22 08:00:00,0.0006659812436327073,4.382026634673881,-0.11318757387765466,-2090.1
2019-05-22 09:00:00,0.03639254502295808,4.382026634673881,-0.11648528539104674,-2082.3
2019-05-22 10:00:00,0.07171312640685468,4.356708826689592,-0.11687841820803424,-2073.7
2019-05-22 11:00:00,0.09638320692399915,4.394449154672439,-0.1098436468961026,-2044.3
2019-05-22 12:00:00,0.04632860552190943,4.59511985013459,-0.11140656128975035,-1951.8
2019-05-22 13:00:00,0.17143804649602057,4.77912349311153,-0.10127320407158358,-1186.6
2019-05-22 14:00:00,0.20052910702097693,4.983606621708336,-0.10234413908204143,-899.9
2019-05-22 15:00:00,0.17261318128343106,5.19295685089021,-0.09676384414557404,-721.0
2019-05-22 16:00:00,0.11421459156398406,5.41610040220442,-0.08820667120584069,-756.6
2019-05-22 17:00:00,0.019814109527919843,5.556828061699537,-0.08395261881238358,-1321.1
2019-05-22 18:00:00,-0.00342208762158025,5.5909869805108565,-0.08380948975213176,-1689.6
2019-05-22 19:00:00,0.006803249888226226,5.517452896464707,-0.08066925480306875,-1734.5
2019-05-22 20:00:00,0.042612537234364645,5.564520407322694,-0.08166375277763827,-1742.1
2019-05-22 21:00:00,0.0312179985606309,5.602118820879701,-0.0835996717231513,-1413.1
2019-05-22 22:00:00,0.07248009522443422,5.666426688112432,-0.08278929956303571,-1326.0
2019-05-22 23:00:00,0.23531324575036816,5.730099782973574,-0.0736329637186186,-894.0
2019-05-23 00:00:00,0.3320930471451069,5.8944028342648505,-0.07971131758928252,-680.7
2019-05-23 01:00:00,0.29842938135929753,5.820082930352362,-0.07696296729608498,-573.7
2019-05-23 02:00:00,0.3701684956733686,5.683579767338681,-0.07182933845087014,-523.5
2019-05-23 03:00:00,0.3879195059681968,5.517452896464707,-0.06823019879601322,-465.8
2019-05-23 04:00:00,0.5612382985943567,5.342334251964811,-0.06735733620758566,-463.1
2019-05-23 05:00:00,0.33161590737548563,5.159055299214529,-0.060423349019374406,-508.7
2019-05-23 06:00:00,0.26927825466867006,5.0369526024136295,-0.04701225515492968,-1746.2
2019-05-23 07:00:00,0.14581008553093788,4.919980925828125,-0.03905490623827035,-2267.6
2019-05-23 08:00:00,0.05661128342359545,4.859812404361672,-0.025785252196572017,-2256.0
2019-05-23 09:00:00,0.05090323733869484,4.836281906951478,-0.027571073154399883,-2058.3
2019-05-23 10:00:00,0.09332158169853288,4.804021044733257,-0.02242866016735956,-1187.8
2019-05-23 11:00:00,0.08182458683443983,4.762173934797756,-0.029446985235790812,-919.2
2019-05-23 12:00:00,0.1504390169371268,4.718498871295094,-0.030492698221835646,-696.9
2019-05-23 13:00:00,0.2361660776946386,4.663439094112067,0.0010486930809516792,-668.0
2019-05-23 14:00:00,0.2835179374131904,4.605170185988092,-0.028083428129037635,-959.0
2019-05-23 15:00:00,0.1928707578935649,4.532599493153256,-0.025825536121082848,-1075.1
2019-05-23 16:00:00,0.1946797973308363,4.418840607796598,-0.016570126880360192,-1215.4
2019-05-23 17:00:00,0.09471040217435567,4.2626798770413155,-0.019671197585786615,-1965.9
2019-05-23 18:00:00,0.0361435097049867,4.1588830833596715,-0.023714590972182314,-2233.1
2019-05-23 19:00:00,0.03463754509479289,3.970291913552122,-0.019640494292494814,-2243.0
2019-05-23 20:00:00,0.10189047201454615,4.007333185232471,-0.022934733909144356,-2226.7
2019-05-23 21:00:00,0.08110121210738086,4.248495242049359,-0.02989039220385159,-1630.2
2019-05-23 22:00:00,0.11206529476804805,4.543294782270004,-0.03395808041665305,-1607.2
2019-05-23 23:00:00,0.25756570154700587,4.727387818712341,-0.02804023326012839,-1207.4
2019-05-24 00:00:00,0.4053433574080443,4.859812404361672,-0.054700441537726796,-1014.9
2019-05-24 01:00:00,0.404005610102701,4.990432586778736,-0.05363496977798654,-336.6
2019-05-24 02:00:00,0.49351595115145397,5.030437921392435,-0.059086607868889196,-263.4
2019-05-24 03:00:00,0.48553517725822104,4.969813299576001,-0.06503831335427268,-259.0
2019-05-24 04:00:00,0.5620211171882992,4.859812404361672,-0.06518947073342307,-375.0
2019-05-24 05:00:00,0.255993502462033,4.74493212836325,-0.057276926171334175,-961.7
2019-05-24 06:00:00,0.18758258310702747,4.634728988229636,-0.04853800226073002,-2063.6
2019-05-24 07:00:00,0.14069512597363598,4.553876891600541,-0.011990236716697744,-2411.6
2019-05-24 08:00:00,0.06727263458731336,4.634728988229636,-0.018175618085852108,-2441.9
2019-05-24 09:00:00,0.08279482071275535,4.8283137373023015,-0.016482162225845975,-2423.8
2019-05-24 10:00:00,0.2159148340901531,5.0106352940962555,-0.01339392338492651,-2376.5
2019-05-24 11:00:00,0.06136127965653326,5.123963979403259,-0.04309769362759308,-1983.4
2019-05-24 12:00:00,0.06087427568320081,5.147494476813453,-0.025263561295935766,-1612.8
2019-05-24 13:00:00,0.12145885899672848,5.153291594497779,-0.03610852820675525,-1436.7
2019-05-24 14:00:00,0.1435715730607523,5.135798437050262,-0.02196334537060718,-1379.6
2019-05-24 15:00:00,0.11717698684997879,5.081404364984463,-0.03623956712721821,-1352.4
2019-05-24 16:00:00,0.09526492512728968,5.003946305945459,-0.030972968294098457,-1404.9
2019-05-24 17:00:00,0.003268055906092915,4.867534450455582,-0.0273720761018863,-1549.3
2019-05-24 18:00:00,0.0006942810311376668,4.762173934797756,-0.031601924869296916,-2178.0
2019-05-24 19:00:00,0.008436304380482706,4.584967478670572,-0.018517884147102315,-2274.1
2019-05-24 20:00:00,0.04618570488605034,4.553876891600541,-0.01845106877855862,-2115.4
2019-05-24 21:00:00,0.016567195827099646,4.465908118654584,-0.028681486826894087,-1928.5
2019-05-24 22:00:00,0.045280385355543906,4.343805421853684,-0.05610259471168977,-1590.0
2019-05-24 23:00:00,0.14469235540413905,4.204692619390966,-0.04086739984746224,-1436.6
2019-05-25 00:00:00,0.28980937791527994,4.624972813284271,-0.0359193256860495,-950.2
2019-05-25 01:00:00,0.32202318872514235,4.6443908991413725,-0.03572430248815106,-774.1
2019-05-25 02:00:00,0.42172594696458665,4.68213122712422,-0.03455725127005849,-358.0
2019-05-25 03:00:00,0.4749353596065644,4.718498871295094,-0.030008463199379776,-308.1
2019-05-25 04:00:00,0.6224354658903666,4.736198448394496,-0.02301445927006185,-311.2
2019-05-25 05:00:00,0.3629319886327398,4.787491742782046,-0.02451921851512573,-311.8
2019-05-25 06:00:00,0.2182597200955212,4.875197323201151,-0.016647810939623753,-659.2
2019-05-25 07:00:00,0.08434963764127845,4.927253685157205,-0.018822014077731097,-801.6
2019-05-25 08:00:00,0.03750148444629664,4.969813299576001,-0.03358390736666461,-1228.5
2019-05-25 09:00:00,0.02953807653105267,5.003946305945459,-0.02733702067820598,-1338.5
2019-05-25 10:00:00,0.09227941524889749,5.0106352940962555,-0.02201648403256673,-1222.3
2019-05-25 11:00:00,0.05354613338485814,4.983606621708336,-0.02011909481277563,-1146.8
2019-05-25 12:00:00,0.11225072196738939,4.941642422609304,-0.013289473132834573,-867.8
2019-05-25 13:00:00,0.14827886128119472,4.852030263919617,-0.015191638433838861,-629.7
2019-05-25 14:00:00,0.1475274781346929,4.74493212836325,-0.020459476119015108,-501.8
2019-05-25 15:00:00,0.06549621755823809,4.653960350157523,-0.03518439145126173,-417.4
2019-05-25 16:00:00,0.06058598270154203,4.564348191467836,-0.031086570397559576,-468.9
2019-05-25 17:00:00,-0.016411775932940298,4.454347296253507,-0.038530922494913966,-659.3
2019-05-25 18:00:00,-0.04435580028905051,4.406719247264253,-0.03530134349245806,-1028.1
2019-05-25 19:00:00,-0.031204080968207926,4.23410650459726,-0.03311533265653388,-1259.8
2019-05-25 20:00:00,0.01885073084436284,4.02535169073515,-0.05292571911990773,-1190.0
2019-05-25 21:00:00,0.011856300316650525,3.8918202981106265,-0.041834024439212136,-1075.4
2019-05-25 22:00:00,0.05208281541656623,3.8918202981106265,-0.03842845345532542,-872.6
2019-05-25 23:00:00,0.1489814777584364,3.970291913552122,-0.0336064894886281,-741.9
2019-05-26 00:00:00,0.35238948655355307,4.1588830833596715,-0.05793286417257093,-507.7
2019-05-26 01:00:00,0.38281235154556637,4.060443010546419,-0.07654647005893356,3.2
2019-05-26 02:00:00,0.4235415153562312,3.8501476017100584,-0.06816588994119233,197.4
2019-05-26 03:00:00,0.472247157517276,3.713572066704308,-0.0684577621350444,234.5
2019-05-26 04:00:00,0.4116475761802185,3.58351893845611,-0.05883858257703789,296.6
2019-05-26 05:00:00,-0.051756913694192,3.367295829986474,-0.05950155122943457,306.9
2019-05-26 06:00:00,-0.41410907738842706,3.091042453358316,-0.056354450892268204,326.1
2019-05-26 07:00:00,-0.3769684024341511,2.9444389791664403,-0.04444057637194199,329.9
2019-05-26 08:00:00,-0.28318582671030557,2.8903717578961645,-0.051178753873787564,349.1
2019-05-26 09:00:00,-0.34328120415052243,2.833213344056216,-0.040374631852760245,412.9
2019-05-26 10:00:00,-0.059579747234828506,2.833213344056216,-0.040629079115295674,373.6
2019-05-26 11:00:00,0.008850695530293162,2.772588722239781,-0.01158819985103765,321.5
2019-05-26 12:00:00,-0.029921593398365864,2.772588722239781,-0.014987005707742362,357.9
2019-05-26 13:00:00,-0.08349762502817937,2.833213344056216,-0.01944789951522896,370.9
2019-05-26 14:00:00,-0.03447664551590135,2.995732273553991,-0.019110082022706365,361.7
2019-05-26 15:00:00,0.05384432392833283,3.1354942159291497,-0.03491420678140322,363.5
2019-05-26 16:00:00,0.19603523706359827,3.4339872044851463,-0.026918181381113904,122.5
2019-05-26 17:00:00,0.028361296986200824,3.6635616461296463,-0.03707466190536568,-243.5
2019-05-26 18:00:00,-0.07348194693100707,3.6888794541139363,-0.05201518055881493,-362.6
2019-05-26 19:00:00,-0.05948328765122124,3.5263605246161616,-0.037925423981914896,-625.2
2019-05-26 20:00:00,0.0009635924724431533,3.8066624897703196,-0.0415616287871039,-801.8
2019-05-26 21:00:00,-0.040541095371766644,4.110873864173311,-0.04691831180396999,-668.0
2019-05-26 22:00:00,0.010023033228828027,4.30406509320417,-0.045632104504436555,-646.4
2019-05-26 23:00:00,0.12113266478619256,4.418840607796598,-0.042257749315681714,-156.2
2019-05-27 00:00:00,-0.24308864181401013,4.700480365792417,-0.03855564452797111,255.2
2019-05-27 01:00:00,-0.49386717279208936,4.6443908991413725,-0.03638445242766952,294.5
2019-05-27 02:00:00,-0.43069295451078915,4.5217885770490405,-0.03690430986532167,292.1
2019-05-27 03:00:00,-0.2754331115894111,4.343805421853684,-0.05519887784161348,299.8
2019-05-27 04:00:00,0.03222195129122962,4.219507705176107,-0.05989340378403618,-16.3
2019-05-27 05:00:00,0.0984417362297969,4.04305126783455,-0.06614470526325356,-26.1
2019-05-27 06:00:00,0.1413835477056251,3.828641396489095,-0.05831388754464317,-876.4
2019-05-27 07:00:00,0.059967921854267914,3.5263605246161616,-0.03399053074231073,-2040.7
2019-05-27 08:00:00,-0.0017681815525230071,3.367295829986474,-0.026950852308264217,-2376.4
2019-05-27 09:00:00,0.0130624271935611,3.295836866004329,-0.0453514360761762,-2344.7
2019-05-27 10:00:00,-0.03443863787632928,3.332204510175204,-0.04834738877359346,-1998.4
2019-05-27 11:00:00,0.03546636175398099,3.4657359027997265,-0.059505670350565865,-1871.1
2019-05-27 12:00:00,0.059670943759338346,3.6635616461296463,-0.07086421127505549,-1363.5
2019-05-27 13:00:00,0.13105110319016822,3.713572066704308,-0.0640769279290847,-1205.0
2019-05-27 14:00:00,0.13575456672517383,3.784189633918261,-0.060236481456916735,-1014.5
2019-05-27 15:00:00,0.12259922507265442,3.912023005428146,-0.056231515284910216,-926.5
2019-05-27 16:00:00,0.05322963733759822,3.828641396489095,-0.05309048546546169,-756.4
2019-05-27 17:00:00,-0.015639364184901083,3.6888794541139363,-0.04246162112744312,-1392.2
2019-05-27 18:00:00,-0.06822913821603871,3.6109179126442243,-0.051911744010383565,-1674.7
2019-05-27 19:00:00,-0.04314907913877608,3.4339872044851463,-0.05335380582571769,-1931.8
2019-05-27 20:00:00,0.018945735322253743,3.6109179126442243,-0.0608440998948101,-1999.8
2019-05-27 21:00:00,-0.002157169951183757,4.02535169073515,-0.05099352050974382,-1902.4
2019-05-27 22:00:00,0.0477905810071233,4.356708826689592,-0.04578400306022257,-1475.2
2019-05-27 23:00:00,0.15258584301564104,4.564348191467836,-0.048963054058586586,-944.3
2019-05-28 00:00:00,0.26470505956809376,4.442651256490317,-0.06044410008733525,-105.2
2019-05-28 01:00:00,0.1674245613248111,4.382026634673881,-0.05766372977857159,117.9
2019-05-28 02:00:00,0.1334967363030577,4.30406509320417,-0.05735580230901416,211.0
2019-05-28 03:00:00,3.443879568809649e-05,4.23410650459726,-0.060280237928628466,250.0
2019-05-28 04:00:00,-0.10462810124966726,4.23410650459726,-0.06541209119103275,-59.8
2019-05-28 05:00:00,0.25727469311857165,4.189654742026425,-0.06031224596151308,-281.5
2019-05-28 06:00:00,0.18239540437380786,4.04305126783455,-0.05896911676981631,-1334.0
2019-05-28 07:00:00,0.05396258040977209,3.828641396489095,-0.051992371907758184,-2201.0
2019-05-28 08:00:00,-0.02727508311403737,3.9318256327243257,-0.049131410169141354,-2327.8
2019-05-28 09:00:00,0.012660224874605941,4.31748811353631,-0.0527654179985495,-2330.5
2019-05-28 10:00:00,0.01617568770263711,4.727387818712341,-0.05628938872395661,-2298.6
2019-05-28 11:00:00,0.05421803991073215,5.0106352940962555,-0.05170417720472731,-2272.3
2019-05-28 12:00:00,0.06751148471228374,5.111987788356544,-0.04150050475038203,-2292.4
2019-05-28 13:00:00,0.1788409660137238,5.187385805840755,-0.04090556871276263,-2238.4
2019-05-28 14:00:00,0.18604057543303876,5.187385805840755,-0.05007793392797932,-2063.7
2019-05-28 15:00:00,0.14657630588770632,5.081404364984463,-0.0486475914160005,-1780.0
2019-05-28 16:00:00,0.1095595347889935,5.081404364984463,-0.0385899184891656,-1795.7
2019-05-28 17:00:00,0.006818691764037155,5.181783550292085,-0.04264253648756977,-2118.6
2019-05-28 18:00:00,-0.05831491411844647,5.187385805840755,-0.04713965530581721,-2107.8
2019-05-28 19:00:00,-0.06662839306513568,5.093750200806762,-0.04225681250579427,-2096.4
2019-05-28 20:00:00,-0.00764783592226248,5.017279836814924,-0.04020217978125373,-1826.6
2019-05-28 21:00:00,-0.035040379761787754,4.962844630259907,-0.04948110697156327,-1393.9
2019-05-28 22:00:00,0.029925769396929702,4.912654885736052,-0.05468877491720914,-1118.8
2019-05-28 23:00:00,0.16860554835186337,4.836281906951478,-0.05586332815642869,-298.1
2019-05-29 00:00:00,-0.3026819702791421,4.709530201312334,-0.048201882949836516,-1.2
2019-05-29 01:00:00,-0.647408442803366,4.465908118654584,-0.050022503095450865,237.8
2019-05-29 02:00:00,-0.2348471622072399,4.23410650459726,-0.051912454898598526,198.0
2019-05-29 03:00:00,-0.2825259766921029,4.1588830833596715,-0.05411014088586885,144.5
2019-05-29 04:00:00,-0.33006759556337517,4.189654742026425,-0.05852575482766298,-81.9
2019-05-29 05:00:00,0.1766361661928797,4.2626798770413155,-0.05494217878657803,-148.9
2019-05-29 06:00:00,0.17012328089965134,4.418840607796598,-0.0556931905231588,-810.7
2019-05-29 07:00:00,0.05799048614770008,4.653960350157523,-0.05561489137648579,-1606.4
2019-05-29 08:00:00,-0.0444006505808483,4.762173934797756,-0.04928377189817468,-1740.2
2019-05-29 09:00:00,-0.01762297394913892,4.820281565605037,-0.054181402054891414,-1660.5
2019-05-29 10:00:00,0.013276019134691452,4.990432586778736,-0.061418662836666194,-1588.2
2019-05-29 11:00:00,0.03687797721785291,5.187385805840755,-0.05291364785842578,-1466.3
2019-05-29 12:00:00,0.008157924549419437,5.365976015021851,-0.05265397721922316,-1347.0
2019-05-29 13:00:00,0.12435265982133314,5.4510384535657,-0.04394525560378071,-1009.8
2019-05-29 14:00:00,0.1381625021995565,5.488937726156687,-0.05414203726416389,-605.9
2019-05-29 15:00:00,0.08590753198688006,5.484796933490655,-0.05288841213842854,-400.2
2019-05-29 16:00:00,0.02308279858732165,5.575949103146316,-0.04159436633642155,-396.7
2019-05-29 17:00:00,-0.0296007813439072,5.638354669333745,-0.04469340636171015,-862.7
2019-05-29 18:00:00,-0.0833650715298635,5.655991810819852,-0.04412174148489001,-1068.6
2019-05-29 19:00:00,-0.08652355185752958,5.602118820879701,-0.03520688072631195,-1102.1
2019-05-29 20:00:00,-0.0757395225610007,5.703782474656201,-0.0369024269096947,-653.2
2019-05-29 21:00:00,-0.10641522150638005,5.811140992976701,-0.0430261552759843,-606.6
2019-05-29 22:00:00,-0.17561664701223423,5.963579343618446,-0.04871269318231164,-552.6
2019-05-29 23:00:00,-0.9160644435247925,6.1070228877422545,-0.052928290356927477,-605.5
2019-05-30 00:00:00,0.14051471122420311,6.486160788944089,-0.0024763244971026666,-502.5
2019-05-30 01:00:00,0.5308762646800749,6.495265555937008,0.010679447380533169,-343.3
2019-05-30 02:00:00,0.5402046530458944,6.508769136971682,0.02208268923934309,-304.7
2019-05-30 03:00:00,-0.08151124567779267,6.542471960506805,0.015132553277322103,-208.6
2019-05-30 04:00:00,-0.8578096347579609,6.580639137284949,0.016044361983801103,-605.8
2019-05-30 05:00:00,-0.9160644435247925,6.586171654854675,0.025058047914246373,-698.2
2019-05-30 06:00:00,-0.9160644435247925,6.559615237493242,-0.04455892287525565,-709.0
2019-05-30 07:00:00,-0.8849773427481624,6.502790045915623,-0.04360256260116646,-682.7
2019-05-30 08:00:00,-0.8169951003468268,6.424869023905388,-0.02748711616115962,-668.4
2019-05-30 09:00:00,-0.9160644435247925,6.400257445308821,0.01848901831715466,-218.0
2019-05-30 10:00:00,-0.9160644435247925,6.3835066348840055,-0.006819866085569615,-177.9
2019-05-30 11:00:00,-0.9160644435247925,6.369900982828227,-0.02019220531617627,-152.7
2019-05-30 12:00:00,-0.9160644435247925,6.376726947898627,-0.03782714795884523,-156.1
2019-05-30 13:00:00,-0.9160644435247925,6.391917113392602,0.013819928595835584,-139.7
2019-05-30 14:00:00,-0.9160644435247925,6.38856140554563,-0.00039393912073037995,-132.1
2019-05-30 15:00:00,-0.9160644435247925,6.364750756851911,0.005887516970438433,-131.9
2019-05-30 16:00:00,-0.9160644435247925,6.335054251498059,0.0025519608426485263,-139.2
2019-05-30 17:00:00,0.10350779998373705,6.285998094508865,0.020716996240933483,-257.1
2019-05-30 18:00:00,0.21064269838759708,6.234410725718371,0.03375181679757411,-303.6
2019-05-30 19:00:00,-0.18211092795172057,6.068425588244111,0.013866933228015021,-427.5
2019-05-30 20:00:00,-0.9160644435247925,6.077642243349034,-0.03451716420139306,-594.3
2019-05-30 21:00:00,-0.9160644435247925,6.137727054086234,-0.011911827280430387,-568.4
2019-05-30 22:00:00,-0.9160644435247925,6.180016653652572,0.08470369735716154,-531.7
2019-05-30 23:00:00,-0.9160644435247925,6.16541785423142,0.0774510813239413,-458.3
2019-05-31 00:00:00,-0.9160644435247925,5.934894195619588,0.019099269207882408,-187.2
2019-05-31 01:00:00,-0.9160644435247925,5.823045895483019,-0.0013217874896902515,263.2
2019-05-31 02:00:00,-0.9160644435247925,5.723585101952381,-0.003987926991951163,273.1
2019-05-31 03:00:00,-0.9160644435247925,5.71042701737487,0.0030731125048726327,166.6
2019-05-31 04:00:00,-0.9160644435247925,5.752572638825633,0.023289257950155573,-150.4
2019-05-31 05:00:00,-0.9160644435247925,5.834810737062605,0.003850334509666986,-196.9
2019-05-31 06:00:00,0.037034906884236385,6.023447592961033,-0.002832429456250729,-559.8
2019-05-31 07:00:00,-0.01705247134769694,6.154858094016418,-0.03709615784777398,-710.1
2019-05-31 08:00:00,-0.05174198122731832,6.226536669287466,-0.0008473231247814184,-806.9
2019-05-31 09:00:00,-0.02685727129548665,6.326149473155099,-0.006404202444496576,-682.2
2019-05-31 10:00:00,0.08015619389422435,6.405228458030842,-0.01619373855967332,-521.3
2019-05-31 11:00:00,-0.04276355846819291,6.45833828334479,0.06646450888393307,-494.0
2019-05-31 12:00:00,-0.03281587815995701,6.4967749901858625,0.04917689082893073,-476.0
2019-05-31 13:00:00,-0.0010260880705268427,6.501289670540389,-0.01367768121857349,-387.3
2019-05-31 14:00:00,-0.053091101003860164,6.501289670540389,0.010795784246321993,-285.3
2019-05-31 15:00:00,-0.10225343360794126,6.52649485957079,0.006079864751693087,-281.7
2019-05-31 16:00:00,-0.11388387389980892,6.579251212010101,0.030395978082194297,-321.7
2019-05-31 17:00:00,-0.09180418288004377,6.616065185132817,0.0259863920379253,-421.8
2019-05-31 18:00:00,-0.11988227171991817,6.5998704992128365,0.03999172831771158,-568.8
2019-05-31 19:00:00,-0.11150849364458715,6.410174881966167,0.043532092111167486,-523.4
2019-05-31 20:00:00,-0.13623630898770145,6.354370040797351,0.009747202071085148,-806.4
2019-05-31 21:00:00,-0.1688501029910996,6.318968113746434,0.024585542354593315,-741.5
2019-05-31 22:00:00,-0.14645227559543628,6.313548046277095,0.02563728878442806,-679.3
2019-05-31 23:00:00,0.011273886951155276,6.340359303727752,-0.009215957299415045,-250.0
2019-06-01 00:00:00,0.0541126624890893,6.489204931325317,0.08022355211219434,-206.9
2019-06-01 01:00:00,-0.13486152467570678,6.520621127558696,0.09478118177563655,-223.9
2019-06-01 02:00:00,-0.696545976230956,6.525029657843462,0.09099684303647315,-211.3
2019-06-01 03:00:00,-0.7678812267891513,6.516193076042964,0.10168397948614949,-215.7
2019-06-01 04:00:00,-0.6755953579163789,6.513230110912307,0.10782283014711602,-223.5
2019-06-01 05:00:00,-0.8849723306431259,6.504288173536645,0.09649577663003672,-289.9
2019-06-01 06:00:00,-0.1670680912102407,6.498282149476434,0.10419976156454602,-408.2
2019-06-01 07:00:00,-0.07795478325652416,6.51025834052315,0.09795665817331312,-482.5
2019-06-01 08:00:00,0.08269222023850009,6.504288173536645,0.08447045179031853,-534.7
2019-06-01 09:00:00,-0.013619625381861677,6.489204931325317,0.08089199331894115,-520.8
2019-06-01 10:00:00,-0.02470682590582074,6.467698726104354,0.07610460655886975,-480.3
2019-06-01 11:00:00,-0.12566880376821832,6.439350371100098,0.08195458046858306,-445.7
2019-06-01 12:00:00,0.01964052591643295,6.410174881966167,0.07716308516370063,-412.4
2019-06-01 13:00:00,-0.1397793731702559,6.376726947898627,0.07454821007449475,-323.3
2019-06-01 14:00:00,-0.30995535343158975,6.345636360828596,0.07116259695641158,-273.4
2019-06-01 15:00:00,-0.012518542499481367,6.300785794663244,0.07104299778984302,-279.5
2019-06-01 16:00:00,0.12260660731693962,6.2422232654551655,0.06214119259326001,-278.4
2019-06-01 17:00:00,0.07083392563211044,6.148468295917647,0.06714094054121933,-260.5
2019-06-01 18:00:00,0.1457902377152771,6.09807428216624,0.062360238129380186,-415.1
2019-06-01 19:00:00,0.124399003684458,5.855071922202427,0.06674409318866292,-355.5
2019-06-01 20:00:00,0.12285463970663901,5.749392985908253,0.056206750901416136,-222.9
2019-06-01 21:00:00,0.25880757256315245,5.7430031878094825,0.06871112929589085,-294.1
2019-06-01 22:00:00,0.3736177876466935,5.820082930352362,0.07194505248406902,-259.4
2019-06-01 23:00:00,0.21899547773177108,5.916202062607435,0.0862531272255822,-131.1
2019-06-02 00:00:00,-0.9160644435247925,6.07993319509559,0.06670900406894731,-252.6
2019-06-02 01:00:00,-0.9160644435247925,6.150602768446279,0.06386966094356783,-318.1
2019-06-02 02:00:00,-0.9160644435247925,6.169610732491456,0.06843717850413888,-296.9
2019-06-02 03:00:00,-0.9160644435247925,6.135564891081739,0.07986574498372523,-251.8
2019-06-02 04:00:00,-0.9160644435247925,6.077642243349034,0.08032762298724982,-207.4
2019-06-02 05:00:00,-0.9160644435247925,5.993961427306569,0.083583644306235,-214.6
2019-06-02 06:00:00,-0.9160644435247925,5.924255797414532,0.08764771559845563,-232.9
2019-06-02 07:00:00,0.10447084348288138,5.929589143389895,0.09139919135023167,-578.1
2019-06-02 08:00:00,0.018053983184672884,5.940171252720432,0.07835999886439993,-633.7
2019-06-02 09:00:00,0.11315481337569366,5.968707559985366,0.08561076290195846,-747.1
2019-06-02 10:00:00,0.1573801330467255,6.0112671744041615,0.07964125146887824,-804.6
2019-06-02 11:00:00,0.11192102904286827,6.025865973825314,0.09604908451627114,-775.1
2019-06-02 12:00:00,-0.026477029681512665,6.013715156042802,0.09274968774962389,-672.8
2019-06-02 13:00:00,-0.1729193721379536,5.993961427306569,0.0821110918835739,-611.7
2019-06-02 14:00:00,-0.32452514976594715,5.991464547107982,0.07728071730480313,-568.5
2019-06-02 15:00:00,-0.049167078045467605,5.955837369464831,0.0646891488059822,-590.7
2019-06-02 16:00:00,0.15490354218750957,5.8944028342648505,0.06799015511303086,-604.0
2019-06-02 17:00:00,0.19047259469219702,5.75890177387728,0.059066206160549584,-723.9
2019-06-02 18:00:00,0.1315556063328147,5.54907608489522,0.05879815438279845,-728.1
2019-06-02 19:00:00,0.22952156871060536,5.159055299214529,0.06081190576575324,-789.4
2019-06-02 20:00:00,0.30500421119371257,4.890349128221754,0.05779479998905135,-795.7
2019-06-02 21:00:00,0.32393460753306513,4.727387818712341,0.05833712391235846,-734.4
2019-06-02 22:00:00,0.43516811746812323,4.663439094112067,0.05685297409938528,-694.3
2019-06-02 23:00:00,0.6140078035216665,4.605170185988092,0.07386432151940348,-458.2
2019-06-03 00:00:00,0.7407194224560105,4.2626798770413155,0.06922984306726043,135.2
2019-06-03 01:00:00,0.6391123281362234,4.127134385045092,0.08370696864968163,108.8
2019-06-03 02:00:00,0.6152287786398314,3.970291913552122,0.08512669271883233,167.5
2019-06-03 03:00:00,0.7624196239902239,3.7376696182833684,0.07389972272149326,194.1
2019-06-03 04:00:00,0.889221496022397,3.6888794541139363,0.07376444851037078,-156.1
2019-06-03 05:00:00,0.5410243464834132,3.784189633918261,0.062803076530634,-174.7
2019-06-03 06:00:00,0.3697611510995338,3.8501476017100584,0.06116482032422965,-652.1
2019-06-03 07:00:00,0.2892661524021669,4.060443010546419,0.06335848273098055,-885.2
2019-06-03 08:00:00,0.19617032042634808,4.418840607796598,0.0718575285520835,-1044.0
2019-06-03 09:00:00,0.17068349846141473,4.770684624465665,0.044830671799156896,-828.2
2019-06-03 10:00:00,0.12631655863576885,5.0369526024136295,0.03332567546276266,-712.5
2019-06-03 11:00:00,0.16643959349682813,5.308267697401205,0.028440309126881225,-708.9
2019-06-03 12:00:00,0.18711906880068385,5.575949103146316,0.02314677650243624,-767.7
2019-06-03 13:00:00,0.19560256627106165,5.7745515455444085,0.03274928040551295,-849.2
2019-06-03 14:00:00,0.20919108317345847,5.926926025970411,0.04043284582000073,-912.5
2019-06-03 15:00:00,0.27673874521180863,5.971261839790462,0.042480806897020607,-927.8
2019-06-03 16:00:00,0.29497137027986,5.918893854273146,0.04194814562310967,-906.7
2019-06-03 17:00:00,0.2126459870135422,5.796057750765372,0.05120847799672301,-851.1
2019-06-03 18:00:00,0.18496127877729984,5.631211781821365,0.04181131432381058,-800.4
2019-06-03 19:00:00,0.2029861649404041,5.375278407684165,0.04382569621974053,-856.0
2019-06-03 20:00:00,0.2190259466529345,5.267858159063328,0.050807146375483114,-823.2
2019-06-03 21:00:00,0.19115144662431538,5.209486152841421,0.05431306731123886,-716.5
2019-06-03 22:00:00,0.2548018301869468,5.10594547390058,0.07138288433102247,-559.6
2019-06-03 23:00:00,-0.08968500888062136,4.983606621708336,0.07206457944534783,-397.7
2019-06-04 00:00:00,-0.9160644435247925,4.663439094112067,0.06540433561654613,-337.5
2019-06-04 01:00:00,-0.9160644435247925,4.3694478524670215,0.06729767204993742,-33.6
2019-06-04 02:00:00,-0.9160644435247925,4.143134726391533,0.06853921450214173,58.1
2019-06-04 03:00:00,-0.9160644435247925,4.02535169073515,0.06584967805663045,74.5
2019-06-04 04:00:00,-0.9160644435247925,3.970291913552122,0.06657206474520905,-218.7
2019-06-04 05:00:00,0.33395437751621504,3.912023005428146,0.061494820792316496,-423.4
2019-06-04 06:00:00,0.3543710565874214,3.6888794541139363,0.04529875608109002,-934.7
2019-06-04 07:00:00,0.24821405502203975,3.4011973816621555,0.039524683376361835,-1160.9
2019-06-04 08:00:00,0.16050975182454774,3.295836866004329,0.03232672626287325,-1375.4
2019-06-04 09:00:00,0.14903983117726982,3.295836866004329,0.02779156929491755,-1364.1
2019-06-04 10:00:00,0.13229718427348347,3.4011973816621555,0.022121679706025077,-1520.9
2019-06-04 11:00:00,0.14418186763710628,3.6109179126442243,0.020376678978349716,-1494.0
2019-06-04 12:00:00,0.16204186022952838,3.8918202981106265,0.033396009750639166,-1365.3
2019-06-04 13:00:00,0.21522641211613713,4.189654742026425,0.02328667186389044,-1483.9
2019-06-04 14:00:00,0.21850349796435298,3.970291913552122,0.02235832480087474,-1634.3
2019-06-04 15:00:00,0.23149563052877387,4.219507705176107,0.017951929699229652,-1808.1
2019-06-04 16:00:00,0.2759084047175655,4.499809670330265,0.026551457865457095,-1844.4
2019-06-04 17:00:00,0.20236964646392241,4.709530201312334,0.020969602091531314,-1980.8
2019-06-04 18:00:00,0.15761475716436646,4.812184355372417,0.02050588841484302,-2024.1
2019-06-04 19:00:00,0.1453315343052446,4.890349128221754,0.02003286595390552,-2160.3
2019-06-04 20:00:00,0.20401969050045876,5.030437921392435,0.029146845015421086,-2104.1
2019-06-04 21:00:00,0.20009363987878892,5.231108616854587,0.02255009536556951,-2082.8
2019-06-04 22:00:00,0.3093498432536421,5.389071729816501,0.022625588997554402,-1979.9
2019-06-04 23:00:00,0.3342648864986071,5.493061443340548,0.02803288048154151,-1610.3
2019-06-05 00:00:00,0.8115234960210107,4.07753744390572,0.040131072869386664,-421.2
2019-06-05 01:00:00,0.6796939189029665,4.127134385045092,0.04582099946741813,-308.0
2019-06-05 02:00:00,0.5230576634614428,4.0943445622221,0.05211338614428396,-71.6
2019-06-05 03:00:00,0.48520970073086733,3.9512437185814275,0.0531583783502354,103.3
2019-06-05 04:00:00,-0.2598070105648931,3.7612001156935624,0.05241125649252165,-381.6
2019-06-05 05:00:00,0.3582414685209723,3.4657359027997265,0.04844744242267396,-386.2
2019-06-05 06:00:00,0.30891407679386784,2.9444389791664403,0.030047377713863455,-554.8
2019-06-05 07:00:00,0.19585947578528673,2.5649493574615367,0.01991137943086585,-906.0
2019-06-05 08:00:00,0.10052609473332463,2.6390573296152584,0.01427468738374671,-1026.6
2019-06-05 09:00:00,0.0802633373176116,2.9444389791664403,0.009369254205497946,-1009.2
2019-06-05 10:00:00,0.08654728244137866,3.332204510175204,-0.0038756755256557085,-963.5
2019-06-05 11:00:00,0.08325698946972393,3.7612001156935624,-0.0009157980799026078,-930.6
2019-06-05 12:00:00,0.08183157237296079,4.276666119016055,0.004230086069930472,-958.8
2019-06-05 13:00:00,0.15891345783569477,4.653960350157523,0.006134406343618615,-925.6
2019-06-05 14:00:00,0.17942038967232232,4.90527477843843,-0.0017451762836424578,-860.3
2019-06-05 15:00:00,0.21564997532800767,5.087596335232384,-0.004445563508942207,-769.1
2019-06-05 16:00:00,0.20859753787666158,5.236441962829949,0.004600809029949637,-668.3
2019-06-05 17:00:00,0.07841985158906528,5.3230099791384085,0.0009075948323156169,-642.7
2019-06-05 18:00:00,0.020652699593308288,5.375278407684165,0.001416254075244261,-634.9
2019-06-05 19:00:00,0.020209619869950846,5.220355825078324,0.003042903689951082,-622.5
2019-06-05 20:00:00,0.06723729704470705,5.2832037287379885,0.00527236910104012,-624.4
2019-06-05 21:00:00,0.1314357873456684,5.365976015021851,0.003348713752774124,-690.9
2019-06-05 22:00:00,0.11046594032340229,5.484796933490655,0.003369420784952837,-641.4
2019-06-05 23:00:00,-0.9160644435247925,5.552959584921617,0.009471517054069345,-636.3
2019-06-06 00:00:00,-0.9160644435247925,5.605802066295998,0.05425913014279171,-484.5
2019-06-06 01:00:00,-0.9160644435247925,5.683579767338681,0.05040249296378452,66.7
2019-06-06 02:00:00,-0.9160644435247925,5.66988092298052,0.03113810277282436,103.9
2019-06-06 03:00:00,-0.9160644435247925,5.552959584921617,0.06831297892952826,141.7
2019-06-06 04:00:00,-0.9044846046198649,5.438079308923196,0.042470213924274525,-133.3
2019-06-06 05:00:00,-0.9160644435247925,5.298317366548036,0.012364172397327344,-275.0
2019-06-06 06:00:00,-0.4412881338923196,5.099866427824199,-0.014602227336956375,-363.4
2019-06-06 07:00:00,-0.8595495219676417,4.90527477843843,0.01126699515341123,-508.2
2019-06-06 08:00:00,-0.37263864727568086,4.718498871295094,-0.02651214318100603,-535.9
2019-06-06 09:00:00,0.09048442440346305,4.532599493153256,-0.01382952131941817,-699.6
2019-06-06 10:00:00,0.30157520670598226,4.454347296253507,-0.008809919328346183,-681.6
2019-06-06 11:00:00,0.14043536271284873,4.499809670330265,-0.019731647871514824,-658.8
2019-06-06 12:00:00,-0.366992181904906,4.624972813284271,-0.03690290500827853,-459.3
2019-06-06 13:00:00,-0.7358186580560266,4.718498871295094,-0.0037555722437137007,-377.0
2019-06-06 14:00:00,-0.9160644435247925,4.787491742782046,-0.01594419153971227,-321.4
2019-06-06 15:00:00,-0.9160644435247925,4.8283137373023015,-0.03192160337462102,-300.7
2019-06-06 16:00:00,-0.9160644435247925,4.836281906951478,-0.001788815468438898,-310.9
2019-06-06 17:00:00,-0.6349010488028499,4.718498871295094,-0.0040852329849245805,-418.0
2019-06-06 18:00:00,-0.31162862434968774,4.430816798843313,-0.001434700703978109,-529.3
2019-06-06 19:00:00,-0.20027795660779457,4.07753744390572,-0.007968917902084982,-544.2
2019-06-06 20:00:00,-0.2906479201581935,4.060443010546419,0.001222137291302161,-489.5
2019-06-06 21:00:00,-0.1437446014488426,4.330733340286331,-0.015349218187127533,-386.4
2019-06-06 22:00:00,-0.27815495463329265,4.6443908991413725,-0.006547775579080373,-334.1
2019-06-06 23:00:00,-0.28182281241769624,4.867534450455582,0.02432046867308202,-302.5
2019-06-07 00:00:00,-0.5016801890479274,5.442417710521793,-0.04936350239144627,-426.9
2019-06-07 01:00:00,-0.2035202406207408,5.583496308781699,-0.029291782216787965,12.8
2019-06-07 02:00:00,-0.1527736887857034,5.627621113690637,-0.031124922871463845,37.1
2019-06-07 03:00:00,-0.016723056137413206,5.594711379601839,-0.035757532008521054,94.5
2019-06-07 04:00:00,-0.5305002120230187,5.605802066295998,-0.05740003547962669,-436.6
2019-06-07 05:00:00,-0.062496085710073146,5.564520407322694,-0.04191127760863367,-622.7
2019-06-07 06:00:00,0.18035344788965757,5.384495062789089,-0.061391313584535645,-771.8
2019-06-07 07:00:00,0.12697559786499157,5.147494476813453,-0.05155582084839594,-926.4
2019-06-07 08:00:00,0.0638657992387146,5.087596335232384,-0.04909971430242788,-1033.3
2019-06-07 09:00:00,0.036046238784950724,5.308267697401205,-0.06252911028631924,-1067.5
2019-06-07 10:00:00,0.1571071106052293,5.537334267018537,-0.05553937995121494,-1084.1
2019-06-07 11:00:00,0.025036140055123557,5.749392985908253,-0.09054331785518155,-1075.0
2019-06-07 12:00:00,0.010149921891953628,5.929589143389895,-0.1107332326288537,-955.6
2019-06-07 13:00:00,-0.009981095921370198,6.073044534100405,-0.10907617942345027,-758.2
2019-06-07 14:00:00,0.0014356054772961535,6.144185634125646,-0.07510868973167195,-799.0
2019-06-07 15:00:00,0.03062788670553962,6.16541785423142,-0.08544053641687199,-823.4
2019-06-07 16:00:00,0.11770945365002561,6.154858094016418,-0.08956423426460436,-860.0
2019-06-07 17:00:00,0.06480451170454904,6.091309882077698,-0.08670965568077449,-871.7
2019-06-07 18:00:00,0.059041786688993625,5.991464547107982,-0.08537063130334932,-1108.6
2019-06-07 19:00:00,0.04599197960846224,5.8522024797744745,-0.08682460965554384,-1007.4
2019-06-07 20:00:00,0.033329970971437195,5.849324779946859,-0.08071368267798995,-1015.9
2019-06-07 21:00:00,-0.07961972728746458,5.8998973535824915,-0.08102234222831672,-919.6
2019-06-07 22:00:00,-0.2106420455017446,6.0063531596017325,-0.09392096469870559,-977.5
2019-06-07 23:00:00,-0.028853782669631567,6.0867747269123065,-0.07031199647581232,-780.3
2019-06-08 00:00:00,-0.35135244561907486,6.226536669287466,-0.15488399579598777,-251.5
2019-06-08 01:00:00,-0.16744780587373276,6.175867270105761,-0.13514887290098,-194.5
2019-06-08 02:00:00,-0.15925160356879964,6.09807428216624,-0.14208436172647598,-112.7
2019-06-08 03:00:00,-0.5731288027163919,6.0014148779611505,-0.13984619807849974,-36.4
2019-06-08 04:00:00,-0.6936138634190572,5.886104031450156,-0.140328403548029,-5.0
2019-06-08 05:00:00,-0.9160644435247925,5.771441123130016,-0.1564088218450035,25.3
2019-06-08 06:00:00,-0.9160644435247925,5.66988092298052,-0.13040666133925338,-11.3
2019-06-08 07:00:00,-0.8447634077198605,5.634789603169249,-0.11840063345653729,16.6
2019-06-08 08:00:00,-0.8330920542938598,5.68697535633982,-0.1381910556485657,-335.5
2019-06-08 09:00:00,-0.5592128516859791,5.855071922202427,-0.11056204703828598,-476.6
2019-06-08 10:00:00,-0.6770622924948024,6.003887067106539,-0.12761631477594726,-446.9
2019-06-08 11:00:00,-0.5925128727235855,6.100318952020064,-0.12489058911250694,-542.2
2019-06-08 12:00:00,-0.6270207006943358,6.129050210060545,-0.14315958980886823,-469.2
2019-06-08 13:00:00,-0.8030210709512966,6.154858094016418,-0.12801463353969478,-310.9
2019-06-08 14:00:00,-0.8671191581197255,6.1463292576688975,-0.13515391909508256,-258.6
2019-06-08 15:00:00,-0.9160644435247925,6.093569770045136,-0.1374742017192423,-190.7
2019-06-08 16:00:00,-0.9029334420709803,6.0473721790462776,-0.14776965145437604,-168.3
2019-06-08 17:00:00,-0.9160644435247925,5.978885764901122,-0.1280206718123873,-172.1
2019-06-08 18:00:00,-0.9160644435247925,5.849324779946859,-0.14299979769615678,-456.4
2019-06-08 19:00:00,-0.9160644435247925,5.60947179518496,-0.13108165014125728,-337.7
2019-06-08 20:00:00,-0.9160644435247925,5.5093883366279774,-0.1500892298401828,-203.2
2019-06-08 21:00:00,-0.9160644435247925,5.5254529391317835,-0.1337933404787428,-180.8
2019-06-08 22:00:00,-0.9160644435247925,5.552959584921617,-0.13667039826723126,-203.1
2019-06-08 23:00:00,-0.9160644435247925,5.53338948872752,-0.15419617118621964,2.5
2019-06-09 00:00:00,-0.9160644435247925,5.568344503761097,-0.1418804795456179,87.4
2019-06-09 01:00:00,-0.9160644435247925,5.480638923341991,-0.13415080539349056,150.1
2019-06-09 02:00:00,-0.9160644435247925,5.351858133476067,-0.12638454105404673,180.1
2019-06-09 03:00:00,-0.9160644435247925,5.187385805840755,-0.12713809387544828,226.4
2019-06-09 04:00:00,-0.9160644435247925,4.983606621708336,-0.14567270211765138,272.1
2019-06-09 05:00:00,-0.9160644435247925,4.727387818712341,-0.13878541361699437,271.2
2019-06-09 06:00:00,-0.9160644435247925,4.574710978503383,-0.1309284590876434,270.0
2019-06-09 07:00:00,-0.9160644435247925,4.543294782270004,-0.10695477297477218,258.5
2019-06-09 08:00:00,-0.81168807455373,4.663439094112067,-0.10435456245416486,229.3
2019-06-09 09:00:00,-0.9160644435247925,4.812184355372417,-0.0873765038117762,212.9
2019-06-09 10:00:00,-0.9160644435247925,5.0106352940962555,-0.08818866186127927,228.7
2019-06-09 11:00:00,-0.7852650374495043,5.247024072160486,-0.07772699950613848,109.8
2019-06-09 12:00:00,-0.5631306052589036,5.4638318050256105,-0.07676902230594873,39.9
2019-06-09 13:00:00,-0.583899660934228,5.68697535633982,-0.0792985751599149,74.8
2019-06-09 14:00:00,-0.4391766189906905,5.921578419643816,-0.08899519084596275,-60.4
2019-06-09 15:00:00,-0.5206695834149389,6.07993319509559,-0.09715387664443131,-288.2
2019-06-09 16:00:00,-0.5680589898624979,6.1779441140506,-0.07518346608307702,-358.0
2019-06-09 17:00:00,-0.6617392804974354,6.230481447578482,-0.06345392978010356,-576.6
2019-06-09 18:00:00,-0.4780745481723807,6.251903883165888,-0.06305625559589068,-680.6
2019-06-09 19:00:00,-0.34575052482823,6.154858094016418,-0.06529955399711262,-794.1
2019-06-09 20:00:00,-0.40811900644099053,6.173786103901937,-0.06698380152587635,-681.7
2019-06-09 21:00:00,-0.2901294662330445,6.182084906716632,-0.07174289509214393,-567.5
2019-06-09 22:00:00,-0.43646184357861095,6.210600077024653,-0.07864498749717796,-383.3
2019-06-09 23:00:00,-0.5277323186508336,6.218600119691729,-0.08193461976557259,-216.3
2019-06-10 00:00:00,-0.9160644435247925,6.20455776256869,-0.06415652744113576,-291.5
2019-06-10 01:00:00,-0.9160644435247925,6.236369590203704,-0.05515085994647606,-319.2
2019-06-10 02:00:00,-0.9160644435247925,6.22455842927536,-0.04840469990568952,-326.6
2019-06-10 03:00:00,-0.9160644435247925,6.1463292576688975,-0.06535057983692649,-308.4
2019-06-10 04:00:00,-0.9160644435247925,6.066108090103747,-0.04287245521539074,-611.2
2019-06-10 05:00:00,-0.9160644435247925,6.021023349349527,-0.03601675841799423,-615.8
2019-06-10 06:00:00,0.036762623161946006,6.0473721790462776,-0.01462155555111977,-765.6
2019-06-10 07:00:00,0.053876874671020314,6.073044534100405,0.006360338143719169,-964.3
2019-06-10 08:00:00,-0.01971178819253616,6.093569770045136,0.03384390185203934,-1446.4
2019-06-10 09:00:00,-0.0475320179799974,6.1779441140506,-0.009337564673992382,-1030.1
2019-06-10 10:00:00,-0.1109647719251714,6.29156913955832,-0.027298946353671916,-1040.0
2019-06-10 11:00:00,-0.0774019739213303,6.3561076606958915,-0.025988398372123633,-1028.7
2019-06-10 12:00:00,-0.046771682506726364,6.3818160174060985,-0.029572665806885112,-1020.8
2019-06-10 13:00:00,-0.0721626077041595,6.405228458030842,-0.014878768583741042,-976.9
2019-06-10 14:00:00,-0.045820206988773204,6.415096959171596,-0.026449763739014642,-992.2
2019-06-10 15:00:00,0.01451460545553962,6.391917113392602,-0.018548614693627563,-979.5
2019-06-10 16:00:00,0.05768331157948525,6.373319789577012,-0.004004617896648632,-996.2
2019-06-10 17:00:00,0.034995051864005866,6.359573868672378,0.014405796589839426,-1091.6
2019-06-10 18:00:00,0.02287844560142238,6.352629396319567,-0.0015508039499474435,-1296.2
2019-06-10 19:00:00,0.041121655135970325,6.171700597410915,0.002349440317977347,-1274.2
2019-06-10 20:00:00,0.009687199911538436,6.137727054086234,0.0010361091504593745,-965.9
2019-06-10 21:00:00,-0.12223689272810656,6.126869184114185,0.016067488316164003,-866.3
2019-06-10 22:00:00,-0.24048660755456774,6.129050210060545,0.05812511438537182,-844.4
2019-06-10 23:00:00,-0.2808061196264249,6.137727054086234,0.03673215053104073,-812.5
2019-06-11 00:00:00,0.11434804736600457,5.8664680569332965,0.008067110868655192,-298.7
2019-06-11 01:00:00,-0.35541619421451287,5.831882477283517,0.018304028380362602,-256.7
2019-06-11 02:00:00,-0.2666345556582921,5.780743515792329,0.03005292547098204,-112.8
2019-06-11 03:00:00,-0.8680658692320344,5.723585101952381,0.021678459743492695,-51.0
2019-06-11 04:00:00,-0.9087412698893256,5.680172609017068,0.031003461767467044,-524.4
2019-06-11 05:00:00,-0.2094109752862936,5.634789603169249,0.04526728417055992,-496.9
2019-06-11 06:00:00,0.2744249906148539,5.541263545158426,0.05965994114921802,-620.8
2019-06-11 07:00:00,0.17814428294640816,5.4116460518550396,0.07171136987226312,-1033.2
2019-06-11 08:00:00,0.10464784234822622,5.187385805840755,0.06357926976697748,-1360.2
2019-06-11 09:00:00,0.07962364668251576,4.997212273764115,0.05915945471584383,-1250.1
2019-06-11 10:00:00,0.05848054496960042,4.8283137373023015,0.06260558891286738,-1176.9
2019-06-11 11:00:00,0.057466567629654186,4.700480365792417,0.05572919769406948,-1058.8
2019-06-11 12:00:00,0.08039309508102077,4.6913478822291435,0.07756142104832175,-992.5
2019-06-11 13:00:00,0.1387210759133981,4.653960350157523,0.0743926827973862,-935.7
2019-06-11 14:00:00,0.1653988393941419,4.574710978503383,0.06771547448652093,-966.8
2019-06-11 15:00:00,0.14519608178132604,4.499809670330265,0.06967167342869285,-1004.6
2019-06-11 16:00:00,0.1488364778887581,4.430816798843313,0.0751625870330681,-861.1
2019-06-11 17:00:00,0.07705834438674763,4.3694478524670215,0.07226289647908146,-669.6
2019-06-11 18:00:00,0.03958937699676568,4.31748811353631,0.06603163183986727,-491.4
2019-06-11 19:00:00,0.031924260448552566,4.248495242049359,0.06646646236910936,-435.5
2019-06-11 20:00:00,-0.007746685394059316,4.1588830833596715,0.0713868174305361,-582.6
2019-06-11 21:00:00,-0.2732810496265303,4.02535169073515,0.06075913673876521,-363.9
2019-06-11 22:00:00,-0.9160644435247925,4.04305126783455,0.056892279845107474,-213.1
2019-06-11 23:00:00,-0.9160644435247925,4.219507705176107,0.03208146900754194,-225.9
2019-06-12 00:00:00,-0.9160644435247925,3.6375861597263857,0.033894046413839085,54.6
2019-06-12 01:00:00,-0.9160644435247925,3.5553480614894135,0.03434460851107435,483.0
2019-06-12 02:00:00,-0.9160644435247925,3.5553480614894135,0.048999735471004335,484.8
2019-06-12 03:00:00,-0.9160644435247925,3.6635616461296463,0.04267610207672501,488.0
2019-06-12 04:00:00,-0.9160644435247925,3.7612001156935624,0.04509287568484144,85.7
2019-06-12 05:00:00,-0.10833833737520981,3.6635616461296463,0.05657756850592488,-60.9
2019-06-12 06:00:00,0.18395591487983332,3.4657359027997265,0.06662508385379162,-279.8
2019-06-12 07:00:00,0.13498517943614008,3.367295829986474,0.06552189068291803,-660.4
2019-06-12 08:00:00,0.04215712601701771,3.4011973816621555,0.05806370450740772,-866.5
2019-06-12 09:00:00,0.024645680064327546,3.4657359027997265,0.05053502916803154,-853.4
2019-06-12 10:00:00,0.048047842366294446,3.5263605246161616,0.05034321026299615,-858.4
2019-06-12 11:00:00,0.04775030101281441,3.6109179126442243,0.04551603802140303,-854.8
2019-06-12 12:00:00,0.04103320482998907,3.828641396489095,0.054897583147242024,-849.3
2019-06-12 13:00:00,0.12482421383657227,4.060443010546419,0.06191094380103035,-853.7
2019-06-12 14:00:00,0.16586285811026924,4.30406509320417,0.054873717715865133,-798.8
2019-06-12 15:00:00,0.20720092084148023,4.574710978503383,0.061491686837729986,-776.8
2019-06-12 16:00:00,0.2067468279098006,4.8283137373023015,0.0597807712981524,-749.5
2019-06-12 17:00:00,0.07468966386314113,4.976733742420574,0.05411659861800455,-728.8
2019-06-12 18:00:00,0.009015518415026236,5.087596335232384,0.05251535485115433,-696.7
2019-06-12 19:00:00,0.01262185030043339,5.049856007249537,0.05031068157130303,-583.4
2019-06-12 20:00:00,0.02656144405614258,5.111987788356544,0.0511256735971628,-550.6
2019-06-12 21:00:00,0.07081116552923339,5.214935757608986,0.047023777255435384,-514.7
2019-06-12 22:00:00,0.11565305828951677,5.318119993844216,0.04212240708218573,-365.8
2019-06-12 23:00:00,0.12930650963841828,5.351858133476067,0.018707088087150936,-336.4
2019-06-13 00:00:00,-0.9160644435247925,5.529429087511423,0.020043748886729773,-108.8
2019-06-13 01:00:00,-0.31862304827443344,5.43372200355424,0.019528099564696255,235.1
2019-06-13 02:00:00,0.18116549706428708,5.318119993844216,0.032827567993817475,187.2
2019-06-13 03:00:00,0.3118281112618688,5.198497031265826,0.026674070227591606,247.4
2019-06-13 04:00:00,0.310650319517896,5.049856007249537,0.0322757954920565,-106.9
2019-06-13 05:00:00,0.5835988796150611,4.795790545596741,0.03591112296864729,-339.1
2019-06-13 06:00:00,0.32173530708082865,4.454347296253507,0.03566597018579021,-436.2
2019-06-13 07:00:00,0.20217102546525245,4.219507705176107,0.029756929992552195,-757.1
2019-06-13 08:00:00,0.15494281231507,4.189654742026425,0.02085551036481803,-1002.6
2019-06-13 09:00:00,0.12108292477066351,4.499809670330265,0.013283342931842412,-931.8
2019-06-13 10:00:00,0.12433203277132598,4.7535901911063645,0.02092876700058177,-783.6
2019-06-13 11:00:00,0.0196503997196662,4.912654885736052,0.013954114014389951,-689.4
2019-06-13 12:00:00,0.0756781256213146,5.030437921392435,0.018730547701265365,-436.8
2019-06-13 13:00:00,0.08657956830369828,5.117993812416755,0.045401762587545136,-483.9
2019-06-13 14:00:00,0.1457604749862509,5.14166355650266,0.023124659191417152,-510.0
2019-06-13 15:00:00,0.12387656949523906,5.075173815233827,0.024452293843594042,-503.7
2019-06-13 16:00:00,0.23303101989392072,5.0238805208462765,0.0303976263835235,-571.0
2019-06-13 17:00:00,0.14575217085317105,4.976733742420574,0.025843212666499582,-653.6
2019-06-13 18:00:00,0.11197556598802283,4.983606621708336,0.028455334081776584,-778.8
2019-06-13 19:00:00,0.10572268492477077,4.672828834461906,0.02721975560234302,-729.3
2019-06-13 20:00:00,0.16407825068253024,4.634728988229636,0.03275717856041549,-567.3
2019-06-13 21:00:00,0.2198869975133273,4.61512051684126,0.0301542759258302,-488.4
2019-06-13 22:00:00,0.31933602905673597,4.6443908991413725,0.027079270423183033,-408.1
2019-06-13 23:00:00,0.591920014676071,4.653960350157523,0.010977326935227794,-377.7
2019-06-14 00:00:00,0.7791830623651861,4.418840607796598,-0.0024275133728517417,-250.3
2019-06-14 01:00:00,0.6635956377158987,4.330733340286331,0.005060626094123499,-118.9
2019-06-14 02:00:00,0.691596301530153,4.382026634673881,0.011197651699824007,-81.9
2019-06-14 03:00:00,0.7659259626311101,4.418840607796598,0.0027087488192751863,-0.2
2019-06-14 04:00:00,1.0349187445987895,4.382026634673881,-0.023851487278812478,-119.2
2019-06-14 05:00:00,0.6724055990542062,4.290459441148391,0.0021973056476420894,-268.4
2019-06-14 06:00:00,0.277951778895265,4.07753744390572,-0.017080267259624193,-471.1
2019-06-14 07:00:00,0.16174298207182636,3.8501476017100584,-0.004664437648191466,-565.3
2019-06-14 08:00:00,0.109422330841082,3.713572066704308,-0.02808843608983569,-926.4
2019-06-14 09:00:00,0.07057347798041347,3.713572066704308,-0.04226499236726333,-916.6
2019-06-14 10:00:00,0.20380820365120966,3.6635616461296463,-0.013322055455322612,-918.7
2019-06-14 11:00:00,0.0976753236950949,3.58351893845611,-0.03608713205912295,-930.0
2019-06-14 12:00:00,0.12937204563640448,3.4657359027997265,-0.053634174776457044,-589.7
2019-06-14 13:00:00,0.12244895074720574,3.258096538021482,-0.049202778376035816,-529.8
2019-06-14 14:00:00,0.1546069795025038,3.1354942159291497,-0.010242996989677344,-491.4
2019-06-14 15:00:00,0.21173437652132598,2.995732273553991,-0.01701160122006673,-493.5
2019-06-14 16:00:00,0.2285677388185685,2.8903717578961645,-0.028182514620207044,-492.2
2019-06-14 17:00:00,0.13741449649829018,2.772588722239781,-0.013894311924352643,-468.8
2019-06-14 18:00:00,0.10119243282351631,2.6390573296152584,-0.01874870607201462,-499.5
2019-06-14 19:00:00,0.09821582003694473,2.995732273553991,-0.01790381283798048,-498.4
2019-06-14 20:00:00,0.12068838943600602,3.4657359027997265,-0.0004171356833797546,-429.5
2019-06-14 21:00:00,0.1513110145785137,3.784189633918261,-0.010988346232954527,-266.3
2019-06-14 22:00:00,0.24844975523520985,4.060443010546419,-0.017683066287158766,-238.6
2019-06-14 23:00:00,0.443308897432797,4.477336814478207,-0.008207785984046367,-127.9
2019-06-15 00:00:00,0.6417571405574698,5.099866427824199,-0.017518732660743552,-104.6
2019-06-15 01:00:00,0.6019737681697754,5.332718793265369,-0.00635757447320362,-144.4
2019-06-15 02:00:00,0.5119355987322569,5.318119993844216,-0.0103150840953532,-156.2
2019-06-15 03:00:00,0.633011933751892,5.159055299214529,-0.012941092325538861,-164.5
2019-06-15 04:00:00,0.8531193432452802,4.955827057601261,-0.01767639078014227,-3.3
2019-06-15 05:00:00,0.5008198963964174,4.653960350157523,-0.016873354388716066,-56.8
2019-06-15 06:00:00,0.06426743101855736,4.219507705176107,-0.006792705372077101,-45.9
2019-06-15 07:00:00,0.015770642360913634,3.6109179126442243,-0.0184897225662759,-93.1
2019-06-15 08:00:00,0.0448349810495805,3.1354942159291497,-0.014801277230946042,-258.6
2019-06-15 09:00:00,0.016602454966719637,2.8903717578961645,-0.016503692976405304,-368.5
2019-06-15 10:00:00,0.08250662756590366,2.70805020110221,-0.02318322788851468,-382.5
2019-06-15 11:00:00,-0.042587872939692684,2.6390573296152584,-0.027064157194211624,-385.6
2019-06-15 12:00:00,-0.030686975213758405,2.5649493574615367,-0.03218108184681867,-366.2
2019-06-15 13:00:00,-0.032768434495783705,2.5649493574615367,-0.02997249868954821,-197.5
2019-06-15 14:00:00,-0.05979331345107264,2.772588722239781,-0.031439881522956625,-153.0
2019-06-15 15:00:00,-0.05678636996210251,3.2188758248682006,-0.038339112874354875,-160.2
2019-06-15 16:00:00,0.02140769967609124,3.6888794541139363,-0.037842115738301096,-183.3
2019-06-15 17:00:00,0.04224062483049895,3.970291913552122,-0.04491276053036852,-311.9
2019-06-15 18:00:00,-0.0006220988888094858,4.143134726391533,-0.04140665169316815,-349.4
2019-06-15 19:00:00,-0.0557231387331365,4.174387269895637,-0.04783893973704956,-335.1
2019-06-15 20:00:00,-0.10587295745471792,4.574710978503383,-0.049153764756410645,-288.5
2019-06-15 21:00:00,-0.09755772591715273,5.093750200806762,-0.0441133184657625,-256.5
2019-06-15 22:00:00,-0.13679151637972842,5.41610040220442,-0.05478028567145454,-184.5
2019-06-15 23:00:00,-0.07755261555962001,5.594711379601839,-0.04783864647272473,-9.9
2019-06-16 00:00:00,0.5219959815420894,5.497168225293202,-0.04300482353898882,41.4
2019-06-16 01:00:00,0.487673897859763,5.605802066295998,-0.05041482887030302,91.0
2019-06-16 02:00:00,0.53973068032878,5.631211781821365,-0.05362518677161887,164.2
2019-06-16 03:00:00,0.6704779461750241,5.484796933490655,-0.052485706500948304,281.9
2019-06-16 04:00:00,0.7765344443788007,5.231108616854587,-0.04317714479398038,370.4
2019-06-16 05:00:00,0.5704930341074292,4.836281906951478,-0.04171724918177144,441.7
2019-06-16 06:00:00,0.20365757025776343,4.276666119016055,-0.03792242776816934,272.1
2019-06-16 07:00:00,0.21595216470493206,3.713572066704308,-0.043553261624276196,44.9
2019-06-16 08:00:00,0.11076544644673403,3.1354942159291497,-0.040405837853891846,-117.7
2019-06-16 09:00:00,0.04859400290022631,2.995732273553991,-0.032052662683114796,-255.3
2019-06-16 10:00:00,0.037332090759489844,2.995732273553991,-0.03683931523302597,-242.6
2019-06-16 11:00:00,0.03988300127976574,2.995732273553991,-0.03854897487605413,-253.9
2019-06-16 12:00:00,0.05796128946506185,3.1354942159291497,-0.04412194446928197,-263.3
2019-06-16 13:00:00,0.0060632833904867844,3.2188758248682006,-0.04229761874494731,-109.0
2019-06-16 14:00:00,0.021691378329943944,3.332204510175204,-0.05475661731684145,-108.2
2019-06-16 15:00:00,0.15837867276550455,3.5263605246161616,-0.050941033489300125,-137.3
2019-06-16 16:00:00,0.195046779304358,3.7376696182833684,-0.05144988175098231,-269.4
2019-06-16 17:00:00,0.0021226735891053394,3.7612001156935624,-0.05600312362423754,-352.3
2019-06-16 18:00:00,-0.01645820243933338,3.58351893845611,-0.05552528939472623,-394.1
2019-06-16 19:00:00,-0.00291663230136896,3.1780538303479458,-0.057800857905991876,-412.5
2019-06-16 20:00:00,0.025864972045977375,3.713572066704308,-0.05292191486929987,-428.1
2019-06-16 21:00:00,0.04773160873867077,4.330733340286331,-0.045626067930212955,-420.4
2019-06-16 22:00:00,0.11452023888617102,4.7535901911063645,-0.050911651556933,-229.6
2019-06-16 23:00:00,0.21205411111077943,4.955827057601261,-0.04899581005315223,-164.2
2019-06-17 00:00:00,0.39057919329535284,5.37989735354046,-0.06299710702140082,54.1
2019-06-17 01:00:00,0.3482058647917845,5.41610040220442,-0.07379941902454856,130.6
2019-06-17 02:00:00,0.42847005820429684,5.438079308923196,-0.07881640032371351,107.9
2019-06-17 03:00:00,0.5237581936326863,5.313205979041787,-0.0771850374839298,228.3
2019-06-17 04:00:00,0.3988767533647941,5.099866427824199,-0.0660484635633134,-102.9
2019-06-17 05:00:00,0.6070177156381669,4.7535901911063645,-0.057234751512838855,-181.6
2019-06-17 06:00:00,0.2553594430761952,4.290459441148391,-0.058515749108345894,-374.6
2019-06-17 07:00:00,0.15783780997442332,3.970291913552122,-0.0633195824942705,-549.1
2019-06-17 08:00:00,0.09893220317781237,3.784189633918261,-0.057874948524839986,-675.5
2019-06-17 09:00:00,0.06722791021312213,3.6888794541139363,-0.052481510675840504,-641.1
2019-06-17 10:00:00,-0.0017195957718629806,3.5263605246161616,-0.03809924770444173,-520.4
2019-06-17 11:00:00,0.021439879419430152,3.4339872044851463,-0.03783453887628596,-493.2
2019-06-17 12:00:00,0.09015234527132598,3.6109179126442243,-0.03252978969662923,-514.2
2019-06-17 13:00:00,0.10597278193253024,3.828641396489095,-0.033589309496565356,-509.7
2019-06-17 14:00:00,0.1328316209162188,4.0943445622221,-0.04439640692985147,-443.4
2019-06-17 15:00:00,0.15720249195286629,4.248495242049359,-0.04545606761355181,-412.6
2019-06-17 16:00:00,0.1481904705323247,4.418840607796598,-0.05418730587997267,-363.6
2019-06-17 17:00:00,0.05143907869631237,4.465908118654584,-0.055457717553321295,-395.2
2019-06-17 18:00:00,0.0024278351301316725,4.442651256490317,-0.04889692454714556,-419.9
2019-06-17 19:00:00,0.019710257827475264,4.59511985013459,-0.04798185303338176,-403.2
2019-06-17 20:00:00,0.034522631839891016,4.90527477843843,-0.05444962946172005,-374.4
2019-06-17 21:00:00,0.026310870728346814,4.941642422609304,-0.05042225295266878,-290.8
2019-06-17 22:00:00,-0.035887763328789735,5.043425116919247,-0.0378525903567235,-196.3
2019-06-17 23:00:00,0.12162408478658548,5.187385805840755,-0.0454774052275857,-245.8
2019-06-18 00:00:00,0.29318665024295143,5.713732805509369,-0.03692127634612685,-268.2
2019-06-18 01:00:00,0.24987489580423716,5.68697535633982,-0.03998624749326929,141.5
2019-06-18 02:00:00,0.21241666582570984,5.627621113690637,-0.040228459477298806,167.0
2019-06-18 03:00:00,0.2957949157543389,5.501258210544727,-0.041570570564206655,180.3
2019-06-18 04:00:00,0.23752321681596378,5.288267030694535,-0.037305025068612885,-159.6
2019-06-18 05:00:00,0.4324882428292627,5.003946305945459,-0.04118652380546184,-200.8
2019-06-18 06:00:00,0.2605095225528795,4.6443908991413725,-0.03707711166770711,-415.4
2019-06-18 07:00:00,0.1513410107453983,4.343805421853684,-0.03818430095095415,-544.8
2019-06-18 08:00:00,0.09291834154205114,4.110873864173311,-0.031278523691699256,-648.1
2019-06-18 09:00:00,0.11256245639493567,4.1588830833596715,-0.027109072171531245,-402.1
2019-06-18 10:00:00,0.09480657535798498,4.23410650459726,-0.025964506961612344,-393.2
2019-06-18 11:00:00,0.09065738722140138,4.382026634673881,-0.025151764934248533,-390.6
2019-06-18 12:00:00,0.10864688734978367,4.663439094112067,-0.015770518743897455,-503.4
2019-06-18 13:00:00,0.14440545920763226,5.0369526024136295,-0.027612456180362344,-465.8
2019-06-18 14:00:00,0.14969329156147904,5.298317366548036,-0.02515424674676936,-465.3
2019-06-18 15:00:00,0.13054147100254765,5.356586274672012,-0.026629095857328977,-430.5
2019-06-18 16:00:00,0.11412004093098815,5.438079308923196,-0.02850831931757014,-352.0
2019-06-18 17:00:00,0.03329331641998845,5.552959584921617,-0.03210604745645007,-444.8
2019-06-18 18:00:00,0.021032467706587177,5.605802066295998,-0.029187725567592082,-506.4
2019-06-18 19:00:00,0.019588187514975264,5.459585514144159,-0.03567279018515723,-494.3
2019-06-18 20:00:00,0.03644210043323115,5.337538079701318,-0.028067968813262567,-422.5
2019-06-18 21:00:00,0.023046609818104358,5.337538079701318,-0.03249131010254924,-283.3
2019-06-18 22:00:00,0.06974304149521116,5.393627546352362,-0.029506807599918083,-237.5
2019-06-18 23:00:00,0.2950816609275688,5.476463551931511,-0.027218273273749816,-217.0
2019-06-19 00:00:00,-0.9160644435247925,5.545177444479562,-0.020752649868305717,-257.1
2019-06-19 01:00:00,0.0964155069798962,5.537334267018537,-0.021765037534789755,247.4
2019-06-19 02:00:00,0.39665795132759163,5.438079308923196,-0.018731680723082178,206.9
2019-06-19 03:00:00,0.5235239036476869,5.25227342804663,-0.017026921359689418,241.5
2019-06-19 04:00:00,0.5749596538059469,4.997212273764115,-0.016581614994430005,-286.7
2019-06-19 05:00:00,0.5578871856184713,4.624972813284271,-0.023465139167612392,-261.9
2019-06-19 06:00:00,0.2946679392956648,4.276666119016055,-0.032662750593592804,-274.3
2019-06-19 07:00:00,0.16072739704271033,4.02535169073515,-0.042977709118067864,-598.3
2019-06-19 08:00:00,0.05852219024825178,3.8501476017100584,-0.03651747945635808,-1050.4
2019-06-19 09:00:00,0.04131029608937453,3.6888794541139363,-0.03655967768290225,-1040.2
2019-06-19 10:00:00,0.06920498568755962,3.58351893845611,-0.040065443888950725,-1115.3
2019-06-19 11:00:00,0.06868738451080114,3.4657359027997265,-0.03144500311472598,-1088.5
2019-06-19 12:00:00,0.08098062919297888,3.367295829986474,-0.029041084536120643,-1150.1
2019-06-19 13:00:00,0.16063068779403444,3.332204510175204,-0.028888628445945308,-1106.2
2019-06-19 14:00:00,0.20371308224136664,3.332204510175204,-0.024328364788761547,-1113.1
2019-06-19 15:00:00,0.2192492593576545,3.367295829986474,-0.01915892359008886,-815.5
2019-06-19 16:00:00,0.2064380429760515,3.4965075614664802,-0.024669573270164058,-617.6
2019-06-19 17:00:00,0.08614667105519569,3.4965075614664802,-0.030253641147985455,-628.3
2019-06-19 18:00:00,0.046884723701001274,3.4011973816621555,-0.02514703918650163,-692.9
2019-06-19 19:00:00,0.05912744039635154,3.2188758248682006,-0.031426289118223316,-360.4
2019-06-19 20:00:00,0.0964616863326837,3.332204510175204,-0.028528065227873434,-285.0
2019-06-19 21:00:00,0.13524410676911902,3.6375861597263857,-0.025843092348029728,-230.1
2019-06-19 22:00:00,0.22543835992769878,3.912023005428146,-0.020209324037983478,-194.6
2019-06-19 23:00:00,0.5531303814707247,4.07753744390572,-0.014525461257281158,-161.6
2019-06-20 00:00:00,0.7993563687312797,4.23410650459726,-0.02210187256403362,-39.9
2019-06-20 01:00:00,0.7252372840613459,4.31748811353631,-0.025165987382732347,28.5
2019-06-20 02:00:00,0.7390454113739287,4.30406509320417,-0.024765750018747035,97.1
2019-06-20 03:00:00,0.8621138067014522,4.174387269895637,-0.01811768797514457,194.1
2019-06-20 04:00:00,0.8897051644855409,4.02535169073515,-0.02008076321682406,59.2
2019-06-20 05:00:00,0.539467832430939,3.7376696182833684,-0.03352412852994302,51.5
2019-06-20 06:00:00,0.29919732798300425,3.295836866004329,-0.05409863914829671,-146.9
2019-06-20 07:00:00,0.16364055023343527,2.9444389791664403,-0.060269221665167905,-835.5
2019-06-20 08:00:00,0.06350262808644569,2.70805020110221,-0.055953883502566804,-902.4
2019-06-20 09:00:00,0.02834087307204891,3.1354942159291497,-0.05673045768921625,-757.9
2019-06-20 10:00:00,0.08843709009826295,3.5553480614894135,-0.05478305473511469,-736.4
2019-06-20 11:00:00,0.04451846629767964,3.9318256327243257,-0.058462245924082445,-659.2
2019-06-20 12:00:00,0.13998245721331415,4.30406509320417,-0.0610754455670941,-656.8
2019-06-20 13:00:00,0.16133374403402634,4.605170185988092,-0.048693066251495054,-619.3
2019-06-20 14:00:00,0.1917113780368549,4.770684624465665,-0.0660432853797639,-612.5
2019-06-20 15:00:00,0.14300644045732103,4.836281906951478,-0.07161360109210602,-547.0
2019-06-20 16:00:00,0.20234976215534495,4.976733742420574,-0.07350196863462788,-489.7
2019-06-20 17:00:00,0.05832710916811168,5.117993812416755,-0.07359920442273626,-519.2
2019-06-20 18:00:00,0.009696716867604316,5.236441962829949,-0.0639179860492387,-598.9
2019-06-20 19:00:00,0.0145234465946662,5.075173815233827,-0.06638085972445218,-298.4
2019-06-20 20:00:00,0.08048204371159251,5.1647859739235145,-0.0572135530130522,-206.4
2019-06-20 21:00:00,0.07278853309139377,5.204006687076795,-0.05175100668792343,-210.3
2019-06-20 22:00:00,0.0782302611143666,5.220355825078324,-0.04817518406653676,-208.3
2019-06-20 23:00:00,0.0008610955452090785,5.318119993844216,-0.03776113226275957,-179.0
2019-06-21 00:00:00,0.6497278649022613,5.58724865840025,-0.0334721350548115,-255.7
2019-06-21 01:00:00,0.5508977653322455,5.6131281063880705,-0.03494470851957576,-32.6
2019-06-21 02:00:00,0.4883455334623785,5.5909869805108565,-0.034543729620248875,33.0
2019-06-21 03:00:00,0.5770516506093286,5.564520407322694,-0.02886095294946056,80.3
2019-06-21 04:00:00,0.5379872066950191,5.556828061699537,-0.029556009308453923,-159.2
2019-06-21 05:00:00,0.502105171629128,5.529429087511423,-0.05324926754602988,-260.2
2019-06-21 06:00:00,0.12645880406393806,5.5254529391317835,-0.09875829827389193,-274.6
2019-06-21 07:00:00,0.0038558677031663713,5.4638318050256105,-0.11916339810338528,-326.6
2019-06-21 08:00:00,-0.03532599630778588,5.384495062789089,-0.10311076368671834,-432.3
2019-06-21 09:00:00,-0.04892987800654147,5.298317366548036,-0.08425784927770064,-481.9
2019-06-21 10:00:00,0.10747380837948795,5.209486152841421,-0.06897627462345746,-575.0
2019-06-21 11:00:00,0.0020466218304249217,5.062595033026967,-0.0800390195883054,-598.4
2019-06-21 12:00:00,0.05244640210386242,4.852030263919617,-0.0979942068514239,-568.6
2019-06-21 13:00:00,0.028372196939524308,4.700480365792417,-0.10801291510212074,-254.5
2019-06-21 14:00:00,0.029876911075017887,4.543294782270004,-0.096273500923715,-167.0
2019-06-21 15:00:00,0.04221802006870812,4.430816798843313,-0.08544053641687199,-135.0
2019-06-21 16:00:00,0.1082440017348798,4.343805421853684,-0.0725425466951739,-13.0
2019-06-21 17:00:00,-0.007491592219841081,4.330733340286331,-0.06878613949186985,-6.0
2019-06-21 18:00:00,-0.042492216076309486,4.343805421853684,-0.06829444262344442,-16.5
2019-06-21 19:00:00,-0.05776468646738975,4.127134385045092,-0.08035906989090158,28.2
2019-06-21 20:00:00,-0.10811683323547205,4.1588830833596715,-0.07851587959551054,-74.9
2019-06-21 21:00:00,-0.03619525894962772,4.23410650459726,-0.07434823514062305,-90.8
2019-06-21 22:00:00,0.045426290508931544,4.394449154672439,-0.0689763606747098,-85.6
2019-06-21 23:00:00,0.163028076386305,4.406719247264253,-0.0589353094937044,-54.0
2019-06-22 00:00:00,1.0546138109962748,5.049856007249537,0.006902053203178937,442.0
2019-06-22 01:00:00,0.8737110134610848,5.147494476813453,-0.004721715969673745,457.4
2019-06-22 02:00:00,0.617147016269044,5.198497031265826,-0.0022264850659210467,462.9
2019-06-22 03:00:00,-0.7650493457585432,5.25227342804663,-0.006484250753034715,445.8
2019-06-22 04:00:00,-0.9160644435247925,5.288267030694535,-0.009125154992968731,436.1
2019-06-22 05:00:00,-0.9160644435247925,5.313205979041787,-0.009144260778866986,412.2
2019-06-22 06:00:00,0.23794321988232525,5.424950017481403,-0.017933624057286046,406.5
2019-06-22 07:00:00,0.5181635031170493,5.556828061699537,-0.03464975795508085,342.0
2019-06-22 08:00:00,0.36486329031309506,5.66988092298052,-0.028164585899104644,-20.4
2019-06-22 09:00:00,0.336583920035773,5.802118375377063,-0.02752700265262842,-135.5
2019-06-22 10:00:00,0.4379929065357371,5.908082938168931,-0.016662227913827543,-162.6
2019-06-22 11:00:00,0.40790278846612127,6.089044875446846,-0.003375188925136996,-242.8
2019-06-22 12:00:00,0.48023715387246746,6.267200548541362,-0.006418194050131554,-308.1
2019-06-22 13:00:00,0.4720652441985873,6.3578422665081,0.007533871704211492,-387.9
2019-06-22 14:00:00,0.5024111609466342,6.436150368369428,0.018728153420082272,-434.0
2019-06-22 15:00:00,0.46601423526473784,6.490723534502507,0.020253383842935513,-389.0
2019-06-22 16:00:00,0.504278709152195,6.525029657843462,0.026871016895346322,-408.0
2019-06-22 17:00:00,0.37590178780912353,6.53813982376767,0.02593003013098283,-427.0
2019-06-22 18:00:00,0.335089498114419,6.566672429803241,0.03074701584544748,-528.5
2019-06-22 19:00:00,0.34384476212934834,6.4425401664681985,0.035751992599683646,-529.8
2019-06-22 20:00:00,0.41279778707704606,6.4457198193855785,0.036979072190741036,-536.7
2019-06-22 21:00:00,0.5285338920742748,6.4692503167957724,0.04122514463434612,-458.5
2019-06-22 22:00:00,0.6545494114811574,6.48768401848461,0.03661843495952155,-491.6
2019-06-22 23:00:00,0.8453296357802453,6.473890696352274,0.043023143535317665,-462.3
2019-06-23 00:00:00,0.500261021888011,6.643789733147672,0.04591823439987319,-263.4
2019-06-23 01:00:00,0.28362400536113297,6.625392368007956,0.03649953138386408,-184.9
2019-06-23 02:00:00,0.19717631649406053,6.608000625296087,0.029382083105459422,-150.9
2019-06-23 03:00:00,-0.08515272568635579,6.593044534142437,0.026831048327639273,-112.7
2019-06-23 04:00:00,-0.277656939725359,6.566672429803241,0.02158142255418305,-81.6
2019-06-23 05:00:00,0.3258342044382596,6.53813982376767,0.02289445428961656,-106.1
2019-06-23 06:00:00,0.2400968553642997,6.52649485957079,0.025750667092973245,-172.6
2019-06-23 07:00:00,0.07078250168267086,6.511745329644728,0.009615406256402004,-195.5
2019-06-23 08:00:00,0.04001565015894082,6.481577129276431,0.0092267863485187,-276.9
2019-06-23 09:00:00,-0.037769159896744675,6.432940092739179,0.011134670000475744,-510.7
2019-06-23 10:00:00,-0.04110233848700373,6.380122536899765,0.010986846730800082,-468.3
2019-06-23 11:00:00,-0.10649477324217793,6.311734809152915,0.011409384057612826,-397.4
2019-06-23 12:00:00,-0.15129314968848062,6.234410725718371,0.01005797190451041,-323.9
2019-06-23 13:00:00,-0.08674167589690107,6.144185634125646,0.011769602525329326,-313.4
2019-06-23 14:00:00,-0.02075531191731317,6.037870919922137,0.01140924348010497,-285.7
2019-06-23 15:00:00,0.10205513284846024,5.908082938168931,0.018625150325236817,-272.4
2019-06-23 16:00:00,0.2461810785409253,5.733341276897746,0.01754298973596935,-304.3
2019-06-23 17:00:00,0.04444103930344312,5.53338948872752,0.016588777893433715,-513.0
2019-06-23 18:00:00,0.009261023895164922,5.303304908059076,0.01881233025110607,-609.5
2019-06-23 19:00:00,0.050343367966682706,4.852030263919617,0.01523930848690025,-753.7
2019-06-23 20:00:00,0.07819640932509708,4.663439094112067,0.01957358716885338,-593.4
2019-06-23 21:00:00,0.12129158562797127,4.6443908991413725,0.02386793110418406,-590.8
2019-06-23 22:00:00,0.26308805472636543,4.727387818712341,0.01472036340200944,-638.6
2019-06-23 23:00:00,0.5151402148578188,4.770684624465665,0.01589181215272273,-373.9
2019-06-24 00:00:00,0.7556479293625538,4.844187086458591,0.022468077159221167,-80.8
2019-06-24 01:00:00,0.7349012822873897,4.919980925828125,0.007509455047682856,-82.3
2019-06-24 02:00:00,0.7352550454884543,4.962844630259907,0.0021394660289280054,-64.3
2019-06-24 03:00:00,0.946658886795662,4.976733742420574,0.005053060753041905,-78.6
2019-06-24 04:00:00,1.0122651155362892,4.990432586778736,0.003022560399156937,-188.2
2019-06-24 05:00:00,0.6182472624910633,4.983606621708336,0.012510282476666745,-236.5
2019-06-24 06:00:00,0.287457856376629,4.882801922586371,0.014599667132625171,-446.9
2019-06-24 07:00:00,0.21073545895351709,4.787491742782046,0.006360338143719169,-1378.1
2019-06-24 08:00:00,0.11909474904630146,4.6913478822291435,0.010511065453854052,-1512.0
2019-06-24 09:00:00,0.0786959258047637,4.68213122712422,0.019046554643442626,-1365.9
2019-06-24 10:00:00,0.004820261068538834,4.736198448394496,0.02871949504786553,-758.8
2019-06-24 11:00:00,0.047163797449797595,4.812184355372417,0.03215088852341719,-664.3
2019-06-24 12:00:00,0.10703038305867807,4.897839799950911,0.03705520654856809,-677.5
2019-06-24 13:00:00,0.12461350502769841,4.976733742420574,0.038315157482958107,-946.8
2019-06-24 14:00:00,0.13833117648225723,5.056245805348308,0.024596464557099296,-885.3
2019-06-24 15:00:00,0.17473581524882809,5.093750200806762,0.02286317636392532,-702.3
2019-06-24 16:00:00,0.21244430573755846,5.14166355650266,0.008394205700206214,-606.9
2019-06-24 17:00:00,0.15667166803952126,5.1647859739235145,0.011590215189675845,-1324.0
2019-06-24 18:00:00,0.08768943039597366,5.19295685089021,0.011846525621874271,-1097.9
2019-06-24 19:00:00,0.09361360779261707,5.087596335232384,0.007150217661333613,-903.4
2019-06-24 20:00:00,0.14390729779744316,5.147494476813453,0.006906967500243333,-705.4
2019-06-24 21:00:00,0.16369395599515402,5.214935757608986,0.012161233349099021,-536.7
2019-06-24 22:00:00,0.285846451868907,5.337538079701318,0.006279763573672881,-485.8
2019-06-24 23:00:00,0.5000466413526259,5.484796933490655,0.0063038395071455255,-311.1
2019-06-25 00:00:00,0.6441050457494035,5.71042701737487,0.008067110868655192,-298.3
2019-06-25 01:00:00,0.5835262560838088,5.75890177387728,-0.0011140574767383171,6.3
2019-06-25 02:00:00,0.5922633782192106,5.713732805509369,-0.001182785708325973,8.1
2019-06-25 03:00:00,0.7897292132101539,5.5909869805108565,-0.004466820360828905,41.4
2019-06-25 04:00:00,0.922718069185414,5.393627546352362,0.0018279726335350688,-366.3
2019-06-25 05:00:00,0.6452425637241532,5.14166355650266,0.001373090613333794,-398.6
2019-06-25 06:00:00,0.2809988130053509,4.927253685157205,0.010964829496372452,-338.5
2019-06-25 07:00:00,0.2187429201704738,4.74493212836325,0.013007978233722461,-380.4
2019-06-25 08:00:00,0.10464784234822622,4.59511985013459,0.02011426823336926,-643.9
2019-06-25 09:00:00,0.10217348186566166,4.672828834461906,0.02215245660714693,-447.2
2019-06-25 10:00:00,0.09817169350829813,4.804021044733257,0.02773967201024874,-595.4
2019-06-25 11:00:00,0.10966235577210126,4.852030263919617,0.030739466013896433,-528.6
2019-06-25 12:00:00,0.10370142272482896,4.812184355372417,0.040893701856440146,-483.3
2019-06-25 13:00:00,0.15272398608272297,4.795790545596741,0.02515757979970168,-437.5
2019-06-25 14:00:00,0.18115656101726385,4.77912349311153,0.026139047640780788,-462.3
2019-06-25 15:00:00,0.21157115072619836,4.6913478822291435,0.027385961932587577,-453.6
2019-06-25 16:00:00,0.24211644262899057,4.564348191467836,0.022784975069980007,-426.0
2019-06-25 17:00:00,0.17591158750090097,4.382026634673881,0.018146070803924275,-246.3
2019-06-25 18:00:00,0.12381824299194477,4.174387269895637,0.013829659516098936,-198.6
2019-06-25 19:00:00,0.10816316215710042,3.9889840465642745,0.004706895475678152,-92.6
2019-06-25 20:00:00,0.15867780560994316,3.9318256327243257,0.010762195614101522,-359.9
2019-06-25 21:00:00,0.1695848673275293,4.02535169073515,0.006848104457483295,-341.5
2019-06-25 22:00:00,0.31251540461820326,4.143134726391533,0.00046959710034588653,-323.4
2019-06-25 23:00:00,0.6854892013991711,4.23410650459726,-0.00600857046689196,-326.9
2019-06-26 00:00:00,0.7436485676354003,4.897839799950911,-0.007623358426513072,-175.8
2019-06-26 01:00:00,0.674129516628331,5.043425116919247,-0.019547741726142043,271.1
2019-06-26 02:00:00,0.7474028972755566,5.0238805208462765,-0.022074302219771802,262.7
2019-06-26 03:00:00,0.9165814081138253,4.897839799950911,-0.024887714223623902,274.5
2019-06-26 04:00:00,1.1073917101268012,4.736198448394496,-0.018816252795846644,-131.2
2019-06-26 05:00:00,0.6836638689556,4.51085950651685,-0.01255990568534937,-198.0
2019-06-26 06:00:00,0.32022745231522354,4.204692619390966,0.007240241397385105,-786.8
2019-06-26 07:00:00,0.17393762877951646,3.8501476017100584,0.014180704721880488,-1223.5
2019-06-26 08:00:00,0.07262517259053425,3.6109179126442243,0.026579622574125494,-1530.3
2019-06-26 09:00:00,0.07551140664269385,3.7612001156935624,0.030163954360006073,-1594.2
2019-06-26 10:00:00,0.07777157148589131,4.110873864173311,0.029192996581104858,-1552.5
2019-06-26 11:00:00,0.06146713653731428,4.290459441148391,0.0390134605338357,-1325.8
2019-06-26 12:00:00,0.04368768212970542,4.430816798843313,0.04015077212709173,-983.5
2019-06-26 13:00:00,0.10537125865227104,4.5217885770490405,0.0353404388751386,-745.4
2019-06-26 14:00:00,0.11034387467396733,4.59511985013459,0.03260934721846542,-636.7
2019-06-26 15:00:00,0.14112586630549018,4.672828834461906,0.03657115401845168,-486.9
2019-06-26 16:00:00,0.1534854291792933,4.762173934797756,0.028354895038056327,-471.8
2019-06-26 17:00:00,0.060576210214585036,4.919980925828125,0.02459415935168341,-637.3
2019-06-26 18:00:00,-0.006607308502309284,5.14166355650266,0.021599543728513915,-579.7
2019-06-26 19:00:00,-0.012443729326356845,5.10594547390058,0.010757503185281792,-539.5
2019-06-26 20:00:00,0.024233928458433862,5.2574953720277815,0.012091684373095823,-507.6
2019-06-26 21:00:00,0.06267000794553335,5.497168225293202,0.012237661170019898,-516.6
2019-06-26 22:00:00,0.143351622042172,5.683579767338681,0.0013410225235599427,-549.9
2019-06-26 23:00:00,-0.046787785488720424,5.793013608384144,-0.004021162990405003,-391.3
2019-06-27 00:00:00,0.5796610966959856,6.0330862217988015,-0.002429106965329275,-290.7
2019-06-27 01:00:00,0.5499957750682074,6.0112671744041615,-0.012977470840234595,141.9
2019-06-27 02:00:00,0.542430529388422,5.958424693029782,-0.014748971775275344,152.3
2019-06-27 03:00:00,0.7000874938288937,5.905361848054571,-0.01811768797514457,170.1
2019-06-27 04:00:00,0.7627221848145487,5.8805329864007,-0.006732400393397064,-207.0
2019-06-27 05:00:00,0.5532552115390477,5.910796644040527,0.002329793316302897,-278.9
2019-06-27 06:00:00,0.22871476765857812,6.008813185442595,0.018941527244595413,-632.2
2019-06-27 07:00:00,0.09416150163584902,6.113682179832232,0.025965456256289876,-747.1
2019-06-27 08:00:00,0.0019154125834552893,6.154858094016418,0.03963540501641383,-845.2
2019-06-27 09:00:00,0.001011558596268003,6.202535517187923,0.04330435918669995,-898.3
2019-06-27 10:00:00,0.08528151789945326,6.261491684321042,0.058107770242336265,-958.9
2019-06-27 11:00:00,0.059084904979802566,6.297109319933935,0.058863437792017415,-987.5
2019-06-27 12:00:00,0.130999400335289,6.324358962381311,0.05955254222152018,-928.8
2019-06-27 13:00:00,0.1603642820094784,6.359573868672378,0.07761807839954038,-895.6
2019-06-27 14:00:00,0.19041813505027516,6.3835066348840055,0.06033825553185146,-881.0
2019-06-27 15:00:00,0.13315737856971177,6.380122536899765,0.06152790264580865,-876.4
2019-06-27 16:00:00,0.21224430198199284,6.373319789577012,0.05911659873253505,-920.8
2019-06-27 17:00:00,0.0863968371744872,6.391917113392602,0.054482583434221965,-986.7
2019-06-27 18:00:00,0.031070587532687988,6.386879319362645,0.05282392509873457,-854.1
2019-06-27 19:00:00,0.040029268296336795,6.284134161070802,0.04418528976063918,-843.2
2019-06-27 20:00:00,0.10956538896815138,6.2878585601617845,0.043218519805784616,-835.8
2019-06-27 21:00:00,0.1327928972742809,6.257667587882639,0.042696649702921086,-761.4
2019-06-27 22:00:00,0.24646568082336406,6.222576268071369,0.028071826335934524,-678.6
2019-06-27 23:00:00,0.5162779334506467,6.163314804034641,0.02126548352471591,-611.5
2019-06-28 00:00:00,0.6948955658631291,6.297109319933935,0.034018106547605065,-494.1
2019-06-28 01:00:00,0.6670525261209521,6.218600119691729,0.014816801039487792,24.4
2019-06-28 02:00:00,0.7288774484765144,6.1463292576688975,0.019883916955784287,68.5
2019-06-28 03:00:00,0.9057262787279492,6.0867747269123065,0.022489613566624378,124.1
2019-06-28 04:00:00,1.1282206939236907,6.021023349349527,0.01956100565650143,-291.1
2019-06-28 05:00:00,0.6996439663368235,5.981414211254481,0.023542833267865326,-411.7
2019-06-28 06:00:00,0.2640801819399856,5.983936280687191,0.03519293901427467,-931.0
2019-06-28 07:00:00,0.1257224648689239,5.973809611869261,0.03919387825184106,-980.2
2019-06-28 08:00:00,0.05168538068184381,5.869296913133774,0.04169620107585015,-1297.9
2019-06-28 09:00:00,0.0393720166047733,5.840641657373398,0.05604969645736002,-1485.1
2019-06-28 10:00:00,0.1804308999826545,5.840641657373398,0.07516461071262981,-1577.1
2019-06-28 11:00:00,0.05931122096381003,5.863631175598097,0.06466277104102058,-1531.0
2019-06-28 12:00:00,0.09210811879231873,5.863631175598097,0.05071674968001627,-1312.2
2019-06-28 13:00:00,0.11687962942109653,5.855071922202427,0.04719989971612115,-1135.0
2019-06-28 14:00:00,0.14215351843121748,5.877735781779639,0.054356856908807316,-1032.5
2019-06-28 15:00:00,0.15450444215495596,5.872117789475416,0.04332263525297986,-866.2
2019-06-28 16:00:00,0.17960579225016327,5.8289456176102075,0.04477155577559433,-781.2
2019-06-28 17:00:00,0.08007694502642027,5.7745515455444085,0.044691810685923095,-837.9
2019-06-28 18:00:00,0.05332748542555521,5.683579767338681,0.05031129978440241,-666.2
2019-06-28 19:00:00,0.05239200145392964,5.442417710521793,0.04562511709823802,-618.2
2019-06-28 20:00:00,0.08672102880370192,5.420534999272286,0.04425530436821301,-569.2
2019-06-28 21:00:00,0.11343393615878483,5.493061443340548,0.0357681375153156,-566.0
2019-06-28 22:00:00,0.19517167686827364,5.60947179518496,0.026028366803257263,-488.1
2019-06-28 23:00:00,0.3515151732237416,5.765191102784844,0.02769892247919792,-281.8
2019-06-29 00:00:00,0.48879073372508985,6.018593214496234,0.043105889155691024,-110.8
2019-06-29 01:00:00,0.3939689730932927,6.137727054086234,0.03490778072822209,-65.6
2019-06-29 02:00:00,0.466058036878334,6.19644412779452,0.04002377067225993,99.3
2019-06-29 03:00:00,0.5604788558104095,6.202535517187923,0.04011002055211943,116.9
2019-06-29 04:00:00,0.563961255765379,6.173786103901937,0.036811794503927686,121.1
2019-06-29 05:00:00,0.22031109684200612,6.154858094016418,0.03498603115462551,122.0
2019-06-29 06:00:00,0.13316705806514095,6.182084906716632,0.04183924346595891,-265.0
2019-06-29 07:00:00,0.029502683668278795,6.26530121273771,0.03885082404896956,-334.4
2019-06-29 08:00:00,-0.06949034244097163,6.29156913955832,0.04413050114538919,-476.9
2019-06-29 09:00:00,-0.07695013633675396,6.2878585601617845,0.04326092510129431,-622.8
2019-06-29 10:00:00,0.01171488839402457,6.289715570908998,0.045392019871339784,-647.7
2019-06-29 11:00:00,-0.0550422463760345,6.320768294250582,0.040741273088707786,-645.2
2019-06-29 12:00:00,0.025244874603481016,6.3473892096560105,0.0377917015264817,-644.0
2019-06-29 13:00:00,-0.021996337513872533,6.375024819828097,0.03207078180737888,-503.4
2019-06-29 14:00:00,-0.021455285024176707,6.376726947898627,0.03811780217895411,-463.4
2019-06-29 15:00:00,-0.017386706271898866,6.3835066348840055,0.03720700054074744,-515.2
2019-06-29 16:00:00,0.07893154381427792,6.364750756851911,0.04098655755035807,-551.2
2019-06-29 17:00:00,-0.043388937263102445,6.333279628139691,0.03278641703911145,-534.5
2019-06-29 18:00:00,-0.10155421900992812,6.2766434893416445,0.03716510695319375,-512.9
2019-06-29 19:00:00,-0.11882244216628068,6.040254711277414,0.03490348733300408,-462.7
2019-06-29 20:00:00,-0.05575042754276005,5.916202062607435,0.03461611830904854,-423.5
2019-06-29 21:00:00,0.0037254928317338454,5.817111159963204,0.04416399593861531,-388.0
2019-06-29 22:00:00,0.0697741712769413,5.752572638825633,0.03720210404019575,-301.6
2019-06-29 23:00:00,0.2873783092261317,5.703782474656201,0.03907930313327057,-136.2
2019-06-30 00:00:00,0.6174724953454671,6.008813185442595,0.0636178114992747,-169.0
2019-06-30 01:00:00,0.6222890403645773,5.924255797414532,0.06179065811573459,-145.9
2019-06-30 02:00:00,0.6009793085838147,5.8377304471659395,0.05593701573990817,-23.4
2019-06-30 03:00:00,0.6491083775815842,5.720311776607412,0.05369994034060621,86.9
2019-06-30 04:00:00,0.8337717132438267,5.560681631015528,0.05405180758496719,154.5
2019-06-30 05:00:00,0.0002477754622978168,5.3706380281276624,0.05635683160602145,262.1
2019-06-30 06:00:00,-0.2490442452668491,5.187385805840755,0.06292967033472774,291.8
2019-06-30 07:00:00,-0.3051992060872175,4.897839799950911,0.053926452581313455,319.4
2019-06-30 08:00:00,-0.1485316076774672,4.48863636973214,0.05450200841050634,284.3
2019-06-30 09:00:00,-0.183595331290058,4.248495242049359,0.0525338175235186,206.2
2019-06-30 10:00:00,-0.13353923585484662,4.1588830833596715,0.054687941392760564,193.5
2019-06-30 11:00:00,-0.12908987675875316,4.110873864173311,0.05995779795389833,184.0
2019-06-30 12:00:00,-0.05656059914476019,4.0943445622221,0.06433868591684444,151.8
2019-06-30 13:00:00,-0.008252750582719681,4.07753744390572,0.0669016732200447,241.4
2019-06-30 14:00:00,-0.07219124948319555,4.189654742026425,0.06483441015368552,273.6
2019-06-30 15:00:00,-0.9160644435247925,4.574710978503383,0.0675585912339356,449.6
2019-06-30 16:00:00,-0.9160644435247925,5.117993812416755,0.06704363350899989,431.7
2019-06-30 17:00:00,-0.2542771672323352,5.545177444479562,0.05812057961254258,150.5
2019-06-30 18:00:00,-0.11030621119447437,5.746203190540153,0.06261495290949881,-442.5
2019-06-30 19:00:00,-0.1730479841169772,5.720311776607412,0.0551084682518832,-710.9
2019-06-30 20:00:00,-0.13505402447609205,5.805134968916488,0.05683279895286031,-732.8
2019-06-30 21:00:00,-0.14901044515040773,5.857933154483459,0.06412864589194722,-731.8
2019-06-30 22:00:00,-0.17550284126758342,5.948034989180646,0.058815683267233965,-483.6
2019-06-30 23:00:00,-0.9160644435247925,5.973809611869261,0.06193575065412915,45.2
2019-07-01 00:00:00,-0.44622392526149746,6.091309882077698,0.08443951765688329,-124.8
2019-07-01 01:00:00,-0.41376013125440814,6.016157159698354,0.08307830395469207,-94.3
2019-07-01 02:00:00,-0.38989389228389815,5.934894195619588,0.0871201554166241,-59.3
2019-07-01 03:00:00,-0.3669723836317855,5.7745515455444085,0.08295177071216919,-27.9
2019-07-01 04:00:00,-0.43289045863431674,5.6131281063880705,0.07785292728889104,-8.0
2019-07-01 05:00:00,-0.35959923892767565,5.560681631015528,0.08466295402333479,-367.8
2019-07-01 06:00:00,-0.29191940870612143,5.568344503761097,0.10635381666184429,-650.1
2019-07-01 07:00:00,-0.22821836306055054,5.598421958998375,0.11752302050103935,-885.5
2019-07-01 08:00:00,-0.15759278399856225,5.58724865840025,0.11227905313007724,-925.5
2019-07-01 09:00:00,-0.16045428274714846,5.60947179518496,0.10337258144941952,-913.4
2019-07-01 10:00:00,-0.24624434851653776,5.680172609017068,0.10767022025674589,-912.8
2019-07-01 11:00:00,-0.22528124845189312,5.71042701737487,0.10143379549914666,-887.2
2019-07-01 12:00:00,-0.23801745132890462,5.645446897643238,0.10174261456527844,-809.2
2019-07-01 13:00:00,-0.2962673292250133,5.594711379601839,0.10940183538289006,-774.0
2019-07-01 14:00:00,-0.3115732183927,5.5254529391317835,0.10430309104909785,-749.2
2019-07-01 15:00:00,-0.3113408683706709,5.44673737166631,0.10601788219700481,-735.5
2019-07-01 16:00:00,-0.3241304980112427,5.356586274672012,0.10497619237810607,-724.3
2019-07-01 17:00:00,-0.2868424377102867,5.2574953720277815,0.11674106203597567,-593.5
2019-07-01 18:00:00,-0.2891706722086105,5.247024072160486,0.10996990856419231,-675.1
2019-07-01 19:00:00,-0.2789705678918524,5.1298987149230735,0.0996534952427206,-721.0
2019-07-01 20:00:00,-0.28890413588866526,5.147494476813453,0.09728761042855005,-721.3
2019-07-01 21:00:00,-0.2953015646938155,5.236441962829949,0.09428627258776423,-734.3
2019-07-01 22:00:00,-0.30033804151068066,5.384495062789089,0.08658013356237859,-765.5
2019-07-01 23:00:00,-0.3345343879415479,5.521460917862246,0.08656413797251172,-761.7
2019-07-02 00:00:00,-0.32800867065117556,5.8289456176102075,0.07236797533390682,-171.4
2019-07-02 01:00:00,-0.3583948337638452,5.932245187448011,0.06929383639734699,194.1
2019-07-02 02:00:00,-0.40835781916679803,6.035481432524756,0.07100717305699789,178.6
2019-07-02 03:00:00,-0.4387313995612283,6.059123195581797,0.0671706599872417,185.9
2019-07-02 04:00:00,-0.46874289545622805,6.013715156042802,0.07030186032462904,202.1
2019-07-02 05:00:00,-0.5016284844431622,5.940171252720432,0.08008206735652301,-239.4
2019-07-02 06:00:00,-0.42228572085310656,5.8805329864007,0.09123132708382808,-439.8
2019-07-02 07:00:00,-0.32849480451037705,5.840641657373398,0.0981295227236032,-400.3
2019-07-02 08:00:00,-0.31142183844784554,5.75890177387728,0.1065074972641531,-382.6
2019-07-02 09:00:00,-0.2634382943156002,5.66988092298052,0.10690496542348082,-343.5
2019-07-02 10:00:00,-0.2873679094286241,5.5909869805108565,0.10984318373889135,-324.1
2019-07-02 11:00:00,-0.22821798034512142,5.5254529391317835,0.11123998302311833,-326.5
2019-07-02 12:00:00,-0.2803296932065593,5.4638318050256105,0.1212657393205383,-313.0
2019-07-02 13:00:00,-0.2396160821145017,5.384495062789089,0.11270269763352658,-302.6
2019-07-02 14:00:00,-0.24510869312003036,5.308267697401205,0.11863423153486874,-288.0
2019-07-02 15:00:00,-0.254424407396856,5.220355825078324,0.11212128149107592,-360.1
2019-07-02 16:00:00,-0.23310700204477586,5.1298987149230735,0.11194461146824253,-364.3
2019-07-02 17:00:00,-0.1824536847569691,5.0369526024136295,0.11185995771867496,-416.4
2019-07-02 18:00:00,-0.23267084285954276,4.955827057601261,0.10775959912025712,-366.6
2019-07-02 19:00:00,-0.17466479112222366,4.709530201312334,0.10306597087291891,-472.6
2019-07-02 20:00:00,-0.1621094227443951,4.68213122712422,0.10398112244652857,-529.8
2019-07-02 21:00:00,-0.17895427583721402,4.787491742782046,0.09697911403916315,-501.9
2019-07-02 22:00:00,-0.16132863818492327,5.0106352940962555,0.09008797751671604,-446.1
2019-07-02 23:00:00,-0.14282050921418676,5.288267030694535,0.0800084527621312,-360.4
2019-07-03 00:00:00,-0.17708250099871936,5.497168225293202,0.0633801130669367,-127.7
2019-07-03 01:00:00,-0.21552988212226332,5.697093486505405,0.06414519398334839,30.5
2019-07-03 02:00:00,-0.19593702092005927,5.7745515455444085,0.06786448658342792,65.4
2019-07-03 03:00:00,-0.22912159564175205,5.71042701737487,0.06686475893817168,120.5
2019-07-03 04:00:00,-0.2503866346192285,5.564520407322694,0.0685183123875408,103.6
2019-07-03 05:00:00,-0.2738677056890162,5.318119993844216,0.0770483064614993,-124.7
2019-07-03 06:00:00,-0.19280837821840713,5.049856007249537,0.08466607320678676,-320.9
2019-07-03 07:00:00,-0.18573666065544536,4.859812404361672,0.08510301823662036,-731.1
2019-07-03 08:00:00,-0.19295375415918148,4.787491742782046,0.09166784342100964,-878.2
2019-07-03 09:00:00,-0.18714778492090023,4.836281906951478,0.09192873327982998,-1145.5
2019-07-03 10:00:00,-0.18883519160192597,4.882801922586371,0.08774488867580477,-1201.1
2019-07-03 11:00:00,-0.18284850227005656,4.90527477843843,0.0940681439944484,-1149.6
2019-07-03 12:00:00,-0.25041791209409414,4.912654885736052,0.0952223027946264,-680.8
2019-07-03 13:00:00,-0.22864111954164246,4.919980925828125,0.09211575175521158,-489.3
2019-07-03 14:00:00,-0.23456013522567654,5.003946305945459,0.09592961608268258,-413.1
2019-07-03 15:00:00,-0.22241141690802158,5.081404364984463,0.09398698150016305,-421.4
2019-07-03 16:00:00,-0.23184626104651462,5.14166355650266,0.09282614081156826,-425.4
2019-07-03 17:00:00,-0.20342220108673859,5.209486152841421,0.09452938712364833,-576.1
2019-07-03 18:00:00,-0.20982396717217666,5.262690188904886,0.09327497490342207,-458.7
2019-07-03 19:00:00,-0.20769131552314946,5.170483995038151,0.08668441639613889,-477.9
2019-07-03 20:00:00,-0.2293769254385416,5.2832037287379885,0.08447274062093779,-448.8
2019-07-03 21:00:00,-0.22039971562054905,5.480638923341991,0.0822534322183186,-475.0
2019-07-03 22:00:00,-0.2193225459967656,5.648974238161206,0.07816240427001198,-516.1
2019-07-03 23:00:00,-0.22655295942705544,5.7430031878094825,0.07177113680801561,-389.3
2019-07-04 00:00:00,-0.20405692153595467,5.908082938168931,0.0859647019209051,-387.4
2019-07-04 01:00:00,-0.22936833715475302,5.908082938168931,0.09146945508723014,-22.5
2019-07-04 02:00:00,-0.23898932917771765,5.805134968916488,0.0959357602004074,5.0
2019-07-04 03:00:00,-0.22297055547039024,5.645446897643238,0.09653972762659624,55.0
2019-07-04 04:00:00,-0.15648008795426982,5.488937726156687,0.10112816965221771,102.8
2019-07-04 05:00:00,-0.16536727417699026,5.278114659230517,0.10260567547553556,-363.4
2019-07-04 06:00:00,-0.2025921986856396,5.093750200806762,0.09713649826120374,-608.7
2019-07-04 07:00:00,-0.19394002270331612,4.941642422609304,0.0920990970481892,-1069.0
2019-07-04 08:00:00,-0.15861655546522213,4.709530201312334,0.09442700007814153,-1303.3
2019-07-04 09:00:00,-0.1504403244223811,4.564348191467836,0.08930511499583371,-1285.8
2019-07-04 10:00:00,-0.1161021938683553,4.442651256490317,0.0909502870046639,-1220.5
2019-07-04 11:00:00,-0.162825723704922,4.343805421853684,0.08997090994216439,-1068.3
2019-07-04 12:00:00,-0.12161721436668715,4.2626798770413155,0.08622713758235889,-699.3
2019-07-04 13:00:00,-0.13978016160916207,4.1588830833596715,0.10507702506310146,-563.3
2019-07-04 14:00:00,-0.14351186084463974,4.1588830833596715,0.09130783106028684,-511.6
2019-07-04 15:00:00,-0.22380488925661357,4.110873864173311,0.08577081284956023,-532.5
2019-07-04 16:00:00,-0.174556877163079,4.02535169073515,0.08751712281498936,-548.6
2019-07-04 17:00:00,-0.18104335285048423,3.9512437185814275,0.08754083238081023,-708.1
2019-07-04 18:00:00,-0.21372672782849866,3.9318256327243257,0.09170936198287283,-623.8
2019-07-04 19:00:00,-0.2173419009814581,3.828641396489095,0.09357036056142043,-581.2
2019-07-04 20:00:00,-0.2011200611592452,3.912023005428146,0.09066751291177688,-574.7
2019-07-04 21:00:00,-0.2177863975792791,4.060443010546419,0.09127426553668538,-372.0
2019-07-04 22:00:00,-0.23035134492924003,4.23410650459726,0.08961631829254557,-337.2
2019-07-04 23:00:00,-0.2586664877941134,4.564348191467836,0.08841077636525618,-20.6
2019-07-05 00:00:00,-0.2615200165320464,4.499809670330265,0.09976665879262026,-376.2
2019-07-05 01:00:00,-0.25587356229653624,4.574710978503383,0.09751665718997149,-177.3
2019-07-05 02:00:00,-0.24940263733948953,4.653960350157523,0.0991790840283473,-178.7
2019-07-05 03:00:00,-0.2737211352734108,4.7535901911063645,0.10333551064606095,-185.9
2019-07-05 04:00:00,-0.26866810307185185,4.795790545596741,0.10270971290720965,-210.2
2019-07-05 05:00:00,-0.29631320028684716,4.727387818712341,0.1091254268627857,-446.1
2019-07-05 06:00:00,-0.2698046163690888,4.624972813284271,0.10542556360206046,-1105.1
2019-07-05 07:00:00,-0.20972897469632112,4.605170185988092,0.09968013630580685,-876.3
2019-07-05 08:00:00,-0.1766460976339035,4.564348191467836,0.0964740785165219,-1061.6
2019-07-05 09:00:00,-0.165982818561357,4.634728988229636,0.1019901792296185,-1169.2
2019-07-05 10:00:00,-0.05253406664613758,4.74493212836325,0.11164860213963035,-1205.2
2019-07-05 11:00:00,-0.15635018478274398,4.836281906951478,0.09306238269343492,-1230.9
2019-07-05 12:00:00,-0.13732632694258928,4.890349128221754,0.07830250683510087,-1386.3
2019-07-05 13:00:00,-0.1867979835500333,4.897839799950911,0.07462145178568935,-1107.3
2019-07-05 14:00:00,-0.2033243692993647,4.948759890378168,0.08804450471196201,-981.9
2019-07-05 15:00:00,-0.21689574385076416,5.056245805348308,0.08963699365794309,-955.9
2019-07-05 16:00:00,-0.18624948053042667,5.123963979403259,0.10093775915007885,-1359.2
2019-07-05 17:00:00,-0.14926963600603926,5.1647859739235145,0.0989455335031062,-1502.0
2019-07-05 18:00:00,-0.15554099831072676,5.220355825078324,0.10598285253813611,-1512.1
2019-07-05 19:00:00,-0.15558406715863216,5.176149732573829,0.11191199870162283,-1529.2
2019-07-05 20:00:00,-0.17780604835892833,5.332718793265369,0.11285206092481559,-1505.1
2019-07-05 21:00:00,-0.18282262782616288,5.521460917862246,0.09738688472099621,-1508.7
2019-07-05 22:00:00,-0.19795654895352177,5.68697535633982,0.09605748222313881,-1552.8
2019-07-05 23:00:00,-0.26511932737236643,5.817111159963204,0.09620331912002733,-1431.3
2019-07-06 00:00:00,-0.2728486421729497,6.0473721790462776,0.060910031855686775,-589.0
2019-07-06 01:00:00,-0.2698481731075595,6.09807428216624,0.06342165289481017,-469.9
2019-07-06 02:00:00,-0.280076550671402,6.144185634125646,0.06464506081877364,-460.9
2019-07-06 03:00:00,-0.22478115533664367,6.186208623900494,0.06376380860645625,-492.5
2019-07-06 04:00:00,-0.14579293645444524,6.2285110035911835,0.07380485121759861,-505.2
2019-07-06 05:00:00,-0.057927874544435376,6.238324625039508,0.07434887987830319,-519.5
2019-07-06 06:00:00,-0.07725440493674762,6.240275845170769,0.08871599708217204,-558.4
2019-07-06 07:00:00,-0.08827422586971156,6.222576268071369,0.0833889633632614,-1073.9
2019-07-06 08:00:00,-0.0722074477064214,6.1463292576688975,0.07984774455840338,-957.7
2019-07-06 09:00:00,-0.10757840048408696,6.089044875446846,0.0737020642675903,-986.3
2019-07-06 10:00:00,-0.07857951669134611,6.025865973825314,0.07804725618600106,-844.8
2019-07-06 11:00:00,-0.164714611141779,5.973809611869261,0.07374207229851937,-624.6
2019-07-06 12:00:00,-0.13503815880985703,5.926926025970411,0.06719729539855201,-672.4
2019-07-06 13:00:00,-0.1803694867179937,5.8888779583328805,0.06771531305737888,-461.0
2019-07-06 14:00:00,-0.193639293357601,5.855071922202427,0.06641144893191964,-269.2
2019-07-06 15:00:00,-0.2598640956332101,5.75890177387728,0.07032970737368327,-225.9
2019-07-06 16:00:00,-0.18279593762396829,5.648974238161206,0.08516611645166439,-194.7
2019-07-06 17:00:00,-0.14241795355081077,5.54907608489522,0.08837800947190289,-244.9
2019-07-06 18:00:00,-0.13561325082086118,5.488937726156687,0.09332903968102269,-944.6
2019-07-06 19:00:00,-0.14028358675476094,5.337538079701318,0.09501513587242894,-1242.9
2019-07-06 20:00:00,-0.1636309634814581,5.351858133476067,0.09302423231150136,-1136.5
2019-07-06 21:00:00,-0.14544217125482195,5.337538079701318,0.09702011025780877,-1117.7
2019-07-06 22:00:00,-0.1388691276339764,5.267858159063328,0.09216966591711007,-1191.5
2019-07-06 23:00:00,-0.2031573654526202,5.181783550292085,0.09018549801581877,-769.9
2019-07-07 00:00:00,-0.18514539976682576,4.795790545596741,0.05623170537071154,-256.7
2019-07-07 01:00:00,-0.2012263678479287,4.836281906951478,0.05624683051780455,4.3
2019-07-07 02:00:00,-0.18420276095138677,4.852030263919617,0.057092439399886175,20.0
2019-07-07 03:00:00,-0.16099021579718453,4.812184355372417,0.057971398594967916,-31.6
2019-07-07 04:00:00,-0.13547011566160583,4.770684624465665,0.06063191151916225,-6.0
2019-07-07 05:00:00,-0.037454702034021015,4.727387818712341,0.05864201425507698,-5.9
2019-07-07 06:00:00,0.00734707259654277,4.718498871295094,0.06793166326158051,-12.3
2019-07-07 07:00:00,-0.03879120798998903,4.718498871295094,0.062058001606679625,-86.4
2019-07-07 08:00:00,-0.08743997090055755,4.6443908991413725,0.05264079980641334,-210.1
2019-07-07 09:00:00,-0.09973516365767043,4.700480365792417,0.04204044316957134,-451.3
2019-07-07 10:00:00,-0.09251114326397403,4.844187086458591,0.041481273317078404,-569.3
2019-07-07 11:00:00,-0.10450224860892732,4.962844630259907,0.04546058634084105,-552.4
2019-07-07 12:00:00,-0.09867995098258486,5.043425116919247,0.05055798113578369,-470.9
2019-07-07 13:00:00,-0.07941880893025921,5.153291594497779,0.05748471233892527,-438.2
2019-07-07 14:00:00,-0.08622420351574034,5.3706380281276624,0.05772059804299623,-308.1
2019-07-07 15:00:00,-0.060257972568281026,5.545177444479562,0.05669125530767527,-324.5
2019-07-07 16:00:00,-0.048918764275295956,5.66988092298052,0.06772670208776965,-491.7
2019-07-07 17:00:00,-0.12405708870600707,5.793013608384144,0.06549439589427664,-880.1
2019-07-07 18:00:00,-0.15172170594895862,5.8805329864007,0.06525688441008626,-1103.6
2019-07-07 19:00:00,-0.10597631460947188,5.877735781779639,0.051643667814960104,-1413.6
2019-07-07 20:00:00,-0.11335010112800648,5.924255797414532,0.06018436968558838,-1401.5
2019-07-07 21:00:00,-0.09465407802685988,6.013715156042802,0.05687332077815377,-1515.3
2019-07-07 22:00:00,-0.10834613669703375,6.144185634125646,0.05871462427330343,-1520.8
2019-07-07 23:00:00,-0.12201330440821456,6.218600119691729,0.06199491305526106,-1315.3
2019-07-08 00:00:00,-0.11196148168094666,6.456769655572163,0.03791950202199068,-393.0
2019-07-08 01:00:00,-0.04984606461015462,6.480044561926653,0.041204231483632725,-347.7
2019-07-08 02:00:00,-0.038981487670090686,6.470799503782602,0.04722268054222489,-312.2
2019-07-08 03:00:00,-0.05990262461764173,6.4425401664681985,0.037192153562702224,-265.3
2019-07-08 04:00:00,-0.1402420758686187,6.403574197934815,0.02879677029969674,-280.8
2019-07-08 05:00:00,-0.167767583582199,6.340359303727752,0.02294123939252657,-790.9
2019-07-08 06:00:00,-0.18389097496439932,6.282266746896006,0.0326152435001692,-1252.3
2019-07-08 07:00:00,-0.22821836306055054,6.249975242259483,0.036410385327653394,-910.6
2019-07-08 08:00:00,-0.24993583427381116,6.218600119691729,0.036648062336509746,-1100.4
2019-07-08 09:00:00,-0.2812104838829481,6.214608098422191,0.03489069617695861,-1605.2
2019-07-08 10:00:00,-0.33550544524018333,6.226536669287466,0.033358187292193975,-1630.7
2019-07-08 11:00:00,-0.27076694859202854,6.20455776256869,0.03600281557855567,-1636.6
2019-07-08 12:00:00,-0.23033316622412103,6.148468295917647,0.03370167080370923,-1648.0
2019-07-08 13:00:00,-0.25373813999827854,6.089044875446846,0.043910479490047116,-1586.8
2019-07-08 14:00:00,-0.25833685885107416,6.037870919922137,0.04390387214131408,-1603.5
2019-07-08 15:00:00,-0.22516317212961878,5.961005339623274,0.046631232515493615,-1472.1
2019-07-08 16:00:00,-0.22549162385250288,5.872117789475416,0.044911951635455694,-1470.5
2019-07-08 17:00:00,-0.21731637506167667,5.799092654460526,0.04711587943089768,-1446.1
2019-07-08 18:00:00,-0.21927473737456227,5.700443573390687,0.04097703707724065,-1156.5
2019-07-08 19:00:00,-0.1984039607398831,5.480638923341991,0.03131571712999914,-1187.2
2019-07-08 20:00:00,-0.17108094523398343,5.3981627015177525,0.030821168049525838,-1074.9
2019-07-08 21:00:00,-0.16557917600910654,5.472270673671475,0.026430791247848973,-1086.2
2019-07-08 22:00:00,-0.17582509363809828,5.605802066295998,0.01765620619624464,-1049.7
2019-07-08 23:00:00,-0.20388290515044183,5.683579767338681,0.018984694282707437,-1124.6
2019-07-09 00:00:00,-0.12711972988043208,5.834810737062605,0.009076078085185735,-987.1
2019-07-09 01:00:00,-0.1554624614357767,5.811140992976701,0.006876206828913212,-384.0
2019-07-09 02:00:00,-0.1589026731516201,5.746203190540153,0.005826734704702297,-345.5
2019-07-09 03:00:00,-0.1415727740449637,5.62040086571715,0.006006518330366362,-303.8
2019-07-09 04:00:00,-0.11738101999793926,5.438079308923196,0.0094760380112211,-300.8
2019-07-09 05:00:00,-0.15962050153471852,5.176149732573829,0.010048071361160815,-1143.3
2019-07-09 06:00:00,-0.1770737685521695,4.890349128221754,0.010944448978118082,-1304.9
2019-07-09 07:00:00,-0.18740640890849036,4.709530201312334,0.011886096622860443,-1250.9
2019-07-09 08:00:00,-0.19319429548008005,4.653960350157523,0.018664795927036515,-1219.6
2019-07-09 09:00:00,-0.17994433213784866,4.836281906951478,0.01915421686597263,-1251.8
2019-07-09 10:00:00,-0.2228727618895503,4.969813299576001,0.013552130878975,-1192.1
2019-07-09 11:00:00,-0.18325552606776485,4.983606621708336,0.01771392501229485,-904.3
2019-07-09 12:00:00,-0.17731985712245235,4.948759890378168,0.030293961114811196,-897.0
2019-07-09 13:00:00,-0.1603204794439641,4.897839799950911,0.016859989193203084,-907.0
2019-07-09 14:00:00,-0.16511936860412035,4.882801922586371,0.02000908206850749,-929.9
2019-07-09 15:00:00,-0.17942675546914755,4.875197323201151,0.01439098667055827,-897.8
2019-07-09 16:00:00,-0.159664275748562,4.875197323201151,0.013752585289029007,-904.5
2019-07-09 17:00:00,-0.16734666510250706,4.852030263919617,0.016819041480128583,-1574.1
2019-07-09 18:00:00,-0.15452927644303038,4.795790545596741,0.010261234635379424,-1815.1
2019-07-09 19:00:00,-0.10240422389074233,4.61512051684126,0.002595440509284508,-2096.8
2019-07-09 20:00:00,-0.0988843647913602,4.718498871295094,0.005316485527300685,-2082.4
2019-07-09 21:00:00,-0.10976424994486589,4.836281906951478,0.0003522783500908844,-1881.4
2019-07-09 22:00:00,-0.08586353912203348,4.983606621708336,-0.001253366914864884,-1811.5
2019-07-09 23:00:00,-0.011963824079934682,5.135798437050262,-0.008006436604738987,-1528.5
2019-07-10 00:00:00,0.05308076478102919,5.501258210544727,-0.026297424328928898,-1818.5
2019-07-10 01:00:00,0.005588273157969503,5.627621113690637,-0.02839990908317258,-1528.2
2019-07-10 02:00:00,0.018576573029756016,5.703782474656201,-0.028840019611861223,-1315.8
2019-07-10 03:00:00,-0.015165246954037759,5.648974238161206,-0.02467284835083383,-1182.4
2019-07-10 04:00:00,-0.044525399322621784,5.54907608489522,-0.0213288363161519,-1244.4
2019-07-10 05:00:00,-0.08427745600343695,5.4638318050256105,-0.01711310813895217,-1588.0
2019-07-10 06:00:00,-0.1003667743979002,5.3612921657094255,-0.013502518676333786,-1789.1
2019-07-10 07:00:00,-0.12299400950068584,5.272999558563747,-0.01268170361274823,-2007.1
2019-07-10 08:00:00,-0.1313677004748781,5.153291594497779,-0.0007654377353567554,-2069.6
2019-07-10 09:00:00,-0.12084195846324519,5.153291594497779,-0.0012735778981864954,-2154.3
2019-07-10 10:00:00,-0.12431622635018824,5.123963979403259,-0.007474468731654582,-2176.7
2019-07-10 11:00:00,-0.11370847457652644,5.0689042022202315,0.006559872584657178,-2145.5
2019-07-10 12:00:00,-0.14397423942031962,4.997212273764115,0.008293193091456708,-2127.3
2019-07-10 13:00:00,-0.10911479233269139,4.890349128221754,0.007745511989221576,-2089.1
2019-07-10 14:00:00,-0.09835375215185094,4.7535901911063645,0.010914247739767902,-2065.9
2019-07-10 15:00:00,-0.08559594908230928,4.574710978503383,0.009968125446986775,-2018.7
2019-07-10 16:00:00,-0.09651360705235179,4.382026634673881,0.008646447233188859,-1951.6
2019-07-10 17:00:00,-0.09812837654901418,4.248495242049359,0.012734765226655398,-1927.2
2019-07-10 18:00:00,-0.11721770970025247,4.174387269895637,0.011301391943749017,-1906.4
2019-07-10 19:00:00,-0.09939297075403042,3.970291913552122,0.0068755448045756395,-1971.8
2019-07-10 20:00:00,-0.1146778463757987,3.970291913552122,0.004902065054348981,-1961.2
2019-07-10 21:00:00,-0.0904704033819197,4.060443010546419,0.006016628282460523,-1984.5
2019-07-10 22:00:00,-0.09230417045701245,4.174387269895637,0.0071386486507369895,-1950.0
2019-07-10 23:00:00,-0.050837687455284275,4.23410650459726,0.0017686741197113776,-1816.6
2019-07-11 00:00:00,0.009683305517200314,4.189654742026425,-0.009550207129707111,-1817.7
2019-07-11 01:00:00,-0.0033706728854867585,4.189654742026425,-0.012278714257923262,-1747.7
2019-07-11 02:00:00,-0.0020708433232252688,4.0943445622221,-0.011742253597781804,-1681.0
2019-07-11 03:00:00,0.0015064281474765906,3.8918202981106265,-0.009285796177251449,-1585.4
2019-07-11 04:00:00,0.05635600493021897,3.713572066704308,-0.006313512209433547,-1650.5
2019-07-11 05:00:00,0.03069392146601757,3.5263605246161616,-0.005811388664839434,-1869.9
2019-07-11 06:00:00,-0.007011550227522978,3.332204510175204,-0.00412520894006807,-2112.3
2019-07-11 07:00:00,-0.019073600404378332,3.044522437723423,-0.003211082756135575,-1978.1
2019-07-11 08:00:00,-0.009156903956626827,2.772588722239781,0.0041182199740061876,-2261.9
2019-07-11 09:00:00,0.005049754722960209,2.8903717578961645,0.0027958720865512987,-2267.7
2019-07-11 10:00:00,0.06301013500874308,3.091042453358316,0.007011619321301232,-2288.1
2019-07-11 11:00:00,0.030306749193248717,3.332204510175204,0.010919773990922366,-2271.6
2019-07-11 12:00:00,0.09426112595610991,3.4657359027997265,0.009521305445556294,-2259.2
2019-07-11 13:00:00,0.07405970529422978,3.4965075614664802,0.02625123265991114,-2253.0
2019-07-11 14:00:00,0.07420407990084676,3.6109179126442243,0.012798630818080525,-2252.8
2019-07-11 15:00:00,-0.009419300364658767,3.6375861597263857,0.010172897534684644,-1995.0
2019-07-11 16:00:00,0.034554540528516586,3.6635616461296463,0.014618125668957482,-2051.2
2019-07-11 17:00:00,0.006492452891795342,3.6109179126442243,0.01887707065493327,-2056.7
2019-07-11 18:00:00,-0.027126174347264165,3.6109179126442243,0.019318865562616416,-2062.5
2019-07-11 19:00:00,-0.030264842057903252,3.5553480614894135,0.01787954039034112,-2070.9
2019-07-11 20:00:00,-0.011103066400165229,3.828641396489095,0.014234634160129822,-2063.8
2019-07-11 21:00:00,-0.012744494033805953,3.9512437185814275,0.014313224400557267,-2066.9
2019-07-11 22:00:00,-0.02779183293704124,4.04305126783455,0.012888486112697883,-2037.4
2019-07-11 23:00:00,-0.022258402660598975,4.07753744390572,0.0085342230494998,-1920.6
2019-07-12 00:00:00,0.08266797234254408,4.356708826689592,0.013680608046492182,-1221.6
2019-07-12 01:00:00,0.09443440617732657,4.430816798843313,0.008520871328025592,-610.0
2019-07-12 02:00:00,0.1022716071069012,4.454347296253507,0.005755895034496028,-518.7
2019-07-12 03:00:00,0.07061308391078391,4.430816798843313,0.0036956340203877502,-499.5
2019-07-12 04:00:00,0.04774775094916128,4.330733340286331,0.0010770673633979655,-1414.4
2019-07-12 05:00:00,0.0016854281840830154,4.143134726391533,0.0025156918045272647,-1652.4
2019-07-12 06:00:00,-0.022900338565735368,3.828641396489095,0.00038768062972316386,-1901.6
2019-07-12 07:00:00,-6.27163255919605e-05,3.6635616461296463,0.0024972967781904387,-2020.7
2019-07-12 08:00:00,0.014084305603129899,3.784189633918261,-0.00021954628594933467,-2289.6
2019-07-12 09:00:00,0.01788371603119021,4.1588830833596715,0.008037772885754357,-2312.7
2019-07-12 10:00:00,0.1380362678841398,4.454347296253507,0.021276703975887656,-2373.6
2019-07-12 11:00:00,0.027348709729613674,4.59511985013459,0.0009232134737517939,-2378.5
2019-07-12 12:00:00,0.05110983085121923,4.6443908991413725,-0.015187836252238185,-2375.6
2019-07-12 13:00:00,0.03201005988923633,4.68213122712422,-0.02160658030886431,-2354.1
2019-07-12 14:00:00,0.027808932689984633,4.6913478822291435,-0.003940958324610833,-2329.7
2019-07-12 15:00:00,0.008437189837719572,4.6913478822291435,-0.008993609783684242,-2208.8
2019-07-12 16:00:00,0.026528456969026504,4.634728988229636,0.0019238714082696617,-2169.6
2019-07-12 17:00:00,0.03518709446597734,4.574710978503383,0.0009515336620431469,-1938.6
2019-07-12 18:00:00,0.02343175899889749,4.48863636973214,0.004332916276845289,-1899.8
2019-07-12 19:00:00,0.017008663621299824,4.343805421853684,0.0038580182433580745,-1859.4
2019-07-12 20:00:00,0.02067825650828725,4.343805421853684,0.0027409425083915195,-1947.9
2019-07-12 21:00:00,0.0325176608222435,4.406719247264253,-0.005818457688847367,-1969.7
2019-07-12 22:00:00,0.00938585962357985,4.48863636973214,-0.00371367152181179,-1907.7
2019-07-12 23:00:00,-0.04365786224114121,4.574710978503383,-0.0023411469077609937,-1812.8
2019-07-13 00:00:00,-0.028905951272821362,5.19295685089021,-0.013197940298034894,-1929.2
2019-07-13 01:00:00,-0.006191013992481675,5.25227342804663,-0.01176798512965238,-1359.5
2019-07-13 02:00:00,0.015678960128005404,5.303304908059076,-0.017405496393049447,-975.1
2019-07-13 03:00:00,0.06511821292378439,5.337538079701318,-0.015451426947048041,-704.7
2019-07-13 04:00:00,0.12787214135095537,5.2832037287379885,-0.011717322220563098,-695.0
2019-07-13 05:00:00,0.1733082885506927,5.093750200806762,-0.00261216125782493,-1188.4
2019-07-13 06:00:00,0.15795218705411962,4.718498871295094,0.013375840109142167,-1275.2
2019-07-13 07:00:00,0.14289763905646957,4.382026634673881,0.009200101421830809,-1995.4
2019-07-13 08:00:00,0.14171205585337532,4.23410650459726,0.0023554080708727554,-2097.5
2019-07-13 09:00:00,0.13020131929792367,4.290459441148391,-0.009247018713161026,-2200.7
2019-07-13 10:00:00,0.18197010048622042,4.290459441148391,0.0008515834204532169,-2216.1
2019-07-13 11:00:00,0.11980790101963379,4.248495242049359,-0.0034536004670284726,-2171.3
2019-07-13 12:00:00,0.15636155858197398,4.1588830833596715,-0.013335248189750182,-2035.1
2019-07-13 13:00:00,0.09266777862934328,4.04305126783455,-0.01446643286490712,-1197.2
2019-07-13 14:00:00,0.07464663388761972,4.007333185232471,-0.019057208027613903,-1171.0
2019-07-13 15:00:00,0.01537881537306296,3.9318256327243257,-0.02271256237214825,-1001.7
2019-07-13 16:00:00,0.0438148231734945,3.784189633918261,-0.01461139136100087,-1010.5
2019-07-13 17:00:00,0.061852514161329086,3.6375861597263857,-0.019012529854379068,-1462.2
2019-07-13 18:00:00,0.06941767291426792,3.4339872044851463,-0.014081209689758012,-2045.7
2019-07-13 19:00:00,0.07032754841264088,3.258096538021482,-0.014557276502847216,-2261.9
2019-07-13 20:00:00,0.07713719869715163,3.6375861597263857,-0.015385066195683805,-2238.5
2019-07-13 21:00:00,0.10057089992602553,3.9318256327243257,-0.00943032376404318,-2214.6
2019-07-13 22:00:00,0.10576167731739039,4.060443010546419,-0.01053832829158452,-2319.2
2019-07-13 23:00:00,0.06037131145671104,4.219507705176107,-0.008079194660538747,-2097.6
2019-07-14 00:00:00,0.05452164226489842,4.248495242049359,-0.0023809782712387317,-1156.2
2019-07-14 01:00:00,0.09793688697780878,4.204692619390966,-1.0972132289843728e-05,-495.5
2019-07-14 02:00:00,0.12355216620045173,4.143134726391533,-0.0029822786358506548,-358.5
2019-07-14 03:00:00,0.16934159886178213,4.007333185232471,0.0009434053616592664,-346.4
2019-07-14 04:00:00,0.2163557617670233,3.7612001156935624,0.0036039182858536023,-330.9
2019-07-14 05:00:00,0.28246848169534244,3.4339872044851463,0.003582237072049743,-316.3
2019-07-14 06:00:00,0.30740737904789217,3.091042453358316,0.013681073511832231,-286.6
2019-07-14 07:00:00,0.26318510050602795,2.833213344056216,0.0105925062027179,-763.7
2019-07-14 08:00:00,0.2130775887247598,2.4849066497880004,-0.004205104265061266,-1175.4
2019-07-14 09:00:00,0.17645665670496413,2.3978952727983707,-0.009307734453908978,-1261.6
2019-07-14 10:00:00,0.17717150201119658,2.3978952727983707,-0.015197063701359426,-1319.0
2019-07-14 11:00:00,0.18441059322898612,2.4849066497880004,-0.015100714278802663,-1371.3
2019-07-14 12:00:00,0.18766001953643086,2.70805020110221,-0.01900820267875325,-1321.0
2019-07-14 13:00:00,0.18482932134260466,2.8903717578961645,-0.012009286695471744,-1258.4
2019-07-14 14:00:00,0.18352016824937323,3.1780538303479458,-0.01011970164081255,-1240.7
2019-07-14 15:00:00,0.20219178999692922,3.295836866004329,-0.014953282189950734,-1223.1
2019-07-14 16:00:00,0.20178897831085063,3.4011973816621555,-0.004865199429901601,-1226.5
2019-07-14 17:00:00,0.13718697236843136,3.5553480614894135,-0.012095526639828158,-1276.1
2019-07-14 18:00:00,0.10747632896048298,3.784189633918261,-0.013214731031409244,-1565.1
2019-07-14 19:00:00,0.10587061589100877,3.6888794541139363,-0.01806733655743198,-1755.8
2019-07-14 20:00:00,0.1081901149060629,3.9318256327243257,-0.01477266276382494,-1824.3
2019-07-14 21:00:00,0.09775722115814611,4.110873864173311,-0.011975551860539113,-1794.9
2019-07-14 22:00:00,0.10314579739670071,4.30406509320417,-0.007800653583077022,-1724.7
2019-07-14 23:00:00,0.10534810874774925,4.454347296253507,-0.0036553369350009746,-1497.8
2019-07-15 00:00:00,0.13326617227955007,4.962844630259907,-0.013145975984576452,-883.1
2019-07-15 01:00:00,0.19904998280646957,4.820281565605037,-0.008244043930347722,-393.0
2019-07-15 02:00:00,0.2183474643140424,4.653960350157523,-0.0012375050728188342,-371.7
2019-07-15 03:00:00,0.16958924859822622,4.477336814478207,-0.008425789898313774,-296.5
2019-07-15 04:00:00,0.07165660569374044,4.382026634673881,-0.014589029377378715,-504.3
2019-07-15 05:00:00,0.06601872066445003,4.143134726391533,-0.02771674930499657,-1478.9
2019-07-15 06:00:00,0.05939825028463863,3.970291913552122,-0.03254394591014531,-1756.4
2019-07-15 07:00:00,0.05363278908043689,4.007333185232471,-0.039994150646440296,-1922.7
2019-07-15 08:00:00,0.04373171992100744,4.0943445622221,-0.04097275023216351,-2337.3
2019-07-15 09:00:00,0.034032559317256794,4.1588830833596715,-0.02939242973511469,-2617.1
2019-07-15 10:00:00,-0.019447766575418246,4.1588830833596715,-0.030545614687286005,-2629.3
2019-07-15 11:00:00,0.04418169656855975,4.248495242049359,-0.022837684444377615,-2636.8
2019-07-15 12:00:00,0.07545128831996539,4.31748811353631,-0.024072592788369818,-2636.7
2019-07-15 13:00:00,0.0571163336296463,4.30406509320417,-0.012967594576261732,-2643.9
2019-07-15 14:00:00,0.01911561619885438,4.219507705176107,-0.018338436735906072,-2585.2
2019-07-15 15:00:00,0.024602127698363674,4.143134726391533,-0.013455770937286005,-2279.2
2019-07-15 16:00:00,0.008377518493754899,4.110873864173311,-0.014939159893400777,-2231.3
2019-07-15 17:00:00,0.030486694341552933,4.04305126783455,-0.011494643013835848,-2280.2
2019-07-15 18:00:00,0.03510191543950558,4.07753744390572,-0.01255407738772174,-2018.9
2019-07-15 19:00:00,0.04911749287712608,3.871201010907891,-0.007747837449958439,-2025.6
2019-07-15 20:00:00,0.03906491267031331,3.9318256327243257,-0.0036300607047197175,-2025.0
2019-07-15 21:00:00,0.039965947166022975,3.9512437185814275,-0.0030878914374126154,-2029.6
2019-07-15 22:00:00,0.04085861334679963,4.02535169073515,-0.008537014680686461,-2030.8
2019-07-15 23:00:00,0.021680327408866162,4.127134385045092,-0.005681435607486129,-1658.9
2019-07-16 00:00:00,0.059556760306895384,4.343805421853684,0.0057482879925112584,-1091.8
2019-07-16 01:00:00,0.050799302904186217,4.406719247264253,0.0012104692932357608,-446.0
2019-07-16 02:00:00,0.02130260178749044,4.5217885770490405,0.00010262062081345391,-430.0
2019-07-16 03:00:00,0.014941274681460115,4.605170185988092,0.001408809081737239,-356.7
2019-07-16 04:00:00,0.007862617190710797,4.584967478670572,0.003758469548017729,-294.9
2019-07-16 05:00:00,0.013122011196125882,4.477336814478207,-0.0023046966058402063,-825.8
2019-07-16 06:00:00,0.024182509874539626,4.2626798770413155,-0.01478044226031816,-1430.4
2019-07-16 07:00:00,0.0176633786382423,4.143134726391533,-0.015086492874531565,-1831.4
2019-07-16 08:00:00,0.013656943682694767,4.110873864173311,-0.013792414220344718,-2221.5
2019-07-16 09:00:00,0.029147465720710475,4.060443010546419,-0.01291265893069049,-2226.1
2019-07-16 10:00:00,-0.0050785611878731984,3.9318256327243257,-0.01835486291026811,-2246.3
2019-07-16 11:00:00,0.020444768542216885,3.713572066704308,-0.01112944693603346,-2241.4
2019-07-16 12:00:00,0.026380437487529385,3.4965075614664802,-0.003306037560645514,-2238.8
2019-07-16 13:00:00,0.0406704722258886,3.367295829986474,-0.017917484783537496,-2232.7
2019-07-16 14:00:00,0.036657231921123135,3.258096538021482,-0.005992382746693892,-2255.1
2019-07-16 15:00:00,0.020192415185283252,3.1780538303479458,-0.012624162975489739,-2212.9
2019-07-16 16:00:00,0.038235405645939746,3.2188758248682006,-0.006288165594416917,-2206.5
2019-07-16 17:00:00,0.0544922545850377,3.091042453358316,-0.003121798723381808,-2249.4
2019-07-16 18:00:00,0.043889945951653075,2.70805020110221,-0.0038947145947529904,-1990.2
2019-07-16 19:00:00,0.04147756473300257,2.6390573296152584,-0.0045438045001864324,-1980.1
2019-07-16 20:00:00,0.059028888401145174,2.995732273553991,-0.0008627308386577326,-2040.1
2019-07-16 21:00:00,0.06609673984614473,3.367295829986474,-0.0017202612518811833,-1874.0
2019-07-16 22:00:00,0.09707644688148909,3.5553480614894135,0.0019296596452562653,-1853.0
2019-07-16 23:00:00,0.19173547232133314,3.6375861597263857,0.0039697544419770026,-1784.4
2019-07-17 00:00:00,0.21708885257190014,3.6375861597263857,-0.010406056992294133,-1145.3
2019-07-17 01:00:00,0.17398509048343058,3.58351893845611,-0.015631308444373104,-888.6
2019-07-17 02:00:00,0.1996250551769121,3.6375861597263857,-0.01593661477595365,-887.6
2019-07-17 03:00:00,0.1644774976298904,3.713572066704308,-0.014078281919437607,-862.6
2019-07-17 04:00:00,0.14462795176303622,3.713572066704308,-0.013136865401564002,-874.4
2019-07-17 05:00:00,0.08213361074024172,3.6635616461296463,-0.01711310813895217,-1415.2
2019-07-17 06:00:00,0.05322216835074345,3.5263605246161616,-0.0277181763303469,-1857.3
2019-07-17 07:00:00,0.019187698063130476,3.4657359027997265,-0.028529895852772214,-2191.8
2019-07-17 08:00:00,0.00960195599874103,3.1354942159291497,-0.02240461283883821,-2153.8
2019-07-17 09:00:00,0.022317741597209118,2.8903717578961645,-0.020592938300824315,-2027.6
2019-07-17 10:00:00,0.021713734791883432,2.833213344056216,-0.02765678848151154,-2018.4
2019-07-17 11:00:00,0.03403138616250212,2.8903717578961645,-0.012507438641545576,-2002.4
2019-07-17 12:00:00,0.007261910053887988,2.833213344056216,-0.013663776827238294,-2011.0
2019-07-17 13:00:00,0.04142937489799037,2.772588722239781,-0.014255375408537496,-2028.0
2019-07-17 14:00:00,0.049031951974579435,2.9444389791664403,-0.004153842474299729,-2057.5
2019-07-17 15:00:00,0.06569776869252353,2.995732273553991,-0.008122820202052239,-2064.0
2019-07-17 16:00:00,0.057979802621462184,2.9444389791664403,-0.006436794978139204,-2051.2
2019-07-17 17:00:00,0.056965093148805934,3.091042453358316,-0.0032495910817802454,-2036.9
2019-07-17 18:00:00,0.038993764261793906,3.1354942159291497,-0.0018500368603779904,-2151.9
2019-07-17 19:00:00,0.043292479592238475,2.995732273553991,-0.0033078425861239324,-2158.6
2019-07-17 20:00:00,0.029771695380814922,3.091042453358316,-0.005375517703892108,-2116.7
2019-07-17 21:00:00,0.05656523460675844,3.1780538303479458,-0.003285764379852729,-1783.0
2019-07-17 22:00:00,0.06069273704816469,3.258096538021482,-0.0013091312611956951,-1566.8
2019-07-17 23:00:00,0.12390480002148996,3.332204510175204,-0.00039817396537866756,-1370.9
2019-07-18 00:00:00,0.13979315365424227,3.258096538021482,-0.010676967812297988,-1126.7
2019-07-18 01:00:00,0.11294973270175257,3.2188758248682006,-0.015736930960880358,-796.7
2019-07-18 02:00:00,0.10470085619906166,3.1780538303479458,-0.01872714811973264,-653.0
2019-07-18 03:00:00,0.11185890502026563,3.1354942159291497,-0.01980605685143022,-626.7
2019-07-18 04:00:00,0.1676914792829769,3.091042453358316,-0.016784812076728883,-564.6
2019-07-18 05:00:00,0.12693538584506747,2.995732273553991,-0.02181173001128034,-1043.2
2019-07-18 06:00:00,0.09400679621101427,2.9444389791664403,-0.02919464171092656,-1971.5
2019-07-18 07:00:00,0.0680086357526859,2.9444389791664403,-0.02746108497959554,-2136.7
2019-07-18 08:00:00,0.07543068141105325,2.9444389791664403,-0.02265989910738675,-2226.9
2019-07-18 09:00:00,0.09224573573748174,2.995732273553991,-0.019540081855511815,-1960.3
2019-07-18 10:00:00,0.1377794442545115,3.1354942159291497,-0.018178629507257682,-1965.4
2019-07-18 11:00:00,0.11434984319032093,3.258096538021482,-0.0141693493104329,-1953.8
2019-07-18 12:00:00,0.17737603266661672,3.2188758248682006,-0.019437283259389204,-1927.9
2019-07-18 13:00:00,0.1549605611367939,3.258096538021482,-0.004860157622136541,-1889.0
2019-07-18 14:00:00,0.15332319839848996,3.367295829986474,-0.01343899939877602,-1877.9
2019-07-18 15:00:00,0.07000026730783793,3.4011973816621555,-0.021126982127152694,-1878.7
2019-07-18 16:00:00,0.11165097224062581,3.4965075614664802,-0.01671339118168369,-1792.0
2019-07-18 17:00:00,0.09489253919358731,3.5553480614894135,-0.01628476355893227,-1948.2
2019-07-18 18:00:00,0.06473630720181767,3.5263605246161616,-0.016344618475391925,-2127.5
2019-07-18 19:00:00,0.0671476237826365,3.2188758248682006,-0.01699578892367093,-2131.9
2019-07-18 20:00:00,0.08379096691459154,3.4339872044851463,-0.02100217193931453,-2119.5
2019-07-18 21:00:00,0.0828261363514935,3.6375861597263857,-0.019057963963832414,-2019.5
2019-07-18 22:00:00,0.07393514641063348,3.7376696182833684,-0.020181193984909918,-1951.6
2019-07-18 23:00:00,0.0889062614870273,3.784189633918261,-0.01772549153405567,-1603.1
2019-07-19 00:00:00,0.10699747072950982,4.189654742026425,-0.025939740999410432,-1199.8
2019-07-19 01:00:00,0.10474097964627616,4.189654742026425,-0.034384260012196854,-686.1
2019-07-19 02:00:00,0.12440668217547435,3.9889840465642745,-0.0342024172671076,-662.3
2019-07-19 03:00:00,0.08850264866155877,3.6635616461296463,-0.0330601335786076,-520.4
2019-07-19 04:00:00,0.07932057561092032,3.4339872044851463,-0.02842359703330022,-705.8
2019-07-19 05:00:00,0.0419191776000547,3.2188758248682006,-0.03570552101566982,-1155.1
2019-07-19 06:00:00,0.02825482473519436,3.044522437723423,-0.03909113034406442,-2047.6
2019-07-19 07:00:00,0.0330334455295751,2.772588722239781,-0.03639357387189435,-2046.9
2019-07-19 08:00:00,0.04370043100924148,2.4849066497880004,-0.037452388848110196,-2040.5
2019-07-19 09:00:00,0.051643300394606406,2.5649493574615367,-0.025349243146982836,-1868.6
2019-07-19 10:00:00,0.16530714369252353,2.6390573296152584,-0.01177587914553424,-1890.3
2019-07-19 11:00:00,0.05321559933908793,2.70805020110221,-0.0324638025589854,-1861.8
2019-07-19 12:00:00,0.07804308389756542,2.772588722239781,-0.0487446197810808,-1855.7
2019-07-19 13:00:00,0.05631130857140976,2.772588722239781,-0.052378238975618,-1822.8
2019-07-19 14:00:00,0.05809817698615216,2.8903717578961645,-0.03693364147895917,-1818.5
2019-07-19 15:00:00,0.053079107147544935,2.995732273553991,-0.04943457934219442,-1821.9
2019-07-19 16:00:00,0.07365899985675872,3.1780538303479458,-0.034443772762604574,-1913.5
2019-07-19 17:00:00,0.08427670466250081,3.2188758248682006,-0.031158941308733645,-1937.3
2019-07-19 18:00:00,0.07826565734041058,3.332204510175204,-0.030207408975330807,-2052.6
2019-07-19 19:00:00,0.07807180713940465,3.4339872044851463,-0.03527971080133252,-2085.7
2019-07-19 20:00:00,0.07135576626415308,3.8918202981106265,-0.03499938547445591,-2109.9
2019-07-19 21:00:00,0.07909960171337183,4.2626798770413155,-0.0397571282004856,-2107.2
2019-07-19 22:00:00,0.06802935024852808,4.564348191467836,-0.03818067415968951,-1972.4
2019-07-19 23:00:00,0.03171193973300257,4.8283137373023015,-0.038626306647525865,-1420.1
2019-07-20 00:00:00,0.01525706934468829,5.356586274672012,-0.036427788577163334,-1302.6
2019-07-20 01:00:00,0.01853442476691436,5.318119993844216,-0.04013868225886785,-561.3
2019-07-20 02:00:00,0.02468434231280492,5.176149732573829,-0.0402293099583062,-471.9
2019-07-20 03:00:00,0.0508979816646864,4.983606621708336,-0.053191754929895474,-377.4
2019-07-20 04:00:00,0.07764169330746107,4.804021044733257,-0.05055715553682738,-275.5
2019-07-20 05:00:00,0.1349695392940644,4.59511985013459,-0.034892310065117726,-222.4
2019-07-20 06:00:00,0.1278387536280854,4.276666119016055,-0.025338672071548274,-304.0
2019-07-20 07:00:00,0.12413329158798314,3.871201010907891,-0.02653857235281354,-345.6
2019-07-20 08:00:00,0.12982323708543309,3.4965075614664802,-0.03819068632347733,-521.2
2019-07-20 09:00:00,0.08842326021394786,3.713572066704308,-0.05684870021879451,-522.5
2019-07-20 10:00:00,0.11988488995526714,3.970291913552122,-0.052277441463425056,-377.8
2019-07-20 11:00:00,0.06812590129359641,4.127134385045092,-0.047713387610127,-333.1
2019-07-20 12:00:00,0.1142150380652951,4.23410650459726,-0.05561796934912788,-292.8
2019-07-20 13:00:00,0.07086314866249044,4.382026634673881,-0.050437613485412314,-278.5
2019-07-20 14:00:00,0.06374890630687213,4.465908118654584,-0.059018129779341066,-280.1
2019-07-20 15:00:00,0.004341816898541406,4.51085950651685,-0.07611791051738592,-273.5
2019-07-20 16:00:00,0.030750331940609943,4.624972813284271,-0.06624284728026453,-261.8
2019-07-20 17:00:00,0.06297674137360998,4.727387818712341,-0.07397141413513708,-348.5
2019-07-20 18:00:00,0.08031102682215163,4.7535901911063645,-0.0673088507008206,-916.0
2019-07-20 19:00:00,0.08239365538802401,4.718498871295094,-0.07362737129202834,-1366.9
2019-07-20 20:00:00,0.0935244022094297,4.962844630259907,-0.0657031145431688,-1563.4
2019-07-20 21:00:00,0.11780342113703623,5.214935757608986,-0.07244329159277729,-1566.1
2019-07-20 22:00:00,0.12357419134163905,5.3706380281276624,-0.07316550576118974,-1966.4
2019-07-20 23:00:00,0.06953085825322924,5.407171771460119,-0.0729918972804926,-627.1
2019-07-21 00:00:00,0.04047646756185097,5.68697535633982,-0.06222287688266448,-560.0
2019-07-21 01:00:00,0.05209613613285313,5.62040086571715,-0.055944646076341975,-327.0
2019-07-21 02:00:00,0.09313837300762895,5.5134287461649825,-0.06192898650764356,-297.4
2019-07-21 03:00:00,0.0924279359340554,5.384495062789089,-0.05953451360114137,-210.5
2019-07-21 04:00:00,0.14716929817802482,5.293304824724492,-0.055627894596700145,-178.9
2019-07-21 05:00:00,0.23149219476012162,5.176149732573829,-0.0472146562132254,-163.4
2019-07-21 06:00:00,0.29193548457984475,4.897839799950911,-0.03632934706282853,-158.4
2019-07-21 07:00:00,0.2737732663865726,4.61512051684126,-0.034015828482941934,-198.1
2019-07-21 08:00:00,0.1983816358983037,4.442651256490317,-0.051421703987062806,-284.3
2019-07-21 09:00:00,0.16227202171300759,4.574710978503383,-0.05650750644847502,-402.8
2019-07-21 10:00:00,0.15174411099025154,4.804021044733257,-0.06387924234074749,-451.0
2019-07-21 11:00:00,0.14132369169014325,5.081404364984463,-0.05911221757873619,-466.5
2019-07-21 12:00:00,0.13782176400649293,5.298317366548036,-0.07313516288987465,-303.0
2019-07-21 13:00:00,0.13982384890158794,5.4680601411351315,-0.06155161336745785,-241.5
2019-07-21 14:00:00,0.12888717610120493,5.58724865840025,-0.07135195943448913,-328.1
2019-07-21 15:00:00,0.13774825817313152,5.680172609017068,-0.08402304422324747,-354.4
2019-07-21 16:00:00,0.15926630310857837,5.762051382780177,-0.07514658437818245,-414.4
2019-07-21 17:00:00,0.09560151900083547,5.786897381366708,-0.08702042556065592,-482.9
2019-07-21 18:00:00,0.06977665716856318,5.777652323222656,-0.09254161906092317,-1100.8
2019-07-21 19:00:00,0.09536907543231488,5.594711379601839,-0.08721416078119759,-2126.9
2019-07-21 20:00:00,0.09864535006688868,5.648974238161206,-0.08531112961255705,-2283.2
2019-07-21 21:00:00,0.10449648979604964,5.723585101952381,-0.08243509542329086,-2307.4
2019-07-21 22:00:00,0.10495715770564917,5.820082930352362,-0.08611632360515209,-2316.5
2019-07-21 23:00:00,0.11014683829765426,5.8888779583328805,-0.08110593058541227,-1918.2
2019-07-22 00:00:00,0.14670001213660555,6.113682179832232,-0.0827084857666236,-1648.0
2019-07-22 01:00:00,0.15803433002409095,6.0867747269123065,-0.07987370006960326,-692.9
2019-07-22 02:00:00,0.15550845840146899,5.996452088619021,-0.07552314445628738,-629.0
2019-07-22 03:00:00,0.14249044424529744,5.840641657373398,-0.08352159384176172,-583.3
2019-07-22 04:00:00,0.0493659157953692,5.680172609017068,-0.08216600090679904,-510.1
2019-07-22 05:00:00,0.04794098924449264,5.459585514144159,-0.09087054831962149,-838.8
2019-07-22 06:00:00,0.004568543274028336,5.147494476813453,-0.09634690246876243,-1641.9
2019-07-22 07:00:00,0.009446807242064814,4.74493212836325,-0.09626933939585136,-1784.0
2019-07-22 08:00:00,0.01282418245793071,4.5217885770490405,-0.09370147798052475,-1957.3
2019-07-22 09:00:00,0.014548893239126226,4.7535901911063645,-0.08504983761944551,-2103.8
2019-07-22 10:00:00,-0.0430087269928614,5.062595033026967,-0.08907851704553682,-2178.2
2019-07-22 11:00:00,0.015952449300656202,5.313205979041787,-0.08966839292683382,-2146.2
2019-07-22 12:00:00,0.03997547635400611,5.455321115357702,-0.09184213450738721,-1926.2
2019-07-22 13:00:00,0.013619825613576442,5.575949103146316,-0.08405289440339825,-1773.0
2019-07-22 14:00:00,-0.0005868315649744105,5.652489180268651,-0.09346629679037388,-1700.7
2019-07-22 15:00:00,0.01449297004548633,5.666426688112432,-0.09595496199423881,-1834.7
2019-07-22 16:00:00,0.019321175024262338,5.638354669333745,-0.10259418547313359,-1989.7
2019-07-22 17:00:00,0.03260253750064512,5.572154032177765,-0.10088675549293136,-2085.5
2019-07-22 18:00:00,0.025775422965410577,5.472270673671475,-0.10197531743998756,-2528.3
2019-07-22 19:00:00,0.040818690062430996,5.2574953720277815,-0.0963390670055384,-2499.9
2019-07-22 20:00:00,0.03645802902505757,5.278114659230517,-0.09533848719421911,-2457.0
2019-07-22 21:00:00,0.038917179371938726,5.41610040220442,-0.09726235277780937,-2344.5
2019-07-22 22:00:00,0.03718599641706977,5.6240175061873385,-0.09960990000949632,-2313.3
2019-07-22 23:00:00,0.03448733276525662,5.746203190540153,-0.0977395800254337,-2128.9
2019-07-23 00:00:00,0.09004855824369074,5.58724865840025,-0.08612336587937186,-1653.4
2019-07-23 01:00:00,0.08628034359469439,5.44673737166631,-0.08786916076045248,-1201.4
2019-07-23 02:00:00,0.07833376892772881,5.236441962829949,-0.08492762856376235,-818.2
2019-07-23 03:00:00,0.08968134478926792,4.962844630259907,-0.08518371973423022,-634.4
2019-07-23 04:00:00,0.09979195461199897,4.6443908991413725,-0.08241922669303481,-517.4
2019-07-23 05:00:00,0.06651159591880873,4.30406509320417,-0.08593197561122956,-1275.0
2019-07-23 06:00:00,0.01199046910917767,3.8918202981106265,-0.09618129220427729,-1727.9
2019-07-23 07:00:00,0.011057462159787868,3.4011973816621555,-0.09609356304773886,-1829.2
2019-07-23 08:00:00,0.01102536321663905,3.367295829986474,-0.08869372239346252,-1954.3
2019-07-23 09:00:00,0.026523481008628558,3.970291913552122,-0.08139649502869162,-2052.1
2019-07-23 10:00:00,-0.0056019843874706154,4.51085950651685,-0.08431283070206597,-2189.9
2019-07-23 11:00:00,0.02070651438849591,4.812184355372417,-0.08329875770942774,-2246.3
2019-07-23 12:00:00,0.025332768455085475,4.9344739331306915,-0.07950355116264429,-2217.3
2019-07-23 13:00:00,0.03568031085288981,5.0238805208462765,-0.09568775113072903,-2106.3
2019-07-23 14:00:00,0.029827680815461832,5.0689042022202315,-0.09272747848025009,-2102.7
2019-07-23 15:00:00,0.017031190213380842,5.056245805348308,-0.1005579641611396,-2069.0
2019-07-23 16:00:00,0.03375640988245321,5.0238805208462765,-0.09514150295010904,-2052.1
2019-07-23 17:00:00,0.04161597630127911,5.017279836814924,-0.0937100126534185,-2001.6
2019-07-23 18:00:00,0.0344830304905126,5.030437921392435,-0.09109125962490783,-2189.5
2019-07-23 19:00:00,0.030488443157407286,4.997212273764115,-0.0888603882407688,-2112.1
2019-07-23 20:00:00,0.041259933825807504,5.14166355650266,-0.08487335538904883,-2125.9
2019-07-23 21:00:00,0.04056787234228709,5.2832037287379885,-0.08609460525734569,-2151.8
2019-07-23 22:00:00,0.07097893237093666,5.429345628954441,-0.0774070825912645,-2156.8
2019-07-23 23:00:00,0.16600551523959872,5.517452896464707,-0.07481112341113683,-2049.8
2019-07-24 00:00:00,0.25283863498582093,5.278114659230517,-0.08278302646348656,-1093.7
2019-07-24 01:00:00,0.2180700740574193,5.262690188904886,-0.08858654271828659,-266.9
2019-07-24 02:00:00,0.22063423126625548,5.1647859739235145,-0.0896860354737008,-180.5
2019-07-24 03:00:00,0.18728410798477313,5.0106352940962555,-0.08944808389358183,-153.2
2019-07-24 04:00:00,0.15362986587405558,4.882801922586371,-0.08939885023519434,-190.7
2019-07-24 05:00:00,0.09178292279822253,4.700480365792417,-0.08972083732497094,-764.2
2019-07-24 06:00:00,0.04541166262050522,4.406719247264253,-0.09020300743996135,-1121.8
2019-07-24 07:00:00,0.01554280988312362,4.007333185232471,-0.08550039275145593,-1675.9
2019-07-24 08:00:00,0.007545400003981406,3.7612001156935624,-0.06932153262659035,-1698.9
2019-07-24 09:00:00,0.02027536151528997,3.9318256327243257,-0.05932095970493734,-1725.4
2019-07-24 10:00:00,0.015866508268200352,4.127134385045092,-0.06398667899499699,-1735.4
2019-07-24 11:00:00,0.028685821696082137,4.2626798770413155,-0.05387838488894925,-1736.7
2019-07-24 12:00:00,0.0006410557179301613,4.356708826689592,-0.059079217971148346,-1752.3
2019-07-24 13:00:00,0.037084320138641935,4.406719247264253,-0.06826642479282796,-1760.6
2019-07-24 14:00:00,0.04621035205205182,4.5217885770490405,-0.06788297465631299,-1763.8
2019-07-24 15:00:00,0.06287544481780438,4.61512051684126,-0.07090494015850801,-1768.4
2019-07-24 16:00:00,0.05540646100581492,4.634728988229636,-0.07131309689919618,-1759.3
2019-07-24 17:00:00,0.055164449575467955,4.653960350157523,-0.06879566897965184,-1764.8
2019-07-24 18:00:00,0.0538088500469347,4.634728988229636,-0.06706767517175738,-1847.4
2019-07-24 19:00:00,0.05454579527896586,4.442651256490317,-0.06559710400841556,-1840.7
2019-07-24 20:00:00,0.04002556630424037,4.51085950651685,-0.07267266128054306,-1854.5
2019-07-24 21:00:00,0.05630865987796163,4.624972813284271,-0.07205614170635855,-1860.0
2019-07-24 22:00:00,0.04856199079556767,4.836281906951478,-0.07045350642240145,-1852.3
2019-07-24 23:00:00,0.11234991475212608,5.10594547390058,-0.07701220373340245,-1491.5
2019-07-25 00:00:00,0.18714812619820487,5.298317366548036,-0.05682125546982242,-933.8
2019-07-25 01:00:00,0.17865852898751422,5.236441962829949,-0.058196138732672154,-369.5
2019-07-25 02:00:00,0.15018673314316944,5.153291594497779,-0.058041323584404836,-195.5
2019-07-25 03:00:00,0.1403538403792277,5.0238805208462765,-0.05813410157173493,-144.8
2019-07-25 04:00:00,0.19375587433266173,4.890349128221754,-0.057363171561060966,-328.4
2019-07-25 05:00:00,0.1591244791927946,4.61512051684126,-0.06296980250478779,-1115.3
2019-07-25 06:00:00,0.09713505736482464,4.02535169073515,-0.07204223309355573,-1087.6
2019-07-25 07:00:00,0.07886145545349343,3.1354942159291497,-0.0710885051592216,-1528.9
2019-07-25 08:00:00,0.08564527482077144,2.1972245773362196,-0.06422155472256019,-1555.4
2019-07-25 09:00:00,0.10485624332941157,2.0794415416798357,-0.05933590902045527,-1591.7
2019-07-25 10:00:00,0.14834026657225374,2.4849066497880004,-0.0577259265955119,-1608.5
2019-07-25 11:00:00,0.12694446811072124,2.8903717578961645,-0.0588521067773069,-1609.1
2019-07-25 12:00:00,0.19661713259363767,3.332204510175204,-0.06822744742882136,-1611.9
2019-07-25 13:00:00,0.17684995636447187,3.6888794541139363,-0.056099802501909046,-1614.4
2019-07-25 14:00:00,0.1704525958758678,4.02535169073515,-0.06699510386773877,-1609.2
2019-07-25 15:00:00,0.08281438421491849,4.2626798770413155,-0.07377071561257509,-1602.8
2019-07-25 16:00:00,0.1327748901042738,4.465908118654584,-0.06941262318253472,-1613.0
2019-07-25 17:00:00,0.10825691183789621,4.553876891600541,-0.06984086802789502,-1610.9
2019-07-25 18:00:00,0.10992165857825587,4.653960350157523,-0.06523852246544681,-1733.2
2019-07-25 19:00:00,0.10430202456698234,4.74493212836325,-0.06291950161901028,-1733.3
2019-07-25 20:00:00,0.11780524203209941,5.0689042022202315,-0.06963412077735054,-1772.9
2019-07-25 21:00:00,0.10929562464734843,5.424950017481403,-0.06572948327297912,-1812.7
2019-07-25 22:00:00,0.09171682868681197,5.720311776607412,-0.06226935490386065,-1880.3
2019-07-25 23:00:00,0.10713760481271528,5.834810737062605,-0.05961050466480078,-1591.7
2019-07-26 00:00:00,0.1276490999817641,5.886104031450156,-0.031730145134114984,-1058.6
2019-07-26 01:00:00,0.12265829276528173,5.8971538676367405,-0.029656118816251187,-458.3
2019-07-26 02:00:00,0.12952867746822871,5.8805329864007,-0.024655805383527962,-438.8
2019-07-26 03:00:00,0.08604463841128984,5.802118375377063,-0.02344467487916546,-386.8
2019-07-26 04:00:00,0.07083318722155374,5.683579767338681,-0.02483722140207245,-334.7
2019-07-26 05:00:00,0.06717703174877965,5.5053315359323625,-0.03806958831055063,-720.9
2019-07-26 06:00:00,0.03583755161524538,5.231108616854587,-0.06171652986204279,-896.7
2019-07-26 07:00:00,0.053047108988356406,4.820281565605037,-0.07351574024761831,-1002.6
2019-07-26 08:00:00,0.08128634566591142,4.356708826689592,-0.0717537152015737,-1173.6
2019-07-26 09:00:00,0.08430029683808327,4.2626798770413155,-0.06737223292183092,-1245.7
2019-07-26 10:00:00,0.19782418626311316,4.330733340286331,-0.05442404791462074,-1309.8
2019-07-26 11:00:00,0.09067885152082233,4.394449154672439,-0.0691363247810024,-1292.8
2019-07-26 12:00:00,0.09948341513543468,4.382026634673881,-0.08561030054878405,-1097.5
2019-07-26 13:00:00,0.07518223175444483,4.343805421853684,-0.08627979065129932,-974.6
2019-07-26 14:00:00,0.07135717793571983,4.31748811353631,-0.0710520893706521,-863.0
2019-07-26 15:00:00,0.06864362368865651,4.290459441148391,-0.07951203457947287,-917.9
2019-07-26 16:00:00,0.1027885243324902,4.30406509320417,-0.06452122799988302,-1053.1
2019-07-26 17:00:00,0.11831709942835822,4.290459441148391,-0.061075702346726324,-1130.3
2019-07-26 18:00:00,0.13024845888777437,4.3694478524670215,-0.058287007588625706,-1384.9
2019-07-26 19:00:00,0.11555229362410291,4.553876891600541,-0.05929833266726181,-1209.8
2019-07-26 20:00:00,0.10309633710747379,4.867534450455582,-0.05497785240534192,-1202.7
2019-07-26 21:00:00,0.10350672206560674,5.0238805208462765,-0.05660199589872583,-1181.2
2019-07-26 22:00:00,0.09040394957584086,5.170483995038151,-0.048413850439718686,-1203.0
2019-07-26 23:00:00,0.037937640775455694,5.272999558563747,-0.0455788259624077,-696.3
2019-07-27 00:00:00,0.0065791179998409,5.204006687076795,-0.06624514362956013,-669.4
2019-07-27 01:00:00,0.005583272419836582,5.0689042022202315,-0.060732989757611655,-276.0
2019-07-27 02:00:00,0.030102941319939625,4.882801922586371,-0.06358624145640945,-18.5
2019-07-27 03:00:00,0.06290091711513712,4.653960350157523,-0.08086647708611583,61.6
2019-07-27 04:00:00,0.09894972666322621,4.465908118654584,-0.07435289321204852,109.1
2019-07-27 05:00:00,0.17104328191984042,4.219507705176107,-0.05949379679542588,164.8
2019-07-27 06:00:00,0.13722315350972547,3.7612001156935624,-0.05569923104083685,204.3
2019-07-27 07:00:00,0.12830285982470802,3.258096538021482,-0.05029265836092023,-155.1
2019-07-27 08:00:00,0.1468024888146937,2.8903717578961645,-0.057924350480427655,-434.7
2019-07-27 09:00:00,0.15185723134330287,2.772588722239781,-0.0682513323166063,-624.9
2019-07-27 10:00:00,0.17780992807955398,2.70805020110221,-0.07366261208044822,-512.2
2019-07-27 11:00:00,0.11716728686312416,2.6390573296152584,-0.07456063764631526,-239.0
2019-07-27 12:00:00,0.16204723790297848,2.6390573296152584,-0.07914846675932186,-117.2
2019-07-27 13:00:00,0.12382982030072398,2.6390573296152584,-0.06835522608582068,10.2
2019-07-27 14:00:00,0.12145183418151095,2.9444389791664403,-0.07615161572295026,12.1
2019-07-27 15:00:00,0.06962845182078725,3.2188758248682006,-0.08992710579157226,25.0
2019-07-27 16:00:00,0.09853460272292702,3.4965075614664802,-0.09020292102740868,-43.4
2019-07-27 17:00:00,0.09585717263230809,3.784189633918261,-0.09336734448271589,-367.7
2019-07-27 18:00:00,0.11674638267670323,4.174387269895637,-0.08107053577350243,-1106.9
2019-07-27 19:00:00,0.11954153119405353,4.59511985013459,-0.07592622287913908,-1328.5
2019-07-27 20:00:00,0.10359871859074321,4.983606621708336,-0.07491976964809322,-1104.4
2019-07-27 21:00:00,0.08331256169674495,5.272999558563747,-0.08412566744713335,-1166.9
2019-07-27 22:00:00,0.0760875250756512,5.455321115357702,-0.08379762009223768,-1035.1
2019-07-27 23:00:00,0.007010501271895286,5.552959584921617,-0.07779382727589912,-234.0
2019-07-28 00:00:00,0.023357647230070278,5.8971538676367405,-0.056195131085146954,-239.4
2019-07-28 01:00:00,0.019296354092856127,6.07073772800249,-0.05839562769548223,-234.2
2019-07-28 02:00:00,-0.03250929542372605,6.171700597410915,-0.0681440469110779,-250.8
2019-07-28 03:00:00,-0.04959110886485396,6.156978985585555,-0.06578844267744088,-253.5
2019-07-28 04:00:00,0.01303845426402317,6.115892125483034,-0.058121661475102115,-234.2
2019-07-28 05:00:00,0.06832049328971035,6.045005314036012,-0.049699129540886844,-182.0
2019-07-28 06:00:00,0.18307058486006866,5.91350300563827,-0.04614537680048514,-104.5
2019-07-28 07:00:00,0.25248362455301177,5.723585101952381,-0.034015828482941934,-113.6
2019-07-28 08:00:00,0.19165515313735337,5.501258210544727,-0.04086442118118594,-49.5
2019-07-28 09:00:00,0.17835085291467534,5.293304824724492,-0.04052543110990747,-100.9
2019-07-28 10:00:00,0.18063770998768325,5.087596335232384,-0.0414567782849149,-142.3
2019-07-28 11:00:00,0.17647194343929673,4.90527477843843,-0.04127450939271515,-119.5
2019-07-28 12:00:00,0.18766001953643086,4.795790545596741,-0.04074818931515889,-63.7
2019-07-28 13:00:00,0.20889392258112016,4.6443908991413725,-0.03812611385740272,-27.3
2019-07-28 14:00:00,0.22669234011458217,4.442651256490317,-0.03416457589481592,-10.2
2019-07-28 15:00:00,0.2519449990901985,4.290459441148391,-0.034519123743830704,0.8
2019-07-28 16:00:00,0.2490810755159072,4.204692619390966,-0.03064535970767235,-39.0
2019-07-28 17:00:00,0.1713163092891694,4.189654742026425,-0.03355557765959727,-183.2
2019-07-28 18:00:00,0.12450805207246018,4.204692619390966,-0.0316434368543268,-624.8
2019-07-28 19:00:00,0.14705817429762336,4.189654742026425,-0.020224834697453176,-896.8
2019-07-28 20:00:00,0.1357902970363254,4.2626798770413155,-0.0169371657733981,-936.4
2019-07-28 21:00:00,0.13477484910231086,4.382026634673881,-0.01305604899429369,-928.9
2019-07-28 22:00:00,0.14200783048874754,4.51085950651685,-0.013274120997248673,-1002.6
2019-07-28 23:00:00,0.14285086471546204,4.718498871295094,-0.011472238826611303,-352.0
2019-07-29 00:00:00,0.13299564610449321,5.170483995038151,0.0004288931064921897,-185.2
2019-07-29 01:00:00,0.16002607915316203,5.267858159063328,-0.00021187223308416492,-187.3
2019-07-29 02:00:00,0.1407936549329336,5.313205979041787,0.009101472722360171,-194.2
2019-07-29 03:00:00,0.14686426664299246,5.402677381872279,0.010071847343508189,-215.3
2019-07-29 04:00:00,0.0679279336554286,5.497168225293202,0.006196938382455386,-205.8
2019-07-29 05:00:00,0.05427797146468594,5.517452896464707,-0.009409601860640215,-501.9
2019-07-29 06:00:00,0.06976103732018535,5.420534999272286,-0.010709017306945512,-1661.5
2019-07-29 07:00:00,0.0841809831981406,5.356586274672012,-0.009352556361738706,-1845.7
2019-07-29 08:00:00,0.08678141031138642,5.327876168789581,-0.008994780508361444,-2436.5
2019-07-29 09:00:00,0.09249075980385113,5.41610040220442,-0.006170790620815048,-2473.2
2019-07-29 10:00:00,0.04015278961132651,5.493061443340548,-0.011439955607700725,-2510.1
2019-07-29 11:00:00,0.10366404513727678,5.583496308781699,-0.010789345928203353,-2544.0
2019-07-29 12:00:00,0.13610606013263338,5.662960480135946,-0.013044912111306317,-2559.9
2019-07-29 13:00:00,0.11611066797332015,5.75890177387728,-0.0009313409443141296,-2582.9
2019-07-29 14:00:00,0.102054205848773,5.8664680569332965,-0.006180232256096652,-2609.8
2019-07-29 15:00:00,0.10639433232930795,5.963579343618446,-0.0013466421475367696,-2614.7
2019-07-29 16:00:00,0.10036397462632429,6.054439346269371,-0.004878712867559365,-2582.5
2019-07-29 17:00:00,0.11059049870061344,6.118097198041348,-0.00647707102185624,-2662.4
2019-07-29 18:00:00,0.09198810152343695,6.161207321695077,-0.0004081790856131917,-2233.6
2019-07-29 19:00:00,0.10168837988646429,6.102558594613569,0.007457726676105558,-2153.7
2019-07-29 20:00:00,0.09672943232609832,6.1463292576688975,0.01778840212783983,-2114.8
2019-07-29 21:00:00,0.09676033016125896,6.135564891081739,0.01736271903387898,-1958.9
2019-07-29 22:00:00,0.08916236888598439,6.089044875446846,0.02281351520338948,-1781.0
2019-07-29 23:00:00,0.07780885198281462,6.063785208687608,0.027423562928571954,-1743.3
2019-07-30 00:00:00,0.11193583113119132,6.113682179832232,0.051358799244563436,-1112.3
2019-07-30 01:00:00,0.10656287742264015,6.102558594613569,0.055397300634822066,-131.9
2019-07-30 02:00:00,0.10974438954883547,6.07073772800249,0.05483431381139692,-112.2
2019-07-30 03:00:00,0.12940744878888566,6.059123195581797,0.05523345909551658,-87.9
2019-07-30 04:00:00,0.14921124745899172,6.052089168924417,0.05189311091455906,-121.3
2019-07-30 05:00:00,0.08984467701437104,6.045005314036012,0.04190139589865538,-1030.9
2019-07-30 06:00:00,0.07101380955863856,6.045005314036012,0.026692805946257003,-1414.0
2019-07-30 07:00:00,0.07348944478730202,6.030685260261263,0.019025341632331383,-1898.2
2019-07-30 08:00:00,0.08490744876447609,5.996452088619021,0.020658814533900838,-1982.8
2019-07-30 09:00:00,0.1023940307314124,6.040254711277414,0.02505393899316033,-2012.3
2019-07-30 10:00:00,0.07048607546231311,6.0867747269123065,0.023317833490299478,-2038.6
2019-07-30 11:00:00,0.10016523340300765,6.104793232414985,0.02649875456802775,-2062.9
2019-07-30 12:00:00,0.0985793334657874,6.113682179832232,0.03514128034913622,-2035.6
2019-07-30 13:00:00,0.10361944146256974,6.1224928095143865,0.021730919427799478,-1962.1
2019-07-30 14:00:00,0.08270117042253,6.1070228877422545,0.03178546939233318,-1840.2
2019-07-30 15:00:00,0.06970875033728374,6.091309882077698,0.026167373994383958,-1829.8
2019-07-30 16:00:00,0.08296144139457606,6.0844994130751715,0.02656695482238014,-1813.4
2019-07-30 17:00:00,0.1233458648525323,6.077642243349034,0.027619342830898397,-1941.0
2019-07-30 18:00:00,0.1302942900127868,6.091309882077698,0.03210917416124914,-2092.3
2019-07-30 19:00:00,0.1284022001690368,6.054439346269371,0.028675153292335942,-2098.3
2019-07-30 20:00:00,0.12952283421431066,6.104793232414985,0.034655969846701495,-2045.4
2019-07-30 21:00:00,0.10889209465157501,6.152732694704104,0.03494372311971006,-1959.4
2019-07-30 22:00:00,0.1260198229209779,6.20050917404269,0.04545984810239112,-1923.7
2019-07-30 23:00:00,0.19380693862393494,6.2166061010848646,0.047385784139279075,-1099.2
2019-07-31 00:00:00,0.19727589997718997,6.302618975744905,0.0293342716572198,-661.2
2019-07-31 01:00:00,0.1633861571349251,6.297109319933935,0.03387261203504366,-93.5
2019-07-31 02:00:00,0.15345883399113713,6.253828811575473,0.034073805798708,-75.6
2019-07-31 03:00:00,0.12340958589307327,6.20455776256869,0.03727355876361216,-30.0
2019-07-31 04:00:00,0.1064067389428387,6.154858094016418,0.03131489716926961,-6.6
2019-07-31 05:00:00,0.07265486678569832,6.102558594613569,0.024489293609838647,-682.7
2019-07-31 06:00:00,0.0928816617021333,6.0063531596017325,0.009042719644722474,-1608.6
2019-07-31 07:00:00,0.08140088256470346,5.883322388488279,0.0008531203922590436,-2188.3
2019-07-31 08:00:00,0.09449244141923341,5.683579767338681,0.004318457301915046,-2402.6
2019-07-31 09:00:00,0.11714091405201188,5.62040086571715,0.004750536705194541,-2381.7
2019-07-31 10:00:00,0.12677002166732043,5.529429087511423,-0.0014983553283123285,-2361.0
2019-07-31 11:00:00,0.15285757166185387,5.43372200355424,0.006559872584657178,-2335.5
2019-07-31 12:00:00,0.1067166962976871,5.327876168789581,0.0053272986780781295,-2307.1
2019-07-31 13:00:00,0.15213137597615045,5.198497031265826,-0.00019891906931412962,-2278.7
2019-07-31 14:00:00,0.1688620712526876,5.0689042022202315,0.003910717362430205,-2269.3
2019-07-31 15:00:00,0.16651299706738598,4.919980925828125,0.0019680827799106737,-2241.6
2019-07-31 16:00:00,0.15536721415378896,4.77912349311153,-0.0013837271267487239,-2231.1
2019-07-31 17:00:00,0.17944879127895863,4.624972813284271,-0.0012375179683603577,-2234.2
2019-07-31 18:00:00,0.19432013678087445,4.418840607796598,0.0042413525330244894,-2233.8
2019-07-31 19:00:00,0.17875102640734397,4.007333185232471,0.002814625518260172,-2222.0
2019-07-31 20:00:00,0.14546259012935092,3.6635616461296463,0.0038790470623135676,-2210.4
2019-07-31 21:00:00,0.15285445828984168,3.4657359027997265,0.00909829481986879,-2188.5
2019-07-31 22:00:00,0.14667741990243321,3.367295829986474,0.017598995075639223,-2178.8
2019-07-31 23:00:00,0.15606029584825087,3.295836866004329,0.018936477742077074,-1163.4
2019-08-01 00:00:00,0.12874195215628736,3.332204510175204,-0.016413991433973152,-216.6
2019-08-01 01:00:00,0.12282325518882731,3.5553480614894135,-0.012166827989906537,432.4
2019-08-01 02:00:00,0.13021645825001604,3.8501476017100584,-0.012114974991437322,424.9
2019-08-01 03:00:00,0.1388554237671924,4.189654742026425,-0.010743040542516624,417.8
2019-08-01 04:00:00,0.19314912728645517,4.356708826689592,-0.008602106191946568,407.5
2019-08-01 05:00:00,0.14696540500880007,4.356708826689592,-0.016471117807716595,-336.2
2019-08-01 06:00:00,0.11365561662774004,4.1588830833596715,-0.051870219195119915,-1656.6
2019-08-01 07:00:00,0.07833077325364668,3.8066624897703196,-0.07345812617902325,-2412.2
2019-08-01 08:00:00,0.08177458956281969,3.4657359027997265,-0.077936189691302,-2447.2
2019-08-01 09:00:00,0.05937909671423336,3.4339872044851463,-0.07630431525265546,-2355.1
2019-08-01 10:00:00,0.08978819908148417,3.6109179126442243,-0.06764407951548357,-2034.9
2019-08-01 11:00:00,0.06693053306585917,3.713572066704308,-0.06722916493594777,-2043.4
2019-08-01 12:00:00,0.13611362379406966,3.8066624897703196,-0.07035599516114299,-1945.2
2019-08-01 13:00:00,0.11183503946135387,3.9512437185814275,-0.05127464234998236,-1946.4
2019-08-01 14:00:00,0.11056926613278817,4.110873864173311,-0.069925846397493,-1856.6
2019-08-01 15:00:00,0.024145211031961544,4.1588830833596715,-0.07266890157658246,-1834.2
2019-08-01 16:00:00,0.07554175191620827,4.343805421853684,-0.0725016546285886,-1880.1
2019-08-01 17:00:00,0.1383460930539231,4.465908118654584,-0.07738721501009671,-2495.2
2019-08-01 18:00:00,0.08320157869093325,4.59511985013459,-0.06965762145863508,-2447.9
2019-08-01 19:00:00,0.08813430448124793,4.700480365792417,-0.06943403586272812,-2453.5
2019-08-01 20:00:00,0.09583513474618321,4.859812404361672,-0.07349727022298769,-2415.3
2019-08-01 21:00:00,0.06753022524486418,4.927253685157205,-0.06990029450017499,-2199.0
2019-08-01 22:00:00,0.06276999306066555,4.941642422609304,-0.04875450124359837,-1658.0
2019-08-01 23:00:00,0.09064167022757541,4.962844630259907,-0.033440127967131694,-958.1
2019-08-02 00:00:00,0.1312426513820184,5.225746673713202,-0.012206036236535489,-406.9
2019-08-02 01:00:00,0.17459212863640605,5.342334251964811,-0.010773278074533543,176.9
2019-08-02 02:00:00,0.19193829881565438,5.420534999272286,-0.007290520745960372,214.6
2019-08-02 03:00:00,0.1615602267945575,5.3706380281276624,-0.009307730686528792,242.8
2019-08-02 04:00:00,0.1459668456092178,5.3230099791384085,-0.01046025922328031,248.3
2019-08-02 05:00:00,0.10189057009363767,5.267858159063328,-0.017289537887487327,-962.5
2019-08-02 06:00:00,0.040153654706929665,5.111987788356544,-0.05393676817577031,-1554.0
2019-08-02 07:00:00,0.007658531056450979,4.983606621708336,-0.06957459494220863,-2251.8
2019-08-02 08:00:00,0.0053171781963805564,4.804021044733257,-0.06866039005513436,-2486.7
2019-08-02 09:00:00,0.028325728314901433,4.718498871295094,-0.06357974662964594,-2495.4
2019-08-02 10:00:00,0.17722364098881727,4.584967478670572,-0.046903036562286005,-2511.6
2019-08-02 11:00:00,0.07426867727909103,4.477336814478207,-0.05787649272209627,-2521.5
2019-08-02 12:00:00,0.08999416785697623,4.418840607796598,-0.06895628380862018,-2449.6
2019-08-02 13:00:00,0.04526825789205713,4.382026634673881,-0.06583073076971768,-2155.2
2019-08-02 14:00:00,0.028159600544906738,4.30406509320417,-0.0551236921670224,-1803.1
2019-08-02 15:00:00,0.02346594684450576,4.248495242049359,-0.06246627698123586,-1831.2
2019-08-02 16:00:00,0.07435374079669588,4.2626798770413155,-0.04548258322234666,-2199.2
2019-08-02 17:00:00,0.10645974983790385,4.30406509320417,-0.043574833247745026,-2393.6
2019-08-02 18:00:00,0.11777148362083789,4.442651256490317,-0.03645382688721721,-2465.2
2019-08-02 19:00:00,0.10322952179564471,4.574710978503383,-0.047474630893911574,-2425.4
2019-08-02 20:00:00,0.0712997597049867,4.718498871295094,-0.04977098838341121,-2439.8
2019-08-02 21:00:00,0.07192622823064809,4.787491742782046,-0.05667678619573291,-2330.7
2019-08-02 22:00:00,0.07369852280764899,4.867534450455582,-0.03656428429104164,-1783.6
2019-08-02 23:00:00,0.04689983688475374,4.890349128221754,-0.025772896619688623,-825.7
2019-08-03 00:00:00,-0.0011498618555960682,4.804021044733257,-0.019952448402740686,-208.5
2019-08-03 01:00:00,0.042285283103522975,4.74493212836325,-0.013782984360035222,-53.1
2019-08-03 02:00:00,0.09342989290144477,4.6913478822291435,-0.013945418423094047,-28.0
2019-08-03 03:00:00,0.1479934891591541,4.727387818712341,-0.02366231516441175,35.2
2019-08-03 04:00:00,0.1980107546743186,4.77912349311153,-0.017361292883154356,80.6
2019-08-03 05:00:00,0.2411233532418282,4.727387818712341,-0.013314623503105416,112.4
2019-08-03 06:00:00,0.16254473856740947,4.584967478670572,-0.0287085352596419,20.9
2019-08-03 07:00:00,0.09076931940859456,4.465908118654584,-0.040477968054086766,-365.0
2019-08-03 08:00:00,0.06077948507327413,4.290459441148391,-0.044535089136768846,-537.1
2019-08-03 09:00:00,0.058075502931976164,4.174387269895637,-0.049262511631019024,-626.8
2019-08-03 10:00:00,0.13630775514326343,4.07753744390572,-0.04794171776157796,-637.4
2019-08-03 11:00:00,0.08160846710257541,4.04305126783455,-0.05287217021425761,-580.0
2019-08-03 12:00:00,0.14863853609957411,4.02535169073515,-0.05532952321723261,-659.4
2019-08-03 13:00:00,0.09921283306168016,3.970291913552122,-0.04547229223990712,-567.8
2019-08-03 14:00:00,0.10114824863511673,3.9512437185814275,-0.04937955716290254,-497.4
2019-08-03 15:00:00,0.052364568246462184,3.8501476017100584,-0.05546708873102002,-474.1
2019-08-03 16:00:00,0.07826339328484355,3.7376696182833684,-0.0560089035701008,-447.9
2019-08-03 17:00:00,0.061537553969646996,3.6888794541139363,-0.06052318030143056,-456.6
2019-08-03 18:00:00,0.06444577860034073,3.6109179126442243,-0.047336986652656066,-743.7
2019-08-03 19:00:00,0.08716445146660723,3.4011973816621555,-0.03508368822891317,-1061.2
2019-08-03 20:00:00,0.09455291670673471,3.4657359027997265,-0.042083940636666206,-1050.0
2019-08-03 21:00:00,0.11261749501096263,3.4965075614664802,-0.04405984122268869,-961.1
2019-08-03 22:00:00,0.14429334095271473,3.6109179126442243,-0.030245080627365972,-1022.5
2019-08-03 23:00:00,0.1019935263935059,3.8066624897703196,-0.010425440752737103,-390.4
2019-08-04 00:00:00,0.13049680173042644,3.6635616461296463,-0.00016176662414135734,54.7
2019-08-04 01:00:00,0.20173708026649528,3.58351893845611,-0.003250799499514123,139.4
2019-08-04 02:00:00,0.2543428572400339,3.58351893845611,-0.009035790079662931,167.8
2019-08-04 03:00:00,0.3045412116013533,3.5263605246161616,-0.0073720348400909685,175.9
2019-08-04 04:00:00,0.35470658248948794,3.5263605246161616,-0.0009212692288071977,197.1
2019-08-04 05:00:00,0.3759198315259047,3.4011973816621555,0.0011074959964512132,206.4
2019-08-04 06:00:00,0.35612574818166687,3.2188758248682006,-0.0064008849567196435,206.8
2019-08-04 07:00:00,0.25372506155638064,2.9444389791664403,-0.012923448148555394,129.3
2019-08-04 08:00:00,0.1494051089579771,2.6390573296152584,-0.023362265532457904,16.2
2019-08-04 09:00:00,0.14033317233906262,2.70805020110221,-0.030851772419257628,-149.8
2019-08-04 10:00:00,0.16447117965628788,2.833213344056216,-0.03412262243641351,-263.6
2019-08-04 11:00:00,0.15598158971364295,3.091042453358316,-0.036809176309021474,-267.1
2019-08-04 12:00:00,0.18324086697405928,3.4339872044851463,-0.038612338261022394,-253.8
2019-08-04 13:00:00,0.18754405802752494,3.784189633918261,-0.036591141109116876,-172.5
2019-08-04 14:00:00,0.21044717127897394,3.970291913552122,-0.03942795948393041,-102.2
2019-08-04 15:00:00,0.2331183628232223,4.060443010546419,-0.04452540194807231,-110.5
2019-08-04 16:00:00,0.22384279517779726,4.174387269895637,-0.04092690582694036,-102.9
2019-08-04 17:00:00,0.11778959636436515,4.343805421853684,-0.04724226741732007,-371.6
2019-08-04 18:00:00,0.07276723416155928,4.418840607796598,-0.042255476896175814,-757.4
2019-08-04 19:00:00,0.11247500384142395,4.382026634673881,-0.03868953831182953,-1163.5
2019-08-04 20:00:00,0.11759159982577483,4.51085950651685,-0.045893403674309496,-1277.2
2019-08-04 21:00:00,0.1338847296957013,4.59511985013459,-0.03827660673094524,-1312.1
2019-08-04 22:00:00,0.12024202810807427,4.663439094112067,-0.024483158817915296,-1212.8
2019-08-04 23:00:00,0.1553893376871298,4.727387818712341,-0.018238708686674876,-766.8
2019-08-05 00:00:00,0.181555840505498,4.812184355372417,-0.02221356587210721,-193.7
2019-08-05 01:00:00,0.2291410731320216,4.867534450455582,-0.022999396212927792,-30.7
2019-08-05 02:00:00,0.25670120572703725,4.859812404361672,-0.013128525360401433,-33.2
2019-08-05 03:00:00,0.2476363872109495,4.820281565605037,-0.013301033534429685,-38.8
2019-08-05 04:00:00,0.15274372951983617,4.770684624465665,-0.029649457972930726,-40.3
2019-08-05 05:00:00,0.1306591562679369,4.59511985013459,-0.034935242279346745,-526.6
2019-08-05 06:00:00,0.10090792717299157,4.30406509320417,-0.037808855088441895,-1371.6
2019-08-05 07:00:00,0.07977893000576186,4.007333185232471,-0.04381383786380422,-2027.4
2019-08-05 08:00:00,0.24920015235279225,3.713572066704308,-0.04880381160321967,-2084.9
2019-08-05 09:00:00,0.2687170419474665,3.6109179126442243,-0.0495831135666851,-2056.4
2019-08-05 10:00:00,0.23153187593486946,3.6109179126442243,-0.04464972574014148,-2048.8
2019-08-05 11:00:00,0.2574396304858517,3.58351893845611,-0.04247774070428889,-2039.0
2019-08-05 12:00:00,0.14723282622482392,3.5553480614894135,-0.0426851566483446,-1993.6
2019-08-05 13:00:00,0.16334646007916165,3.4965075614664802,-0.035933209632696084,-1508.0
2019-08-05 14:00:00,0.08588769759999737,3.4339872044851463,-0.04308415107047647,-1242.9
2019-08-05 15:00:00,0.10442432368902832,3.4657359027997265,-0.04143906287467569,-1251.8
2019-08-05 16:00:00,0.11514905804300613,3.5263605246161616,-0.04105906345821708,-1316.8
2019-08-05 17:00:00,0.1177756789633877,3.58351893845611,-0.04491762974239677,-1945.1
2019-08-05 18:00:00,0.1290761270691001,3.6635616461296463,-0.046237797283537496,-2021.9
2019-08-05 19:00:00,0.10730559447184351,3.7376696182833684,-0.04666962741142733,-1989.2
2019-08-05 20:00:00,0.09969304093152864,3.9889840465642745,-0.03956055129889435,-1970.2
2019-08-05 21:00:00,0.1010163386169709,4.204692619390966,-0.03749218104607088,-1903.3
2019-08-05 22:00:00,0.11860236899821386,4.356708826689592,-0.04257003161270223,-1384.7
2019-08-05 23:00:00,0.06556800904951343,4.31748811353631,-0.029140964187546636,-684.0
2019-08-06 00:00:00,0.10523163084263265,4.127134385045092,-0.032618105148211285,-274.6
2019-08-06 01:00:00,0.11456300993400026,4.189654742026425,-0.030741283777731887,153.2
2019-08-06 02:00:00,0.11205307368253203,4.189654742026425,-0.033805988828617295,152.6
2019-08-06 03:00:00,0.13713548436322398,4.127134385045092,-0.036069101756925015,173.4
2019-08-06 04:00:00,0.1410412553089877,4.1588830833596715,-0.03572063158182637,169.6
2019-08-06 05:00:00,0.08596727877592247,4.1588830833596715,-0.037002949602607416,-258.3
2019-08-06 06:00:00,0.010992683979669238,4.060443010546419,-0.05058907576264726,-796.4
2019-08-06 07:00:00,0.03154196928668451,3.871201010907891,-0.054704611574069695,-1655.2
2019-08-06 08:00:00,0.030515854330181558,3.6109179126442243,-0.05144734039490473,-1859.3
2019-08-06 09:00:00,0.06391072039974999,3.5553480614894135,-0.04617310218131632,-1854.0
2019-08-06 10:00:00,0.008689439778096553,3.5553480614894135,-0.04144911093331505,-1521.6
2019-08-06 11:00:00,0.01594272853011569,3.58351893845611,-0.03775520780063957,-1450.9
2019-08-06 12:00:00,0.00048376851777076624,3.6375861597263857,-0.027915900988264575,-810.4
2019-08-06 13:00:00,0.001300559441982152,3.713572066704308,-0.038862897132696084,-781.6
2019-08-06 14:00:00,0.002233359307551641,3.8066624897703196,-0.03884977632108466,-758.6
2019-08-06 15:00:00,-0.010125234037716258,3.970291913552122,-0.04565443187136431,-759.2
2019-08-06 16:00:00,0.011307533888200272,4.143134726391533,-0.04954209445244295,-786.4
2019-08-06 17:00:00,0.07348403373238455,4.30406509320417,-0.047598690533049215,-1574.6
2019-08-06 18:00:00,0.08078373127737004,4.394449154672439,-0.04876309607846352,-1826.6
2019-08-06 19:00:00,0.0721401203991614,4.290459441148391,-0.05473365262366503,-1765.7
2019-08-06 20:00:00,0.06406751776346775,4.430816798843313,-0.052210402166798175,-1635.9
2019-08-06 21:00:00,0.06426041487166723,4.574710978503383,-0.05150158373112923,-1612.2
2019-08-06 22:00:00,0.09439467871458929,4.6443908991413725,-0.033166607297761885,-1160.3
2019-08-06 23:00:00,0.1949915605916499,4.59511985013459,-0.031456461626905075,-762.6
2019-08-07 00:00:00,0.19817472349395038,4.418840607796598,-0.03420982853794108,-129.9
2019-08-07 01:00:00,0.15089797290318607,4.204692619390966,-0.03501762896399274,285.9
2019-08-07 02:00:00,0.18293956944593814,3.9889840465642745,-0.03950219116505149,300.4
2019-08-07 03:00:00,0.16185192296156314,3.9512437185814275,-0.041209349676367246,301.8
2019-08-07 04:00:00,0.1211580741231626,3.9318256327243257,-0.043548109879254504,206.9
2019-08-07 05:00:00,0.06632088228311783,3.784189633918261,-0.039347994816167464,-275.0
2019-08-07 06:00:00,0.03570643538759111,3.5263605246161616,-0.04168168737750566,-969.8
2019-08-07 07:00:00,0.04956318862968567,3.332204510175204,-0.040865839416090566,-1650.4
2019-08-07 08:00:00,0.027188100339763377,3.4011973816621555,-0.03248113692376364,-1782.0
2019-08-07 09:00:00,0.05264738989054463,3.58351893845611,-0.02575239934496487,-1779.4
2019-08-07 10:00:00,0.058977047938165494,3.7376696182833684,-0.024889967517600198,-1736.0
2019-08-07 11:00:00,0.07353184553823011,3.828641396489095,-0.01432671316121592,-1737.7
2019-08-07 12:00:00,-0.0007155957668931734,3.912023005428146,-0.01261234207082751,-1520.5
2019-08-07 13:00:00,0.044520585423298176,3.9889840465642745,-0.012438795642600198,-1021.3
2019-08-07 14:00:00,0.012693834013836724,4.007333185232471,-0.01608881749682034,-640.5
2019-08-07 15:00:00,0.03875713024807892,4.04305126783455,-0.014245636178002563,-678.0
2019-08-07 16:00:00,0.05517408368458199,4.07753744390572,-0.02158157583364062,-779.1
2019-08-07 17:00:00,0.09326195326133124,4.143134726391533,-0.018825617403692263,-1454.0
2019-08-07 18:00:00,0.06160770287800865,4.174387269895637,-0.020480788127231975,-1632.0
2019-08-07 19:00:00,0.061618452685686886,3.8066624897703196,-0.03006309816185837,-1629.6
2019-08-07 20:00:00,0.03693355143355248,3.912023005428146,-0.034158129039942864,-1620.7
2019-08-07 21:00:00,0.04432260604018001,4.007333185232471,-0.0294641440545913,-1569.0
2019-08-07 22:00:00,0.03059486451826343,4.0943445622221,-0.017534671945923286,-1234.2
2019-08-07 23:00:00,0.07735158371255757,4.07753744390572,-0.02277604176163628,-831.8
2019-08-08 00:00:00,0.062492566615087064,4.454347296253507,-0.035634481374080096,-152.9
2019-08-08 01:00:00,0.05191023853632659,4.48863636973214,-0.03862035443812406,285.6
2019-08-08 02:00:00,0.06396707270881574,4.51085950651685,-0.045858723289798675,297.4
2019-08-08 03:00:00,0.07485352727356931,4.532599493153256,-0.04936691691293671,292.1
2019-08-08 04:00:00,0.1384275725207016,4.553876891600541,-0.053262877019367494,256.2
2019-08-08 05:00:00,0.09976293524245827,4.564348191467836,-0.04759754995532628,-302.4
2019-08-08 06:00:00,0.032557499885260466,4.51085950651685,-0.03553888180889864,-728.7
2019-08-08 07:00:00,0.07226873557090707,4.477336814478207,-0.023290867461003728,-1616.2
2019-08-08 08:00:00,-0.025335270537121257,4.465908118654584,-0.012739990134759793,-1283.2
2019-08-08 09:00:00,0.008371061263113155,4.465908118654584,-0.0071037810092731135,-1065.4
2019-08-08 10:00:00,0.07672256270263711,4.477336814478207,0.0030673007291683874,-1050.8
2019-08-08 11:00:00,0.044140346795017216,4.454347296253507,0.006435970100787891,-959.0
2019-08-08 12:00:00,0.12243692173766929,4.418840607796598,0.005880808774715085,-924.4
2019-08-08 13:00:00,0.09165246826400741,4.394449154672439,0.02349859205246929,-828.9
2019-08-08 14:00:00,0.08333611567442922,4.30406509320417,0.003363338260263582,-598.1
2019-08-08 15:00:00,-0.008029825326875795,4.23410650459726,0.001513395152594299,-541.2
2019-08-08 16:00:00,0.02993456153867502,4.189654742026425,-0.002882020350828185,-546.1
2019-08-08 17:00:00,-0.0063556975754028855,4.174387269895637,-7.828728148773223e-05,-598.7
2019-08-08 18:00:00,-0.011316558767608065,4.204692619390966,-0.0026274591395321067,-664.3
2019-08-08 19:00:00,0.06169272624946043,4.02535169073515,-0.011105483812971606,-1635.6
2019-08-08 20:00:00,0.09206154536254374,4.0943445622221,-0.01681027654498113,-1705.7
2019-08-08 21:00:00,0.10071937626220828,4.189654742026425,-0.01115079042798417,-1691.0
2019-08-08 22:00:00,0.08472720921700372,4.356708826689592,-0.006643015893470938,-1459.6
2019-08-08 23:00:00,0.052299137379751226,4.454347296253507,-0.013852994691826659,-1111.6
2019-08-09 00:00:00,0.056543394744112074,4.477336814478207,-0.011081809024254596,-311.5
2019-08-09 01:00:00,0.06920304195816351,4.5217885770490405,-0.01764615736229569,20.2
2019-08-09 02:00:00,0.07458056537561752,4.574710978503383,-0.013060877207297317,51.7
2019-08-09 03:00:00,0.0539415463282924,4.574710978503383,-0.016308926145511826,43.7
2019-08-09 04:00:00,0.02710054626917957,4.543294782270004,-0.023363664059187883,63.5
2019-08-09 05:00:00,0.0339359901734424,4.382026634673881,-0.025358745935935012,-503.2
2019-08-09 06:00:00,0.07600152316253306,4.02535169073515,-0.021360597741158394,-1539.3
2019-08-09 07:00:00,0.12598237036021587,3.58351893845611,-0.023876093355498895,-1897.0
2019-08-09 08:00:00,0.15523316827213796,3.258096538021482,-0.0024376034419981707,-2161.1
2019-08-09 09:00:00,0.06731883249940696,3.1354942159291497,0.007385981716795165,-1697.2
2019-08-09 10:00:00,0.13055887613169892,3.091042453358316,0.03586924972157668,-1321.7
2019-08-09 11:00:00,0.012596264459292073,2.995732273553991,0.00901175800768872,-1222.7
2019-08-09 12:00:00,0.04231423565106596,2.8903717578961645,0.013121012562703704,-1162.7
2019-08-09 13:00:00,0.017014320997575272,2.772588722239781,0.010030346288807834,-1054.1
2019-08-09 14:00:00,0.022660961346989694,2.70805020110221,0.01722087027184127,-797.8
2019-08-09 15:00:00,0.005655366923299265,2.70805020110221,0.002524104861826082,-685.1
2019-08-09 16:00:00,0.014467510074757328,2.70805020110221,0.019313371305756277,-549.3
2019-08-09 17:00:00,0.053256983402089286,2.70805020110221,0.021794969710245304,-1001.3
2019-08-09 18:00:00,0.11639817143429765,2.772588722239781,0.020533104486393228,-1648.1
2019-08-09 19:00:00,0.08800139573320553,2.833213344056216,0.006482476408296023,-1580.9
2019-08-09 20:00:00,0.012935563572934683,3.367295829986474,0.004072243637411432,-1012.5
2019-08-09 21:00:00,-0.02603295974525377,3.9318256327243257,-0.006245932568841539,-728.9
2019-08-09 22:00:00,-0.0692702241758214,4.343805421853684,-0.0012853718553635929,-600.3
2019-08-09 23:00:00,-0.06520898245621787,4.564348191467836,0.00165614055037544,10.4
2019-08-10 00:00:00,-0.11205847994237095,4.912654885736052,-0.014260913402952546,467.9
2019-08-10 01:00:00,-0.0536278037796305,5.017279836814924,-0.011481487371756138,458.5
2019-08-10 02:00:00,-0.021466380482547454,5.075173815233827,-0.018623789529194745,447.5
2019-08-10 03:00:00,0.005565037731839251,5.14166355650266,-0.029618258917262885,442.8
2019-08-10 04:00:00,0.02572891232854735,5.231108616854587,-0.04137205020793999,425.0
2019-08-10 05:00:00,0.054408744155600264,5.241747015059643,-0.0287451967297514,422.0
2019-08-10 06:00:00,-0.006897635067424357,5.117993812416755,-0.036910104373059305,470.1
2019-08-10 07:00:00,-0.03148215924119402,4.9344739331306915,-0.026872315998308416,516.4
2019-08-10 08:00:00,-0.03983083320936487,4.795790545596741,-0.01624158049415758,543.7
2019-08-10 09:00:00,-0.039124203163573235,4.948759890378168,-0.01128326356580267,540.8
2019-08-10 10:00:00,0.036145088665447744,5.1298987149230735,-0.01332892850257128,516.6
2019-08-10 11:00:00,-0.01729310734065459,5.272999558563747,-0.02336528770481916,473.7
2019-08-10 12:00:00,0.04502405710150503,5.389071729816501,-0.030011715232942215,441.4
2019-08-10 13:00:00,-0.009446138725909048,5.472270673671475,-0.026383695677385077,413.5
2019-08-10 14:00:00,-0.008357202564695854,5.545177444479562,-0.02906886431533895,387.2
2019-08-10 15:00:00,-0.05869478440995701,5.579729825986222,-0.03517808524499699,377.1
2019-08-10 16:00:00,-0.02826920409547773,5.58724865840025,-0.029510267795767042,383.8
2019-08-10 17:00:00,-0.03654854906892835,5.602118820879701,-0.026835784317755795,412.7
2019-08-10 18:00:00,-0.059108596222264165,5.616771097666572,-0.02089440952913968,220.9
2019-08-10 19:00:00,-0.10170233457464617,5.4510384535657,-0.011036528446079608,-869.4
2019-08-10 20:00:00,-0.09314631132133844,5.556828061699537,-0.01885163914339749,-907.3
2019-08-10 21:00:00,-0.111820315520617,5.627621113690637,-0.011304667834049376,-855.8
2019-08-10 22:00:00,-0.10495941104974849,5.68697535633982,-0.005605376690216879,-843.8
2019-08-10 23:00:00,-0.10749900929947831,5.69035945432406,-0.0005946679696089419,290.4
2019-08-11 00:00:00,-0.16950504747518957,5.796057750765372,-0.019425818439414932,283.8
2019-08-11 01:00:00,-0.3857341769686027,5.746203190540153,-0.025255161550545857,282.1
2019-08-11 02:00:00,-0.6910728591056929,5.66988092298052,-0.03248352316123526,294.9
2019-08-11 03:00:00,-0.7696277772273987,5.564520407322694,-0.03577631127102787,314.9
2019-08-11 04:00:00,-0.6829319500530207,5.442417710521793,-0.035386950346858015,338.4
2019-08-11 05:00:00,-0.6093050329588596,5.313205979041787,-0.040739613939049235,371.6
2019-08-11 06:00:00,-0.5635128274621723,5.123963979403259,-0.04276852912759477,414.6
2019-08-11 07:00:00,-0.33269734665392425,4.8283137373023015,-0.0426739260304041,455.2
2019-08-11 08:00:00,-0.1350943019969124,4.672828834461906,-0.0365783169239835,506.0
2019-08-11 09:00:00,-0.0738298809018545,4.859812404361672,-0.028710443977914224,494.3
2019-08-11 10:00:00,-0.022306957959539186,5.093750200806762,-0.024633884927712124,455.4
2019-08-11 11:00:00,-0.029342972340081097,5.332718793265369,-0.02836139639708879,410.6
2019-08-11 12:00:00,-0.03534828897042708,5.564520407322694,-0.030182362100563687,381.0
2019-08-11 13:00:00,-0.02325832166887043,5.7430031878094825,-0.022812438752952247,329.7
2019-08-11 14:00:00,-0.006987515814915302,5.814130531825066,-0.02666182866089528,159.9
2019-08-11 15:00:00,0.04475820214156023,5.808142489980444,-0.0328417852395857,159.1
2019-08-11 16:00:00,0.0418279398124084,5.786897381366708,-0.02205842152255766,185.5
2019-08-11 17:00:00,-0.027289099895496882,5.749392985908253,-0.01913005696086323,19.8
2019-08-11 18:00:00,-0.03292683720316214,5.673323267171493,-0.020207339674413127,-296.3
2019-08-11 19:00:00,-0.011577644828554945,5.54907608489522,-0.017833725030991232,-1186.4
2019-08-11 20:00:00,-0.012849832702532371,5.583496308781699,-0.026925500967498905,-1203.0
2019-08-11 21:00:00,-0.00604995905941097,5.602118820879701,-0.01843261353267245,-1205.1
2019-08-11 22:00:00,0.02369920485289212,5.602118820879701,-0.019149812842552905,-1227.6
2019-08-11 23:00:00,0.05335853520075062,5.556828061699537,-0.031542674313038255,-281.1
2019-08-12 00:00:00,0.05244123883956453,5.501258210544727,-0.06630423380643169,336.0
2019-08-12 01:00:00,0.023730388419371362,5.497168225293202,-0.07265498665878845,381.2
2019-08-12 02:00:00,0.0037046912631466533,5.43372200355424,-0.06393685368607116,399.0
2019-08-12 03:00:00,-0.037132354702474224,5.313205979041787,-0.06794645661323884,424.4
2019-08-12 04:00:00,-0.1172562415313938,5.181783550292085,-0.08763671562327957,185.3
2019-08-12 05:00:00,-0.06564219652288683,5.075173815233827,-0.07970125614905399,-891.9
2019-08-12 06:00:00,-0.020938974743915928,4.9344739331306915,-0.039968683141871963,-1119.5
2019-08-12 07:00:00,-0.03417691117002608,4.787491742782046,-0.02033139081039259,-1451.0
2019-08-12 08:00:00,-0.07067660914198681,4.736198448394496,-0.02194988566536704,-1371.7
2019-08-12 09:00:00,-0.07704870289091215,4.736198448394496,-0.024016332594677614,-848.6
2019-08-12 10:00:00,-0.11399019620626127,4.74493212836325,-0.01727753786422248,-743.4
2019-08-12 11:00:00,-0.05306101951546749,4.727387818712341,-0.01698616430321298,-753.7
2019-08-12 12:00:00,-0.017552112811734855,4.663439094112067,-0.017243471302483826,-637.8
2019-08-12 13:00:00,-0.047489567237893215,4.624972813284271,-0.014150170116584704,-597.8
2019-08-12 14:00:00,-0.05486630269235615,4.624972813284271,-0.022177466251163125,-524.3
2019-08-12 15:00:00,-0.06240415465620419,4.663439094112067,-0.020532378055362344,-729.2
2019-08-12 16:00:00,-0.033858700449505896,4.709530201312334,-0.020297072009787698,-999.2
2019-08-12 17:00:00,-0.013071063500781133,4.709530201312334,-0.020249383326902404,-1340.8
2019-08-12 18:00:00,-0.03901243707968538,4.6443908991413725,-0.026217108552641477,-1464.3
2019-08-12 19:00:00,-0.033149790425706094,4.477336814478207,-0.028523968243373332,-1452.3
2019-08-12 20:00:00,-0.03820797694663591,4.543294782270004,-0.028409903579385443,-1460.3
2019-08-12 21:00:00,-0.028320281634135913,4.532599493153256,-0.02134652254468339,-1452.2
2019-08-12 22:00:00,-0.008155548341911345,4.499809670330265,-0.040455865920367096,-1369.1
2019-08-12 23:00:00,-0.03293260718420088,4.465908118654584,-0.05551611944194068,-922.4
2019-08-13 00:00:00,0.0015597004660414804,4.204692619390966,-0.06271296894701983,-541.7
2019-08-13 01:00:00,0.00811517030816633,4.1588830833596715,-0.07209389744649197,268.5
2019-08-13 02:00:00,0.0021970836343263578,4.110873864173311,-0.07565309876411774,262.8
2019-08-13 03:00:00,0.035478843936635585,4.04305126783455,-0.07698937154628815,263.4
2019-08-13 04:00:00,0.0383356618646955,3.9889840465642745,-0.07920574352156518,-135.2
2019-08-13 05:00:00,0.0002547719520138436,3.9512437185814275,-0.07118423832728826,-1082.2
2019-08-13 06:00:00,0.004116303898102469,3.9512437185814275,-0.048403282542667014,-1346.4
2019-08-13 07:00:00,-0.03545711745488456,3.9889840465642745,-0.027787872697761173,-1383.1
2019-08-13 08:00:00,0.005851702172694928,4.04305126783455,-0.020273373090110347,-1526.7
2019-08-13 09:00:00,-0.009690041486956957,4.07753744390572,-0.014487283107175841,-1410.3
2019-08-13 10:00:00,-0.0859774769928614,4.174387269895637,-0.010012337509750502,-1274.5
2019-08-13 11:00:00,-0.0830573132069583,4.290459441148391,-0.003387564296431833,-1086.1
2019-08-13 12:00:00,-0.05771540355712235,4.23410650459726,0.009161516794634395,-742.1
2019-08-13 13:00:00,-0.05769916357308791,4.1588830833596715,-0.0024952529618218477,-721.0
2019-08-13 14:00:00,-0.07424695592321529,4.143134726391533,-0.008078117654330974,-649.7
2019-08-13 15:00:00,-0.09470470874125692,4.174387269895637,-0.007016639165950522,-673.9
2019-08-13 16:00:00,-0.09010144506392015,4.174387269895637,-0.013574181376884376,-603.7
2019-08-13 17:00:00,-0.086370900671358,4.189654742026425,-0.011845130583252761,-711.5
2019-08-13 18:00:00,-0.06818637929165128,4.276666119016055,-0.022525465861606975,-1559.5
2019-08-13 19:00:00,-0.049093744414955065,4.174387269895637,-0.03230661683622138,-1760.7
2019-08-13 20:00:00,-0.04006122857739847,4.189654742026425,-0.02863165734386186,-1752.8
2019-08-13 21:00:00,-0.044074844006223746,4.060443010546419,-0.027922838908192915,-1706.5
2019-08-13 22:00:00,0.0007004432425126161,3.970291913552122,-0.032110083163561676,-1376.2
2019-08-13 23:00:00,0.08220735637738041,3.871201010907891,-0.04467251301843067,-1154.5
2019-08-14 00:00:00,0.041756271216389695,3.6109179126442243,-0.05958604603131601,-40.7
2019-08-14 01:00:00,-0.02428265818784414,3.4965075614664802,-0.06444882913821015,66.3
2019-08-14 02:00:00,-0.04644545519646659,3.367295829986474,-0.06451838551411893,70.6
2019-08-14 03:00:00,-0.07317685563825105,3.367295829986474,-0.0640057777687506,68.8
2019-08-14 04:00:00,-0.06323904507972644,3.4011973816621555,-0.06642689226418597,68.9
2019-08-14 05:00:00,-0.07487864519706244,3.367295829986474,-0.06050036982139417,-364.4
2019-08-14 06:00:00,-0.04827543004270307,3.258096538021482,-0.050405843037844456,-1148.9
2019-08-14 07:00:00,-0.09483574139320394,3.2188758248682006,-0.03983224759280812,-1641.6
2019-08-14 08:00:00,-0.11957920276828204,3.2188758248682006,-0.03348565734976905,-1871.4
2019-08-14 09:00:00,-0.12205541991625957,3.258096538021482,-0.029704973660789058,-1523.8
2019-08-14 10:00:00,-0.13450260530013924,3.295836866004329,-0.029794342232690063,-1060.5
2019-08-14 11:00:00,-0.13998871555037606,3.367295829986474,-0.017266450702140723,-1210.2
2019-08-14 12:00:00,-0.17717203310844942,3.5263605246161616,-0.015534896513428542,-1279.1
2019-08-14 13:00:00,-0.15304258733927378,3.6635616461296463,-0.016360369295782107,-1237.1
2019-08-14 14:00:00,-0.1386373526799103,3.713572066704308,-0.022023553016635056,-1205.7
2019-08-14 15:00:00,-0.12569347575805523,3.7376696182833684,-0.01917418237915136,-1177.2
2019-08-14 16:00:00,-0.1289088331439192,3.7612001156935624,-0.027539885417271037,-1203.3
2019-08-14 17:00:00,-0.06891117177212003,3.7612001156935624,-0.027705794160551633,-1764.7
2019-08-14 18:00:00,-0.07442385553336095,3.8066624897703196,-0.03250498109403388,-1794.6
2019-08-14 19:00:00,-0.06890472293004679,3.7612001156935624,-0.04120245385256549,-1789.9
2019-08-14 20:00:00,-0.08448777237445793,3.871201010907891,-0.041282841112067814,-1783.2
2019-08-14 21:00:00,-0.06385010471641506,3.9512437185814275,-0.038633846614444245,-1762.3
2019-08-14 22:00:00,-0.046546779833092966,4.060443010546419,-0.03958280916768597,-1568.5
2019-08-14 23:00:00,-0.01044318540487632,4.1588830833596715,-0.046873593340696296,-1333.0
2019-08-15 00:00:00,-0.038009148108257396,4.30406509320417,-0.05639647282250948,-80.9
2019-08-15 01:00:00,-0.06583746704886284,4.406719247264253,-0.06101374745888055,276.7
2019-08-15 02:00:00,-0.11357142064453951,4.442651256490317,-0.06256555579152412,435.2
2019-08-15 03:00:00,-0.15366927316037637,4.5217885770490405,-0.06379024387404186,427.1
2019-08-15 04:00:00,-0.14305555080473376,4.624972813284271,-0.0641391171635064,399.3
2019-08-15 05:00:00,-0.08048540350299005,4.718498871295094,-0.060561785742041074,-3.8
2019-08-15 06:00:00,-0.0790408986487634,4.770684624465665,-0.05077312638074716,-251.8
2019-08-15 07:00:00,-0.12058517361621357,4.820281565605037,-0.04077203241582161,-894.0
2019-08-15 08:00:00,-0.13269879137138352,4.8283137373023015,-0.03972813485240678,-1184.5
2019-08-15 09:00:00,-0.11500795989739121,4.852030263919617,-0.039602948402227334,-1408.1
2019-08-15 10:00:00,-0.04672162838848459,4.852030263919617,-0.031165870913073768,-1406.3
2019-08-15 11:00:00,-0.07098398630526104,4.852030263919617,-0.031710464250588544,-1379.7
2019-08-15 12:00:00,-0.0050323334330237834,4.90527477843843,-0.03200618978627734,-1458.9
2019-08-15 13:00:00,-0.03367848808190077,4.983606621708336,-0.010701125902815356,-1409.3
2019-08-15 14:00:00,-0.0374229697952555,5.003946305945459,-0.03210836089753677,-1550.6
2019-08-15 15:00:00,-0.11614042865812513,4.990432586778736,-0.028896010295200725,-1601.2
2019-08-15 16:00:00,-0.0712059287796305,4.983606621708336,-0.032557788496944795,-1554.5
2019-08-15 17:00:00,-0.10166587737972765,4.955827057601261,-0.03348021366573661,-1578.0
2019-08-15 18:00:00,-0.09516602481826686,4.941642422609304,-0.03659675919774674,-1923.9
2019-08-15 19:00:00,-0.0532832481078076,4.672828834461906,-0.04035618242987393,-1938.0
2019-08-15 20:00:00,-0.03635199097339514,4.804021044733257,-0.04217947067044037,-1942.8
2019-08-15 21:00:00,-0.06298833459835151,4.867534450455582,-0.040609497579109366,-1412.2
2019-08-15 22:00:00,-0.07101086944166335,4.897839799950911,-0.04232361091330805,-1538.6
2019-08-15 23:00:00,-0.0819820490866019,4.882801922586371,-0.04560169300640737,-435.7
2019-08-16 00:00:00,-0.09581479925332781,4.718498871295094,-0.05471674492112477,-107.7
2019-08-16 01:00:00,-0.10073832377541869,4.499809670330265,-0.05512126852884247,238.8
2019-08-16 02:00:00,-0.0908691121727907,4.290459441148391,-0.04600503292665081,278.0
2019-08-16 03:00:00,-0.10654153077293715,4.07753744390572,-0.044814419143438755,286.7
2019-08-16 04:00:00,-0.09538611465882996,3.828641396489095,-0.04846958519026501,264.2
2019-08-16 05:00:00,-0.11856102103857324,3.4965075614664802,-0.05710744425051484,-277.8
2019-08-16 06:00:00,-0.11046852681371311,3.044522437723423,-0.04843317695879179,-367.0
2019-08-16 07:00:00,-0.08165699441802854,2.70805020110221,-0.044389633188601785,-1805.8
2019-08-16 08:00:00,-0.04281718960412251,2.6390573296152584,-0.030996905350459514,-2251.9
2019-08-16 09:00:00,-0.027649953275997508,2.9444389791664403,-0.03438794052884209,-2238.7
2019-08-16 10:00:00,0.029869235791907034,3.258096538021482,-0.010027906970725198,-1905.5
2019-08-16 11:00:00,-0.10940357020249936,3.713572066704308,-0.03276216423794853,-1406.0
2019-08-16 12:00:00,-0.08184131725725541,4.143134726391533,-0.030989685884769358,-1145.1
2019-08-16 13:00:00,-0.11633909451433411,4.5217885770490405,-0.03261177297719531,-1057.5
2019-08-16 14:00:00,-0.12391613144904445,4.890349128221754,-0.026752995037806926,-1014.8
2019-08-16 15:00:00,-0.13429641883164178,5.187385805840755,-0.03696770021263962,-779.7
2019-08-16 16:00:00,-0.12254533361541631,5.41610040220442,-0.024085944228799505,-766.2
2019-08-16 17:00:00,-0.05452962620969526,5.517452896464707,-0.028338378005654974,-1791.3
2019-08-16 18:00:00,-0.02481925015925679,5.5053315359323625,-0.024183734295402992,-2057.1
2019-08-16 19:00:00,-0.03626507663994527,5.480638923341991,-0.03087673948487346,-1979.7
2019-08-16 20:00:00,-0.05146828649851143,5.697093486505405,-0.031847472194506565,-1971.2
2019-08-16 21:00:00,-0.04126778601023018,5.8916442118257715,-0.03640942579585538,-2036.4
2019-08-16 22:00:00,-0.05076156345593574,6.049733455231958,-0.034390370391421676,-977.8
2019-08-16 23:00:00,-0.17699437128942597,6.091309882077698,-0.04146828608337927,-202.2
2019-08-17 00:00:00,-0.19109796288110248,6.077642243349034,-0.03374577053507721,-7.8
2019-08-17 01:00:00,-0.2893245802015758,6.016157159698354,-0.033562570447011275,264.5
2019-08-17 02:00:00,-0.3867700895741195,5.921578419643816,-0.03398144518351476,273.1
2019-08-17 03:00:00,-0.5584907789323288,5.808142489980444,-0.036812534551289744,304.6
2019-08-17 04:00:00,-0.7979797626193359,5.700443573390687,-0.040157720975537714,337.7
2019-08-17 05:00:00,-0.6796665260920651,5.572154032177765,-0.03715365467915799,363.2
2019-08-17 06:00:00,-0.2380777450649667,5.43372200355424,-0.046366439615095345,409.9
2019-08-17 07:00:00,-0.13818383733161443,5.342334251964811,-0.04276368333494318,437.2
2019-08-17 08:00:00,-0.13128918996657823,5.327876168789581,-0.03574382372559892,321.5
2019-08-17 09:00:00,-0.1214811909720881,5.393627546352362,-0.03326217028457723,154.5
2019-08-17 10:00:00,-0.043158588951357935,5.4638318050256105,-0.03416301540541333,113.3
2019-08-17 11:00:00,-0.1012686592907599,5.58724865840025,-0.04117613045106694,163.2
2019-08-17 12:00:00,-0.07501250063532172,5.707110264748875,-0.04576007220108114,364.5
2019-08-17 13:00:00,-0.12527295743650013,5.823045895483019,-0.03800559088337074,349.8
2019-08-17 14:00:00,-0.13005076753761546,5.910796644040527,-0.038638315331490425,337.3
2019-08-17 15:00:00,-0.17683687360508005,5.993961427306569,-0.04687412500818766,316.3
2019-08-17 16:00:00,-0.1423762242631006,6.082218910376446,-0.04426290627080487,249.1
2019-08-17 17:00:00,-0.1130114130701414,6.144185634125646,-0.04353763393568677,-2.9
2019-08-17 18:00:00,-0.11110629013836704,6.19644412779452,-0.04305890526157796,-169.9
2019-08-17 19:00:00,-0.08392538384568704,6.113682179832232,-0.042518666716431675,-905.2
2019-08-17 20:00:00,-0.06501628486221556,6.214608098422191,-0.04422297888541493,-951.3
2019-08-17 21:00:00,-0.027871491591882958,6.270988431858299,-0.03763583626133382,-1059.6
2019-08-17 22:00:00,-0.022671708407894897,6.302618975744905,-0.03895973272981035,-905.3
2019-08-17 23:00:00,-0.06829031169431632,6.311734809152915,-0.03938069300476599,-316.1
2019-08-18 00:00:00,-0.07180207010580686,6.432940092739179,-0.03673727211069533,86.8
2019-08-18 01:00:00,-0.0831448503486758,6.418364935936212,-0.03821939733726065,108.0
2019-08-18 02:00:00,-0.010721979731996178,6.428105272684596,-0.0444168389962476,82.9
2019-08-18 03:00:00,0.05606605929452968,6.439350371100098,-0.04542656710319015,78.0
2019-08-18 04:00:00,0.10739308283561222,6.4425401664681985,-0.039021115461077116,69.6
2019-08-18 05:00:00,0.1283577528635491,6.467698726104354,-0.03951935753382063,84.5
2019-08-18 06:00:00,0.17101956926062734,6.505784060128229,-0.049962804761621626,-26.2
2019-08-18 07:00:00,0.11812875483064955,6.543911845564792,-0.05318190362881925,-16.8
2019-08-18 08:00:00,0.008945068226025032,6.542471960506805,-0.05222109399443742,-53.3
2019-08-18 09:00:00,-0.004982898976763739,6.529418838262226,-0.042711749710007574,-138.8
2019-08-18 10:00:00,0.027901737623206913,6.522092798170152,-0.038368913317864184,-237.3
2019-08-18 11:00:00,0.01794230064993041,6.498282149476434,-0.04532892965379176,-235.1
2019-08-18 12:00:00,0.03088114537140596,6.464588303689961,-0.04711398351634344,-130.7
2019-08-18 13:00:00,0.04623505032902919,6.4457198193855785,-0.04086922250019498,-107.3
2019-08-18 14:00:00,0.08220890633729194,6.436150368369428,-0.03728892123518168,-138.9
2019-08-18 15:00:00,0.11089307700846396,6.39024066706535,-0.03707459579220629,-134.3
2019-08-18 16:00:00,0.11455501416326719,6.375024819828097,-0.03670303471075531,-201.7
2019-08-18 17:00:00,0.01671512381190432,6.3561076606958915,-0.03673796915044392,-315.9
2019-08-18 18:00:00,-0.05257935066273367,6.324358962381311,-0.035906249217517505,-719.1
2019-08-18 19:00:00,-0.044735909282428654,6.175867270105761,-0.03238699644102727,-1031.1
2019-08-18 20:00:00,-0.03947504404350388,6.186208623900494,-0.03215837528415744,-1144.5
2019-08-18 21:00:00,-0.03208121557826926,6.148468295917647,-0.02674003410252812,-1124.8
2019-08-18 22:00:00,-0.024253321406332073,6.1092475827643655,-0.029845101959301346,-922.6
2019-08-18 23:00:00,-0.020453622722149678,6.0844994130751715,-0.03938585177406395,-372.4
2019-08-19 00:00:00,-0.09585056936807845,5.8805329864007,-0.03248176789930746,292.4
2019-08-19 01:00:00,-0.06643327052102288,5.765191102784844,-0.028783102329776433,347.9
2019-08-19 02:00:00,-0.0513417893736583,5.723585101952381,-0.028218771083992067,331.1
2019-08-19 03:00:00,-0.013415828085158399,5.733341276897746,-0.031971354154960885,278.8
2019-08-19 04:00:00,-0.15496919512845198,5.739792912179234,-0.04621788432016327,327.3
2019-08-19 05:00:00,-0.07684330927770722,5.786897381366708,-0.034935242279346745,-281.0
2019-08-19 06:00:00,-0.0780357951620223,5.8664680569332965,-0.012248358108906565,-1012.9
2019-08-19 07:00:00,-0.07515575613370507,5.986452005284438,-0.006303104647204627,-2421.0
2019-08-19 08:00:00,-0.09471253997208917,5.991464547107982,-0.010242434871131856,-2480.9
2019-08-19 09:00:00,-0.12276944152148994,5.998936561946683,-0.01627935009252557,-2209.6
2019-08-19 10:00:00,-0.18921767589364302,6.040254711277414,-0.0038673752167985853,-2050.5
2019-08-19 11:00:00,-0.128166935986886,6.045005314036012,-0.005436469023940127,-1732.5
2019-08-19 12:00:00,-0.08552110930813761,6.0473721790462776,-0.005715966131416117,-1446.5
2019-08-19 13:00:00,-0.11506458094468686,6.129050210060545,0.008126780161333613,-1441.3
2019-08-19 14:00:00,-0.12440286132887524,6.173786103901937,-0.006536873710090596,-1416.4
2019-08-19 15:00:00,-0.12171332640741817,6.19644412779452,-0.002953800411611418,-1360.7
2019-08-19 16:00:00,-0.14350520405740408,6.19644412779452,-0.013471106939388022,-1212.2
2019-08-19 17:00:00,-0.14160433349659218,6.135564891081739,-0.013449939937978606,-1527.3
2019-08-19 18:00:00,-0.12595457877313354,6.09807428216624,-0.017336931795782107,-2157.4
2019-08-19 19:00:00,-0.09388700221371016,6.075346031088684,-0.019573137723289058,-2242.5
2019-08-19 20:00:00,-0.09873600373763924,6.18826412308259,-0.01042740102895312,-2276.0
2019-08-19 21:00:00,-0.08912201856780877,6.240275845170769,-0.005457409717349648,-1995.6
2019-08-19 22:00:00,-0.07532383962764522,6.257667587882639,-0.01749034721567888,-1464.8
2019-08-19 23:00:00,-0.0913454503826352,6.240275845170769,-0.02265445495793994,-767.6
2019-08-20 00:00:00,-0.10676010330435659,6.313548046277095,0.018504136982457453,13.9
2019-08-20 01:00:00,-0.12604648767892845,6.259581464064923,0.018930326019506616,144.1
2019-08-20 02:00:00,-0.10933098607672154,6.192362489474872,0.019768074991150186,163.3
2019-08-20 03:00:00,-0.11332596619847157,6.09807428216624,0.023445025775482797,215.5
2019-08-20 04:00:00,-0.06005246478554849,5.993961427306569,0.022815870870746657,223.9
2019-08-20 05:00:00,-0.057453545668633144,5.8377304471659395,0.01822234938829581,-148.8
2019-08-20 06:00:00,-0.05239590636523994,5.579729825986222,0.019132924447820443,-875.3
2019-08-20 07:00:00,-0.11920993785771428,5.231108616854587,0.015197255535378318,-1813.5
2019-08-20 08:00:00,-0.12564808328521604,4.890349128221754,0.00417772277405426,-1952.2
2019-08-20 09:00:00,-0.09339100320709104,4.836281906951478,-0.001896317738663278,-1943.6
2019-08-20 10:00:00,-0.09624748167663633,4.882801922586371,-0.005188401478897653,-2006.8
2019-08-20 11:00:00,-0.06950589020386566,4.976733742420574,-0.004353281416390686,-2042.3
2019-08-20 12:00:00,-0.059300608644688335,5.0689042022202315,0.009161516794634395,-1872.5
2019-08-20 13:00:00,-0.06649570170242347,5.099866427824199,0.004238779219522648,-1794.4
2019-08-20 14:00:00,-0.059221183557434554,5.135798437050262,0.0035838220935122678,-1841.9
2019-08-20 15:00:00,-0.0726132931030703,5.147494476813453,0.008412789398911436,-1829.3
2019-08-20 16:00:00,-0.07233413334871797,5.099866427824199,0.00874600771370293,-1709.7
2019-08-20 17:00:00,-0.06091596550138867,5.075173815233827,0.010345842725225651,-1806.0
2019-08-20 18:00:00,-0.077001716196333,5.087596335232384,0.006917288955093248,-1783.3
2019-08-20 19:00:00,-0.0842130758230284,5.111987788356544,0.008192744998544832,-1740.5
2019-08-20 20:00:00,-0.07769075156181948,5.308267697401205,0.015952249264164386,-1724.4
2019-08-20 21:00:00,-0.06943997374805244,5.3981627015177525,0.010830147389039979,-1371.5
2019-08-20 22:00:00,-0.03212526109970559,5.4680601411351315,0.011285155273072611,-1181.5
2019-08-20 23:00:00,0.06971074387959675,5.480638923341991,0.01660404180238384,-556.7
2019-08-21 00:00:00,0.05239628647554495,5.402677381872279,0.03082686006536406,-118.1
2019-08-21 01:00:00,0.059466699215404706,5.272999558563747,0.030100770415400824,245.1
2019-08-21 02:00:00,0.07215797312239669,5.204006687076795,0.029804356610544147,296.0
2019-08-21 03:00:00,0.02640114395123705,5.1298987149230735,0.03636658958173555,326.7
2019-08-21 04:00:00,0.009833543347784524,5.062595033026967,0.03319244839852242,323.5
2019-08-21 05:00:00,-0.034939393120476225,5.0369526024136295,0.03567318150213428,-202.6
2019-08-21 06:00:00,-0.026943447932295417,4.919980925828125,0.04957329672079602,-1074.7
2019-08-21 07:00:00,-0.08905993116481437,4.718498871295094,0.0519028037445981,-1854.6
2019-08-21 08:00:00,-0.10577177298042661,4.442651256490317,0.045706282648026786,-1916.3
2019-08-21 09:00:00,-0.08795972946604325,4.330733340286331,0.03730573662217207,-1888.4
2019-08-21 10:00:00,-0.09532399652361434,4.356708826689592,0.028456013187692086,-1800.7
2019-08-21 11:00:00,-0.10228963233460542,4.48863636973214,0.035301791143944605,-1783.6
2019-08-21 12:00:00,-0.1421392595926796,4.68213122712422,0.03950745891505303,-1632.8
2019-08-21 13:00:00,-0.12832222741611288,4.897839799950911,0.040907185062692086,-1437.3
2019-08-21 14:00:00,-0.1149275206008551,5.0238805208462765,0.039534339982798095,-1307.6
2019-08-21 15:00:00,-0.10359625937293115,5.117993812416755,0.04585828789170332,-1175.5
2019-08-21 16:00:00,-0.10100004502684268,5.176149732573829,0.040788754892817636,-1489.6
2019-08-21 17:00:00,-0.06970936258209104,5.1647859739235145,0.04306943248683037,-1950.5
2019-08-21 18:00:00,-0.10031613341602119,5.181783550292085,0.04037816292284724,-1884.5
2019-08-21 19:00:00,-0.09268673888477119,5.10594547390058,0.03899690769455866,-1908.7
2019-08-21 20:00:00,-0.10696062822651653,5.3230099791384085,0.041035894699369635,-1954.8
2019-08-21 21:00:00,-0.035819454844037146,5.541263545158426,0.04006948721301118,-1488.2
2019-08-21 22:00:00,-0.05580106471371016,5.723585101952381,0.0330834205046342,-1261.8
2019-08-21 23:00:00,0.011541916544191011,5.820082930352362,0.032998538639462005,-718.9
2019-08-22 00:00:00,-0.03046422020857742,5.91350300563827,0.05489050257296668,-488.0
2019-08-22 01:00:00,-0.03762242924840287,5.869296913133774,0.057960473567656656,-8.7
2019-08-22 02:00:00,-0.06047334821445505,5.823045895483019,0.05855459835925192,0.2
2019-08-22 03:00:00,-0.05252475207229956,5.808142489980444,0.06443046181324341,1.0
2019-08-22 04:00:00,0.04020189749412584,5.8289456176102075,0.0666546311656484,-14.1
2019-08-22 05:00:00,0.03635248685783621,5.793013608384144,0.06103629104746844,-490.4
2019-08-22 06:00:00,-0.0007252286266874464,5.583496308781699,0.060163916767646874,-1517.6
2019-08-22 07:00:00,-0.006780546162638235,5.2574953720277815,0.053217018575039354,-2022.7
2019-08-22 08:00:00,-0.01984760398439933,4.867534450455582,0.04381556834480982,-1993.8
2019-08-22 09:00:00,-0.04198282488250138,4.564348191467836,0.03464801367094861,-1744.8
2019-08-22 10:00:00,-0.01685215118947525,4.276666119016055,0.03430505122444849,-1348.7
2019-08-22 11:00:00,-0.04271159323450968,4.07753744390572,0.03201765881252072,-1303.8
2019-08-22 12:00:00,0.03319243455719123,4.07753744390572,0.03500452049668379,-948.8
2019-08-22 13:00:00,0.0013636397083049978,4.0943445622221,0.05935148869563456,-938.1
2019-08-22 14:00:00,0.003272105797178959,4.0943445622221,0.04135461177132349,-941.5
2019-08-22 15:00:00,-0.08257360501904198,4.07753744390572,0.04314665471125956,-932.9
2019-08-22 16:00:00,-0.03300634872875241,4.0943445622221,0.045629631074845634,-915.7
2019-08-22 17:00:00,-0.04877902579296567,4.143134726391533,0.041554972277177527,-1314.8
2019-08-22 18:00:00,-0.04889926991665128,4.189654742026425,0.04438359505175349,-1575.6
2019-08-22 19:00:00,-0.04926556492119527,4.1588830833596715,0.04494783542893366,-1520.3
2019-08-22 20:00:00,-0.03474125237010961,4.31748811353631,0.047227117045144595,-1495.6
2019-08-22 21:00:00,-0.04353833096144788,4.276666119016055,0.04623004334170666,-1388.1
2019-08-22 22:00:00,-0.031318683145393766,4.2626798770413155,0.04361881888741692,-883.9
2019-08-22 23:00:00,-0.06355108740154458,4.356708826689592,0.04980960414468516,-142.6
2019-08-23 00:00:00,-0.09871195241448083,4.51085950651685,0.05521079079495017,172.8
2019-08-23 01:00:00,-0.07929696636028005,4.564348191467836,0.05761057999529928,414.4
2019-08-23 02:00:00,-0.04736921979643727,4.553876891600541,0.0701818331969104,445.0
2019-08-23 03:00:00,-0.07198524691101094,4.454347296253507,0.07750982907214254,457.2
2019-08-23 04:00:00,-0.060582864723780716,4.418840607796598,0.07761892352717936,400.3
2019-08-23 05:00:00,-0.0558606997654576,4.499809670330265,0.0684772838699379,-116.6
2019-08-23 06:00:00,-0.06808811423042371,4.624972813284271,0.06163632182980994,-1459.8
2019-08-23 07:00:00,-0.09262994005826863,4.653960350157523,0.06448800619414197,-1846.2
2019-08-23 08:00:00,-0.10610492884004108,4.499809670330265,0.06422245205699983,-1874.4
2019-08-23 09:00:00,-0.11304697810001718,4.465908118654584,0.06020047814707308,-1764.3
2019-08-23 10:00:00,-0.006267643392015021,4.499809670330265,0.07437079707615268,-1790.7
2019-08-23 11:00:00,-0.11557469778130747,4.553876891600541,0.06182625443796663,-1212.6
2019-08-23 12:00:00,-0.08549660039362994,4.605170185988092,0.05895855077817025,-1192.4
2019-08-23 13:00:00,-0.10529551632625367,4.564348191467836,0.06269840682713035,-1204.5
2019-08-23 14:00:00,-0.10608419504484567,4.553876891600541,0.06573784771644853,-1119.3
2019-08-23 15:00:00,-0.11612196790954421,4.564348191467836,0.05989761872411403,-1090.7
2019-08-23 16:00:00,-0.07746808834942209,4.61512051684126,0.06920607141928858,-1251.0
2019-08-23 17:00:00,-0.04556339306708468,4.68213122712422,0.06587148993266201,-1623.3
2019-08-23 18:00:00,-0.046147704614993845,4.709530201312334,0.07168061565333428,-1658.5
2019-08-23 19:00:00,-0.049720607958092966,4.653960350157523,0.05579164316080032,-1637.2
2019-08-23 20:00:00,-0.06012400729657008,4.919980925828125,0.05803334722307607,-1629.9
2019-08-23 21:00:00,-0.05400681178765998,5.043425116919247,0.06397569188860341,-1617.1
2019-08-23 22:00:00,-0.04826399035245199,5.135798437050262,0.07259748492578044,-962.5
2019-08-23 23:00:00,-0.09531634027515912,5.231108616854587,0.07266717619356378,-278.8
2019-08-24 00:00:00,-0.13526810895705532,5.953243334287785,0.09732310183295656,-48.5
2019-08-24 01:00:00,-0.1362697908949544,5.988961416889864,0.0993811054400533,138.8
2019-08-24 02:00:00,-0.11601034447123526,5.998936561946683,0.10370795758967155,116.8
2019-08-24 03:00:00,-0.05456322088928012,5.996452088619021,0.10331558364466265,125.1
2019-08-24 04:00:00,-0.028390886559448436,5.986452005284438,0.11156282399842876,132.3
2019-08-24 05:00:00,0.04095131581327127,5.955837369464831,0.11164064085125336,146.4
2019-08-24 06:00:00,0.01978697233441773,5.820082930352362,0.09926484978511319,218.3
2019-08-24 07:00:00,8.264455476370003e-05,5.552959584921617,0.0919112199916583,-134.7
2019-08-24 08:00:00,-0.010470413052364957,5.159055299214529,0.07887349639276042,-391.2
2019-08-24 09:00:00,-0.03028680789563376,4.852030263919617,0.07684894813184684,-479.8
2019-08-24 10:00:00,0.044977605374068474,4.543294782270004,0.07067104591016715,-460.3
2019-08-24 11:00:00,-0.0051045907981572824,4.290459441148391,0.06597981263103048,-392.5
2019-08-24 12:00:00,0.06231876989897556,4.127134385045092,0.05769386518616315,-177.8
2019-08-24 13:00:00,0.011690339270736594,3.912023005428146,0.06202726166666839,-8.6
2019-08-24 14:00:00,0.009528299044864408,3.6375861597263857,0.058030692207878154,-10.4
2019-08-24 15:00:00,-0.038790800626030464,3.367295829986474,0.0537694007714995,11.0
2019-08-24 16:00:00,-0.012659407927816169,3.044522437723423,0.0623706840338194,-223.3
2019-08-24 17:00:00,-0.041942458526951665,2.8903717578961645,0.0631903673399643,-996.0
2019-08-24 18:00:00,-0.009139833635528394,3.1780538303479458,0.06027180359922735,-1601.0
2019-08-24 19:00:00,0.005802308319953209,3.6888794541139363,0.06550354867625519,-1780.5
2019-08-24 20:00:00,0.010418475332765631,4.477336814478207,0.0737979537626936,-1808.0
2019-08-24 21:00:00,0.0006379853851350425,4.941642422609304,0.07336509237078115,-1650.8
2019-08-24 22:00:00,-0.011450183663930691,5.220355825078324,0.075657587388549,-1160.2
2019-08-24 23:00:00,-0.11817750273070171,5.337538079701318,0.09273727182260938,-177.5
2019-08-25 00:00:00,-0.08541633768935109,5.627621113690637,0.1072169131899221,237.3
2019-08-25 01:00:00,-0.03637066473624273,5.762051382780177,0.11134528719139425,204.7
2019-08-25 02:00:00,0.020798272720540023,5.831882477283517,0.10474801429020353,160.9
2019-08-25 03:00:00,0.07078479155343675,5.8805329864007,0.1071644555324216,140.8
2019-08-25 04:00:00,0.1241829238776555,5.961005339623274,0.11686176642757662,119.1
2019-08-25 05:00:00,0.14507123383729015,6.013715156042802,0.11810958666976301,111.0
2019-08-25 06:00:00,0.1093084500837338,6.0112671744041615,0.10057123459544748,103.5
2019-08-25 07:00:00,0.056432452535617905,6.013715156042802,0.09085746659411864,104.1
2019-08-25 08:00:00,-0.03607469944507802,5.976350909297934,0.07750238203386406,125.1
2019-08-25 09:00:00,0.016951602346114036,5.910796644040527,0.07289973243286774,105.5
2019-08-25 10:00:00,0.038441644338984116,5.869296913133774,0.07609894051939392,76.5
2019-08-25 11:00:00,0.02736421189154914,5.808142489980444,0.07447227015882874,99.0
2019-08-25 12:00:00,0.045053472241848525,5.749392985908253,0.06960124637920995,146.6
2019-08-25 13:00:00,0.020213475666744696,5.75890177387728,0.0782229475294125,244.4
2019-08-25 14:00:00,0.04237475658890766,5.768320995793772,0.07954399558488223,252.5
2019-08-25 15:00:00,0.06608746898576667,5.75890177387728,0.0713564924512875,255.8
2019-08-25 16:00:00,0.10394863696399392,5.7899601708972535,0.07013163094552333,181.2
2019-08-25 17:00:00,0.010788762456452883,5.950642552587727,0.06642577801058458,-142.8
2019-08-25 18:00:00,-0.004153787765342809,6.142037405587356,0.06818764182511661,-956.1
2019-08-25 19:00:00,-0.015899639670850618,6.320768294250582,0.07569233297983224,-1282.5
2019-08-25 20:00:00,-0.0345810701646414,6.450470422144176,0.07707709940358853,-1400.0
2019-08-25 21:00:00,-0.04494224932820012,6.517671272912275,0.0724492366154399,-1326.7
2019-08-25 22:00:00,-0.03915588878394338,6.551080335043404,0.07809273471282552,-1255.1
2019-08-25 23:00:00,-0.021341328062290277,6.583409222158765,0.08226421296370567,-532.9
2019-08-26 00:00:00,0.008969076828925004,6.647688373563329,0.09443375132034859,-357.4
2019-08-26 01:00:00,0.09254570308767462,6.660575149839686,0.09849326953704107,-361.6
2019-08-26 02:00:00,0.125629166712657,6.655440350367647,0.09694437187001448,-364.0
2019-08-26 03:00:00,0.12157933645234653,6.639875833826536,0.10023407142445784,-348.0
2019-08-26 04:00:00,0.032206292734135555,6.618738983517219,0.09902862708852034,-398.0
2019-08-26 05:00:00,-0.023830592817465135,6.595780513961311,0.097587577390291,-1005.9
2019-08-26 06:00:00,-0.05882027118027011,6.556778356158042,0.08963609147967855,-1508.5
2019-08-26 07:00:00,-0.028172389751834448,6.484635235635252,0.08128853513484913,-1505.7
2019-08-26 08:00:00,-0.06916183985461899,6.315358001522335,0.06718550159913761,-2153.6
2019-08-26 09:00:00,-0.02814783148664901,6.20050917404269,0.06242854092008354,-1774.4
2019-08-26 10:00:00,-0.0628527581195173,6.093569770045136,0.07125951493425653,-1765.2
2019-08-26 11:00:00,-0.003234048617595242,5.963579343618446,0.06655032131559135,-1733.8
2019-08-26 12:00:00,0.047067891316307175,5.823045895483019,0.06524885345168308,-1669.4
2019-08-26 13:00:00,-0.01889042629435389,5.676753802268282,0.07660866543379452,-1601.6
2019-08-26 14:00:00,-0.03743836776361942,5.5134287461649825,0.06729393657932903,-1506.5
2019-08-26 15:00:00,-0.039214709737293685,5.356586274672012,0.07343341436296935,-1473.9
2019-08-26 16:00:00,0.01627142740948706,5.176149732573829,0.06140014457692988,-1520.6
2019-08-26 17:00:00,0.06574804605942175,4.990432586778736,0.06114194221792779,-1502.0
2019-08-26 18:00:00,-0.017662888271016364,4.912654885736052,0.05922382549737115,-1632.7
2019-08-26 19:00:00,-0.002237777598390611,4.859812404361672,0.062143719949367515,-1630.4
2019-08-26 20:00:00,-0.004272079304026288,5.0238805208462765,0.07128945664370345,-1654.3
2019-08-26 21:00:00,0.03771441488328975,5.1298987149230735,0.0667486846398333,-1341.4
2019-08-26 22:00:00,0.037237252047586544,5.117993812416755,0.0637424117705061,-884.4
2019-08-26 23:00:00,-0.0005267763646070733,5.0369526024136295,0.07480857820748543,-453.0
2019-08-27 00:00:00,0.06900719775081177,5.365976015021851,0.05572268045046602,-828.8
2019-08-27 01:00:00,0.04420974825878643,5.44673737166631,0.056752230051670516,68.3
2019-08-27 02:00:00,0.05634387775756977,5.501258210544727,0.057878293860404106,65.0
2019-08-27 03:00:00,0.076697513603182,5.501258210544727,0.06586574165943482,67.3
2019-08-27 04:00:00,0.09029158692014727,5.529429087511423,0.06750995781817526,51.0
2019-08-27 05:00:00,0.017104370249710232,5.598421958998375,0.060096421859355154,-904.6
2019-08-27 06:00:00,0.01327434297433916,5.648974238161206,0.06109712354685293,-1788.8
2019-08-27 07:00:00,-0.007237423089657913,5.616771097666572,0.058286736073482004,-2106.5
2019-08-27 08:00:00,0.03709706496705811,5.4510384535657,0.05043419907417679,-2227.1
2019-08-27 09:00:00,0.027079690047184357,5.318119993844216,0.043266578283319035,-2097.6
2019-08-27 10:00:00,0.04381363107828351,5.25227342804663,0.029803348143604858,-2138.4
2019-08-27 11:00:00,0.04906859780882922,5.25227342804663,0.022340391226087775,-2109.2
2019-08-27 12:00:00,0.11785160798799454,5.298317366548036,0.03188976787219122,-1503.9
2019-08-27 13:00:00,0.11938933324991963,5.327876168789581,0.02323270256069776,-1502.1
2019-08-27 14:00:00,0.12376593066541464,5.351858133476067,0.02650746199544951,-1531.9
2019-08-27 15:00:00,0.08689016984831577,5.3612921657094255,0.028309229725789642,-2187.1
2019-08-27 16:00:00,0.06018075798541789,5.3471075307174685,0.027757987202274848,-2099.6
2019-08-27 17:00:00,0.014508938963401885,5.3230099791384085,0.030185888869283417,-1975.0
2019-08-27 18:00:00,0.022519406094313243,5.375278407684165,0.02891721975695649,-2053.7
2019-08-27 19:00:00,0.014463903667023992,5.407171771460119,0.032105888297151,-2058.9
2019-08-27 20:00:00,0.036550528587313114,5.545177444479562,0.04177864882406279,-2113.6
2019-08-27 21:00:00,0.01479578625466571,5.645446897643238,0.03299973005462231,-1943.5
2019-08-27 22:00:00,-0.0022641189610292933,5.676753802268282,0.02932171636892278,-1406.7
2019-08-27 23:00:00,0.1072922837331105,5.638354669333745,0.03417555333203737,-659.1
2019-08-28 00:00:00,0.1408933046413927,5.476463551931511,0.03082686006536406,-393.0
2019-08-28 01:00:00,0.13057150390549976,5.267858159063328,0.03227232392890844,11.3
2019-08-28 02:00:00,0.15916935011202638,5.075173815233827,0.0352778240247158,288.5
2019-08-28 03:00:00,0.13578812464055234,4.795790545596741,0.046197362364863714,287.7
2019-08-28 04:00:00,0.11158592896367558,4.442651256490317,0.0474236683264726,63.4
2019-08-28 05:00:00,0.05158123448500973,4.204692619390966,0.04319605416512218,-1060.1
2019-08-28 06:00:00,0.071446530118354,4.04305126783455,0.046595627026872144,-1468.1
2019-08-28 07:00:00,0.3088725145413642,3.8066624897703196,0.04243303600756665,-1804.6
2019-08-28 08:00:00,0.4216247807241089,3.4965075614664802,0.03450168363516326,-2125.4
2019-08-28 09:00:00,0.2730303534949563,3.1780538303479458,0.02519566780565974,-2069.1
2019-08-28 10:00:00,0.23341162258552473,2.8903717578961645,0.008783247588987741,-2067.0
2019-08-28 11:00:00,0.22417482253000864,2.8903717578961645,0.008885160700002892,-2059.9
2019-08-28 12:00:00,0.09898376445619483,3.2188758248682006,0.008562655065631475,-1645.7
2019-08-28 13:00:00,0.08769275728850667,3.5263605246161616,0.007900888594522648,-1618.7
2019-08-28 14:00:00,0.11239140212383525,3.828641396489095,0.007304062077884588,-1677.8
2019-08-28 15:00:00,0.14144091964534056,4.143134726391533,0.014826178643974508,-1712.7
2019-08-28 16:00:00,0.0895352998133121,4.442651256490317,0.014397025201591696,-1664.2
2019-08-28 17:00:00,0.061557023411579426,4.770684624465665,0.015926914587147678,-1670.9
2019-08-28 18:00:00,0.02530820180767135,5.153291594497779,0.017628366621866398,-1759.8
2019-08-28 19:00:00,-0.001515107629150858,5.3706380281276624,0.020978402191880186,-1789.2
2019-08-28 20:00:00,-0.04074939970144209,5.655991810819852,0.026824381238409245,-1851.3
2019-08-28 21:00:00,-0.003538090361340007,5.768320995793772,0.021930565068607244,-1491.8
2019-08-28 22:00:00,-0.03872053559589883,5.793013608384144,0.015154653414543695,-1159.1
2019-08-28 23:00:00,0.00510922760260879,5.777652323222656,0.01752633726238617,-846.3
2019-08-29 00:00:00,0.028496537165231484,5.87493073085203,-0.010830504008271902,-102.2
2019-08-29 01:00:00,0.03509353896853806,5.846438775057725,-0.017858362989694676,260.4
2019-08-29 02:00:00,0.04843613067793928,5.831882477283517,-0.019003635986622136,375.5
2019-08-29 03:00:00,0.04670717483753606,5.808142489980444,-0.009595593486039888,384.3
2019-08-29 04:00:00,0.11004670823323748,5.823045895483019,-0.0028714314829620946,325.3
2019-08-29 05:00:00,0.06559769035346585,5.8888779583328805,-0.000705025469041054,-468.1
2019-08-29 06:00:00,0.03440373540902186,5.950642552587727,0.023178191899387635,-1784.0
2019-08-29 07:00:00,0.034618351013705695,5.955837369464831,0.03222388120316033,-2386.8
2019-08-29 08:00:00,0.05143120995801098,5.902633333401366,0.03351102751599555,-2413.6
2019-08-29 09:00:00,0.03625254450763338,5.948034989180646,0.0337182135109817,-2382.8
2019-08-29 10:00:00,0.08978819908148417,6.035481432524756,0.027759913319539642,-2360.5
2019-08-29 11:00:00,0.05955586837459226,6.139884552226255,0.01693725992145101,-2283.7
2019-08-29 12:00:00,0.13759437431142185,6.267200548541362,0.021018278521943046,-2368.7
2019-08-29 13:00:00,0.08887993970790475,6.359573868672378,0.04252866205148287,-2074.6
2019-08-29 14:00:00,0.05218094789463379,6.403574197934815,0.03010800775460787,-1680.3
2019-08-29 15:00:00,-0.03755515747973437,6.436150368369428,0.04684693645411553,-1624.6
2019-08-29 16:00:00,0.00512463236938121,6.4457198193855785,0.03630120522021052,-1573.0
2019-08-29 17:00:00,0.025523608719510982,6.4457198193855785,0.0369102820878533,-2045.6
2019-08-29 18:00:00,0.0034307209579047537,6.448889394146858,0.03685768935140654,-2098.9
2019-08-29 19:00:00,0.007625504979184683,6.354370040797351,0.0392927779455885,-2097.6
2019-08-29 20:00:00,0.02915999493617072,6.395261598115449,0.03873249305372184,-2181.5
2019-08-29 21:00:00,0.011099878419239317,6.366470447731438,0.03099165323677422,-1832.4
2019-08-29 22:00:00,-0.029949382643889244,6.313548046277095,0.008702553781189337,-1270.5
2019-08-29 23:00:00,-0.021163309051562607,6.244166900663736,0.0021815551554302814,-819.7
2019-08-30 00:00:00,-0.02150020841365441,6.400257445308821,0.03288131439686115,-679.3
2019-08-30 01:00:00,0.013388262851767418,6.39024066706535,0.036058021609565394,-238.6
2019-08-30 02:00:00,0.062139646620815725,6.371611847231857,0.04100634406297843,-239.2
2019-08-30 03:00:00,-0.0006640856644684057,6.340359303727752,0.05377624474004783,-196.4
2019-08-30 04:00:00,0.034463265437677304,6.297109319933935,0.054952005962887185,-237.6
2019-08-30 05:00:00,-0.02038473731282142,6.274762021241939,0.0557517674984318,-794.3
2019-08-30 06:00:00,-0.019546610241962803,6.257667587882639,0.0665406965448998,-1579.8
2019-08-30 07:00:00,-0.007796210499405376,6.20455776256869,0.07465915259362177,-2281.4
2019-08-30 08:00:00,0.0012535894804583947,6.093569770045136,0.07865011440352099,-2299.2
2019-08-30 09:00:00,0.029272025996116113,6.021023349349527,0.07809004289784838,-2264.6
2019-08-30 10:00:00,0.14273336300143802,5.934894195619588,0.08954288641528674,-2205.7
2019-08-30 11:00:00,-0.04365981927038787,5.849324779946859,0.0761634175843735,-1461.2
2019-08-30 12:00:00,-0.04222127971235912,5.7430031878094825,0.06521136257535698,-1196.8
2019-08-30 13:00:00,-0.07424228649052678,5.634789603169249,0.05818779926978035,-1072.5
2019-08-30 14:00:00,-0.08214276142340093,5.529429087511423,0.06208820862889919,-902.6
2019-08-30 15:00:00,-0.07852988376690728,5.4510384535657,0.057151621575258105,-916.7
2019-08-30 16:00:00,-0.036488891138431345,5.389071729816501,0.06275740789275464,-972.0
2019-08-30 17:00:00,0.01045230097569494,5.3230099791384085,0.06587148993266201,-1722.2
2019-08-30 18:00:00,0.0014740776303043823,5.288267030694535,0.06705312012128584,-1690.5
2019-08-30 19:00:00,-0.004432847999631839,5.241747015059643,0.05955812595627741,-1557.7
2019-08-30 20:00:00,-0.014975606860682333,5.4116460518550396,0.0646968654538469,-1496.7
2019-08-30 21:00:00,-0.023383951573676676,5.41610040220442,0.05534254474390021,-1330.1
2019-08-30 22:00:00,-0.05465911850124572,5.37989735354046,0.04590286966473567,-1169.3
2019-08-30 23:00:00,-0.06829151256975541,5.313205979041787,0.050240140406120126,-709.0
2019-08-31 00:00:00,-0.08853465184433729,5.583496308781699,0.05586638815461065,-708.6
2019-08-31 01:00:00,-0.11335147593424377,5.641907070938114,0.0627085832180363,360.7
2019-08-31 02:00:00,-0.1231648465338595,5.765191102784844,0.06132873462081001,352.5
2019-08-31 03:00:00,-0.047128242401762055,5.857933154483459,0.05400227010415737,336.0
2019-08-31 04:00:00,-0.019440056039364162,5.926926025970411,0.07221697267158422,284.4
2019-08-31 05:00:00,0.041273844440482765,5.968707559985366,0.07133826182723091,260.2
2019-08-31 06:00:00,-0.01063479295168035,5.932245187448011,0.0616034951488027,296.5
2019-08-31 07:00:00,-0.04183268784447147,5.814130531825066,0.06761852742261354,77.5
2019-08-31 08:00:00,-0.05902638034381047,5.634789603169249,0.08373968604393323,-259.1
2019-08-31 09:00:00,-0.05365365686159551,5.602118820879701,0.09469817729049002,-568.9
2019-08-31 10:00:00,0.025273901461808634,5.58724865840025,0.08945094056176295,-653.1
2019-08-31 11:00:00,-0.028222177872844867,5.54907608489522,0.08199522795300673,-598.4
2019-08-31 12:00:00,0.03683076363327764,5.4638318050256105,0.0690791874112886,-474.6
2019-08-31 13:00:00,-0.02900385155581775,5.384495062789089,0.07729473379745677,-409.5
2019-08-31 14:00:00,-0.026568429952061656,5.337538079701318,0.06479727191675178,-292.0
2019-08-31 15:00:00,-0.07228470008164178,5.342334251964811,0.06435151010203644,-333.7
2019-08-31 16:00:00,-0.04151443084549822,5.3471075307174685,0.08033807045458552,-445.8
2019-08-31 17:00:00,-0.046507373729403056,5.351858133476067,0.08100612219145642,-866.5
2019-08-31 18:00:00,0.027285833686600203,5.442417710521793,0.07270620579765552,-1444.7
2019-08-31 19:00:00,0.0479437383133261,5.480638923341991,0.08352205417893366,-1683.1
2019-08-31 20:00:00,0.045079925607391935,5.5909869805108565,0.09264865333349093,-1659.4
2019-08-31 21:00:00,0.046945047161313536,5.598421958998375,0.09134948622603378,-1491.7
2019-08-31 22:00:00,0.015090052815765809,5.564520407322694,0.07174751398070534,-1092.1
2019-08-31 23:00:00,-0.07643392478926803,5.537334267018537,0.07071435973517293,-104.3
2019-09-01 00:00:00,-0.05873202020304946,5.66988092298052,0.026626749391750693,332.3
2019-09-01 01:00:00,-0.01029587129696985,5.641907070938114,0.019666144619087333,366.8
2019-09-01 02:00:00,0.019500263125190376,5.602118820879701,0.004641219194522428,366.2
2019-09-01 03:00:00,0.05361540668350351,5.568344503761097,0.0028440267469544978,375.8
2019-09-01 04:00:00,0.04474047144066784,5.529429087511423,0.0011299549508967388,398.6
2019-09-01 05:00:00,0.09497339095780966,5.493061443340548,-0.011201992264417981,407.8
2019-09-01 06:00:00,0.0869815964516758,5.4638318050256105,-0.027299698068800282,318.1
2019-09-01 07:00:00,-0.0035362277422823496,5.4510384535657,-0.02065915736002477,324.0
2019-09-01 08:00:00,0.05794131994452112,5.497168225293202,-0.012068928747882346,341.3
2019-09-01 09:00:00,0.082169545149128,5.66988092298052,-0.009039699119105293,-59.0
2019-09-01 10:00:00,0.12770584392974005,5.849324779946859,0.0033991827512203088,-157.4
2019-09-01 11:00:00,0.11891213766010367,6.016157159698354,-0.0004840686743863287,-214.7
2019-09-01 12:00:00,0.12052209939121905,6.16541785423142,-0.0012432732295062365,-235.5
2019-09-01 13:00:00,0.13167093628832305,6.317164686747284,-0.0008563977013196222,-49.1
2019-09-01 14:00:00,0.1392780368946278,6.421622267806518,-0.0004321555142805522,-33.7
2019-09-01 15:00:00,0.14560703876729564,6.51471269087253,-0.02541681921339123,-79.3
2019-09-01 16:00:00,0.12582023264833264,6.588926477533519,-0.012492760352436072,-159.4
2019-09-01 17:00:00,-0.008867856682723385,6.634633357861686,-0.006345461413818754,-228.7
2019-09-01 18:00:00,-0.02286380855031922,6.659293919683638,-0.00803802237123108,-760.6
2019-09-01 19:00:00,0.028512609253573462,6.558197802812269,0.006089942749484045,-1366.1
2019-09-01 20:00:00,0.07724319093518162,6.5638555265321274,0.0214465671096411,-2082.9
2019-09-01 21:00:00,0.08123393504283705,6.569481420414296,0.016967197090776764,-1935.3
2019-09-01 22:00:00,0.0846999497035279,6.580639137284949,0.0126964172139159,-1318.7
2019-09-01 23:00:00,0.09368577667534694,6.590301048196686,0.008799966634304823,-611.8
2019-09-02 00:00:00,0.03180891832748767,6.630683385642372,-0.03656115203825827,-310.9
2019-09-02 01:00:00,0.033448892034451116,6.5998704992128365,-0.043544664977324565,-274.0
2019-09-02 02:00:00,0.026729010976514367,6.566672429803241,-0.048619294176877936,-242.7
2019-09-02 03:00:00,-0.046627104819299436,6.507277712385012,-0.05479727616543517,-198.1
2019-09-02 04:00:00,-0.13703583376206874,6.432940092739179,-0.05853606760336216,-131.0
2019-09-02 05:00:00,-0.10693463187832508,6.35088571671474,-0.04864298209075546,-478.0
2019-09-02 06:00:00,0.0301040211023631,6.222576268071369,0.005868682939341063,-1478.4
2019-09-02 07:00:00,0.046931522424020766,6.073044534100405,0.015804172387538173,-2535.2
2019-09-02 08:00:00,0.02785955376725724,5.8998973535824915,0.03928153922831967,-2556.5
2019-09-02 09:00:00,0.02857222636398893,5.777652323222656,0.03314123165728056,-2442.9
2019-09-02 10:00:00,0.006650174203255865,5.6937321388027,0.043438317390047665,-2437.8
2019-09-02 11:00:00,0.07213065681514763,5.616771097666572,0.0364941099210121,-2462.0
2019-09-02 12:00:00,0.07570249407216245,5.480638923341991,0.040329132370505505,-2016.1
2019-09-02 13:00:00,0.05988335688536672,5.442417710521793,0.043105812089751616,-1801.8
2019-09-02 14:00:00,0.04625103465905367,5.332718793265369,0.03027772016051422,-1690.6
2019-09-02 15:00:00,0.04756795891063348,5.198497031265826,0.02678052702135858,-1512.6
2019-09-02 16:00:00,0.03133413624096715,5.10594547390058,0.023809642675409748,-1488.9
2019-09-02 17:00:00,0.08392194202693348,4.997212273764115,0.016647185604763415,-2261.6
2019-09-02 18:00:00,0.06586639326923471,4.976733742420574,-0.010745261599020672,-2336.1
2019-09-02 19:00:00,0.07043314194827399,5.0106352940962555,-0.02160040873803215,-2314.2
2019-09-02 20:00:00,0.07929472295430795,5.267858159063328,-0.01582599007361729,-2383.6
2019-09-02 21:00:00,0.11464885401967662,5.407171771460119,-0.01478206059080378,-2116.5
2019-09-02 22:00:00,0.13678754863897957,5.517452896464707,-0.02284153220343388,-1530.9
2019-09-02 23:00:00,0.04362711356797888,5.648974238161206,-0.03470636450932041,-787.1
2019-09-03 00:00:00,0.09902428621563875,5.955837369464831,-0.034908320086612044,-300.0
2019-09-03 01:00:00,0.13179403311248494,6.013715156042802,-0.040157471820073454,-13.2
2019-09-03 02:00:00,0.12965330789939467,6.042632833682381,-0.04310785957597929,26.7
2019-09-03 03:00:00,0.1462287800243045,6.016157159698354,-0.040094871898135764,-6.1
2019-09-03 04:00:00,0.13336014053103806,5.981414211254481,-0.039031107934206055,-162.6
2019-09-03 05:00:00,0.04380718127790084,5.940171252720432,-0.05021629830152108,-480.3
2019-09-03 06:00:00,0.01234905065214642,5.796057750765372,-0.04251197897558967,-1232.5
2019-09-03 07:00:00,0.06074129458772237,5.529429087511423,-0.034963418381693145,-2284.8
2019-09-03 08:00:00,0.03284741577752959,5.123963979403259,-0.03141553822516485,-2178.5
2019-09-03 09:00:00,0.024329305053506722,5.003946305945459,-0.03144578264469189,-1739.1
2019-09-03 10:00:00,0.0194097817109129,5.075173815233827,-0.04397337604588447,-1664.3
2019-09-03 11:00:00,0.02695278089280606,5.214935757608986,-0.04129727778811265,-1484.4
2019-09-03 12:00:00,0.03504648610384997,5.3612921657094255,-0.026682628678748266,-1508.0
2019-09-03 13:00:00,0.04715383426425257,5.5134287461649825,-0.03506077818823705,-1373.2
2019-09-03 14:00:00,0.041404312190222115,5.631211781821365,-0.02032266995054499,-1401.4
2019-09-03 15:00:00,0.0305659700621268,5.7430031878094825,-0.018763845401066348,-1457.2
2019-09-03 16:00:00,0.04099363142056767,5.831882477283517,-0.01928918309731298,-1574.8
2019-09-03 17:00:00,0.06719213130009205,5.834810737062605,-0.016760702698590535,-1986.9
2019-09-03 18:00:00,0.09748114799484986,5.823045895483019,-0.02030133869739359,-2423.5
2019-09-03 19:00:00,0.08902592092391215,5.820082930352362,-0.0281750792062736,-2424.9
2019-09-03 20:00:00,0.11003459989532605,5.953243334287785,-0.011908335255378155,-2513.3
2019-09-03 21:00:00,0.1123146531056336,5.986452005284438,-0.00927363773924128,-2335.7
2019-09-03 22:00:00,0.1773858043558043,5.988961416889864,-0.014495749446628459,-1769.4
2019-09-03 23:00:00,0.201888597538173,5.950642552587727,-0.025231861445987214,-886.8
2019-09-04 00:00:00,0.1975520545508509,6.063785208687608,-0.04299584393980016,-360.4
2019-09-04 01:00:00,0.18720632758986255,6.018593214496234,-0.048680893862478314,113.0
2019-09-04 02:00:00,0.1811811590401522,5.968707559985366,-0.04850966475302787,125.8
2019-09-04 03:00:00,0.1658286632922663,5.926926025970411,-0.04041374142613918,145.8
2019-09-04 04:00:00,0.1449968038397711,5.8998973535824915,-0.0365100978813242,-50.1
2019-09-04 05:00:00,0.0834084391265626,5.863631175598097,-0.04064017303334211,-404.9
2019-09-04 06:00:00,0.07513109645525518,5.786897381366708,-0.022777970570694528,-1875.1
2019-09-04 07:00:00,0.05235389755560549,5.616771097666572,-0.011677506797250103,-2311.3
2019-09-04 08:00:00,0.020450703328304343,5.303304908059076,-0.005129416442091639,-2355.7
2019-09-04 09:00:00,0.04831437892916757,5.10594547390058,-0.004853708878489016,-2335.7
2019-09-04 10:00:00,0.07780961818698007,5.0689042022202315,-0.020752493939472316,-2333.7
2019-09-04 11:00:00,0.09227123945487437,5.111987788356544,-0.011888747649448916,-2346.8
2019-09-04 12:00:00,0.03312383599381974,5.1647859739235145,-0.004556826233693911,-2185.2
2019-09-04 13:00:00,0.06605937843747567,5.241747015059643,-0.0038739954231470364,-1972.1
2019-09-04 14:00:00,0.07547954879881624,5.267858159063328,0.0007244892546953707,-1755.7
2019-09-04 15:00:00,0.09312105968564222,5.220355825078324,0.010008351668385984,-1739.0
2019-09-04 16:00:00,0.05639385201820035,5.14166355650266,0.0006750172067704341,-1624.4
2019-09-04 17:00:00,0.03379431661624288,5.049856007249537,0.002949847162675212,-1655.9
2019-09-04 18:00:00,0.015145952630304382,5.043425116919247,0.0008608989714611326,-1705.8
2019-09-04 19:00:00,0.04814162333664518,5.056245805348308,-0.00790818498152035,-2063.3
2019-09-04 20:00:00,0.05156005585663337,5.236441962829949,0.003489037838717124,-2088.3
2019-09-04 21:00:00,0.037393071991294935,5.298317366548036,0.00950968685829423,-1587.9
2019-09-04 22:00:00,0.00684959101262006,5.247024072160486,-0.0021324713412633756,-830.3
2019-09-04 23:00:00,0.06741242573026751,5.056245805348308,-0.017249554377553267,-332.7
2019-09-05 00:00:00,0.020137793559455996,4.990432586778736,-0.0073079767437356224,38.3
2019-09-05 01:00:00,-0.0025404901107464184,4.867534450455582,-0.014170070844474303,481.6
2019-09-05 02:00:00,-0.0364497799075747,4.7535901911063645,-0.01642564262730062,485.1
2019-09-05 03:00:00,-0.07398551281928079,4.700480365792417,-0.011420350272956625,497.2
2019-09-05 04:00:00,-0.024622557815813906,4.762173934797756,-0.009082087101186964,477.9
2019-09-05 05:00:00,-0.08191070100969444,4.948759890378168,-0.018016096507035506,-33.2
2019-09-05 06:00:00,-0.017106025536643532,5.123963979403259,-0.008664842358212077,-610.1
2019-09-05 07:00:00,0.018872571080568612,5.220355825078324,0.0006144727470189792,-1572.7
2019-09-05 08:00:00,0.022733429025360685,5.241747015059643,0.00741519199278784,-1860.0
2019-09-05 09:00:00,-0.0060761809302087855,5.44673737166631,0.01380523614187279,-1442.4
2019-09-05 10:00:00,0.039085344706109915,5.697093486505405,0.014613619513541565,-1092.6
2019-09-05 11:00:00,0.013177136934854783,5.8971538676367405,0.021725459574774675,-1135.7
2019-09-05 12:00:00,0.057571348948682655,6.068425588244111,0.02664993849476449,-993.5
2019-09-05 13:00:00,0.05317593158659095,6.180016653652572,0.047454144263560316,-1070.7
2019-09-05 14:00:00,0.0596876809489193,6.19644412779452,0.034725004920745484,-1070.0
2019-09-05 15:00:00,-0.029459800278598625,6.169610732491456,0.031918784917496446,-967.8
2019-09-05 16:00:00,0.008302196583096944,6.1903154058531475,0.020629426637454706,-998.9
2019-09-05 17:00:00,-0.024741226469888744,6.234410725718371,0.012253136464742909,-1053.3
2019-09-05 18:00:00,-0.02999966449957281,6.278521424165844,0.0066681333896303485,-1255.6
2019-09-05 19:00:00,0.01430364914146498,6.18826412308259,-0.007357810427145672,-1897.3
2019-09-05 20:00:00,0.06084555567992478,6.261491684321042,0.0006427583922308244,-2095.9
2019-09-05 21:00:00,0.05910921204301456,6.267200548541362,0.010160482546045735,-1828.3
2019-09-05 22:00:00,0.03436666784543574,6.251903883165888,0.0024785260480770788,-846.3
2019-09-05 23:00:00,-0.03378135596963361,6.259581464064923,-0.006585543840569308,-388.1
2019-09-06 00:00:00,-0.15063734410093454,6.2766434893416445,-0.015347468539228082,-157.1
2019-09-06 01:00:00,-0.12446819411940568,6.285998094508865,-0.006023977872218644,81.1
2019-09-06 02:00:00,-0.14580267434580385,6.326149473155099,-0.0047972712238779636,72.3
2019-09-06 03:00:00,-0.18277876867748466,6.385194398997726,-0.006855089668832193,61.4
2019-09-06 04:00:00,-0.17673538210534367,6.466144724237619,-0.019262511734567056,-65.1
2019-09-06 05:00:00,-0.2108412288810282,6.513230110912307,-0.012560267003547843,-683.0
2019-09-06 06:00:00,-0.0938063466085226,6.505784060128229,0.021940147150567135,-1410.4
2019-09-06 07:00:00,-0.007250405170557528,6.478509642208569,0.020983712321951842,-2345.7
2019-09-06 08:00:00,0.003694177590194858,6.375024819828097,0.02749049586925434,-2493.3
2019-09-06 09:00:00,0.0027785111307516708,6.317164686747284,0.035892805216384716,-2412.7
2019-09-06 10:00:00,0.11958874121322838,6.280395838960195,0.04324225518504754,-2206.5
2019-09-06 11:00:00,-0.03392364340576437,6.272877006546167,0.029699577724415782,-2066.7
2019-09-06 12:00:00,0.012047368331130404,6.26530121273771,0.011665685652808122,-2090.1
2019-09-06 13:00:00,-0.003395985023133541,6.263398262591624,0.003031660301391348,-2094.4
2019-09-06 14:00:00,-0.02842558649596194,6.261491684321042,0.012021749496363476,-2053.4
2019-09-06 15:00:00,-0.03316417888305523,6.214608098422191,-0.004044801712132617,-2037.4
2019-09-06 16:00:00,-0.030728086206792238,6.148468295917647,0.017953331866191746,-1984.9
2019-09-06 17:00:00,-0.030551616110211288,6.077642243349034,0.021984166835610885,-2002.6
2019-09-06 18:00:00,0.02436201311357644,6.07073772800249,0.02087971992788873,-2138.5
2019-09-06 19:00:00,0.02384990255462771,6.030685260261263,0.007252480100198078,-2193.6
2019-09-06 20:00:00,0.02424262873224503,6.150602768446279,0.02393553414608096,-2245.7
2019-09-06 21:00:00,0.03497172212801036,6.186208623900494,0.025466009722245886,-2145.3
2019-09-06 22:00:00,0.010543761058057655,6.171700597410915,0.02560520575605718,-2083.3
2019-09-06 23:00:00,-0.011560795670874757,6.115892125483034,0.012235695785848932,-1600.3
2019-09-07 00:00:00,-0.059358252794303734,6.030685260261263,0.014578833114486933,-296.8
2019-09-07 01:00:00,-0.04573664671223154,5.857933154483459,0.01696548436830181,-26.6
2019-09-07 02:00:00,-0.017890127887995266,5.645446897643238,0.0172681235517409,105.3
2019-09-07 03:00:00,0.028002287185721286,5.3981627015177525,0.0105810990635673,128.9
2019-09-07 04:00:00,0.04194368113241831,5.087596335232384,0.009492101594343438,184.3
2019-09-07 05:00:00,0.0761269087249552,4.6913478822291435,0.005592441307999074,193.9
2019-09-07 06:00:00,0.0641920051951419,4.30406509320417,-0.010632857682013608,45.0
2019-09-07 07:00:00,0.0668260274725836,3.8918202981106265,-0.012252338838957044,-1303.2
2019-09-07 08:00:00,0.04359777967280509,3.258096538021482,0.002034631518930574,-1739.2
2019-09-07 09:00:00,0.06800278494842482,2.70805020110221,-0.00040783005846734,-2072.2
2019-09-07 10:00:00,0.17237264386749862,2.5649493574615367,-0.001095560567160092,-2142.6
2019-09-07 11:00:00,0.0881502054269716,2.6390573296152584,0.0005156947870954554,-2031.3
2019-09-07 12:00:00,0.12819667283110991,3.044522437723423,-0.003622280917482179,-1929.8
2019-09-07 13:00:00,0.07512810365762368,3.5263605246161616,0.003980619860155521,-1352.4
2019-09-07 14:00:00,0.06985817047183485,4.04305126783455,0.0030377368253597936,-1241.0
2019-09-07 15:00:00,0.01238507421932944,4.465908118654584,-0.012252434476693885,-1149.7
2019-09-07 16:00:00,0.04319504869201829,4.770684624465665,0.0016029148282807881,-1358.1
2019-09-07 17:00:00,0.0846446888196355,4.997212273764115,0.0007659898824670108,-2157.2
2019-09-07 18:00:00,0.051393061304183085,5.10594547390058,-0.0025711415898328482,-2179.9
2019-09-07 19:00:00,0.02972188176326407,4.912654885736052,-0.00555243946423456,-2232.5
2019-09-07 20:00:00,0.04695323483157576,5.111987788356544,-0.0029348999602358816,-2290.2
2019-09-07 21:00:00,0.08110942386128439,5.241747015059643,0.008562815823240477,-2223.8
2019-09-07 22:00:00,0.09763636178900503,5.303304908059076,0.007263713168158326,-1945.6
2019-09-07 23:00:00,0.07699661048863682,5.365976015021851,0.008256536182225105,-1568.2
2019-09-08 00:00:00,0.12242944365337483,5.327876168789581,0.005986181744678909,-1263.7
2019-09-08 01:00:00,0.18947729231734556,5.438079308923196,0.007047680659876043,-192.1
2019-09-08 02:00:00,0.23635281707415956,5.5093883366279774,0.00038589362438390395,-83.2
2019-09-08 03:00:00,0.26348862107681637,5.517452896464707,0.00709483017214918,-48.0
2019-09-08 04:00:00,0.27779231841694196,5.459585514144159,0.0021898384629395196,-20.6
2019-09-08 05:00:00,0.3059424185773336,5.4116460518550396,-0.010133045075513714,-1.1
2019-09-08 06:00:00,0.29767685423931756,5.3230099791384085,-0.02836296239012981,-164.6
2019-09-08 07:00:00,0.21433026647108377,5.1298987149230735,-0.021692749183307214,-1078.8
2019-09-08 08:00:00,0.1210332688248128,4.770684624465665,-0.02608317212269462,-1482.4
2019-09-08 09:00:00,0.14529595226069825,4.343805421853684,-0.024589089183967516,-2058.4
2019-09-08 10:00:00,0.14213050457804988,3.8918202981106265,-0.02138759623123576,-1943.3
2019-09-08 11:00:00,0.13198421922745673,3.367295829986474,-0.020706231055573454,-1925.0
2019-09-08 12:00:00,0.13836201751955013,2.995732273553991,-0.023477151902748794,-1701.9
2019-09-08 13:00:00,0.15217706999226133,2.70805020110221,-0.013423020301178923,-1379.3
2019-09-08 14:00:00,0.17394001859554598,2.6390573296152584,-0.010140969641240893,-1346.7
2019-09-08 15:00:00,0.20102941421436515,2.70805020110221,-0.02541681921339123,-1301.4
2019-09-08 16:00:00,0.1877259022522293,2.833213344056216,-0.0192138610255137,-1458.9
2019-09-08 17:00:00,0.1586846792315506,3.044522437723423,-0.02152601859083436,-2159.2
2019-09-08 18:00:00,0.08551533402051659,3.4657359027997265,-0.02526332865311076,-2153.3
2019-09-08 19:00:00,0.06771225891094534,3.9318256327243257,-0.025629134273309262,-2180.1
2019-09-08 20:00:00,0.05531019684468319,4.454347296253507,-0.015732436132113392,-2154.5
2019-09-08 21:00:00,0.06282605232245908,4.718498871295094,-0.006607680658934356,-1840.7
2019-09-08 22:00:00,0.06501809469135367,4.844187086458591,-0.001959438664616897,-1644.4
2019-09-08 23:00:00,0.11706683888240477,4.941642422609304,0.003741786906951816,-1543.5
2019-09-09 00:00:00,0.1976058027891443,5.44673737166631,0.021971750319992545,-1957.0
2019-09-09 01:00:00,0.2665537874783337,5.4638318050256105,0.02647332192487184,-1724.9
2019-09-09 02:00:00,0.26940324107414604,5.480638923341991,0.0302287721735901,-56.5
2019-09-09 03:00:00,0.22736164050047902,5.476463551931511,0.029339603040764217,214.5
2019-09-09 04:00:00,0.09837037972978413,5.442417710521793,0.022689372319224077,-452.2
2019-09-09 05:00:00,0.024257578393025447,5.3706380281276624,0.013653829134621098,-1711.2
2019-09-09 06:00:00,-0.04684655162480622,5.220355825078324,0.010522018464982352,-1828.2
2019-09-09 07:00:00,-0.017092394739743888,5.0106352940962555,-0.006568125366994693,-1897.4
2019-09-09 08:00:00,-0.006933093378247435,4.653960350157523,-0.01294965299712647,-2026.0
2019-09-09 09:00:00,0.015068645329315622,4.276666119016055,-0.023223924828230658,-2090.5
2019-09-09 10:00:00,0.005408400791483636,4.0943445622221,-0.018757890479858652,-2143.2
2019-09-09 11:00:00,0.08147422122541359,4.127134385045092,-0.015294557244676099,-2217.1
2019-09-09 12:00:00,0.11075866264522638,4.23410650459726,-0.012360841751195117,-2231.2
2019-09-09 13:00:00,0.07686513615758717,4.3694478524670215,-0.0027980985413629256,-2186.6
2019-09-09 14:00:00,0.05979410609880986,4.442651256490317,-0.012739664923176797,-2107.2
2019-09-09 15:00:00,0.06432740751742294,4.499809670330265,-0.016762557613257734,-2072.1
2019-09-09 16:00:00,0.019573906622502246,4.543294782270004,-0.015271707367061182,-2019.8
2019-09-09 17:00:00,0.01735721018927716,4.564348191467836,-0.026140089600446004,-2008.5
2019-09-09 18:00:00,0.015624664143564893,4.709530201312334,-0.03172186293168977,-2098.8
2019-09-09 19:00:00,0.022697377543043906,4.852030263919617,-0.030683123312351235,-2135.5
2019-09-09 20:00:00,0.016640604076817667,5.049856007249537,-0.02223920490833109,-2142.3
2019-09-09 21:00:00,0.021451684582939556,5.0689042022202315,-0.020368667299443644,-2042.5
2019-09-09 22:00:00,0.019808645027287852,5.056245805348308,-0.013123282734512465,-1922.7
2019-09-09 23:00:00,0.018047331168358216,4.948759890378168,-0.0023803174921708248,-1721.6
2019-09-10 00:00:00,0.05777826770138761,5.075173815233827,0.01915890118366459,-60.7
2019-09-10 01:00:00,0.07868420779853658,5.003946305945459,0.020146359565996974,260.4
2019-09-10 02:00:00,0.052608880320662355,4.90527477843843,0.022733325350067446,356.0
2019-09-10 03:00:00,0.042853328231193366,4.77912349311153,0.02335134984082643,386.9
2019-09-10 04:00:00,0.02732870904797835,4.68213122712422,0.020641223552192223,342.3
2019-09-10 05:00:00,-0.026529762951188474,4.663439094112067,0.0054108118644426995,-143.8
2019-09-10 06:00:00,-0.037121344822149904,4.68213122712422,-0.017341240629037635,-1592.7
2019-09-10 07:00:00,-0.028280402719770503,4.6913478822291435,-0.026579577937796195,-1624.5
2019-09-10 08:00:00,-0.0024269815675870277,4.564348191467836,-0.03049599793048685,-1527.1
2019-09-10 09:00:00,-0.014861067219988033,4.406719247264253,-0.02871478413346029,-1450.2
2019-09-10 10:00:00,-0.06931309279389009,4.356708826689592,-0.03021800097739913,-1362.7
2019-09-10 11:00:00,-0.06201275637118231,4.442651256490317,-0.018201562993462872,-1321.5
2019-09-10 12:00:00,-0.04948053401701502,4.477336814478207,-0.0027624449610970103,-1304.9
2019-09-10 13:00:00,-0.03299730152696956,4.48863636973214,-0.012071259963538417,-1309.1
2019-09-10 14:00:00,-0.035964335517150836,4.5217885770490405,-0.007407361273862989,-1318.5
2019-09-10 15:00:00,-0.05630270268180926,4.532599493153256,-0.017854341018225917,-1516.0
2019-09-10 16:00:00,-0.05629201170033937,4.532599493153256,-0.011969845755043451,-1541.2
2019-09-10 17:00:00,0.028212837694919557,4.624972813284271,-0.01403218804538664,-1742.8
2019-09-10 18:00:00,-0.00865405415405629,4.867534450455582,-0.016631609808430703,-1713.5
2019-09-10 19:00:00,-0.020543885504645143,5.0238805208462765,-0.027260584400885968,-1745.5
2019-09-10 20:00:00,-0.008588923293275652,5.25227342804663,-0.014654332404234083,-1784.7
2019-09-10 21:00:00,-0.005867430979036303,5.3471075307174685,-0.010202574173900025,-1813.7
2019-09-10 22:00:00,0.028005655043167987,5.4510384535657,0.002929667267230762,-1784.0
2019-09-10 23:00:00,0.07246658322698485,5.488937726156687,0.011939670662359347,-211.7
2019-09-11 00:00:00,0.10968770810978334,5.579729825986222,0.023487615941725437,-170.4
2019-09-11 01:00:00,0.08598934980699191,5.54907608489522,0.026367517232029236,229.2
2019-09-11 02:00:00,0.07236749287830468,5.488937726156687,0.030939193486301697,233.3
2019-09-11 03:00:00,0.03398671636837536,5.41610040220442,0.03330383447042884,266.6
2019-09-11 04:00:00,-0.007910867747890737,5.313205979041787,0.02802842325624688,272.5
2019-09-11 05:00:00,-0.038205694094238574,5.272999558563747,0.014532142834977613,-177.5
2019-09-11 06:00:00,0.0016867072835120567,5.351858133476067,-0.009393449535946452,-1497.9
2019-09-11 07:00:00,-0.029423026635893912,5.407171771460119,-0.021773967048259735,-2109.0
2019-09-11 08:00:00,0.02477036447282055,5.3706380281276624,-0.02416034875278239,-2011.1
2019-09-11 09:00:00,-0.027244639058518594,5.351858133476067,-0.02458529074108462,-1925.8
2019-09-11 10:00:00,-0.06727546244931615,5.37989735354046,-0.030693832027320234,-1826.5
2019-09-11 11:00:00,-0.11012174416104603,5.365976015021851,-0.012799079983594197,-1246.9
2019-09-11 12:00:00,-0.13498190288394518,5.389071729816501,-0.007275450472687517,-866.2
2019-09-11 13:00:00,-0.10085903021978426,5.501258210544727,-0.007500472652320234,-799.1
2019-09-11 14:00:00,-0.09451213119987889,5.645446897643238,-0.0065814793158551765,-776.5
2019-09-11 15:00:00,-0.08975188938775247,5.780743515792329,-0.013352998244788417,-769.1
2019-09-11 16:00:00,-0.12175488308805527,5.883322388488279,-0.011105816824379389,-751.8
2019-09-11 17:00:00,-0.130673710341497,5.924255797414532,-0.014159980403785077,-1198.6
2019-09-11 18:00:00,-0.08930142519441153,5.905361848054571,-0.012757105396979718,-1764.3
2019-09-11 19:00:00,-0.09158306190842591,5.780743515792329,-0.023286145193520014,-1727.1
2019-09-11 20:00:00,-0.10690283418880497,5.82600010738045,-0.015507462851937603,-1669.1
2019-09-11 21:00:00,-0.08274567735754745,5.796057750765372,-0.007019615092915821,-1461.8
2019-09-11 22:00:00,-0.09040614212564257,5.720311776607412,0.005537748430046285,-926.4
2019-09-11 23:00:00,-0.08654373941051885,5.648974238161206,0.015638312467281423,-199.4
2019-09-12 00:00:00,-0.11733656873267506,5.8944028342648505,0.02434346580431157,-77.2
2019-09-12 01:00:00,-0.10980502157590966,5.877735781779639,0.026397114144526057,252.0
2019-09-12 02:00:00,-0.08936067112260027,5.8805329864007,0.028443646798894662,237.5
2019-09-12 03:00:00,-0.1014950414379765,5.8998973535824915,0.02804479193600873,198.6
2019-09-12 04:00:00,-0.04650063579986563,5.910796644040527,0.026874534177400378,189.2
2019-09-12 05:00:00,-0.04073622624501905,5.942799375126701,0.01725204233042188,-262.2
2019-09-12 06:00:00,-0.055789813391346144,5.981414211254481,-0.0001541526903032775,-1126.5
2019-09-12 07:00:00,-0.06963657161966363,5.991464547107982,-0.008476498954232525,-1604.4
2019-09-12 08:00:00,-0.07175741439556171,5.908082938168931,-0.014129626993988786,-1906.4
2019-09-12 09:00:00,-0.05625208564979811,5.883322388488279,-0.013617977238593149,-1817.7
2019-09-12 10:00:00,0.012056672318190742,5.924255797414532,-0.009355570599455021,-1709.4
2019-09-12 11:00:00,-0.015982749348527392,5.916202062607435,-0.0014484829903613772,-1659.4
2019-09-12 12:00:00,0.03818136221404744,5.8916442118257715,0.0009278995543535729,-1487.3
2019-09-12 13:00:00,0.03361821875668225,5.87493073085203,0.02085683174429498,-1270.1
2019-09-12 14:00:00,-0.015163152127338542,5.910796644040527,0.003430542362328204,-823.0
2019-09-12 15:00:00,-0.0945330195154539,5.986452005284438,-0.008794802642925426,-863.2
2019-09-12 16:00:00,-0.05728539241092667,6.040254711277414,4.704457007331797e-05,-875.9
2019-09-12 17:00:00,-0.0562421694920201,6.089044875446846,-0.0029325059536313702,-1595.3
2019-09-12 18:00:00,-0.08491766660589617,6.194405391104672,-0.0005586369964971638,-1638.9
2019-09-12 19:00:00,-0.07497699951700776,6.169610732491456,-0.008260745025737926,-1721.8
2019-09-12 20:00:00,-0.052275466870647325,6.248042874508429,-0.00207094747936587,-1738.3
2019-09-12 21:00:00,-0.04829729463231969,6.202535517187923,0.003735494863387423,-1454.7
2019-09-12 22:00:00,-0.056002180101054844,6.124683390894205,0.012047977064227666,-755.7
2019-09-12 23:00:00,-0.07942773284375271,6.056784013228625,0.020241698392574392,-301.4
2019-09-13 00:00:00,-0.040834654727984976,6.129050210060545,0.026992360828463013,-12.6
2019-09-13 01:00:00,-0.0254067270480669,6.1092475827643655,0.041604071117036234,171.9
2019-09-13 02:00:00,-0.03884245367692607,6.09807428216624,0.04104408812436322,178.8
2019-09-13 03:00:00,-0.12108173514286191,6.115892125483034,0.037085033085262786,198.4
2019-09-13 04:00:00,-0.1486173159965718,6.139884552226255,0.021602262619280665,188.0
2019-09-13 05:00:00,-0.14792307589928688,6.1224928095143865,0.01989694314383339,-174.8
2019-09-13 06:00:00,-0.09291679873666991,6.09807428216624,0.00985259876918576,-890.5
2019-09-13 07:00:00,-0.08693856577425674,6.0867747269123065,-0.002231615997417613,-998.0
2019-09-13 08:00:00,-0.08680091248887356,5.976350909297934,-0.004174418774714361,-1278.7
2019-09-13 09:00:00,-0.08333691408602606,5.91350300563827,-0.004893759092525762,-1149.3
2019-09-13 10:00:00,0.05421319875398245,5.877735781779639,0.0021705148690349674,-1013.1
2019-09-13 11:00:00,-0.06318293843240408,5.860786223465865,-0.006571536691087232,-958.5
2019-09-13 12:00:00,-0.045498117315470044,5.863631175598097,-0.02878926903950596,-774.9
2019-09-13 13:00:00,-0.06802682095421586,5.849324779946859,-0.02865953866004034,-657.1
2019-09-13 14:00:00,-0.07708700358884757,5.840641657373398,-0.017257560697615304,-477.4
2019-09-13 15:00:00,-0.0897330147595099,5.820082930352362,-0.0333241119061114,-388.2
2019-09-13 16:00:00,-0.08418832718529146,5.863631175598097,-0.010320325305127831,-400.8
2019-09-13 17:00:00,-0.09012621958832989,5.961005339623274,-0.008759664969871572,-457.7
2019-09-13 18:00:00,-0.08535242944132193,6.0867747269123065,-0.00275774422644659,-839.4
2019-09-13 19:00:00,-0.08307928730349357,6.09807428216624,-0.015569140206040721,-987.1
2019-09-13 20:00:00,-0.0917804569438867,6.238324625039508,-0.002708210038611547,-1012.0
2019-09-13 21:00:00,-0.08223403453378575,6.236369590203704,0.0039195087303181,-853.2
2019-09-13 22:00:00,-0.11284394544549636,6.210600077024653,0.021747920356299133,-562.0
2019-09-13 23:00:00,-0.17233742921043715,6.1779441140506,0.03417077265210544,-46.0
2019-09-14 00:00:00,-0.2204434902902297,6.214608098422191,0.04103001920165639,306.0
2019-09-14 01:00:00,-0.1769258490079344,6.144185634125646,0.04270030653711654,354.4
2019-09-14 02:00:00,-0.14865552639067126,6.056784013228625,0.043189740803158294,379.5
2019-09-14 03:00:00,-0.10107475508942088,5.948034989180646,0.042858757982916273,407.8
2019-09-14 04:00:00,-0.07722422705192589,5.8522024797744745,0.036436736837796246,418.1
2019-09-14 05:00:00,-0.029878560196117565,5.720311776607412,0.031327263476813805,451.8
2019-09-14 06:00:00,-0.06642817722192218,5.5134287461649825,0.018946045264061517,400.8
2019-09-14 07:00:00,-0.029517981612265487,5.25227342804663,0.011677018306942344,9.4
2019-09-14 08:00:00,-0.020996844020252148,4.77912349311153,0.009749231014261284,-423.3
2019-09-14 09:00:00,-0.015263043048039826,4.382026634673881,0.0005333464815961975,-569.6
2019-09-14 10:00:00,0.07865222736694477,4.189654742026425,0.0007823742570396419,-592.2
2019-09-14 11:00:00,-0.03840392164660811,4.219507705176107,0.0033472209828335764,-162.2
2019-09-14 12:00:00,-0.01234334994788977,4.3694478524670215,-0.0007719226931257595,-52.2
2019-09-14 13:00:00,-0.08025825904156614,4.499809670330265,0.007775690828706772,175.8
2019-09-14 14:00:00,-0.12216547212857032,4.584967478670572,0.009745955560478414,170.3
2019-09-14 15:00:00,-0.16668028711702743,4.59511985013459,-0.011296868231025492,178.3
2019-09-14 16:00:00,-0.08147269574186211,4.553876891600541,0.0006590733235745105,-18.0
2019-09-14 17:00:00,0.00048158835848521875,4.499809670330265,-0.002044316416788483,-561.4
2019-09-14 18:00:00,-0.007669855900159117,4.624972813284271,0.0030999511139828684,-648.9
2019-09-14 19:00:00,-0.04057656197379034,4.795790545596741,4.981608443532792e-05,-667.2
2019-09-14 20:00:00,-0.04181698326298555,5.159055299214529,0.00364098094592169,-725.0
2019-09-14 21:00:00,-0.017750792952953898,5.308267697401205,0.012361490856456214,-327.7
2019-09-14 22:00:00,-0.049411484438444564,5.424950017481403,0.021905263161106525,-101.9
2019-09-14 23:00:00,-0.12777166417496577,5.484796933490655,0.029331074298152515,467.0
2019-09-15 00:00:00,-0.10463938710658383,5.575949103146316,0.016359718752006813,526.9
2019-09-15 01:00:00,-0.1284901757232877,5.655991810819852,0.013376815711523271,513.1
2019-09-15 02:00:00,-0.31418025628694357,5.8377304471659395,0.010990446873180737,464.2
2019-09-15 03:00:00,-0.37528604130924537,6.075346031088684,0.017643451192893345,382.6
2019-09-15 04:00:00,-0.44356941390716464,6.218600119691729,0.01482158536884004,314.6
2019-09-15 05:00:00,-0.35310034997557205,6.236369590203704,0.004713463041481347,296.4
2019-09-15 06:00:00,-0.3288462986920351,6.169610732491456,-0.018834039044251405,349.3
2019-09-15 07:00:00,-0.36031560486997716,6.124683390894205,-0.0175647763452762,391.2
2019-09-15 08:00:00,-0.24631063146348708,6.1070228877422545,-0.02105550944572876,375.3
2019-09-15 09:00:00,-0.2608401617103935,6.150602768446279,-0.020679015776123855,342.4
2019-09-15 10:00:00,-0.29850953229742805,6.1903154058531475,-0.028167283216614436,299.4
2019-09-15 11:00:00,-0.26796971483229015,6.152732694704104,-0.02265365133996866,305.7
2019-09-15 12:00:00,-0.32576500323720037,6.173786103901937,-0.020548892123660067,309.0
2019-09-15 13:00:00,-0.35760088474128526,6.206575926724928,-0.013423020301178923,323.4
2019-09-15 14:00:00,-0.452488082669563,6.1675164908883415,-0.012094095262123794,315.6
2019-09-15 15:00:00,-0.4377034512282081,6.137727054086234,-0.023478834110712832,321.9
2019-09-15 16:00:00,-0.13400488530048182,6.111467339502679,-0.0192138610255137,356.6
2019-09-15 17:00:00,-0.056270095577307444,6.100318952020064,-0.015806269918047455,-405.8
2019-09-15 18:00:00,-0.07652345545301076,6.1224928095143865,-0.012793143076241797,-540.6
2019-09-15 19:00:00,-0.07557088351794583,6.07993319509559,-0.020900993077363594,-634.3
2019-09-15 20:00:00,-0.11275236390462595,6.102558594613569,-0.016679854488153012,-650.7
2019-09-15 21:00:00,-0.2058315331172209,6.171700597410915,-0.012349323226609421,-245.2
2019-09-15 22:00:00,-0.31488077604729536,6.202535517187923,-0.010857174084481613,-153.6
2019-09-15 23:00:00,-0.2780384235007731,6.19644412779452,-0.013649955804917013,229.0
2019-09-16 00:00:00,-0.6593402595697846,6.2166061010848646,-0.014207906257509784,235.7
2019-09-16 01:00:00,-0.9160644435247925,6.2166061010848646,-0.010046124902840958,227.7
2019-09-16 02:00:00,-0.9160644435247925,6.202535517187923,-0.009483865233277378,238.5
2019-09-16 03:00:00,-0.9160644435247925,6.180016653652572,-0.011312164225696364,242.5
2019-09-16 04:00:00,-0.5590112036371342,6.156978985585555,0.0011831670982598297,209.9
2019-09-16 05:00:00,-0.2681193383629634,6.126869184114185,0.005701500944126359,-126.8
2019-09-16 06:00:00,-0.09757471460426714,6.089044875446846,0.01515380071502026,-806.7
2019-09-16 07:00:00,-0.1169802160076352,6.003887067106539,0.010480291134788544,-1688.4
2019-09-16 08:00:00,-0.09891209821622127,5.755742213586912,0.010892535965633776,-1818.7
2019-09-16 09:00:00,-0.08326725539154634,5.552959584921617,0.004054493355446276,-1760.5
2019-09-16 10:00:00,-0.10510120023999825,5.459585514144159,0.00240692071218529,-1737.2
2019-09-16 11:00:00,-0.04682648680864965,5.420534999272286,0.005214409476950621,-1723.8
2019-09-16 12:00:00,-0.028978673733449423,5.429345628954441,0.012573664648973804,-1697.1
2019-09-16 13:00:00,-0.03609166555474497,5.442417710521793,0.015107482789776583,-1711.4
2019-09-16 14:00:00,-0.047259890065349364,5.424950017481403,0.0009031114806097307,-1718.9
2019-09-16 15:00:00,-0.04100469864594869,5.389071729816501,-0.0014400406208929795,-1712.6
2019-09-16 16:00:00,-0.05009517361330884,5.3471075307174685,0.003571380434419069,-1705.8
2019-09-16 17:00:00,-0.04416745014410406,5.272999558563747,0.0008157203880827524,-1717.6
2019-09-16 18:00:00,-0.06467442091889009,5.272999558563747,-0.007141654095722316,-1747.5
2019-09-16 19:00:00,-0.04931453088227444,5.313205979041787,0.0025186702076940293,-1773.3
2019-09-16 20:00:00,-0.04411386257522132,5.438079308923196,0.006748331964921306,-1836.0
2019-09-16 21:00:00,-0.02442040344472174,5.480638923341991,-3.5249570653483886e-05,-1828.7
2019-09-16 22:00:00,-0.003556246147784048,5.517452896464707,-0.0073373456674685755,-1223.9
2019-09-16 23:00:00,-0.0453467698615726,5.541263545158426,-0.006364386507045516,-810.5
2019-09-17 00:00:00,0.016653288782511044,5.598421958998375,-0.010632721680765123,-89.2
2019-09-17 01:00:00,0.05308980196599489,5.497168225293202,-0.021788505847695205,249.0
2019-09-17 02:00:00,0.022570709420969948,5.484796933490655,-0.019245555988593566,267.9
2019-09-17 03:00:00,0.019168010489683862,5.497168225293202,-0.019564707283578286,264.1
2019-09-17 04:00:00,0.004049287269930701,5.5093883366279774,-0.01768558031398282,264.1
2019-09-17 05:00:00,-0.02833808170797214,5.5134287461649825,-0.009733344299855062,-166.8
2019-09-17 06:00:00,-0.015227717118088346,5.53338948872752,0.0025363660478472383,-1637.6
2019-09-17 07:00:00,0.02195249600060256,5.517452896464707,0.00985432430830624,-1929.1
2019-09-17 08:00:00,0.08515313378613598,5.351858133476067,0.005609006711630116,-2304.4
2019-09-17 09:00:00,0.11699261065010313,5.241747015059643,0.00700329846861969,-2294.6
2019-09-17 10:00:00,-0.03116132682951367,5.204006687076795,0.00644234040030689,-1704.1
2019-09-17 11:00:00,-0.028092351177905428,5.170483995038151,0.012376358905597407,-1603.3
2019-09-17 12:00:00,-0.03997529051958715,5.1298987149230735,0.026796357280447936,-1497.7
2019-09-17 13:00:00,-0.022619982205770217,5.030437921392435,0.0166045400131285,-1470.8
2019-09-17 14:00:00,-0.03005465179192246,4.983606621708336,0.016144451962267325,-1409.3
2019-09-17 15:00:00,-0.04382381130862134,5.017279836814924,0.004618514833833132,-1354.1
2019-09-17 16:00:00,-0.04604135246699892,5.056245805348308,0.025601657416908452,-1299.7
2019-09-17 17:00:00,-0.050370858145699415,5.0689042022202315,0.02253006544788949,-1325.1
2019-09-17 18:00:00,-0.05767139538225541,5.123963979403259,0.023750727637255054,-1425.8
2019-09-17 19:00:00,0.01430652626747042,5.1298987149230735,0.021790710465943164,-1783.8
2019-09-17 20:00:00,0.03917110944331492,5.25227342804663,0.01958324591235705,-1868.3
2019-09-17 21:00:00,-0.017540715283761,5.293304824724492,0.009126145379600104,-1537.4
2019-09-17 22:00:00,-0.01873319693037212,5.298317366548036,-0.0028451322266533907,-182.4
2019-09-17 23:00:00,0.018346784338989064,5.225746673713202,-0.002963734840215615,-171.8
2019-09-18 00:00:00,0.0778254549609998,5.241747015059643,0.0042074651962247245,75.6
2019-09-18 01:00:00,0.06459100742774337,5.19295685089021,-0.004658756331071601,174.7
2019-09-18 02:00:00,0.09925639309463596,5.135798437050262,-0.0011380523227737527,201.1
2019-09-18 03:00:00,0.05624409809958131,5.075173815233827,-0.0007727719102952335,198.7
2019-09-18 04:00:00,0.011629412855632015,4.983606621708336,0.0004334173103606176,85.0
2019-09-18 05:00:00,-0.026051184085376544,4.882801922586371,0.009549571490513387,-375.6
2019-09-18 06:00:00,0.007949491538473463,4.727387818712341,0.023304465745965786,-1836.5
2019-09-18 07:00:00,0.14436742003293723,4.465908118654584,0.031224514746958754,-2100.3
2019-09-18 08:00:00,0.22896150166981677,3.8501476017100584,0.031879212303001836,-2179.8
2019-09-18 09:00:00,0.14922693546373855,3.295836866004329,0.030911114708430887,-2118.0
2019-09-18 10:00:00,-0.04950329270351839,2.8903717578961645,0.02494965954138273,-1787.1
2019-09-18 11:00:00,-0.04518219492790543,2.70805020110221,0.03521013920276683,-1687.8
2019-09-18 12:00:00,-0.0759335415453326,2.70805020110221,0.03969818277034687,-1651.5
2019-09-18 13:00:00,-0.03709241186079515,2.70805020110221,0.041246439857323125,-1627.8
2019-09-18 14:00:00,-0.029658658182498243,2.772588722239781,0.03559614953735046,-1589.9
2019-09-18 15:00:00,-0.010542630852612866,3.044522437723423,0.02761444024343529,-1579.1
2019-09-18 16:00:00,-0.03233426359048419,3.332204510175204,0.048177351191773354,-1497.1
2019-09-18 17:00:00,0.006217126793868211,3.6635616461296463,0.04234224887333582,-1875.0
2019-09-18 18:00:00,0.014117674904738475,4.110873864173311,0.044959754960845366,-2073.8
2019-09-18 19:00:00,0.015061975441757358,4.356708826689592,0.041138422323052204,-2103.9
2019-09-18 20:00:00,-0.014504093668093798,4.77912349311153,0.03350011625475702,-2069.3
2019-09-18 21:00:00,0.03556133001635153,4.969813299576001,0.02756071850386288,-1784.9
2019-09-18 22:00:00,0.01777559969076581,5.153291594497779,0.015043523429747019,-1704.7
2019-09-18 23:00:00,0.08591541096069477,5.3612921657094255,0.014657439411689843,-991.3
2019-09-19 00:00:00,0.08583675579481831,5.955837369464831,-0.006271170015295091,-89.6
2019-09-19 01:00:00,0.04210098839752474,5.973809611869261,-0.018425396414612827,162.6
2019-09-19 02:00:00,0.046494034660732986,5.988961416889864,-0.0121657852803434,172.4
2019-09-19 03:00:00,0.01987644080867934,6.023447592961033,-0.013541241842093932,146.2
2019-09-19 04:00:00,0.0679868498329137,6.075346031088684,-0.009082087101186964,121.7
2019-09-19 05:00:00,0.07465835968184553,6.1070228877422545,0.00027709654029006714,-641.1
2019-09-19 06:00:00,0.026584006345317324,6.104793232414985,0.014799396976754586,-1874.0
2019-09-19 07:00:00,0.02575272523838379,6.049733455231958,0.022101422944827753,-2244.7
2019-09-19 08:00:00,0.0173398112240446,5.793013608384144,0.026764960172663166,-2242.2
2019-09-19 09:00:00,0.040419389907146996,5.521460917862246,0.03282050225536004,-2202.7
2019-09-19 10:00:00,0.12373281876639464,5.3706380281276624,0.03458823064366445,-2188.4
2019-09-19 11:00:00,0.11521181562309879,5.3706380281276624,0.03659237091510814,-2199.2
2019-09-19 12:00:00,0.1379447116528416,5.497168225293202,0.033630769636104674,-2167.8
2019-09-19 13:00:00,0.08678312683249434,5.634789603169249,0.048328652408493156,-2016.9
2019-09-19 14:00:00,0.08159251633696929,5.730099782973574,0.022324491722289785,-2004.3
2019-09-19 15:00:00,0.012323930937342187,5.75890177387728,0.009997696706442127,-2054.4
2019-09-19 16:00:00,0.08108161799005753,5.746203190540153,0.033828034427536124,-2195.7
2019-09-19 17:00:00,0.05322031499982316,5.683579767338681,0.025463368201548597,-2252.5
2019-09-19 18:00:00,0.05557269634293016,5.799092654460526,0.028040273665503435,-2283.1
2019-09-19 19:00:00,0.04846157820606489,5.886104031450156,0.030716730987507823,-2337.7
2019-09-19 20:00:00,0.07246008810061788,6.154858094016418,0.02385808671160028,-2429.7
2019-09-19 21:00:00,0.09266412940109436,6.270988431858299,0.017453131092186602,-2470.7
2019-09-19 22:00:00,0.07598766759047848,6.327936783729195,0.0024785260480770788,-2376.2
2019-09-19 23:00:00,0.09156792007006587,6.345636360828596,0.003434580076193683,-1713.7
2019-09-20 00:00:00,0.15682497201393764,6.431331081933479,0.021923926258003767,-1888.8
2019-09-20 01:00:00,0.20147409195209454,6.411818267709897,0.03450104784878949,-1624.2
2019-09-20 02:00:00,0.21774514888069074,6.375024819828097,0.027717391660663893,-1070.6
2019-09-20 03:00:00,0.17834512092097876,6.345636360828596,0.023689675653026043,-1439.5
2019-09-20 04:00:00,0.12912644031729448,6.326149473155099,0.007124243438627609,-1791.0
2019-09-20 05:00:00,0.02933179596529989,6.274762021241939,0.034756057547583374,-2103.7
2019-09-20 06:00:00,-0.028081937398382273,6.175867270105761,0.04116270699764346,-2639.8
2019-09-20 07:00:00,-0.003798921590187021,6.021023349349527,0.06162916875365543,-2707.5
2019-09-20 08:00:00,-0.02548215608162474,5.6240175061873385,0.053132926482591714,-2647.3
2019-09-20 09:00:00,-0.012912187348600668,5.0106352940962555,0.049406524383107886,-2534.8
2019-09-20 10:00:00,0.1273025711904041,4.356708826689592,0.05091819905715145,-2475.9
2019-09-20 11:00:00,0.01603897879608107,3.7376696182833684,0.03748845310294335,-2456.6
2019-09-20 12:00:00,0.026741510270351654,3.5553480614894135,0.011665685652808122,-2166.1
2019-09-20 13:00:00,-0.02099666287112134,3.5263605246161616,0.017191188905026245,-1560.1
2019-09-20 14:00:00,-0.03646929547884925,3.58351893845611,0.010216694854633168,-970.8
2019-09-20 15:00:00,-0.04092841630576549,3.6375861597263857,0.005825175226640056,-1034.2
2019-09-20 16:00:00,-0.014467565335011923,3.713572066704308,0.019750277542893713,-1424.2
2019-09-20 17:00:00,-0.012762074546712743,3.7612001156935624,0.019309176386308025,-1846.3
2019-09-20 18:00:00,-0.022795847138484593,3.912023005428146,0.02446716772154467,-1742.0
2019-09-20 19:00:00,-0.03366868824571956,4.04305126783455,0.03044709708066584,-1589.8
2019-09-20 20:00:00,-0.038861133809704906,4.3694478524670215,0.02121197367903971,-1443.7
2019-09-20 21:00:00,-0.01375050956627577,4.406719247264253,0.011466714365701236,-1127.4
2019-09-20 22:00:00,0.0010404497952301028,4.31748811353631,0.016905295880511595,-742.7
2019-09-20 23:00:00,-0.07018785421598261,4.23410650459726,0.029227608854585085,-82.9
2019-09-21 00:00:00,-0.05116024119070017,4.51085950651685,0.002130539587918534,199.0
2019-09-21 01:00:00,-0.08044871066491188,4.290459441148391,0.011738080933150208,364.2
2019-09-21 02:00:00,-0.05062518169927932,4.07753744390572,0.015165073354962644,408.8
2019-09-21 03:00:00,0.007281269548203628,3.9512437185814275,0.02110751205055461,418.1
2019-09-21 04:00:00,0.08215330975143775,3.9318256327243257,0.019941517468685,429.3
2019-09-21 05:00:00,0.13678945601783354,4.007333185232471,0.009754778222686333,277.7
2019-09-21 06:00:00,0.08558803007670335,4.1588830833596715,0.007829205157722008,-205.9
2019-09-21 07:00:00,0.05091364196311021,4.30406509320417,0.009704631079737958,-619.5
2019-09-21 08:00:00,0.01831593320969116,4.248495242049359,0.01166861740006464,-1046.4
2019-09-21 09:00:00,-0.0028941236712629603,4.127134385045092,0.016399288257914257,-1257.1
2019-09-21 10:00:00,0.029933673351863366,4.127134385045092,0.02212889246421046,-134.1
2019-09-21 11:00:00,-0.022247496443798642,4.356708826689592,0.020170047626985266,-118.7
2019-09-21 12:00:00,0.0402757914586398,4.6913478822291435,0.015228418653315146,-131.4
2019-09-21 13:00:00,-0.0003179841466081079,5.017279836814924,0.020011137587545136,-75.7
2019-09-21 14:00:00,-0.0009837000010635144,5.25227342804663,0.01546025682391683,-95.9
2019-09-21 15:00:00,-0.04207049657038997,5.424950017481403,0.004809590800027408,-141.5
2019-09-21 16:00:00,-0.014467982406455526,5.537334267018537,0.021220545361376075,-277.2
2019-09-21 17:00:00,0.0232655587809929,5.5909869805108565,0.02113706469049248,-1550.8
2019-09-21 18:00:00,0.00891616915722393,5.780743515792329,0.024545994499591828,-1792.0
2019-09-21 19:00:00,-0.007211373282418165,5.902633333401366,0.024878677738304766,-1926.4
2019-09-21 20:00:00,0.003552821485891311,6.156978985585555,0.024947947258851855,-1855.8
2019-09-21 21:00:00,0.03377169277216785,6.282266746896006,0.0255443559713342,-1222.2
2019-09-21 22:00:00,0.02651082144551742,6.3473892096560105,0.028665308218825736,-768.3
2019-09-21 23:00:00,-0.052353934139180325,6.3784261836515865,0.010282879327458083,-487.4
2019-09-22 00:00:00,-0.0035852902787820717,6.416732282512326,0.022532577859087688,-92.0
2019-09-22 01:00:00,0.06093620669441169,6.386879319362645,0.024877203831839445,-68.7
2019-09-22 02:00:00,0.11628615402663778,6.35088571671474,0.019393857669560255,-58.1
2019-09-22 03:00:00,0.15012329387713308,6.349138991379798,0.016593582330056478,-60.5
2019-09-22 04:00:00,0.18696610909466793,6.3473892096560105,0.015867063770393486,-49.1
2019-09-22 05:00:00,0.20550652581776996,6.326149473155099,0.02451609033766111,-27.9
2019-09-22 06:00:00,0.16691100893447208,6.282266746896006,0.007168465988355521,-253.4
2019-09-22 07:00:00,0.11684252643838278,6.19644412779452,-0.0012212052031195242,-318.7
2019-09-22 08:00:00,0.07094225892233297,5.953243334287785,0.005665526191886094,-290.5
2019-09-22 09:00:00,0.06719661929830512,5.631211781821365,0.01195343825277373,-474.2
2019-09-22 10:00:00,0.10309705012320691,5.356586274672012,-0.0003744066324191664,-772.7
2019-09-22 11:00:00,0.09826368803140229,5.214935757608986,0.006166787195523327,-839.8
2019-09-22 12:00:00,0.11104879759873754,5.198497031265826,0.015818752047215057,-580.3
2019-09-22 13:00:00,0.13516642484598052,5.19295685089021,0.009654926981366607,-368.2
2019-09-22 14:00:00,0.1525271634280152,5.147494476813453,0.004387130921668536,-220.9
2019-09-22 15:00:00,0.18045792244717473,5.056245805348308,-0.010017092359814406,-185.8
2019-09-22 16:00:00,0.1626633777251345,4.912654885736052,-0.0029688788411803557,-253.1
2019-09-22 17:00:00,0.06803602689858979,4.709530201312334,0.015080602758857253,-782.2
2019-09-22 18:00:00,0.02330926748861417,4.787491742782046,0.02554722375065044,-1729.1
2019-09-22 19:00:00,0.010553845070996548,4.941642422609304,0.018863839070026422,-1997.3
2019-09-22 20:00:00,-0.0025628023331778493,5.176149732573829,0.013200986722889496,-1896.3
2019-09-22 21:00:00,-0.012649824042570756,5.318119993844216,0.016034796090825587,-494.2
2019-09-22 22:00:00,-0.0021367613342899716,5.41610040220442,0.010754669031005193,-222.2
2019-09-22 23:00:00,0.025714579363232293,5.442417710521793,0.006779763927029059,-43.1
2019-09-23 00:00:00,-0.01913356041008729,5.501258210544727,-0.029054414374504844,280.2
2019-09-23 01:00:00,0.04194072818476391,5.438079308923196,-0.030444040931626226,353.6
2019-09-23 02:00:00,0.07998493900092774,5.327876168789581,-0.026688590682907964,373.7
2019-09-23 03:00:00,0.0417500057981135,5.19295685089021,-0.02416030670354541,386.7
2019-09-23 04:00:00,-0.08726692991361418,5.093750200806762,-0.01341563232289289,408.8
2019-09-23 05:00:00,-0.038565007529030026,4.955827057601261,-0.0053372463706953255,219.7
2019-09-23 06:00:00,-0.04628142021671655,4.859812404361672,0.006801083939292241,-1328.1
2019-09-23 07:00:00,-0.05194665896985251,4.727387818712341,0.006021968993077387,-2150.0
2019-09-23 08:00:00,-0.08422021925853729,4.330733340286331,0.00036612297864557775,-2155.4
2019-09-23 09:00:00,-0.038984589242310186,3.871201010907891,0.0005762289791206854,-2210.8
2019-09-23 10:00:00,-0.06191730112711591,3.367295829986474,-0.0098847177993715,-2205.7
2019-09-23 11:00:00,-0.009147992184919573,3.044522437723423,-0.007219143239130865,-2201.0
2019-09-23 12:00:00,0.018274211117095707,3.1354942159291497,0.0010742013520737004,-2190.9
2019-09-23 13:00:00,0.0044376581168146245,3.258096538021482,0.0008087583896303485,-2188.0
2019-09-23 14:00:00,-0.0019733004270996446,3.332204510175204,-0.009083353720066079,-2198.7
2019-09-23 15:00:00,0.01988726711005473,3.258096538021482,-0.016762557613257734,-2203.8
2019-09-23 16:00:00,-0.006795979312591793,3.1354942159291497,-0.008951144564471214,-2200.1
2019-09-23 17:00:00,0.007626692914146194,3.091042453358316,-0.0018473970314012433,-2228.2
2019-09-23 18:00:00,0.011257284048124205,3.2188758248682006,-0.0035509859649938136,-2313.7
2019-09-23 19:00:00,0.05560340897722371,3.332204510175204,0.0060429029302238035,-2302.7
2019-09-23 20:00:00,0.025688100199293906,3.4965075614664802,-0.00042015751369106624,-2283.0
2019-09-23 21:00:00,-0.00999574279641191,3.58351893845611,-0.01478206059080378,-2111.5
2019-09-23 22:00:00,0.012548071383683634,3.6375861597263857,-0.016028853785926778,-1653.4
2019-09-23 23:00:00,0.03822092598059923,3.6888794541139363,-0.0163945608669831,-803.8
2019-09-24 00:00:00,0.15250994306126486,4.04305126783455,-0.027457513930746025,-987.5
2019-09-24 01:00:00,0.16682489038531756,3.8918202981106265,-0.0347197205199441,-731.2
2019-09-24 02:00:00,0.17790445731797888,3.8066624897703196,-0.03002152233308575,-227.3
2019-09-24 03:00:00,0.18419710247113041,3.7612001156935624,-0.029237001926086137,-706.8
2019-09-24 04:00:00,0.15243545201324915,3.8066624897703196,-0.02723472449383646,-1314.2
2019-09-24 05:00:00,0.06353826462818146,3.8066624897703196,-0.018931160804486424,-1591.2
2019-09-24 06:00:00,0.015543941548665341,3.7376696182833684,-0.005934272835661503,-2283.0
2019-09-24 07:00:00,0.06759063643329721,3.6635616461296463,-3.339669810120682e-05,-2444.4
2019-09-24 08:00:00,0.016854947981863155,3.4011973816621555,-0.003295771631329991,-2432.8
2019-09-24 09:00:00,0.01976771579548986,3.091042453358316,0.0017262413677752164,-2383.0
2019-09-24 10:00:00,0.0032659333395566037,2.70805020110221,0.003804976234222046,-2399.7
2019-09-24 11:00:00,0.02695278089280606,2.3978952727983707,0.004372759045075725,-2376.4
2019-09-24 12:00:00,0.028572295420654648,2.302585092994046,0.01436280456436645,-2360.8
2019-09-24 13:00:00,0.048454055485005476,2.1972245773362196,-0.0012212439394723162,-2361.2
2019-09-24 14:00:00,0.0327462494471078,2.3978952727983707,-0.0028348795989723286,-2351.6
2019-09-24 15:00:00,0.013679025235319386,2.4849066497880004,-0.013319185852834536,-2327.1
2019-09-24 16:00:00,0.016547677579069386,2.4849066497880004,0.006992347684771083,-2320.3
2019-09-24 17:00:00,0.039394855130924444,2.70805020110221,0.007531989870454225,-2380.1
2019-09-24 18:00:00,0.0454412969070761,3.044522437723423,0.013140548525239382,-2422.0
2019-09-24 19:00:00,0.07642580268521781,3.367295829986474,0.013926974005729065,-2428.6
2019-09-24 20:00:00,0.08868492920880922,3.713572066704308,0.0026109760690751216,-2438.7
2019-09-24 21:00:00,0.028623428461254985,4.02535169073515,-0.005566497256421776,-2324.8
2019-09-24 22:00:00,0.0677012256101106,4.2626798770413155,-0.017429736881416247,-1879.3
2019-09-24 23:00:00,0.1634657921358995,4.382026634673881,-0.021146053923406072,-532.9
2019-09-25 00:00:00,0.22757740474434884,4.394449154672439,-0.020690086425502408,36.9
2019-09-25 01:00:00,0.20322090472364973,4.330733340286331,-0.02481859027509259,216.8
2019-09-25 02:00:00,0.23901833546979478,4.356708826689592,-0.019175676639321182,215.5
2019-09-25 03:00:00,0.20452396705198428,4.532599493153256,-0.01665452446323812,169.6
2019-09-25 04:00:00,0.14900712144592454,4.77912349311153,-0.015232699434038821,36.5
2019-09-25 05:00:00,0.06895692654281094,5.111987788356544,-0.006563566652618036,-1331.2
2019-09-25 06:00:00,0.04236665402083961,5.44673737166631,0.001938116473603202,-2099.1
2019-09-25 07:00:00,0.01801362356723235,5.652489180268651,0.0019281452585282466,-2472.4
2019-09-25 08:00:00,0.01151236624916363,5.6131281063880705,0.00024212735981876676,-2474.4
2019-09-25 09:00:00,0.007651442783671136,5.43372200355424,0.00046074118500349925,-2329.4
2019-09-25 10:00:00,0.02615206854039176,5.2832037287379885,-0.006466536691995373,-2220.7
2019-09-25 11:00:00,0.005454787906880476,5.236441962829949,-0.0001292272425423846,-2258.2
2019-09-25 12:00:00,-0.03507862575628895,5.231108616854587,-4.2145879167065914e-05,-2091.3
2019-09-25 13:00:00,-0.013921142114993845,5.288267030694535,-0.007500472652320234,-2151.8
2019-09-25 14:00:00,-0.0014414731280858462,5.332718793265369,-0.014865005742499271,-2140.4
2019-09-25 15:00:00,0.015518369489471606,5.402677381872279,-0.022485481808060648,-2118.3
2019-09-25 16:00:00,-0.009199108918424237,5.5134287461649825,-0.008374818313147792,-2091.4
2019-09-25 17:00:00,-0.015650411232875694,5.683579767338681,-0.006920129776097461,-2253.4
2019-09-25 18:00:00,-0.03544439204327565,5.8971538676367405,0.0026627012607240985,-2295.6
2019-09-25 19:00:00,-0.027687420895857073,5.916202062607435,0.004580826589254627,-2441.4
2019-09-25 20:00:00,-0.050881466553756916,6.016157159698354,-0.010042968379859296,-2278.2
2019-09-25 21:00:00,-0.023509366190310743,5.968707559985366,-0.01352219258048315,-2011.7
2019-09-25 22:00:00,-0.0013529723017886575,5.921578419643816,-0.02255126533002283,-1602.4
2019-09-25 23:00:00,0.079016849540682,5.8805329864007,-0.023347134245671697,-907.5
2019-09-26 00:00:00,0.11071955615961482,5.8805329864007,-0.01773559990599427,-426.1
2019-09-26 01:00:00,0.09736711897293171,5.863631175598097,-0.022698907191994522,-149.1
2019-09-26 02:00:00,0.08348804903686657,5.811140992976701,-0.019632486636879776,18.2
2019-09-26 03:00:00,0.08274608001859152,5.768320995793772,-0.017796567412232456,-35.4
2019-09-26 04:00:00,0.11400056197868613,5.75890177387728,-0.017485497897566482,-124.0
2019-09-26 05:00:00,0.0861858648529128,5.755742213586912,-0.013921924974372502,-607.0
2019-09-26 06:00:00,0.031600739274915135,5.713732805509369,-0.005819890225980728,-1596.9
2019-09-26 07:00:00,0.03781053843111648,5.616771097666572,-0.003920682418372401,-2013.1
2019-09-26 08:00:00,0.017854744294125258,5.332718793265369,-0.004197265431303165,-2092.0
2019-09-26 09:00:00,0.02958057411903292,5.017279836814924,-0.006468706394369583,-1942.3
2019-09-26 10:00:00,0.0807070193969297,4.68213122712422,-0.003085957585859944,-1599.0
2019-09-26 11:00:00,0.06377264328208998,4.248495242049359,-0.0041572882584484105,-1630.5
2019-09-26 12:00:00,0.12436442039976958,3.912023005428146,-0.009004462008332048,-1747.7
2019-09-26 13:00:00,0.10857641647875615,3.6375861597263857,0.004552122719351459,-1685.1
2019-09-26 14:00:00,0.10357142305574474,3.6109179126442243,-0.015827274242085743,-1597.8
2019-09-26 15:00:00,0.013970473570589004,3.6635616461296463,-0.02886846937700227,-1449.3
2019-09-26 16:00:00,0.052219196457673256,3.713572066704308,-0.009035670004245766,-1458.5
2019-09-26 17:00:00,0.043435759878783564,3.8066624897703196,-0.0074431135109813695,-1807.3
2019-09-26 18:00:00,0.012501965122820646,3.970291913552122,0.004866331100367383,-1750.8
2019-09-26 19:00:00,0.031398082500765145,4.110873864173311,0.006089277004067917,-1961.6
2019-09-26 20:00:00,0.009442947781115318,4.330733340286331,-0.007520552246930379,-1529.6
2019-09-26 21:00:00,-0.003032822792503609,4.394449154672439,-0.00923966399974585,-1105.8
2019-09-26 22:00:00,-0.036175390628345294,4.418840607796598,-0.02086883794891392,-424.8
2019-09-26 23:00:00,-0.04523915159101488,4.394449154672439,-0.018743748320378728,-81.9
2019-09-27 00:00:00,0.014864195395013269,4.2626798770413155,0.003461863418268152,587.0
2019-09-27 01:00:00,0.04450412635555434,4.0943445622221,0.00452464314852552,614.5
2019-09-27 02:00:00,0.05509191006836289,3.912023005428146,-0.0047972712238779636,625.4
2019-09-27 03:00:00,0.03296005373857103,3.784189633918261,0.008007179652408603,638.6
2019-09-27 04:00:00,-0.00332540561195227,3.6109179126442243,0.002948872028146532,611.5
2019-09-27 05:00:00,-0.08496861445348847,3.4011973816621555,0.01989694314383339,-7.1
2019-09-27 06:00:00,-0.05796857114858156,3.258096538021482,0.01823643921308271,-689.4
2019-09-27 07:00:00,-0.06528529812502759,3.1354942159291497,0.02362805057504236,-1092.0
2019-09-27 08:00:00,-0.08035741071622127,2.772588722239781,0.013540836360542485,-1342.4
2019-09-27 09:00:00,-0.07376746306987547,2.6390573296152584,0.009178592746152958,-1248.9
2019-09-27 10:00:00,0.06808461721036396,2.772588722239781,0.0119353505600035,-1154.0
2019-09-27 11:00:00,-0.044901938043008904,3.091042453358316,-0.004771356186939357,-988.6
2019-09-27 12:00:00,0.00434232195672557,3.4965075614664802,-0.02512626128076878,-876.2
2019-09-27 13:00:00,-0.01425506430420187,3.8501476017100584,-0.02682130284828954,-684.8
2019-09-27 14:00:00,-0.04254482407599758,4.060443010546419,-0.026585986552250418,-549.2
2019-09-27 15:00:00,-0.06134324019391979,4.276666119016055,-0.03611351399368967,-357.1
2019-09-27 16:00:00,-0.03130346021576136,4.5217885770490405,-0.020548215488384258,-688.8
2019-09-27 17:00:00,-0.02288874336464186,4.927253685157205,-0.02356104527213354,-613.4
2019-09-27 18:00:00,-0.04666061607386318,5.41610040220442,-0.014789356278845922,-799.1
2019-09-27 19:00:00,-0.05446419621829124,5.627621113690637,-0.01096295979114359,-846.7
2019-09-27 20:00:00,-0.07255762638370555,5.84354441703136,-0.013003106765474115,-664.8
2019-09-27 21:00:00,-0.041815421085760196,5.921578419643816,-0.01810148641625009,-345.6
2019-09-27 22:00:00,-0.04484594827552346,5.950642552587727,-0.009657997381234296,-82.4
2019-09-27 23:00:00,-0.10405720962320908,5.953243334287785,-0.005049940501176131,276.0
2019-09-28 00:00:00,-0.0982131791971792,5.934894195619588,-0.005203175837551477,202.6
2019-09-28 01:00:00,-0.0409204550299016,5.958424693029782,0.0012005756303636872,286.5
2019-09-28 02:00:00,-0.03713425195826403,5.986452005284438,0.010945657812253984,384.4
2019-09-28 03:00:00,-0.0368835164696657,5.998936561946683,0.01691023411521453,381.7
2019-09-28 04:00:00,-0.020188099974587814,6.025865973825314,0.020980478601104302,371.3
2019-09-28 05:00:00,0.05758074513246836,6.0330862217988015,0.01596597831532698,357.8
2019-09-28 06:00:00,-0.033649551290674484,5.968707559985366,0.009859662708104011,414.7
2019-09-28 07:00:00,-0.08240946505944313,5.869296913133774,-0.007219615584347139,465.1
2019-09-28 08:00:00,-0.03607099137863079,5.62040086571715,-0.012592640490240115,-35.3
2019-09-28 09:00:00,-0.050313015771172864,5.41610040220442,-0.010819660983400148,-219.0
2019-09-28 10:00:00,-0.005265063614029675,5.293304824724492,-0.013388859591798585,304.9
2019-09-28 11:00:00,-0.06518845649127503,5.308267697401205,-0.012805149188565679,404.7
2019-09-28 12:00:00,-0.007559414815523802,5.393627546352362,-0.016068588068599787,445.1
2019-09-28 13:00:00,-0.04076870975508928,5.438079308923196,-0.011345350618071848,486.5
2019-09-28 14:00:00,-0.042872992237931395,5.4510384535657,-0.004684309268550457,508.5
2019-09-28 15:00:00,-0.08832697287051205,5.424950017481403,-0.02089387087203498,534.7
2019-09-28 16:00:00,-0.06604822541623045,5.402677381872279,-0.011692627652963417,466.9
2019-09-28 17:00:00,-0.05963266196934569,5.476463551931511,0.0007659898824670108,-120.8
2019-09-28 18:00:00,-0.03900936607548555,5.631211781821365,0.008739063801753488,-421.8
2019-09-28 19:00:00,-0.04879980948745288,5.683579767338681,0.0037672924845670863,-663.9
2019-09-28 20:00:00,-0.06286406204475137,5.8289456176102075,-0.011453645276563229,-688.1
2019-09-28 21:00:00,-0.08801062107413404,5.846438775057725,-0.010650071036750752,16.1
2019-09-28 22:00:00,-0.08187541512884611,5.863631175598097,-0.005601382628727336,71.3
2019-09-28 23:00:00,-0.07586105859888903,5.849324779946859,-0.008103746922981436,452.3
2019-09-29 00:00:00,0.007869588695984309,6.075346031088684,0.0018064473419707738,334.5
2019-09-29 01:00:00,0.08481492659063417,6.028278520230698,0.009161846352211178,356.3
2019-09-29 02:00:00,0.09654525322040097,5.955837369464831,0.005702227251616954,377.1
2019-09-29 03:00:00,0.08658746185323984,5.886104031450156,0.0028440267469544978,418.3
2019-09-29 04:00:00,0.11226565118835152,5.7899601708972535,0.0021898384629395196,466.1
2019-09-29 05:00:00,0.15866600763213867,5.6937321388027,0.003660277056822814,502.0
2019-09-29 06:00:00,0.14734628671528904,5.641907070938114,-0.012531497173449146,412.4
2019-09-29 07:00:00,0.07278837525919934,5.583496308781699,-0.02065915736002477,413.8
2019-09-29 08:00:00,-0.021188840137171372,5.4638318050256105,-0.014058979155892715,342.6
2019-09-29 09:00:00,-0.022905215398881573,5.424950017481403,-0.01872969742007502,334.8
2019-09-29 10:00:00,0.016085673133577227,5.420534999272286,-0.032062127478154956,246.2
2019-09-29 11:00:00,0.005807391442604448,5.389071729816501,-0.028518770792366865,83.9
2019-09-29 12:00:00,0.02464032768793656,5.337538079701318,-0.01665783663069309,109.3
2019-09-29 13:00:00,0.051506637719362924,5.272999558563747,-0.016345574743779956,-16.6
2019-09-29 14:00:00,0.07533210836699089,5.170483995038151,-0.020930677062620973,-29.7
2019-09-29 15:00:00,0.10097614251402787,5.147494476813453,-0.03418453246670161,11.9
2019-09-29 16:00:00,0.08504868076220262,5.176149732573829,-0.029867714822789715,-23.3
2019-09-29 17:00:00,-0.00763405023379482,5.220355825078324,-0.013906934114395142,-22.5
2019-09-29 18:00:00,-0.04122925364895691,5.293304824724492,0.003282853253250728,-52.9
2019-09-29 19:00:00,-0.039170683554578645,5.318119993844216,-0.005919439461746556,-141.3
2019-09-29 20:00:00,-0.05776508868057739,5.501258210544727,-0.014785914528082422,-257.3
2019-09-29 21:00:00,-0.05809194064685208,5.602118820879701,-0.017159337310394207,-144.1
2019-09-29 22:00:00,-0.04683351853007789,5.69035945432406,-0.01783278782090747,-169.9
2019-09-29 23:00:00,-0.04856172878954057,5.765191102784844,-0.011588099404358232,294.3
2019-09-30 00:00:00,-0.010402930481821837,5.545177444479562,-0.007911977800695524,98.2
2019-09-30 01:00:00,0.04634278958540161,5.616771097666572,0.000524798057170095,378.8
2019-09-30 02:00:00,0.05969278357815755,5.697093486505405,0.00533122055186297,366.2
2019-09-30 03:00:00,0.0351371969833405,5.746203190540153,0.0066113519632082784,364.7
2019-09-30 04:00:00,-0.0739501954228503,5.7745515455444085,0.0022178283390363873,359.0
2019-09-30 05:00:00,-0.06605923424465576,5.811140992976701,0.005701500944126359,-223.0
2019-09-30 06:00:00,-0.10413798398778029,5.834810737062605,-0.0035034568895220275,-483.1
2019-09-30 07:00:00,-0.10270466403521672,5.855071922202427,-0.016572756336921124,-1432.2
2019-09-30 08:00:00,-0.07927922649979458,5.75890177387728,-0.03007490252258993,-1180.8
2019-09-30 09:00:00,-0.13573082492728705,5.676753802268282,-0.030385996624845646,-1212.0
2019-09-30 10:00:00,-0.15343351753039958,5.579729825986222,-0.034025362610647036,-1254.5
2019-09-30 11:00:00,-0.10732938537144543,5.4638318050256105,-0.024344392764594325,-1112.5
2019-09-30 12:00:00,-0.07323752390520522,5.3230099791384085,-0.01506964701928215,-494.1
2019-09-30 13:00:00,-0.08836283920769139,5.181783550292085,-0.011872570974770014,-82.6
2019-09-30 14:00:00,-0.10033889921313444,5.030437921392435,-0.019170555253467114,-75.7
2019-09-30 15:00:00,-0.09709416529699233,4.9344739331306915,-0.026803719112748148,17.1
2019-09-30 16:00:00,-0.1078174442485742,4.844187086458591,-0.023457291953500103,-38.2
2019-09-30 17:00:00,-0.08420118505430407,4.762173934797756,-0.018880529587641526,-689.3
2019-09-30 18:00:00,-0.09771427499709029,4.727387818712341,-0.01436190206920962,-1087.6
2019-09-30 19:00:00,-0.07821260012851416,4.700480365792417,-0.01708980118068215,-1165.9
2019-09-30 20:00:00,-0.07807250654060471,4.882801922586371,-0.024079131830338163,-1177.3
2019-09-30 21:00:00,-0.06461392826795276,5.0369526024136295,-0.026926067845602475,-730.5
2019-09-30 22:00:00,-0.04543500315514182,5.198497031265826,-0.016028853785926778,-290.1
2019-09-30 23:00:00,-0.046588234949637375,5.41610040220442,0.0005973522017530541,-128.0
2019-10-01 00:00:00,-0.04133975816858637,5.541263545158426,-0.029671312846353715,105.6
2019-10-01 01:00:00,-0.04986343379573199,5.7899601708972535,-0.02944444024327897,208.6
2019-10-01 02:00:00,-0.10323799536969114,6.0063531596017325,-0.035553361160816976,188.8
2019-10-01 03:00:00,-0.07079577093167622,6.1779441140506,-0.031423076031242836,108.4
2019-10-01 04:00:00,-0.08391956482654006,6.304448802421981,-0.038129464677760794,54.0
2019-10-01 05:00:00,-0.10251654153724221,6.3835066348840055,-0.05538524573968928,-335.8
2019-10-01 06:00:00,-0.12130495640877115,6.481577129276431,-0.07627347571652088,-731.7
2019-10-01 07:00:00,-0.13115468574842737,6.573680166960646,-0.07941525150364814,-1006.8
2019-10-01 08:00:00,-0.14379080437199,6.558197802812269,-0.08052848525566869,-1630.1
2019-10-01 09:00:00,-0.13577733254017366,6.576469569048224,-0.07885293291324658,-1543.8
2019-10-01 10:00:00,-0.16718549183303866,6.608000625296087,-0.08068617507016373,-1480.5
2019-10-01 11:00:00,-0.14710645049635085,6.628041376179533,-0.0726241111804029,-1381.5
2019-10-01 12:00:00,-0.14708613112040325,6.643789733147672,-0.06751173139105049,-1325.9
2019-10-01 13:00:00,-0.13178378384369038,6.664409020350408,-0.08011703466236941,-1310.9
2019-10-01 14:00:00,-0.13215489622182375,6.70196036600254,-0.07267271420103327,-1030.2
2019-10-01 15:00:00,-0.14416370680625956,6.720220155135295,-0.07976308753165817,-1040.0
2019-10-01 16:00:00,-0.13115612224243023,6.744059186311348,-0.07834504754292393,-1051.4
2019-10-01 17:00:00,-0.12283171442564944,6.752270376141742,-0.08377293871158642,-1068.3
2019-10-01 18:00:00,-0.13948292966908937,6.78105762593618,-0.08109843310630538,-1437.1
2019-10-01 19:00:00,-0.12567756040487632,6.693323668269949,-0.06981741214260939,-1551.7
2019-10-01 20:00:00,-0.08539427029558411,6.741700694652055,-0.05917434667408816,-1226.7
2019-10-01 21:00:00,-0.08443006689024157,6.744059186311348,-0.05687508171289579,-1140.5
2019-10-01 22:00:00,-0.02998349899058894,6.744059186311348,-0.05259791268103786,-1050.7
2019-10-01 23:00:00,0.13117293633686966,6.745236349484363,-0.044492119911166306,-819.2
2019-10-02 00:00:00,0.07806041860519564,6.835184586147301,-0.05684377265816298,-725.0
2019-10-02 01:00:00,0.019955222063271272,6.834108738813838,-0.05713810945799214,-483.7
2019-10-02 02:00:00,0.028821085379294953,6.8308742346461795,-0.06023055487832796,-471.1
2019-10-02 03:00:00,0.01981839456010226,6.828712071641684,-0.05326109254718414,-464.6
2019-10-02 04:00:00,-0.007273964930106125,6.8308742346461795,-0.058217950043635724,-470.4
2019-10-02 05:00:00,-0.07537202221805828,6.828712071641684,-0.07026434750594923,-1072.8
2019-10-02 06:00:00,-0.0827546271473718,6.821107472256465,-0.08353855615448413,-2046.3
2019-10-02 07:00:00,-0.1370311659671759,6.799055862058796,-0.0838603528876174,-2138.7
2019-10-02 08:00:00,-0.16056897456110475,6.705639094860003,-0.08061613265036627,-2127.1
2019-10-02 09:00:00,-0.15652815824755173,6.68586094706836,-0.07926520033871842,-2101.8
2019-10-02 10:00:00,-0.153497145955809,6.665683717782408,-0.08480334603064854,-2114.6
2019-10-02 11:00:00,-0.14052655016044602,6.626717749249025,-0.06995760798940864,-2096.1
2019-10-02 12:00:00,-0.16093064037806393,6.580639137284949,-0.07292509735725883,-2128.3
2019-10-02 13:00:00,-0.13775000916856106,6.541029999189903,-0.07737615980668977,-1964.7
2019-10-02 14:00:00,-0.1335496237385807,6.484635235635252,-0.07370556883765111,-1866.6
2019-10-02 15:00:00,-0.12516292527859862,6.424869023905388,-0.07526174475822067,-1732.2
2019-10-02 16:00:00,-0.1266046492172337,6.343880434126331,-0.07748101861225987,-1775.3
2019-10-02 17:00:00,-0.10101961651983693,6.261491684321042,-0.08298956927573897,-1929.8
2019-10-02 18:00:00,-0.11845468288772132,6.255750041753367,-0.0781434230377851,-1956.7
2019-10-02 19:00:00,-0.0914614280730155,6.20455776256869,-0.06767442068790341,-2033.5
2019-10-02 20:00:00,-0.08100267151995455,6.244166900663736,-0.0646083680586429,-2018.5
2019-10-02 21:00:00,-0.055940068664975584,6.206575926724928,-0.05927186145115115,-1322.4
2019-10-02 22:00:00,-0.04980098042459158,6.159095388491933,-0.06061341251989827,-905.1
2019-10-02 23:00:00,0.05211469603770258,6.118097198041348,-0.05466136988260928,-570.9
2019-10-03 00:00:00,0.015596387830616898,6.093569770045136,-0.0768220096984189,-118.8
2019-10-03 01:00:00,-0.013142195503253795,6.045005314036012,-0.07503759905445229,101.2
2019-10-03 02:00:00,-0.0986661879407964,5.996452088619021,-0.07855436670431093,128.4
2019-10-03 03:00:00,-0.0853300063001714,5.981414211254481,-0.07329932543594442,136.5
2019-10-03 04:00:00,0.041137026075773075,5.971261839790462,-0.07602606301063641,120.7
2019-10-03 05:00:00,-0.01165299361188854,5.926926025970411,-0.08881593787357822,-229.5
2019-10-03 06:00:00,-0.014544288021047347,5.877735781779639,-0.09721250230467238,-491.4
2019-10-03 07:00:00,-0.05109547757902089,5.811140992976701,-0.09842512319662156,-1630.6
2019-10-03 08:00:00,-0.03978966334715839,5.568344503761097,-0.10017212964751288,-1733.6
2019-10-03 09:00:00,-0.03916314773353502,5.3230099791384085,-0.09755887083960424,-1635.2
2019-10-03 10:00:00,0.0055561907101435715,5.159055299214529,-0.09366966633743967,-1580.8
2019-10-03 11:00:00,-0.019472274663745015,5.087596335232384,-0.08801143465418626,-1555.9
2019-10-03 12:00:00,0.04350581794239039,5.087596335232384,-0.09500633774180223,-1527.3
2019-10-03 13:00:00,0.026311258688999306,5.099866427824199,-0.07940366603591009,-1502.9
2019-10-03 14:00:00,0.019675711134635954,5.153291594497779,-0.09254590950953201,-1459.9
2019-10-03 15:00:00,-0.061195152320068225,5.1647859739235145,-0.10037985947671846,-1474.5
2019-10-03 16:00:00,-0.013609270058206224,5.147494476813453,-0.09864118434645697,-1466.8
2019-10-03 17:00:00,-0.03723522629726839,5.204006687076795,-0.10570129936426298,-1484.3
2019-10-03 18:00:00,-0.06345089904102119,5.41610040220442,-0.09901260368175269,-1539.6
2019-10-03 19:00:00,-0.04686550266919021,5.545177444479562,-0.0874365716452683,-1610.3
2019-10-03 20:00:00,-0.010852008716154327,5.6937321388027,-0.08550271737683257,-1530.9
2019-10-03 21:00:00,-0.010247181312196041,5.71042701737487,-0.08155985076008943,-1501.1
2019-10-03 22:00:00,0.015326785605958015,5.733341276897746,-0.08566505015465964,-780.8
2019-10-03 23:00:00,0.09518827877773584,5.730099782973574,-0.0805171914420244,-570.7
2019-10-04 00:00:00,0.10375845827836683,5.703782474656201,-0.09912665747766702,-501.9
2019-10-04 01:00:00,0.09439620117795977,5.641907070938114,-0.1003527564647122,13.7
2019-10-04 02:00:00,0.07140508198431972,5.58724865840025,-0.11133639128516304,7.3
2019-10-04 03:00:00,0.036226333254654186,5.5909869805108565,-0.09360347487378196,14.3
2019-10-04 04:00:00,0.027252439248695026,5.60947179518496,-0.099198739074283,35.9
2019-10-04 05:00:00,-0.045370411979068326,5.602118820879701,-0.09478223454134671,-637.9
2019-10-04 06:00:00,-0.03929342158429128,5.568344503761097,-0.09668103111975856,-1551.6
2019-10-04 07:00:00,-0.04987148489457516,5.552959584921617,-0.09649746650220159,-1909.1
2019-10-04 08:00:00,-0.028614563864792775,5.375278407684165,-0.09803496829814673,-1996.2
2019-10-04 09:00:00,-0.035659861226487344,5.187385805840755,-0.09297529151115036,-1954.7
2019-10-04 10:00:00,0.08137841709223848,5.075173815233827,-0.08930565266556467,-1942.5
2019-10-04 11:00:00,-0.03661420315767128,5.049856007249537,-0.10248258415289335,-1916.5
2019-10-04 12:00:00,-0.0248247803673447,5.147494476813453,-0.1265274131143892,-1895.6
2019-10-04 13:00:00,-0.03621321714442871,5.220355825078324,-0.12905925108827265,-1891.1
2019-10-04 14:00:00,-0.03946738856205467,5.313205979041787,-0.11519954627044271,-1830.1
2019-10-04 15:00:00,-0.05219730705760961,5.3612921657094255,-0.1281180488605047,-1806.2
2019-10-04 16:00:00,-0.03610470677082134,5.3706380281276624,-0.12544109372854972,-1812.1
2019-10-04 17:00:00,-0.026026221828997276,5.44673737166631,-0.13250541610647204,-1848.0
2019-10-04 18:00:00,-0.03068901189275497,5.655991810819852,-0.12559643639319606,-1914.8
2019-10-04 19:00:00,-0.019164763033455934,5.777652323222656,-0.11558814045600574,-1970.6
2019-10-04 20:00:00,-0.02028733462894694,5.950642552587727,-0.10506499368447741,-1843.1
2019-10-04 21:00:00,-0.009200941364545745,5.983936280687191,-0.10263384967226763,-1823.6
2019-10-04 22:00:00,0.004675461466066011,5.978885764901122,-0.09215979278256903,-1288.9
2019-10-04 23:00:00,0.019695280387108216,5.978885764901122,-0.09104132696735512,-613.9
2019-10-05 00:00:00,-0.06927389398105488,6.025865973825314,-0.10525686714418736,-513.3
2019-10-05 01:00:00,-0.03743761893492614,6.030685260261263,-0.10522572612579317,-378.1
2019-10-05 02:00:00,-0.051958534923844724,6.0014148779611505,-0.10963856740946998,-356.4
2019-10-05 03:00:00,-0.015573479053090367,5.996452088619021,-0.10114680161709533,-342.3
2019-10-05 04:00:00,0.016161240686857425,6.016157159698354,-0.09718678690838889,-338.9
2019-10-05 05:00:00,0.06562883772293171,6.0473721790462776,-0.10678618523098304,-365.0
2019-10-05 06:00:00,0.058243626231319734,6.100318952020064,-0.11680308008979967,-440.1
2019-10-05 07:00:00,0.009861931831562032,6.126869184114185,-0.12148690268146645,-719.3
2019-10-05 08:00:00,0.015609193813313382,5.958424693029782,-0.12012456977725616,-1714.4
2019-10-05 09:00:00,3.255090545506434e-05,5.700443573390687,-0.11197692454430808,-2051.3
2019-10-05 10:00:00,0.07346900951594248,5.429345628954441,-0.0939360528895321,-2096.3
2019-10-05 11:00:00,0.03192755050865248,5.308267697401205,-0.09272462524942959,-2094.7
2019-10-05 12:00:00,0.08012645104329774,5.318119993844216,-0.10590616501932182,-2097.0
2019-10-05 13:00:00,0.03307203551129545,5.365976015021851,-0.10897392579857712,-1897.7
2019-10-05 14:00:00,0.019549438283630316,5.442417710521793,-0.10771583999518342,-1667.7
2019-10-05 15:00:00,-0.017651624830188783,5.564520407322694,-0.12061165177587174,-1826.1
2019-10-05 16:00:00,0.03099099450696885,5.726847747587197,-0.123664324968499,-2189.7
2019-10-05 17:00:00,0.04452777193488311,5.908082938168931,-0.11323696213860313,-2420.4
2019-10-05 18:00:00,0.04052562633916068,6.054439346269371,-0.11116958508661234,-2538.6
2019-10-05 19:00:00,0.04305178271611432,6.030685260261263,-0.10138038717871467,-2591.9
2019-10-05 20:00:00,0.05628733160138566,6.124683390894205,-0.11010546022001044,-2559.3
2019-10-05 21:00:00,0.08728496373808392,6.113682179832232,-0.1219349416530191,-2465.4
2019-10-05 22:00:00,0.10405580896936284,6.0867747269123065,-0.12600424725525095,-2393.8
2019-10-05 23:00:00,0.13176268611923314,6.07993319509559,-0.11697280819860012,-1574.0
2019-10-06 00:00:00,0.07738834189298638,6.2285110035911835,-0.09477325140335413,-906.6
2019-10-06 01:00:00,0.13444459620541505,6.20050917404269,-0.09932811999023716,-514.7
2019-10-06 02:00:00,0.14924025688336995,6.148468295917647,-0.11505206157903114,-497.4
2019-10-06 03:00:00,0.1932404317387002,6.104793232414985,-0.1092034137990252,-467.4
2019-10-06 04:00:00,0.23146404926772624,6.07073772800249,-0.10154168338760261,-441.8
2019-10-06 05:00:00,0.2656790162639959,6.035481432524756,-0.10478631496936774,-434.4
2019-10-06 06:00:00,0.27357442235487284,6.021023349349527,-0.11803681697844493,-465.4
2019-10-06 07:00:00,0.17507640262747826,6.016157159698354,-0.11387797550565892,-603.6
2019-10-06 08:00:00,0.09138009581432582,5.940171252720432,-0.09740165778938259,-1244.9
2019-10-06 09:00:00,0.05974740231071607,5.786897381366708,-0.09078083103378365,-1585.8
2019-10-06 10:00:00,0.07303491159759279,5.583496308781699,-0.09842414586335124,-1724.8
2019-10-06 11:00:00,0.06420291687076096,5.389071729816501,-0.10610890479491975,-1687.9
2019-10-06 12:00:00,0.07059046747122855,5.318119993844216,-0.10876852467436304,-1577.3
2019-10-06 13:00:00,0.09054506368512438,5.3230099791384085,-0.10430717543766654,-1322.4
2019-10-06 14:00:00,0.10588893212098283,5.407171771460119,-0.11045225342145581,-1256.9
2019-10-06 15:00:00,0.13337302543733598,5.529429087511423,-0.11730141835427865,-1283.5
2019-10-06 16:00:00,0.13036666677371267,5.68697535633982,-0.11848536517572317,-1513.6
2019-10-06 17:00:00,0.05303332770773528,5.91350300563827,-0.1040130016004035,-1850.8
2019-10-06 18:00:00,0.016388411672071168,6.126869184114185,-0.08655987613612748,-2026.9
2019-10-06 19:00:00,0.05872224197012965,6.20050917404269,-0.07452455038992589,-2227.0
2019-10-06 20:00:00,0.014149090575247936,6.327936783729195,-0.07381522109945671,-2166.8
2019-10-06 21:00:00,0.002828650501815133,6.375024819828097,-0.08357753295752524,-2002.9
2019-10-06 22:00:00,0.021319240514998228,6.3784261836515865,-0.09837480711597468,-1699.1
2019-10-06 23:00:00,0.12112833890848052,6.354370040797351,-0.1095373881032149,-1225.4
2019-10-07 00:00:00,0.06832772761770922,6.376726947898627,-0.1143102351895271,-699.9
2019-10-07 01:00:00,0.15249384739832017,6.326149473155099,-0.11885424473228401,-517.2
2019-10-07 02:00:00,0.151833744810149,6.26530121273771,-0.12046250423992788,-496.7
2019-10-07 03:00:00,0.1459790687288982,6.208590026096629,-0.11662451839263888,-469.6
2019-10-07 04:00:00,0.05337943167855341,6.169610732491456,-0.12228750416063505,-516.6
2019-10-07 05:00:00,0.011209455934131807,6.129050210060545,-0.11002206325895969,-1473.1
2019-10-07 06:00:00,-0.018765635500157085,6.075346031088684,-0.09285463925895332,-2119.2
2019-10-07 07:00:00,-0.06608629458889936,6.0112671744041615,-0.07953548100086039,-2427.7
2019-10-07 08:00:00,-0.03261518366514782,5.883322388488279,-0.08924155831823555,-2761.4
2019-10-07 09:00:00,0.009304325149428472,5.736572297479192,-0.08139351081857793,-2775.2
2019-10-07 10:00:00,0.02787750009594392,5.5909869805108565,-0.07905700874338262,-2834.8
2019-10-07 11:00:00,0.06997987210160783,5.497168225293202,-0.07057212936861212,-2800.2
2019-10-07 12:00:00,0.05881913911847381,5.4680601411351315,-0.07341341574108462,-2743.4
2019-10-07 13:00:00,0.0352872934674382,5.41610040220442,-0.07167769135139945,-2733.9
2019-10-07 14:00:00,0.01684848607247247,5.375278407684165,-0.0761395453602498,-2726.3
2019-10-07 15:00:00,0.024606953816307175,5.3471075307174685,-0.08050291706150947,-2707.5
2019-10-07 16:00:00,0.01806060504094331,5.313205979041787,-0.0870906651068708,-2702.2
2019-10-07 17:00:00,0.02381996200873049,5.342334251964811,-0.08588617193681891,-2710.6
2019-10-07 18:00:00,0.0026349240607537183,5.438079308923196,-0.08793795918228842,-2734.6
2019-10-07 19:00:00,0.029368411871279587,5.4680601411351315,-0.0714432432106884,-2759.3
2019-10-07 20:00:00,0.04211948316906966,5.541263545158426,-0.07511688618607248,-2800.2
2019-10-07 21:00:00,0.019844683697347598,5.5053315359323625,-0.08409271013121966,-2729.8
2019-10-07 22:00:00,0.02364981496744134,5.438079308923196,-0.08947489780999351,-1924.7
2019-10-07 23:00:00,0.08274378557284123,5.3981627015177525,-0.0924162277522722,-1266.3
2019-10-08 00:00:00,0.06501776654490854,5.225746673713202,-0.09086199021424068,-593.0
2019-10-08 01:00:00,0.06057056232788227,5.220355825078324,-0.09452511373893824,-309.6
2019-10-08 02:00:00,0.030834196402733216,5.236441962829949,-0.09853324680513165,-297.0
2019-10-08 03:00:00,0.04860479320031441,5.2832037287379885,-0.09541973858064434,-314.6
2019-10-08 04:00:00,0.04890630184063882,5.37989735354046,-0.09421893132880488,-362.2
2019-10-08 05:00:00,-0.013034222063508683,5.455321115357702,-0.09591764300495775,-914.2
2019-10-08 06:00:00,-0.042119823656335154,5.472270673671475,-0.08386364498319665,-1175.4
2019-10-08 07:00:00,-0.05917724490270304,5.488937726156687,-0.08218917838637285,-1962.4
2019-10-08 08:00:00,0.019518772933392547,5.442417710521793,-0.08328710769474856,-2296.1
2019-10-08 09:00:00,0.022854129836928472,5.327876168789581,-0.07885293291324658,-2227.6
2019-10-08 10:00:00,-0.03564414961652629,5.262690188904886,-0.08159900032752354,-2103.4
2019-10-08 11:00:00,-0.04783802112177682,5.204006687076795,-0.07445897408051305,-1951.3
2019-10-08 12:00:00,-0.0767414063416374,5.1647859739235145,-0.06293924971615983,-1860.3
2019-10-08 13:00:00,-0.07384499713703896,5.10594547390058,-0.07277755217432347,-1849.1
2019-10-08 14:00:00,-0.08737964997787362,5.093750200806762,-0.06343050423621222,-1839.5
2019-10-08 15:00:00,-0.09937592481780877,5.081404364984463,-0.06966662728064854,-1832.2
2019-10-08 16:00:00,-0.05798978901931262,5.062595033026967,-0.07012206836249213,-1895.3
2019-10-08 17:00:00,-0.010371994338045809,5.081404364984463,-0.06570559991761549,-2016.5
2019-10-08 18:00:00,0.006209477600474855,5.153291594497779,-0.06483791223452506,-2137.6
2019-10-08 19:00:00,0.013997644715957769,5.081404364984463,-0.0589869813682391,-2111.9
2019-10-08 20:00:00,-0.009741770744622347,5.214935757608986,-0.05825396004675909,-1896.4
2019-10-08 21:00:00,-0.04439633198004156,5.135798437050262,-0.06531395035876031,-1788.7
2019-10-08 22:00:00,-0.003268786025993453,5.043425116919247,-0.07317678686269335,-1191.2
2019-10-08 23:00:00,0.1543423193867195,5.0106352940962555,-0.07368392601197016,-689.0
2019-10-09 00:00:00,0.128476135051387,5.225746673713202,-0.0840136780100913,-493.2
2019-10-09 01:00:00,0.11438524925100024,5.231108616854587,-0.08462398349408673,-282.9
2019-10-09 02:00:00,0.11930090706405538,5.288267030694535,-0.08661731005152262,-293.9
2019-10-09 03:00:00,0.09809119026718038,5.3471075307174685,-0.07959226097446859,-299.6
2019-10-09 04:00:00,0.04888325775407365,5.407171771460119,-0.08008243374037427,-300.0
2019-10-09 05:00:00,-0.03905721122643202,5.501258210544727,-0.08040642227057404,-554.7
2019-10-09 06:00:00,-0.038837627272795494,5.58724865840025,-0.07310697744466843,-1522.9
2019-10-09 07:00:00,-0.050090313326106806,5.605802066295998,-0.0746351952127915,-2228.0
2019-10-09 08:00:00,-0.06315157994249532,5.480638923341991,-0.07237055226361466,-2422.0
2019-10-09 09:00:00,-0.0632017528418598,5.262690188904886,-0.07108705389482672,-2354.0
2019-10-09 10:00:00,-0.06472169070358325,5.10594547390058,-0.08206736621177413,-2317.4
2019-10-09 11:00:00,-0.05312074618689744,4.976733742420574,-0.0708746185992899,-2187.4
2019-10-09 12:00:00,-0.11777399730712235,4.912654885736052,-0.07200976548557048,-1983.0
2019-10-09 13:00:00,-0.10159317979766591,4.882801922586371,-0.07645492528736941,-1884.2
2019-10-09 14:00:00,-0.09320474472340612,4.852030263919617,-0.0727757686776842,-1868.6
2019-10-09 15:00:00,-0.08310458195053805,4.836281906951478,-0.07526174475822067,-1840.3
2019-10-09 16:00:00,-0.08893803997635708,4.875197323201151,-0.08023710671423956,-1872.7
2019-10-09 17:00:00,-0.06307468495571378,4.997212273764115,-0.07663457739336188,-1988.3
2019-10-09 18:00:00,-0.06421320005039322,5.153291594497779,-0.0717941953591259,-2103.3
2019-10-09 19:00:00,-0.05032314869744159,5.236441962829949,-0.06405450723276918,-2096.0
2019-10-09 20:00:00,-0.037587493318027576,5.389071729816501,-0.0655304520336113,-2119.0
2019-10-09 21:00:00,-0.03175642237505727,5.37989735354046,-0.06678363386221342,-1949.2
2019-10-09 22:00:00,-0.029258175282437904,5.303304908059076,-0.07535569425710253,-1475.1
2019-10-09 23:00:00,0.08551076319572104,5.198497031265826,-0.07486407720012878,-1094.1
2019-10-10 00:00:00,0.019785502275097233,5.117993812416755,-0.06739291940956704,-406.2
2019-10-10 01:00:00,0.01284123172497953,5.062595033026967,-0.07185457249433114,-236.3
2019-10-10 02:00:00,-0.005960255134172421,5.0369526024136295,-0.07326614708274715,-229.1
2019-10-10 03:00:00,0.006769314416271044,4.927253685157205,-0.06907545431975937,-205.0
2019-10-10 04:00:00,0.05650571790400072,4.718498871295094,-0.06663632266079755,-160.6
2019-10-10 05:00:00,0.004422173530780782,4.477336814478207,-0.06647998393151511,-332.5
2019-10-10 06:00:00,-0.013424467075358493,4.276666119016055,-0.05553980590410479,-1470.1
2019-10-10 07:00:00,-0.03465527439385152,4.060443010546419,-0.0550403775940973,-2089.2
2019-10-10 08:00:00,-0.010855023932195618,3.6635616461296463,-0.056947009909472435,-2312.5
2019-10-10 09:00:00,-0.00040162997595993843,3.332204510175204,-0.057444103089442144,-2314.9
2019-10-10 10:00:00,0.006620870076086582,2.995732273553991,-0.06160095405588262,-2090.8
2019-10-10 11:00:00,-0.037519902563004415,2.8903717578961645,-0.06309090183490795,-1918.3
2019-10-10 12:00:00,0.011064646779697096,2.833213344056216,-0.06553827548489455,-1768.3
2019-10-10 13:00:00,-0.008808948802158767,2.772588722239781,-0.045220199214820234,-1680.9
2019-10-10 14:00:00,-0.021157624404382958,2.9444389791664403,-0.056212150434300945,-1532.3
2019-10-10 15:00:00,-0.10590619495803866,3.091042453358316,-0.05876497824108462,-1517.9
2019-10-10 16:00:00,-0.05857937837725258,3.295836866004329,-0.05721786689767949,-1518.1
2019-10-10 17:00:00,-0.061650099682966086,3.5263605246161616,-0.05119189369589083,-1720.5
2019-10-10 18:00:00,-0.07023426516842424,3.6888794541139363,-0.049867136612864016,-1856.7
2019-10-10 19:00:00,-0.048482317896095584,3.5553480614894135,-0.04553608913487128,-1909.5
2019-10-10 20:00:00,-0.02427502904829515,3.713572066704308,-0.05384271741399971,-1810.3
2019-10-10 21:00:00,-0.04289854792174319,3.713572066704308,-0.057805764751982736,-1422.3
2019-10-10 22:00:00,-0.04587012198745288,3.6888794541139363,-0.07170669790395312,-876.0
2019-10-10 23:00:00,0.020445100872661826,3.6109179126442243,-0.07332661089667081,-332.6
2019-10-11 00:00:00,-0.022688617353851637,3.6375861597263857,-0.04832208184220743,-94.7
2019-10-11 01:00:00,-0.09631283513123101,4.02535169073515,-0.05004787575381009,4.2
2019-10-11 02:00:00,-0.27264406087469073,4.30406509320417,-0.05639527325386151,10.9
2019-10-11 03:00:00,-0.25283818239152556,4.430816798843313,-0.05072445181454821,27.9
2019-10-11 04:00:00,-0.04563738456112931,4.5217885770490405,-0.0566843663592973,1.2
2019-10-11 05:00:00,-0.1253196486051933,4.624972813284271,-0.04291499215859851,-187.7
2019-10-11 06:00:00,-0.1235567352094118,4.762173934797756,-0.0264603330544384,-1009.6
2019-10-11 07:00:00,-0.11356290729449459,4.836281906951478,-0.032076103117678834,-2055.8
2019-10-11 08:00:00,-0.08034113382237962,4.672828834461906,-0.034779919712938145,-2314.5
2019-10-11 09:00:00,-0.10601385272051411,4.532599493153256,-0.026938815377802072,-2213.8
2019-10-11 10:00:00,-0.020900432028180038,4.406719247264253,-0.033182328453277954,-1941.2
2019-10-11 11:00:00,-0.1317164503314192,4.30406509320417,-0.04213520872709964,-1904.3
2019-10-11 12:00:00,-0.11685949048919886,4.219507705176107,-0.05817209345011776,-1686.3
2019-10-11 13:00:00,-0.13305410374785653,4.143134726391533,-0.057567099246243814,-1385.2
2019-10-11 14:00:00,-0.13413828434268993,4.110873864173311,-0.03942698779811238,-1143.3
2019-10-11 15:00:00,-0.14871529751671586,4.127134385045092,-0.05039996448268269,-947.5
2019-10-11 16:00:00,-0.13332325845348914,4.174387269895637,-0.04743067759789543,-924.9
2019-10-11 17:00:00,-0.11790047554800909,4.31748811353631,-0.046791897832441975,-1213.4
2019-10-11 18:00:00,-0.10949168397780884,4.5217885770490405,-0.04012196567171333,-1773.4
2019-10-11 19:00:00,-0.09549983934109862,4.653960350157523,-0.031818257390547444,-1948.2
2019-10-11 20:00:00,-0.09370705397902634,4.812184355372417,-0.03244474806352571,-1350.2
2019-10-11 21:00:00,-0.0870211458606418,4.882801922586371,-0.03148841445895556,-899.3
2019-10-11 22:00:00,-0.08449248310511459,4.955827057601261,-0.022201204175658518,-361.3
2019-10-11 23:00:00,-0.20090420268232645,5.0106352940962555,-0.03624725989616007,-195.8
2019-10-12 00:00:00,-0.13172945924459878,4.882801922586371,-0.02191926357379792,148.5
2019-10-12 01:00:00,-0.08732103783224732,4.941642422609304,-0.02322131369931313,234.2
2019-10-12 02:00:00,-0.0812915270707184,5.003946305945459,-0.027371164713822616,383.7
2019-10-12 03:00:00,-0.06110774385597484,5.135798437050262,-0.021104093943558944,466.0
2019-10-12 04:00:00,0.015850729894112625,5.25227342804663,-0.016217724374721243,351.4
2019-10-12 05:00:00,0.05524706508796173,5.332718793265369,-0.023317528938116006,182.5
2019-10-12 06:00:00,0.027711473078943172,5.384495062789089,-0.032477710624261746,52.3
2019-10-12 07:00:00,-0.026752728015324134,5.442417710521793,-0.044801414128418315,-181.6
2019-10-12 08:00:00,-0.040792404538314564,5.308267697401205,-0.04794896537458815,-468.2
2019-10-12 09:00:00,-0.06052406451835246,5.14166355650266,-0.04499410398538117,-711.4
2019-10-12 10:00:00,0.012377113567978881,4.9344739331306915,-0.024681264166929395,-986.4
2019-10-12 11:00:00,-0.043241992870028056,4.795790545596741,-0.02781634999413196,-791.9
2019-10-12 12:00:00,0.0047349145454922414,4.74493212836325,-0.027396964777115507,-696.0
2019-10-12 13:00:00,-0.03521677586677896,4.709530201312334,-0.03149084721305151,-610.7
2019-10-12 14:00:00,-0.04511897346767091,4.74493212836325,-0.0397428564089779,-427.1
2019-10-12 15:00:00,-0.0935214501445305,4.77912349311153,-0.04432834702624078,-383.8
2019-10-12 16:00:00,-0.06187659171401538,4.812184355372417,-0.03875317137446377,-527.5
2019-10-12 17:00:00,-0.018890928256999118,4.912654885736052,-0.03674853657486654,-1371.6
2019-10-12 18:00:00,0.007451745618095806,5.0106352940962555,-0.0371319883859611,-1968.7
2019-10-12 19:00:00,0.014917600977207623,5.043425116919247,-0.04237183405060474,-2030.8
2019-10-12 20:00:00,0.029619084519224348,5.135798437050262,-0.040037897603292905,-1884.8
2019-10-12 21:00:00,0.0059302846952520305,5.075173815233827,-0.04013462387614197,-747.0
2019-10-12 22:00:00,0.008231844862014448,4.990432586778736,-0.03863489639389073,-420.0
2019-10-12 23:00:00,0.03472399379889923,4.948759890378168,-0.02614359182931114,-64.6
2019-10-13 00:00:00,0.020645849533059035,4.605170185988092,-0.02825797354697368,231.8
2019-10-13 01:00:00,0.0973924307448697,4.59511985013459,-0.023558557866856233,324.3
2019-10-13 02:00:00,0.12635324213533705,4.5217885770490405,-0.03354931156256136,359.4
2019-10-13 03:00:00,0.18456683167623922,4.477336814478207,-0.02967710169596227,352.5
2019-10-13 04:00:00,0.2254956638993768,4.430816798843313,-0.02932347557580428,316.8
2019-10-13 05:00:00,0.26508799969832886,4.394449154672439,-0.03396962389971847,187.5
2019-10-13 06:00:00,0.2670866378761301,4.394449154672439,-0.043851376489866034,213.3
2019-10-13 07:00:00,0.17595116576825776,4.3694478524670215,-0.04061159324132557,-194.0
2019-10-13 08:00:00,0.09252132275701719,4.189654742026425,-0.03750351620831349,-935.2
2019-10-13 09:00:00,0.05835172867174121,3.9889840465642745,-0.03923806676842645,-1339.7
2019-10-13 10:00:00,0.06699757163491604,3.8066624897703196,-0.043364368680324006,-1505.9
2019-10-13 11:00:00,0.058711414877085755,3.713572066704308,-0.04649183973878479,-1512.1
2019-10-13 12:00:00,0.07584272557161675,3.713572066704308,-0.04731574546069961,-1505.5
2019-10-13 13:00:00,0.09641182167728868,3.784189633918261,-0.04273423681237176,-1526.3
2019-10-13 14:00:00,0.11683640987616828,3.9318256327243257,-0.03649051216658261,-1500.0
2019-10-13 15:00:00,0.14263365005845996,4.0943445622221,-0.04966172704674676,-1488.7
2019-10-13 16:00:00,0.13705938556481767,4.30406509320417,-0.05257003676139771,-1596.2
2019-10-13 17:00:00,0.06118776267289938,4.564348191467836,-0.048259310018565316,-1782.2
2019-10-13 18:00:00,0.00706371376244741,4.795790545596741,-0.04256588423018837,-2222.2
2019-10-13 19:00:00,0.006119644666041868,4.919980925828125,-0.038258372405531205,-2231.1
2019-10-13 20:00:00,-0.022477031164195527,5.123963979403259,-0.031335969922557716,-1962.2
2019-10-13 21:00:00,-0.014218010711503304,5.209486152841421,-0.030655131503182886,-1542.5
2019-10-13 22:00:00,0.005642704568903145,5.247024072160486,-0.037079882724246005,-1274.7
2019-10-13 23:00:00,0.10382331695327851,5.236441962829949,-0.03666436516479621,-561.4
2019-10-14 00:00:00,0.017963999000846886,5.241747015059643,-0.01779933480868401,-107.5
2019-10-14 01:00:00,0.01345279896282836,5.1647859739235145,-0.018080123377226087,182.8
2019-10-14 02:00:00,-0.012705852904465686,5.0689042022202315,-0.02404059558291216,208.3
2019-10-14 03:00:00,0.04175101830218386,5.0369526024136295,-0.015379006039138332,208.4
2019-10-14 04:00:00,-0.0209760568743933,5.0369526024136295,-0.010253368197868262,-15.9
2019-10-14 05:00:00,-0.0747967948275452,5.043425116919247,-0.019186589830926692,-275.2
2019-10-14 06:00:00,-0.08857095448250796,5.043425116919247,-0.02066789728312557,-1648.0
2019-10-14 07:00:00,-0.028483953379253357,4.962844630259907,-0.01631906507699643,-2366.4
2019-10-14 08:00:00,-0.02478784916865795,4.653960350157523,-0.028778700811554536,-2392.4
2019-10-14 09:00:00,-0.03744587186941084,4.394449154672439,-0.026140528031987742,-2349.7
2019-10-14 10:00:00,-0.08706546335266685,4.143134726391533,-0.02380402595679243,-2348.7
2019-10-14 11:00:00,-0.031262586947300885,3.970291913552122,-0.021135761622574023,-2349.1
2019-10-14 12:00:00,0.003502100504511496,3.970291913552122,-0.026522915384448176,-2361.8
2019-10-14 13:00:00,-0.009900001381960788,4.007333185232471,-0.025157675716506844,-2370.4
2019-10-14 14:00:00,-0.01993498483120515,4.1588830833596715,-0.028231604450509096,-2382.4
2019-10-14 15:00:00,-0.00566831133002621,4.330733340286331,-0.029209622673958435,-2406.4
2019-10-14 16:00:00,-0.00920254571742074,4.553876891600541,-0.036164074060430096,-2424.3
2019-10-14 17:00:00,-0.003205359447881584,4.836281906951478,-0.04163116293277813,-2430.1
2019-10-14 18:00:00,0.033628395828698476,5.0689042022202315,-0.038282368736426875,-2477.4
2019-10-14 19:00:00,0.02912430104375252,5.170483995038151,-0.026362698099291926,-2488.4
2019-10-14 20:00:00,0.004626099254646299,5.365976015021851,-0.024289249548496983,-2450.0
2019-10-14 21:00:00,0.03908838208997478,5.41610040220442,-0.030226392929926682,-2431.0
2019-10-14 22:00:00,0.00443666814169541,5.472270673671475,-0.031318977652919244,-1848.6
2019-10-14 23:00:00,0.04894815131056296,5.5093883366279774,-0.022527514976038887,-969.0
2019-10-15 00:00:00,0.028774678642488727,5.303304908059076,0.015567472632490365,-946.6
2019-10-15 01:00:00,0.0359209164454799,5.375278407684165,0.01818360874597591,-480.0
2019-10-15 02:00:00,0.016466554439364067,5.43372200355424,0.016959941511444754,-399.9
2019-10-15 03:00:00,0.04300583942552283,5.402677381872279,0.022002090642337713,-375.3
2019-10-15 04:00:00,0.04073584494986582,5.293304824724492,0.02166296307055493,-480.5
2019-10-15 05:00:00,-0.038849348092931724,5.087596335232384,0.022898984474708506,-1273.7
2019-10-15 06:00:00,0.05341200099996435,4.812184355372417,0.0174888492770906,-2126.8
2019-10-15 07:00:00,0.2701398002006554,4.499809670330265,0.012278896105029524,-2405.9
2019-10-15 08:00:00,0.3006414717842345,4.23410650459726,0.013194326321947614,-2434.6
2019-10-15 09:00:00,0.3037466514735012,4.04305126783455,0.012554721906676392,-2439.7
2019-10-15 10:00:00,0.21810202519264488,3.871201010907891,-0.0009242479684568039,-2427.4
2019-10-15 11:00:00,0.21989424046854023,3.6375861597263857,-0.0010071268765159402,-2387.9
2019-10-15 12:00:00,0.16696706691686947,3.4011973816621555,0.0006864461640514463,-2339.0
2019-10-15 13:00:00,0.15904789751098702,3.258096538021482,-0.015060691816498384,-2291.9
2019-10-15 14:00:00,0.1114981270299884,3.2188758248682006,-0.008830814477910565,-2277.0
2019-10-15 15:00:00,0.11756171372669577,3.4011973816621555,-0.016320646575356257,-2267.8
2019-10-15 16:00:00,0.13751218383753283,3.6635616461296463,-0.012660394474730552,-2298.6
2019-10-15 17:00:00,0.17912566169967636,3.9889840465642745,-0.004080899064225818,-2362.3
2019-10-15 18:00:00,0.15447591089375745,4.290459441148391,0.00020451417951861117,-2325.5
2019-10-15 19:00:00,0.11189543917219469,4.430816798843313,0.002798651713762368,-2225.3
2019-10-15 20:00:00,0.09279003828299937,4.574710978503383,0.009327305350695703,-2226.6
2019-10-15 21:00:00,0.054122014975388044,4.499809670330265,0.004682811286537358,-2229.5
2019-10-15 22:00:00,0.0799867404664325,4.343805421853684,0.01309174002468172,-2018.6
2019-10-15 23:00:00,0.1673448666407924,4.0943445622221,0.01613250190526827,-580.1
2019-10-16 00:00:00,0.14703277074753407,3.7612001156935624,0.02240559899597727,-1099.8
2019-10-16 01:00:00,0.1155586140086795,3.4339872044851463,0.018160870726943834,-380.9
2019-10-16 02:00:00,0.12224902240686752,3.258096538021482,0.016923368889317558,-265.3
2019-10-16 03:00:00,0.10133363968128606,3.1780538303479458,0.018914511855483873,-278.4
2019-10-16 04:00:00,0.0596878598699635,3.2188758248682006,0.018094446546026433,-692.7
2019-10-16 05:00:00,-0.02799169897015119,3.332204510175204,0.02953076041466396,-1341.4
2019-10-16 06:00:00,0.1604886808033621,3.4339872044851463,0.04341740480451861,-1969.2
2019-10-16 07:00:00,0.043878957988370715,3.4965075614664802,0.043861798350405046,-2128.2
2019-10-16 08:00:00,-0.003108947800979145,3.332204510175204,0.04865135262091158,-2110.4
2019-10-16 09:00:00,-0.024500130996640834,3.258096538021482,0.0506098810826936,-2105.8
2019-10-16 10:00:00,-0.037791662636637025,3.2188758248682006,0.03551326078082795,-2096.3
2019-10-16 11:00:00,-0.014086518711565965,3.1354942159291497,0.04996185454398372,-2112.0
2019-10-16 12:00:00,-0.05015482498478274,3.091042453358316,0.050944384355526395,-2063.9
2019-10-16 13:00:00,0.09378989709855512,3.091042453358316,0.049682718312214824,-2038.4
2019-10-16 14:00:00,-0.010041321570416706,3.2188758248682006,0.05036258358811274,-2112.7
2019-10-16 15:00:00,0.010156672822253743,3.367295829986474,0.04702119622101453,-2097.9
2019-10-16 16:00:00,0.0015812333691287428,3.6109179126442243,0.045791509328894975,-2102.0
2019-10-16 17:00:00,-0.014284520786281618,3.8918202981106265,0.05621785175594329,-2096.2
2019-10-16 18:00:00,-0.04556946998308531,4.110873864173311,0.05777365660294098,-2236.2
2019-10-16 19:00:00,-0.038356304537044306,4.0943445622221,0.056635070184171354,-2206.9
2019-10-16 20:00:00,-0.03105237660794602,4.290459441148391,0.05102181423663943,-2215.4
2019-10-16 21:00:00,-0.025261135669390367,4.248495242049359,0.04543362213347191,-2097.4
2019-10-16 22:00:00,-0.02841131566936994,4.127134385045092,0.040445180195289865,-1570.5
2019-10-16 23:00:00,0.056350708423309026,4.07753744390572,0.03334950744010445,-453.5
2019-10-17 00:00:00,0.030477614827268074,3.871201010907891,0.06431198868892096,-284.3
2019-10-17 01:00:00,0.01735727131349618,4.007333185232471,0.059025002081898315,-298.1
2019-10-17 02:00:00,-0.009909827335005339,4.0943445622221,0.05524210213117353,-277.3
2019-10-17 03:00:00,0.0019031247650977967,4.143134726391533,0.05559168763207545,-279.6
2019-10-17 04:00:00,0.0609813333117013,4.248495242049359,0.05907642184592721,-333.1
2019-10-17 05:00:00,0.007606428645710039,4.343805421853684,0.07554933536339803,-870.8
2019-10-17 06:00:00,0.011718451526019802,4.356708826689592,0.09329595309386463,-1675.0
2019-10-17 07:00:00,-0.01532972258163312,4.406719247264253,0.09717269263645267,-1619.8
2019-10-17 08:00:00,-0.011111994253537816,4.31748811353631,0.09475757922275463,-1601.9
2019-10-17 09:00:00,0.01277980295566028,4.23410650459726,0.0909450858626677,-1500.7
2019-10-17 10:00:00,0.06701073357512977,4.174387269895637,0.07553080249381772,-1453.3
2019-10-17 11:00:00,0.03784926284655121,4.1588830833596715,0.0770276809910202,-1416.5
2019-10-17 12:00:00,0.10236164586747076,4.1588830833596715,0.07003277790340423,-1361.0
2019-10-17 13:00:00,0.09103512258483315,4.174387269895637,0.08808410132288547,-1396.1
2019-10-17 14:00:00,0.07680388197205668,4.23410650459726,0.07158462388258435,-1529.2
2019-10-17 15:00:00,-0.034927225499457926,4.31748811353631,0.06863351611474133,-1795.5
2019-10-17 16:00:00,0.011586380628051174,4.48863636973214,0.06964117979630036,-1802.0
2019-10-17 17:00:00,-0.014726237403345888,4.727387818712341,0.07412726766860356,-1826.0
2019-10-17 18:00:00,-0.016181373317162073,4.976733742420574,0.07126532587695422,-1903.5
2019-10-17 19:00:00,0.03255566231543261,5.093750200806762,0.061785036722342035,-2146.4
2019-10-17 20:00:00,0.07363918848372686,5.247024072160486,0.04968293534371604,-2123.3
2019-10-17 21:00:00,0.08780338059199044,5.198497031265826,0.03536811857656019,-2088.2
2019-10-17 22:00:00,0.1026617348359129,5.093750200806762,0.02450316707126987,-1986.8
2019-10-17 23:00:00,0.10791649473768894,5.003946305945459,0.007267082661953417,-1596.2
2019-10-18 00:00:00,0.08824138328981057,4.787491742782046,0.014667252308534273,-1452.5
2019-10-18 01:00:00,0.11309892825214041,4.7535901911063645,0.01266225255364617,-890.1
2019-10-18 02:00:00,0.10732332317425541,4.736198448394496,0.00656968343627895,-776.5
2019-10-18 03:00:00,0.08504469066053044,4.7535901911063645,0.009344494378661139,-807.9
2019-10-18 04:00:00,0.05565537098135698,4.820281565605037,0.010711670685520147,-962.4
2019-10-18 05:00:00,-0.02620582043453412,4.90527477843843,0.017651329118540282,-1445.4
2019-10-18 06:00:00,-0.0073758186159862404,4.948759890378168,0.044218879472949446,-1824.7
2019-10-18 07:00:00,0.000984743654632414,4.976733742420574,0.044852391762079336,-1895.4
2019-10-18 08:00:00,-0.004725244820980912,4.969813299576001,0.04107783416457078,-1919.4
2019-10-18 09:00:00,-0.012261031749955187,4.983606621708336,0.051109078149301546,-1907.6
2019-10-18 10:00:00,0.10199770429497379,4.969813299576001,0.05037532132770295,-1886.3
2019-10-18 11:00:00,-0.009433042613280929,4.9344739331306915,0.036336406714394975,-1837.0
2019-10-18 12:00:00,-0.01932810378744243,4.90527477843843,0.023243298035390936,-1788.0
2019-10-18 13:00:00,-0.035949538830442496,4.90527477843843,0.02247560842729257,-1701.0
2019-10-18 14:00:00,-0.03920097055062177,4.90527477843843,0.03603142345348065,-1662.1
2019-10-18 15:00:00,-0.06924086854233957,4.919980925828125,0.02589351988633215,-1675.2
2019-10-18 16:00:00,-0.05234761937375776,5.003946305945459,0.03912851760695535,-1687.0
2019-10-18 17:00:00,-0.02256370671697372,5.075173815233827,0.04445158258932924,-1813.7
2019-10-18 18:00:00,0.018594820048299265,5.099866427824199,0.04681520256867078,-1935.5
2019-10-18 19:00:00,-0.004416010039955065,4.882801922586371,0.04050240418907869,-1893.0
2019-10-18 20:00:00,-0.04917915024243413,4.852030263919617,0.03353282930166568,-1705.4
2019-10-18 21:00:00,-0.04535452152946551,4.727387818712341,0.03580970094963298,-1374.4
2019-10-18 22:00:00,-0.0325288861422699,4.584967478670572,0.034098840512874595,-1016.3
2019-10-18 23:00:00,-0.002083096544235552,4.532599493153256,0.02236326254857346,-486.8
2019-10-19 00:00:00,-0.06412219397819241,4.219507705176107,0.039895409555285255,-438.6
2019-10-19 01:00:00,-0.04592340504187309,4.343805421853684,0.043041180664780576,-354.9
2019-10-19 02:00:00,-0.08876121633072831,4.584967478670572,0.0342785725178576,-174.2
2019-10-19 03:00:00,-0.05241063637036936,4.890349128221754,0.04054564328812127,-168.9
2019-10-19 04:00:00,-0.012178187317935851,5.181783550292085,0.04452572579429859,-214.4
2019-10-19 05:00:00,0.014207633383812368,5.424950017481403,0.04159629713911972,-266.6
2019-10-19 06:00:00,0.045485702113730486,5.594711379601839,0.04071409105767998,-769.1
2019-10-19 07:00:00,-0.03399694925208596,5.733341276897746,0.03735897698665713,-547.9
2019-10-19 08:00:00,-0.041384646190212315,5.817111159963204,0.038175493596813936,-930.0
2019-10-19 09:00:00,-0.045037663823080276,5.926926025970411,0.03526526493913895,-1613.7
2019-10-19 10:00:00,0.033714250956109915,6.008813185442595,0.05796680356923112,-1880.9
2019-10-19 11:00:00,0.0004012968618787305,6.0844994130751715,0.05719055481097346,-1971.3
2019-10-19 12:00:00,0.02540155135405131,6.1675164908883415,0.05815539870739084,-1725.2
2019-10-19 13:00:00,-0.015471651230113181,6.249975242259483,0.05931883673450944,-1581.0
2019-10-19 14:00:00,-0.018169480778118086,6.309918278226516,0.04861681756882419,-1525.6
2019-10-19 15:00:00,-0.06421102837693704,6.3561076606958915,0.043075294511626616,-1561.6
2019-10-19 16:00:00,-0.010996240139753866,6.408528791059498,0.056472907677109774,-1975.1
2019-10-19 17:00:00,0.03051194022186232,6.444131256700441,0.06350806716478452,-2215.0
2019-10-19 18:00:00,0.008518696906295808,6.448889394146858,0.052087987803110636,-2206.0
2019-10-19 19:00:00,0.00349194193969371,6.345636360828596,0.04517852274033096,-2185.1
2019-10-19 20:00:00,0.03150918903764088,6.371611847231857,0.04978906078649992,-2194.2
2019-10-19 21:00:00,0.0205751982657012,6.338594078203183,0.058305448937111315,-1839.4
2019-10-19 22:00:00,0.05018381660559923,6.284134161070802,0.07124295975537898,-1812.9
2019-10-19 23:00:00,0.05297267538729855,6.214608098422191,0.07531711387624629,-846.5
2019-10-20 00:00:00,-0.08704605768867779,6.440946540632921,0.06621612464424587,-849.1
2019-10-20 01:00:00,-0.15208340802825937,6.364750756851911,0.07892011141608091,-819.6
2019-10-20 02:00:00,-0.08179506382492008,6.263398262591624,0.07191418540424799,-770.3
2019-10-20 03:00:00,-0.0285639333029013,6.139884552226255,0.07888077628559564,-716.7
2019-10-20 04:00:00,-0.0058375721683541215,6.003887067106539,0.08572358026170512,-648.1
2019-10-20 05:00:00,0.17675901089082302,5.877735781779639,0.0896917917860316,-601.4
2019-10-20 06:00:00,0.0676971725700275,5.726847747587197,0.08892444375265818,-569.0
2019-10-20 07:00:00,0.1493695652665643,5.537334267018537,0.09850120922139194,-706.7
2019-10-20 08:00:00,0.07816151253846382,5.231108616854587,0.104951123855753,-1239.2
2019-10-20 09:00:00,0.07414809426398428,4.727387818712341,0.10443133559124895,-1617.2
2019-10-20 10:00:00,0.09789433820740134,4.07753744390572,0.09345109914538874,-1650.8
2019-10-20 11:00:00,0.10629464163450564,3.4965075614664802,0.089053652257439,-1728.2
2019-10-20 12:00:00,0.11980288436518638,3.258096538021482,0.07873742369657677,-1688.3
2019-10-20 13:00:00,0.1110671372035279,3.1780538303479458,0.07599621720005167,-1543.9
2019-10-20 14:00:00,0.13097385947671292,3.258096538021482,0.08171490997971276,-1546.0
2019-10-20 15:00:00,0.158979768275874,3.5263605246161616,0.06569604248703698,-1548.8
2019-10-20 16:00:00,0.16284956667708217,3.8501476017100584,0.06999620443756793,-1586.1
2019-10-20 17:00:00,0.09708155339100877,4.143134726391533,0.08331704777015414,-1743.0
2019-10-20 18:00:00,0.05972117361278517,4.418840607796598,0.09336646993187259,-1827.7
2019-10-20 19:00:00,0.07282826931780928,4.68213122712422,0.09971519393411477,-2016.8
2019-10-20 20:00:00,0.0760674348635928,4.882801922586371,0.10173320868865154,-1968.0
2019-10-20 21:00:00,0.07883483179117157,4.969813299576001,0.10252474667633482,-1914.0
2019-10-20 22:00:00,0.09516457313996174,5.017279836814924,0.09681694019851506,-1882.9
2019-10-20 23:00:00,0.16743685421211563,5.123963979403259,0.08956128895699145,-1724.6
2019-10-21 00:00:00,0.053543931433472025,5.43372200355424,0.10530286232530006,-471.9
2019-10-21 01:00:00,0.1253869646285506,5.529429087511423,0.099815026187005,-465.7
2019-10-21 02:00:00,0.1366681523595461,5.616771097666572,0.09665626035765307,-526.9
2019-10-21 03:00:00,0.15195994780131272,5.713732805509369,0.11249448502702997,-602.7
2019-10-21 04:00:00,0.0963167655294126,5.793013608384144,0.11329211884846568,-798.2
2019-10-21 05:00:00,0.049727914395475636,5.796057750765372,0.10367259885731706,-1586.9
2019-10-21 06:00:00,0.018092935966693702,5.765191102784844,0.11129977336521435,-1899.1
2019-10-21 07:00:00,0.09865209663717955,5.703782474656201,0.10919929062780742,-2195.9
2019-10-21 08:00:00,0.23470897426718773,5.517452896464707,0.09826056773395653,-2229.9
2019-10-21 09:00:00,0.2841567442276145,5.365976015021851,0.09202165454836919,-2199.4
2019-10-21 10:00:00,0.15901246647598644,5.19295685089021,0.09738616802120603,-2059.8
2019-10-21 11:00:00,0.2128667237203099,4.976733742420574,0.10645640939684942,-2037.5
2019-10-21 12:00:00,0.14493319902579138,4.787491742782046,0.10527837300229148,-1980.4
2019-10-21 13:00:00,0.09888983832859033,4.795790545596741,0.08873278982436528,-1954.2
2019-10-21 14:00:00,0.1150826445682327,4.983606621708336,0.08984559211401066,-2012.0
2019-10-21 15:00:00,0.1783734414030156,5.2574953720277815,0.09440433329321785,-2058.8
2019-10-21 16:00:00,0.012421261911320869,5.537334267018537,0.09431388107720284,-2084.5
2019-10-21 17:00:00,0.00629946448447205,5.71042701737487,0.09265751863365335,-2117.3
2019-10-21 18:00:00,0.09798947042157558,5.796057750765372,0.08906645633404597,-2168.0
2019-10-21 19:00:00,0.011389846103983636,5.6937321388027,0.09554128833125297,-2125.2
2019-10-21 20:00:00,0.01152532171491849,5.733341276897746,0.09486943730252406,-1771.1
2019-10-21 21:00:00,0.029127886000896996,5.736572297479192,0.0937659766478367,-1707.6
2019-10-21 22:00:00,0.04591418546484105,5.720311776607412,0.09084865632128825,-1711.6
2019-10-21 23:00:00,0.11164355380417712,5.726847747587197,0.10070512544790944,-1575.7
2019-10-22 00:00:00,0.03659061074544079,6.07993319509559,0.08250695530759966,-1564.7
2019-10-22 01:00:00,0.04469033832699232,6.129050210060545,0.08199512149092936,-1344.0
2019-10-22 02:00:00,0.014988794454169785,6.124683390894205,0.06409401918589719,-1020.4
2019-10-22 03:00:00,-0.01791433433631795,6.142037405587356,0.06536420891609573,-617.6
2019-10-22 04:00:00,0.027760139449711563,6.1779441140506,0.05901557802667412,-976.3
2019-10-22 05:00:00,-0.056051607147199256,6.20050917404269,0.05985677324813388,-1529.2
2019-10-22 06:00:00,-0.07517157909188521,6.238324625039508,0.06291297439134702,-1865.5
2019-10-22 07:00:00,-0.08838226764023105,6.2878585601617845,0.058377593006072814,-1947.9
2019-10-22 08:00:00,-0.0939250821531874,6.3080984415095305,0.056554901936948454,-1968.3
2019-10-22 09:00:00,-0.09634968264889299,6.434546518787453,0.049308552491559965,-2007.4
2019-10-22 10:00:00,-0.13312301397952764,6.54534966033442,0.03790756188720845,-2071.7
2019-10-22 11:00:00,-0.12706343656786423,6.61338421837956,0.04322202596535352,-2109.8
2019-10-22 12:00:00,-0.13205251937603046,6.661854740545311,0.050780391482966536,-2159.2
2019-10-22 13:00:00,-0.13149704549047092,6.706862336602747,0.03787060457529101,-2068.3
2019-10-22 14:00:00,-0.14020091664027445,6.742880635791903,0.03546944441866984,-1952.6
2019-10-22 15:00:00,-0.15048193575130497,6.7661917146603505,0.026058576393505284,-1997.4
2019-10-22 16:00:00,-0.13172918816069235,6.785587645007929,0.019464092329039673,-2135.8
2019-10-22 17:00:00,-0.11201772173441515,6.803505257608338,0.01921466353929624,-2246.6
2019-10-22 18:00:00,-0.11936608751469491,6.81783057145415,0.011890790748974034,-2283.2
2019-10-22 19:00:00,-0.11772974678261061,6.70808408385307,0.007849167499831111,-2238.1
2019-10-22 20:00:00,-0.11340245304570118,6.725033642166843,0.011903519742468838,-1608.2
2019-10-22 21:00:00,-0.15960822553690024,6.714170529909472,0.0038044625256317133,-1030.4
2019-10-22 22:00:00,-0.5476008216818267,6.706862336602747,0.0030505785251913053,-936.5
2019-10-22 23:00:00,-0.9160644435247925,6.699500340161678,-0.003670125390911494,-973.5
2019-10-23 00:00:00,-0.6203328779828641,6.836259277277067,-0.01841639552427754,-362.7
2019-10-23 01:00:00,-0.5837641485954159,6.79346613258001,-0.018278414379592434,-252.0
2019-10-23 02:00:00,-0.5664922177020921,6.739336627357174,-0.0335074847375747,-211.9
2019-10-23 03:00:00,-0.22291229002941204,6.669498089857879,-0.02558121159017812,-190.7
2019-10-23 04:00:00,-0.06512681055176683,6.583409222158765,-0.022807067675276294,-209.1
2019-10-23 05:00:00,-0.042773093735629875,6.516193076042964,-0.019122426835164852,-1797.3
2019-10-23 06:00:00,0.0019186836453473077,6.48768401848461,-0.015372209812338333,-1921.0
2019-10-23 07:00:00,-0.0329126059843996,6.478509642208569,-0.01926390942386913,-2044.3
2019-10-23 08:00:00,-0.06823676761056996,6.431331081933479,-0.013895082359719702,-2219.6
2019-10-23 09:00:00,-0.06575082381173036,6.400257445308821,-0.019070039555296958,-2197.4
2019-10-23 10:00:00,-0.0626829540137348,6.3561076606958915,-0.03579576692395392,-2182.4
2019-10-23 11:00:00,-0.058237155403931595,6.2878585601617845,-0.020774696547793958,-2154.7
2019-10-23 12:00:00,-0.09403478417312439,6.169610732491456,-0.024658356387424085,-2119.0
2019-10-23 13:00:00,-0.06695999016882537,6.037870919922137,-0.02093484890173869,-2061.2
2019-10-23 14:00:00,-0.0544246480206394,5.8888779583328805,-0.01763301564887776,-1997.1
2019-10-23 15:00:00,-0.03068616567044602,5.802118375377063,-0.011819303801918757,-1961.1
2019-10-23 16:00:00,-0.038740636109444004,5.82600010738045,-0.010937627835648556,-2001.5
2019-10-23 17:00:00,-0.02703004127214781,5.840641657373398,-0.005050796735546648,-2151.9
2019-10-23 18:00:00,-0.0323174921554239,5.823045895483019,-0.001114982831738054,-2148.1
2019-10-23 19:00:00,-0.016107592413779237,5.71042701737487,0.001499758024637643,-2116.8
2019-10-23 20:00:00,-0.010933049525190253,5.579729825986222,0.005673994258179604,-1842.2
2019-10-23 21:00:00,0.0052897859800955516,5.424950017481403,0.009409143512144169,-1828.8
2019-10-23 22:00:00,0.02381269670732644,5.278114659230517,0.016347628616229848,-1724.4
2019-10-23 23:00:00,0.09572237636591785,5.111987788356544,0.018589091856983764,-1124.8
2019-10-24 00:00:00,0.04164106801107792,4.736198448394496,-0.0225332063310697,-246.7
2019-10-24 01:00:00,0.0070914806750788095,4.343805421853684,-0.022257631354959173,-21.8
2019-10-24 02:00:00,-0.030205726954908307,3.970291913552122,-0.029915706209132864,210.9
2019-10-24 03:00:00,-0.018735217497232615,3.828641396489095,-0.017729474281133584,247.2
2019-10-24 04:00:00,0.04083330549636921,3.9318256327243257,-0.01601823021024007,93.0
2019-10-24 05:00:00,0.003842127110805116,4.204692619390966,-0.010828729382137858,-495.7
2019-10-24 06:00:00,0.047101397437070425,4.394449154672439,-0.00401462745754344,-1412.1
2019-10-24 07:00:00,0.02777597588214409,4.51085950651685,-0.004831682011351646,-1936.2
2019-10-24 08:00:00,0.020259159142770766,4.5217885770490405,-0.0026429508956269387,-2011.0
2019-10-24 09:00:00,0.022553092125023433,4.418840607796598,-0.00691070414109074,-1971.2
2019-10-24 10:00:00,0.07125914681252343,4.290459441148391,-0.018365283273309885,-1841.6
2019-10-24 11:00:00,0.04513298210066541,4.1588830833596715,-0.011569739154244196,-1802.6
2019-10-24 12:00:00,0.10690366730197187,4.060443010546419,-0.01597060706481379,-1743.5
2019-10-24 13:00:00,0.09027668492997076,4.07753744390572,0.006980948162910394,-1693.4
2019-10-24 14:00:00,0.06412747370546956,4.127134385045092,-0.007117061731328533,-1666.0
2019-10-24 15:00:00,-0.037841520845955934,4.219507705176107,-0.011010546945184885,-1636.2
2019-10-24 16:00:00,0.019233088949093702,4.343805421853684,-0.008814225956664146,-1672.2
2019-10-24 17:00:00,0.026032162090019018,4.430816798843313,-0.008779652352301603,-1707.5
2019-10-24 18:00:00,0.008278444826507414,4.564348191467836,-0.012389983840431995,-1776.2
2019-10-24 19:00:00,0.013980831081005896,4.634728988229636,-0.015656889251137507,-1667.7
2019-10-24 20:00:00,-0.00813461573965446,4.804021044733257,-0.015186218959373221,-1562.1
2019-10-24 21:00:00,-0.023067869741257407,4.867534450455582,-0.01732185554514043,-1341.5
2019-10-24 22:00:00,-0.02659382419146672,4.90527477843843,-0.016806056437504324,-919.7
2019-10-24 23:00:00,-0.02794636977945908,4.955827057601261,-0.023416053010895332,130.4
2019-10-25 00:00:00,-0.06637482422147523,5.2832037287379885,0.021427297366253484,320.9
2019-10-25 01:00:00,-0.11729996429589917,5.41610040220442,0.016576151874782674,504.1
2019-10-25 02:00:00,-0.23339160118574753,5.521460917862246,0.0036125595465348326,484.9
2019-10-25 03:00:00,-0.2882401094424414,5.537334267018537,0.003397995190934644,512.2
2019-10-25 04:00:00,-0.25899016267958963,5.438079308923196,0.009738434598967949,540.2
2019-10-25 05:00:00,-0.14124160161577892,5.225746673713202,-0.007857848113295596,23.9
2019-10-25 06:00:00,-0.06724810570612849,4.997212273764115,-0.007651001096942167,-1504.1
2019-10-25 07:00:00,-0.022186248431010913,4.955827057601261,-0.008627351804154415,-2216.9
2019-10-25 08:00:00,-0.02553289732738495,4.983606621708336,-0.011412348456826038,-2236.1
2019-10-25 09:00:00,-0.03411704785797687,4.941642422609304,-0.015775109913025,-2216.3
2019-10-25 10:00:00,0.08266359912236432,4.90527477843843,-0.0019839575974174295,-2201.0
2019-10-25 11:00:00,-0.03609445262622035,4.948759890378168,-0.015000064633936105,-2174.7
2019-10-25 12:00:00,-0.09128991563969491,5.049856007249537,-0.02308077363884742,-1915.6
2019-10-25 13:00:00,-0.08623039961580226,5.231108616854587,-0.023217619231606257,-1988.9
2019-10-25 14:00:00,-0.11556549278284756,5.3471075307174685,-0.012758740715950623,-1838.7
2019-10-25 15:00:00,-0.1059218355039464,5.402677381872279,-0.027246659507965454,-2247.7
2019-10-25 16:00:00,-0.06913623441968575,5.472270673671475,-0.013649687740432626,-2401.4
2019-10-25 17:00:00,-0.03406269690592101,5.594711379601839,-0.011700578021171637,-2515.1
2019-10-25 18:00:00,-0.02485654573006224,5.780743515792329,-0.017233642561400586,-2621.2
2019-10-25 19:00:00,-0.021555519916651278,5.908082938168931,-0.024700789621682873,-2682.1
2019-10-25 20:00:00,-0.0844100666198555,6.115892125483034,-0.020534391968610066,-2097.0
2019-10-25 21:00:00,-0.09899375220900097,6.304448802421981,-0.016548827542768763,-876.5
2019-10-25 22:00:00,-0.1624293125726175,6.459904454377535,-0.016426404681774365,-479.0
2019-10-25 23:00:00,-0.2778362061275299,6.56244409369372,-0.011407433330009376,-466.4
2019-10-26 00:00:00,-0.4616259293554572,6.625392368007956,-0.009846682339529345,-300.9
2019-10-26 01:00:00,-0.6371836244064704,6.666956792429207,-0.005988246575538092,-72.0
2019-10-26 02:00:00,-0.5645924774466193,6.669498089857879,-0.015138596278188032,-85.5
2019-10-26 03:00:00,-0.7334441845822717,6.645090969505644,-0.006847233318693746,-150.7
2019-10-26 04:00:00,-0.9160644435247925,6.618738983517219,-0.00816939119189275,-110.3
2019-10-26 05:00:00,-0.6659131516996579,6.594413459749778,-0.010388457739258783,-129.1
2019-10-26 06:00:00,-0.7833707303707502,6.566672429803241,-0.011013471955962473,-91.5
2019-10-26 07:00:00,-0.32765463071422296,6.523562306149512,-0.0061865780006389315,-112.6
2019-10-26 08:00:00,-0.18102811217165415,6.434546518787453,-0.002572561036536136,-181.5
2019-10-26 09:00:00,-0.09942113062902358,6.35088571671474,-0.003608887822526441,-847.4
2019-10-26 10:00:00,-0.01904210148320118,6.280395838960195,0.009556314149661738,-1499.8
2019-10-26 11:00:00,-0.055904032543411475,6.212606095751519,0.008485276682082876,-1744.7
2019-10-26 12:00:00,0.004154699849783672,6.1463292576688975,0.007884849367524538,-1669.0
2019-10-26 13:00:00,-0.022975293941022823,6.089044875446846,0.00600783064347965,-1694.3
2019-10-26 14:00:00,-0.018458539892719283,6.054439346269371,0.0013076834213796573,-1744.9
2019-10-26 15:00:00,-0.061038711369017395,6.045005314036012,-0.007355559115265642,-1844.0
2019-10-26 16:00:00,-0.010155786245205523,6.035481432524756,0.01438855237486969,-2065.0
2019-10-26 17:00:00,0.016296869157070404,6.023447592961033,0.031759368850203806,-2037.8
2019-10-26 18:00:00,0.02070750705621105,6.021023349349527,0.023223505135391065,-2043.3
2019-10-26 19:00:00,0.002154864591142669,5.981414211254481,0.019448115264851573,-2056.4
2019-10-26 20:00:00,-0.004189274854073499,5.963579343618446,0.027199047181393432,-2000.0
2019-10-26 21:00:00,0.01971964424231798,5.905361848054571,0.034588922319795046,-1994.9
2019-10-26 22:00:00,0.0185915645681467,5.8377304471659395,0.04080193425414347,-1186.9
2019-10-26 23:00:00,0.0390119023595461,5.762051382780177,0.03483320466940398,-337.5
2019-10-27 00:00:00,-0.01563308710648803,5.384495062789089,0.04745384818872278,-67.0
2019-10-27 01:00:00,0.04512107945740551,5.262690188904886,0.05164996834343594,132.4
2019-10-27 02:00:00,0.07071466600068721,5.14166355650266,0.03413821124534078,282.6
2019-10-27 02:00:00,0.07071466600068721,5.14166355650266,0.03413821124534078,282.6
2019-10-27 02:00:00,0.07071466600068721,5.14166355650266,0.03413821124534078,282.6
2019-10-27 02:00:00,0.07071466600068721,5.14166355650266,0.03413821124534078,282.6
2019-10-27 02:00:00,0.07166780348348878,5.030437921392435,0.03510021228153182,294.1
2019-10-27 02:00:00,0.07166780348348878,5.030437921392435,0.03510021228153182,294.1
2019-10-27 02:00:00,0.07166780348348878,5.030437921392435,0.03510021228153182,294.1
2019-10-27 02:00:00,0.07166780348348878,5.030437921392435,0.03510021228153182,294.1
2019-10-27 03:00:00,0.11716047939949625,4.912654885736052,0.0478194556523297,412.4
2019-10-27 04:00:00,0.17169446198357807,4.812184355372417,0.05700460791269357,250.1
2019-10-27 05:00:00,0.23842774165520586,4.6913478822291435,0.0566915470663627,-159.4
2019-10-27 06:00:00,0.26797381817977417,4.543294782270004,0.060299949177820444,-309.3
2019-10-27 07:00:00,0.1863890685948313,4.442651256490317,0.061459937541043175,-932.7
2019-10-27 08:00:00,0.09735705967290942,4.343805421853684,0.06465420154498869,-1271.3
2019-10-27 09:00:00,0.06669670060392185,4.189654742026425,0.06678573597488224,-1477.0
2019-10-27 10:00:00,0.07713048046233029,4.0943445622221,0.06265382539647302,-1478.7
2019-10-27 11:00:00,0.0680291035555518,4.04305126783455,0.06727724735726959,-1473.0
2019-10-27 12:00:00,0.07391089110853111,4.007333185232471,0.06445746663510654,-1468.8
2019-10-27 13:00:00,0.10030395892319266,3.9512437185814275,0.07599621720005167,-1465.5
2019-10-27 14:00:00,0.1320742722424999,3.9889840465642745,0.07917791073312408,-1470.5
2019-10-27 15:00:00,0.17938031257636533,4.07753744390572,0.09646770115379066,-1492.4
2019-10-27 16:00:00,0.20449462433808518,4.127134385045092,0.11700648086330379,-1631.9
2019-10-27 17:00:00,0.15368846728228824,4.060443010546419,0.10405144288668566,-2088.8
2019-10-27 18:00:00,0.10149751199259294,3.970291913552122,0.08936165881235958,-2152.2
2019-10-27 19:00:00,0.08154454913083242,3.7376696182833684,0.09172793102390386,-2109.1
2019-10-27 20:00:00,0.047406312331730316,3.6109179126442243,0.08706301894085833,-1677.1
2019-10-27 21:00:00,0.043284825832437424,3.5263605246161616,0.08598177222257775,-1679.3
2019-10-27 22:00:00,0.05441918894134279,3.4657359027997265,0.08739502895689544,-1438.9
2019-10-27 23:00:00,0.13956735167370082,3.367295829986474,0.09661599193688186,-1043.5
2019-10-28 00:00:00,0.1290404311035247,3.258096538021482,0.09552935049831923,-612.4
2019-10-28 01:00:00,0.2131184692147552,3.332204510175204,0.09712081710331333,-610.8
2019-10-28 02:00:00,0.21821433710637006,3.4339872044851463,0.08946844863881953,-621.1
2019-10-28 03:00:00,0.21549170113753213,3.58351893845611,0.10006093231094848,-645.9
2019-10-28 04:00:00,0.13128247480082722,3.8066624897703196,0.10282994844148252,-689.5
2019-10-28 05:00:00,0.07261461636180933,4.0943445622221,0.10535893989775413,-715.6
2019-10-28 06:00:00,0.0372757553834675,4.382026634673881,0.10265531874887301,-1914.3
2019-10-28 07:00:00,0.020769845942027576,4.605170185988092,0.10843796588604793,-2775.4
2019-10-28 08:00:00,0.0387913336814365,4.6913478822291435,0.11184568232426262,-2814.0
2019-10-28 09:00:00,0.027504061208074138,4.74493212836325,0.11821095530327508,-2681.9
2019-10-28 10:00:00,-0.0351153213048887,4.727387818712341,0.11164532143787742,-2675.0
2019-10-28 11:00:00,0.007304202886904587,4.709530201312334,0.10797156120186013,-2676.1
2019-10-28 12:00:00,0.02895892814766876,4.812184355372417,0.10603566194420022,-2673.9
2019-10-28 13:00:00,0.023142378583425938,5.087596335232384,0.11794316792416648,-2760.5
2019-10-28 14:00:00,0.014649877638269526,5.5093883366279774,0.12149624640674705,-2816.8
2019-10-28 15:00:00,0.024117956251550776,5.872117789475416,0.14134709254040967,-2870.4
2019-10-28 16:00:00,0.022208469960654842,6.093569770045136,0.14281275482802958,-2946.9
2019-10-28 17:00:00,0.018915587293640623,6.186208623900494,0.1268870508352773,-2927.1
2019-10-28 18:00:00,-0.020570264302980146,6.246106765481563,0.10718015913319334,-2914.4
2019-10-28 19:00:00,-0.0008618385871592693,6.1779441140506,0.10164351931889648,-2851.6
2019-10-28 20:00:00,0.0239258349133733,6.2324480165505225,0.10113414064185111,-2851.9
2019-10-28 21:00:00,0.06045940285153817,6.255750041753367,0.0993414590321402,-2418.0
2019-10-28 22:00:00,0.07637601417809314,6.267200548541362,0.09914745913598288,-2059.3
2019-10-28 23:00:00,0.12752331152572838,6.272877006546167,0.11425317348521524,-1288.0
2019-10-29 00:00:00,0.10188576597845156,6.3080984415095305,0.1221772076907488,-1031.1
2019-10-29 01:00:00,0.10784548161825791,6.274762021241939,0.11946605292042367,-1017.7
2019-10-29 02:00:00,0.07301770905123739,6.22455842927536,0.10910611797311365,-1010.9
2019-10-29 03:00:00,0.08297640775555992,6.192362489474872,0.11923719885624706,-959.2
2019-10-29 04:00:00,0.09574329980642116,6.180016653652572,0.12464195819340418,-946.1
2019-10-29 05:00:00,0.0421986703281223,6.1675164908883415,0.13894599722892043,-1088.1
2019-10-29 06:00:00,0.03200750040209854,6.161207321695077,0.13660967777513466,-2327.4
2019-10-29 07:00:00,0.005740792273976059,6.144185634125646,0.13650002257845628,-2868.7
2019-10-29 08:00:00,-0.006980893660912368,6.063785208687608,0.1350567297715699,-2837.4
2019-10-29 09:00:00,0.01020804690900734,5.934894195619588,0.13089223498231117,-2803.7
2019-10-29 10:00:00,-0.007168980748561982,5.69035945432406,0.12255255394511266,-2761.8
2019-10-29 11:00:00,0.009850991805657294,5.424950017481403,0.12395523302290545,-2563.6
2019-10-29 12:00:00,0.012155068954094794,5.2832037287379885,0.13357550925144768,-2521.5
2019-10-29 13:00:00,0.030892861922844794,5.278114659230517,0.13005135778870702,-2521.9
2019-10-29 14:00:00,0.0255873310135728,5.44673737166631,0.15028511884725138,-2527.1
2019-10-29 15:00:00,0.015574377185753718,5.6131281063880705,0.1681630732230941,-2546.5
2019-10-29 16:00:00,0.03862653711394515,5.655991810819852,0.18119235991841443,-2590.2
2019-10-29 17:00:00,0.04749641484575884,5.572154032177765,0.16723758438539793,-2560.7
2019-10-29 18:00:00,0.0323371999697768,5.4680601411351315,0.1482190982335112,-2603.5
2019-10-29 19:00:00,0.030222189403967814,5.272999558563747,0.14567443486848042,-2536.4
2019-10-29 20:00:00,0.05886383815585594,5.1647859739235145,0.14575647301074035,-2353.9
2019-10-29 21:00:00,0.07582674627501396,5.062595033026967,0.14379561374925576,-1960.0
2019-10-29 22:00:00,0.13137230584075477,4.948759890378168,0.14480495033014584,-1704.5
2019-10-29 23:00:00,0.29299146840661816,4.762173934797756,0.14639056918482218,-751.6
2019-10-30 00:00:00,0.246226653026278,4.859812404361672,0.1559369916205,-598.7
2019-10-30 01:00:00,0.21297206797397372,4.543294782270004,0.15783871234935098,-468.2
2019-10-30 02:00:00,0.21683637834795144,4.219507705176107,0.14948997610374093,-437.6
2019-10-30 03:00:00,0.1859387493964788,3.9512437185814275,0.16111230441240476,-397.4
2019-10-30 04:00:00,0.15597451204777446,3.871201010907891,0.16017696015979954,-413.3
2019-10-30 05:00:00,0.07844047701754286,4.060443010546419,0.16351866982410623,-756.7
2019-10-30 06:00:00,0.0763268884816517,4.3694478524670215,0.14701313997154397,-2184.9
2019-10-30 07:00:00,0.037502740849094884,4.6913478822291435,0.14316813532646844,-2266.3
2019-10-30 08:00:00,0.027235612557902744,4.912654885736052,0.14418198287989004,-2376.9
2019-10-30 09:00:00,0.016527573443966048,5.170483995038151,0.13875576384985333,-2367.4
2019-10-30 10:00:00,0.0033183460280965527,5.375278407684165,0.12602726832165967,-2344.1
2019-10-30 11:00:00,-0.005047737251528073,5.5093883366279774,0.1341236468656941,-2391.8
2019-10-30 12:00:00,-0.05089529151250671,5.68697535633982,0.13173363928284765,-2415.8
2019-10-30 13:00:00,-0.00847866136218034,5.8944028342648505,0.13371346716370702,-2494.9
2019-10-30 14:00:00,0.0011877421459964843,6.113682179832232,0.1458968362917581,-2557.5
2019-10-30 15:00:00,0.005895480762225791,6.285998094508865,0.15523478086124776,-2519.6
2019-10-30 16:00:00,-0.00595081328645275,6.380122536899765,0.15261081445038105,-2466.4
2019-10-30 17:00:00,-0.01605914414465026,6.408528791059498,0.13100478738488253,-2394.2
2019-10-30 18:00:00,-0.04223997529507706,6.410174881966167,0.1103766568908009,-2277.1
2019-10-30 19:00:00,-0.03139841021219647,6.251903883165888,0.10355532596849404,-2225.5
2019-10-30 20:00:00,-0.020426385735624386,6.20050917404269,0.09832522199933624,-2238.7
2019-10-30 21:00:00,0.021638923981625258,6.139884552226255,0.1011400790896877,-2237.5
2019-10-30 22:00:00,0.04971951169640976,6.1070228877422545,0.10531433449837913,-2202.7
2019-10-30 23:00:00,0.15544161106753984,6.07073772800249,0.10915671534678584,-1811.4
2019-10-31 00:00:00,0.0975977343007095,6.255750041753367,0.133182975843952,-738.4
2019-10-31 01:00:00,0.06687668931701829,6.234410725718371,0.1367774138788329,-699.7
2019-10-31 02:00:00,0.02273268754045521,6.192362489474872,0.12682900879517156,-669.8
2019-10-31 03:00:00,0.01281893964209413,6.150602768446279,0.13255272876820356,-641.1
2019-10-31 04:00:00,0.09780606689403282,6.118097198041348,0.12550189782763255,-614.6
2019-10-31 05:00:00,0.09764789236320803,6.095824562432225,0.1264941369786472,-640.0
2019-10-31 06:00:00,0.09115230561003163,6.068425588244111,0.11151427875906172,-1879.2
2019-10-31 07:00:00,0.03278600640168117,6.023447592961033,0.10335987401370961,-2002.7
2019-10-31 08:00:00,0.02224970471169696,5.955837369464831,0.0993872171214969,-2040.8
2019-10-31 09:00:00,0.028024381575613155,5.924255797414532,0.09171520526923249,-2073.9
2019-10-31 10:00:00,0.08143166971459914,5.846438775057725,0.09113174293629722,-2120.1
2019-10-31 11:00:00,0.04863036263283593,5.783825182329737,0.09197093978659598,-2001.0
2019-10-31 12:00:00,0.09830690133597964,5.75890177387728,0.08419509171590889,-1911.8
2019-10-31 13:00:00,0.10558630758027077,5.793013608384144,0.11087487165862697,-1793.8
2019-10-31 14:00:00,0.11661765632686638,5.886104031450156,0.10795226805345948,-2204.2
2019-10-31 15:00:00,0.030850606739849518,5.966146739123692,0.11841050998432756,-2166.9
2019-10-31 16:00:00,0.06993519206905585,6.0014148779611505,0.12224418008416027,-2279.2
2019-10-31 17:00:00,0.04866894356543261,6.003887067106539,0.10636336668494195,-2317.8
2019-10-31 18:00:00,0.017548209312523433,5.981414211254481,0.09536287745601424,-2353.5
2019-10-31 19:00:00,0.030314904499984863,5.730099782973574,0.09100148512228934,-2344.8
2019-10-31 20:00:00,0.07563769027305334,5.752572638825633,0.09176033985408782,-2323.0
2019-10-31 21:00:00,0.09381090804649084,5.783825182329737,0.09996010278452871,-2308.9
2019-10-31 22:00:00,0.11126720429167225,5.796057750765372,0.10896333085152854,-2255.8
2019-10-31 23:00:00,0.1615398436583626,5.777652323222656,0.11884055250449777,-1765.8
2019-11-01 00:00:00,-0.030041690157932344,5.6937321388027,-0.04301574301140487,-1007.0
2019-11-01 01:00:00,-0.06267990681859592,5.641907070938114,-0.04290082341865897,-756.3
2019-11-01 02:00:00,-0.06025232773383804,5.616771097666572,-0.03724041078623763,-702.0
2019-11-01 03:00:00,-0.09997304906035653,5.62040086571715,-0.03241877683610639,-675.7
2019-11-01 04:00:00,-0.11956797068026104,5.616771097666572,-0.031053044509509853,-806.1
2019-11-01 05:00:00,-0.1491736462147708,5.594711379601839,-0.031814500593352335,-1729.2
2019-11-01 06:00:00,-0.1518259639163464,5.537334267018537,-0.05626676387846796,-2337.5
2019-11-01 07:00:00,-0.1466555427478533,5.442417710521793,-0.0684354110791805,-2690.6
2019-11-01 08:00:00,-0.1470895125663092,5.288267030694535,-0.06689647999067283,-2802.2
2019-11-01 09:00:00,-0.14189048704423657,5.111987788356544,-0.06926801243656389,-2670.8
2019-11-01 10:00:00,-0.02906754412632928,4.897839799950911,-0.05973514802320068,-2609.5
2019-11-01 11:00:00,-0.13994525254308776,4.700480365792417,-0.07362450994013692,-2496.0
2019-11-01 12:00:00,-0.13513543175353782,4.605170185988092,-0.09318195044247624,-2359.6
2019-11-01 13:00:00,-0.15935609237299442,4.663439094112067,-0.08669592912262303,-2364.6
2019-11-01 14:00:00,-0.17504387195259596,4.820281565605037,-0.07951863444804097,-2340.8
2019-11-01 15:00:00,-0.19801297819230523,4.948759890378168,-0.07797215255316825,-2260.3
2019-11-01 16:00:00,-0.17688768198400684,5.056245805348308,-0.05915956645993159,-2409.3
2019-11-01 17:00:00,-0.1720096011673662,5.231108616854587,-0.05311350797767478,-2572.9
2019-11-01 18:00:00,-0.1462283991800346,5.429345628954441,-0.05151681464230773,-2592.2
2019-11-01 19:00:00,-0.12816900307292878,5.442417710521793,-0.05356304757797847,-2449.3
2019-11-01 20:00:00,-0.13635384714193366,5.598421958998375,-0.04817265551419414,-2157.6
2019-11-01 21:00:00,-0.1380064133256389,5.726847747587197,-0.04517706053514026,-1758.0
2019-11-01 22:00:00,-0.18446931152920154,5.823045895483019,-0.04763898966270208,-1006.6
2019-11-01 23:00:00,-0.292983504401767,5.863631175598097,-0.04742098263593508,-326.0
2019-11-02 00:00:00,0.22203621744085789,5.783825182329737,-0.00682544426113374,-298.7
2019-11-02 01:00:00,0.20559473509755577,5.7430031878094825,-0.013673811737286101,-113.7
2019-11-02 02:00:00,0.1665039377206976,5.673323267171493,-0.014716470583017838,-71.4
2019-11-02 03:00:00,0.17869889218738466,5.605802066295998,-0.02151409789952563,-47.7
2019-11-02 04:00:00,0.23695197390424516,5.521460917862246,-0.02352377743088585,-55.0
2019-11-02 05:00:00,0.355181997742573,5.407171771460119,-0.027319651435958825,-79.6
2019-11-02 06:00:00,0.45065230304520654,5.236441962829949,-0.018593132608976326,-937.6
2019-11-02 07:00:00,0.42420686780068007,4.927253685157205,-0.027838007701065592,-1311.5
2019-11-02 08:00:00,0.41801603353448336,4.5217885770490405,-0.022618108406526893,-1591.4
2019-11-02 09:00:00,0.4300202018996946,4.189654742026425,-0.020839961810076524,-1869.7
2019-11-02 10:00:00,0.4967272862285581,3.9512437185814275,-0.00827212495719909,-1969.5
2019-11-02 11:00:00,0.44686318688550664,3.8918202981106265,-0.012838189003589129,-1892.1
2019-11-02 12:00:00,0.48656621320740134,3.970291913552122,-0.022684096304024237,-1721.7
2019-11-02 13:00:00,0.4338212551618117,4.219507705176107,-0.010728591267931797,-1644.2
2019-11-02 14:00:00,0.420458580492284,4.605170185988092,-0.019355945634854876,-1664.8
2019-11-02 15:00:00,0.3738406383425348,5.003946305945459,-0.014917292000110827,-1756.5
2019-11-02 16:00:00,0.4158395975859661,5.25227342804663,-0.0044068339439817805,-2062.7
2019-11-02 17:00:00,0.4060239773562011,5.4680601411351315,0.0012926372235604333,-2250.3
2019-11-02 18:00:00,0.43636570044874023,5.627621113690637,-0.008779005433265041,-2477.1
2019-11-02 19:00:00,0.4073358157598719,5.726847747587197,-0.005484694037408033,-1966.4
2019-11-02 20:00:00,0.4284586709651985,5.771441123130016,-0.00691144948006972,-1854.6
2019-11-02 21:00:00,0.459554256918115,5.793013608384144,-0.011594843024481882,-1731.2
2019-11-02 22:00:00,0.44740815720404914,5.831882477283517,-0.013384523828816164,-1391.8
2019-11-02 23:00:00,0.40181124013310265,5.855071922202427,-0.01015276506862417,-953.4
2019-11-03 00:00:00,-0.08401326933931497,6.220590170099739,-0.04674380813295542,-1223.1
2019-11-03 01:00:00,-0.07157308078357083,6.22455842927536,-0.04128177653732479,-827.2
2019-11-03 02:00:00,-0.10383913686118973,6.257667587882639,-0.05856585243916168,-534.8
2019-11-03 03:00:00,-0.09875379253633376,6.3080984415095305,-0.05854773262714996,-455.4
2019-11-03 04:00:00,-0.038897225491428156,6.342121418721152,-0.049511215621503624,-525.7
2019-11-03 05:00:00,0.04756874166777214,6.3578422665081,-0.04257769182643667,-813.1
2019-11-03 06:00:00,0.10504150349378305,6.369900982828227,-0.0339809055562279,-988.1
2019-11-03 07:00:00,0.029288472478800287,6.364750756851911,-0.03189582837937177,-1835.6
2019-11-03 08:00:00,-0.0357601216849428,6.327936783729195,-0.03323381638122225,-2181.6
2019-11-03 09:00:00,-0.04381610930823898,6.270988431858299,-0.02438312734478565,-2435.2
2019-11-03 10:00:00,-0.03123243577210788,6.2166061010848646,-0.03598761660566563,-2305.9
2019-11-03 11:00:00,-0.019865462511858833,6.184148890937483,-0.046633475606310704,-2470.5
2019-11-03 12:00:00,0.009085284739227095,6.1779441140506,-0.06496160511971816,-2690.7
2019-11-03 13:00:00,0.010057459017318138,6.214608098422191,-0.05770597278845546,-2466.5
2019-11-03 14:00:00,0.02241610660622051,6.29156913955832,-0.061762790212863905,-2563.5
2019-11-03 15:00:00,0.05012265401302596,6.366470447731438,-0.052752362606055314,-2285.4
2019-11-03 16:00:00,0.05978773902611634,6.401917196727186,-0.035072735074357375,-2523.6
2019-11-03 17:00:00,-0.03938003430240711,6.391917113392602,-0.0324297183088369,-3072.8
2019-11-03 18:00:00,-0.06014407841783509,6.3561076606958915,-0.035987286407146435,-3137.7
2019-11-03 19:00:00,-0.04019881064787301,6.169610732491456,-0.030433087188396435,-3041.8
2019-11-03 20:00:00,-0.06200432740103201,6.102558594613569,-0.036358521209355565,-2213.2
2019-11-03 21:00:00,-0.08759147729123207,6.045005314036012,-0.032917577067677506,-1864.9
2019-11-03 22:00:00,-0.10141931423370787,5.955837369464831,-0.03970332904474816,-1723.2
2019-11-03 23:00:00,-0.09028199577747342,5.82600010738045,-0.035687135843097906,-1529.7
2019-11-04 00:00:00,-0.02910351104560993,5.942799375126701,-0.03895852686657886,-754.5
2019-11-04 01:00:00,0.0354490191311676,5.75890177387728,-0.03387993728718097,-475.4
2019-11-04 02:00:00,0.05126945354805379,5.5053315359323625,-0.03185135280689533,-424.7
2019-11-04 03:00:00,0.024052160787283672,5.153291594497779,-0.031353140854866623,-324.4
2019-11-04 04:00:00,-0.08116166920275081,4.727387818712341,-0.02350340695923414,-415.3
2019-11-04 05:00:00,-0.13390924441907126,4.356708826689592,-0.014968851280811712,-1358.0
2019-11-04 06:00:00,-0.12758247182181792,4.060443010546419,-0.0022441057184092728,-1576.3
2019-11-04 07:00:00,-0.11341103373089823,3.912023005428146,0.0017147776521539981,-1855.7
2019-11-04 08:00:00,-0.0917674150596115,4.04305126783455,0.012297058732872124,-1862.6
2019-11-04 09:00:00,-0.0602843785752083,4.406719247264253,0.018169026215743678,-1802.8
2019-11-04 10:00:00,-0.1360282907043553,4.820281565605037,0.01812147504297723,-1849.7
2019-11-04 11:00:00,-0.08940345869681732,5.135798437050262,0.0061531464765556265,-1901.2
2019-11-04 12:00:00,-0.07492315429114615,5.3471075307174685,-0.010403736208932202,-1909.8
2019-11-04 13:00:00,-0.09020439796833957,5.493061443340548,0.006519325407035481,-1951.6
2019-11-04 14:00:00,-0.11287606866380973,5.594711379601839,0.0032208607525854305,-1963.8
2019-11-04 15:00:00,-0.10540739461346371,5.700443573390687,0.025116322724853646,-1970.9
2019-11-04 16:00:00,-0.0974783197178617,5.780743515792329,0.021862698737448838,-1986.8
2019-11-04 17:00:00,-0.08688541022597018,5.808142489980444,0.016516927303192652,-2018.8
2019-11-04 18:00:00,-0.07996790179353575,5.831882477283517,0.017785694920669393,-2046.0
2019-11-04 19:00:00,-0.05367438621856202,5.811140992976701,0.012429168442514182,-2016.2
2019-11-04 20:00:00,-0.05660394248229439,5.8289456176102075,0.015017499112417454,-1967.4
2019-11-04 21:00:00,-0.07140496971418875,5.796057750765372,0.013787720048580532,-1684.7
2019-11-04 22:00:00,-0.06934266334246031,5.717027701406222,0.013616611427030634,-585.2
2019-11-04 23:00:00,-0.09837705256142959,5.6131281063880705,-0.0017036026641559232,-694.1
2019-11-05 00:00:00,-0.03413688557419281,5.560681631015528,-0.02005869342574762,-700.7
2019-11-05 01:00:00,-0.04775968287777266,5.476463551931511,-0.02322996665882293,-580.5
2019-11-05 02:00:00,-0.05328943240735251,5.420534999272286,-0.02546636237051736,-526.5
2019-11-05 03:00:00,-0.036841791825119596,5.3706380281276624,-0.024354901280039698,-508.5
2019-11-05 04:00:00,-0.027105104100917377,5.298317366548036,-0.02495140641491478,-964.6
2019-11-05 05:00:00,-0.04597595507823016,5.247024072160486,-0.010476142899345398,-1186.3
2019-11-05 06:00:00,-0.07937106224545243,5.288267030694535,0.014466697947404406,-1886.1
2019-11-05 07:00:00,-0.03460835407730478,5.37989735354046,0.012858321884896995,-2141.0
2019-11-05 08:00:00,-0.02647608089999931,5.4116460518550396,0.012262885365012188,-2368.7
2019-11-05 09:00:00,-0.016541069273813047,5.455321115357702,0.015454091573705142,-2260.3
2019-11-05 10:00:00,-0.04753281126101161,5.472270673671475,0.01626530283936045,-2246.0
2019-11-05 11:00:00,-0.026151232891126863,5.429345628954441,0.005398553770045389,-2187.8
2019-11-05 12:00:00,-0.030395495546040596,5.389071729816501,-0.005634642603641993,-2149.6
2019-11-05 13:00:00,-0.02766460874377552,5.4116460518550396,-0.01222665153624991,-2125.3
2019-11-05 14:00:00,-0.04601951990941,5.5254529391317835,-0.0033788076041698645,-2121.2
2019-11-05 15:00:00,-0.09931889028898988,5.638354669333745,0.010425190766524928,-2103.2
2019-11-05 16:00:00,-0.0899487966173318,5.683579767338681,0.024690030305420052,-2122.7
2019-11-05 17:00:00,-0.03285391436624785,5.683579767338681,0.027958879391396962,-2403.5
2019-11-05 18:00:00,0.015902106250917925,5.662960480135946,0.020157925582305225,-2482.1
2019-11-05 19:00:00,0.03391807295443261,5.575949103146316,0.01625571653347091,-2468.2
2019-11-05 20:00:00,0.03278840330774235,5.521460917862246,0.017674111363643163,-2245.8
2019-11-05 21:00:00,-0.006169211320003143,5.455321115357702,0.011964731762837744,-2183.3
2019-11-05 22:00:00,0.02614554496010113,5.3981627015177525,0.005320557768826895,-1976.1
2019-11-05 23:00:00,0.11435055227233315,5.356586274672012,-0.0007710762184371944,-1354.6
2019-11-06 00:00:00,0.1583157687863439,5.262690188904886,0.006919111917480514,-515.3
2019-11-06 01:00:00,0.11981228418685186,5.19295685089021,0.004809382180673616,-436.3
2019-11-06 02:00:00,0.14363454381698215,5.093750200806762,0.0044541899358430115,-416.6
2019-11-06 03:00:00,0.11446025734372567,4.969813299576001,0.008783813092597015,-412.6
2019-11-06 04:00:00,0.06376792295800104,4.852030263919617,0.004863041267166857,-397.6
2019-11-06 05:00:00,-0.023702942774515012,4.736198448394496,0.015411023600329976,-885.3
2019-11-06 06:00:00,0.030787639202006556,4.605170185988092,0.03016448205969624,-1041.9
2019-11-06 07:00:00,0.1659275576866186,4.465908118654584,0.022014573226495138,-2307.5
2019-11-06 08:00:00,0.2002030105830057,4.174387269895637,0.02178461850695168,-2268.4
2019-11-06 09:00:00,0.17584019363180747,3.8918202981106265,0.02440457143322572,-2096.7
2019-11-06 10:00:00,0.17381366947710575,3.6888794541139363,0.022264561925667614,-2229.4
2019-11-06 11:00:00,0.18416384475805092,3.4657359027997265,0.01880629879245177,-2233.8
2019-11-06 12:00:00,0.11318681148010024,3.332204510175204,0.005302436979301106,-2084.6
2019-11-06 13:00:00,0.1666713303247649,3.332204510175204,0.008677264273256213,-2278.2
2019-11-06 14:00:00,0.19325334150004636,3.4965075614664802,0.011712651512659988,-2296.2
2019-11-06 15:00:00,0.20538765024527095,3.6888794541139363,0.021861374092421393,-2317.5
2019-11-06 16:00:00,0.24214053363453036,3.8066624897703196,0.024867952862685172,-2335.4
2019-11-06 17:00:00,0.45334114595627106,3.828641396489095,0.025768521846649683,-2523.0
2019-11-06 18:00:00,0.5303960480402656,3.828641396489095,0.01939558392969598,-2641.1
2019-11-06 19:00:00,0.3252136875650775,3.7376696182833684,0.01249701947344306,-2384.7
2019-11-06 20:00:00,0.15866599885487842,3.713572066704308,0.002949711328212423,-2330.2
2019-11-06 21:00:00,0.06846662095951572,3.6888794541139363,0.0003382183792375315,-1711.0
2019-11-06 22:00:00,0.04041812900170605,3.7376696182833684,-0.008365956477062397,-1225.0
2019-11-06 23:00:00,0.07631079013564124,3.8066624897703196,-0.015580676608322186,-760.6
2019-11-07 00:00:00,0.10785160770953617,3.912023005428146,-0.015435363864658491,-429.3
2019-11-07 01:00:00,0.0742959477013736,3.970291913552122,-0.018395584046229985,-336.3
2019-11-07 02:00:00,0.06260912977410937,4.007333185232471,-0.020334720721246313,-307.9
2019-11-07 03:00:00,0.06934643921502959,4.02535169073515,-0.02005010796517137,-336.4
2019-11-07 04:00:00,0.11574300584571118,4.02535169073515,-0.02011334639925444,-427.5
2019-11-07 05:00:00,0.07543781469012334,4.02535169073515,-0.005899737374109648,-716.3
2019-11-07 06:00:00,0.07943301102646583,4.007333185232471,0.016473228709123156,-1501.6
2019-11-07 07:00:00,0.18038304139151373,3.9512437185814275,0.01175452056694759,-2424.8
2019-11-07 08:00:00,0.2481088763690158,3.828641396489095,0.009440256969330818,-2487.4
2019-11-07 09:00:00,0.16712348479814,3.6635616461296463,0.00705634250764664,-2419.2
2019-11-07 10:00:00,0.14932922271379478,3.4965075614664802,0.019282447243974765,-2340.6
2019-11-07 11:00:00,0.09868881884670566,3.4011973816621555,0.00944728867338096,-2094.8
2019-11-07 12:00:00,0.14703518095446633,3.367295829986474,-0.004303450227435945,-2066.7
2019-11-07 13:00:00,0.1139190427267005,3.4657359027997265,0.021196128788211865,-2040.4
2019-11-07 14:00:00,0.10066153371428799,3.6635616461296463,0.011183087620261212,-2020.3
2019-11-07 15:00:00,0.025547986887259455,3.8501476017100584,0.01522676171067161,-2079.3
2019-11-07 16:00:00,0.11225683956183596,3.871201010907891,0.020271688973592994,-2396.9
2019-11-07 17:00:00,0.12343463506100383,3.8066624897703196,0.02174099926234163,-2435.4
2019-11-07 18:00:00,0.048979655652241494,3.7612001156935624,0.017056264425267642,-2152.9
2019-11-07 19:00:00,0.05938229945747153,3.6109179126442243,0.012709050538799893,-1986.2
2019-11-07 20:00:00,0.06329802465616963,3.58351893845611,0.00379211182957917,-1853.6
2019-11-07 21:00:00,0.046535152154009385,3.5553480614894135,-0.00041701902657820256,-1588.2
2019-11-07 22:00:00,0.034400212709675415,3.5553480614894135,-0.013240839706812224,-1212.4
2019-11-07 23:00:00,0.05332676173324069,3.4965075614664802,-0.019738796351602694,-350.2
2019-11-08 00:00:00,0.05899903323516442,3.5263605246161616,0.02905104454695806,156.0
2019-11-08 01:00:00,0.05917231044451299,3.5553480614894135,0.021690483487881274,137.9
2019-11-08 02:00:00,0.06717528195266675,3.5553480614894135,0.02492187160945125,153.3
2019-11-08 03:00:00,0.03083092037771129,3.5263605246161616,0.03494948994070235,153.8
2019-11-08 04:00:00,-0.004944890723309836,3.5263605246161616,0.03400401436329936,164.4
2019-11-08 05:00:00,-0.03359266471409095,3.5553480614894135,0.03539829112911619,24.5
2019-11-08 06:00:00,0.0050290723111827695,3.58351893845611,0.03146274599660259,-660.0
2019-11-08 07:00:00,0.11572803438198553,3.6109179126442243,0.03245358375218377,-1930.3
2019-11-08 08:00:00,0.15468252231294066,3.58351893845611,0.03223779625205481,-2013.3
2019-11-08 09:00:00,0.19102820036831858,3.4657359027997265,0.031473557364968485,-1998.7
2019-11-08 10:00:00,0.29481589941712816,3.332204510175204,0.042748562789336475,-2011.4
2019-11-08 11:00:00,0.1740928479541437,3.1354942159291497,0.028308677234219815,-2015.2
2019-11-08 12:00:00,0.16328294014549893,2.995732273553991,0.02009110358860955,-1748.6
2019-11-08 13:00:00,0.1389705179049665,3.1354942159291497,0.02840718273402132,-1750.6
2019-11-08 14:00:00,0.1349549567593873,3.367295829986474,0.03981840307507678,-1769.1
2019-11-08 15:00:00,0.042998889009912666,3.5263605246161616,0.03606619787628418,-2021.3
2019-11-08 16:00:00,0.04075136355847375,3.6375861597263857,0.04445568184287829,-2238.0
2019-11-08 17:00:00,0.05098083814511556,3.6888794541139363,0.048986588520124386,-2323.9
2019-11-08 18:00:00,0.04069556921537165,3.713572066704308,0.04281687069926576,-2131.7
2019-11-08 19:00:00,0.05728653382597004,3.6888794541139363,0.047967992101448864,-2016.3
2019-11-08 20:00:00,0.049490488707068625,3.8066624897703196,0.054714684843364836,-1898.9
2019-11-08 21:00:00,0.05159689577837412,3.871201010907891,0.055826149753730014,-1367.1
2019-11-08 22:00:00,0.04872927597998933,3.9889840465642745,0.05945269991579405,-1023.6
2019-11-08 23:00:00,-0.01509582954227362,4.143134726391533,0.05835890815909206,-117.3
2019-11-09 00:00:00,-0.02244465435555476,4.04305126783455,0.0484582969568228,-61.8
2019-11-09 01:00:00,-0.026649075692194213,4.1588830833596715,0.04667923872405666,225.3
2019-11-09 02:00:00,-0.012711166027298937,4.290459441148391,0.053357751299309086,243.1
2019-11-09 03:00:00,0.022540872978412452,4.406719247264253,0.047226746232671424,234.6
2019-11-09 04:00:00,0.04381363020334028,4.553876891600541,0.046294124056267094,236.3
2019-11-09 05:00:00,0.09668651338449541,4.6913478822291435,0.038920834878884314,96.3
2019-11-09 06:00:00,0.08399537881682262,4.836281906951478,0.053147266880920974,-189.9
2019-11-09 07:00:00,0.046176557344308033,4.983606621708336,0.060302298110244124,-336.6
2019-11-09 08:00:00,0.026368962018417097,5.087596335232384,0.060562468468561725,-825.4
2019-11-09 09:00:00,0.06079389711471439,5.170483995038151,0.061798482301495206,-1131.5
2019-11-09 10:00:00,0.10546402079996886,5.225746673713202,0.0689883173023409,-1051.2
2019-11-09 11:00:00,0.03831852933626445,5.278114659230517,0.06566347329409794,-940.7
2019-11-09 12:00:00,0.07519103863624732,5.3612921657094255,0.05634022537041439,-877.5
2019-11-09 13:00:00,0.011505620711140807,5.5254529391317835,0.06639609739284591,-829.5
2019-11-09 14:00:00,-0.0021489580387408225,5.697093486505405,0.06991382598286755,-873.3
2019-11-09 15:00:00,-0.04464105185729439,5.831882477283517,0.07605927827481285,-935.3
2019-11-09 16:00:00,0.017105754169556953,5.942799375126701,0.07872692963223926,-1197.3
2019-11-09 17:00:00,0.04201248081258635,6.0063531596017325,0.08114123043413102,-2034.0
2019-11-09 18:00:00,0.04354903406041988,6.052089168924417,0.08122348726528283,-1938.7
2019-11-09 19:00:00,0.044289639994846475,5.996452088619021,0.07965396641801537,-1377.7
2019-11-09 20:00:00,0.023667823905710428,6.045005314036012,0.07952345135180483,-1141.1
2019-11-09 21:00:00,0.04254096222191883,6.075346031088684,0.07607342020795738,-596.2
2019-11-09 22:00:00,0.036971541060399904,6.102558594613569,0.07136894882227285,-464.3
2019-11-09 23:00:00,-0.049957521823015494,6.137727054086234,0.06721598929295158,-392.8
2019-11-10 00:00:00,0.024846331741112504,6.434546518787453,0.05972247891300686,-219.7
2019-11-10 01:00:00,0.058190969066776344,6.447305862541213,0.06688808843342109,-116.7
2019-11-10 02:00:00,0.08975612809440214,6.455198563340122,0.05748257740501295,-136.0
2019-11-10 03:00:00,0.1284797440294012,6.464588303689961,0.06058236375443293,-146.7
2019-11-10 04:00:00,0.16353395500625378,6.476972362889683,0.06665469720922435,-137.5
2019-11-10 05:00:00,0.21877024741764917,6.486160788944089,0.0704780966793459,-138.0
2019-11-10 06:00:00,0.215763962292995,6.490723534502507,0.07481330553172238,-433.0
2019-11-10 07:00:00,0.15238219507242157,6.504288173536645,0.08357164101289705,-425.0
2019-11-10 08:00:00,0.07218901384769394,6.513230110912307,0.08245745369957636,-394.1
2019-11-10 09:00:00,0.047591771093750346,6.501289670540389,0.08914458274145964,-555.4
2019-11-10 10:00:00,0.053648447735231475,6.484635235635252,0.08747725251814842,-529.1
2019-11-10 11:00:00,0.05244300402017599,6.459904454377535,0.08810588978438894,-487.6
2019-11-10 12:00:00,0.07509274455044634,6.437751649736401,0.07694901981303826,-479.7
2019-11-10 13:00:00,0.08074662442225478,6.4457198193855785,0.08057506243689172,-557.4
2019-11-10 14:00:00,0.09407348686636663,6.455198563340122,0.0755005145546912,-578.8
2019-11-10 15:00:00,0.1448665556652733,6.452048954437226,0.07388720398054627,-755.1
2019-11-10 16:00:00,0.19023338972673143,6.46302945692067,0.0822857983045635,-1970.3
2019-11-10 17:00:00,0.18326859000343232,6.4692503167957724,0.08331872864975942,-2457.0
2019-11-10 18:00:00,0.1735629514059438,6.4692503167957724,0.08084857563039893,-2514.8
2019-11-10 19:00:00,0.16157416033726957,6.3784261836515865,0.0815668414177324,-2457.1
2019-11-10 20:00:00,0.11546347098145526,6.3578422665081,0.07428446031355129,-2190.5
2019-11-10 21:00:00,0.09303659899638994,6.335054251498059,0.07379016706986352,-1976.2
2019-11-10 22:00:00,0.08456720456191524,6.309918278226516,0.07263603503045868,-956.6
2019-11-10 23:00:00,0.09057220932253163,6.289715570908998,0.07239918995247319,-517.2
2019-11-11 00:00:00,0.11604739701830846,6.282266746896006,0.10475477190306393,-296.9
2019-11-11 01:00:00,0.1776235079117101,6.222576268071369,0.10402782993714066,-175.5
2019-11-11 02:00:00,0.18927061066134687,6.169610732491456,0.10387062119744606,-172.9
2019-11-11 03:00:00,0.16761720311332606,6.124683390894205,0.09853791283868141,-137.8
2019-11-11 04:00:00,0.04152739632424218,6.0844994130751715,0.09671766322458009,-181.6
2019-11-11 05:00:00,-0.005822949164346447,6.040254711277414,0.09827586274432054,-585.8
2019-11-11 06:00:00,-0.03022657294660558,5.981414211254481,0.09534291160603647,-1146.8
2019-11-11 07:00:00,0.02200932996638283,5.916202062607435,0.09455083678559983,-2417.3
2019-11-11 08:00:00,0.07306098428682573,5.8377304471659395,0.09638017594341353,-2605.8
2019-11-11 09:00:00,0.03906354722822414,5.733341276897746,0.09772984487505543,-2429.7
2019-11-11 10:00:00,-0.04986979223124255,5.645446897643238,0.10618640788071776,-2286.6
2019-11-11 11:00:00,0.004722588346290912,5.5909869805108565,0.09984441707187042,-2237.5
2019-11-11 12:00:00,0.006980498947867453,5.5134287461649825,0.0948851436452891,-2155.0
2019-11-11 13:00:00,-0.014137693635909443,5.455321115357702,0.10816395855566441,-2173.0
2019-11-11 14:00:00,-0.06817718403401551,5.4510384535657,0.10174958211870777,-1534.9
2019-11-11 15:00:00,-0.05484515474561347,5.4638318050256105,0.1054755361772628,-1856.4
2019-11-11 16:00:00,-0.06847764664189127,5.4510384535657,0.0845688199844652,-1950.3
2019-11-11 17:00:00,-0.023660420770236,5.424950017481403,0.08114147364620283,-2266.4
2019-11-11 18:00:00,-0.04750115228162555,5.3981627015177525,0.08640709537808888,-2149.6
2019-11-11 19:00:00,-0.05273695938637957,5.308267697401205,0.09165146422328707,-1049.7
2019-11-11 20:00:00,-0.05014845084690345,5.2574953720277815,0.09165666046786303,-851.3
2019-11-11 21:00:00,-0.046956289311878674,5.19295685089021,0.08156241621129912,-671.2
2019-11-11 22:00:00,-0.033809127846553544,5.1298987149230735,0.07543199834039438,-327.7
2019-11-11 23:00:00,-0.025167219757770365,5.062595033026967,0.0682234118145919,-69.8
2019-11-12 00:00:00,-0.037648978877636186,4.890349128221754,0.08798769858729028,-68.1
2019-11-12 01:00:00,-0.04693967463174209,4.770684624465665,0.08656514606686905,39.4
2019-11-12 02:00:00,-0.05494050598000566,4.68213122712422,0.08549825564160596,26.0
2019-11-12 03:00:00,-0.04041175305172162,4.605170185988092,0.0838797695076492,45.1
2019-11-12 04:00:00,-0.022623746924091748,4.532599493153256,0.08097990878546124,84.5
2019-11-12 05:00:00,-0.04893453711797546,4.465908118654584,0.07718759238858475,-62.4
2019-11-12 06:00:00,-0.08348380543220069,4.418840607796598,0.06405192585023389,-1045.9
2019-11-12 07:00:00,-0.06225988540781513,4.418840607796598,0.055980440944384924,-1685.7
2019-11-12 08:00:00,-0.07765570663155907,4.454347296253507,0.048478542302521355,-1685.8
2019-11-12 09:00:00,-0.07063277004862512,4.532599493153256,0.04746795981956975,-1637.8
2019-11-12 10:00:00,-0.11345566026350085,4.605170185988092,0.05120945922538134,-1623.9
2019-11-12 11:00:00,-0.09354078945953725,4.672828834461906,0.04699778396136267,-1616.4
2019-11-12 12:00:00,-0.09725606827622624,4.762173934797756,0.04253330854146409,-1606.9
2019-11-12 13:00:00,-0.07712523891217504,4.897839799950911,0.03310688976527132,-1655.2
2019-11-12 14:00:00,-0.07509265546317812,5.087596335232384,0.03398895204799768,-1700.5
2019-11-12 15:00:00,-0.08003454612338512,5.236441962829949,0.024247110882704703,-1796.1
2019-11-12 16:00:00,-0.07305341755562722,5.303304908059076,0.021254781307098902,-1890.4
2019-11-12 17:00:00,-0.0985024815333384,5.429345628954441,0.021758377266249518,-1845.7
2019-11-12 18:00:00,-0.0824001320868124,5.62040086571715,0.016647918468654765,-1896.9
2019-11-12 19:00:00,-0.0686780350518954,5.62040086571715,0.011976109431106607,-1926.8
2019-11-12 20:00:00,-0.04519720526104276,5.7430031878094825,0.010390757972534637,-1775.0
2019-11-12 21:00:00,-0.04049395386107779,5.82600010738045,0.0038376090839467025,-1122.2
2019-11-12 22:00:00,-0.003156071235037583,5.8998973535824915,0.003029606022271203,-612.4
2019-11-12 23:00:00,0.06434661159217869,5.988961416889864,0.0031367052296387143,-444.3
2019-11-13 00:00:00,0.010252135803541673,6.133398042996649,-0.020348014422859606,-566.9
2019-11-13 01:00:00,-0.01833805429396529,6.148468295917647,-0.021082031752067465,-589.2
2019-11-13 02:00:00,0.011139106060324089,6.173786103901937,-0.023167387374086523,-607.1
2019-11-13 03:00:00,-0.017792635213190078,6.184148890937483,-0.024404178160898127,-623.2
2019-11-13 04:00:00,-0.012160261555925533,6.144185634125646,-0.02892939370809522,-770.2
2019-11-13 05:00:00,-0.039286408848284715,6.056784013228625,-0.030708912013223788,-1540.4
2019-11-13 06:00:00,-0.0509183693183477,5.993961427306569,-0.042567860526665946,-2007.7
2019-11-13 07:00:00,-0.097369542669413,5.978885764901122,-0.052472402153290965,-2334.5
2019-11-13 08:00:00,-0.12759382961893762,5.908082938168931,-0.05726163528735295,-2363.5
2019-11-13 09:00:00,-0.10623569735337446,5.7899601708972535,-0.05739283049646016,-2294.2
2019-11-13 10:00:00,-0.10755037564011438,5.68697535633982,-0.055373240931579026,-2264.6
2019-11-13 11:00:00,-0.08781416653300012,5.58724865840025,-0.050491869598107364,-2282.1
2019-11-13 12:00:00,-0.12327547167439068,5.4510384535657,-0.06104466111120033,-2229.0
2019-11-13 13:00:00,-0.09529874661186488,5.303304908059076,-0.05757212126794453,-2193.2
2019-11-13 14:00:00,-0.09303305731275957,5.231108616854587,-0.05566275096011086,-2213.7
2019-11-13 15:00:00,-0.07656076042111071,5.2574953720277815,-0.0601990323603534,-2314.9
2019-11-13 16:00:00,-0.09097709877522364,5.288267030694535,-0.06483000223218482,-2401.0
2019-11-13 17:00:00,-0.10561911917626121,5.214935757608986,-0.0626829205078332,-2398.2
2019-11-13 18:00:00,-0.059200302891891265,5.1298987149230735,-0.0618190446561222,-2407.0
2019-11-13 19:00:00,-0.044579345624299105,4.882801922586371,-0.06249171900386852,-2426.0
2019-11-13 20:00:00,-0.036289554877240615,4.700480365792417,-0.06452566948266902,-2403.3
2019-11-13 21:00:00,-0.005841084883285497,4.499809670330265,-0.061030727997054335,-2205.1
2019-11-13 22:00:00,-0.008061952304210251,4.290459441148391,-0.0590096892958174,-1579.3
2019-11-13 23:00:00,0.05999085661726733,4.060443010546419,-0.054389103629191915,-1251.3
2019-11-14 00:00:00,0.06501225127321941,3.6888794541139363,-0.004964063997363155,-297.9
2019-11-14 01:00:00,0.04369138737238032,3.5263605246161616,-0.0029669385731638798,-282.8
2019-11-14 02:00:00,0.034691065348261496,3.367295829986474,-0.004047715746547276,-252.5
2019-11-14 03:00:00,0.03710158218248871,3.2188758248682006,-0.006245585053260783,-255.6
2019-11-14 04:00:00,0.06907597213298455,3.091042453358316,-0.01042804066479075,-259.6
2019-11-14 05:00:00,0.027146829208001044,3.091042453358316,-0.019238499285624933,-659.3
2019-11-14 06:00:00,0.02938329739011225,3.1780538303479458,-0.03799752753293273,-2249.8
2019-11-14 07:00:00,-0.01666610190053408,3.1780538303479458,-0.04851353144717141,-2479.6
2019-11-14 08:00:00,-0.017260752199299123,3.2188758248682006,-0.05087213665036128,-2555.7
2019-11-14 09:00:00,-0.007247916145208144,3.332204510175204,-0.051784157515286644,-2486.5
2019-11-14 10:00:00,0.031520929110628426,3.4339872044851463,-0.03955805277895852,-2443.5
2019-11-14 11:00:00,0.011240739899216923,3.5553480614894135,-0.044539942195700455,-2407.7
2019-11-14 12:00:00,0.09255547919750784,3.6635616461296463,-0.058210927088426345,-2526.1
2019-11-14 13:00:00,0.06982634832930179,3.871201010907891,-0.03322906635379397,-2547.6
2019-11-14 14:00:00,0.04409457897079294,4.060443010546419,-0.04797983703870745,-2472.1
2019-11-14 15:00:00,-0.04590316670003114,4.23410650459726,-0.05674673791441798,-2458.6
2019-11-14 16:00:00,0.006406138737891975,4.418840607796598,-0.05436839621348977,-2544.1
2019-11-14 17:00:00,-0.04551120368300143,4.634728988229636,-0.05226043690875137,-2479.7
2019-11-14 18:00:00,-0.029335279380971357,4.852030263919617,-0.04343576363613799,-2549.7
2019-11-14 19:00:00,-0.006298426258876777,4.948759890378168,-0.03820567106361228,-2440.0
2019-11-14 20:00:00,0.011981327780933526,5.093750200806762,-0.03448648266484078,-2035.9
2019-11-14 21:00:00,0.015165538762706987,5.220355825078324,-0.02773282967354085,-1784.5
2019-11-14 22:00:00,0.0086745483095374,5.3230099791384085,-0.018703202098652838,-1550.8
2019-11-14 23:00:00,0.03868163788788337,5.375278407684165,-0.0078102254863283704,-762.8
2019-11-15 00:00:00,0.029502869973878187,5.666426688112432,0.02356728619070214,-610.3
2019-11-15 01:00:00,-0.002865110933853554,5.659482215759621,0.023272762299010985,-580.5
2019-11-15 02:00:00,-0.00036092503782025886,5.579729825986222,0.027298110351334337,-463.8
2019-11-15 03:00:00,-0.032569664038818225,5.521460917862246,0.03180483326123085,-466.2
2019-11-15 04:00:00,-0.05506459213375692,5.480638923341991,0.02698096559827423,-485.1
2019-11-15 05:00:00,-0.08093011908660008,5.455321115357702,0.014007101147798018,-770.5
2019-11-15 06:00:00,-0.08406296639243793,5.4510384535657,-0.014818006567403508,-1034.5
2019-11-15 07:00:00,-0.08318462619562395,5.455321115357702,-0.030695083096333065,-1704.7
2019-11-15 08:00:00,-0.09259001180096371,5.438079308923196,-0.02782313991259766,-2184.0
2019-11-15 09:00:00,-0.09079786490940345,5.488937726156687,-0.033064963772602596,-2044.9
2019-11-15 10:00:00,0.01955484888257164,5.537334267018537,-0.014203763215247633,-1953.4
2019-11-15 11:00:00,-0.08490360000323172,5.575949103146316,-0.025797558529945697,-1930.2
2019-11-15 12:00:00,-0.0745561644963777,5.583496308781699,-0.04379857848462709,-1789.4
2019-11-15 13:00:00,-0.09277286060619616,5.564520407322694,-0.03742488011584033,-1826.8
2019-11-15 14:00:00,-0.08647283777131909,5.517452896464707,-0.02577887941073609,-2060.4
2019-11-15 15:00:00,-0.08154486711723097,5.476463551931511,-0.033121586387816926,-2165.4
2019-11-15 16:00:00,-0.05560080862938621,5.420534999272286,-0.023414882453296926,-2302.1
2019-11-15 17:00:00,-0.05012396663485674,5.327876168789581,-0.020348104880939744,-2436.0
2019-11-15 18:00:00,-0.039612905063497905,5.2574953720277815,-0.015368300525996581,-2284.3
2019-11-15 19:00:00,-0.024641188543337744,5.099866427824199,-0.0048471748539204995,-2131.8
2019-11-15 20:00:00,-0.02871771307354276,5.081404364984463,0.012873719395490646,-1877.6
2019-11-15 21:00:00,-0.0066491971826434515,5.062595033026967,0.018757413468389217,-1742.9
2019-11-15 22:00:00,-0.022126660787355146,5.0106352940962555,0.0331650427525938,-1169.2
2019-11-15 23:00:00,-0.07022989265186652,4.955827057601261,0.04007964825127441,-565.1
2019-11-16 00:00:00,-0.14759189033355602,4.90527477843843,0.03133725617671157,-313.5
2019-11-16 01:00:00,-0.11514303264204662,4.820281565605037,0.03416930231738391,-50.2
2019-11-16 02:00:00,-0.09794159864593377,4.499809670330265,0.042428680767118365,1.2
2019-11-16 03:00:00,-0.031115853781771285,4.0943445622221,0.040962042893344375,7.8
2019-11-16 04:00:00,-0.007881512692732073,3.6635616461296463,0.0408445192887017,48.3
2019-11-16 05:00:00,0.044713268833758146,3.258096538021482,0.035812829269017854,81.4
2019-11-16 06:00:00,0.030284395133379327,2.9444389791664403,0.04396587109062988,-21.9
2019-11-16 07:00:00,-0.006434660997182817,2.833213344056216,0.04142669051233483,-325.4
2019-11-16 08:00:00,0.004474667511349395,2.772588722239781,0.040509809917173456,-1357.0
2019-11-16 09:00:00,-0.004567638546885355,2.6390573296152584,0.03259932760923334,-1476.4
2019-11-16 10:00:00,0.043805455814947436,2.5649493574615367,0.04210693116551667,-1402.9
2019-11-16 11:00:00,-0.009683082713080271,2.3978952727983707,0.0373904773587137,-1315.7
2019-11-16 12:00:00,0.02836623271164518,2.5649493574615367,0.03179025595837448,-996.8
2019-11-16 13:00:00,-0.02270467982483071,2.70805020110221,0.038245555755735516,-904.2
2019-11-16 14:00:00,-0.029682654093765137,2.833213344056216,0.04555732109164179,-947.9
2019-11-16 15:00:00,-0.08128413528889045,3.1354942159291497,0.04170609298516048,-949.1
2019-11-16 16:00:00,-0.04310523487556006,3.367295829986474,0.036967208603646995,-1275.3
2019-11-16 17:00:00,-0.03696102784278876,3.4657359027997265,0.036596636028099816,-1626.6
2019-11-16 18:00:00,-0.04153509588604276,3.5553480614894135,0.04097802778550008,-1454.1
2019-11-16 19:00:00,-0.05356403030274626,3.4965075614664802,0.04116026165735143,-1040.2
2019-11-16 20:00:00,-0.05519933894681017,3.784189633918261,0.04339235360426841,-1014.3
2019-11-16 21:00:00,-0.011198792815385605,3.9512437185814275,0.042395273976850945,-650.6
2019-11-16 22:00:00,-0.024646387840520756,4.0943445622221,0.04757600488405256,-307.4
2019-11-16 23:00:00,-0.056249431514492354,4.248495242049359,0.04523708257417702,36.9
2019-11-17 00:00:00,-0.07392527486698253,4.477336814478207,0.054352308738413235,251.5
2019-11-17 01:00:00,-0.025840646279151613,4.634728988229636,0.0584362517214192,350.1
2019-11-17 02:00:00,0.008855574464472937,4.7535901911063645,0.05051390808892009,423.7
2019-11-17 03:00:00,0.04480232085952851,4.867534450455582,0.048976817634125425,418.4
2019-11-17 04:00:00,0.07610782753188561,5.0106352940962555,0.046654030502555344,366.4
2019-11-17 05:00:00,0.1311778128869756,5.075173815233827,0.04669485062633072,287.8
2019-11-17 06:00:00,0.13011286534210909,5.1298987149230735,0.04812472187932215,297.8
2019-11-17 07:00:00,0.04456474591570281,5.187385805840755,0.0503860920272432,130.3
2019-11-17 08:00:00,-0.009084540240192673,5.204006687076795,0.039295992543470604,-272.7
2019-11-17 09:00:00,0.007192437384182959,5.214935757608986,0.03436637672740517,-728.5
2019-11-17 10:00:00,0.02388434582877741,5.214935757608986,0.03439318015613324,-1126.1
2019-11-17 11:00:00,0.04657214567039203,5.214935757608986,0.03384303122502175,-1664.4
2019-11-17 12:00:00,0.0461265564195763,5.241747015059643,0.02346806812630131,-1349.7
2019-11-17 13:00:00,0.0644700628713113,5.278114659230517,0.02693901926944875,-1384.2
2019-11-17 14:00:00,0.07415397910954447,5.288267030694535,0.021942129430588153,-1406.9
2019-11-17 15:00:00,0.10710807243692155,5.272999558563747,0.01404028797129353,-1713.4
2019-11-17 16:00:00,0.10958343369756696,5.231108616854587,0.013389971798036804,-2112.3
2019-11-17 17:00:00,0.04503023884873292,5.1298987149230735,0.013015717955100037,-2408.7
2019-11-17 18:00:00,0.006420412654814189,4.990432586778736,0.016080301476308456,-2387.2
2019-11-17 19:00:00,-0.0030180002104076564,4.762173934797756,0.014994859925160142,-2132.3
2019-11-17 20:00:00,-0.02179414079218267,4.6443908991413725,0.017500648463373736,-1703.2
2019-11-17 21:00:00,-0.02193482648433731,4.543294782270004,0.018098121299609637,-1174.6
2019-11-17 22:00:00,-0.026753773066377384,4.442651256490317,0.01957913937300937,-620.5
2019-11-17 23:00:00,-0.0016590148935020643,4.3694478524670215,0.029936404388752003,-310.5
2019-11-18 00:00:00,0.058171544258006413,4.6443908991413725,0.02495323148018347,-273.8
2019-11-18 01:00:00,0.11013552760417866,4.48863636973214,0.027677955712253066,-119.4
2019-11-18 02:00:00,0.11318531887530492,4.204692619390966,0.028920685535199553,-31.0
2019-11-18 03:00:00,0.09192232837589298,3.871201010907891,0.025159069408475787,-27.6
2019-11-18 04:00:00,0.005215167630924444,3.6109179126442243,0.01949684809036789,-275.7
2019-11-18 05:00:00,-0.041026584357326534,3.4011973816621555,0.007504004571247336,-490.0
2019-11-18 06:00:00,-0.08230572199149488,3.332204510175204,-0.008161282746497633,-1554.8
2019-11-18 07:00:00,-0.07826176138273988,3.2188758248682006,-0.01632973937363058,-1841.7
2019-11-18 08:00:00,-0.06552517899932075,3.044522437723423,-0.020516156176577205,-1979.4
2019-11-18 09:00:00,-0.04116763763584652,2.995732273553991,-0.020133528198522654,-2026.4
2019-11-18 10:00:00,-0.1028710289639494,2.8903717578961645,-0.014012671473270899,-1984.8
2019-11-18 11:00:00,-0.04950022930728126,2.772588722239781,-0.016157962508995816,-1928.3
2019-11-18 12:00:00,-0.026258581686692928,2.70805020110221,-0.021206866121957546,-1905.1
2019-11-18 13:00:00,-0.05967657002689908,2.772588722239781,-0.008572588778207546,-1872.7
2019-11-18 14:00:00,-0.08071296072899559,2.995732273553991,-0.01539098644201431,-1883.3
2019-11-18 15:00:00,-0.07407869254719612,3.295836866004329,-0.017622230586788135,-1886.3
2019-11-18 16:00:00,-0.0756493492764494,3.4965075614664802,-0.03561633068716308,-1983.4
2019-11-18 17:00:00,-0.08530580931081788,3.58351893845611,-0.035029958115839754,-1986.9
2019-11-18 18:00:00,-0.09903797999095687,3.784189633918261,-0.030725956505004426,-1882.2
2019-11-18 19:00:00,-0.07812083919076152,3.6375861597263857,-0.018609050268467264,-1642.5
2019-11-18 20:00:00,-0.08063714192645044,3.7376696182833684,-0.00842679808911928,-1297.9
2019-11-18 21:00:00,-0.06194981094343355,3.8501476017100584,-0.011361534405518015,-1170.2
2019-11-18 22:00:00,-0.053057316151470246,3.970291913552122,-0.007612388994884256,-485.9
2019-11-18 23:00:00,-0.08453881789624385,4.143134726391533,-0.0017036026641559232,-109.3
2019-11-19 00:00:00,-0.06647733077761409,4.6443908991413725,0.03542304617978509,-202.0
2019-11-19 01:00:00,-0.09593477783252968,4.836281906951478,0.036668174922246166,-178.1
2019-11-19 02:00:00,-0.11159683453589153,4.990432586778736,0.03467199636801688,-216.0
2019-11-19 03:00:00,-0.09904386330167103,5.117993812416755,0.031614940991412155,-242.2
2019-11-19 04:00:00,-0.08754810436663041,5.225746673713202,0.0267088679355707,-283.2
2019-11-19 05:00:00,-0.10844866465038328,5.318119993844216,0.013509533085259484,-451.2
2019-11-19 06:00:00,-0.1205250771125499,5.420534999272286,-0.013517455090077846,-1037.8
2019-11-19 07:00:00,-0.10748903940326615,5.552959584921617,-0.02406226672915146,-2259.0
2019-11-19 08:00:00,-0.09069787754204173,5.673323267171493,-0.02974184140429248,-2606.0
2019-11-19 09:00:00,-0.09440139104608569,5.7430031878094825,-0.028644126712024764,-2298.8
2019-11-19 10:00:00,-0.13033871494524396,5.762051382780177,-0.026603593120886337,-2226.0
2019-11-19 11:00:00,-0.09974605996747865,5.762051382780177,-0.026048278779625456,-2260.4
2019-11-19 12:00:00,-0.09677931022190345,5.768320995793772,-0.026163222744770565,-1814.7
2019-11-19 13:00:00,-0.06522450342845687,5.793013608384144,-0.03420555825502447,-2185.9
2019-11-19 14:00:00,-0.08714937466355188,5.808142489980444,-0.031057195026314766,-2125.0
2019-11-19 15:00:00,-0.09978260464925848,5.82600010738045,-0.043912692661034036,-2185.7
2019-11-19 16:00:00,-0.08581276130938731,5.849324779946859,-0.046362574144541924,-2346.1
2019-11-19 17:00:00,-0.09274938776868247,5.860786223465865,-0.04319488086489365,-2342.0
2019-11-19 18:00:00,-0.08635408537156675,5.855071922202427,-0.04051049537129359,-2178.8
2019-11-19 19:00:00,-0.06915411218538159,5.683579767338681,-0.03559963875880623,-1924.3
2019-11-19 20:00:00,-0.04327366535561605,5.666426688112432,-0.026085187492646433,-1821.6
2019-11-19 21:00:00,-0.03270992039566556,5.648974238161206,-0.023994198624605723,-1704.9
2019-11-19 22:00:00,0.011971309609010383,5.638354669333745,-0.010827428639155201,-927.4
2019-11-19 23:00:00,0.1069947803612652,5.634789603169249,-0.0015544683462414,-753.5
2019-11-20 00:00:00,0.11713273550207726,5.765191102784844,-0.025237999717051096,-604.0
2019-11-20 01:00:00,0.0937183401024595,5.739792912179234,-0.026012197859926367,-595.4
2019-11-20 02:00:00,0.11263612689310598,5.793013608384144,-0.025641615440438414,-621.5
2019-11-20 03:00:00,0.08671572871006994,5.831882477283517,-0.025227562316103125,-648.9
2019-11-20 04:00:00,0.02576508841098235,5.834810737062605,-0.02811139775246385,-661.2
2019-11-20 05:00:00,-0.03830529520568904,5.786897381366708,-0.03391404296217182,-1179.6
2019-11-20 06:00:00,-0.04499066968507259,5.697093486505405,-0.0479711928547184,-2255.9
2019-11-20 07:00:00,-0.04953532712940811,5.631211781821365,-0.05398985312732485,-2592.5
2019-11-20 08:00:00,-0.07196112688810263,5.560681631015528,-0.05650031054559346,-2631.5
2019-11-20 09:00:00,-0.04458393848819453,5.5053315359323625,-0.055871917655752945,-2669.9
2019-11-20 10:00:00,-0.0412202483513493,5.484796933490655,-0.05766069903917792,-2733.0
2019-11-20 11:00:00,-0.024730191106423494,5.497168225293202,-0.051255519883404155,-2742.0
2019-11-20 12:00:00,-0.02830393054583835,5.497168225293202,-0.0602827563124384,-2805.9
2019-11-20 13:00:00,-0.005806363542658843,5.5134287461649825,-0.05605120842723732,-2776.6
2019-11-20 14:00:00,0.004767573537126424,5.572154032177765,-0.051882028120204815,-2782.8
2019-11-20 15:00:00,-0.005675478778113252,5.641907070938114,-0.05645511185088914,-2750.8
2019-11-20 16:00:00,-0.034240132806496515,5.7430031878094825,-0.06258028249816938,-2911.0
2019-11-20 17:00:00,-0.013441446893237785,5.855071922202427,-0.05818178762704207,-2942.9
2019-11-20 18:00:00,-0.03188582945527996,5.945420608606575,-0.05346985004520022,-2959.6
2019-11-20 19:00:00,-0.03587567180680784,5.855071922202427,-0.04794879143504982,-2551.8
2019-11-20 20:00:00,-0.05960606932295409,5.7745515455444085,-0.045107583625567216,-2503.5
2019-11-20 21:00:00,-0.036845816619500926,5.676753802268282,-0.040669805348139576,-2024.0
2019-11-20 22:00:00,-0.04190529990808445,5.598421958998375,-0.03336725868247914,-1472.6
2019-11-20 23:00:00,0.006782794651145174,5.634789603169249,-0.027547313225843695,-1324.9
2019-11-21 00:00:00,0.020255226315689878,5.739792912179234,-0.04168789695205799,-778.7
2019-11-21 01:00:00,-0.015946878947350918,5.68697535633982,-0.04325187615247561,-740.3
2019-11-21 02:00:00,-0.03302066845770968,5.638354669333745,-0.04191232136579348,-704.3
2019-11-21 03:00:00,-0.023964276364607073,5.605802066295998,-0.0407034649769491,-699.8
2019-11-21 04:00:00,0.023254772684581315,5.631211781821365,-0.03729168293433904,-741.9
2019-11-21 05:00:00,0.0007222765342591586,5.6937321388027,-0.03355855306037281,-1148.5
2019-11-21 06:00:00,-0.004557936037920651,5.771441123130016,-0.0318813005154972,-2169.2
2019-11-21 07:00:00,-0.008789387383264291,5.802118375377063,-0.02678169081983217,-2694.4
2019-11-21 08:00:00,-0.027764815702705725,5.834810737062605,-0.03209576828458083,-2706.9
2019-11-21 09:00:00,-0.021992427335493225,5.869296913133774,-0.03376565201260817,-2617.8
2019-11-21 10:00:00,0.014787014274912469,5.910796644040527,-0.030508217259040293,-2486.6
2019-11-21 11:00:00,-0.009250364999622285,5.924255797414532,-0.033206235685851127,-2423.9
2019-11-21 12:00:00,0.06116072611179346,5.934894195619588,-0.046144415675310135,-2499.4
2019-11-21 13:00:00,0.04885365493827942,5.8998973535824915,-0.020461337523792977,-2665.4
2019-11-21 14:00:00,0.031561658856628316,5.817111159963204,-0.027867427251612398,-2558.5
2019-11-21 15:00:00,-0.05843894339501121,5.749392985908253,-0.03241822509140402,-2510.0
2019-11-21 16:00:00,-0.021847520476517168,5.680172609017068,-0.03664267361438167,-2497.7
2019-11-21 17:00:00,-0.05823864821509961,5.6240175061873385,-0.03819134146033232,-2523.3
2019-11-21 18:00:00,-0.05663451786860918,5.6240175061873385,-0.037443236340077846,-2454.0
2019-11-21 19:00:00,-0.0338751940291111,5.537334267018537,-0.03744895517430624,-2316.3
2019-11-21 20:00:00,-0.015300639445133157,5.537334267018537,-0.041396299025027616,-2012.0
2019-11-21 21:00:00,-0.030075639195140447,5.5134287461649825,-0.03856046832560445,-1699.7
2019-11-21 22:00:00,-0.03844871560351004,5.480638923341991,-0.04245728810675953,-1475.0
2019-11-21 23:00:00,-0.06539565369858957,5.4510384535657,-0.03994150366912219,-733.7
2019-11-22 00:00:00,-0.08811888836580994,5.4638318050256105,-0.08765834891952284,-488.2
2019-11-22 01:00:00,-0.09147352024041489,5.424950017481403,-0.08869716274648898,-378.7
2019-11-22 02:00:00,-0.06927582077519023,5.37989735354046,-0.08388098823934786,-440.5
2019-11-22 03:00:00,-0.09765151580643572,5.356586274672012,-0.07706138274422436,-503.7
2019-11-22 04:00:00,-0.1308771101547337,5.342334251964811,-0.08038277330489407,-617.0
2019-11-22 05:00:00,-0.1467688354365917,5.327876168789581,-0.08238474452726763,-1123.9
2019-11-22 06:00:00,-0.1081309257814671,5.318119993844216,-0.07206488075505924,-2018.7
2019-11-22 07:00:00,-0.07310365933152063,5.308267697401205,-0.062300422511664344,-2406.0
2019-11-22 08:00:00,-0.075295820547566,5.313205979041787,-0.05774309800418642,-2445.3
2019-11-22 09:00:00,-0.07965898922326664,5.3230099791384085,-0.0677330927184796,-2362.3
2019-11-22 10:00:00,0.03430648445671913,5.298317366548036,-0.058183557331782154,-2342.9
2019-11-22 11:00:00,-0.06823257804328087,5.225746673713202,-0.07284720714157444,-2344.3
2019-11-22 12:00:00,-0.04805980599264359,5.1298987149230735,-0.07926061192386857,-2393.1
2019-11-22 13:00:00,-0.0672861887137528,5.075173815233827,-0.06745716721471595,-2402.3
2019-11-22 14:00:00,-0.07793793532148197,5.087596335232384,-0.06485221948881126,-2407.9
2019-11-22 15:00:00,-0.09995898515450063,5.159055299214529,-0.06656952045535647,-2414.1
2019-11-22 16:00:00,-0.08800079918996762,5.247024072160486,-0.061436607291983414,-2452.7
2019-11-22 17:00:00,-0.0991965289310417,5.337538079701318,-0.06606607001340148,-2476.0
2019-11-22 18:00:00,-0.08268345194513316,5.429345628954441,-0.07793637767626915,-2442.9
2019-11-22 19:00:00,-0.07618277591788702,5.327876168789581,-0.07564596386572742,-2204.3
2019-11-22 20:00:00,-0.0777967276204885,5.389071729816501,-0.0723673841012511,-2103.1
2019-11-22 21:00:00,-0.05826075006242526,5.4116460518550396,-0.08459102907601679,-2053.4
2019-11-22 22:00:00,-0.06603366213171524,5.407171771460119,-0.08376219481989366,-1701.1
2019-11-22 23:00:00,-0.15059766615409487,5.393627546352362,-0.09114848039915469,-752.1
2019-11-23 00:00:00,-0.22107601917648,5.8664680569332965,-0.08155196526912079,-433.3
2019-11-23 01:00:00,-0.20041474609951404,5.857933154483459,-0.08607545483229373,-390.3
2019-11-23 02:00:00,-0.18632265123662428,5.820082930352362,-0.08106134666535425,-279.1
2019-11-23 03:00:00,-0.14550990875978886,5.7745515455444085,-0.08441060092561958,-224.3
2019-11-23 04:00:00,-0.11795718823986778,5.75890177387728,-0.08104529832033514,-264.1
2019-11-23 05:00:00,-0.05476670210798229,5.752572638825633,-0.08391762667176117,-331.1
2019-11-23 06:00:00,-0.06408921141969648,5.7430031878094825,-0.07506698446598126,-580.7
2019-11-23 07:00:00,-0.09107410397973315,5.755742213586912,-0.07483311560352668,-812.2
2019-11-23 08:00:00,-0.08983868503838277,5.777652323222656,-0.06710380470356281,-1019.6
2019-11-23 09:00:00,-0.08146161606356506,5.765191102784844,-0.07111645083571538,-1527.3
2019-11-23 10:00:00,-0.014728483813188031,5.7430031878094825,-0.05933393224221373,-1820.5
2019-11-23 11:00:00,-0.05754865011112775,5.707110264748875,-0.06715337839255664,-1826.1
2019-11-23 12:00:00,0.00015277446793016125,5.700443573390687,-0.07373271603966725,-1828.9
2019-11-23 13:00:00,-0.04524013152680517,5.736572297479192,-0.06500234028153518,-1791.2
2019-11-23 14:00:00,-0.056970855642608065,5.780743515792329,-0.05988377149705304,-1791.1
2019-11-23 15:00:00,-0.10342340431623098,5.8289456176102075,-0.06112157344775415,-1952.2
2019-11-23 16:00:00,-0.08140515996310516,5.877735781779639,-0.060762384606007025,-2199.6
2019-11-23 17:00:00,-0.08816757745201098,5.921578419643816,-0.06206434718233922,-2453.0
2019-11-23 18:00:00,-0.07905328803191258,5.958424693029782,-0.0629426028143385,-2440.1
2019-11-23 19:00:00,-0.09310495479824743,5.863631175598097,-0.0685702536715933,-1545.3
2019-11-23 20:00:00,-0.06875180073923115,5.8664680569332965,-0.06778999802076235,-1377.4
2019-11-23 21:00:00,-0.028981688204587908,5.869296913133774,-0.06852380745123376,-1306.3
2019-11-23 22:00:00,-0.03272397618688716,5.877735781779639,-0.06795223838524223,-1156.6
2019-11-23 23:00:00,-0.08153909387331426,5.883322388488279,-0.07600018795029406,-832.4
2019-11-24 00:00:00,-0.10184217941699503,5.8944028342648505,-0.0734810627714717,-485.8
2019-11-24 01:00:00,-0.0591918264401774,5.872117789475416,-0.06981808380225907,-400.9
2019-11-24 02:00:00,-0.02094400837719146,5.849324779946859,-0.07516736959170345,-411.0
2019-11-24 03:00:00,0.02206046702333264,5.8377304471659395,-0.07163121624801327,-411.5
2019-11-24 04:00:00,0.044878523898104206,5.8289456176102075,-0.07112900515382847,-415.6
2019-11-24 05:00:00,0.11977918004530252,5.823045895483019,-0.06837447915845729,-426.1
2019-11-24 06:00:00,0.12280395983362347,5.811140992976701,-0.060331771483632224,-543.3
2019-11-24 07:00:00,0.04713580860896727,5.799092654460526,-0.049535932999645205,-635.2
2019-11-24 08:00:00,-0.015891918468217803,5.799092654460526,-0.052219116292302914,-817.3
2019-11-24 09:00:00,-0.01917640537108989,5.783825182329737,-0.055105026103086985,-1163.0
2019-11-24 10:00:00,0.00019198810368115105,5.739792912179234,-0.0513290559690045,-1692.9
2019-11-24 11:00:00,0.022989074328093828,5.666426688112432,-0.05148001174883987,-2283.8
2019-11-24 12:00:00,0.03762225303903133,5.605802066295998,-0.0633408592219844,-2276.0
2019-11-24 13:00:00,0.05296706031517884,5.583496308781699,-0.055277804861301405,-2240.0
2019-11-24 14:00:00,0.06892423241226764,5.579729825986222,-0.05772890011192722,-2387.1
2019-11-24 15:00:00,0.10416256220716491,5.594711379601839,-0.059841797576543065,-2492.4
2019-11-24 16:00:00,0.09899877870744334,5.5909869805108565,-0.059822644951718296,-2652.5
2019-11-24 17:00:00,-0.014940890310443766,5.5909869805108565,-0.06339194391280323,-2690.5
2019-11-24 18:00:00,-0.05328466886694194,5.602118820879701,-0.07066373157375239,-2589.5
2019-11-24 19:00:00,-0.02131412925734555,5.517452896464707,-0.07639997487069472,-2629.7
2019-11-24 20:00:00,-0.020082021014768525,5.5053315359323625,-0.07833401342692614,-2602.8
2019-11-24 21:00:00,-0.00555728920793408,5.5053315359323625,-0.07917328716383132,-2533.3
2019-11-24 22:00:00,0.013571203551002498,5.5053315359323625,-0.0906538054652799,-2491.9
2019-11-24 23:00:00,0.0506268087813706,5.472270673671475,-0.08658870860913481,-2008.6
2019-11-25 00:00:00,0.06500288979462354,5.198497031265826,-0.08512056862974138,-1000.3
2019-11-25 01:00:00,0.0845698164661175,5.170483995038151,-0.0853051490946175,-674.9
2019-11-25 02:00:00,0.09149011123218509,5.1298987149230735,-0.08768379960173966,-655.3
2019-11-25 03:00:00,0.05096474982722876,5.123963979403259,-0.08948916744253577,-584.1
2019-11-25 04:00:00,-0.04571071232943558,5.153291594497779,-0.08907310780338573,-722.1
2019-11-25 05:00:00,-0.02265466742414901,5.14166355650266,-0.09149111721950298,-1984.1
2019-11-25 06:00:00,-0.044565394008647896,5.093750200806762,-0.08363974392240348,-2580.6
2019-11-25 07:00:00,-0.06353531024903303,5.043425116919247,-0.07868564778588372,-2821.6
2019-11-25 08:00:00,-0.06642648595533363,5.003946305945459,-0.08028001729927947,-2825.4
2019-11-25 09:00:00,-0.0712433923649276,4.969813299576001,-0.08048703709476701,-2813.1
2019-11-25 10:00:00,-0.12401058193579395,4.875197323201151,-0.08077912010768795,-2809.7
2019-11-25 11:00:00,-0.05749205172651717,4.6913478822291435,-0.0784670444446478,-2791.8
2019-11-25 12:00:00,-0.02808715362477665,4.465908118654584,-0.0816504760816219,-2774.8
2019-11-25 13:00:00,-0.055325252042524475,4.290459441148391,-0.06441143235112357,-2746.4
2019-11-25 14:00:00,-0.07362802651035816,4.127134385045092,-0.07110535670972862,-2724.4
2019-11-25 15:00:00,-0.04503240874590153,3.970291913552122,-0.0645172696650409,-2714.0
2019-11-25 16:00:00,-0.02521112120863256,3.8066624897703196,-0.0768592892212121,-2771.5
2019-11-25 17:00:00,0.10766905821874495,3.6375861597263857,-0.07570099784676732,-2839.7
2019-11-25 18:00:00,-0.05790983887975765,3.5263605246161616,-0.07404863849230292,-2773.5
2019-11-25 19:00:00,-0.03233282002689908,3.295836866004329,-0.06589741015937012,-2755.7
2019-11-25 20:00:00,-0.03172998448399822,3.091042453358316,-0.05936901681625972,-2463.6
2019-11-25 21:00:00,-0.01739038140795035,2.995732273553991,-0.06759506213871003,-2459.2
2019-11-25 22:00:00,-0.008144759470647411,3.044522437723423,-0.07742661576415166,-2454.6
2019-11-25 23:00:00,0.004850041428918761,2.995732273553991,-0.07437479296151484,-2327.8
2019-11-26 00:00:00,0.059013466176702334,2.8903717578961645,-0.05067755203108426,-965.3
2019-11-26 01:00:00,0.042891039407957354,2.833213344056216,-0.05415595822193975,-634.0
2019-11-26 02:00:00,0.024445248027519018,3.044522437723423,-0.053967872502731495,-413.1
2019-11-26 03:00:00,0.01340929298398752,3.4657359027997265,-0.05356014760879013,-316.1
2019-11-26 04:00:00,0.034125441807108636,3.784189633918261,-0.046386687134980065,-802.1
2019-11-26 05:00:00,-0.03837322072615734,3.9512437185814275,-0.041492545687343174,-1468.6
2019-11-26 06:00:00,-0.037062968269048646,4.060443010546419,-0.03541338458605292,-2139.5
2019-11-26 07:00:00,0.0015375360179299413,4.143134726391533,-0.02775639726929313,-2775.2
2019-11-26 08:00:00,0.1092397491568513,4.189654742026425,-0.028263644534981758,-2801.2
2019-11-26 09:00:00,0.04311111144453772,4.276666119016055,-0.02790530141059211,-2796.4
2019-11-26 10:00:00,-0.013462031815385078,4.394449154672439,-0.028833248448155047,-2801.7
2019-11-26 11:00:00,0.0008388859659516079,4.48863636973214,-0.02679149694835914,-2803.3
2019-11-26 12:00:00,0.03666270757944723,4.663439094112067,-0.023204640705025703,-2807.8
2019-11-26 13:00:00,0.030907758820117426,4.976733742420574,-0.02682545095740263,-2818.1
2019-11-26 14:00:00,0.013511521640589219,5.389071729816501,-0.01493963000524623,-2843.8
2019-11-26 15:00:00,0.02170413894460932,5.777652323222656,-0.019955103992030487,-2888.6
2019-11-26 16:00:00,0.046514053775383424,6.045005314036012,-0.0230718561384462,-3006.2
2019-11-26 17:00:00,0.10237799827127914,6.184148890937483,-0.021312169615385734,-3117.1
2019-11-26 18:00:00,-0.017469974556863388,6.269096283706261,-0.021335866606082554,-3185.2
2019-11-26 19:00:00,-0.023998663512285745,6.238324625039508,-0.02071841176215461,-3111.1
2019-11-26 20:00:00,0.000436300047046867,6.240275845170769,-0.019285010173581973,-2811.2
2019-11-26 21:00:00,-0.0035770100334358013,6.238324625039508,-0.02246980808550969,-2436.5
2019-11-26 22:00:00,0.02760044337386569,6.244166900663736,-0.021739462090137884,-2235.3
2019-11-26 23:00:00,0.11813413605197187,6.240275845170769,-0.022141101954630038,-1553.0
2019-11-27 00:00:00,0.09812422149642908,6.306275286948016,-0.009834371278611087,-906.8
2019-11-27 01:00:00,0.02327604675436934,6.244166900663736,-0.008052531461734347,-724.9
2019-11-27 02:00:00,0.03121612710204813,6.144185634125646,-0.004398986601042765,-630.9
2019-11-27 03:00:00,0.0013305572129831411,6.025865973825314,-0.0008162606364221503,-610.7
2019-11-27 04:00:00,-0.018226480870551676,5.902633333401366,0.006444069264484931,-722.9
2019-11-27 05:00:00,-0.05014267140608197,5.765191102784844,0.014646789707573937,-1257.5
2019-11-27 06:00:00,-0.05903684752845084,5.631211781821365,0.022259302552583016,-2197.2
2019-11-27 07:00:00,-0.07796043061329927,5.44673737166631,0.03181857332311644,-2582.8
2019-11-27 08:00:00,-0.05776409909388569,5.170483995038151,0.03784080986262239,-2765.3
2019-11-27 09:00:00,-0.04941380517694771,4.882801922586371,0.040404912779666624,-2716.8
2019-11-27 10:00:00,-0.08289758929353575,4.59511985013459,0.03834320261051971,-2541.8
2019-11-27 11:00:00,-0.0664168242388743,4.31748811353631,0.043429421094063336,-2497.7
2019-11-27 12:00:00,-0.09663172748969817,4.04305126783455,0.034126928158636716,-2510.8
2019-11-27 13:00:00,-0.07387182388437763,3.8501476017100584,0.04022562200818225,-2414.2
2019-11-27 14:00:00,-0.08862623120850177,3.8066624897703196,0.05264795406091061,-2123.6
2019-11-27 15:00:00,-0.0737925925634979,3.8918202981106265,0.05516380599535964,-2188.9
2019-11-27 16:00:00,-0.08639098663258915,4.04305126783455,0.045921362060517446,-2350.7
2019-11-27 17:00:00,-0.08653630475982066,4.127134385045092,0.045530664132399146,-2534.6
2019-11-27 18:00:00,-0.10372312243522064,4.189654742026425,0.04643362614956725,-2068.3
2019-11-27 19:00:00,-0.08375405109428957,4.0943445622221,0.04348541452458221,-1947.0
2019-11-27 20:00:00,-0.0885658530878568,4.189654742026425,0.036826824777619116,-1783.5
2019-11-27 21:00:00,-0.05847222137183117,4.31748811353631,0.036147671075948296,-1577.3
2019-11-27 22:00:00,-0.04390280369335642,4.48863636973214,0.03097345808297014,-1205.6
2019-11-27 23:00:00,-0.0015397501357967691,4.672828834461906,0.02559018647131328,-612.5
2019-11-28 00:00:00,0.005847642452417645,4.969813299576001,0.019572188652106526,-280.0
2019-11-28 01:00:00,-0.04729232550296514,5.087596335232384,0.01934474393661656,-216.6
2019-11-28 02:00:00,-0.05988631931531074,5.159055299214529,0.02068429872329869,-216.3
2019-11-28 03:00:00,-0.05498717237660111,5.225746673713202,0.02080459247976485,-228.7
2019-11-28 04:00:00,0.0056482214371316175,5.298317366548036,0.025078647792119213,-337.8
2019-11-28 05:00:00,0.001972745623049832,5.3706380281276624,0.024044918421885164,-865.4
2019-11-28 06:00:00,-0.02816780167705435,5.442417710521793,0.02009773430808437,-1675.7
2019-11-28 07:00:00,-0.04950864489615814,5.493061443340548,0.023102160064484956,-2011.9
2019-11-28 08:00:00,-0.0599557016207668,5.5134287461649825,0.02572380260424545,-2081.3
2019-11-28 09:00:00,-0.045811335793285224,5.541263545158426,0.02475591960704815,-2001.0
2019-11-28 10:00:00,0.004096696337751116,5.560681631015528,0.031352171331305634,-2017.1
2019-11-28 11:00:00,-0.020243342034065304,5.5909869805108565,0.03152009651434362,-2005.7
2019-11-28 12:00:00,0.06162283332888929,5.652489180268651,0.019845450551872368,-2184.7
2019-11-28 13:00:00,0.02906014337083418,5.739792912179234,0.045242549087700645,-2088.7
2019-11-28 14:00:00,0.004130836216186484,5.82600010738045,0.03293070024756872,-2055.6
2019-11-28 15:00:00,-0.09392352532054549,5.8944028342648505,0.024214032710907496,-2030.5
2019-11-28 16:00:00,-0.05802838364757035,5.968707559985366,0.023034121669502916,-2276.3
2019-11-28 17:00:00,-0.09813662634214682,6.056784013228625,0.023816406441054205,-2304.2
2019-11-28 18:00:00,-0.09855259257013316,6.135564891081739,0.030403845796922013,-2223.9
2019-11-28 19:00:00,-0.07292674855818859,6.1903154058531475,0.034766152511163106,-2045.6
2019-11-28 20:00:00,-0.04334783822232069,6.222576268071369,0.032106162967899365,-1807.4
2019-11-28 21:00:00,-0.03781890256261233,6.246106765481563,0.03488076305444565,-1521.9
2019-11-28 22:00:00,-0.07431534591985223,6.269096283706261,0.03684550092406624,-878.6
2019-11-28 23:00:00,-0.11460882683256735,6.274762021241939,0.03928454409785864,-629.2
2019-11-29 00:00:00,-0.07600102513791818,6.154858094016418,0.06511172196550241,-466.9
2019-11-29 01:00:00,-0.0858828038982602,6.135564891081739,0.06203730574925537,-422.0
2019-11-29 02:00:00,-0.197640965762111,6.133398042996649,0.06837323738781187,-327.4
2019-11-29 03:00:00,-0.21499986334469456,6.148468295917647,0.07268981792354978,-355.4
2019-11-29 04:00:00,-0.1568002207541075,6.163314804034641,0.07064933604130363,-412.3
2019-11-29 05:00:00,-0.10957230007453145,6.175867270105761,0.07103680657647438,-715.6
2019-11-29 06:00:00,-0.09308191844669933,6.1779441140506,0.07225602510098472,-1800.3
2019-11-29 07:00:00,-0.09313024452455165,6.184148890937483,0.08064750423904066,-2017.5
2019-11-29 08:00:00,-0.09094120681077955,6.198478716492308,0.08429415820810782,-2180.3
2019-11-29 09:00:00,-0.07519102176702885,6.238324625039508,0.08092487858327768,-2254.8
2019-11-29 10:00:00,0.03619416788653629,6.2878585601617845,0.0919724434150977,-2208.1
2019-11-29 11:00:00,-0.06941419226560264,6.313548046277095,0.07896974933946321,-2194.5
2019-11-29 12:00:00,-0.06708535013714823,6.349138991379798,0.07423152326319205,-2091.5
2019-11-29 13:00:00,-0.07436669976732535,6.413458957167357,0.082328599527842,-2210.9
2019-11-29 14:00:00,-0.07510907912100429,6.47543271670409,0.09421247514087572,-2319.8
2019-11-29 15:00:00,-0.08014234234314532,6.530877627725885,0.08205897545098484,-2441.3
2019-11-29 16:00:00,-0.06945784329081262,6.583409222158765,0.08464863371791598,-2539.3
2019-11-29 17:00:00,-0.08365949322205157,6.637258031284457,0.0772903646829759,-2528.7
2019-11-29 18:00:00,-0.05750995451741092,6.677083461247136,0.07305972540247385,-2526.9
2019-11-29 19:00:00,-0.02652976323120626,6.70808408385307,0.0750812275100099,-2458.8
2019-11-29 20:00:00,-0.017707549193709315,6.731018100482083,0.08236621617387474,-2411.5
2019-11-29 21:00:00,-0.005199221094867923,6.752270376141742,0.06955965075124126,-2395.1
2019-11-29 22:00:00,-0.013671002349683548,6.76849321164863,0.07051068211144607,-2077.9
2019-11-29 23:00:00,-0.07361575342003635,6.78332520060396,0.06886951542994169,-1374.6
2019-11-30 00:00:00,-0.18421996943222974,6.837332814685591,0.05920283623980005,-723.7
2019-11-30 01:00:00,-0.15729222707818247,6.839476438228843,0.05441921544437367,-690.0
2019-11-30 02:00:00,-0.13446133638506508,6.825460036255307,0.05490934199072761,-672.0
2019-11-30 03:00:00,-0.08214029482719942,6.80903930604298,0.051122349133502,-676.6
2019-11-30 04:00:00,-0.060981594314502896,6.795705775173514,0.04862060823861025,-669.8
2019-11-30 05:00:00,0.004990962845939251,6.778784897685177,0.051257151696491476,-690.0
2019-11-30 06:00:00,-0.019339015621081757,6.75343791859778,0.06073455669308103,-1055.6
2019-11-30 07:00:00,-0.0156066998197395,6.731018100482083,0.06701123121297403,-1709.6
2019-11-30 08:00:00,-0.024148061186153758,6.716594773520978,0.06934729802429462,-2100.9
2019-11-30 09:00:00,-0.04738763572981375,6.71174039505618,0.07110753627921884,-2083.7
2019-11-30 10:00:00,0.0065005166087268584,6.698268054115413,0.10212494089176971,-2067.3
2019-11-30 11:00:00,-0.03507579425906915,6.673297967767654,0.07632834508513398,-2068.0
2019-11-30 12:00:00,0.021387141572253743,6.665683717782408,0.07050476813906492,-2042.5
2019-11-30 13:00:00,-0.021953835089267848,6.669498089857879,0.08053060832775127,-2014.2
2019-11-30 14:00:00,-0.03317828811524626,6.675823221634848,0.08814715018570762,-1979.8
2019-11-30 15:00:00,-0.08477367023563165,6.675823221634848,0.0836116657003485,-1946.1
2019-11-30 16:00:00,-0.07162942100183445,6.688354713946762,0.08552043402063791,-1953.7
2019-11-30 17:00:00,-0.0961297991634864,6.721425700790643,0.08114123043413102,-1950.4
2019-11-30 18:00:00,-0.08055366340714709,6.742880635791903,0.08398782903943225,-1966.3
2019-11-30 19:00:00,-0.055316440314357784,6.759255270663693,0.07965396641801537,-1970.1
2019-11-30 20:00:00,-0.027373676448028128,6.778784897685177,0.08165035750631233,-1920.1
2019-11-30 21:00:00,0.007291718582246531,6.78897174299217,0.0796666687740828,-1752.4
2019-11-30 22:00:00,0.024794830485144637,6.8001700683022,0.07649904435330246,-1742.0
2019-11-30 23:00:00,0.011388699088255905,6.821107472256465,0.06871411691397356,-1681.0
2019-12-01 00:00:00,0.25940032417899506,6.833031732786201,0.07305131049485158,-1207.4
2019-12-01 01:00:00,0.2906529535019464,6.843749949006225,0.07401788187852798,-758.3
2019-12-01 02:00:00,0.4058587256503854,6.854354502255021,0.06838610473156947,-695.3
2019-12-01 03:00:00,0.47780132652723273,6.859614903654202,0.06843909756502153,-684.0
2019-12-01 04:00:00,0.33754552951629213,6.86171134048073,0.06616089447502027,-678.3
2019-12-01 05:00:00,0.3148032422733045,6.859614903654202,0.07045384660355403,-680.0
2019-12-01 06:00:00,0.3035064606248312,6.862757913051401,0.07637021607837013,-799.7
2019-12-01 07:00:00,0.24220074714667783,6.874198495453294,0.077833789287717,-1369.3
2019-12-01 08:00:00,0.18390735261893676,6.887552571664617,0.06698136616096928,-1919.6
2019-12-01 09:00:00,0.1536871070551622,6.897704943128636,0.06121343495332976,-2185.9
2019-12-01 10:00:00,0.14912083304496582,6.903747257584598,0.06337831462579135,-2224.3
2019-12-01 11:00:00,0.13999742592864184,6.90875477931522,0.05554586647916082,-2269.4
2019-12-01 12:00:00,0.15281317587714627,6.9167150203536085,0.04987046191261957,-2230.2
2019-12-01 13:00:00,0.1617606767546973,6.920671504248683,0.04448056772701303,-2252.1
2019-12-01 14:00:00,0.16773574966046745,6.923628628138427,0.04411119853378764,-2227.6
2019-12-01 15:00:00,0.17682358992006897,6.92461239604856,0.033890566029466385,-2222.0
2019-12-01 16:00:00,0.1606701555047052,6.927557906278317,0.036290739274453365,-2191.6
2019-12-01 17:00:00,0.08742975294234956,6.928537818164665,0.0343511907242906,-2359.4
2019-12-01 18:00:00,0.08991607241635169,6.920671504248683,0.032936480587099304,-2513.8
2019-12-01 19:00:00,0.11918587731930286,6.907755278982137,0.028667360399775355,-2646.8
2019-12-01 20:00:00,0.1146815530841554,6.902742737158593,0.026979437169845966,-2574.6
2019-12-01 21:00:00,0.0988536729492191,6.898714534329988,0.035575021052739686,-2457.4
2019-12-01 22:00:00,0.09471923120523407,6.895682697747868,0.03471887551138497,-2020.7
2019-12-01 23:00:00,0.17316066911002714,6.890609120147166,0.040342119364748186,-1321.4
2019-12-02 00:00:00,0.24107533175699913,6.903747257584598,8.602277077063292e-05,-959.1
2019-12-02 01:00:00,0.3252819790509873,6.897704943128636,0.000156848783941399,-968.5
2019-12-02 02:00:00,0.40853921271785376,6.884486652042782,0.004492090080877809,-946.2
2019-12-02 03:00:00,0.39593936781853367,6.873163834212518,0.00400222925597582,-926.5
2019-12-02 04:00:00,0.1429089190265329,6.872128101338986,-0.002054663269813517,-888.6
2019-12-02 05:00:00,0.09990235378701318,6.870053411798126,-0.007561775672513704,-2050.2
2019-12-02 06:00:00,0.04601313510247662,6.8690144506657065,-0.0034210036285404755,-2816.8
2019-12-02 07:00:00,0.03376849135242965,6.871091294610546,-0.007848227145077935,-2856.8
2019-12-02 08:00:00,0.047269057366312595,6.863803391452954,-0.015424738741586452,-2957.9
2019-12-02 09:00:00,0.03841395803206993,6.862757913051401,-0.017749784612814068,-2931.1
2019-12-02 10:00:00,-0.014967373088463187,6.856461984594587,-0.015196432349704025,-2936.7
2019-12-02 11:00:00,0.03951708148497968,6.844815479208263,-0.017971509816052667,-2928.6
2019-12-02 12:00:00,0.04775193977809655,6.841615476477592,-0.016823356373884657,-2828.8
2019-12-02 13:00:00,0.011888371198104597,6.851184927493743,-0.017483721590707546,-2843.4
2019-12-02 14:00:00,-0.0009094026073324102,6.84587987526405,-0.019637347186666432,-2864.7
2019-12-02 15:00:00,-0.0032486230884631873,6.837332814685591,-0.01671852663059159,-2873.7
2019-12-02 16:00:00,-0.013105800822838187,6.834108738813838,-0.02283780394375512,-2877.1
2019-12-02 17:00:00,-0.002648127134074585,6.829793737512425,-0.022367949128803133,-2814.4
2019-12-02 18:00:00,0.01088478755004374,6.823286122355687,-0.018280351135617323,-2839.1
2019-12-02 19:00:00,0.04817920152455368,6.811244378601294,-0.013779643530186014,-2818.8
2019-12-02 20:00:00,0.06311570138688305,6.80128303447162,-0.00938029475605262,-2796.9
2019-12-02 21:00:00,0.07813679020376973,6.794586580876499,-0.010405778425380596,-2773.2
2019-12-02 22:00:00,0.10992847721548848,6.787844982309579,-0.011719604087527813,-2803.2
2019-12-02 23:00:00,0.18609855232296013,6.777646593635117,-0.006963757159160089,-2572.3
2019-12-03 00:00:00,0.26287380673323213,6.752270376141742,-0.008207900418701897,-2039.6
2019-12-03 01:00:00,0.26335162700699266,6.710523109452428,-0.007392156149345297,-1820.0
2019-12-03 02:00:00,0.35170851088002353,6.646390514847729,-0.004014837767082113,-1677.5
2019-12-03 03:00:00,0.3889394912937387,6.57507584059962,-0.0013609608964211262,-1305.5
2019-12-03 04:00:00,0.22788921113840166,6.508769136971682,0.0037683710926987857,-1893.0
2019-12-03 05:00:00,0.10010388782771473,6.467698726104354,0.007916997740625042,-2600.4
2019-12-03 06:00:00,0.006282660455012579,6.4425401664681985,0.007612490446861742,-2794.3
2019-12-03 07:00:00,-0.013971261123995493,6.410174881966167,0.007030554231049813,-2746.0
2019-12-03 08:00:00,0.004396117284078738,6.375024819828097,0.003775017591603813,-2520.5
2019-12-03 09:00:00,0.007586252192027576,6.331501849893691,0.0014423421647764556,-2441.9
2019-12-03 10:00:00,-0.023243982266856644,6.315358001522335,0.0022386804950000894,-2432.3
2019-12-03 11:00:00,-0.00601967525896141,6.306275286948016,-0.004361653301602431,-2421.3
2019-12-03 12:00:00,-0.00640057742381428,6.284134161070802,-0.002714121462704888,-2408.0
2019-12-03 13:00:00,-0.01201924886830108,6.274762021241939,-0.025495089717705532,-2380.1
2019-12-03 14:00:00,-0.015247725779241161,6.251903883165888,-0.016281138277719265,-2029.1
2019-12-03 15:00:00,-0.06525952256964063,6.198478716492308,-0.028354871112843405,-2294.5
2019-12-03 16:00:00,-0.05794219211758156,6.135564891081739,-0.026106390442174998,-2259.0
2019-12-03 17:00:00,-0.031541722963267294,6.093569770045136,-0.026013348382419643,-2197.8
2019-12-03 18:00:00,-0.028911842901767848,6.07993319509559,-0.02352534700106812,-2524.3
2019-12-03 19:00:00,-0.004413120001857784,6.056784013228625,-0.026282565551136727,-2487.1
2019-12-03 20:00:00,0.02704653241997379,6.030685260261263,-0.029390303201044077,-2313.9
2019-12-03 21:00:00,0.024905776583989958,6.089044875446846,-0.029344715222283213,-2211.1
2019-12-03 22:00:00,0.06717556638390976,6.240275845170769,-0.029349307733983032,-1855.6
2019-12-03 23:00:00,0.20794865271147556,6.369900982828227,-0.03512006951302293,-703.2
2019-12-04 00:00:00,0.24912826374845132,6.5998704992128365,-0.07656411242115801,-825.3
2019-12-04 01:00:00,0.2297255028956635,6.651571873589727,-0.08333287989453986,-894.1
2019-12-04 02:00:00,0.33434854193556296,6.666956792429207,-0.08519552482697534,-937.6
2019-12-04 03:00:00,0.34094776914719116,6.690842277418564,-0.08567283882233667,-984.7
2019-12-04 04:00:00,0.14528335841906426,6.720220155135295,-0.0858517973947226,-1306.8
2019-12-04 05:00:00,0.01854372132035831,6.75110146893676,-0.07809895653941634,-2366.1
2019-12-04 06:00:00,-0.04661985464713858,6.762729506931879,-0.07300861494798205,-2868.8
2019-12-04 07:00:00,-0.08215657211422567,6.779921907472252,-0.07327608824624932,-3317.1
2019-12-04 08:00:00,-0.09594037503267128,6.796823718274855,-0.0751753704418281,-3342.4
2019-12-04 09:00:00,-0.08516880113844394,6.796823718274855,-0.0812831570393211,-3347.5
2019-12-04 10:00:00,-0.0766727288703537,6.790097235513905,-0.08797704219775415,-3368.8
2019-12-04 11:00:00,-0.06458436160202075,6.7661917146603505,-0.08659459389709401,-3351.5
2019-12-04 12:00:00,-0.09181165583311657,6.744059186311348,-0.0886612858653848,-3330.0
2019-12-04 13:00:00,-0.0720269525305306,6.738152494595957,-0.0973976169928914,-3334.4
2019-12-04 14:00:00,-0.07282337431081709,6.741700694652055,-0.08984177224838863,-3335.3
2019-12-04 15:00:00,-0.07464910706640593,6.754604099487962,-0.09857086815456295,-3335.0
2019-12-04 16:00:00,-0.07571054895645535,6.7661917146603505,-0.10029632856063309,-2970.4
2019-12-04 17:00:00,-0.08079927478498039,6.774223886357614,-0.10176294795138219,-3356.6
2019-12-04 18:00:00,-0.06565450909017878,6.778784897685177,-0.10041860790869617,-3405.2
2019-12-04 19:00:00,-0.04193112147788591,6.771935555839602,-0.1074552921166978,-3367.4
2019-12-04 20:00:00,-0.03755861467318233,6.75110146893676,-0.12146894447515955,-3182.1
2019-12-04 21:00:00,-0.014366512034311274,6.71174039505618,-0.11878385033130545,-2766.3
2019-12-04 22:00:00,-0.023900601870152638,6.658011045870748,-0.12421027252644823,-2467.6
2019-12-04 23:00:00,0.12078398234828391,6.606650186198215,-0.1306708650352313,-1449.4
2019-12-05 00:00:00,0.09896731175908391,6.6052979209482015,-0.1219798618463912,-846.0
2019-12-05 01:00:00,0.0482724943641637,6.586171654854675,-0.1228122678050596,-624.7
2019-12-05 02:00:00,0.10506867685512677,6.628041376179533,-0.11998271610828226,-635.6
2019-12-05 03:00:00,0.18628628002620085,6.70196036600254,-0.11854220093391898,-711.6
2019-12-05 04:00:00,0.10820048422229211,6.739336627357174,-0.11537172219858949,-1177.8
2019-12-05 05:00:00,0.01712136620280358,6.75343791859778,-0.10695907900304125,-2561.5
2019-12-05 06:00:00,0.00333580028742686,6.773080375655535,-0.09838263167288552,-3090.4
2019-12-05 07:00:00,-0.03438651090144429,6.787844982309579,-0.09459192719131693,-3146.3
2019-12-05 08:00:00,-0.038715998634758275,6.78105762593618,-0.09458071028829007,-3135.9
2019-12-05 09:00:00,-0.03861561752438192,6.777646593635117,-0.09758089358260413,-3112.2
2019-12-05 10:00:00,0.014048248869472424,6.763884908562435,-0.08701044158830662,-2978.9
2019-12-05 11:00:00,-0.006667712666981185,6.728628613084702,-0.09315521569868945,-2955.3
2019-12-05 12:00:00,0.0558502868116002,6.694562058521095,-0.0975190404617825,-2925.4
2019-12-05 13:00:00,0.02089406418130757,6.668228248417403,-0.08696996211962915,-2913.8
2019-12-05 14:00:00,0.00389035512500735,6.675823221634848,-0.09364507503569452,-2918.1
2019-12-05 15:00:00,-0.10339968905046559,6.705639094860003,-0.09958065205834465,-3022.8
2019-12-05 16:00:00,-0.06757501296791002,6.717804695023691,-0.09731418897323074,-3077.1
2019-12-05 17:00:00,-0.07662696542366865,6.721425700790643,-0.10036298107551822,-3082.0
2019-12-05 18:00:00,-0.059115668572810254,6.716594773520978,-0.09163989702713238,-3160.5
2019-12-05 19:00:00,-0.02931713773308564,6.710523109452428,-0.09262975994884837,-3177.0
2019-12-05 20:00:00,-0.03471444851272132,6.727431724850855,-0.10217399930290849,-2807.3
2019-12-05 21:00:00,-0.061653199391161095,6.733401891837359,-0.09846796264902036,-2394.8
2019-12-05 22:00:00,-0.10249725875281834,6.720220155135295,-0.10063857305767154,-1107.7
2019-12-05 23:00:00,-0.26662032146685943,6.706862336602747,-0.1029963582086264,-964.1
2019-12-06 00:00:00,-0.16728363876947805,6.698268054115413,-0.07925958407473832,-1013.5
2019-12-06 01:00:00,-0.1513238203375673,6.674561391814426,-0.0822852956672655,-869.9
2019-12-06 02:00:00,-0.33482999315158235,6.6293632534374485,-0.07775848415010689,-833.1
2019-12-06 03:00:00,-0.3265040691887675,6.577861357721047,-0.0719620277198274,-789.7
2019-12-06 04:00:00,-0.11016295877986781,6.523562306149512,-0.07660120202735676,-819.4
2019-12-06 05:00:00,-0.09302902381211053,6.459904454377535,-0.06960151340590315,-1364.2
2019-12-06 06:00:00,-0.10586394643858199,6.38856140554563,-0.06643041912853587,-2247.5
2019-12-06 07:00:00,-0.034164499898362344,6.318968113746434,-0.06617245397147276,-2839.7
2019-12-06 08:00:00,-0.008605684563148142,6.251903883165888,-0.06632417941596191,-2799.1
2019-12-06 09:00:00,-0.0406864968518752,6.182084906716632,-0.0653931871573814,-2692.2
2019-12-06 10:00:00,0.07557075731780438,6.1070228877422545,-0.05122200404064259,-2634.8
2019-12-06 11:00:00,-0.037217419297474574,6.035481432524756,-0.06932661320574685,-2647.0
2019-12-06 12:00:00,-0.04236453280046559,5.973809611869261,-0.07120869313882672,-2612.1
2019-12-06 13:00:00,-0.07742813888860223,5.991464547107982,-0.08095195969487357,-2538.8
2019-12-06 14:00:00,-0.09131107411587003,6.066108090103747,-0.06294798338952656,-2480.9
2019-12-06 15:00:00,-0.1216681030836626,6.1463292576688975,-0.07668109123973732,-2816.7
2019-12-06 16:00:00,-0.09294362542986434,6.202535517187923,-0.06781623926420188,-3125.7
2019-12-06 17:00:00,-0.06936119305336019,6.2285110035911835,-0.06826924315151839,-3149.7
2019-12-06 18:00:00,-0.049575662999457926,6.249975242259483,-0.06739241447778621,-3102.7
2019-12-06 19:00:00,-0.04023487708170226,6.269096283706261,-0.06604327837478863,-2814.7
2019-12-06 20:00:00,-0.05878771087063761,6.313548046277095,-0.058180780976112345,-2406.3
2019-12-06 21:00:00,-0.05216940544620874,6.3561076606958915,-0.05539460515312822,-2063.5
2019-12-06 22:00:00,-0.07810170083630164,6.376726947898627,-0.05031055366596515,-1397.1
2019-12-06 23:00:00,-0.06478767093576288,6.380122536899765,-0.04952920267307803,-1009.4
2019-12-07 00:00:00,-0.15396818328195172,6.444131256700441,-0.047925822653144934,-452.3
2019-12-07 01:00:00,-0.19114429874434435,6.428105272684596,-0.04462195861735552,-379.0
2019-12-07 02:00:00,-0.17324720097588298,6.400257445308821,-0.039817471765131174,-356.2
2019-12-07 03:00:00,-0.12595719320520837,6.363028103540465,-0.040644620018165156,-351.3
2019-12-07 04:00:00,-0.1955573239581283,6.335054251498059,-0.04497660625376909,-437.1
2019-12-07 05:00:00,-0.17139759207645566,6.3080984415095305,-0.043456781076606,-538.5
2019-12-07 06:00:00,-0.04316348980026419,6.2766434893416445,-0.035837792222064735,-623.5
2019-12-07 07:00:00,-0.027505424030308756,6.2285110035911835,-0.041933234770429095,-865.5
2019-12-07 08:00:00,-0.02091011906985374,6.152732694704104,-0.04442923071523275,-1363.7
2019-12-07 09:00:00,-0.024991868650610094,6.077642243349034,-0.050901019655849034,-1574.6
2019-12-07 10:00:00,0.035177116270805,6.008813185442595,-0.028155705132601128,-1840.4
2019-12-07 11:00:00,-0.012139033356866502,5.968707559985366,-0.04650787371506482,-2063.1
2019-12-07 12:00:00,0.02988706844059541,5.940171252720432,-0.04953312613536642,-1423.7
2019-12-07 13:00:00,-0.030792335914636038,5.942799375126701,-0.05462027015935611,-1381.4
2019-12-07 14:00:00,-0.03415768451910406,5.971261839790462,-0.04490759718601556,-2001.3
2019-12-07 15:00:00,-0.04375358430983178,6.016157159698354,-0.05727002925932734,-3057.2
2019-12-07 16:00:00,0.001958587716766935,6.077642243349034,-0.04938778169019287,-3164.5
2019-12-07 17:00:00,0.03738076564258108,6.115892125483034,-0.05029671304428707,-3260.6
2019-12-07 18:00:00,0.046862803005763176,6.137727054086234,-0.04361924790151761,-3292.2
2019-12-07 19:00:00,0.03765835554981489,6.129050210060545,-0.04844879843761252,-3246.9
2019-12-07 20:00:00,-0.004062978277950879,6.111467339502679,-0.047843539797450596,-2234.0
2019-12-07 21:00:00,0.0026832062540367296,6.1224928095143865,-0.0419118710799502,-1419.9
2019-12-07 22:00:00,0.013064375576480103,6.142037405587356,-0.038102778266408954,-1142.1
2019-12-07 23:00:00,-0.003089976187941712,6.161207321695077,-0.04067911552216774,-632.0
2019-12-08 00:00:00,-0.14671434549796514,6.338594078203183,-0.01882964133473486,-379.2
2019-12-08 01:00:00,-0.19320394632048066,6.345636360828596,-0.016844096711386314,-373.7
2019-12-08 02:00:00,-0.08251447106407017,6.349138991379798,-0.01883622047105682,-376.6
2019-12-08 03:00:00,0.001263733846246673,6.335054251498059,-0.016391713723949763,-374.3
2019-12-08 04:00:00,-0.12059345980114333,6.306275286948016,-0.014139047926622794,-340.1
2019-12-08 05:00:00,-0.09848750666625028,6.269096283706261,-0.006261070977307881,-360.8
2019-12-08 06:00:00,0.06558500200905693,6.220590170099739,0.00202769484417864,-316.8
2019-12-08 07:00:00,0.1019540346238661,6.163314804034641,0.009271117850421007,-343.9
2019-12-08 08:00:00,0.057504412006381234,6.0867747269123065,0.004963792454726779,-384.1
2019-12-08 09:00:00,0.03763823966929758,6.013715156042802,0.007756975321779436,-815.7
2019-12-08 10:00:00,0.05020304560933786,5.908082938168931,0.017898990103661028,-1571.5
2019-12-08 11:00:00,0.048643284233969464,5.7430031878094825,0.016237876790120787,-1670.0
2019-12-08 12:00:00,0.04675360391682215,5.560681631015528,0.011261360666973808,-1403.7
2019-12-08 13:00:00,0.05918800789830447,5.44673737166631,0.012802044030301829,-1458.4
2019-12-08 14:00:00,0.05471880856483757,5.365976015021851,0.019943050413927743,-1218.4
2019-12-08 15:00:00,0.06129534665077507,5.2574953720277815,0.015819962269462806,-1173.7
2019-12-08 16:00:00,0.10006124102909641,5.231108616854587,0.023378077793431373,-1814.1
2019-12-08 17:00:00,0.02337288338070298,5.303304908059076,0.025718043579587402,-1844.9
2019-12-08 18:00:00,-0.027897033453983422,5.337538079701318,0.026364715423865093,-1645.4
2019-12-08 19:00:00,-0.04393276071021468,5.313205979041787,0.021303556874030072,-1276.3
2019-12-08 20:00:00,-0.06145871471201181,5.293304824724492,0.016515963529018407,-784.7
2019-12-08 21:00:00,-0.07151290418004841,5.3230099791384085,0.02279769577319879,-288.5
2019-12-08 22:00:00,-0.08299048036615764,5.442417710521793,0.013892823931824339,-80.4
2019-12-08 23:00:00,-0.9160644435247925,5.598421958998375,0.01686686294338191,165.6
2019-12-09 00:00:00,-0.9160644435247925,6.035481432524756,0.004139534603952555,-83.0
2019-12-09 01:00:00,-0.9160644435247925,6.173786103901937,0.00585951189612377,-52.4
2019-12-09 02:00:00,-0.9160644435247925,6.249975242259483,0.010190111195515605,-70.7
2019-12-09 03:00:00,-0.9160644435247925,6.3080984415095305,0.0072516228542856,-180.8
2019-12-09 04:00:00,-0.6759961558245546,6.371611847231857,0.003574623811140043,-337.9
2019-12-09 05:00:00,-0.06002651068853426,6.415096959171596,0.00264640092001045,-720.6
2019-12-09 06:00:00,-0.08810235965344626,6.440946540632921,0.008492763497308431,-2373.1
2019-12-09 07:00:00,-0.0530916340298635,6.466144724237619,0.010209323826053662,-3079.3
2019-12-09 08:00:00,-0.02716037206314814,6.476972362889683,0.006774525902308426,-3170.3
2019-12-09 09:00:00,-0.03617882779211934,6.490723534502507,0.005141057516087955,-3148.8
2019-12-09 10:00:00,-0.09364871607558056,6.495265555937008,0.006465064431474765,-3146.8
2019-12-09 11:00:00,-0.035148068845367586,6.48768401848461,0.004371762000578094,-3130.8
2019-12-09 12:00:00,-0.0023379246893577843,6.47543271670409,0.00969199135397858,-3132.1
2019-12-09 13:00:00,-0.039129403143620234,6.472346294500901,0.01317821697192123,-3124.2
2019-12-09 14:00:00,-0.06181360681778347,6.4692503167957724,0.01373458171248565,-3103.9
2019-12-09 15:00:00,-0.08192996607558056,6.470799503782602,0.014117833922244749,-3096.3
2019-12-09 16:00:00,-0.0769906356131842,6.481577129276431,0.012228902603426128,-3125.7
2019-12-09 17:00:00,-0.03767163194464063,6.507277712385012,0.010862397228746268,-3141.6
2019-12-09 18:00:00,-0.06518817923179965,6.536691597591305,0.013899758468194356,-3115.6
2019-12-09 19:00:00,-0.05464846490836095,6.539585955617669,0.017258575180795432,-3057.1
2019-12-09 20:00:00,-0.059528267416406155,6.52649485957079,0.01992583182944685,-2760.1
2019-12-09 21:00:00,-0.06028054958694007,6.522092798170152,0.02006852328503239,-2289.4
2019-12-09 22:00:00,-0.06216207768180926,6.52649485957079,0.015868352431301247,-1402.8
2019-12-09 23:00:00,-0.011858437267594724,6.532334292222349,0.01568461427035661,-612.5
2019-12-10 00:00:00,0.0011931990966531636,6.391917113392602,0.017516990819734346,-594.4
2019-12-10 01:00:00,0.00039955568101612826,6.440946540632921,0.011284797634063537,-613.0
2019-12-10 02:00:00,0.10706989398581968,6.486160788944089,0.01466211601632672,-637.3
2019-12-10 03:00:00,0.18668023314644966,6.501289670540389,0.019624474267465608,-674.0
2019-12-10 04:00:00,0.07673058984454917,6.478509642208569,0.026776129337826582,-800.7
2019-12-10 05:00:00,0.03797838511080398,6.429719478039138,0.034092472145272446,-2193.5
2019-12-10 06:00:00,0.030284802428638624,6.369900982828227,0.04045017275441509,-2844.7
2019-12-10 07:00:00,0.014033516681119629,6.263398262591624,0.04594597048072302,-2859.2
2019-12-10 08:00:00,0.028505173761349756,6.077642243349034,0.04456829669598594,-2809.8
2019-12-10 09:00:00,0.05149690930306061,5.937536205082426,0.04301225836072131,-2788.3
2019-12-10 10:00:00,0.06484562774588909,5.8888779583328805,0.05033847528941138,-2749.6
2019-12-10 11:00:00,0.10088150318848177,5.84354441703136,0.04871058108929649,-2782.1
2019-12-10 12:00:00,0.0891987257826159,5.771441123130016,0.06013748200216451,-2646.1
2019-12-10 13:00:00,0.11546129215336931,5.655991810819852,0.04272115810143795,-2640.7
2019-12-10 14:00:00,0.10382148368788657,5.4638318050256105,0.05767165477314329,-2583.6
2019-12-10 15:00:00,0.06241651109623447,5.231108616854587,0.05052417588578706,-2600.5
2019-12-10 16:00:00,0.05410041001575827,4.948759890378168,0.0544367759956641,-2556.5
2019-12-10 17:00:00,-0.004036033730898225,4.6443908991413725,0.05911473167439585,-2429.8
2019-12-10 18:00:00,-0.030163564181736824,4.51085950651685,0.06391580743186154,-2329.2
2019-12-10 19:00:00,-0.03236209368168508,4.74493212836325,0.0642673196468877,-2274.6
2019-12-10 20:00:00,-0.02439263992103502,5.225746673713202,0.0616146133739468,-2256.6
2019-12-10 21:00:00,-0.03479382004726839,5.641907070938114,0.060819716083197584,-2153.2
2019-12-10 22:00:00,-0.015480155580159582,5.950642552587727,0.059852650635464855,-1131.5
2019-12-10 23:00:00,0.11650267865398023,6.240275845170769,0.05474903548797805,-529.0
2019-12-11 00:00:00,-0.14709397727853535,6.52795791762255,0.06885288743734552,-406.0
2019-12-11 01:00:00,-0.6182392464792437,6.621405651764134,0.057234601564052134,-239.4
2019-12-11 02:00:00,-0.9160644435247925,6.695798917058491,0.053098045245246084,-269.9
2019-12-11 03:00:00,-0.9160644435247925,6.760414691083428,0.047969560074154316,-334.6
2019-12-11 04:00:00,-0.4141240600070093,6.806829360392176,0.04008503998859325,-467.0
2019-12-11 05:00:00,-0.14220469998657093,6.833031732786201,0.0382646324627407,-872.2
2019-12-11 06:00:00,-0.09289779043272262,6.8501261661455,0.03741154287342496,-2404.2
2019-12-11 07:00:00,-0.08268385923427246,6.851184927493743,0.03333364681200912,-2943.5
2019-12-11 08:00:00,-0.10089152521212164,6.825460036255307,0.028939233203092662,-2886.5
2019-12-11 09:00:00,-0.08827841753380872,6.807934943699926,0.02047431563550095,-2877.5
2019-12-11 10:00:00,-0.0877596027798635,6.774223886357614,0.016276141226381213,-2853.5
2019-12-11 11:00:00,-0.07509862694656189,6.714170529909472,0.01345119065306477,-2811.0
2019-12-11 12:00:00,-0.1066229582608682,6.647688373563329,0.015435606184087014,-2808.4
2019-12-11 13:00:00,-0.08452233377438212,6.579251212010101,0.006155929559527706,-2770.2
2019-12-11 14:00:00,-0.0863353708350405,6.511745329644728,0.014504188360848325,-2722.8
2019-12-11 15:00:00,-0.08379783669726004,6.470799503782602,0.006634476426841118,-2702.1
2019-12-11 16:00:00,-0.10284547105528707,6.472346294500901,0.0018634349208310752,-2861.2
2019-12-11 17:00:00,-0.0939319471122606,6.499787040655854,0.0018678715443982696,-2846.7
2019-12-11 18:00:00,-0.08735517982329677,6.522092798170152,0.004702644678243217,-2855.5
2019-12-11 19:00:00,-0.05359079495988883,6.495265555937008,0.0007375135186400428,-2837.3
2019-12-11 20:00:00,-0.03289539378757844,6.432940092739179,-0.01427981888213914,-2844.8
2019-12-11 21:00:00,-0.0010764141421226725,6.380122536899765,-0.013761515265136914,-2797.3
2019-12-11 22:00:00,-0.006215472192970584,6.352629396319567,-0.022004333617137384,-2644.0
2019-12-11 23:00:00,0.11269806069579813,6.376726947898627,-0.029177782358116744,-2109.1
2019-12-12 00:00:00,0.11941915242803658,6.408528791059498,0.006873026209710531,-1276.7
2019-12-12 01:00:00,0.15500019462997194,6.406879986069314,0.0014854488725175585,-642.2
2019-12-12 02:00:00,0.22672103655785847,6.363028103540465,0.005126359640174272,-593.3
2019-12-12 03:00:00,0.2736912803234124,6.317164686747284,-0.00606421750722852,-597.4
2019-12-12 04:00:00,0.14851332280550578,6.298949246855942,-0.005145016889590792,-788.5
2019-12-12 05:00:00,0.06389895447460381,6.282266746896006,-0.0008114716083973406,-2557.9
2019-12-12 06:00:00,-0.001212702537786381,6.2766434893416445,0.0036666226812851477,-2884.3
2019-12-12 07:00:00,-0.03994134597572252,6.270988431858299,0.005148340834355558,-2893.2
2019-12-12 08:00:00,-0.054031851229524364,6.26530121273771,0.0015962710727634999,-2885.7
2019-12-12 09:00:00,-0.02812784441375138,6.285998094508865,-0.004950224379549617,-2766.6
2019-12-12 10:00:00,0.019279754392463655,6.293419278846481,0.003718411801455268,-2789.7
2019-12-12 11:00:00,-0.00562631710293493,6.284134161070802,-0.006875100167606618,-2788.3
2019-12-12 12:00:00,0.05923879520175257,6.246106765481563,-0.010044071954196987,-2792.1
2019-12-12 13:00:00,0.032571892491315424,6.202535517187923,-0.0006834854879480545,-2792.1
2019-12-12 14:00:00,0.02026498999679749,6.161207321695077,-0.007352347016986727,-2762.0
2019-12-12 15:00:00,-0.0781871774756655,6.1224928095143865,-0.015610069311601471,-2744.7
2019-12-12 16:00:00,-0.05912277036159175,6.093569770045136,-0.013620859333401292,-2940.0
2019-12-12 17:00:00,-0.06972489395648918,6.1092475827643655,-0.012369382221241843,-2927.2
2019-12-12 18:00:00,-0.06069420086586019,6.135564891081739,-0.007940878150485275,-2960.3
2019-12-12 19:00:00,-0.030368109979060254,6.137727054086234,-0.007963835533854713,-2977.8
2019-12-12 20:00:00,0.00478216476646498,6.118097198041348,-0.021815824261854466,-2925.7
2019-12-12 21:00:00,-0.005370937547936716,6.104793232414985,-0.020027768058404227,-2756.2
2019-12-12 22:00:00,-0.008824171948591086,6.082218910376446,-0.025489731377861702,-2420.6
2019-12-12 23:00:00,0.061049395928503,6.056784013228625,-0.027823790031133555,-1847.2
2019-12-13 00:00:00,0.09281742015663941,6.129050210060545,-0.0574912016579443,-363.7
2019-12-13 01:00:00,0.07795349776795257,6.042632833682381,-0.06816326044371035,-318.5
2019-12-13 02:00:00,0.15912530088744337,5.986452005284438,-0.07154452718216397,-283.1
2019-12-13 03:00:00,0.1572132358191447,5.953243334287785,-0.0675391987498255,-289.8
2019-12-13 04:00:00,0.020738385117114788,5.958424693029782,-0.06436328705601024,-415.0
2019-12-13 05:00:00,-0.06038007582206362,5.958424693029782,-0.044368887925179123,-1879.0
2019-12-13 06:00:00,-0.08726005017086225,5.961005339623274,-0.01936290827054954,-2228.1
2019-12-13 07:00:00,-0.0578604400060172,5.971261839790462,0.004832334931733406,-2847.6
2019-12-13 08:00:00,-0.0551852406647364,5.981414211254481,-0.005202326263708201,-2879.9
2019-12-13 09:00:00,-0.05911182672192972,5.976350909297934,-0.023313350131083155,-2861.2
2019-12-13 10:00:00,0.055850346580085475,5.971261839790462,3.2619838965963766e-05,-2855.5
2019-12-13 11:00:00,-0.057472591135873774,5.966146739123692,-0.010707278726123093,-2870.7
2019-12-13 12:00:00,-0.0376376332428614,5.926926025970411,-0.0210672514415009,-2847.1
2019-12-13 13:00:00,-0.06585210854167878,5.8522024797744745,-0.033840444242801304,-2832.5
2019-12-13 14:00:00,-0.07862591458855439,5.802118375377063,-0.016116683705427626,-2792.9
2019-12-13 15:00:00,-0.10156692376257537,5.783825182329737,-0.023414062058249918,-2845.9
2019-12-13 16:00:00,-0.08900402742578395,5.811140992976701,-0.010487554693380474,-2854.7
2019-12-13 17:00:00,-0.06883473871111434,5.8377304471659395,-0.012699391996707554,-2809.5
2019-12-13 18:00:00,-0.04456179842546559,5.84354441703136,-0.02140730123596235,-2825.8
2019-12-13 19:00:00,-0.019472885633272874,5.834810737062605,-0.02331833370844727,-2839.1
2019-12-13 20:00:00,-0.01590253776701367,5.823045895483019,-0.02956197567046015,-2663.0
2019-12-13 21:00:00,-0.02129502991839205,5.786897381366708,-0.042354485572321465,-2249.5
2019-12-13 22:00:00,-0.03693646839553866,5.713732805509369,-0.04697443714395444,-1608.7
2019-12-13 23:00:00,-0.010949451056853299,5.641907070938114,-0.05548413307349165,-1098.4
2019-12-14 00:00:00,0.014090926591438624,5.537334267018537,-0.08378449620608475,-789.6
2019-12-14 01:00:00,0.0001691274663051523,5.424950017481403,-0.08594651982801693,-105.9
2019-12-14 02:00:00,0.09874542293462651,5.342334251964811,-0.0830531425477039,-94.2
2019-12-14 03:00:00,0.16033025369198795,5.332718793265369,-0.0839567365418512,-101.2
2019-12-14 04:00:00,0.023338915605860322,5.393627546352362,-0.09079960060129277,-115.6
2019-12-14 05:00:00,0.019839892129080994,5.420534999272286,-0.08445685412996529,-276.0
2019-12-14 06:00:00,-0.011998611764787448,5.41610040220442,-0.0641051989441328,-525.1
2019-12-14 07:00:00,-0.037957960587380324,5.4116460518550396,-0.05286230530261893,-884.6
2019-12-14 08:00:00,-0.03686867623160284,5.402677381872279,-0.03545324225808155,-1317.5
2019-12-14 09:00:00,-0.04742690945605732,5.41610040220442,-0.03726262133450664,-1883.7
2019-12-14 10:00:00,0.007242338939251081,5.438079308923196,-0.021038237363737444,-1907.8
2019-12-14 11:00:00,-0.05239041445222403,5.44673737166631,-0.04013335013762909,-1800.3
2019-12-14 12:00:00,0.01867618869137866,5.497168225293202,-0.042370341830490155,-2019.6
2019-12-14 13:00:00,-0.03304395521659487,5.572154032177765,-0.0435354377348629,-2030.6
2019-12-14 14:00:00,-0.04507146291802622,5.627621113690637,-0.03234856240952144,-2031.9
2019-12-14 15:00:00,-0.09805456650218991,5.655991810819852,-0.04248951903042464,-2229.0
2019-12-14 16:00:00,-0.06943396984859662,5.700443573390687,-0.027881576469229508,-2411.4
2019-12-14 17:00:00,-0.05033522889390207,5.723585101952381,-0.03251503076810813,-2592.8
2019-12-14 18:00:00,-0.0629050951665735,5.71042701737487,-0.04046715703320203,-2155.7
2019-12-14 19:00:00,-0.07281360915000956,5.680172609017068,-0.04844879843761252,-1763.6
2019-12-14 20:00:00,-0.06718171251379745,5.652489180268651,-0.05758387654583519,-1255.8
2019-12-14 21:00:00,-0.05335139522814547,5.652489180268651,-0.057556488227466396,-866.9
2019-12-14 22:00:00,-0.05859822710843998,5.66988092298052,-0.06495002830259722,-431.7
2019-12-14 23:00:00,-0.08008854148024991,5.66988092298052,-0.07845184633702562,-334.2
2019-12-15 00:00:00,0.030722003729940273,5.680172609017068,-0.01298899060519254,-195.0
2019-12-15 01:00:00,0.08436147947906081,5.69035945432406,-0.01432202727867704,-18.3
2019-12-15 02:00:00,0.2176733472196144,5.627621113690637,-0.015466377349506288,-3.0
2019-12-15 03:00:00,0.29975672240224327,5.556828061699537,-0.01050687118370508,-6.6
2019-12-15 04:00:00,0.1717075585069323,5.5254529391317835,-0.008303266462521108,-118.3
2019-12-15 05:00:00,-0.14854109488245415,5.480638923341991,-0.0012900582552877182,-3.7
2019-12-15 06:00:00,0.009995086447500245,5.4638318050256105,0.005306386305877098,-28.1
2019-12-15 07:00:00,0.04752532712486124,5.4638318050256105,0.00604009726897381,-234.5
2019-12-15 08:00:00,-0.01727973841368824,5.44673737166631,-0.006156258589350649,-539.6
2019-12-15 09:00:00,-0.015641716362162494,5.41610040220442,-0.01019122399744088,-1185.3
2019-12-15 10:00:00,0.002079881631384506,5.384495062789089,-0.007594858722558939,-1530.7
2019-12-15 11:00:00,0.0076838421153944125,5.332718793265369,-0.015266841724776548,-1767.6
2019-12-15 12:00:00,0.022116933817584616,5.2832037287379885,-0.017147459605444837,-1739.5
2019-12-15 13:00:00,0.027798466287653145,5.236441962829949,-0.019912931294431502,-1686.7
2019-12-15 14:00:00,0.03165072031456306,5.19295685089021,-0.015518983025313737,-1626.5
2019-12-15 15:00:00,0.06998495984366793,5.1647859739235145,-0.02740584299005544,-1975.8
2019-12-15 16:00:00,0.08010372857461112,5.10594547390058,-0.021664604331053994,-2160.3
2019-12-15 17:00:00,0.003788085705431321,5.0238805208462765,-0.018602356101073525,-2187.6
2019-12-15 18:00:00,-0.04674747552148961,4.948759890378168,-0.026279018061557302,-2074.0
2019-12-15 19:00:00,-0.04980936919919987,4.875197323201151,-0.019426054626157985,-1910.3
2019-12-15 20:00:00,-0.0643289807468439,4.820281565605037,-0.020993217385478324,-1651.9
2019-12-15 21:00:00,-0.0633305090251084,4.770684624465665,-0.0118344686058931,-1465.1
2019-12-15 22:00:00,-0.039766465033646003,4.736198448394496,-0.009767585787743727,-1324.3
2019-12-15 23:00:00,0.04167738849504454,4.700480365792417,-0.0039338870146217175,-641.0
2019-12-16 00:00:00,0.14928379467312514,4.465908118654584,0.011394705485124668,-213.7
2019-12-16 01:00:00,0.2233217331766455,4.406719247264253,0.011529838956211513,-174.7
2019-12-16 02:00:00,0.33073035465938583,4.219507705176107,0.015855848731193056,-147.6
2019-12-16 03:00:00,0.3667896519419851,3.9889840465642745,0.01613339298906613,-212.4
2019-12-16 04:00:00,0.12178434811367334,3.828641396489095,0.023424422031171233,-860.2
2019-12-16 05:00:00,0.019609113730856276,3.7612001156935624,0.00342734590308158,-1821.2
2019-12-16 06:00:00,-0.021623873788211956,3.713572066704308,-0.0026722203662998822,-2651.7
2019-12-16 07:00:00,-0.003030625688578148,3.6109179126442243,-0.004937016937619276,-2837.9
2019-12-16 08:00:00,0.04261572184067175,3.4965075614664802,-0.008928866026141513,-2922.3
2019-12-16 09:00:00,0.01837793127164966,3.367295829986474,-0.00982181516062397,-2925.3
2019-12-16 10:00:00,-0.05353439989451925,3.295836866004329,-0.0064754468442593804,-2927.6
2019-12-16 11:00:00,-0.007837533340390834,3.2188758248682006,-0.008540899480443898,-2907.6
2019-12-16 12:00:00,0.027043277752189177,3.1780538303479458,-0.005989014208173771,-3024.2
2019-12-16 13:00:00,-0.006121480454259309,3.2188758248682006,-0.004533900334518393,-3014.3
2019-12-16 14:00:00,-0.026420381983539798,3.295836866004329,-0.009579791142623861,-3004.2
2019-12-16 15:00:00,-0.01499411869995626,3.367295829986474,-0.01387559649975767,-2989.9
2019-12-16 16:00:00,-0.041049840237606716,3.4965075614664802,-0.014308967596234012,-3022.6
2019-12-16 17:00:00,-0.030080068608753674,3.58351893845611,-0.010931083937856911,-3028.0
2019-12-16 18:00:00,-0.02520284261830108,3.713572066704308,-0.004566675373440354,-3011.2
2019-12-16 19:00:00,0.014818602430359373,3.8066624897703196,0.001498936687845287,-3000.5
2019-12-16 20:00:00,0.0242972061836908,3.871201010907891,0.006112453338743329,-2914.5
2019-12-16 21:00:00,0.01670093120621141,3.9512437185814275,0.006803774626549242,-2861.0
2019-12-16 22:00:00,0.015242802031176783,4.02535169073515,0.011322890059625834,-2503.1
2019-12-16 23:00:00,0.07490197979901714,4.04305126783455,0.011040643075905798,-1599.1
2019-12-17 00:00:00,0.16166989987975988,3.5263605246161616,0.009548821170556998,-653.8
2019-12-17 01:00:00,0.1420814247359945,3.6888794541139363,0.0064460785158395595,-414.8
2019-12-17 02:00:00,0.23296421397495992,3.7612001156935624,0.013857286999039431,-401.8
2019-12-17 03:00:00,0.29162730881874044,3.784189633918261,0.01642447153679516,-413.3
2019-12-17 04:00:00,0.1370259536150149,3.8066624897703196,0.021270806742471393,-833.6
2019-12-17 05:00:00,0.004328369603756155,3.784189633918261,0.0264646700963862,-1696.0
2019-12-17 06:00:00,-0.044839296113249105,3.828641396489095,0.024530878536923595,-2684.8
2019-12-17 07:00:00,-0.008009991607496048,3.970291913552122,0.0249073263340156,-2927.1
2019-12-17 08:00:00,-0.018576544972061626,4.127134385045092,0.023676171908898702,-2969.1
2019-12-17 09:00:00,-0.010631878459646416,4.290459441148391,0.022795466635345818,-2916.2
2019-12-17 10:00:00,-0.042729122107229234,4.477336814478207,0.026577748800267642,-2872.0
2019-12-17 11:00:00,-0.04826011697069754,4.672828834461906,0.02075628005792307,-2809.9
2019-12-17 12:00:00,-0.056316895407761525,4.844187086458591,0.03869079350541771,-2814.4
2019-12-17 13:00:00,-0.05634852996430517,4.941642422609304,0.019336323579024928,-2841.6
2019-12-17 14:00:00,-0.06066520547003407,5.017279836814924,0.03522936640645291,-2864.7
2019-12-17 15:00:00,-0.07142401009732069,5.087596335232384,0.02628056427579395,-3016.0
2019-12-17 16:00:00,-0.05892862869572024,5.198497031265826,0.03353948706752696,-3060.6
2019-12-17 17:00:00,-0.03228237229968034,5.351858133476067,0.03747764686973376,-3080.2
2019-12-17 18:00:00,-0.058878534173124386,5.459585514144159,0.03653558916358435,-2916.1
2019-12-17 19:00:00,-0.054507065320772874,5.501258210544727,0.035921142478147594,-2825.6
2019-12-17 20:00:00,-0.03747519201646865,5.521460917862246,0.03195142155038777,-2699.1
2019-12-17 21:00:00,-0.023475995114607073,5.5093883366279774,0.030688311773830357,-1701.1
2019-12-17 22:00:00,0.030227842145721606,5.5134287461649825,0.03623531676432279,-1422.9
2019-12-17 23:00:00,0.18952781366887006,5.541263545158426,0.03588766910260066,-799.0
2019-12-18 00:00:00,0.21807978105517645,5.817111159963204,0.0305340231352087,-299.9
2019-12-18 01:00:00,0.17933405735925767,5.75890177387728,0.029238994074624713,-214.6
2019-12-18 02:00:00,0.2846047169369941,5.655991810819852,0.03672341037345639,-169.7
2019-12-18 03:00:00,0.2874717296985163,5.497168225293202,0.04329665437476127,-146.3
2019-12-18 04:00:00,0.0930976052484942,5.3230099791384085,0.047789238341581,-283.2
2019-12-18 05:00:00,-0.0019256171145918266,5.176149732573829,0.05404850016400253,-1393.5
2019-12-18 06:00:00,-0.04021812566228622,5.049856007249537,0.05314863445727358,-2503.6
2019-12-18 07:00:00,-0.030533864408810008,4.90527477843843,0.04866495755879807,-2837.4
2019-12-18 08:00:00,-0.03811788344235101,4.762173934797756,0.049758860985482656,-3104.1
2019-12-18 09:00:00,-0.021520067723885816,4.6443908991413725,0.047644220987429264,-3095.3
2019-12-18 10:00:00,-0.03572766500036462,4.532599493153256,0.04644328327210889,-3085.9
2019-12-18 11:00:00,-0.03989174901164905,4.430816798843313,0.04446142739562475,-2872.8
2019-12-18 12:00:00,-0.08097075803136233,4.430816798843313,0.04900519190694119,-2747.2
2019-12-18 13:00:00,-0.06344754083460824,4.553876891600541,0.03544672648059333,-2743.4
2019-12-18 14:00:00,-0.06299590451573733,4.762173934797756,0.04563779944545665,-2752.7
2019-12-18 15:00:00,-0.061330654137327745,4.969813299576001,0.0396044956644106,-2827.3
2019-12-18 16:00:00,-0.08022409724085033,5.181783550292085,0.04186876953453034,-2835.8
2019-12-18 17:00:00,-0.077989207793427,5.365976015021851,0.04348275278003211,-2806.3
2019-12-18 18:00:00,-0.07052194536844647,5.541263545158426,0.04273539752992139,-2843.8
2019-12-18 19:00:00,-0.043477912196184576,5.7430031878094825,0.040657282974419395,-2884.0
2019-12-18 20:00:00,-0.03289539378757844,5.934894195619588,0.0317304867666941,-2929.1
2019-12-18 21:00:00,-0.016204506512617733,6.063785208687608,0.03741761735506621,-2943.8
2019-12-18 22:00:00,-0.026649366657514495,6.152732694704104,0.041496919886497174,-2715.6
2019-12-18 23:00:00,0.056856216067154186,6.2166061010848646,0.039761018999864284,-1900.9
2019-12-19 00:00:00,0.14730882152236768,6.556778356158042,0.0329511535647482,-999.1
2019-12-19 01:00:00,0.13565499772658152,6.588926477533519,0.03186348423168983,-509.3
2019-12-19 02:00:00,0.21528899061120255,6.558197802812269,0.036266600375897795,-376.2
2019-12-19 03:00:00,0.26557764554924246,6.522092798170152,0.03717710666596563,-564.2
2019-12-19 04:00:00,0.15106832774405454,6.51025834052315,0.03761684244849128,-1165.0
2019-12-19 05:00:00,0.047815740139693474,6.498282149476434,0.038530277613779695,-2107.6
2019-12-19 06:00:00,-0.006320927115126107,6.484635235635252,0.03090422846498253,-2627.4
2019-12-19 07:00:00,-0.008093183111883118,6.456769655572163,0.02523509940109303,-2909.2
2019-12-19 08:00:00,0.010623081439571802,6.431331081933479,0.023732126704989476,-3163.2
2019-12-19 09:00:00,0.004712459239154754,6.408528791059498,0.02011374428366608,-2942.8
2019-12-19 10:00:00,0.011685112677189746,6.38856140554563,0.029619140233612562,-2870.8
2019-12-19 11:00:00,-0.025069914400643434,6.352629396319567,0.018406130702979695,-2777.3
2019-12-19 12:00:00,0.03660625021087771,6.309918278226516,0.020793796531497044,-2706.5
2019-12-19 13:00:00,0.004047127172699838,6.251903883165888,0.028614787314056755,-2710.9
2019-12-19 14:00:00,-4.820845392083939e-05,6.19644412779452,0.02169680858016143,-2766.3
2019-12-19 15:00:00,-0.08436639384162392,6.142037405587356,0.01042024315598411,-2781.1
2019-12-19 16:00:00,-0.02118763212331709,6.059123195581797,0.020209005185003903,-2801.7
2019-12-19 17:00:00,-0.029283924397978556,5.940171252720432,0.022994981911781842,-2777.4
2019-12-19 18:00:00,-0.03907596086918508,5.75890177387728,0.028609231124444356,-2726.4
2019-12-19 19:00:00,-0.032473373914522874,5.521460917862246,0.029694488266732932,-2611.7
2019-12-19 20:00:00,-0.015853700823028394,5.220355825078324,0.026217050965668953,-2218.5
2019-12-19 21:00:00,-0.031724370422788084,4.955827057601261,0.03464702355682636,-1823.6
2019-12-19 22:00:00,-0.062151132243080554,4.718498871295094,0.039197943313569183,-733.6
2019-12-19 23:00:00,0.008249469794751274,4.574710978503383,0.04057221228809471,-76.8
2019-12-20 00:00:00,0.0826619243516622,4.634728988229636,0.058663559130763154,-71.3
2019-12-20 01:00:00,0.1021191174605316,4.6443908991413725,0.05302229635851319,-22.8
2019-12-20 02:00:00,0.20673822894706273,4.653960350157523,0.05855176870757717,-25.4
2019-12-20 03:00:00,0.19713550997436657,4.543294782270004,0.062234037577885815,-4.7
2019-12-20 04:00:00,0.04196806567256672,4.442651256490317,0.06655827372614098,-114.1
2019-12-20 05:00:00,-0.04638992038952949,4.248495242049359,0.05816371268162346,-1215.6
2019-12-20 06:00:00,-0.07822260676212656,3.9512437185814275,0.05802375534487059,-2121.0
2019-12-20 07:00:00,-0.06819028950759387,3.784189633918261,0.06842343771326487,-2529.5
2019-12-20 08:00:00,-0.056233733552402576,3.713572066704308,0.06393514792756516,-2581.4
2019-12-20 09:00:00,-0.06252256071183648,3.6888794541139363,0.04974287602749694,-2559.7
2019-12-20 10:00:00,0.05006846450686808,3.6888794541139363,0.06750584594413134,-2540.7
2019-12-20 11:00:00,-0.06220570541500692,3.6635616461296463,0.050861508646910636,-2541.8
2019-12-20 12:00:00,-0.04817236327563457,3.6888794541139363,0.04050153593153283,-2521.3
2019-12-20 13:00:00,-0.08273459867391342,3.7612001156935624,0.03051544517113225,-2504.8
2019-12-20 14:00:00,-0.0942408937638981,3.871201010907891,0.04583133901708525,-2496.6
2019-12-20 15:00:00,-0.12193530415405629,3.970291913552122,0.03125967932159668,-2534.4
2019-12-20 16:00:00,-0.10725608814030752,4.110873864173311,0.041673669735635244,-2565.9
2019-12-20 17:00:00,-0.08341418847427162,4.219507705176107,0.03925110055973846,-2602.7
2019-12-20 18:00:00,-0.058077308254778526,4.248495242049359,0.041022256026788106,-2632.1
2019-12-20 19:00:00,-0.04508794673077565,4.23410650459726,0.04217030626544371,-2586.3
2019-12-20 20:00:00,-0.04961970666352444,4.23410650459726,0.042977368710634956,-1579.6
2019-12-20 21:00:00,-0.04149214750536423,4.248495242049359,0.03475649184116936,-1295.4
2019-12-20 22:00:00,-0.06079160160779651,4.219507705176107,0.033004219288566894,-878.2
2019-12-20 23:00:00,-0.049063591763880865,4.143134726391533,0.0388948034538501,-569.7
2019-12-21 00:00:00,-0.21313188445871178,4.219507705176107,0.040802292955540054,-259.1
2019-12-21 01:00:00,-0.11470581706124383,4.189654742026425,0.03083861134479715,-57.8
2019-12-21 02:00:00,0.0066659596771634355,4.1588830833596715,0.030211132595352908,-48.8
2019-12-21 03:00:00,0.15321968721055912,4.127134385045092,0.03272160404863644,-58.3
2019-12-21 04:00:00,0.04053679170289204,4.143134726391533,0.03287726361422383,-113.1
2019-12-21 05:00:00,0.003656768840986757,4.1588830833596715,0.03934346232104602,-234.7
2019-12-21 06:00:00,0.0008064412508437258,4.204692619390966,0.05839687084648926,-616.4
2019-12-21 07:00:00,-0.019516033996830107,4.23410650459726,0.05898599483395017,-947.1
2019-12-21 08:00:00,-0.02235041890115408,4.276666119016055,0.06787433917652486,-1068.2
2019-12-21 09:00:00,-0.02943879093154811,4.31748811353631,0.06057966327722397,-1360.0
2019-12-21 10:00:00,0.026878313456109915,4.3694478524670215,0.06859643598862508,-1404.5
2019-12-21 11:00:00,-0.017082740212219782,4.406719247264253,0.05090749361132563,-1503.5
2019-12-21 12:00:00,0.039594536156985605,4.418840607796598,0.04199413049042011,-1474.3
2019-12-21 13:00:00,-0.014341386351024443,4.394449154672439,0.0380808343861041,-1449.6
2019-12-21 14:00:00,-0.01077606646835605,4.382026634673881,0.04493021873130232,-1620.2
2019-12-21 15:00:00,-0.059656384333662604,4.394449154672439,0.03974857920654795,-1928.0
2019-12-21 16:00:00,-0.0205783070709864,4.382026634673881,0.05099140361742904,-2284.2
2019-12-21 17:00:00,-0.006559891737359269,4.330733340286331,0.04911792372876267,-2333.6
2019-12-21 18:00:00,-0.008764307160200158,4.2626798770413155,0.04326057610495937,-2093.8
2019-12-21 19:00:00,-0.017406258334098368,4.204692619390966,0.037963357521404006,-1707.8
2019-12-21 20:00:00,-0.010449227943266859,4.174387269895637,0.029087584059951155,-1403.6
2019-12-21 21:00:00,0.019937205208431674,4.174387269895637,0.032837818565092824,-1247.7
2019-12-21 22:00:00,0.028853421820965952,4.219507705176107,0.027573340594548412,-1101.6
2019-12-21 23:00:00,0.06402496047480977,4.31748811353631,0.0205895329693222,-964.9
2019-12-22 00:00:00,0.12801875261301277,4.219507705176107,0.016521347544196097,-314.6
2019-12-22 01:00:00,0.19266857807631999,4.330733340286331,0.007273496353549902,-113.6
2019-12-22 02:00:00,0.32190139764632875,4.330733340286331,0.005341697579155813,-109.9
2019-12-22 03:00:00,0.3981760101641041,4.343805421853684,0.012692180829083632,-128.2
2019-12-22 04:00:00,0.2568519314947961,4.465908118654584,0.013892465929263409,-193.7
2019-12-22 05:00:00,0.2181279886405334,4.553876891600541,0.0199699411715617,-591.7
2019-12-22 06:00:00,0.22073838923006361,4.6443908991413725,0.028760757041247587,-841.3
2019-12-22 07:00:00,0.14707902561959463,4.74493212836325,0.042581096731953316,-1038.9
2019-12-22 08:00:00,0.08295402149779285,4.820281565605037,0.03607049958698205,-1258.1
2019-12-22 09:00:00,0.06421694787660392,4.897839799950911,0.03446592658630099,-1617.1
2019-12-22 10:00:00,0.08248155906557386,4.983606621708336,0.0405243896216394,-1930.8
2019-12-22 11:00:00,0.08162816153984176,5.049856007249537,0.03274237746158448,-2162.6
2019-12-22 12:00:00,0.09561036593516814,5.111987788356544,0.027033373676276007,-2141.0
2019-12-22 13:00:00,0.09097150516195995,5.170483995038151,0.021743981405963453,-1896.9
2019-12-22 14:00:00,0.10442018336736059,5.2574953720277815,0.036119873768486244,-2023.2
2019-12-22 15:00:00,0.11953238277270817,5.327876168789581,0.031739256486954304,-2219.8
2019-12-22 16:00:00,0.12615311516795957,5.3612921657094255,0.03913771628638152,-2628.8
2019-12-22 17:00:00,0.053725815292752,5.402677381872279,0.04148897977258326,-2814.0
2019-12-22 18:00:00,0.007464885736558902,5.459585514144159,0.027097047935540353,-2569.2
2019-12-22 19:00:00,-0.001326644396458132,5.484796933490655,0.035248736989072604,-2144.9
2019-12-22 20:00:00,-0.031251760307275056,5.4680601411351315,0.022508490825078553,-1653.2
2019-12-22 21:00:00,-0.032382480404283154,5.438079308923196,0.027326005397946496,-1438.3
2019-12-22 22:00:00,-0.016823684360909752,5.424950017481403,0.021656838088045305,-1300.1
2019-12-22 23:00:00,0.0843013409717539,5.4116460518550396,0.01686686294338191,-1111.6
2019-12-23 00:00:00,0.045173215836650016,4.762173934797756,0.004139534603952555,-396.0
2019-12-23 01:00:00,0.16378596788201394,4.74493212836325,-0.0014784745567890667,-165.0
2019-12-23 02:00:00,0.24302477424028046,4.718498871295094,-0.005352123953898946,-153.2
2019-12-23 03:00:00,0.291416832033768,4.700480365792417,-0.0017097405785175823,-154.9
2019-12-23 04:00:00,0.07755252357295195,4.672828834461906,0.003574623811140043,-433.5
2019-12-23 05:00:00,-0.009027204249595577,4.634728988229636,0.009653046945534705,-1569.9
2019-12-23 06:00:00,-0.0938930831283682,4.61512051684126,0.0010633088187876893,-1856.6
2019-12-23 07:00:00,-0.10469882945927678,4.553876891600541,0.0023041443189404376,-2124.2
2019-12-23 08:00:00,-0.09599250199538245,4.499809670330265,0.008896917926459302,-2435.9
2019-12-23 09:00:00,-0.09335203267165637,4.477336814478207,0.019186232219135846,-2520.9
2019-12-23 10:00:00,-0.15030195182951367,4.499809670330265,0.030460569987690533,-2459.0
2019-12-23 11:00:00,-0.09826131202210542,4.51085950651685,0.03525140852960096,-2383.8
2019-12-23 12:00:00,-0.07453957556101143,4.477336814478207,0.036899808467743433,-2309.4
2019-12-23 13:00:00,-0.11425891444077152,4.465908118654584,0.029200851631483893,-2259.5
2019-12-23 14:00:00,-0.13659538803951632,4.465908118654584,0.03720011663849121,-2270.6
2019-12-23 15:00:00,-0.1356463421562042,4.465908118654584,0.032579896761980365,-2449.1
2019-12-23 16:00:00,-0.13331470974066395,4.418840607796598,0.04343903413886707,-2629.7
2019-12-23 17:00:00,-0.0808727243506655,4.418840607796598,0.04436980540790891,-2734.8
2019-12-23 18:00:00,-0.06595338778845994,4.394449154672439,0.047801310143875675,-3060.0
2019-12-23 19:00:00,-0.054384995008272874,4.330733340286331,0.047362353481026354,-2638.9
2019-12-23 20:00:00,-0.059799013323028394,4.276666119016055,0.03852436506082224,-2218.4
2019-12-23 21:00:00,-0.056974761452440514,4.189654742026425,0.03676582590864097,-1841.1
2019-12-23 22:00:00,-0.04518374114739121,4.110873864173311,0.04271560246748862,-1529.2
2019-12-23 23:00:00,0.009000483481297117,3.9889840465642745,0.03783137663367242,-1263.2
2019-12-24 00:00:00,0.10754039465692422,3.295836866004329,0.03326534778787327,-572.6
2019-12-24 01:00:00,0.10356424252960839,3.1780538303479458,0.01929766101942043,-188.1
2019-12-24 02:00:00,0.16306416334039442,3.044522437723423,0.017874970185651762,106.6
2019-12-24 03:00:00,0.19396681694622497,2.8903717578961645,0.019624474267465608,114.5
2019-12-24 04:00:00,0.033081825175535595,2.772588722239781,0.01890207290692114,-118.1
2019-12-24 05:00:00,-0.07528776958223249,2.70805020110221,0.0024418178525360545,-778.5
2019-12-24 06:00:00,-0.12150517786116621,2.6390573296152584,-0.020982384830193546,-1222.1
2019-12-24 07:00:00,-0.14416280342420862,2.5649493574615367,-0.026721732573841805,-1308.6
2019-12-24 08:00:00,-0.12434917685249403,2.3978952727983707,-0.005601178036951815,-1600.3
2019-12-24 09:00:00,-0.0948239696799944,2.3978952727983707,0.019974590293704075,-1807.9
2019-12-24 10:00:00,-0.13448398570927678,2.3978952727983707,0.028697142034430634,-1653.1
2019-12-24 11:00:00,-0.10525335200421315,2.3978952727983707,0.02358713828244685,-1777.4
2019-12-24 12:00:00,-0.10291039992749385,2.302585092994046,0.028852344505129857,-1827.9
2019-12-24 13:00:00,-0.10542042395670226,2.1972245773362196,-0.005321494905464519,-1844.2
2019-12-24 14:00:00,-0.12506905554148018,2.1972245773362196,-0.0033313170215301113,-1816.9
2019-12-24 15:00:00,-0.1463885296562042,2.0794415416798357,-0.011931795814000168,-1966.1
2019-12-24 16:00:00,-0.11630476989832639,2.0794415416798357,-0.009612649736323142,-2308.5
2019-12-24 17:00:00,-0.0772394377541934,2.1972245773362196,-0.022378302576786524,-2550.9
2019-12-24 18:00:00,-0.09510296726494527,2.302585092994046,-0.027956668875738444,-1970.3
2019-12-24 19:00:00,-0.10641060632236288,2.302585092994046,-0.024046261972856087,-1418.5
2019-12-24 20:00:00,-0.0870584682511879,2.3978952727983707,-0.021797252293446867,-1235.4
2019-12-24 21:00:00,-0.07234654836724497,2.4849066497880004,-0.013233894949585157,-1244.2
2019-12-24 22:00:00,-0.009545420060344867,2.70805020110221,0.008981548197995792,-1236.8
2019-12-24 23:00:00,0.16240266740117892,2.833213344056216,0.005734630931913287,-1038.6
2019-12-25 00:00:00,0.7409990475793049,2.772588722239781,0.061780774069530864,-534.3
2019-12-25 01:00:00,0.7030217563017569,2.772588722239781,0.06433392187598308,-166.3
2019-12-25 02:00:00,0.7928324759166521,2.833213344056216,0.05743265600499203,-51.7
2019-12-25 03:00:00,0.788858964220374,2.8903717578961645,0.048851569946522844,-54.9
2019-12-25 04:00:00,0.5867477489794246,2.9444389791664403,0.04683803161262112,-41.0
2019-12-25 05:00:00,0.4649132691656823,3.258096538021482,0.020317097177272814,-830.8
2019-12-25 06:00:00,0.4084044494542063,3.5263605246161616,-0.02039325941336756,-1297.3
2019-12-25 07:00:00,0.3629083884872446,3.6888794541139363,-0.0333370660679968,-1351.9
2019-12-25 08:00:00,0.3596294577112875,3.8918202981106265,-0.021973881096830183,-1558.0
2019-12-25 09:00:00,0.3743765514777406,4.0943445622221,-0.017233372203198094,-1628.9
2019-12-25 10:00:00,0.3598793310257751,4.2626798770413155,-0.012152512688399675,-1556.2
2019-12-25 11:00:00,0.3716272170054369,4.382026634673881,-0.011516517251807912,-1579.8
2019-12-25 12:00:00,0.35471430600178433,4.465908118654584,-0.024451355344875303,-1731.1
2019-12-25 13:00:00,0.37148617235245673,4.574710978503383,-0.030969328551939235,-1698.1
2019-12-25 14:00:00,0.3685472234565128,4.709530201312334,-0.02047781806284288,-1672.6
2019-12-25 15:00:00,0.3739758759185632,4.820281565605037,-0.0120268799096106,-1822.0
2019-12-25 16:00:00,0.38221797415909675,4.9344739331306915,-0.000917328670898776,-2055.1
2019-12-25 17:00:00,0.40422007680935446,5.225746673713202,-0.002728555324649662,-2164.3
2019-12-25 18:00:00,0.41780675416813207,5.438079308923196,-0.0013729166767761924,-2236.1
2019-12-25 19:00:00,0.42179493491616604,5.5909869805108565,0.004635313063710456,-1978.4
2019-12-25 20:00:00,0.39259436260833835,5.720311776607412,0.010038580349292836,-1699.2
2019-12-25 21:00:00,0.41963255549582357,5.823045895483019,0.018668367726406565,-1606.0
2019-12-25 22:00:00,0.4455783414860095,5.926926025970411,0.04221907824550186,-1592.7
2019-12-25 23:00:00,0.5559080546705664,6.0112671744041615,0.04817109356945437,-754.1
2019-12-26 00:00:00,0.6449613249221415,5.420534999272286,0.03364908705886549,-609.0
2019-12-26 01:00:00,0.6249115278447661,5.4638318050256105,0.03787254216278502,-226.5
2019-12-26 02:00:00,0.6829670960185505,5.5053315359323625,0.027489680352969614,-154.1
2019-12-26 03:00:00,0.7103018385669788,5.541263545158426,0.010184804232922673,-166.9
2019-12-26 04:00:00,0.584101725379671,5.564520407322694,-0.006212182793233545,-342.8
2019-12-26 05:00:00,0.5060691832471109,5.579729825986222,-0.023034055337719295,-899.6
2019-12-26 06:00:00,0.4478457156174649,5.594711379601839,-0.04726380658656204,-1471.9
2019-12-26 07:00:00,0.4248657232078772,5.583496308781699,-0.05402254420982633,-1648.0
2019-12-26 08:00:00,0.4294152342311528,5.564520407322694,-0.031030238067371485,-1765.3
2019-12-26 09:00:00,0.44831526883858075,5.556828061699537,-0.013877251783791955,-1931.4
2019-12-26 10:00:00,0.49184750047745673,5.54907608489522,0.003707477327986375,-1881.9
2019-12-26 11:00:00,0.47532804525323336,5.537334267018537,-0.004764115364872978,-2011.7
2019-12-26 12:00:00,0.54237716061004,5.521460917862246,-0.020764492907487053,-2029.4
2019-12-26 13:00:00,0.5074325407588196,5.5093883366279774,-0.011913776866284032,-2005.9
2019-12-26 14:00:00,0.511113623096497,5.5134287461649825,-0.01274841545755212,-2164.6
2019-12-26 15:00:00,0.4407322902898718,5.5254529391317835,-0.010090531306928163,-2628.3
2019-12-26 16:00:00,0.5133779150061692,5.545177444479562,0.018206027095888366,-3169.6
2019-12-26 17:00:00,0.5278031854720449,5.537334267018537,0.02667483450047925,-3162.0
2019-12-26 18:00:00,0.5233908083062211,5.5254529391317835,0.030256519048446506,-3168.3
2019-12-26 19:00:00,0.522005690869956,5.501258210544727,0.02789943199976186,-2804.4
2019-12-26 20:00:00,0.5225233106231717,5.4680601411351315,0.025935999529912657,-2133.1
2019-12-26 21:00:00,0.521118552488137,5.4510384535657,0.03844852221801265,-2014.7
2019-12-26 22:00:00,0.5333383967470979,5.44673737166631,0.050515642995197396,-1867.9
2019-12-26 23:00:00,0.5951040981938567,5.43372200355424,0.05670067221002828,-1414.7
2019-12-27 00:00:00,0.10650168417347539,5.627621113690637,0.046317723308463954,-545.3
2019-12-27 01:00:00,0.12298517060702308,5.6240175061873385,0.049911873944120444,-140.3
2019-12-27 02:00:00,0.19864605904972654,5.6240175061873385,0.056996558440770784,-12.7
2019-12-27 03:00:00,0.2049322124982167,5.594711379601839,0.06610251435580583,-10.7
2019-12-27 04:00:00,0.02224827518201078,5.517452896464707,0.05660032089270661,-339.8
2019-12-27 05:00:00,-0.05784736024277981,5.442417710521793,0.05290252053826183,-1236.3
2019-12-27 06:00:00,-0.09360752560160623,5.298317366548036,0.02044708009129792,-1643.7
2019-12-27 07:00:00,-0.06765794986233686,5.14166355650266,0.012021438504202564,-1890.2
2019-12-27 08:00:00,-0.045279007412536654,4.969813299576001,0.019084581762213837,-2129.3
2019-12-27 09:00:00,-0.03019912614431597,4.77912349311153,0.04425589381123807,-2369.7
2019-12-27 10:00:00,0.07890537628569483,4.584967478670572,0.05506615546849236,-2278.2
2019-12-27 11:00:00,-0.019635108803835788,4.499809670330265,0.05017493120833727,-2427.9
2019-12-27 12:00:00,0.012934940392770766,4.356708826689592,0.041873278259113356,-2536.2
2019-12-27 13:00:00,-0.010395377159617691,4.248495242049359,0.04479654473654904,-2514.8
2019-12-27 14:00:00,0.020544261907238237,4.219507705176107,0.0640935983296238,-2511.9
2019-12-27 15:00:00,0.06540658883890993,4.290459441148391,0.05418718396530142,-2529.4
2019-12-27 16:00:00,0.10956748070030731,4.343805421853684,0.08073587497639778,-2570.3
2019-12-27 17:00:00,0.19312458547953337,4.532599493153256,0.08001761503892357,-2601.1
2019-12-27 18:00:00,0.12210749558944078,4.812184355372417,0.0884375268691926,-2600.2
2019-12-27 19:00:00,0.04652992118642185,5.081404364984463,0.08742689785356461,-2614.9
2019-12-27 20:00:00,0.0057856966246268016,5.3981627015177525,0.09620028705628858,-2060.9
2019-12-27 21:00:00,-0.016922243502702994,5.652489180268651,0.10913215144462551,-1768.7
2019-12-27 22:00:00,-0.021716332422483386,5.863631175598097,0.09122961856936396,-1657.4
2019-12-27 23:00:00,0.004536614448749532,5.993961427306569,0.10498491528283971,-1564.4
2019-12-28 00:00:00,-0.012726652231461966,6.194405391104672,0.09437286658709976,-730.1
2019-12-28 01:00:00,-0.009070236073668081,6.295266001439646,0.08448536420707864,-400.9
2019-12-28 02:00:00,0.0749007071400718,6.393590753950631,0.08351528629712579,-456.7
2019-12-28 03:00:00,0.15289527520446988,6.461468176353717,0.08288886276665597,-507.0
2019-12-28 04:00:00,0.0038767378991302337,6.499787040655854,0.08033852393360252,-523.3
2019-12-28 05:00:00,-0.022268208685328084,6.548219102762372,0.07944135524654783,-707.0
2019-12-28 06:00:00,-0.04284698402139142,6.595780513961311,0.08569196943592772,-987.7
2019-12-28 07:00:00,-0.04761112755247865,6.616065185132817,0.08436049055386352,-1622.2
2019-12-28 08:00:00,-0.024659222235559497,6.635946555686647,0.0816977677350792,-2447.2
2019-12-28 09:00:00,-0.042052833447644655,6.643789733147672,0.06490555322434677,-2560.2
2019-12-28 10:00:00,0.015985872289686398,6.648984550024776,0.06643271354331404,-2575.1
2019-12-28 11:00:00,-0.05267568046471327,6.639875833826536,0.04581842410385395,-2496.1
2019-12-28 12:00:00,-0.0035532817971866137,6.633318433280377,0.0368790298236501,-2415.6
2019-12-28 13:00:00,-0.058152264227747,6.625392368007956,0.03444578858047098,-2395.6
2019-12-28 14:00:00,-0.06209798093862062,6.625392368007956,0.04058867790316523,-2448.0
2019-12-28 15:00:00,-0.10334337493313761,6.63200177739563,0.031894201091403396,-2588.1
2019-12-28 16:00:00,-0.05441662278164339,6.6293632534374485,0.038981368759896995,-2715.6
2019-12-28 17:00:00,-0.048699459717819416,6.616065185132817,0.039894729577558685,-2692.1
2019-12-28 18:00:00,-0.04929944311079515,6.6052979209482015,0.03745504455963822,-2654.5
2019-12-28 19:00:00,-0.055219511719500236,6.576469569048224,0.03355806405348716,-2553.6
2019-12-28 20:00:00,-0.036695972362215556,6.54965074223381,0.030582352649179967,-2470.1
2019-12-28 21:00:00,-0.011974334508030093,6.520621127558696,0.03132036759105894,-2375.1
2019-12-28 22:00:00,-0.015106501390216298,6.511745329644728,0.02912252758137779,-2044.9
2019-12-28 23:00:00,-0.02394381247114774,6.504288173536645,0.02217306457496715,-692.3
2019-12-29 00:00:00,0.029742091843591556,6.795705775173514,0.01732877592879678,-667.3
2019-12-29 01:00:00,0.013614512679005486,6.815639990074331,0.01545684807693437,-499.8
2019-12-29 02:00:00,0.10801302510020783,6.8308742346461795,0.008631174229554617,-521.8
2019-12-29 03:00:00,0.025179842742019343,6.84587987526405,0.0085887692444917,-549.3
2019-12-29 04:00:00,-0.1989840937468661,6.859614903654202,0.0024450800889130875,-561.7
2019-12-29 05:00:00,-0.20731455505016871,6.8679744089702925,0.00201027477336968,-557.3
2019-12-29 06:00:00,-0.16037149068176726,6.871091294610546,0.012644372758789935,-724.1
2019-12-29 07:00:00,-0.1496259626401435,6.863803391452954,0.016502969376915644,-734.9
2019-12-29 08:00:00,-0.15805229229477025,6.854354502255021,0.004173590912226466,-771.8
2019-12-29 09:00:00,-0.12286467768272935,6.842683282238422,-0.005477939545342814,-833.1
2019-12-29 10:00:00,-0.11148220313985924,6.823286122355687,0.001751003695678932,-870.4
2019-12-29 11:00:00,-0.11364930215902858,6.792344427470809,-0.002853959305066489,-884.6
2019-12-29 12:00:00,-0.06312370160212755,6.752270376141742,-0.00630304659131653,-1102.7
2019-12-29 13:00:00,-0.10077948257837344,6.70808408385307,-0.021460919219646435,-759.1
2019-12-29 14:00:00,-0.08786241957960295,6.674561391814426,-0.006344606749272508,-715.4
2019-12-29 15:00:00,-0.01654445886407263,6.628041376179533,-0.01604638725647245,-1435.6
2019-12-29 16:00:00,-0.00426139181630969,6.582025138892826,-0.011146100139834303,-1879.4
2019-12-29 17:00:00,-0.07862806762845098,6.579251212010101,-0.011827772419318094,-1991.3
2019-12-29 18:00:00,-0.1304049084865615,6.595780513961311,-0.010953047583329933,-1789.6
2019-12-29 19:00:00,-0.14052724702605257,6.660575149839686,-0.0041469185794431596,-1449.5
2019-12-29 20:00:00,-0.18646900797428545,6.734591659972948,-0.01632394820179428,-1138.5
2019-12-29 21:00:00,-0.1983597799358474,6.778784897685177,-0.018907189641261368,-839.8
2019-12-29 22:00:00,-0.32627413922948545,6.803505257608338,-0.01939075547920499,-847.9
2019-12-29 23:00:00,-0.3980301101818182,6.81783057145415,-0.023526350463058954,-793.7
2019-12-30 00:00:00,-0.9160644435247925,6.836259277277067,-0.08287184238567669,-847.7
2019-12-30 01:00:00,-0.792569715270703,6.848005274576363,-0.08685452820568873,-252.2
2019-12-30 02:00:00,-0.9160644435247925,6.81783057145415,-0.08333594681530787,-190.7
2019-12-30 03:00:00,-0.9160644435247925,6.786716950605081,-0.0694174900941027,-114.6
2019-12-30 04:00:00,-0.9160644435247925,6.767343125265392,-0.0808884245942112,-158.1
2019-12-30 05:00:00,-0.7878661656070731,6.762729506931879,-0.09493197429576128,-196.8
2019-12-30 06:00:00,-0.3897203320445506,6.782192056006791,-0.13534854667108842,-400.2
2019-12-30 07:00:00,-0.2917819090823732,6.803505257608338,-0.13680865814377707,-701.8
2019-12-30 08:00:00,-0.24880467272171636,6.81783057145415,-0.12959374805741408,-1684.4
2019-12-30 09:00:00,-0.25668567722091984,6.826545223556594,-0.09130130469052311,-1599.2
2019-12-30 10:00:00,-0.402609998107863,6.806829360392176,-0.0909902717192379,-578.1
2019-12-30 11:00:00,-0.3311708948197678,6.762729506931879,-0.08348232077256235,-613.7
2019-12-30 12:00:00,-0.27781713123467666,6.70073110954781,-0.08675037085263249,-683.4
2019-12-30 13:00:00,-0.304930571261429,6.625392368007956,-0.07408855524320579,-673.1
2019-12-30 14:00:00,-0.29583674222345824,6.54534966033442,-0.07760305218388375,-1178.5
2019-12-30 15:00:00,-0.24811163063611774,6.391917113392602,-0.07912409281802102,-1681.3
2019-12-30 16:00:00,-0.23205451960502232,6.2166061010848646,-0.06437382919766677,-1937.6
2019-12-30 17:00:00,-0.1995545210613212,6.135564891081739,-0.06721191983644648,-1900.3
2019-12-30 18:00:00,-0.19544672264956775,6.049733455231958,-0.06286425774364357,-1849.8
2019-12-30 19:00:00,-0.238393959922504,5.981414211254481,-0.05799816217679954,-1021.7
2019-12-30 20:00:00,-0.24521226568844456,6.0014148779611505,-0.04803611173114675,-667.1
2019-12-30 21:00:00,-0.26030759645898804,6.052089168924417,-0.04730466081316376,-332.3
2019-12-30 22:00:00,-0.25273677623248414,6.054439346269371,-0.06600268220238359,-333.1
2019-12-30 23:00:00,-0.32299931586081865,5.993961427306569,-0.05303250924848868,-250.1
2019-12-31 00:00:00,-0.27568857200435826,6.19644412779452,-0.07819009313744907,87.0
