timestamp,price_ds,wind_log,consump_log_ds,net_exchange
2022-01-01 00:00:00,0.8729072766993529,7.1631723908466425,0.028142152461015257,-3711.5
2022-01-01 01:00:00,0.817088643320198,7.195937226475569,0.023920449518942455,-3350.9
2022-01-01 02:00:00,0.8741177277198147,7.213031659834869,0.008417806283837592,-3468.0
2022-01-01 03:00:00,0.9896643810170027,7.241366283322318,0.0070431079940656005,-3622.4
2022-01-01 04:00:00,0.8924781943986599,7.257002707092073,-0.001158845764820171,-3117.0
2022-01-01 05:00:00,0.9402711730056579,7.244941546337007,0.007099715433741771,-3449.0
2022-01-01 06:00:00,1.0012844033504802,7.233455418621439,0.011381603660267636,-3538.9
2022-01-01 07:00:00,1.013651012608932,7.186144304522325,0.007011723553845606,-3856.6
2022-01-01 08:00:00,1.0481318355461227,7.130098510125578,-0.006025085571878641,-4485.2
2022-01-01 09:00:00,1.035679612672865,7.064759027791802,-0.006623105017665942,-4435.6
2022-01-01 10:00:00,1.0069245005564453,6.959398512133975,-0.004199841002941795,-4353.9
2022-01-01 11:00:00,1.0612658182477093,6.82001636467413,0.03692019234665889,-4195.3
2022-01-01 12:00:00,1.0858006462597882,6.641182169740591,0.05019197855840485,-3993.6
2022-01-01 13:00:00,1.0532074564226135,6.466144724237619,0.04560747708959667,-3895.3
2022-01-01 14:00:00,1.094242738845813,6.311734809152915,0.07412523316166109,-3902.8
2022-01-01 15:00:00,1.0512513258028875,6.206575926724928,0.0907780031484835,-3951.4
2022-01-01 16:00:00,1.0238963080598862,6.2422232654551655,0.09051711872513568,-4057.5
2022-01-01 17:00:00,0.9557474120240639,6.470799503782602,0.07472906003676894,-4147.7
2022-01-01 18:00:00,0.9288090054358276,6.795705775173514,0.0765398820042753,-4325.4
2022-01-01 19:00:00,0.8409341803448336,7.069023426578259,0.07528531396670868,-4497.5
2022-01-01 20:00:00,0.8951697226364006,7.301147805856032,0.06742782742164,-4663.8
2022-01-01 21:00:00,0.8537084461523228,7.52456122628536,0.05500812983337777,-4836.2
2022-01-01 22:00:00,0.8409596439826021,7.683403681053826,0.037829989036757716,-4952.3
2022-01-01 23:00:00,0.8727610376076838,7.796880342783522,0.025288529741653853,-5050.4
2022-01-02 00:00:00,0.41428463186028264,7.97728198675515,-0.10902588392129076,-4617.8
2022-01-02 01:00:00,0.4454533960293081,8.028781162487148,-0.12987957879371592,-4453.2
2022-01-02 02:00:00,0.4110961624528935,8.042056410058754,-0.1523013571641707,-4356.2
2022-01-02 03:00:00,0.35875197562539096,8.040768994367578,-0.15777808862666642,-4180.9
2022-01-02 04:00:00,0.26107661037039387,7.982757702011113,-0.15429257058733903,-3638.0
2022-01-02 05:00:00,0.43113449596162967,7.876638460975463,-0.15169579842689807,-3507.5
2022-01-02 06:00:00,0.6155145642053221,7.759187438507795,-0.133737185313076,-3699.3
2022-01-02 07:00:00,0.7316769277606245,7.595889917718538,-0.11566949123392867,-3531.5
2022-01-02 08:00:00,0.8387253224964306,7.403670290012373,-0.07675129480443488,-3760.3
2022-01-02 09:00:00,0.8061362477243974,7.201916317531627,-0.05850894234166848,-4059.0
2022-01-02 10:00:00,0.8181767777103754,6.996681488176539,-0.04369293441693589,-3941.5
2022-01-02 11:00:00,0.6945696336840608,6.803505257608338,-0.01852401741245746,-3890.6
2022-01-02 12:00:00,0.9109707920544103,6.621405651764134,-0.008896037758294284,-3875.7
2022-01-02 13:00:00,0.8032435891978307,6.490723534502507,-0.021540434161851252,-3424.1
2022-01-02 14:00:00,0.8353926411895629,6.480044561926653,-0.014768913960056196,-3812.5
2022-01-02 15:00:00,0.8087710827534869,6.504288173536645,-0.001375069461801104,-4066.4
2022-01-02 16:00:00,0.7237563304388215,6.565264970035361,0.0012388181693347988,-4110.9
2022-01-02 17:00:00,0.6013769370411604,6.61472560020376,-0.02516734442651014,-4168.4
2022-01-02 18:00:00,0.590017325364907,6.651571873589727,-0.013388833696989622,-4187.2
2022-01-02 19:00:00,0.531007451407671,6.698268054115413,-0.033917391302740185,-4216.8
2022-01-02 20:00:00,0.5523913298468397,6.754604099487962,-0.03473922978883781,-4224.3
2022-01-02 21:00:00,0.4689968017722346,6.812345094177479,-0.02949921768993491,-3647.4
2022-01-02 22:00:00,0.522834940106621,6.834108738813838,-0.04199014948810742,-3569.6
2022-01-02 23:00:00,0.22316629693869539,6.802394763324311,-0.059345383469363355,-2942.3
2022-01-03 00:00:00,-0.17613054885612778,6.311734809152915,-0.04322679790278361,-1315.7
2022-01-03 01:00:00,-0.19097380758662963,6.326149473155099,-0.05548741237199373,-1179.5
2022-01-03 02:00:00,-0.2289250426604279,6.251903883165888,-0.06116638049563239,-1144.6
2022-01-03 03:00:00,-0.24551534248637497,6.182084906716632,-0.06404699963611815,-1155.6
2022-01-03 04:00:00,-0.24811218602050022,6.175867270105761,-0.059601163672554414,-1298.6
2022-01-03 05:00:00,0.017546604768037266,6.251903883165888,-0.06231875327811576,-1978.5
2022-01-03 06:00:00,0.26006942235241226,6.421622267806518,-0.053310024843491455,-3659.5
2022-01-03 07:00:00,0.4053213393310755,6.597145701886651,-0.036640749912451476,-4460.2
2022-01-03 08:00:00,0.38915403205966514,6.727431724850855,-0.0075346325057452646,-4518.0
2022-01-03 09:00:00,0.3984866341176341,6.776506992372183,0.0011674567097834654,-4649.6
2022-01-03 10:00:00,0.36381961051698397,6.790097235513905,0.008009237775591593,-4682.8
2022-01-03 11:00:00,0.3880210939338733,6.840546529288687,0.0032803583774230205,-4710.4
2022-01-03 12:00:00,0.411727783471187,6.921658184151129,0.0029625379537776553,-4597.5
2022-01-03 13:00:00,0.4189916562667255,7.009408932708637,0.011849226398647161,-4640.1
2022-01-03 14:00:00,0.42691213206528067,7.138866999945524,0.002225950318184289,-4673.1
2022-01-03 15:00:00,0.4076487730931073,7.259819610363186,0.0001508155334617456,-4747.7
2022-01-03 16:00:00,0.43560734299474824,7.336285660021297,0.005279587358091753,-4863.6
2022-01-03 17:00:00,0.4311636320106049,7.402451520818244,-0.0030502280809647786,-5022.3
2022-01-03 18:00:00,0.4899777285080358,7.469654172932128,-0.020544577350751325,-5274.7
2022-01-03 19:00:00,0.4756416606108629,7.553286605600419,-0.04548807191090276,-5456.5
2022-01-03 20:00:00,0.48843823100371786,7.646831391430482,-0.0637639674789785,-5551.8
2022-01-03 21:00:00,0.47803332453701186,7.745002803515839,-0.08071281372887107,-5563.7
2022-01-03 22:00:00,0.46214189535226335,7.822444729489319,-0.09440091429928366,-5455.0
2022-01-03 23:00:00,0.41405485201085623,7.8674885686991285,-0.10860285739814035,-5262.6
2022-01-04 00:00:00,0.545650977489804,7.706612913964197,-0.07384899480970564,-4626.1
2022-01-04 01:00:00,0.5243764526042738,7.75833346749091,-0.06711381673301897,-4416.8
2022-01-04 02:00:00,0.4783196824961333,7.783224016336037,-0.07084500761033574,-4443.9
2022-01-04 03:00:00,0.5241035935353211,7.802209316247118,-0.07782716978360238,-4654.3
2022-01-04 04:00:00,0.5698386679582619,7.831220214604293,-0.07382963539599707,-4940.2
2022-01-04 05:00:00,0.5201577557834982,7.845024417241484,-0.07277041232771886,-5219.2
2022-01-04 06:00:00,0.4246064877638749,7.8328075165248645,-0.05995227770489908,-4905.6
2022-01-04 07:00:00,0.24304763591324008,7.794823152179389,-0.035565645331539386,-4934.7
2022-01-04 08:00:00,0.1780695961758556,7.7458682297922685,-0.00048465596692803814,-4955.6
2022-01-04 09:00:00,0.22181476087340712,7.693937325509272,0.017107768870803675,-4915.4
2022-01-04 10:00:00,0.25579982939196677,7.6255950721324535,0.02507214211437514,-4824.7
2022-01-04 11:00:00,0.23555938783678299,7.53689712956617,0.03268965405438262,-4797.8
2022-01-04 12:00:00,0.25318367405103226,7.44600149832412,0.010142131663772425,-4779.5
2022-01-04 13:00:00,0.28542475724964866,7.367708572374371,0.024252000284912256,-4863.5
2022-01-04 14:00:00,0.2825646166575906,7.309212365692763,0.0242401600140445,-4842.4
2022-01-04 15:00:00,0.3133732783942289,7.25063551189868,0.03616559635311578,-4762.6
2022-01-04 16:00:00,0.37418416929984355,7.180069874302796,0.048195588436029446,-4741.0
2022-01-04 17:00:00,0.37933261753551273,7.098375638590786,0.040462637812837876,-4753.8
2022-01-04 18:00:00,0.441211781370519,7.022868086082641,0.029491389916227462,-4705.9
2022-01-04 19:00:00,0.4229013727396307,6.977281341630747,0.00699415793759961,-4721.3
2022-01-04 20:00:00,0.4637913659928685,6.948897222313312,0.006264651489251705,-4705.4
2022-01-04 21:00:00,0.506369109523142,6.927557906278317,-0.010588890818164387,-4685.5
2022-01-04 22:00:00,0.546700741457053,6.902742737158593,-0.016705549306966105,-4648.0
2022-01-04 23:00:00,0.6809952348967201,6.874198495453294,-0.02949955148592842,-4613.2
2022-01-05 00:00:00,0.8240474859865428,6.434546518787453,0.21245949592182622,-4478.9
2022-01-05 01:00:00,0.8337786039657185,6.455198563340122,0.2229968448134798,-4501.2
2022-01-05 02:00:00,0.7799506207526705,6.513230110912307,0.21646094120771764,-4520.5
2022-01-05 03:00:00,0.7512212060092178,6.621405651764134,0.21556326472596687,-4443.8
2022-01-05 04:00:00,0.7516854168456262,6.727431724850855,0.22451584579435568,-4598.4
2022-01-05 05:00:00,0.638303281885483,6.818924065275521,0.2240531636879295,-4675.3
2022-01-05 06:00:00,0.7335132385010965,6.922643891475888,0.2313506464896795,-4929.7
2022-01-05 07:00:00,0.7478634961573798,7.028201432058005,0.23412057317516144,-5014.8
2022-01-05 08:00:00,0.6648363256813985,7.108244139731541,0.2285218794402848,-5041.3
2022-01-05 09:00:00,0.52672804916463,7.180069874302796,0.23228000281917893,-5066.2
2022-01-05 10:00:00,0.4573007140691141,7.234898420314831,0.28903886369473675,-5077.5
2022-01-05 11:00:00,0.3877042789824712,7.300472814267799,0.28257387960115565,-5047.2
2022-01-05 12:00:00,0.3510942109099813,7.371489295214277,0.2628315764174154,-5087.7
2022-01-05 13:00:00,0.41847477174445524,7.474204806496124,0.2864014176525771,-5147.0
2022-01-05 14:00:00,0.4448724490701248,7.5883236773352225,0.26962060274564514,-5204.3
2022-01-05 15:00:00,0.4580609360490935,7.693481640835175,0.2672992851604352,-5304.9
2022-01-05 16:00:00,0.47918426544804005,7.767263996757308,0.26933077692711827,-5391.7
2022-01-05 17:00:00,0.48390760048781356,7.821643126239982,0.2620615470221832,-5373.2
2022-01-05 18:00:00,0.5233459094756636,7.860570785538664,0.2629792532556987,-5253.5
2022-01-05 19:00:00,0.5066419145138874,7.886457270977689,0.2577121552541577,-5251.0
2022-01-05 20:00:00,0.5265436279846156,7.89655270164304,0.2570715432583697,-5198.6
2022-01-05 21:00:00,0.491941818719019,7.908387159290043,0.2526367284804918,-5171.7
2022-01-05 22:00:00,0.5375387524596915,7.922261058353247,0.24884224260057586,-4908.6
2022-01-05 23:00:00,0.5817277380244179,7.935229539816907,0.24542857063530477,-4835.3
2022-01-06 00:00:00,0.846128772752107,7.652545692693921,0.11733842470225664,-4936.0
2022-01-06 01:00:00,0.9048862781675675,7.68017564043659,0.10430195981618873,-4999.5
2022-01-06 02:00:00,0.882788370036637,7.705262474866325,0.08601689243801491,-4998.7
2022-01-06 03:00:00,0.8805052770859323,7.716460800176355,0.06486238813116874,-5064.4
2022-01-06 04:00:00,0.898758467167859,7.724888439323074,0.06872808811233266,-5063.3
2022-01-06 05:00:00,0.8747616756176204,7.7279755421055585,0.05424023182731652,-5019.0
2022-01-06 06:00:00,0.7044007427968078,7.7284157798410416,0.030975613165487914,-4953.4
2022-01-06 07:00:00,0.604627875872608,7.725330037917135,0.017889556526628603,-5037.4
2022-01-06 08:00:00,0.5856736670012279,7.7306140660637395,0.06066119641160839,-5140.9
2022-01-06 09:00:00,0.6144697877860152,7.7354333524996886,0.107227568394614,-5237.5
2022-01-06 10:00:00,0.6191535977966542,7.738488122494646,0.1280514592902806,-5253.4
2022-01-06 11:00:00,0.6826765748953902,7.731930721948486,0.14212695587640667,-5261.7
2022-01-06 12:00:00,0.6518996379970088,7.719573989259581,0.1318436967818517,-5269.3
2022-01-06 13:00:00,0.6490898470371804,7.713784616598755,0.12585873137016534,-5333.2
2022-01-06 14:00:00,0.6784068701979966,7.720461694599722,0.12218497938948225,-5358.2
2022-01-06 15:00:00,0.7077424128341483,7.725330037917135,0.1320925079333266,-5438.5
2022-01-06 16:00:00,0.7783162810147437,7.720017940432244,0.1619216487518651,-5417.2
2022-01-06 17:00:00,0.7683485787260822,7.703459047867175,0.1352092308082824,-5383.4
2022-01-06 18:00:00,0.8059285465914212,7.682482446534506,0.1364785099233874,-5302.4
2022-01-06 19:00:00,0.7895493341175999,7.653494909661253,0.131057965229326,-5244.0
2022-01-06 20:00:00,0.8304377400680059,7.602900462204755,0.13067792894804597,-5239.4
2022-01-06 21:00:00,0.8327016856922493,7.543273346705446,0.1175464020724073,-5104.2
2022-01-06 22:00:00,0.8819236582273597,7.476472381163905,0.0951185659664695,-5042.7
2022-01-06 23:00:00,0.9338438941492955,7.388327859577107,0.0848970545471941,-4850.6
2022-01-07 00:00:00,0.7933251063028655,7.366445148327599,0.22894491990712584,-4083.2
2022-01-07 01:00:00,0.8573129919055855,7.226209010100671,0.23306279048309175,-3873.9
2022-01-07 02:00:00,0.843600628504324,7.081708586105575,0.23891407055090408,-3771.1
2022-01-07 03:00:00,0.8477296270577823,6.93828448401696,0.2411105527618389,-3748.3
2022-01-07 04:00:00,0.8202605479468326,6.795705775173514,0.2392414884598475,-3732.9
2022-01-07 05:00:00,0.7661150830366648,6.659293919683638,0.22984367763589475,-3699.5
2022-01-07 06:00:00,0.6337417964051215,6.492239835020471,0.20264196959380154,-3754.8
2022-01-07 07:00:00,0.5956477941400693,6.35088571671474,0.1796136696706716,-3724.3
2022-01-07 08:00:00,0.59696923138157,6.26530121273771,0.17166161853936668,-3722.6
2022-01-07 09:00:00,0.6760954207588439,6.208590026096629,0.16462205749793135,-3748.1
2022-01-07 10:00:00,0.7354613430956505,6.091309882077698,0.15488634421860148,-3774.8
2022-01-07 11:00:00,0.633738594210639,5.929589143389895,0.1494410219816391,-3770.0
2022-01-07 12:00:00,0.6992927542069625,5.805134968916488,0.16502816996475111,-3764.3
2022-01-07 13:00:00,0.6877745736992704,5.739792912179234,0.16424523135263946,-3795.2
2022-01-07 14:00:00,0.733290194351679,5.7899601708972535,0.17107746698211912,-3861.4
2022-01-07 15:00:00,0.7617268932049344,5.8998973535824915,0.16311795491620096,-3919.2
2022-01-07 16:00:00,0.8224364336752297,6.042632833682381,0.16990268757581273,-3984.0
2022-01-07 17:00:00,0.8305679440182958,6.1675164908883415,0.14755538365854637,-4045.4
2022-01-07 18:00:00,0.82415882573458,6.278521424165844,0.1572161369621723,-4072.1
2022-01-07 19:00:00,0.831018171224807,6.349138991379798,0.1657025058055357,-4089.2
2022-01-07 20:00:00,0.9024850251716483,6.440946540632921,0.1784193396058411,-4216.3
2022-01-07 21:00:00,0.9009610653742977,6.54965074223381,0.19016246791463587,-4350.4
2022-01-07 22:00:00,0.9771968967060651,6.628041376179533,0.19225414709859745,-4334.3
2022-01-07 23:00:00,1.0391814969486504,6.673297967767654,0.2040098234834593,-4376.6
2022-01-08 00:00:00,0.8859528389517588,6.709304340258298,0.09906898199984493,-4367.7
2022-01-08 01:00:00,0.9254178219094502,6.779921907472252,0.09501710159363164,-4357.0
2022-01-08 02:00:00,0.9584257164751189,6.853299093186078,0.10158717810800066,-4315.6
2022-01-08 03:00:00,1.0196702062567056,6.937314081223682,0.10347169313377336,-4328.3
2022-01-08 04:00:00,1.0756800037616578,7.003065458786462,0.10155829330045218,-4353.6
2022-01-08 05:00:00,1.0760169261206607,7.024649030453636,0.09983519600593826,-4329.4
2022-01-08 06:00:00,1.1045974990764904,7.037905963447182,0.10291988313484524,-4391.3
2022-01-08 07:00:00,1.054707381732305,7.0431599159883405,0.1001754696572128,-4386.5
2022-01-08 08:00:00,0.9741757418492445,7.05617528410041,0.10577141264028533,-4320.3
2022-01-08 09:00:00,0.9572367045020642,7.077498053569231,0.10750235488485504,-4320.7
2022-01-08 10:00:00,0.9308041461883376,7.088408778675395,0.10518607881781428,-4305.7
2022-01-08 11:00:00,1.0005694261646632,7.106606137727303,0.12929167832074295,-4325.5
2022-01-08 12:00:00,1.0337725511646632,7.1276936993473985,0.13074760041377242,-4367.8
2022-01-08 13:00:00,0.9997229573720103,7.1276936993473985,0.11524404094349716,-4401.0
2022-01-08 14:00:00,1.0379587280117466,7.113142108707088,0.11728026575463435,-4428.7
2022-01-08 15:00:00,0.9892800213378137,7.069874128458572,0.11556606737994368,-4494.5
2022-01-08 16:00:00,0.9570653902917101,7.00669522683704,0.11898071606960858,-4452.9
2022-01-08 17:00:00,0.88510794672928,6.930494765951626,0.09979988971617537,-4432.0
2022-01-08 18:00:00,0.8846070053059525,6.840546529288687,0.1088055774390364,-4422.4
2022-01-08 19:00:00,0.8070045721606474,6.76849321164863,0.10838370969086242,-4399.7
2022-01-08 20:00:00,0.8598277736974991,6.71295620067707,0.11399848442524885,-4425.2
2022-01-08 21:00:00,0.8422465971171156,6.664409020350408,0.12286992002473696,-4366.4
2022-01-08 22:00:00,0.846238267640945,6.620073206530356,0.12423221197583523,-4338.1
2022-01-08 23:00:00,0.893087763445148,6.569481420414296,0.13067661458323165,-4362.3
2022-01-09 00:00:00,0.7961157737669349,6.415096959171596,0.039474124397153254,-4477.1
2022-01-09 01:00:00,0.830984289236655,6.375024819828097,0.02834442642117807,-4532.4
2022-01-09 02:00:00,0.8126211912438395,6.333279628139691,0.02499429028633049,-4447.3
2022-01-09 03:00:00,0.7694534192478804,6.324358962381311,0.0251609427160826,-4442.0
2022-01-09 04:00:00,0.7455874534619458,6.343880434126331,0.03263375259336421,-4351.0
2022-01-09 05:00:00,0.8111348317288369,6.342121418721152,0.042567097393643394,-4411.5
2022-01-09 06:00:00,1.0137607439015093,6.289715570908998,0.061890902791977176,-4512.7
2022-01-09 07:00:00,0.9670939059391359,6.240275845170769,0.0756531934692024,-4394.5
2022-01-09 08:00:00,0.947411024592181,6.192362489474872,0.08413644171937573,-4230.8
2022-01-09 09:00:00,0.9412707886919809,6.142037405587356,0.07746797587852328,-4173.7
2022-01-09 10:00:00,0.9463898484875082,6.0473721790462776,0.07327874216856856,-4163.5
2022-01-09 11:00:00,0.805118203593318,5.872117789475416,0.08578431966056588,-4166.4
2022-01-09 12:00:00,0.9688942567341923,5.723585101952381,0.09632037529823112,-4305.5
2022-01-09 13:00:00,0.9380738321405659,5.638354669333745,0.07897583115367279,-4274.3
2022-01-09 14:00:00,0.9227623769001032,5.598421958998375,0.07993903758156229,-4225.6
2022-01-09 15:00:00,0.8590200102757932,5.537334267018537,0.07978589384965318,-4199.3
2022-01-09 16:00:00,0.7729555398490242,5.4638318050256105,0.08111230106119116,-4158.7
2022-01-09 17:00:00,0.6628870632101527,5.41610040220442,0.058460930123320765,-4140.2
2022-01-09 18:00:00,0.6566601081132339,5.351858133476067,0.05383098768007599,-4114.8
2022-01-09 19:00:00,0.6140229304122733,5.298317366548036,0.037463306433249244,-4115.9
2022-01-09 20:00:00,0.6436634309018845,5.25227342804663,0.04641664387931588,-4120.6
2022-01-09 21:00:00,0.6684420646447813,5.25227342804663,0.05253662540148252,-4074.7
2022-01-09 22:00:00,0.7211163729397234,5.272999558563747,0.0556015736285298,-4104.5
2022-01-09 23:00:00,0.7319910625268,5.272999558563747,0.05502206674524768,-4113.1
2022-01-10 00:00:00,0.7257840588489763,5.564520407322694,0.09110899213741508,-4279.9
2022-01-10 01:00:00,0.7510617197003429,5.733341276897746,0.08805121172877417,-4302.7
2022-01-10 02:00:00,0.704700901215273,5.87493073085203,0.09187749235643494,-4372.9
2022-01-10 03:00:00,0.6779608311905898,6.056784013228625,0.09490400418372502,-4447.9
2022-01-10 04:00:00,0.6542112090787908,6.212606095751519,0.1048660292404815,-4465.3
2022-01-10 05:00:00,0.5760712851211247,6.423246963533519,0.10165366484764249,-4506.1
2022-01-10 06:00:00,0.6125225507097154,6.594413459749778,0.1119552485368045,-4377.9
2022-01-10 07:00:00,0.5662436719179107,6.742880635791903,0.11475165334156667,-4433.9
2022-01-10 08:00:00,0.6117833123417125,6.894670039433482,0.10537308878746376,-4508.2
2022-01-10 09:00:00,0.5457785764950511,7.05444965813294,0.09742219122682094,-4668.2
2022-01-10 10:00:00,0.47336867633274604,7.1770187659099,0.09402887349418876,-4763.9
2022-01-10 11:00:00,0.48443336149281535,7.266128779556451,0.08872203704099402,-4775.1
2022-01-10 12:00:00,0.4824528024662569,7.319202458767849,0.09567624223590254,-4818.4
2022-01-10 13:00:00,0.473069322328445,7.359467638255621,0.1063229360580058,-4930.5
2022-01-10 14:00:00,0.47771608949463173,7.409136443920128,0.10529599126303069,-4911.1
2022-01-10 15:00:00,0.45452469471782164,7.494430215031565,0.10054369200047386,-4936.6
2022-01-10 16:00:00,0.46919035102217377,7.589335823170617,0.09923636424536841,-4926.2
2022-01-10 17:00:00,0.45138284424659014,7.666221925662725,0.09542789189809575,-4859.1
2022-01-10 18:00:00,0.49727474827289475,7.731492029245684,0.09103857569504026,-4781.9
2022-01-10 19:00:00,0.47012849991203476,7.79770203551669,0.09047506724188459,-4789.1
2022-01-10 20:00:00,0.4849485873315662,7.873217054862741,0.10186062655408712,-4917.2
2022-01-10 21:00:00,0.4676798672086524,7.931644021454311,0.10509518596907874,-4932.4
2022-01-10 22:00:00,0.5045610730125101,7.98139158158007,0.10733872835177216,-4950.2
2022-01-10 23:00:00,0.552302428490592,8.017966703493599,0.10079552278528414,-4958.6
2022-01-11 00:00:00,0.42023431697834956,7.978310969867722,0.1022534089593341,-4932.1
2022-01-11 01:00:00,0.4715122347413434,8.010359588919783,0.09985503097135062,-4841.1
2022-01-11 02:00:00,0.42614314587295254,8.030409562130485,0.0927318578974683,-4842.4
2022-01-11 03:00:00,0.41991542693552475,8.047509510981422,0.08346469725890948,-4877.3
2022-01-11 04:00:00,0.3943137251632254,8.055475141757274,0.08594430198562364,-4924.3
2022-01-11 05:00:00,0.3232165768633126,8.050065422915965,0.08623265281840364,-4890.2
2022-01-11 06:00:00,0.2848096610593349,8.037866234709618,0.07914817961223797,-4869.5
2022-01-11 07:00:00,0.08526153271048997,8.023879992734878,0.07639326203885588,-5040.5
2022-01-11 08:00:00,-0.00778068413855193,7.999342952713282,0.07433527112638938,-5213.9
2022-01-11 09:00:00,0.010845411646152936,7.975908360165538,0.06958403673861913,-5227.1
2022-01-11 10:00:00,0.018236802605798186,7.940939762327791,0.05822434943127508,-5166.1
2022-01-11 11:00:00,-0.025827003530637604,7.898039690764619,0.06121773766892069,-5168.0
2022-01-11 12:00:00,-0.0019921017217567893,7.850103545175582,0.04857760724235227,-4977.7
2022-01-11 13:00:00,0.028302382921414626,7.8050670442584895,0.0718224361844575,-4892.4
2022-01-11 14:00:00,0.025637884467850203,7.757051142032013,0.06449265527145975,-4838.8
2022-01-11 15:00:00,0.06305855028655438,7.706612913964197,0.062211772333228055,-4781.0
2022-01-11 16:00:00,0.12080008063993741,7.650168700845001,0.0677177395272599,-4725.7
2022-01-11 17:00:00,0.12790536382363493,7.6093665379542115,0.05697924143197408,-4684.4
2022-01-11 18:00:00,0.14881642446663967,7.586803535162581,0.06778302279208592,-4633.5
2022-01-11 19:00:00,0.11511116323844117,7.614805364711073,0.06996895709898787,-4660.1
2022-01-11 20:00:00,0.13079237136546107,7.6544432264701125,0.085209280689587,-4693.9
2022-01-11 21:00:00,0.2039847507153416,7.693025748417888,0.08599624854524102,-4567.2
2022-01-11 22:00:00,0.2149071978346182,7.742402021815782,0.09200473712251878,-4562.5
2022-01-11 23:00:00,0.2975580903887951,7.793586803371584,0.10290564443569306,-4578.8
2022-01-12 00:00:00,0.07153840793917432,7.865955413933502,0.11940847473528837,-4989.3
2022-01-12 01:00:00,0.12034522811237158,7.907283609426348,0.12295621005797308,-4946.3
2022-01-12 02:00:00,0.0862277901720323,7.949797216161852,0.12045265242897951,-4919.0
2022-01-12 03:00:00,0.048340641228084014,7.9868449011613825,0.11418898373597575,-4887.8
2022-01-12 04:00:00,0.02852234034541512,8.023879992734878,0.11582310446071986,-4932.8
2022-01-12 05:00:00,-0.10540044069353494,8.067149039910106,0.11469213199121953,-4953.9
2022-01-12 06:00:00,-0.1882262616981638,8.11522197256233,0.1051846698637009,-5176.4
2022-01-12 07:00:00,-0.28790088885106613,8.157657015196472,0.10241600729941425,-5165.7
2022-01-12 08:00:00,-0.37336734162039686,8.176672771948455,0.10233491624066104,-5170.4
2022-01-12 09:00:00,-0.42046642955854097,8.202208436436448,0.1000515419750716,-5220.0
2022-01-12 10:00:00,-0.41598223006480595,8.216628493133443,0.08806212385376266,-5282.2
2022-01-12 11:00:00,-0.4898028982153102,8.216628493133443,0.07500519202836475,-5318.1
2022-01-12 12:00:00,-0.4648475809458503,8.21554741194707,0.06905542902755979,-5178.7
2022-01-12 13:00:00,-0.3820668597674426,8.232440158470336,0.09584414753639248,-5195.9
2022-01-12 14:00:00,-0.3631180768289086,8.24564690087386,0.0871726955819474,-5236.0
2022-01-12 15:00:00,-0.3362194221350938,8.255048902752295,0.08069745757189661,-5242.2
2022-01-12 16:00:00,-0.2981629523733367,8.257385655730436,0.08504168383685329,-5191.0
2022-01-12 17:00:00,-0.30395410811656376,8.290041618704489,0.07615553549118115,-5321.6
2022-01-12 18:00:00,-0.2627162401626517,8.2960476427647,0.08236563880690007,-5410.3
2022-01-12 19:00:00,-0.2528883056906386,8.29529885950246,0.08208216891883424,-5450.5
2022-01-12 20:00:00,-0.21271025966951784,8.290794347381356,0.08935167960922641,-5337.3
2022-01-12 21:00:00,-0.2700782681176448,8.289288323000317,0.0929999378184192,-5159.5
2022-01-12 22:00:00,-0.269590748613767,8.299037181613066,0.09738383757551183,-4860.7
2022-01-12 23:00:00,-0.47130374402153263,8.303999970955196,0.10708232383895222,-4537.1
2022-01-13 00:00:00,-0.49628181174995634,8.29853954537488,0.12112301822076166,-4397.1
2022-01-13 01:00:00,-0.5498152457959606,8.30844552038576,0.12593099212906278,-4284.8
2022-01-13 02:00:00,-0.6453904739089698,8.310414994188292,0.12998659878724528,-4233.7
2022-01-13 03:00:00,-0.6458134053661975,8.30325712085294,0.12740801206907992,-4188.7
2022-01-13 04:00:00,-0.605484412049766,8.289037098278483,0.12799415588924568,-4233.3
2022-01-13 05:00:00,-0.48650093090239865,8.266164436612492,0.12241706485258508,-4330.6
2022-01-13 06:00:00,-0.45987065259908055,8.242229891372231,0.10675660760415084,-4879.2
2022-01-13 07:00:00,-0.32161414455721316,8.217708406845306,0.09939053094811445,-5451.7
2022-01-13 08:00:00,-0.20553022677202026,8.19450550976564,0.09983663227255768,-5732.4
2022-01-13 09:00:00,-0.14387436573448786,8.192570471152173,0.09351722423567921,-5736.4
2022-01-13 10:00:00,-0.14353340711920737,8.19836438996762,0.08575777633192683,-5797.1
2022-01-13 11:00:00,-0.12751184244779878,8.202756381655638,0.09752261433326748,-5675.5
2022-01-13 12:00:00,-0.2836734069748865,8.210124405164267,0.09098245344173872,-5436.9
2022-01-13 13:00:00,-0.4163005648373943,8.246958032568177,0.09454097018836549,-5464.4
2022-01-13 14:00:00,-0.44263795168466213,8.283241441385425,0.09163290416787717,-5649.7
2022-01-13 15:00:00,-0.3651679943719577,8.294549515143679,0.07976435272682014,-5696.9
2022-01-13 16:00:00,-0.2486943479340571,8.280964400553373,0.08507237370931975,-5732.1
2022-01-13 17:00:00,-0.22494131664436479,8.262816937670928,0.06934593653769472,-5733.5
2022-01-13 18:00:00,-0.15464880567921302,8.24354550792826,0.0815849202338077,-5595.7
2022-01-13 19:00:00,-0.19471883369731247,8.216358332386156,0.08582247318410197,-5362.2
2022-01-13 20:00:00,-0.22486310967859735,8.202482446576537,0.09225117934376836,-5159.4
2022-01-13 21:00:00,-0.23198344833014506,8.20303024171486,0.0985845190696848,-4959.4
2022-01-13 22:00:00,-0.34666429183441716,8.230577217146454,0.10584574010903314,-4715.4
2022-01-13 23:00:00,-0.5048814921272626,8.268731832117737,0.11682774526259809,-4475.3
2022-01-14 00:00:00,-0.281905891363742,8.285513309079741,0.06000493180900346,-4372.1
2022-01-14 01:00:00,-0.36786679344317363,8.310169021981912,0.0548341730733215,-4230.7
2022-01-14 02:00:00,-0.470465727973695,8.323365694436081,0.060459120797595745,-4086.4
2022-01-14 03:00:00,-0.47634279724664275,8.329416783939319,0.059991641933645035,-4075.8
2022-01-14 04:00:00,-0.39251426919719323,8.33302993974291,0.060076998218659305,-4456.7
2022-01-14 05:00:00,-0.28398127703208464,8.33423142973486,0.0659926037534424,-4707.2
2022-01-14 06:00:00,-0.26505026243861574,8.33375100695358,0.061419639956535654,-4946.0
2022-01-14 07:00:00,-0.2503972472408753,8.33302993974291,0.05400410338245809,-5556.5
2022-01-14 08:00:00,-0.3014761401725745,8.31996102188653,0.0465451434965134,-5927.5
2022-01-14 09:00:00,-0.23675981365802645,8.320448113956559,0.038145809095793126,-5927.3
2022-01-14 10:00:00,-0.16579963188933666,8.31996102188653,0.026199531113634933,-5933.9
2022-01-14 11:00:00,-0.28706274522086606,8.319229938632326,0.02240052435735329,-5944.5
2022-01-14 12:00:00,-0.19484251915959572,8.317766166719343,0.03446641753397284,-5894.4
2022-01-14 13:00:00,-0.20880029501046726,8.31581113188354,0.02629652610166211,-5902.5
2022-01-14 14:00:00,-0.19394311052899482,8.31581113188354,0.029419104659002215,-5901.7
2022-01-14 15:00:00,-0.20388842498072357,8.322880021769905,0.021996003741889147,-5939.8
2022-01-14 16:00:00,-0.15946884945589357,8.326758814511733,0.034849301861586746,-5922.9
2022-01-14 17:00:00,-0.1606523402283262,8.33110454805304,0.012441671841108892,-5931.0
2022-01-14 18:00:00,-0.14869036368715438,8.335431477880796,0.015289002376428051,-5939.7
2022-01-14 19:00:00,-0.13393129286748362,8.338544879988579,0.018769424134402968,-5957.2
2022-01-14 20:00:00,-0.050133612352841084,8.340694647925071,0.02420614219549222,-5916.4
2022-01-14 21:00:00,-0.033994300637743,8.341410211461865,0.03262682557062657,-5946.4
2022-01-14 22:00:00,-0.005142337566802713,8.341886969516187,0.02559260414802811,-5762.6
2022-01-14 23:00:00,0.056221409974914316,8.339500903005945,0.026484438952997458,-5734.0
2022-01-15 00:00:00,-0.1196194184465651,8.328934041955529,-0.01727896256899264,-5658.1
2022-01-15 01:00:00,-0.08599046721233305,8.318742252692399,-0.024868984259530436,-5571.3
2022-01-15 02:00:00,-0.05100028315491345,8.302017809751204,-0.023669777876704323,-5507.7
2022-01-15 03:00:00,0.04814334590729308,8.280964400553373,-0.008112854750696563,-5417.9
2022-01-15 04:00:00,0.1690051975679987,8.247743887225516,0.00671682688647568,-5400.8
2022-01-15 05:00:00,0.1866250302281145,8.192847134592865,0.006563752891461938,-5428.0
2022-01-15 06:00:00,0.19037278200579166,8.112527763478637,0.011042717814306435,-5534.1
2022-01-15 07:00:00,0.18392286243388378,8.002359546252707,0.01027391724534965,-5514.8
2022-01-15 08:00:00,0.11715671536277839,7.8928255262511176,0.011563254733612638,-5638.4
2022-01-15 09:00:00,0.12205627733237723,7.831220214604293,0.010170346907321104,-5788.2
2022-01-15 10:00:00,0.15395172933489576,7.80057265467065,0.006858321386271626,-5875.3
2022-01-15 11:00:00,0.28442820904574795,7.7651449029361315,0.030276961315556683,-5807.2
2022-01-15 12:00:00,0.31802886933223995,7.721791776817535,0.024933467147804755,-5768.1
2022-01-15 13:00:00,0.26610839794052366,7.701200180857446,0.0016530261491558562,-5771.9
2022-01-15 14:00:00,0.252158332186335,7.6953031349635665,0.01564381089743172,-5782.2
2022-01-15 15:00:00,0.17459853827841298,7.701200180857446,0.01579885435862849,-5762.7
2022-01-15 16:00:00,0.0949420299132524,7.734121303328305,0.019824528620393522,-5767.7
2022-01-15 17:00:00,-0.004462394528934599,7.806289289267033,-0.002262298153259401,-5805.2
2022-01-15 18:00:00,-0.012389318900610125,7.914617709040679,0.007363096332647423,-5688.0
2022-01-15 19:00:00,-0.11147112234593859,7.9996785794994505,0.004909224499150433,-5798.4
2022-01-15 20:00:00,-0.0696826228812002,8.055157731819678,0.0024305091723002548,-5858.8
2022-01-15 21:00:00,-0.12582681986292554,8.105005537547246,0.004449738759031874,-5762.6
2022-01-15 22:00:00,-0.14701350536933866,8.141189793457691,0.0072097565701652044,-5824.1
2022-01-15 23:00:00,-0.1164576490512359,8.163371316459912,0.015390459125435463,-5774.6
2022-01-16 00:00:00,-0.18904865665423287,8.176672771948455,-0.02240127932093383,-5437.3
2022-01-16 01:00:00,-0.2037188709507669,8.171599480345463,-0.030788676149485106,-5220.9
2022-01-16 02:00:00,-0.2600721113882769,8.14757773620177,-0.03704521375212089,-5126.5
2022-01-16 03:00:00,-0.3346715625430563,8.119398589612294,-0.03417849707022658,-5027.1
2022-01-16 04:00:00,-0.24764485691173332,8.103796712981794,-0.04096388528033579,-4956.8
2022-01-16 05:00:00,-0.15432542699001317,8.08794755464267,-0.04548767116659036,-5110.0
2022-01-16 06:00:00,0.01392091960696673,8.063377822367027,-0.03088417891440276,-5097.2
2022-01-16 07:00:00,-0.02132620224584114,8.059908334578276,-0.017211940944772408,-5203.9
2022-01-16 08:00:00,-0.15260822878217173,8.09009578318096,-0.014581507502414048,-5136.4
2022-01-16 09:00:00,-0.1609156676819712,8.14060704285845,-0.021047686724096515,-5368.6
2022-01-16 10:00:00,-0.14898922031304318,8.207401833376355,-0.027762112344741574,-5658.9
2022-01-16 11:00:00,-0.33758658771720595,8.258681496264236,-0.019002143168637353,-5835.8
2022-01-16 12:00:00,-0.14786930752271932,8.298290634359283,-0.004582587504574853,-5905.5
2022-01-16 13:00:00,-0.12020829859915239,8.318254328798846,-0.030190175741334535,-6074.7
2022-01-16 14:00:00,-0.1361607693596416,8.3243363327069,-0.02523025520542621,-6121.2
2022-01-16 15:00:00,-0.18919367852628843,8.310414994188292,-0.02065056299012813,-6146.3
2022-01-16 16:00:00,-0.2352726873508164,8.269756947532983,-0.006711753746428961,-6128.4
2022-01-16 17:00:00,-0.32427600799862777,8.20903626577507,-0.018581151573653365,-5990.7
2022-01-16 18:00:00,-0.32129616939476735,8.127995055771946,-0.011618921730531362,-5984.3
2022-01-16 19:00:00,-0.3617306137939713,8.096817470572319,-0.01770812150632839,-5865.7
2022-01-16 20:00:00,-0.40273638532170564,8.075893630298857,-0.013481497701752332,-5553.6
2022-01-16 21:00:00,-0.39039461718322954,8.0040315078527,-0.01519282203869654,-5243.9
2022-01-16 22:00:00,-0.3966647381576225,8.025189321890835,-0.015705472389023534,-4937.6
2022-01-16 23:00:00,-0.6055540099780394,8.13593277200489,-0.017888669791017442,-4939.9
2022-01-17 00:00:00,-0.4751912998755681,8.220133957151859,-0.024624082336034192,-4522.3
2022-01-17 01:00:00,-0.5300846882027384,8.263332667439967,-0.023174423381449927,-4354.8
2022-01-17 02:00:00,-0.6705554272366618,8.277411998949004,-0.017869574742308103,-4371.5
2022-01-17 03:00:00,-0.8326632338119992,8.287025025165063,-0.02187859001802206,-4398.0
2022-01-17 04:00:00,-0.6522359123044632,8.295548516225763,-0.01873583314657168,-4533.1
2022-01-17 05:00:00,-0.47510338601250357,8.291295851905407,-0.028607695935804145,-4944.8
2022-01-17 06:00:00,-0.4305582305456497,8.27563105457801,-0.03173320278441771,-5716.0
2022-01-17 07:00:00,-0.4876601401903433,8.235625719964311,-0.040152606023990955,-6165.6
2022-01-17 08:00:00,-0.5026225565845381,8.204124932574041,-0.04091385457958019,-6380.0
2022-01-17 09:00:00,-0.4817782754997588,8.19946419761216,-0.05352365976633866,-6368.8
2022-01-17 10:00:00,-0.5224894497962178,8.197263371414335,-0.06338896179017706,-6320.4
2022-01-17 11:00:00,-0.5011017825563231,8.185071477532283,-0.06618023996557643,-6303.6
2022-01-17 12:00:00,-0.4866974856813231,8.166500319155052,-0.05929114880370712,-6293.9
2022-01-17 13:00:00,-0.47018441101828845,8.153925132007862,-0.05559205439688508,-6293.7
2022-01-17 14:00:00,-0.45996326764340223,8.166500319155052,-0.06308935607733268,-6365.9
2022-01-17 15:00:00,-0.4741047323486862,8.202482446576537,-0.06054996677856117,-6451.7
2022-01-17 16:00:00,-0.43527748677280176,8.217708406845306,-0.05607408986113338,-6524.5
2022-01-17 17:00:00,-0.4381757951363987,8.224967478914584,-0.05169835688335134,-6625.2
2022-01-17 18:00:00,-0.3701664704897061,8.223358899479258,-0.04678828611195396,-6645.6
2022-01-17 19:00:00,-0.3616967963717239,8.210939733379021,-0.04151192353126376,-6626.6
2022-01-17 20:00:00,-0.32363568274762056,8.190077049719049,-0.033133001300885034,-6665.6
2022-01-17 21:00:00,-0.29575384607946464,8.159374736775426,-0.030345874201451295,-6607.2
2022-01-17 22:00:00,-0.2445779608448948,8.101071503119543,-0.024283355816829832,-6293.9
2022-01-17 23:00:00,-0.15333290668004818,8.00202481821611,-0.016054292920298252,-5991.5
2022-01-18 00:00:00,-0.15848795053410747,7.779466967458324,-0.022145500101916404,-5873.2
2022-01-18 01:00:00,-0.09295270062708871,7.660585461703256,-0.018455569983473197,-5532.5
2022-01-18 02:00:00,-0.11308642792919654,7.568379267836522,-0.02086176316416477,-5241.1
2022-01-18 03:00:00,-0.11434338484536122,7.580699752224563,-0.025169143743886124,-5268.5
2022-01-18 04:00:00,-0.14369586196272044,7.682943169878292,-0.017859793124544332,-5545.6
2022-01-18 05:00:00,-0.2627398673631949,7.798112628829788,-0.016252445658216708,-5777.4
2022-01-18 06:00:00,-0.2802367325592616,7.898782356970309,-0.019891028751953144,-6024.6
2022-01-18 07:00:00,-0.5117244444015028,7.988882253309227,-0.014448721890616412,-6295.0
2022-01-18 08:00:00,-0.6192549679846944,8.043342170441608,-0.01555400768459414,-6502.6
2022-01-18 09:00:00,-0.6171029638301455,8.086410275323782,-0.019048257481061093,-6590.3
2022-01-18 10:00:00,-0.599305025934922,8.12740456269308,-0.03274742877445114,-6564.0
2022-01-18 11:00:00,-0.6332703209823083,8.144388865547622,-0.032492160768930134,-6577.6
2022-01-18 12:00:00,-0.6429758838222761,8.143807976771484,-0.04826556160061912,-6599.3
2022-01-18 13:00:00,-0.6160044565956091,8.146129510025405,-0.03397562049982028,-6593.8
2022-01-18 14:00:00,-0.637671691684226,8.170751423757535,-0.048711037847392724,-6608.8
2022-01-18 15:00:00,-0.6285481935117807,8.209580483475577,-0.04973643879181644,-6693.8
2022-01-18 16:00:00,-0.5927322723415829,8.244071270295786,-0.04533804897852267,-6822.8
2022-01-18 17:00:00,-0.602220819977398,8.255568653283746,-0.05966158964563206,-6834.4
2022-01-18 18:00:00,-0.5422332199283595,8.25088114470065,-0.05616732633011434,-6633.1
2022-01-18 19:00:00,-0.5711339458543252,8.23403420769204,-0.05621191796619307,-6598.0
2022-01-18 20:00:00,-0.527254085893579,8.218247926685745,-0.04974999006541925,-6601.1
2022-01-18 21:00:00,-0.48678493565906455,8.20166019080868,-0.05881334812179961,-6556.6
2022-01-18 22:00:00,-0.4776909846330315,8.201385955238608,-0.06016965747652758,-6333.2
2022-01-18 23:00:00,-0.37535183119025284,8.207129168071326,-0.06514487308059902,-6223.9
2022-01-19 00:00:00,-0.3540756426003435,8.261268150577648,-0.07683939175686039,-6176.3
2022-01-19 01:00:00,-0.30679522748024235,8.256347772918016,-0.0786141705750758,-5917.9
2022-01-19 02:00:00,-0.34411228880343536,8.227375506834035,-0.08444446441875275,-5625.1
2022-01-19 03:00:00,-0.37190451719180073,8.185350223178686,-0.09025615570293244,-5461.2
2022-01-19 04:00:00,-0.37912163363416296,8.160803920954665,-0.08455094312028866,-5465.1
2022-01-19 05:00:00,-0.4816359104867609,8.163656176168432,-0.08266730216727591,-5634.4
2022-01-19 06:00:00,-0.5656166883088991,8.157657015196472,-0.08470212309131675,-6118.6
2022-01-19 07:00:00,-0.6256234186725846,8.15708378502887,-0.08207938191611941,-6259.3
2022-01-19 08:00:00,-0.6431000385684902,8.137688184977605,-0.0840705519282583,-6362.3
2022-01-19 09:00:00,-0.6459011825733465,8.126813720726114,-0.0876415586207937,-6552.1
2022-01-19 10:00:00,-0.6353121020087702,8.125926802707886,-0.10350518602841952,-6583.2
2022-01-19 11:00:00,-0.7121815475635809,8.14060704285845,-0.11587151404146923,-6596.7
2022-01-19 12:00:00,-0.6945342308489959,8.15248607578024,-0.11836837391880639,-6659.3
2022-01-19 13:00:00,-0.6298360520612647,8.165363632473982,-0.09168176816492402,-6697.4
2022-01-19 14:00:00,-0.6099261855608349,8.192847134592865,-0.10581969417252779,-6774.6
2022-01-19 15:00:00,-0.5964446483538355,8.228977643358313,-0.10393934727819332,-6824.0
2022-01-19 16:00:00,-0.5626616893694605,8.250358951477294,-0.09580385792898127,-6870.7
2022-01-19 17:00:00,-0.5508491211561299,8.260234291607297,-0.09876406300710627,-6870.5
2022-01-19 18:00:00,-0.49966072816060514,8.283241441385425,-0.08527468309222197,-6672.4
2022-01-19 19:00:00,-0.5259086234761297,8.293299358711323,-0.07824375245407378,-6527.5
2022-01-19 20:00:00,-0.5522173999858846,8.275376374836407,-0.06940094115140027,-6024.1
2022-01-19 21:00:00,-0.6159512790235637,8.251142139090751,-0.06663800300823741,-5873.7
2022-01-19 22:00:00,-0.561073536208418,8.231908243564177,-0.06284971365600711,-5715.0
2022-01-19 23:00:00,-0.664505408143516,8.227375506834035,-0.05863170071511803,-5484.5
2022-01-20 00:00:00,-0.7131866299739911,8.269244521183056,-0.04071397981092506,-5691.3
2022-01-20 01:00:00,-0.7207856082531805,8.301273485191347,-0.0372777206449415,-5592.4
2022-01-20 02:00:00,-0.7877624545436155,8.325548307161398,-0.033170764441515566,-5580.1
2022-01-20 03:00:00,-0.7775266156716616,8.341886969516187,-0.03444721527384775,-5651.0
2022-01-20 04:00:00,-0.7052834160464458,8.344505083590521,-0.03203867484685663,-5812.1
2022-01-20 05:00:00,-0.6843470726126877,8.340933226000878,-0.03402818073116887,-5992.3
2022-01-20 06:00:00,-0.6134474443187661,8.333270353255308,-0.04371058013007101,-6465.6
2022-01-20 07:00:00,-0.6153752630853764,8.326516830239528,-0.05081938232244987,-6670.6
2022-01-20 08:00:00,-0.6595567550817409,8.31115254800169,-0.05167203809186205,-6677.8
2022-01-20 09:00:00,-0.6120752182165066,8.304247465078474,-0.06082315491871526,-6697.7
2022-01-20 10:00:00,-0.6148375206173009,8.305236829492593,-0.07908819261207967,-6706.7
2022-01-20 11:00:00,-0.5496487940226311,8.316300249036848,-0.06994793455470028,-6738.3
2022-01-20 12:00:00,-0.5957644443055927,8.325306029752582,-0.07900172959237484,-6828.2
2022-01-20 13:00:00,-0.5836680238735781,8.331586243630754,-0.07942772758832906,-6844.2
2022-01-20 14:00:00,-0.5853886756975539,8.334711621820917,-0.08540917290082906,-6839.5
2022-01-20 15:00:00,-0.5616495912563906,8.345692873253865,-0.08894336513778,-6854.9
2022-01-20 16:00:00,-0.4833987216493427,8.353025845202325,-0.08153835027267586,-6869.7
2022-01-20 17:00:00,-0.48141937867948315,8.36380888451688,-0.09301756347479362,-6878.3
2022-01-20 18:00:00,-0.43206836319755393,8.36287583103188,-0.07905866273560758,-6859.0
2022-01-20 19:00:00,-0.43733416790992985,8.363109176033522,-0.07105672129635998,-6904.7
2022-01-20 20:00:00,-0.384903723161905,8.361007108226909,-0.06727960711444503,-6960.8
2022-01-20 21:00:00,-0.37887774701149235,8.355850041007475,-0.06436597196826987,-6996.1
2022-01-20 22:00:00,-0.35670868942800693,8.350666240520924,-0.05770917774019946,-6890.1
2022-01-20 23:00:00,-0.28853566168410305,8.345217926676428,-0.050857304008613546,-6882.0
2022-01-21 00:00:00,-0.2696429639691318,8.336390480591552,-0.059135797158266,-6953.7
2022-01-21 01:00:00,-0.2114758165702213,8.329175442077402,-0.05851373394652892,-6744.5
2022-01-21 02:00:00,-0.2309994850237258,8.31090675716845,-0.04903707226440002,-6638.9
2022-01-21 03:00:00,-0.23196080574138112,8.282230063296685,-0.04590320448762952,-6590.5
2022-01-21 04:00:00,-0.25278080022076344,8.240385115516334,-0.042922241253487314,-6586.9
2022-01-21 05:00:00,-0.31461580851315896,8.19863945529737,-0.041227349081087716,-6812.3
2022-01-21 06:00:00,-0.4287005230265528,8.144679183447758,-0.04581003512399384,-6698.0
2022-01-21 07:00:00,-0.48766283377864017,8.084254106307318,-0.04812109578298518,-6404.6
2022-01-21 08:00:00,-0.44144218500787646,8.017637159908478,-0.05657010938092455,-6724.1
2022-01-21 09:00:00,-0.3630969306485219,7.974532844130228,-0.0594006147520183,-6599.7
2022-01-21 10:00:00,-0.2821879282752966,7.898782356970309,-0.06657660876099403,-6431.9
2022-01-21 11:00:00,-0.3601974812880355,7.774435510302958,-0.07388060786567419,-6233.4
2022-01-21 12:00:00,-0.27761702113431674,7.643961949002529,-0.055785004745853684,-6059.2
2022-01-21 13:00:00,-0.269614739614342,7.566828479208331,-0.05256632232406222,-5890.7
2022-01-21 14:00:00,-0.21637563485591116,7.527255919373784,-0.04031654336065138,-5776.8
2022-01-21 15:00:00,-0.21290968598135507,7.4770384723196965,-0.03652005188921503,-5673.8
2022-01-21 16:00:00,-0.14685606964019549,7.4073177104694174,-0.02068573499847126,-5524.8
2022-01-21 17:00:00,-0.11862559226297176,7.298445101508147,-0.03398104765344456,-5349.1
2022-01-21 18:00:00,-0.03835596203067837,7.153833801578843,-0.020535724141717004,-5170.9
2022-01-21 19:00:00,-0.016046044301520457,6.981934677156389,-0.012428946721458445,-5014.5
2022-01-21 20:00:00,0.11606421623745922,6.78105762593618,-0.0015044938754451564,-4893.2
2022-01-21 21:00:00,0.18775616942029316,6.587550014824796,0.011811594407237003,-4799.0
2022-01-21 22:00:00,0.1696558249254152,6.385194398997726,0.011580231021033782,-4606.7
2022-01-21 23:00:00,0.2521826600881525,6.18826412308259,0.02024491787025262,-4557.1
2022-01-22 00:00:00,-0.049800441997308376,6.452048954437226,0.03453046086227385,-4662.4
2022-01-22 01:00:00,-0.03740209902784564,6.694562058521095,0.027423810461103315,-4784.9
2022-01-22 02:00:00,-0.04096056870673026,6.903747257584598,0.024588612815692912,-4868.0
2022-01-22 03:00:00,-0.0014187210407210493,7.093404625868766,0.030986775925089916,-4922.8
2022-01-22 04:00:00,0.034161060774577034,7.239214973779806,0.033669895041896325,-4959.1
2022-01-22 05:00:00,0.0024059396579687586,7.365812837209472,0.024227598477450485,-4958.6
2022-01-22 06:00:00,0.032036450370200864,7.466799475018602,0.02385708734765757,-4952.1
2022-01-22 07:00:00,-0.024949771752368566,7.513709247839705,0.014125631203204314,-4928.1
2022-01-22 08:00:00,-0.10495478494531385,7.526178913346146,0.008763439558865826,-4912.9
2022-01-22 09:00:00,-0.11493382366037519,7.532088143541722,0.00012460032547956246,-4889.4
2022-01-22 10:00:00,-0.13828356669185693,7.526178913346146,-0.00807746203133064,-4858.4
2022-01-22 11:00:00,-0.07651598856685693,7.539027055823995,0.01399437634757561,-4894.6
2022-01-22 12:00:00,-0.0507563562795168,7.57353126274595,0.007541724435935926,-4972.6
2022-01-22 13:00:00,-0.07991779362896656,7.584773077612199,-0.024394958169821734,-4969.9
2022-01-22 14:00:00,-0.037782352179868806,7.588829878307813,-0.023649434351333376,-5014.7
2022-01-22 15:00:00,-0.07702568894545836,7.6246189861593985,-0.037850373519692226,-5081.4
2022-01-22 16:00:00,-0.12269619880560168,7.687080155783135,-0.03850493497024576,-5091.9
2022-01-22 17:00:00,-0.2233659807448798,7.756195343948118,-0.05931876999811525,-5148.4
2022-01-22 18:00:00,-0.24239775260537755,7.819636302367592,-0.04633805252441814,-5133.2
2022-01-22 19:00:00,-0.3390228537894715,7.884576510596324,-0.055659319930476236,-5039.8
2022-01-22 20:00:00,-0.32691196350466134,7.9483852851118995,-0.06384433883086782,-5008.9
2022-01-22 21:00:00,-0.3784979551247569,7.9976631270201,-0.06686760222330079,-4948.9
2022-01-22 22:00:00,-0.40370859085478106,8.041091003708633,-0.06998591619538264,-5067.9
2022-01-22 23:00:00,-0.4103189378689751,8.081475040137052,-0.06182996726908829,-5083.8
2022-01-23 00:00:00,-0.5169184770485526,8.155936337972394,-0.07369457370848487,-5224.2
2022-01-23 01:00:00,-0.49385235419067275,8.167068178341237,-0.08734476626978616,-5258.4
2022-01-23 02:00:00,-0.5301958716266792,8.158516244806831,-0.09041367605061001,-5230.4
2022-01-23 03:00:00,-0.5767888973430453,8.15248607578024,-0.09262209294030121,-5229.2
2022-01-23 04:00:00,-0.5432404499542178,8.153349757998892,-0.11152784899932833,-5317.1
2022-01-23 05:00:00,-0.5157069331361517,8.163371316459912,-0.11191613980282611,-5551.4
2022-01-23 06:00:00,-0.3322693717548715,8.16223106548118,-0.10164274013634422,-5570.1
2022-01-23 07:00:00,-0.38556301231944,8.127109185346375,-0.09573527633311141,-5510.3
2022-01-23 08:00:00,-0.4019634973677775,8.075893630298857,-0.10447161983740028,-5420.0
2022-01-23 09:00:00,-0.4305183425622472,8.023552392404348,-0.10371437910971526,-5219.9
2022-01-23 10:00:00,-0.41882269636118696,7.9817332866918855,-0.10386145588338813,-5164.1
2022-01-23 11:00:00,-0.5687090846007212,7.984803389734406,-0.0913825865447242,-5109.7
2022-01-23 12:00:00,-0.39538248224463013,7.995643604287271,-0.07799183755576777,-5088.7
2022-01-23 13:00:00,-0.4209804649567386,7.9919305198524775,-0.10533818959047014,-5085.8
2022-01-23 14:00:00,-0.42660146425050227,8.00603417874901,-0.10583079849130783,-5101.6
2022-01-23 15:00:00,-0.48644520199422026,8.01532730902172,-0.09120031903555592,-5089.4
2022-01-23 16:00:00,-0.5681451730400391,8.017637159908478,-0.07317377921309554,-5132.8
2022-01-23 17:00:00,-0.6772252914043095,7.998335395952982,-0.08460874581955213,-5121.9
2022-01-23 18:00:00,-0.7123457756047209,7.9714309977693505,-0.09118281685003105,-5105.7
2022-01-23 19:00:00,-0.7471466576720274,7.933079771880415,-0.10054615721462401,-5065.6
2022-01-23 20:00:00,-0.7213148124937714,7.89655270164304,-0.10536818905455636,-5055.2
2022-01-23 21:00:00,-0.7141241104927047,7.870165946469845,-0.10738287450677753,-5045.1
2022-01-23 22:00:00,-0.6636534685319719,7.87587915949631,-0.09725853854949307,-5040.0
2022-01-23 23:00:00,-0.7117142058064299,7.910957382845589,-0.09489032088877547,-4801.8
2022-01-24 00:00:00,-0.6490976597442377,8.027150106832774,-0.15672717176716588,-4798.1
2022-01-24 01:00:00,-0.6607048706198024,8.046229101075378,-0.16835643322594773,-4507.6
2022-01-24 02:00:00,-0.7417259006779844,8.085178748074537,-0.15991165703473875,-4379.6
2022-01-24 03:00:00,-0.7987616821363179,8.12355783506165,-0.16689518209958276,-4439.5
2022-01-24 04:00:00,-0.7815632093044695,8.163371316459912,-0.15680913447618483,-4688.9
2022-01-24 05:00:00,-0.8518338337186075,8.199189359078067,-0.1428810764478845,-4892.9
2022-01-24 06:00:00,-0.7857244993176606,8.227108234348146,-0.10537724544709981,-5429.5
2022-01-24 07:00:00,-0.8437820632384434,8.24117615049496,-0.09483078297011005,-5565.3
2022-01-24 08:00:00,-0.8436395962710361,8.242229891372231,-0.09638424530712619,-5758.6
2022-01-24 09:00:00,-0.8261663754458408,8.235095497258357,-0.11370920363938541,-5827.8
2022-01-24 10:00:00,-0.8562626294482656,8.21878715560148,-0.12751640737214576,-5813.7
2022-01-24 11:00:00,-0.8197369524851168,8.195885391314796,-0.13799664274013423,-5839.4
2022-01-24 12:00:00,-0.8020114967951901,8.173011311724972,-0.1461025697829923,-5900.9
2022-01-24 13:00:00,-0.7821407062115555,8.155362120328135,-0.14341690251247652,-5884.5
2022-01-24 14:00:00,-0.7497480501299325,8.140315540159985,-0.14061894246365636,-5843.0
2022-01-24 15:00:00,-0.767298246860002,8.138272638530186,-0.12287542997639012,-5834.2
2022-01-24 16:00:00,-0.7283162800929741,8.14002395246292,-0.1269315215006923,-5817.4
2022-01-24 17:00:00,-0.7258578675881795,8.163086375583216,-0.12047821313890861,-5838.7
2022-01-24 18:00:00,-0.65488557781083,8.195057690895077,-0.11441206161057682,-5900.6
2022-01-24 19:00:00,-0.6600198794372405,8.214735833382303,-0.11704541267620616,-5928.8
2022-01-24 20:00:00,-0.6010712639902298,8.227909837597483,-0.12354748536949778,-6095.5
2022-01-24 21:00:00,-0.5769842832497569,8.236685322712457,-0.13426576396698486,-6172.8
2022-01-24 22:00:00,-0.5658418838060899,8.236950048061455,-0.13724968427466155,-5883.4
2022-01-24 23:00:00,-0.5677797477016417,8.21959545417708,-0.14108575730150985,-5567.7
2022-01-25 00:00:00,-0.5026785081538216,8.151044945685024,-0.12952826114050975,-5482.8
2022-01-25 01:00:00,-0.4363486619718171,8.114324709155339,-0.12469598011073924,-5305.2
2022-01-25 02:00:00,-0.4245136210356928,8.068402958569699,-0.13052995963413494,-5268.9
2022-01-25 03:00:00,-0.3904699785890391,8.025843344150903,-0.1345921925877933,-5291.6
2022-01-25 04:00:00,-0.3941989311727476,7.992944547318106,-0.11467447374442141,-5282.7
2022-01-25 05:00:00,-0.4912219414266539,7.969703583278656,-0.10687067957883922,-5355.9
2022-01-25 06:00:00,-0.47496433889917666,7.9420068084898565,-0.10020013415887874,-5460.8
2022-01-25 07:00:00,-0.6936680008129561,7.913521017283895,-0.09523797681793766,-5375.0
2022-01-25 08:00:00,-0.7756604401990419,7.891704659330107,-0.10091803251545262,-5342.8
2022-01-25 09:00:00,-0.746963591355871,7.873978379604501,-0.0950787118574219,-5291.1
2022-01-25 10:00:00,-0.712733466840791,7.832014180505469,-0.10777157139995275,-5297.4
2022-01-25 11:00:00,-0.7572761520769604,7.774435510302958,-0.10914436928988014,-5197.6
2022-01-25 12:00:00,-0.7552035230243517,7.725771441587952,-0.13736400544481686,-5149.9
2022-01-25 13:00:00,-0.728470493518742,7.701200180857446,-0.11983389292620483,-5184.6
2022-01-25 14:00:00,-0.7383688845668868,7.699842407396986,-0.13214970649944835,-5190.9
2022-01-25 15:00:00,-0.7142078095106221,7.716460800176355,-0.12272255779062657,-5210.1
2022-01-25 16:00:00,-0.6512410423896711,7.710653323501202,-0.10164792649263266,-5164.5
2022-01-25 17:00:00,-0.64418501907643,7.70796153183549,-0.10251904472187956,-5173.1
2022-01-25 18:00:00,-0.5949335857706934,7.720017940432244,-0.09596690054659618,-5226.0
2022-01-25 19:00:00,-0.6188136157397301,7.731930721948486,-0.10021992636955002,-5305.3
2022-01-25 20:00:00,-0.585249203170989,7.759614150696903,-0.09177297984026733,-5372.5
2022-01-25 21:00:00,-0.54155601055685,7.776954403322442,-0.09066932366382652,-5394.1
2022-01-25 22:00:00,-0.5220180169329143,7.768956044538332,-0.08313621859657516,-5185.9
2022-01-25 23:00:00,-0.3770462681954938,7.749322464660356,-0.08662853928088232,-5111.5
2022-01-26 00:00:00,-0.29970528998093426,7.62608275807238,-0.09425006006275716,-5117.8
2022-01-26 01:00:00,-0.21514077772678286,7.699389406256737,-0.09078919645035466,-5210.6
2022-01-26 02:00:00,-0.23727706413332372,7.744136627627991,-0.09391792618562622,-5291.0
2022-01-26 03:00:00,-0.2540553067678317,7.767263996757308,-0.09972961746980591,-5295.7
2022-01-26 04:00:00,-0.2571830562304931,7.749322464660356,-0.09713660856337114,-5222.1
2022-01-26 05:00:00,-0.38264484311441427,7.700747794511798,-0.10101644083547168,-5132.6
2022-01-26 06:00:00,-0.4724514457448912,7.610357618312838,-0.11488942015647297,-5214.1
2022-01-26 07:00:00,-0.5311594942389717,7.519149957669823,-0.12579464690865372,-5111.2
2022-01-26 08:00:00,-0.5434046431930626,7.474204806496124,-0.13395506467872664,-5118.8
2022-01-26 09:00:00,-0.5742539088587981,7.4999765409521215,-0.1330934947744895,-5241.2
2022-01-26 10:00:00,-0.5849436505998518,7.518607216815252,-0.14230913058189998,-5368.1
2022-01-26 11:00:00,-0.6415515679347297,7.491087593534876,-0.15399793563926245,-5406.1
2022-01-26 12:00:00,-0.6046095233210091,7.477604243197589,-0.16094790528393688,-5403.9
2022-01-26 13:00:00,-0.5241461013815165,7.491645473605133,-0.1392985878231654,-5465.1
2022-01-26 14:00:00,-0.5133066436315872,7.5678626054638825,-0.1548167762997279,-5537.7
2022-01-26 15:00:00,-0.5402743768867806,7.695757990554761,-0.15691051423387936,-5697.6
2022-01-26 16:00:00,-0.5186448039526859,7.8083230503910555,-0.1475630270046686,-5769.2
2022-01-26 17:00:00,-0.5146212296233137,7.8551570058813445,-0.14866103415172915,-5833.6
2022-01-26 18:00:00,-0.4561519626976729,7.857093864902493,-0.14011449969806655,-5731.3
2022-01-26 19:00:00,-0.4720216635853416,7.845024417241484,-0.1377962301619382,-5781.3
2022-01-26 20:00:00,-0.4234847369112673,7.842671474979457,-0.13025621687267552,-5765.8
2022-01-26 21:00:00,-0.42235635835609386,7.830822995135316,-0.12438398558964714,-5717.6
2022-01-26 22:00:00,-0.38762121715524334,7.794411205726601,-0.11577211511034946,-5589.7
2022-01-26 23:00:00,-0.36225811078081716,7.713784616598755,-0.10742186488455019,-5395.4
2022-01-27 00:00:00,-0.33762408203969674,7.556427969440253,-0.06298425333342816,-4962.6
2022-01-27 01:00:00,-0.2952937097951418,7.395107546562485,-0.06363041529257973,-4696.1
2022-01-27 02:00:00,-0.32621891920064305,7.134890851565884,-0.0634269891763175,-4396.7
2022-01-27 03:00:00,-0.30276592682646664,6.774223886357614,-0.07065760201398508,-4115.4
2022-01-27 04:00:00,-0.2673588270221652,6.335054251498059,-0.06660739208547994,-3943.6
2022-01-27 05:00:00,-0.29088691060134675,5.916202062607435,-0.06775646722405515,-3925.0
2022-01-27 06:00:00,-0.29268410298373926,5.6131281063880705,-0.07846770884776522,-4136.7
2022-01-27 07:00:00,0.43911076523390724,5.337538079701318,-0.08193801503208764,-4238.6
2022-01-27 08:00:00,0.7274578077257434,5.225746673713202,-0.08430063087588202,-4304.5
2022-01-27 09:00:00,0.7724885396448045,5.204006687076795,-0.08411126512998202,-4288.3
2022-01-27 10:00:00,0.655533699386452,5.147494476813453,-0.0917123458404765,-4300.4
2022-01-27 11:00:00,0.6246712906081759,5.099866427824199,-0.08312096174510675,-4230.5
2022-01-27 12:00:00,0.48859953070967377,5.288267030694535,-0.09041998564045262,-4269.7
2022-01-27 13:00:00,0.039883242936991525,5.697093486505405,-0.08770363689218907,-4308.7
2022-01-27 14:00:00,-0.15647448241007123,6.208590026096629,-0.09414686932903482,-4394.1
2022-01-27 15:00:00,-0.10992908078258656,6.587550014824796,-0.10384542460674595,-4494.7
2022-01-27 16:00:00,-0.06484139727267424,6.807934943699926,-0.09942791502345028,-4613.7
2022-01-27 17:00:00,-0.0965492909359007,6.917705609835305,-0.10823038482406222,-4618.9
2022-01-27 18:00:00,-0.09542944601924175,6.97914527506881,-0.09406917882182775,-4661.6
2022-01-27 19:00:00,-0.18744276703604257,7.045776576879511,-0.08943959189689377,-4748.5
2022-01-27 20:00:00,-0.27837906301870463,7.179307969504034,-0.08705426277386241,-4726.2
2022-01-27 21:00:00,-0.3173980003802459,7.3727463664043285,-0.07837247962611649,-4867.1
2022-01-27 22:00:00,-0.3332334330066402,7.596392304064196,-0.06762989402694686,-4992.3
2022-01-27 23:00:00,-0.39746124350642553,7.822044008185619,-0.060648673137891684,-4981.8
2022-01-28 00:00:00,-0.3518644799706525,8.163086375583216,-0.06073196669108771,-5188.1
2022-01-28 01:00:00,-0.3402649065345025,8.244334047856094,-0.06336942193318773,-5314.1
2022-01-28 02:00:00,-0.4305039995956945,8.293549515060345,-0.05497501143894379,-5485.2
2022-01-28 03:00:00,-0.43786255062108514,8.316544717929398,-0.05072507292470618,-5635.8
2022-01-28 04:00:00,-0.4258062918844461,8.329175442077402,-0.04397100904757156,-5833.6
2022-01-28 05:00:00,-0.437218130605491,8.331827004436057,-0.04475468959905626,-6025.1
2022-01-28 06:00:00,-0.497259632011386,8.319229938632326,-0.05994121704773114,-6642.8
2022-01-28 07:00:00,-0.5084325952650257,8.28121766128665,-0.06148432359515166,-6702.3
2022-01-28 08:00:00,-0.5371697706410727,8.22282213081366,-0.06496053175462713,-6670.5
2022-01-28 09:00:00,-0.467149773493003,8.150756470275551,-0.06601877259449651,-6476.5
2022-01-28 10:00:00,-0.3969024203334399,8.049746290952191,-0.06878850968492412,-6253.5
2022-01-28 11:00:00,-0.4909534072405224,7.893572073504902,-0.07254579120474691,-5983.4
2022-01-28 12:00:00,-0.3877833341115817,7.6953031349635665,-0.05802565098913082,-5631.6
2022-01-28 13:00:00,-0.39834964484079727,7.513709247839705,-0.06207941784976523,-5448.5
2022-01-28 14:00:00,-0.34757632592038545,7.459338895220296,-0.06422925507031252,-5297.0
2022-01-28 15:00:00,-0.34288729978738,7.562681246721884,-0.07661450909109302,-5318.6
2022-01-28 16:00:00,-0.2874464661003313,7.685703061234547,-0.07313221037101414,-5386.0
2022-01-28 17:00:00,-0.27416369061940626,7.721348612617949,-0.09033398420457672,-5462.7
2022-01-28 18:00:00,-0.29842871227831314,7.724446645633537,-0.07956045408411061,-5447.5
2022-01-28 19:00:00,-0.266018072987837,7.724888439323074,-0.0779068761009647,-5519.3
2022-01-28 20:00:00,-0.17910557592703036,7.736743682453495,-0.0717169168470333,-5500.0
2022-01-28 21:00:00,-0.17211026658908235,7.739794458408701,-0.06811680795669339,-5565.4
2022-01-28 22:00:00,-0.1323384934675147,7.7437032581737535,-0.0686976877555514,-5586.1
2022-01-28 23:00:00,-0.06767486149454172,7.761744984658913,-0.0672480387097103,-5726.4
2022-01-29 00:00:00,-0.23850068090023857,7.934513463882263,-0.05087792353189968,-5650.6
2022-01-29 01:00:00,-0.16590076839775802,7.9672801789422,-0.06076890157435777,-5290.8
2022-01-29 02:00:00,-0.17044428321667215,8.010359588919783,-0.061594149294321276,-5009.4
2022-01-29 03:00:00,-0.13726940345633443,8.044947049617722,-0.05924048108143065,-4838.4
2022-01-29 04:00:00,-0.09306911377321603,8.051340933292979,-0.06264430091102735,-4762.4
2022-01-29 05:00:00,-0.10898729789964401,8.040768994367578,-0.06574417964494295,-4709.4
2022-01-29 06:00:00,-0.05387645652074369,7.997326822998097,-0.05933291196348822,-4845.2
2022-01-29 07:00:00,-0.08477622206468638,7.926241523170962,-0.054489745812989376,-5036.7
2022-01-29 08:00:00,-0.1500840366631495,7.853604813097837,-0.04944005014419339,-5336.7
2022-01-29 09:00:00,-0.12411873323744782,7.721791776817535,-0.052643174937372805,-5493.3
2022-01-29 10:00:00,-0.043128976442600386,7.519149957669823,-0.061942038790046006,-5533.8
2022-01-29 11:00:00,0.04069643366462872,7.278628942320682,-0.038908199374948715,-5236.5
2022-01-29 12:00:00,0.08950521138707446,7.05444965813294,-0.04896511746371068,-4931.5
2022-01-29 13:00:00,0.0299881844005343,6.884486652042782,-0.07514273938953853,-4732.0
2022-01-29 14:00:00,0.050358968432809625,6.840546529288687,-0.07541431563750844,-4609.3
2022-01-29 15:00:00,0.03022929432081778,6.803505257608338,-0.09652104379653714,-4564.8
2022-01-29 16:00:00,0.04315052078484749,6.829793737512425,-0.09461203659496942,-4513.9
2022-01-29 17:00:00,-0.043811733317482116,7.004881989712859,-0.107719101905138,-4597.8
2022-01-29 18:00:00,-0.08101782528970602,7.302496423727326,-0.09429407233851883,-4805.9
2022-01-29 19:00:00,-0.2687174112650794,7.643961949002529,-0.09503257093250728,-5029.1
2022-01-29 20:00:00,-0.2748965680857811,7.925518979786926,-0.09102265988481228,-5048.3
2022-01-29 21:00:00,-0.3443606327457083,8.103796712981794,-0.08866400221163406,-5243.9
2022-01-29 22:00:00,-0.4116137703618943,8.183118079394745,-0.09079221489987077,-5344.8
2022-01-29 23:00:00,-0.4460745869167093,8.223090551161533,-0.07320912012656411,-5276.4
2022-01-30 00:00:00,-0.6596482926723546,8.206583614320753,-0.07425464093118972,-4911.4
2022-01-30 01:00:00,-1.2506968950366857,8.230577217146454,-0.07712901340818679,-4490.3
2022-01-30 02:00:00,-0.6899883153606057,8.237214703349489,-0.0659040422141004,-4797.0
2022-01-30 03:00:00,-0.7368254093475648,8.239593454305968,-0.05681264024359045,-4798.6
2022-01-30 04:00:00,-0.6889522611356114,8.239593454305968,-0.051458320175220784,-4792.7
2022-01-30 05:00:00,-0.5745907550843183,8.24117615049496,-0.04603248185835618,-4857.4
2022-01-30 06:00:00,-1.1765180917475573,8.247482004285693,-0.037738938156863355,-4349.7
2022-01-30 07:00:00,-0.5617751360588432,8.256607344626158,-0.02791267999435032,-4681.4
2022-01-30 08:00:00,-0.5151837874657428,8.266164436612492,-0.036055491211219426,-4852.1
2022-01-30 09:00:00,-0.48984608298704835,8.263074835802596,-0.03174817792896256,-4995.4
2022-01-30 10:00:00,-0.546838145375899,8.245121966478605,-0.029199927114368585,-4837.5
2022-01-30 11:00:00,-0.6288670807485199,8.22040309993373,-0.011854149903349764,-4891.9
2022-01-30 12:00:00,-0.566753759823559,8.214735833382303,-0.010337999075194837,-4798.8
2022-01-30 13:00:00,-0.5972179321868403,8.223358899479258,-0.04624500854625335,-4906.1
2022-01-30 14:00:00,-0.47615158562256044,8.23031079913502,-0.05630071567916595,-5071.2
2022-01-30 15:00:00,-0.3840423526256429,8.227909837597483,-0.05219000937957485,-5613.7
2022-01-30 16:00:00,-0.40135258781613947,8.226038429485484,-0.022354530816882878,-6094.9
2022-01-30 17:00:00,-0.504983665928012,8.217978203150732,-0.01814361054720237,-6150.5
2022-01-30 18:00:00,-0.5053991715053772,8.199189359078067,-0.01250348614026553,-6216.0
2022-01-30 19:00:00,-0.5368158462194095,8.163371316459912,-0.016815264304155697,-6200.5
2022-01-30 20:00:00,-0.5006434503249508,8.110727582974489,-0.024516092425462155,-6123.1
2022-01-30 21:00:00,-0.49831455918444156,8.038834757787749,-0.024229744418849286,-6005.1
2022-01-30 22:00:00,-0.4422717933935285,7.954372272531867,-0.015705472389023534,-5875.1
2022-01-30 23:00:00,-0.4149822978347313,7.8724551500639794,-0.014847613215239086,-5727.5
2022-01-31 00:00:00,-0.18794946515927036,7.781138509845015,-0.02199457779700964,-5494.5
2022-01-31 01:00:00,-0.1452388672973095,7.719129840906732,-0.01736198958012647,-5299.7
2022-01-31 02:00:00,-0.17227272731804755,7.660114319173928,-0.008905633886952202,-5226.7
2022-01-31 03:00:00,-0.17205960098452522,7.607381425639791,-0.016598746707245482,-5115.7
2022-01-31 04:00:00,-0.17688467673213237,7.527255919373784,-0.0022321063158852184,-4968.6
2022-01-31 05:00:00,-0.21767661025033114,7.4067107301776405,-0.00038101384060151844,-4780.6
2022-01-31 06:00:00,-0.13323481376735957,7.2682230211595655,0.005164628952724293,-4812.5
2022-01-31 07:00:00,-0.08477984773781078,7.115582126184454,-0.0030313823148171437,-4737.3
2022-01-31 08:00:00,-0.051119941897887156,6.988413181999592,-0.005432466501418709,-4595.2
2022-01-31 09:00:00,-0.03364672107269184,6.858565034791365,-0.01391452167129259,-4567.1
2022-01-31 10:00:00,-0.0656023554529539,6.714170529909472,-0.02408353518011186,-4458.6
2022-01-31 11:00:00,-0.04027169353927684,6.558197802812269,-0.03679178096607583,-4400.8
2022-01-31 12:00:00,-0.017056766982121996,6.413458957167357,-0.04314416914041086,-4310.2
2022-01-31 13:00:00,0.0516857427826003,6.306275286948016,-0.019575864772177987,-4317.4
2022-01-31 14:00:00,0.061757705670629104,6.342121418721152,-0.02219631612349371,-4340.9
2022-01-31 15:00:00,-0.0032527724455180262,6.492239835020471,-0.02869337614041534,-4392.5
2022-01-31 16:00:00,0.02912525117236875,6.634633357861686,-0.029912260224059573,-4444.7
2022-01-31 17:00:00,0.034837571954548174,6.703188113240863,-0.019417205545170013,-4461.3
2022-01-31 18:00:00,0.10470905023378307,6.715383386334681,-0.011666903318733546,-4453.3
2022-01-31 19:00:00,0.10027515363608686,6.660575149839686,-0.01454204181916019,-4436.9
2022-01-31 20:00:00,0.1431750173456252,6.573680166960646,-0.0012295423374082404,-4411.9
2022-01-31 21:00:00,0.15988742780600873,6.495265555937008,0.017605419303542647,-4400.1
2022-01-31 22:00:00,0.013384242221958775,6.406879986069314,0.029557953332299824,-4267.0
2022-01-31 23:00:00,0.09265076024930963,6.317164686747284,0.03214780889757929,-4293.6
2022-02-01 00:00:00,0.653837565610468,6.0473721790462776,0.05544385979218269,-4172.4
2022-02-01 01:00:00,0.7006771369348548,5.940171252720432,0.0658683483339857,-4164.1
2022-02-01 02:00:00,0.7063034965846735,5.8664680569332965,0.06102868551555396,-4117.6
2022-02-01 03:00:00,0.7317147707364451,5.823045895483019,0.054595698500676804,-4074.1
2022-02-01 04:00:00,0.7095262372334923,5.75890177387728,0.05060243492466476,-4044.7
2022-02-01 05:00:00,0.6386223742930417,5.7745515455444085,0.03929027866284951,-3903.3
2022-02-01 06:00:00,1.0778325547235292,5.796057750765372,0.016584170370782303,-4100.1
2022-02-01 07:00:00,1.1272097829495067,5.823045895483019,0.008873664602176312,-4067.9
2022-02-01 08:00:00,2.0500548667253664,5.820082930352362,0.011653739560887999,-4072.0
2022-02-01 09:00:00,1.8985660142830838,5.817111159963204,0.019500571836278624,-4132.8
2022-02-01 10:00:00,1.9158486760778688,5.777652323222656,0.02745618419954443,-4136.7
2022-02-01 11:00:00,1.6731594828258993,5.717027701406222,0.030479490770616735,-4120.1
2022-02-01 12:00:00,1.499186948001701,5.697093486505405,0.03235301793011569,-4100.5
2022-02-01 13:00:00,1.5359611299002172,5.796057750765372,0.050958448935079836,-4130.7
2022-02-01 14:00:00,1.5021494726155007,6.0014148779611505,0.054998826274736956,-4086.1
2022-02-01 15:00:00,0.5179300650515275,6.259581464064923,0.055151635127892895,-4102.7
2022-02-01 16:00:00,0.5622373149921605,6.473890696352274,0.051076110727293234,-4017.1
2022-02-01 17:00:00,0.6093535529281997,6.61338421837956,0.020789477327149086,-3977.5
2022-02-01 18:00:00,0.4917484616725023,6.71174039505618,0.011817521145236043,-4118.4
2022-02-01 19:00:00,0.5118115049177425,6.760414691083428,0.009030756700747489,-4095.4
2022-02-01 20:00:00,0.5106886493385603,6.782192056006791,0.017742019655135444,-4133.6
2022-02-01 21:00:00,0.5276412777921062,6.755768921984255,0.02061794188186372,-4193.6
2022-02-01 22:00:00,0.5053781003798634,6.677083461247136,0.029636930070737755,-4177.7
2022-02-01 23:00:00,0.58939114504054,6.610696044717759,0.03710240026408229,-4207.3
2022-02-02 00:00:00,0.7125045212333752,6.499787040655854,0.07676936468031048,-3751.3
2022-02-02 01:00:00,0.5702929581604979,6.47543271670409,0.08420615006517451,-3721.6
2022-02-02 02:00:00,0.5845728862214083,6.459904454377535,0.0792094024591048,-3711.1
2022-02-02 03:00:00,0.6283620525693716,6.453624998892692,0.07154016080593806,-3704.6
2022-02-02 04:00:00,0.669575368926953,6.464588303689961,0.06845816512662406,-3712.0
2022-02-02 05:00:00,1.2563724409688906,6.4425401664681985,0.06948036937917568,-3926.2
2022-02-02 06:00:00,1.1346026397611224,6.39024066706535,0.05947150161337067,-4317.5
2022-02-02 07:00:00,1.6307567341950557,6.336825731146441,0.060654066213643,-4328.2
2022-02-02 08:00:00,1.665314561488871,6.261491684321042,0.06786347207639576,-4302.0
2022-02-02 09:00:00,1.5788579817314279,6.184148890937483,0.07762528237913013,-4387.3
2022-02-02 10:00:00,1.5822338877522695,6.0844994130751715,0.08694139044690008,-4377.5
2022-02-02 11:00:00,1.5025989819064058,5.968707559985366,0.07592405574330297,-4419.8
2022-02-02 12:00:00,1.1069009738531612,5.786897381366708,0.08292545448549848,-4412.9
2022-02-02 13:00:00,1.453023679112575,5.66988092298052,0.105045007091773,-4382.0
2022-02-02 14:00:00,1.3132122449697805,5.697093486505405,0.10541307251667398,-4372.9
2022-02-02 15:00:00,1.3873959674182847,5.82600010738045,0.10265506874331098,-4377.6
2022-02-02 16:00:00,1.118042834811524,5.942799375126701,0.101409228176645,-4267.4
2022-02-02 17:00:00,1.0692680246880837,6.003887067106539,0.07831399439433184,-4250.2
2022-02-02 18:00:00,0.9284560848547256,5.991464547107982,0.07017704904165445,-4198.8
2022-02-02 19:00:00,0.9497805467701319,5.91350300563827,0.07170599475436834,-4193.0
2022-02-02 20:00:00,0.9435311147883727,5.8377304471659395,0.07575085929699554,-4172.9
2022-02-02 21:00:00,1.2492233796435075,5.771441123130016,0.0835193193102386,-4219.6
2022-02-02 22:00:00,0.7156873380925082,5.69035945432406,0.08761874595458785,-3912.0
2022-02-02 23:00:00,0.7250456068635764,5.60947179518496,0.0970239483483768,-3924.5
2022-02-03 00:00:00,1.9890950351262227,5.272999558563747,0.12396544115201813,-3697.5
2022-02-03 01:00:00,1.2678418267506855,5.303304908059076,0.12966564920907153,-3772.3
2022-02-03 02:00:00,1.1805464914796575,5.2574953720277815,0.12872616498282952,-3795.8
2022-02-03 03:00:00,0.7319068037765066,5.187385805840755,0.12534850805249764,-3999.8
2022-02-03 04:00:00,0.7614216815254369,5.075173815233827,0.12688829359397502,-4042.4
2022-02-03 05:00:00,0.9444016635185197,5.0106352940962555,0.12769342453827015,-3999.4
2022-02-03 06:00:00,2.14717306598647,4.962844630259907,0.12214281730453891,-4069.9
2022-02-03 07:00:00,2.1349361686022092,4.927253685157205,0.1284901303391246,-3999.2
2022-02-03 08:00:00,2.1166850888094135,4.948759890378168,0.13747482246615128,-4032.3
2022-02-03 09:00:00,2.126636898638151,5.093750200806762,0.14473363325069144,-4099.5
2022-02-03 10:00:00,2.0879628536876194,5.262690188904886,0.15264861176256694,-4087.7
2022-02-03 11:00:00,2.124257239067979,5.44673737166631,0.15696098045921136,-4122.3
2022-02-03 12:00:00,2.0045788013196564,5.736572297479192,0.1543215423088098,-4192.6
2022-02-03 13:00:00,2.0350442388400634,6.082218910376446,0.15756307767089783,-4320.3
2022-02-03 14:00:00,2.0641130490360764,6.520621127558696,0.1759090745639682,-4364.2
2022-02-03 15:00:00,0.8462490987692908,6.9167150203536085,0.17439596082143005,-4571.4
2022-02-03 16:00:00,0.4875227759301568,7.252053951852814,0.1766803388118472,-4890.7
2022-02-03 17:00:00,0.3528235315302246,7.508238774678663,0.14072986048854563,-5279.0
2022-02-03 18:00:00,0.23299200543647247,7.707062655370473,0.12604738271341986,-5569.5
2022-02-03 19:00:00,0.15516291779959435,7.842671474979457,0.11749948609891447,-5652.9
2022-02-03 20:00:00,0.05031730802723944,7.96102146588337,0.1056600343977454,-5881.4
2022-02-03 21:00:00,0.042340790527774175,8.05579245097777,0.09565028401058484,-6021.8
2022-02-03 22:00:00,0.023228807836326304,8.131824785007195,0.08547959900083857,-5926.9
2022-02-03 23:00:00,0.011329948124512601,8.19118600464279,0.08211694009368475,-5887.5
2022-02-04 00:00:00,-0.028403317675456563,8.107418811719974,0.11703075386078865,-5901.4
2022-02-04 01:00:00,0.01894249563189465,8.148734808937169,0.10448081134999843,-5865.8
2022-02-04 02:00:00,0.01333077787928394,8.18004072349016,0.10615504649807228,-5834.5
2022-02-04 03:00:00,0.010319967021662713,8.204671828950811,0.09819855911316289,-5776.7
2022-02-04 04:00:00,-0.04932009025215667,8.224967478914584,0.09229258879931912,-5805.3
2022-02-04 05:00:00,-0.12178359713070153,8.2409125416889,0.08715605061659293,-5888.4
2022-02-04 06:00:00,-0.325621635968393,8.253488028345904,0.06081850195994942,-5908.3
2022-02-04 07:00:00,-0.37149974421736687,8.256607344626158,0.05438741425257643,-5904.3
2022-02-04 08:00:00,-0.4004382657266943,8.244071270295786,0.0592295460258665,-6010.5
2022-02-04 09:00:00,-0.35856185662219,8.226573474977114,0.05564738744120845,-6013.1
2022-02-04 10:00:00,-0.28857308816706695,8.196161139282902,0.06324991318393725,-5956.8
2022-02-04 11:00:00,-0.40712117916788637,8.159946655578548,0.06895451411590425,-5872.8
2022-02-04 12:00:00,-0.36617159489800066,8.123854263105914,0.09920487493452246,-5859.0
2022-02-04 13:00:00,-0.35409337082398773,8.062747901086354,0.09395636489462067,-5787.6
2022-02-04 14:00:00,-0.3005377520167012,7.978310969867722,0.10172722036676074,-5659.8
2022-02-04 15:00:00,-0.1758408726006495,7.881182202227102,0.08944780493846505,-5500.6
2022-02-04 16:00:00,-0.0748725733583262,7.776535028185241,0.09764332408659016,-5398.7
2022-02-04 17:00:00,-0.009376161213346723,7.6577552711348655,0.060490867561274975,-5269.0
2022-02-04 18:00:00,0.020639854819992642,7.571473648851271,0.05663622053631023,-5181.8
2022-02-04 19:00:00,0.08527005627862971,7.533158807455563,0.06397433512108552,-5189.3
2022-02-04 20:00:00,0.15694763334462225,7.528869256642251,0.06533056230490164,-5230.3
2022-02-04 21:00:00,0.180131586601195,7.5251007461258,0.06425611318078595,-5249.0
2022-02-04 22:00:00,0.22047226715961799,7.528869256642251,0.06383896671614409,-5108.7
2022-02-04 23:00:00,0.22580305334114348,7.536363938404511,0.06814508293545618,-5090.3
2022-02-05 00:00:00,0.08262143088439178,7.7458682297922685,0.1141797464674994,-5247.7
2022-02-05 01:00:00,0.12570755768696174,7.780303087908373,0.1231320540883285,-5147.5
2022-02-05 02:00:00,0.16540872190800515,7.803026643632217,0.12200107392039783,-5070.1
2022-02-05 03:00:00,0.2515243725974834,7.813995675002791,0.13044234643684938,-5093.5
2022-02-05 04:00:00,0.28707684283225765,7.802209316247118,0.13126120988575263,-5085.4
2022-02-05 05:00:00,0.27249962388611504,7.776535028185241,0.12608669188186372,-5068.5
2022-02-05 06:00:00,0.23116341513741556,7.751475318021456,0.11975919737971452,-5164.9
2022-02-05 07:00:00,0.2165585036625668,7.739794458408701,0.12482814158930111,-5370.4
2022-02-05 08:00:00,0.11970300159475666,7.757478766584179,0.13267524223774885,-5555.4
2022-02-05 09:00:00,0.07696468714532045,7.784889295655098,0.12919862399211546,-5601.7
2022-02-05 10:00:00,0.04920258025430568,7.8119734296220225,0.12750140587511982,-5628.1
2022-02-05 11:00:00,0.08604866003009759,7.849323818040561,0.14635067714271877,-5651.7
2022-02-05 12:00:00,0.11331981265692948,7.874358824729881,0.14831026364801314,-5601.8
2022-02-05 13:00:00,0.06499161717285906,7.895436006942965,0.1366714947317682,-5430.7
2022-02-05 14:00:00,0.086304732754384,7.914617709040679,0.15794430986765917,-5227.8
2022-02-05 15:00:00,0.133637397234732,7.945555428253489,0.13558531669016283,-5161.6
2022-02-05 16:00:00,0.14032616262408215,7.98139158158007,0.1363433516218846,-5371.8
2022-02-05 17:00:00,0.08353169073232225,7.987864096085687,0.09975365302706063,-5326.5
2022-02-05 18:00:00,0.09039280204317235,7.971776122880628,0.09384367225747603,-5212.5
2022-02-05 19:00:00,0.06079973106835723,7.917171988845776,0.10378271342686674,-5155.3
2022-02-05 20:00:00,0.060225115121556705,7.841099765422119,0.11983968876048667,-4632.3
2022-02-05 21:00:00,-0.014814554807210278,7.757906208351747,0.12207868078053696,-4282.1
2022-02-05 22:00:00,-0.06202253919526024,7.709308333385869,0.12189976217998755,-4066.4
2022-02-05 23:00:00,-0.1849447545904317,7.718240951959316,0.13021637339564673,-3809.7
2022-02-06 00:00:00,-0.3983401524805199,7.796880342783522,0.04739004745510478,-3281.7
2022-02-06 01:00:00,-0.43881365165155684,7.8407064517494,0.037449204307413275,-3173.2
2022-02-06 02:00:00,-0.49050201858127807,7.858640655620791,0.029270869896357965,-3207.7
2022-02-06 03:00:00,-0.4994813032323724,7.8399193600125825,0.016874740803158872,-3207.4
2022-02-06 04:00:00,-0.43581977828954654,7.7437032581737535,0.004647631843672784,-3022.6
2022-02-06 05:00:00,-0.3590518893861674,7.60489448081162,-0.01362524489582917,-2856.7
2022-02-06 06:00:00,-0.33434613328937823,7.493317248862145,-0.023061362004495045,-3211.8
2022-02-06 07:00:00,-0.3214789739317525,7.455876687491824,-0.019802704873864485,-3310.2
2022-02-06 08:00:00,-0.3384837514418848,7.449498005382849,-0.001918146079201044,-3564.1
2022-02-06 09:00:00,-0.2888572451213114,7.447751280047908,0.006643432378133696,-3702.4
2022-02-06 10:00:00,-0.18233622556398066,7.397561535524052,0.02423315333447018,-4134.7
2022-02-06 11:00:00,-0.24716354771331162,7.311218384419629,0.03944682134082722,-4769.4
2022-02-06 12:00:00,-0.0629775024174899,7.237778191923443,0.049025904310857626,-4769.6
2022-02-06 13:00:00,-0.06299660534353935,7.193685818395112,0.021856651081197498,-4745.8
2022-02-06 14:00:00,-0.06251898318802862,7.1891677384203225,0.03478313470737948,-4735.9
2022-02-06 15:00:00,-0.009737419683586435,7.216709486709457,0.04183084360071643,-4745.8
2022-02-06 16:00:00,-0.049456713833854415,7.270312886079025,0.06658142927492161,-4753.9
2022-02-06 17:00:00,-0.11432277382475453,7.266128779556451,0.04022810502097851,-4764.3
2022-02-06 18:00:00,-0.09987973649199278,7.212294468500341,0.03217943760647568,-4729.4
2022-02-06 19:00:00,-0.08217907532465096,7.1180162044653335,0.03030893849481142,-4711.4
2022-02-06 20:00:00,-0.04991729901114006,7.04141166379481,0.03891923581834433,-4701.5
2022-02-06 21:00:00,-0.054476860598192456,6.9782137426306985,0.041766137040539775,-4701.8
2022-02-06 22:00:00,0.003610767253251712,6.954638864880987,0.044137976561493986,-4706.9
2022-02-06 23:00:00,-0.014471263023220882,6.9440872082295275,0.045325822164691054,-4727.6
2022-02-07 00:00:00,-0.08419262990386489,7.124478262493424,-0.03949575849266029,-4685.5
2022-02-07 01:00:00,-0.12542108878352298,7.177782416195197,-0.04806615696196204,-4636.3
2022-02-07 02:00:00,-0.22504048678804534,7.207118856207756,-0.03788765581270681,-4113.7
2022-02-07 03:00:00,-0.2448749914587629,7.227662498728654,-0.03769666098252067,-3851.1
2022-02-07 04:00:00,-0.26529914076585825,7.282073658093465,-0.033992864473357365,-4077.7
2022-02-07 05:00:00,-0.19465502667195977,7.400009517162692,-0.015432484450215611,-4912.9
2022-02-07 06:00:00,-0.19312021405472102,7.509883061154913,0.012954574586776069,-5227.4
2022-02-07 07:00:00,-0.3240074843587206,7.621684998724611,0.029565847866499517,-5329.4
2022-02-07 08:00:00,-0.4092959704317751,7.719573989259581,0.03842190716048499,-5473.1
2022-02-07 09:00:00,-0.3740308910155785,7.785305182539862,0.03564260578192702,-5755.3
2022-02-07 10:00:00,-0.4290122798633056,7.830425617820331,0.03437338932886025,-5898.9
2022-02-07 11:00:00,-0.42383864860598,7.851661177889265,0.013443085691676515,-5957.0
2022-02-07 12:00:00,-0.43525661166572105,7.864419904994565,0.01444698146362633,-6108.9
2022-02-07 13:00:00,-0.38935656605123947,7.884576510596324,0.019023672199346642,-6189.5
2022-02-07 14:00:00,-0.3714985641651434,7.9291264873067995,0.026742709189141678,-6267.0
2022-02-07 15:00:00,-0.2901428894398599,7.9714309977693505,0.02961926951386662,-6350.2
2022-02-07 16:00:00,-0.22981285828755826,7.982416346827733,0.04549110923987243,-6310.6
2022-02-07 17:00:00,-0.1951547959572406,7.9441374911141125,0.03848512301555296,-6179.7
2022-02-07 18:00:00,-0.1256316257883685,7.876638460975463,0.01887907600956762,-6039.8
2022-02-07 19:00:00,-0.09280800599263639,7.7651449029361315,0.013223221496293291,-5908.3
2022-02-07 20:00:00,-0.060295561235455875,7.630946580890459,0.009193305740144098,-5761.3
2022-02-07 21:00:00,0.0443245040717799,7.486613313139955,0.002300330392967176,-5711.9
2022-02-07 22:00:00,0.043125671247826514,7.312553498102598,-0.003912863985358506,-5348.5
2022-02-07 23:00:00,0.07183453845048371,7.181591944611865,-0.005731530394881723,-5113.2
2022-02-08 00:00:00,-0.009308741039018464,7.443663683115591,-0.0335486312311275,-5110.6
2022-02-08 01:00:00,0.021384431236204815,7.550661243105336,-0.03341641900350023,-5202.3
2022-02-08 02:00:00,-0.011508611456077844,7.65728279297819,-0.05074685337536877,-5348.5
2022-02-08 03:00:00,-0.05224721447894787,7.76046702921342,-0.05405429380754789,-5431.1
2022-02-08 04:00:00,-0.1148131535978032,7.804659297056102,-0.04689885957247508,-5429.6
2022-02-08 05:00:00,-0.20680457815835007,7.789454566086673,-0.03604287471868517,-5422.6
2022-02-08 06:00:00,-0.24354656647490414,7.709756864454165,-0.010887650293415874,-5514.7
2022-02-08 07:00:00,-0.39652283749931483,7.607381425639791,0.008458468416016274,-5315.8
2022-02-08 08:00:00,-0.48357685842650344,7.554858521040676,0.0037715166314091775,-5204.7
2022-02-08 09:00:00,-0.4703689354884406,7.562161631225652,0.00828084059391987,-5137.2
2022-02-08 10:00:00,-0.47665055356376795,7.597897950521784,0.010297361873629285,-5202.7
2022-02-08 11:00:00,-0.5465712265715559,7.6624678152002375,-0.004536896292758996,-5379.7
2022-02-08 12:00:00,-0.5833712634448083,7.723120092266331,-0.031174210352009624,-5492.8
2022-02-08 13:00:00,-0.5577157821813503,7.784057002639929,-0.020926137526356747,-5505.5
2022-02-08 14:00:00,-0.5900743924232255,7.842671474979457,-0.017183840580314858,-5519.9
2022-02-08 15:00:00,-0.4458085489113306,7.932721027481948,-0.004400039251621912,-5727.1
2022-02-08 16:00:00,-0.378241077323886,8.024862150286411,0.021400342581176623,-5907.4
2022-02-08 17:00:00,-0.3716267460773186,8.080856419640986,0.013286315823993533,-5958.6
2022-02-08 18:00:00,-0.3483407171177575,8.11969625295725,0.004627809480949985,-5987.2
2022-02-08 19:00:00,-0.3409247854919495,8.134174272137903,-0.0021956133629084107,-5955.0
2022-02-08 20:00:00,-0.3376908769193845,8.146419323098003,-0.004080266925885034,-5898.2
2022-02-08 21:00:00,-0.30496643811793245,8.149312843635345,-0.02088178902488913,-5905.5
2022-02-08 22:00:00,-0.27613499371902694,8.153637486385282,-0.03812860143828534,-5834.0
2022-02-08 23:00:00,-0.21008146499213654,8.153349757998892,-0.05368571477936701,-5833.0
2022-02-09 00:00:00,-0.2612502479549903,8.19063168090354,-0.08618782493185329,-5572.7
2022-02-09 01:00:00,-0.21029654100315875,8.204945165019208,-0.08452250936832417,-5493.3
2022-02-09 02:00:00,-0.2082939301062776,8.215817791832453,-0.09951332480427855,-5475.7
2022-02-09 03:00:00,-0.20684231176959944,8.21716859576607,-0.10102429684147385,-5466.0
2022-02-09 04:00:00,-0.22700684886929334,8.209580483475577,-0.09353692266964497,-5519.3
2022-02-09 05:00:00,-0.345354252041719,8.199738960630786,-0.08296198753104544,-5745.2
2022-02-09 06:00:00,-0.5184054873743524,8.18060094759445,-0.05527616193756657,-5839.7
2022-02-09 07:00:00,-0.5818360325227441,8.147867129923947,-0.03691459358186311,-5759.6
2022-02-09 08:00:00,-0.625127012166999,8.106514516255185,-0.04352115818481117,-5718.7
2022-02-09 09:00:00,-0.6221688815545297,8.058010800802085,-0.044607794479823326,-5611.0
2022-02-09 10:00:00,-0.5938663558852189,8.001019961323651,-0.037316365392292994,-5532.3
2022-02-09 11:00:00,-0.6658015448104564,7.94873845481361,-0.06587998599058675,-5482.0
2022-02-09 12:00:00,-0.6492801771303354,7.9105906122564775,-0.07903517965954165,-5479.7
2022-02-09 13:00:00,-0.545561722323741,7.914617709040679,-0.062336665977693606,-5473.7
2022-02-09 14:00:00,-0.5109781166899667,7.951207156472972,-0.06408524297502449,-5469.1
2022-02-09 15:00:00,-0.4027909271815546,8.013674142832684,-0.058375765241762245,-5555.2
2022-02-09 16:00:00,-0.3621084287169629,8.075271546297458,-0.030548600000447124,-5693.4
2022-02-09 17:00:00,-0.33248060408594426,8.128880142125638,-0.031125148864008523,-5755.0
2022-02-09 18:00:00,-0.29149232334408826,8.178919332848396,-0.03993406937476962,-5737.8
2022-02-09 19:00:00,-0.2725581866803055,8.218247926685745,-0.04572583802857633,-5823.5
2022-02-09 20:00:00,-0.2775633500804848,8.252446090246952,-0.05309229220407197,-5863.7
2022-02-09 21:00:00,-0.3022808977976168,8.271036865792954,-0.06859748528492027,-6027.9
2022-02-09 22:00:00,-0.23410782136930441,8.277411998949004,-0.08423151097207171,-5921.8
2022-02-09 23:00:00,-0.2681793855733332,8.27563105457801,-0.0944590857399934,-5884.7
2022-02-10 00:00:00,-0.31788471931190854,8.297294370266917,-0.12192822834307204,-6067.0
2022-02-10 01:00:00,-0.2713465379393436,8.304247465078474,-0.1158348092064152,-5905.0
2022-02-10 02:00:00,-0.2769719271553388,8.309184527686298,-0.12591605339075151,-5871.5
2022-02-10 03:00:00,-0.255116136703339,8.314097335405807,-0.12779323914710705,-5858.6
2022-02-10 04:00:00,-0.24652024326800204,8.32020459757888,-0.11868229350767923,-5942.1
2022-02-10 05:00:00,-0.2504772851798718,8.317033476492403,-0.11106282614365348,-6169.1
2022-02-10 06:00:00,-0.4067641193626086,8.303752415563412,-0.10731737562037491,-6352.4
2022-02-10 07:00:00,-0.5458245772030601,8.296795865770052,-0.09335987926279454,-6262.3
2022-02-10 08:00:00,-0.6132567094554848,8.289037098278483,-0.09681526772738014,-6318.6
2022-02-10 09:00:00,-0.5839451180612749,8.289037098278483,-0.09556426291149478,-6367.2
2022-02-10 10:00:00,-0.5742535540476168,8.280711075662847,-0.0858049115230628,-6390.6
2022-02-10 11:00:00,-0.5374624569888096,8.27052509505507,-0.08710046951667927,-6386.1
2022-02-10 12:00:00,-0.60004226973146,8.263590432617319,-0.09791567067592855,-6414.0
2022-02-10 13:00:00,-0.5460513027205174,8.263590432617319,-0.10208976087391353,-6371.6
2022-02-10 14:00:00,-0.5339172205336822,8.260234291607297,-0.08900209033563655,-6392.1
2022-02-10 15:00:00,-0.39911075779301974,8.261268150577648,-0.0903984384993528,-6416.4
2022-02-10 16:00:00,-0.29322682313618076,8.264105763728956,-0.06755609668292983,-6493.8
2022-02-10 17:00:00,-0.2650684691577516,8.265135629937385,-0.07129685071932457,-6419.0
2022-02-10 18:00:00,-0.2364075766752216,8.260492856573185,-0.06562536549785314,-6378.7
2022-02-10 19:00:00,-0.21640063863288894,8.254788926148725,-0.06575708712594697,-6347.9
2022-02-10 20:00:00,-0.1761085219448888,8.245384468120747,-0.06396956955215849,-6285.4
2022-02-10 21:00:00,-0.13812355264445886,8.234299635696253,-0.059201805679196084,-6396.7
2022-02-10 22:00:00,-0.1353486167142841,8.22764270790443,-0.059826317198147905,-6161.4
2022-02-10 23:00:00,-0.12614104250409053,8.226305988015508,-0.05392851273691868,-6117.2
2022-02-11 00:00:00,-0.2114419774044083,8.248529124800218,-0.04477589671011373,-6328.0
2022-02-11 01:00:00,-0.15158448466922314,8.24800570160062,-0.03659778690990745,-6247.6
2022-02-11 02:00:00,-0.14441832252750775,8.246695943718557,-0.026713348024858696,-6242.4
2022-02-11 03:00:00,-0.1285964682337477,8.245909264774093,-0.025378540685208506,-6240.7
2022-02-11 04:00:00,-0.1795305625334067,8.245909264774093,-0.029350232159951695,-6237.7
2022-02-11 05:00:00,-0.23813908079589963,8.248790733696413,-0.03400508599555874,-6382.1
2022-02-11 06:00:00,-0.4766753792851177,8.252185436003328,-0.05498402541369174,-6338.0
2022-02-11 07:00:00,-0.5168951536145356,8.246958032568177,-0.0713860754238409,-6349.9
2022-02-11 08:00:00,-0.5464008785790253,8.22764270790443,-0.07115223769575962,-6451.6
2022-02-11 09:00:00,-0.4920932492467127,8.211211361793023,-0.066021469873494,-6435.8
2022-02-11 10:00:00,-0.42098161304242954,8.185628891147607,-0.0648943382099505,-6413.3
2022-02-11 11:00:00,-0.5289886316664947,8.121183242078828,-0.08929246798424373,-6269.0
2022-02-11 12:00:00,-0.48030499146683425,8.063692634269517,-0.06976491912678195,-6127.0
2022-02-11 13:00:00,-0.4767753752494608,8.086717920303906,-0.0783577258847643,-6129.3
2022-02-11 14:00:00,-0.4328548154088221,8.106212902619962,-0.05973878103687014,-6084.7
2022-02-11 15:00:00,-0.31108664932413665,8.068089626278244,-0.051504327903241,-5950.1
2022-02-11 16:00:00,-0.22629473853238036,8.033334015880062,-0.024905078507540424,-5809.5
2022-02-11 17:00:00,-0.18424258351228495,8.012018239159062,-0.041145587295927655,-5673.8
2022-02-11 18:00:00,-0.16568972337150045,8.016317898503415,-0.03512361082498039,-5505.3
2022-02-11 19:00:00,-0.13061169700762676,8.054522609537294,-0.02767937981129709,-5622.1
2022-02-11 20:00:00,-0.07842218469840434,8.10258642539079,-0.020500873544879283,-5721.2
2022-02-11 21:00:00,-0.06347199689364214,8.135346948906706,-0.014224617158554054,-5868.5
2022-02-11 22:00:00,-0.030762221875072715,8.177234885510194,-0.013563551166849486,-5740.0
2022-02-11 23:00:00,-0.022570196348946414,8.210396255104774,-0.0018614733823412166,-5829.8
2022-02-12 00:00:00,-0.21450253342780856,8.21878715560148,-0.02176262051096689,-5791.6
2022-02-12 01:00:00,-0.16066963994083938,8.240121298076472,-0.020004043646229874,-5788.1
2022-02-12 02:00:00,-0.09292907752799762,8.261526448396468,-0.018432390171303936,-5875.5
2022-02-12 03:00:00,-0.009164994715632702,8.280204233279974,-0.02048771869036692,-5872.2
2022-02-12 04:00:00,0.02976089616265387,8.281470857895167,-0.014692702737327146,-5916.2
2022-02-12 05:00:00,0.030529877824122753,8.258940462988459,-0.025808178281383043,-5912.8
2022-02-12 06:00:00,-0.05221925651528858,8.21554741194707,-0.035717449492647546,-5796.3
2022-02-12 07:00:00,-0.056914747758244566,8.18004072349016,-0.045817312043070046,-5787.3
2022-02-12 08:00:00,-0.15617081557085566,8.164225652265827,-0.04566422865708386,-5933.2
2022-02-12 09:00:00,-0.13487300014481907,8.150467911624004,-0.04667629902672488,-6050.2
2022-02-12 10:00:00,-0.12151517372005438,8.109525659752872,-0.04064132878200777,-6022.0
2022-02-12 11:00:00,-0.055639317465352,8.032035314398824,-0.020362981985244666,-5866.8
2022-02-12 12:00:00,0.013236354099947167,7.919356190660617,-0.011645742217869959,-5668.5
2022-02-12 13:00:00,0.03330097007882182,7.790696031174738,-0.03425031859745964,-5508.8
2022-02-12 14:00:00,0.093653204279176,7.647786045440933,-0.01897274128708304,-5354.2
2022-02-12 15:00:00,0.15572418463757565,7.519692404116539,-0.024757333385016622,-5169.3
2022-02-12 16:00:00,0.1589174027339646,7.43307534889858,-0.007913450147701617,-4937.7
2022-02-12 17:00:00,0.11992103228974749,7.38770923908104,-0.03430676238716934,-4865.8
2022-02-12 18:00:00,0.12935877057655576,7.343426229147367,-0.037085092611409465,-4861.9
2022-02-12 19:00:00,0.10395511553754222,7.317212408359839,-0.030768322410903437,-4888.4
2022-02-12 20:00:00,0.140933190435248,7.334981878871814,-0.025688420151666946,-4961.2
2022-02-12 21:00:00,0.04724009020855213,7.397561535524052,-0.022638651391561737,-4944.3
2022-02-12 22:00:00,-0.019660149542899408,7.501634457883413,-0.013428576121237157,-4854.7
2022-02-12 23:00:00,-0.05793804448732809,7.6251071482389,-0.01655588327218549,-4745.8
2022-02-13 00:00:00,-0.2454504345902735,7.830822995135316,-0.07232946005606244,-5335.4
2022-02-13 01:00:00,-0.23704068066641426,7.878534196140362,-0.08575009972736236,-5070.4
2022-02-13 02:00:00,-0.2801909073369524,7.903596289614301,-0.09115877996344501,-4947.7
2022-02-13 03:00:00,-0.32904941919727637,7.914617709040679,-0.09308964673542697,-4842.4
2022-02-13 04:00:00,-0.32147908682413595,7.9247959139564355,-0.08929217932792088,-4855.5
2022-02-13 05:00:00,-0.27148603497728585,7.953669778649798,-0.09833777029834767,-4902.5
2022-02-13 06:00:00,-0.20809712968419625,7.948031990637284,-0.09494216174539272,-4804.3
2022-02-13 07:00:00,-0.3108796084947105,7.911690520708339,-0.10318431381291582,-4661.8
2022-02-13 08:00:00,-0.31781711463332574,7.871692664323645,-0.09609929746425472,-4816.6
2022-02-13 09:00:00,-0.3298234253530121,7.837159650001675,-0.09005261656391994,-5104.0
2022-02-13 10:00:00,-0.24217201717464532,7.806696372521179,-0.07945319639920534,-5406.2
2022-02-13 11:00:00,-0.37579235874545036,7.816416983691801,-0.06393153311300814,-5522.4
2022-02-13 12:00:00,-0.18009938102499579,7.86172707782398,-0.04475361414037238,-5540.5
2022-02-13 13:00:00,-0.1886321148627763,7.903596289614301,-0.07267788392953811,-5563.0
2022-02-13 14:00:00,-0.2126415591259594,7.9483852851118995,-0.06450975957508387,-5576.9
2022-02-13 15:00:00,-0.15843849474327998,8.009363076630045,-0.06989459715105628,-5755.8
2022-02-13 16:00:00,-0.22429778691855873,8.076826031298808,-0.06854633672907084,-5958.2
2022-02-13 17:00:00,-0.3055829376195205,8.123854263105914,-0.09274564949621666,-6084.3
2022-02-13 18:00:00,-0.31669883693337875,8.155362120328135,-0.10228528427100247,-6173.6
2022-02-13 19:00:00,-0.3241037632557182,8.151909872940905,-0.11059651458242659,-6188.4
2022-02-13 20:00:00,-0.3293383449662568,8.119100837637486,-0.1118828528678657,-6026.1
2022-02-13 21:00:00,-0.326254025210309,8.062747901086354,-0.11438162463950263,-5982.4
2022-02-13 22:00:00,-0.2541294439408377,7.984462732262196,-0.10898442554019816,-5740.0
2022-02-13 23:00:00,-0.3122851344054087,7.878155336503324,-0.09856835749537751,-5297.8
2022-02-14 00:00:00,-0.3220038092903277,7.768110378525988,-0.14970934379956002,-5123.7
2022-02-14 01:00:00,-0.30109810285880867,7.578145472419466,-0.14595783381960103,-4655.6
2022-02-14 02:00:00,-0.3098316141977633,7.3537223303996315,-0.14101272360126949,-4250.8
2022-02-14 03:00:00,-0.2690338269354986,7.179307969504034,-0.13507082500769663,-4168.0
2022-02-14 04:00:00,-0.23195261361800767,7.095064377287131,-0.13025840765378138,-4306.0
2022-02-14 05:00:00,-0.2639155999407268,7.046647277848756,-0.12642495138683874,-4488.2
2022-02-14 06:00:00,-0.2298723996646741,6.977281341630747,-0.12221440736887601,-4634.5
2022-02-14 07:00:00,-0.41350683352716455,6.90975328164481,-0.12861145401960616,-4301.5
2022-02-14 08:00:00,-0.33962632818398397,6.836259277277067,-0.13479512716895226,-4548.9
2022-02-14 09:00:00,-0.319044527186473,6.7650389767805414,-0.1307446146004505,-4521.0
2022-02-14 10:00:00,-0.33605058780233366,6.679599185844383,-0.12268005015635897,-4477.9
2022-02-14 11:00:00,-0.31821291613185343,6.6052979209482015,-0.13063194214683982,-4444.1
2022-02-14 12:00:00,-0.3127998303094577,6.576469569048224,-0.11779047093291695,-4442.0
2022-02-14 13:00:00,-0.2698877985086061,6.601230118728877,-0.09930872346645803,-4487.5
2022-02-14 14:00:00,-0.26145215751605866,6.698268054115413,-0.087495480500702,-4537.6
2022-02-14 15:00:00,-0.17760596981159082,6.8690144506657065,-0.0896612527845333,-4630.2
2022-02-14 16:00:00,-0.12339675765435798,7.037027614686276,-0.08344641437442313,-4682.3
2022-02-14 17:00:00,-0.10665808635141882,7.162397497355718,-0.09346865965250473,-4785.7
2022-02-14 18:00:00,-0.005066947170107916,7.247792581767846,-0.10337635667310607,-4988.4
2022-02-14 19:00:00,0.02701112476790435,7.310550158534422,-0.09453480190309094,-5000.5
2022-02-14 20:00:00,0.030486233830703036,7.365812837209472,-0.09182709657506472,-5044.6
2022-02-14 21:00:00,0.022312609838775366,7.425357887027151,-0.09102659114535339,-5065.9
2022-02-14 22:00:00,-0.02155440272457687,7.489412083508719,-0.09399132483224548,-4977.9
2022-02-14 23:00:00,-0.0005398302641483887,7.53689712956617,-0.09301759492915895,-5039.5
2022-02-15 00:00:00,-0.06163007823799793,7.312553498102598,-0.12484782824621199,-4913.0
2022-02-15 01:00:00,-0.051073829242847424,7.358830898342354,-0.11802152871869254,-4728.5
2022-02-15 02:00:00,-0.07114053660161357,7.403670290012373,-0.12434721130499327,-4695.6
2022-02-15 03:00:00,-0.03435764972817257,7.457609289715606,-0.12340025186322379,-4853.8
2022-02-15 04:00:00,-0.07751136643513146,7.518064181233078,-0.11570025188220168,-4881.9
2022-02-15 05:00:00,-0.1593504195316604,7.585788821732034,-0.12080814134639528,-5101.7
2022-02-15 06:00:00,-0.22785117701121305,7.649692623711514,-0.12497133752378797,-5343.2
2022-02-15 07:00:00,-0.44526014894285515,7.717796211013582,-0.12792463716769475,-5398.1
2022-02-15 08:00:00,-0.5624669758462977,7.749753406274437,-0.12874890388714366,-5420.3
2022-02-15 09:00:00,-0.5564092365884852,7.775695749915245,-0.12423620187352036,-5461.3
2022-02-15 10:00:00,-0.5253878650073083,7.765993079407675,-0.11548508072859054,-5402.8
2022-02-15 11:00:00,-0.5783373148295325,7.748028524432376,-0.10840159753865208,-5403.4
2022-02-15 12:00:00,-0.5950934183234295,7.7458682297922685,-0.1174507434628893,-5416.7
2022-02-15 13:00:00,-0.5600239193861007,7.756623334538858,-0.0914879444204546,-5497.7
2022-02-15 14:00:00,-0.5764848184425806,7.774015077250727,-0.08614411169887948,-5488.8
2022-02-15 15:00:00,-0.46237697525856314,7.804251383528112,-0.09120932663403192,-5442.4
2022-02-15 16:00:00,-0.39073752081166546,7.824845691026856,-0.0828133839601426,-5416.6
2022-02-15 17:00:00,-0.3674060584730885,7.824046010856292,-0.09813623751657197,-5356.5
2022-02-15 18:00:00,-0.3244205334001058,7.784473235736469,-0.1004497807258451,-5307.4
2022-02-15 19:00:00,-0.3052725768729645,7.739794458408701,-0.10259907192262219,-5220.6
2022-02-15 20:00:00,-0.29263543186719243,7.684324067681155,-0.08761849600269045,-5138.5
2022-02-15 21:00:00,-0.24326748348843896,7.590852123688581,-0.08454185117392399,-5017.3
2022-02-15 22:00:00,-0.20761935602060744,7.473069088032197,-0.08652103268013178,-4603.2
2022-02-15 23:00:00,-0.10825581812328888,7.340835554123275,-0.07881400832615082,-4436.2
2022-02-16 00:00:00,-0.16057745630954345,7.258412150595307,-0.062364283492882144,-4144.6
2022-02-16 01:00:00,-0.09573708631002287,7.122866658599083,-0.04885343316158952,-3741.3
2022-02-16 02:00:00,-0.05652704163429556,6.960347729101308,-0.04756794584944224,-3557.6
2022-02-16 03:00:00,-0.009908517764739777,6.813444599510896,-0.0454697325834994,-3520.2
2022-02-16 04:00:00,-0.00899756263226692,6.773080375655535,-0.04511433799341624,-3745.9
2022-02-16 05:00:00,-0.18028968275450996,6.782192056006791,-0.0547911105643486,-4217.3
2022-02-16 06:00:00,-0.36425480754709394,6.784457062637643,-0.07347120552879538,-4532.9
2022-02-16 07:00:00,-0.42909519361701065,6.834108738813838,-0.08658421811965233,-4533.6
2022-02-16 08:00:00,-0.436444590844864,6.881411303642535,-0.08989731997496175,-4588.8
2022-02-16 09:00:00,-0.4060339603947969,6.880384082186005,-0.08557523296804614,-4654.3
2022-02-16 10:00:00,-0.36374719083458373,6.85751406254539,-0.07630853323547182,-4701.0
2022-02-16 11:00:00,-0.47364585836278295,6.881411303642535,-0.08228874065697944,-4750.8
2022-02-16 12:00:00,-0.4872533736267446,6.953684210870537,-0.08136346941913253,-4773.5
2022-02-16 13:00:00,-0.4406315389505502,7.080026499922591,-0.052447251732051114,-4873.9
2022-02-16 14:00:00,-0.4172423861537524,7.231287004327616,-0.05134621719759469,-5015.9
2022-02-16 15:00:00,-0.30582507059810693,7.385230923066573,-0.06303343551574336,-5216.9
2022-02-16 16:00:00,-0.2676699618837177,7.4999765409521215,-0.059721133636783996,-5369.8
2022-02-16 17:00:00,-0.2081576047695326,7.561121589530238,-0.07739674815182873,-5434.4
2022-02-16 18:00:00,-0.17457546357555387,7.560080465021827,-0.07904896802078287,-5512.3
2022-02-16 19:00:00,-0.1451470678949467,7.528869256642251,-0.07830499831711979,-5508.2
2022-02-16 20:00:00,-0.15844252158244165,7.488852955733459,-0.06959820808636241,-5414.8
2022-02-16 21:00:00,-0.19452803650117056,7.4413203897176174,-0.06272949778699477,-5361.2
2022-02-16 22:00:00,-0.11848161908639954,7.389563953677635,-0.06428710147337124,-4967.4
2022-02-16 23:00:00,-0.11744326749917988,7.3277805384216315,-0.05322164991671219,-4894.5
2022-02-17 00:00:00,-0.15807704316950977,7.1929342212158,-0.0395545685421137,-4467.1
2022-02-17 01:00:00,-0.08719515446831316,7.1569563646156364,-0.03619351988308672,-4461.3
2022-02-17 02:00:00,-0.07676994508353552,7.138866999945524,-0.03812067008891251,-4527.9
2022-02-17 03:00:00,-0.07999153366888434,7.135687347028144,-0.03574849946505321,-4358.2
2022-02-17 04:00:00,-0.04299818152929902,7.1569563646156364,-0.03152774234642486,-4634.8
2022-02-17 05:00:00,-0.08051246107482246,7.204892510204673,-0.034825504959504094,-4756.0
2022-02-17 06:00:00,-0.11688108098380878,7.238496840894365,-0.04030666533741467,-5087.1
2022-02-17 07:00:00,-0.2212711999278021,7.259819610363186,-0.04162808453934286,-5082.9
2022-02-17 08:00:00,-0.40712450396781197,7.23561914106675,-0.04184647595779989,-4965.8
2022-02-17 09:00:00,-0.23685566159918992,7.220373836723949,-0.04037160419216157,-5136.5
2022-02-17 10:00:00,-0.23360792618453452,7.181591944611865,-0.03122110413746526,-5099.3
2022-02-17 11:00:00,-0.17875430326797925,7.147559271189454,-0.02543551357483942,-5025.4
2022-02-17 12:00:00,-0.27959252996621053,7.1372784372603855,-0.038614447309208266,-4962.2
2022-02-17 13:00:00,-0.2923884774662393,7.161622002939187,-0.036374441111791,-4947.4
2022-02-17 14:00:00,-0.32700287977696174,7.212294468500341,-0.02156080954010431,-4947.5
2022-02-17 15:00:00,-0.223263921181875,7.288927694521257,-0.028600896693203204,-4942.9
2022-02-17 16:00:00,-0.1581763146823416,7.3833681469923835,-0.019014096664075275,-4971.2
2022-02-17 17:00:00,-0.12908412541958914,7.43307534889858,-0.03805030260865028,-4901.8
2022-02-17 18:00:00,-0.10348023118474048,7.471363088187097,-0.03582632087728754,-4872.9
2022-02-17 19:00:00,-0.08573794011284441,7.521859252201629,-0.034446978897490155,-4887.4
2022-02-17 20:00:00,-0.06780712942823319,7.576097340623111,-0.03006801787647717,-4933.2
2022-02-17 21:00:00,-0.08892806943663167,7.621684998724611,-0.024923769545420527,-4967.7
2022-02-17 22:00:00,-0.052602130057617824,7.646353722445999,-0.02971867430686359,-4930.6
2022-02-17 23:00:00,-0.03306621410158472,7.664815785285735,-0.02468360872802844,-4916.2
2022-02-18 00:00:00,-0.11639268985306339,7.640123172695364,0.004616858619463038,-4561.1
2022-02-18 01:00:00,-0.08561124305599188,7.66105638236183,0.000453150762099952,-4369.8
2022-02-18 02:00:00,-0.07682031911501364,7.671826797878781,0.002031771950748329,-4307.2
2022-02-18 03:00:00,-0.05974759559505438,7.691656822810547,0.0012062931258531862,-4337.0
2022-02-18 04:00:00,-0.09043056774736069,7.721348612617949,0.0013427142394544234,-4512.4
2022-02-18 05:00:00,-0.13135304814685256,7.747164966520335,0.03121966992361358,-4707.7
2022-02-18 06:00:00,-0.3349704108199538,7.7664168980196555,0.05705516906343977,-5098.3
2022-02-18 07:00:00,-0.36531160565866516,7.779048644925556,0.0547852658591772,-5151.1
2022-02-18 08:00:00,-0.39861289253959553,7.762596048540069,0.0485257768351719,-5312.6
2022-02-18 09:00:00,-0.37077202052912117,7.736307096548285,0.046857878198359515,-5457.4
2022-02-18 10:00:00,-0.3044270787690535,7.691656822810547,0.027209976700740768,-5446.9
2022-02-18 11:00:00,-0.4143939384969664,7.540090320145325,-0.009213527770258523,-5317.5
2022-02-18 12:00:00,-0.35586535029285127,7.340186835320115,-0.000772047639831186,-5042.4
2022-02-18 13:00:00,-0.3317426971457018,7.242082359256962,-0.010214055872890704,-4943.6
2022-02-18 14:00:00,-0.28366988220429556,7.2485040723706105,0.004707959090128,-4926.6
2022-02-18 15:00:00,-0.18366516770817798,7.2813856635702825,0.020782807193254982,-4889.8
2022-02-18 16:00:00,-0.10337806635625224,7.337587743538596,0.03802584272224685,-4930.6
2022-02-18 17:00:00,-0.07618483088545736,7.355001921105257,0.0075150515835105125,-4889.7
2022-02-18 18:00:00,-0.05672126633747521,7.292337176173877,0.018704998212900392,-4836.9
2022-02-18 19:00:00,0.014625656753205263,7.161622002939187,0.021396413898565392,-4735.0
2022-02-18 20:00:00,0.09557177365778768,7.002155954403621,0.014265084298334507,-4653.2
2022-02-18 21:00:00,0.13233341951031008,6.859614903654202,0.01528728186776629,-4583.7
2022-02-18 22:00:00,0.22827609717614594,6.741700694652055,0.015807135629138713,-4528.5
2022-02-18 23:00:00,0.256262260825852,6.628041376179533,0.010235448326487706,-4495.6
2022-02-19 00:00:00,0.14060868853474107,6.543911845564792,0.015126808174747097,-4131.0
2022-02-19 01:00:00,0.2083726256965437,6.576469569048224,0.020923709427346893,-4052.0
2022-02-19 02:00:00,0.2414086865645828,6.654152520183219,0.014580825299561617,-3918.7
2022-02-19 03:00:00,0.20235841528329868,6.748759547491679,0.014788379110674654,-3597.4
2022-02-19 04:00:00,0.1527972272023832,6.810142450115136,0.016046888716545027,-3226.4
2022-02-19 05:00:00,0.16377842502178463,6.856461984594587,0.0016760510327475941,-3289.4
2022-02-19 06:00:00,0.11872739826338874,6.904750769961838,0.040268457485273856,-3386.2
2022-02-19 07:00:00,0.08523254382904666,6.9957661563048505,0.05193938039474588,-3587.9
2022-02-19 08:00:00,-0.00843412124637588,7.089243155027514,0.06785959763990412,-3752.7
2022-02-19 09:00:00,0.013211932451052455,7.191429330036379,0.07753901739473079,-4109.2
2022-02-19 10:00:00,0.046933719383114525,7.264730177929867,0.05830215733656363,-4268.7
2022-02-19 11:00:00,0.10256854582978336,7.20414929203594,0.05399078100171639,-4259.4
2022-02-19 12:00:00,0.14827263790389011,7.095893221097532,0.03780689299268314,-4050.5
2022-02-19 13:00:00,0.10670104024740201,7.141245122350491,0.005745137960833979,-3962.5
2022-02-19 14:00:00,0.09304288994836085,7.257002707092073,4.6851064563036005e-05,-3928.0
2022-02-19 15:00:00,0.12052450250594537,7.40184157874383,-0.005944897394295268,-4016.3
2022-02-19 16:00:00,0.2138286246170087,7.578145472419466,0.04145027297063475,-4560.9
2022-02-19 17:00:00,0.17074555835745198,7.698936199813447,0.06756696653115934,-4729.3
2022-02-19 18:00:00,0.11360122247418492,7.773594467360194,0.060970927256901675,-4906.8
2022-02-19 19:00:00,0.04397241093583171,7.803843303538772,0.053879886835654034,-4952.3
2022-02-19 20:00:00,0.0577498663330136,7.814399633804487,0.03869614824909018,-4989.9
2022-02-19 21:00:00,0.01296500929986566,7.813187267521416,0.016037463000836638,-4998.6
2022-02-19 22:00:00,0.02903742632036943,7.809135398120538,0.017934641944432173,-4964.7
2022-02-19 23:00:00,0.03590082558615437,7.785720896534624,-0.0070521158581478005,-4954.2
2022-02-20 00:00:00,-0.0943522902434375,7.71244383427499,0.03735484030908243,-4845.7
2022-02-20 01:00:00,-0.024720362320054257,7.653020413804189,0.034904026043662384,-4787.6
2022-02-20 02:00:00,0.012093106048197022,7.560080465021827,0.04411629226590463,-4677.8
2022-02-20 03:00:00,0.028609143781908042,7.45182223652793,0.05133430874554268,-4567.6
2022-02-20 04:00:00,0.07552117658808033,7.330405211844402,0.05203033624522568,-4504.4
2022-02-20 05:00:00,0.13143518979514068,7.23561914106675,0.05170410269656056,-4489.3
2022-02-20 06:00:00,0.21529419469211986,7.1569563646156364,0.06649164083909831,-4513.4
2022-02-20 07:00:00,0.14749953989873754,7.099201743553092,0.06881076360899296,-4575.1
2022-02-20 08:00:00,0.08004339408961947,7.028201432058005,0.07236522466827378,-4608.6
2022-02-20 09:00:00,0.022588660354771584,6.956545443151569,0.061916380998701115,-4650.1
2022-02-20 10:00:00,0.05085766160373062,6.805722553416985,0.0507401691051621,-4650.8
2022-02-20 11:00:00,-0.047978184867351725,6.42648845745769,0.04038622958276239,-4515.7
2022-02-20 12:00:00,0.1768399033858019,5.916202062607435,0.040854746133665465,-4388.2
2022-02-20 13:00:00,0.19700359182907112,5.58724865840025,0.0012777768995420047,-4328.0
2022-02-20 14:00:00,0.2134288291113684,5.5093883366279774,0.0161916011767671,-4292.9
2022-02-20 15:00:00,0.2569410704220627,5.707110264748875,0.03187107428865943,-4302.2
2022-02-20 16:00:00,0.17345928030563362,6.049733455231958,0.04991812995879208,-4338.5
2022-02-20 17:00:00,0.08381665921158588,6.280395838960195,0.04671461425058521,-4350.6
2022-02-20 18:00:00,0.045127136891565556,6.423246963533519,0.06388732098278371,-4430.5
2022-02-20 19:00:00,0.017504982328369945,6.51471269087253,0.06316965564982979,-4488.7
2022-02-20 20:00:00,0.004924795045098129,6.612041034833092,0.06365547937798421,-4562.2
2022-02-20 21:00:00,-0.18714976125412086,6.825460036255307,0.06632398782220417,-4431.2
2022-02-20 22:00:00,-0.014178774310246833,6.97914527506881,0.06667414158390716,-4763.9
2022-02-20 23:00:00,-0.18616402227264528,7.085901464365611,0.0714901053665189,-4386.0
2022-02-21 00:00:00,-0.350099302743363,7.146772179452637,0.0899930467640857,-3559.9
2022-02-21 01:00:00,-0.3731704508999325,7.24422751560335,0.09813829482948755,-3445.9
2022-02-21 02:00:00,-0.37299605209792386,7.311218384419629,0.08442150325794717,-3349.6
2022-02-21 03:00:00,-0.3691172854924809,7.358193752733032,0.07409996223811532,-3371.0
2022-02-21 04:00:00,-0.39830222484591005,7.421775793644647,0.07019986082934437,-3436.1
2022-02-21 05:00:00,-0.32117526422373244,7.497207223203318,0.07228066143857337,-4195.2
2022-02-21 06:00:00,-0.27336890768074396,7.555905093611346,0.056908224228943816,-5085.1
2022-02-21 07:00:00,-0.4011748386789935,7.580189417944541,0.03445782664002106,-5224.2
2022-02-21 08:00:00,-0.45411221319714556,7.58629630715272,0.028661764614546392,-5252.2
2022-02-21 09:00:00,-0.46263187047186705,7.572502985020384,0.032784877770555276,-5314.1
2022-02-21 10:00:00,-0.4764605327921778,7.549082710812286,0.03891791274618317,-5251.7
2022-02-21 11:00:00,-0.4539971000972258,7.510430556378006,0.033080232265983334,-5216.7
2022-02-21 12:00:00,-0.42450381988945907,7.48324441607385,0.052970263459961586,-5264.3
2022-02-21 13:00:00,-0.36577562346233305,7.526717561352706,0.07664575513429561,-5343.9
2022-02-21 14:00:00,-0.3419026456462513,7.584773077612199,0.08076392277612587,-5448.7
2022-02-21 15:00:00,-0.23990278103696827,7.647786045440933,0.07025313175947545,-5522.6
2022-02-21 16:00:00,-0.18099622473658172,7.7039102096163115,0.06702403230702281,-5579.0
2022-02-21 17:00:00,-0.1335469865677501,7.754052639035757,0.0514987267606033,-5554.7
2022-02-21 18:00:00,-0.017489467168665396,7.784057002639929,0.04907785479356175,-5403.7
2022-02-21 19:00:00,0.01310821959891273,7.78155595923534,0.06651882027860889,-5407.0
2022-02-21 20:00:00,0.054631284578537276,7.763871287820222,0.07462111106259961,-5394.4
2022-02-21 21:00:00,0.08409696237085829,7.741967899820685,0.07871404486404465,-5313.0
2022-02-21 22:00:00,0.05158238126604964,7.726212650507529,0.08004605662179998,-5215.1
2022-02-21 23:00:00,0.0517633466300631,7.721348612617949,0.088387791393016,-5182.2
2022-02-22 00:00:00,0.16948164272538868,7.554858521040676,0.07413599280433569,-4657.0
2022-02-22 01:00:00,0.21673756626015095,7.571473648851271,0.08766625668657557,-4593.5
2022-02-22 02:00:00,0.2136759883045336,7.5822291942764615,0.0853253131481786,-4558.7
2022-02-22 03:00:00,0.2263686127350799,7.597396320212795,0.08706765736676392,-4565.9
2022-02-22 04:00:00,0.20233698111088572,7.592870287844818,0.08877500842969521,-4552.2
2022-02-22 05:00:00,0.10579802711270903,7.555381944240273,0.07786255344908888,-4718.8
2022-02-22 06:00:00,0.17017065147757382,7.4815557019095165,0.055165895121820796,-5087.2
2022-02-22 07:00:00,1.5310996943126574,7.362010551259734,0.037920501146332164,-4956.0
2022-02-22 08:00:00,1.8859145295051487,7.206377291472252,0.0413730039337139,-4813.7
2022-02-22 09:00:00,1.7575364815415302,6.855408798609928,0.04399159184457435,-4479.0
2022-02-22 10:00:00,1.5679002107137014,6.45833828334479,0.04432554124295596,-4293.0
2022-02-22 11:00:00,1.4538883653867627,5.905361848054571,0.04381857975854775,-4211.7
2022-02-22 12:00:00,1.340091253938347,5.476463551931511,0.030242867326483847,-4155.2
2022-02-22 13:00:00,1.3740979477168063,5.236441962829949,0.04968103764789866,-4227.8
2022-02-22 14:00:00,1.3834115725874732,5.153291594497779,0.054998826274736956,-4221.8
2022-02-22 15:00:00,1.5658026746307199,5.170483995038151,0.05473261144692376,-4206.8
2022-02-22 16:00:00,1.3631894927445005,5.288267030694535,0.06517837678876415,-4150.1
2022-02-22 17:00:00,1.4062400898323126,5.488937726156687,0.059482962330212,-4112.2
2022-02-22 18:00:00,1.1705923353699879,5.683579767338681,0.07390360641893245,-4141.4
2022-02-22 19:00:00,0.8407102659270222,5.814130531825066,0.08108177824818075,-4199.0
2022-02-22 20:00:00,0.5030923024466256,5.961005339623274,0.10541397136877517,-4228.0
2022-02-22 21:00:00,0.4252907520932441,6.184148890937483,0.11658488223848718,-4313.6
2022-02-22 22:00:00,0.14972365146973976,6.431331081933479,0.1269727689066782,-4285.9
2022-02-22 23:00:00,0.17021377506839386,6.654152520183219,0.13966246988331044,-4454.0
2022-02-23 00:00:00,0.08227116608399898,7.283448228756631,0.1835255539771108,-4807.1
2022-02-23 01:00:00,0.11527910439384081,7.355001921105257,0.18212992633573322,-4906.5
2022-02-23 02:00:00,0.12916987823723058,7.422373700986824,0.16855044822860066,-4892.2
2022-02-23 03:00:00,0.12205110915790751,7.48605261786314,0.16723968975320602,-4929.3
2022-02-23 04:00:00,0.09050274370546507,7.52456122628536,0.16746945310579164,-4942.0
2022-02-23 05:00:00,-0.023351721254496915,7.521859252201629,0.1647094494713599,-4896.6
2022-02-23 06:00:00,-0.13541323511824643,7.510977752014095,0.1646258954524722,-4953.6
2022-02-23 07:00:00,-0.19965099139616793,7.499423290592229,0.16157064987088532,-4869.2
2022-02-23 08:00:00,-0.21040357546568478,7.455876687491824,0.16492711541959437,-4716.5
2022-02-23 09:00:00,-0.28297925195681684,7.4413203897176174,0.1630588386875429,-4769.5
2022-02-23 10:00:00,-0.2717828567161056,7.333023014386481,0.16171462484935173,-4696.8
2022-02-23 11:00:00,-0.31426640845272535,7.153833801578843,0.14048709599965825,-4519.2
2022-02-23 12:00:00,-0.34694582789168393,7.062191632286556,0.13081105052450326,-4489.8
2022-02-23 13:00:00,-0.27477011107142824,7.252762418053187,0.1415984969683599,-4568.4
2022-02-23 14:00:00,-0.33257853829516426,7.591861714889934,0.13503024222031978,-4866.5
2022-02-23 15:00:00,-0.33007568162714795,7.879291485082271,0.13534280387288433,-5233.9
2022-02-23 16:00:00,-0.3110388015135763,8.062432791583195,0.1358486928939433,-5475.6
2022-02-23 17:00:00,-0.30180727286934417,8.167919362957816,0.1391678320643388,-5637.9
2022-02-23 18:00:00,-0.2811563140134261,8.226038429485484,0.14510278648592667,-5680.9
2022-02-23 19:00:00,-0.2712397949270473,8.253227645581772,0.1388505111524676,-5738.0
2022-02-23 20:00:00,-0.28091568308923875,8.266678443305896,0.1367624031534671,-5802.7
2022-02-23 21:00:00,-0.3319927390278057,8.274611946209552,0.13683247636061413,-5874.0
2022-02-23 22:00:00,-0.2765470046444607,8.267192185932146,0.12350469829014799,-5748.7
2022-02-23 23:00:00,-0.2923298458056163,8.246171559857563,0.10824741071822608,-5555.9
2022-02-24 00:00:00,-0.32150135978209704,8.262558973010657,0.09259210195946199,-5255.1
2022-02-24 01:00:00,-0.30866430094653907,8.246695943718557,0.08893813246299054,-4995.0
2022-02-24 02:00:00,-0.32524676021313415,8.216358332386156,0.08061976152379824,-4906.2
2022-02-24 03:00:00,-0.2837110119803943,8.156797046675651,0.07719711745956026,-4757.7
2022-02-24 04:00:00,-0.21417822209993265,8.091933455979893,0.0711520179410936,-4765.2
2022-02-24 05:00:00,-0.19918399079232119,8.024207485778577,0.05686737196965819,-4828.0
2022-02-24 06:00:00,-0.3342069859417358,7.950502434808851,0.04272302983539866,-5511.1
2022-02-24 07:00:00,-0.43768071906066774,7.901377353792616,0.03229198244330256,-5496.2
2022-02-24 08:00:00,-0.5109127873370842,7.874358824729881,0.028402365200483892,-5501.0
2022-02-24 09:00:00,-0.48554674058023606,7.893945138235959,0.019838681591828333,-5500.4
2022-02-24 10:00:00,-0.4851928257633231,7.912056888179006,0.007846364053444077,-5462.2
2022-02-24 11:00:00,-0.44239900800241516,7.898411092811599,-0.0036423450927696166,-5407.7
2022-02-24 12:00:00,-0.5051067854913769,7.897668150726906,-0.021262413767383137,-5408.2
2022-02-24 13:00:00,-0.4622875142616367,7.917900586327916,-0.02208519129843456,-5434.7
2022-02-24 14:00:00,-0.45460938245386995,7.956827122090111,-0.007780159671352038,-5488.6
2022-02-24 15:00:00,-0.328307931060829,8.010359588919783,-0.00018861347037191223,-5532.2
2022-02-24 16:00:00,-0.23101363863460778,8.055157731819678,0.02684932012910579,-5611.9
2022-02-24 17:00:00,-0.2001489230584359,8.096208271650037,0.024054858186524086,-5657.2
2022-02-24 18:00:00,-0.15175693203286533,8.1101268019411,0.039551815298335846,-5595.4
2022-02-24 19:00:00,-0.12869505821378313,8.09132127353041,0.040631898539789546,-5618.1
2022-02-24 20:00:00,-0.10219626365811907,8.054522609537294,0.043543799466768895,-5594.3
2022-02-24 21:00:00,-0.10780842888574282,8.003028666384733,0.04296106858716975,-5563.1
2022-02-24 22:00:00,-0.0699047084619,7.9269635448629785,0.03256198588975323,-5366.6
2022-02-24 23:00:00,-0.036268266149064754,7.841099765422119,0.023542712468985982,-5305.8
2022-02-25 00:00:00,-0.0568814615058395,7.499423290592229,-0.017719095322600076,-4700.9
2022-02-25 01:00:00,0.02377342290156026,7.354362330421477,-0.018683714596191336,-4548.7
2022-02-25 02:00:00,0.05139033970362883,7.223295679562314,-0.023537061606438314,-4505.4
2022-02-25 03:00:00,0.0781425633604238,7.109062135687172,-0.014868722454278505,-4522.5
2022-02-25 04:00:00,0.025821241535247452,7.085901464365611,-0.011842060937294896,-4583.4
2022-02-25 05:00:00,-0.05012760822426632,7.157735484249907,0.0046778275135368474,-4787.4
2022-02-25 06:00:00,-0.24348149211740644,7.2399325913204695,0.012070073146630556,-4820.4
2022-02-25 07:00:00,-0.28645595446221295,7.395721608602045,-0.007581126533708016,-5022.8
2022-02-25 08:00:00,-0.3436182499137308,7.550661243105336,-0.03151693083836449,-5348.5
2022-02-25 09:00:00,-0.3222158839760163,7.700295203420117,-0.03462379901988655,-5626.2
2022-02-25 10:00:00,-0.2693993432016293,7.773594467360194,-0.032945614177111615,-5748.9
2022-02-25 11:00:00,-0.3885744315671231,7.7651449029361315,-0.060964592822704056,-5763.2
2022-02-25 12:00:00,-0.35526239579764685,7.80710329012598,-0.0716843055125862,-5952.3
2022-02-25 13:00:00,-0.3547044310324301,7.936660155225426,-0.0720115976790403,-6127.0
2022-02-25 14:00:00,-0.32763300562541176,8.078998258685154,-0.06415379924598685,-6380.1
2022-02-25 15:00:00,-0.22688176920796055,8.191463051326927,-0.057770918668555105,-6573.6
2022-02-25 16:00:00,-0.1508738878258291,8.24564690087386,-0.04902542496687179,-6677.2
2022-02-25 17:00:00,-0.11196903137575509,8.281977058867758,-0.07292353179022726,-6731.2
2022-02-25 18:00:00,-0.09277772332675083,8.305731144875866,-0.061301913995917445,-6630.7
2022-02-25 19:00:00,-0.03747576871988301,8.308691916838898,-0.04960701368159803,-6701.9
2022-02-25 20:00:00,0.026454454407624173,8.294799358992574,-0.047271114609483966,-6702.3
2022-02-25 21:00:00,0.03301973834804173,8.272059622210412,-0.04115402903718568,-6657.5
2022-02-25 22:00:00,0.09988732437456083,8.249836485425702,-0.039225336681332656,-6405.7
2022-02-25 23:00:00,0.13220961215587357,8.21851757748959,-0.038529666056493106,-6365.3
2022-02-26 00:00:00,-0.029580194933796378,8.14002395246292,-0.06932702266376634,-6344.3
2022-02-26 01:00:00,0.030677137291371448,8.069029328774958,-0.05717503448478389,-6046.8
2022-02-26 02:00:00,0.1133567597046854,7.979338895262328,-0.04872134703020414,-5828.6
2022-02-26 03:00:00,0.21022056645624776,7.876258882303226,-0.037240339608985984,-5674.1
2022-02-26 04:00:00,0.2659120316402146,7.769800996003896,-0.05023764015673926,-5590.0
2022-02-26 05:00:00,0.27368305597689524,7.62657020629066,-0.051908195101359134,-5398.0
2022-02-26 06:00:00,0.26125827893622455,7.450079569807499,-0.02800731106668053,-5035.3
2022-02-26 07:00:00,0.26461244136821493,7.249925536717988,-0.018239730851711933,-4847.3
2022-02-26 08:00:00,0.24020443754124043,7.023758954738443,-0.029892585819973228,-4655.7
2022-02-26 09:00:00,0.22006553078599378,6.854354502255021,-0.05107836042736302,-4626.9
2022-02-26 10:00:00,0.2143808600618229,6.6895992691789665,-0.07188612182011589,-4578.9
2022-02-26 11:00:00,0.2692314196905423,6.584791392385716,-0.09431969109224081,-4563.0
2022-02-26 12:00:00,0.24181848202684186,6.679599185844383,-0.10264118822237478,-4794.1
2022-02-26 13:00:00,0.1450804683989957,7.003065458786462,-0.11010366111571912,-5011.7
2022-02-26 14:00:00,0.1319583061980345,7.422373700986824,-0.08908513041502086,-5356.8
2022-02-26 15:00:00,0.1520767641805323,7.7752758464868625,-0.08606934782342535,-5546.9
2022-02-26 16:00:00,0.12384730330699645,7.9676267393338165,-0.04472742327041779,-5781.8
2022-02-26 17:00:00,0.06575616907241422,8.052933036797567,-0.050428496104249376,-5891.5
2022-02-26 18:00:00,0.06292693151091822,8.092239406724211,-0.05568806171348761,-5750.2
2022-02-26 19:00:00,0.018809991033588602,8.09712193091871,-0.06098504626825374,-5672.3
2022-02-26 20:00:00,0.05028714513142418,8.080546965824498,-0.06846223613495361,-5592.9
2022-02-26 21:00:00,0.011095267402711606,8.049107721326406,-0.08791893728885913,-5478.3
2022-02-26 22:00:00,0.019735033658056178,8.006367567650246,-0.09364259000504216,-5358.0
2022-02-26 23:00:00,0.026036380615240162,7.953669778649798,-0.10062969343869099,-5271.0
2022-02-27 00:00:00,-0.13727214448292147,7.940583827104244,-0.08535711527858503,-5156.1
2022-02-27 01:00:00,-0.10705664898069012,7.942362237674335,-0.07773172916041116,-5051.7
2022-02-27 02:00:00,-0.11086860508663765,7.940939762327791,-0.07442922913081329,-5019.1
2022-02-27 03:00:00,-0.1293426455943929,7.934871565945177,-0.06828306753714841,-5015.0
2022-02-27 04:00:00,-0.09971579797888452,7.924072324923417,-0.06808186857342413,-5115.8
2022-02-27 05:00:00,-0.05507239587927515,7.906178840394815,-0.07003933417592023,-5155.4
2022-02-27 06:00:00,0.02829164838003395,7.888334500738654,-0.07076515996170585,-5151.1
2022-02-27 07:00:00,-0.035437590937431374,7.873217054862741,-0.060624699394120185,-5201.1
2022-02-27 08:00:00,-0.10748252161169702,7.852050207265889,-0.05745993139154315,-5259.9
2022-02-27 09:00:00,-0.16288026692401392,7.841492924460013,-0.08532943801167292,-5242.5
2022-02-27 10:00:00,-0.13909292235471504,7.794411205726601,-0.09632233653842803,-5166.6
2022-02-27 11:00:00,-0.2713606562639308,7.692569648067906,-0.09462177247845727,-4967.8
2022-02-27 12:00:00,-0.06887374591477124,7.630946580890459,-0.09378039936229499,-4911.3
2022-02-27 13:00:00,-0.07906359780474492,7.705262474866325,-0.12408340546495378,-4992.7
2022-02-27 14:00:00,-0.1121659821441896,7.849323818040561,-0.10493033574513078,-5154.8
2022-02-27 15:00:00,-0.08573873415108935,7.980707820869669,-0.10097962945245786,-5410.0
2022-02-27 16:00:00,-0.16574768910472315,8.07153089355666,-0.09391658172341444,-5544.6
2022-02-27 17:00:00,-0.2601654579287276,8.13622555490846,-0.11074613551983692,-5657.9
2022-02-27 18:00:00,-0.261255881280293,8.165079258805068,-0.08598460227277727,-5452.6
2022-02-27 19:00:00,-0.27207642592706316,8.15908865466791,-0.08462102817916595,-5474.0
2022-02-27 20:00:00,-0.26496773584318456,8.130647968160584,-0.08216755175809443,-5404.7
2022-02-27 21:00:00,-0.2724982819054853,8.09162741160107,-0.07170988877063422,-5279.9
2022-02-27 22:00:00,-0.19342813206723086,8.031385330625534,-0.06566417076387676,-5077.4
2022-02-27 23:00:00,-0.193974215172799,7.943427767876373,-0.05475763639229125,-4970.9
2022-02-28 00:00:00,-0.27686397329785173,7.803026643632217,-0.06565528833069134,-5224.9
2022-02-28 01:00:00,-0.2469611733176187,7.663407664893479,-0.05136286324445383,-5009.6
2022-02-28 02:00:00,-0.24168185695835476,7.515344571180436,-0.05214228314441893,-4814.6
2022-02-28 03:00:00,-0.21639009345007665,7.385230923066573,-0.05853074788536272,-4730.0
2022-02-28 04:00:00,-0.2506109942042012,7.333676395657684,-0.05978687914034353,-4699.8
2022-02-28 05:00:00,-0.32665806808961273,7.360103972989152,-0.023892350780036153,-4841.6
2022-02-28 06:00:00,-0.3729732433053474,7.415776975415394,-0.007517880518198794,-4782.0
2022-02-28 07:00:00,-0.4496864901046669,7.438971592395862,-0.014291671418509289,-4789.7
2022-02-28 08:00:00,-0.4363832169782569,7.4489161025442,-0.010934989809607387,-5078.2
2022-02-28 09:00:00,-0.42300092747616924,7.462789157412448,-0.023988828202181622,-5188.8
2022-02-28 10:00:00,-0.39841616758513565,7.405495663199472,-0.061599535922637116,-5228.2
2022-02-28 11:00:00,-0.3389515421974312,7.3310603052186325,-0.10655759700060319,-5245.9
2022-02-28 12:00:00,-0.3538011809417534,7.3783837129967145,-0.11140694815112795,-5379.1
2022-02-28 13:00:00,-0.36789651503147036,7.506591780070841,-0.12181529987625783,-5577.5
2022-02-28 14:00:00,-0.4031239459701288,7.690743163541872,-0.11935482013992971,-5779.4
2022-02-28 15:00:00,-0.34948716781097966,7.885329239273191,-0.11849295911610103,-6034.6
2022-02-28 16:00:00,-0.29884543516055073,8.019283792916793,-0.0973521766903529,-6260.4
2022-02-28 17:00:00,-0.26378939431681525,8.111928063310739,-0.08047543741531271,-6271.1
2022-02-28 18:00:00,-0.1984120030489125,8.163086375583216,-0.05882142367495202,-6357.3
2022-02-28 19:00:00,-0.17261913032987453,8.183955717304954,-0.05223526290763303,-6404.6
2022-02-28 20:00:00,-0.16014908848340337,8.185350223178686,-0.0679990788798035,-6385.7
2022-02-28 21:00:00,-0.16213563771571637,8.178077463849608,-0.0754366349632134,-6415.5
2022-02-28 22:00:00,-0.1140373259099734,8.162516250140179,-0.09927116814302206,-6306.5
2022-02-28 23:00:00,-0.09049485950551661,8.146129510025405,-0.10129350423301897,-6076.2
2022-03-01 00:00:00,-0.22158210789700528,8.155649270366002,-0.06860169237450453,-5641.7
2022-03-01 01:00:00,-0.226621346527347,8.153925132007862,-0.07259431103506131,-5419.2
2022-03-01 02:00:00,-0.21201019861088,8.162516250140179,-0.09225368080586449,-5344.5
2022-03-01 03:00:00,-0.26155010315618066,8.174702882469461,-0.08999799815751608,-5347.6
2022-03-01 04:00:00,-0.27324885046150715,8.182559264068665,-0.07814936790491167,-5584.9
2022-03-01 05:00:00,-0.3226078457878665,8.18646442942209,-0.05758636969509201,-5768.3
2022-03-01 06:00:00,-0.3789411058012204,8.183397369998433,-0.018205319367889494,-5998.8
2022-03-01 07:00:00,-0.5381301091642094,8.17413934342947,-0.002718168646969943,-6019.0
2022-03-01 08:00:00,-0.5637163063872324,8.149890544402423,-0.004002230681070529,-5936.2
2022-03-01 09:00:00,-0.5834038313962675,8.09559870137819,0.00046900795662185857,-5772.9
2022-03-01 10:00:00,-0.5962733526698472,8.002359546252707,0.005921702979416743,-5543.0
2022-03-01 11:00:00,-0.5899501659684652,7.8838232148921525,-0.004868938411685342,-5298.0
2022-03-01 12:00:00,-0.6069224139429634,7.7706452341291765,-0.022740119950833027,-5148.6
2022-03-01 13:00:00,-0.5295675490721701,7.725330037917135,-0.010081381245829135,-5086.5
2022-03-01 14:00:00,-0.5442262205832114,7.75491027202143,-0.03820550505403819,-5062.1
2022-03-01 15:00:00,-0.5543082402677251,7.8551570058813445,-0.0412511257445729,-5160.3
2022-03-01 16:00:00,-0.5119578722008291,7.987864096085687,-0.031326578938322136,-5416.6
2022-03-01 17:00:00,-0.5071811994986741,8.107418811719974,-0.01023926341199477,-5625.3
2022-03-01 18:00:00,-0.49977661430639486,8.18646442942209,0.008304108960756729,-5573.7
2022-03-01 19:00:00,-0.5000404656297865,8.225503097566918,0.0028460996506014524,-5641.3
2022-03-01 20:00:00,-0.5002141251559005,8.246433786160365,-0.00860678780092794,-5705.7
2022-03-01 21:00:00,-0.4667096714652792,8.259975659768276,-0.025788212407211297,-5727.7
2022-03-01 22:00:00,-0.4503576834860086,8.27410200229233,-0.044951521474327905,-5564.7
2022-03-01 23:00:00,-0.38837358081586704,8.284756593190435,-0.07803812962854995,-5554.7
2022-03-02 00:00:00,-0.3841471119309947,8.293799608846818,-0.06567905667294394,-5794.0
2022-03-02 01:00:00,-0.3838446887689644,8.299783171949787,-0.06318437050796089,-5643.9
2022-03-02 02:00:00,-0.3535245803827305,8.301273485191347,-0.07112662694808947,-5605.4
2022-03-02 03:00:00,-0.41243572273063434,8.300776960851454,-0.06928589640173222,-5601.2
2022-03-02 04:00:00,-0.39781109836070083,8.298041661371565,-0.06636037472232026,-5649.2
2022-03-02 05:00:00,-0.4626449169916542,8.299285906897275,-0.06759918339426996,-5819.1
2022-03-02 06:00:00,-0.520360178670265,8.305731144875866,-0.06574306476883596,-6072.3
2022-03-02 07:00:00,-0.5304147794249707,8.301273485191347,-0.06504115310826108,-6113.4
2022-03-02 08:00:00,-0.49756214938489185,8.29154650988391,-0.06472613621930101,-6108.1
2022-03-02 09:00:00,-0.546388596813717,8.291045131081729,-0.06411138626242074,-6103.8
2022-03-02 10:00:00,-0.5780791926185103,8.261268150577648,-0.07831550925352992,-6085.5
2022-03-02 11:00:00,-0.6057528815230788,8.231908243564177,-0.09818830705661608,-6041.0
2022-03-02 12:00:00,-0.6026854971618714,8.234564993267135,-0.10761475797967535,-6076.2
2022-03-02 13:00:00,-0.4845988562205248,8.230577217146454,-0.08487480887089038,-6115.9
2022-03-02 14:00:00,-0.4523124110035215,8.222016437202196,-0.09121900230224256,-6086.6
2022-03-02 15:00:00,-0.4432981866241317,8.217978203150732,-0.09230558372416642,-6142.4
2022-03-02 16:00:00,-0.40396614304388434,8.210668031162976,-0.09220573896216155,-6236.5
2022-03-02 17:00:00,-0.36075623499298803,8.203304026795282,-0.06881798041811216,-6170.2
2022-03-02 18:00:00,-0.36436109050938015,8.19946419761216,-0.05291876160963227,-6472.8
2022-03-02 19:00:00,-0.33471329676056616,8.191740021277457,-0.055444633211652494,-6479.8
2022-03-02 20:00:00,-0.32718102097935864,8.184513753033722,-0.0610570339476979,-6494.0
2022-03-02 21:00:00,-0.3475178990815535,8.173857454773621,-0.05990337368659748,-6533.6
2022-03-02 22:00:00,-0.2634275811553817,8.161375023197486,-0.059600128270517416,-6493.3
2022-03-02 23:00:00,-0.2647338608494496,8.141481041457421,-0.06189824821555323,-6551.5
2022-03-03 00:00:00,-0.22692352430622398,8.131236549696116,-0.008227258183396202,-6084.5
2022-03-03 01:00:00,-0.20179149226424187,8.08794755464267,-0.005831851051509851,-5792.6
2022-03-03 02:00:00,-0.17034083540697154,8.0323601479245,-0.009315635316413662,-5613.5
2022-03-03 03:00:00,-0.1971051104692374,7.976938756959434,-0.008353588540198409,-5457.8
2022-03-03 04:00:00,-0.1874747253104645,7.9211727215870145,-0.008128083389644658,-5360.7
2022-03-03 05:00:00,-0.17312894935156464,7.847371836159788,-0.010429126782051767,-5176.7
2022-03-03 06:00:00,-0.19118173586483023,7.766840537085513,-0.01703646733984243,-5169.4
2022-03-03 07:00:00,-0.19984304672331277,7.630461261783627,-0.02377483747310194,-4890.7
2022-03-03 08:00:00,-0.15675772183600323,7.404887575616125,-0.022098510415915484,-4728.3
2022-03-03 09:00:00,-0.1273181466055795,7.095893221097532,-0.024997228434777696,-4674.0
2022-03-03 10:00:00,-0.0955112799839144,6.818924065275521,-0.03714659378237517,-4564.0
2022-03-03 11:00:00,0.025838121551770232,6.576469569048224,-0.03945389389808884,-4480.3
2022-03-03 12:00:00,0.03563135114325355,6.343880434126331,-0.059531492916503836,-4341.3
2022-03-03 13:00:00,0.2785211058240349,6.198478716492308,-0.048880798382393564,-4301.1
2022-03-03 14:00:00,0.3190535784995583,6.169610732491456,-0.03603075553533319,-4303.6
2022-03-03 15:00:00,0.5571528302841826,6.16541785423142,-0.023175549780216187,-4296.7
2022-03-03 16:00:00,0.14758035463733954,6.282266746896006,-0.011063119601162796,-4472.7
2022-03-03 17:00:00,0.11566603757360783,6.470799503782602,-0.0006555140235464663,-4530.5
2022-03-03 18:00:00,0.10019498420258266,6.590301048196686,0.014774312360414932,-4547.9
2022-03-03 19:00:00,0.13664250385953736,6.590301048196686,0.020321820206242514,-4512.2
2022-03-03 20:00:00,0.17908244772795223,6.483107351457199,0.017269660668570275,-4497.5
2022-03-03 21:00:00,0.24661740670707255,6.349138991379798,0.023668149706654873,-4405.2
2022-03-03 22:00:00,0.14964838247807322,6.154858094016418,0.033986001566670865,-4197.3
2022-03-03 23:00:00,0.22344827823218694,5.963579343618446,0.04703339957471275,-4102.5
2022-03-04 00:00:00,0.3347403690233408,5.703782474656201,0.06912682801216175,-3975.9
2022-03-04 01:00:00,0.4144322654607744,5.560681631015528,0.06897840830737412,-3945.1
2022-03-04 02:00:00,0.45400226443440594,5.4638318050256105,0.07306851389001334,-4003.3
2022-03-04 03:00:00,0.4036507130012099,5.407171771460119,0.07500712844244006,-4016.6
2022-03-04 04:00:00,0.3543510641708405,5.384495062789089,0.07025327436141815,-4072.6
2022-03-04 05:00:00,0.2549690841403276,5.476463551931511,0.06245188875694918,-4263.4
2022-03-04 06:00:00,0.6306842320346768,5.6240175061873385,0.047624579540577194,-4546.0
2022-03-04 07:00:00,0.570545730551884,5.814130531825066,0.033112113691943,-4583.1
2022-03-04 08:00:00,0.43266768509904896,6.013715156042802,0.028458633641301745,-4644.2
2022-03-04 09:00:00,0.1681828249752848,6.1675164908883415,0.02866129173277887,-4707.6
2022-03-04 10:00:00,0.18032744341802243,6.07073772800249,0.024196667302454955,-4719.6
2022-03-04 11:00:00,0.12270322015752111,5.8377304471659395,0.012023430302913418,-4695.2
2022-03-04 12:00:00,0.18867729599786776,5.752572638825633,0.01297983077859488,-4686.8
2022-03-04 13:00:00,0.18567130458954262,5.855071922202427,0.006619874349908628,-4679.1
2022-03-04 14:00:00,0.20744142025434087,6.013715156042802,0.014807585216992436,-4685.0
2022-03-04 15:00:00,0.17777665118939057,6.2878585601617845,0.01531022827754036,-4633.4
2022-03-04 16:00:00,0.2475344950748415,6.580639137284949,0.019443463781415815,-4490.2
2022-03-04 17:00:00,0.19182173085423937,6.839476438228843,0.01592872679847268,-4668.3
2022-03-04 18:00:00,0.041768341865320746,7.02197642307216,0.02430110708507005,-4816.0
2022-03-04 19:00:00,0.031889471001687486,7.0925737159746784,0.03004038829504907,-4885.6
2022-03-04 20:00:00,0.06875016435712356,7.071573364211532,0.03285820319164223,-4908.4
2022-03-04 21:00:00,0.1058396248302218,7.044905117129371,0.048125388051867724,-4858.2
2022-03-04 22:00:00,0.07368149260782131,7.005789019253503,0.05962484585938732,-4660.4
2022-03-04 23:00:00,0.08125740026447259,6.976348070447749,0.0714848073616361,-4668.8
2022-03-05 00:00:00,0.04011797616242596,6.9440872082295275,0.09233123438381607,-4619.2
2022-03-05 01:00:00,0.04565997180595982,6.951772164398911,0.0981503374914725,-4581.3
2022-03-05 02:00:00,0.1317275398946518,6.984716320118266,0.10498696002862928,-4569.7
2022-03-05 03:00:00,0.14556820277032045,7.050122520269059,0.10793828125948846,-4582.9
2022-03-05 04:00:00,0.182772226914095,7.1098794630722715,0.0987497869743521,-4596.3
2022-03-05 05:00:00,0.21501555440755826,7.141245122350491,0.11899330003046948,-4630.2
2022-03-05 06:00:00,0.212653376572971,7.192182058713246,0.1386660901064296,-4759.9
2022-03-05 07:00:00,0.22388620571882134,7.237059026124737,0.14575291477522612,-4817.2
2022-03-05 08:00:00,0.20362168367652345,7.300472814267799,0.1378934141689161,-4975.8
2022-03-05 09:00:00,0.14181770781778225,7.362645270417825,0.13086084617613825,-5079.8
2022-03-05 10:00:00,0.057677554928691865,7.422971251049421,0.12334186892259336,-5211.0
2022-03-05 11:00:00,0.1522841383759097,7.485491608030754,0.1190146189695449,-5276.5
2022-03-05 12:00:00,0.15641433368134905,7.5310163320779155,0.09191295027187163,-5223.2
2022-03-05 13:00:00,0.1642060514064969,7.601901959875166,0.06234996291509631,-5324.6
2022-03-05 14:00:00,0.19727822153840258,7.693937325509272,0.06952997904303349,-5450.2
2022-03-05 15:00:00,0.1263105270342133,7.805474625270857,0.06705248888045112,-5601.6
2022-03-05 16:00:00,0.08404323127917745,7.920083199053234,0.07176519738983966,-5632.6
2022-03-05 17:00:00,0.016805384440633286,8.022896869601457,0.07470042758909656,-5808.4
2022-03-05 18:00:00,-0.03781123630774896,8.097730573664219,0.07307748380398493,-5975.6
2022-03-05 19:00:00,-0.09794441819615551,8.13593277200489,0.06115007286411789,-6067.9
2022-03-05 20:00:00,-0.07902735868570332,8.153061946801051,0.046726099359163165,-6128.1
2022-03-05 21:00:00,-0.12093057561905463,8.166784289056151,0.03588765496323365,-6072.1
2022-03-05 22:00:00,-0.15471167654255114,8.186185994226083,0.03147820269183388,-6116.8
2022-03-05 23:00:00,-0.19156216612554378,8.207674424355282,0.026782972697794172,-6078.9
2022-03-06 00:00:00,-0.2264256910564808,8.195609567288775,0.1038322984648552,-6042.7
2022-03-06 01:00:00,-0.21824015622804316,8.213381737034572,0.09728795083000374,-5896.5
2022-03-06 02:00:00,-0.19127418024482612,8.224431573221159,0.09099718596724848,-5842.9
2022-03-06 03:00:00,-0.28249491697023066,8.232971790593437,0.09341526991184157,-5869.6
2022-03-06 04:00:00,-0.25522710306587104,8.245909264774093,0.0894868258988879,-5884.3
2022-03-06 05:00:00,-0.18187454187215746,8.257644958208228,0.0860557035087437,-6071.2
2022-03-06 06:00:00,-0.01585478554442199,8.264620829411216,0.08797427369599742,-6083.6
2022-03-06 07:00:00,-0.019950746209668857,8.264363329731667,0.0908027927539905,-6131.6
2022-03-06 08:00:00,-0.0010847886073110935,8.251924713801357,0.09449541337963119,-6115.4
2022-03-06 09:00:00,-0.09083499391042471,8.234299635696253,0.09497318806595079,-6133.4
2022-03-06 10:00:00,-0.12794309283090355,8.239329427901795,0.10475695881741487,-6261.1
2022-03-06 11:00:00,-0.2291862038879935,8.285008895449879,0.11970026240723719,-6472.1
2022-03-06 12:00:00,-0.07153910273575237,8.343077871169383,0.13619578242947572,-6691.2
2022-03-06 13:00:00,-0.05690438218476146,8.36822903827628,0.12185358626538711,-6745.1
2022-03-06 14:00:00,-0.06305367417694896,8.37309184744198,0.1275335130981725,-6819.0
2022-03-06 15:00:00,-0.12307710056663712,8.366835309827675,0.12715118181333107,-6838.7
2022-03-06 16:00:00,-0.20139805885731077,8.35983738064003,0.11540007696345533,-6823.9
2022-03-06 17:00:00,-0.29005791630525124,8.351374706721296,0.10839281976695414,-6847.9
2022-03-06 18:00:00,-0.33875879170428735,8.335191583433202,0.10494497585057161,-6824.8
2022-03-06 19:00:00,-0.3553129801142272,8.312135107648412,0.08617624463163409,-6808.5
2022-03-06 20:00:00,-0.3585092494970765,8.274357006756292,0.07607386834966956,-6741.2
2022-03-06 21:00:00,-0.3615105570266741,8.222016437202196,0.08677298219770258,-6602.2
2022-03-06 22:00:00,-0.3011954035783839,8.153061946801051,0.09302724499756287,-6418.2
2022-03-06 23:00:00,-0.31063587726904407,8.054204897064407,0.09940696893565537,-6161.8
2022-03-07 00:00:00,-0.23191261799748908,7.80016307039296,0.12434366328445456,-5242.1
2022-03-07 01:00:00,-0.22713776371579097,7.666221925662725,0.11978917540404588,-4928.3
2022-03-07 02:00:00,-0.1575708393456221,7.492203042618741,0.1161179335604583,-4710.6
2022-03-07 03:00:00,-0.15724384463411933,7.319202458767849,0.11363974030321611,-4498.8
2022-03-07 04:00:00,-0.1454692329075331,7.150701457592526,0.10346590595420846,-4342.2
2022-03-07 05:00:00,-0.1995424191482127,7.0587581525186645,0.08989443948005693,-4468.0
2022-03-07 06:00:00,-0.19210890469048003,7.042286171939743,0.07148107802669657,-4635.4
2022-03-07 07:00:00,-0.2676323574778907,7.0967213784947605,0.054742568561893634,-4827.7
2022-03-07 08:00:00,-0.27539091213168154,7.16703787691222,0.05216787315252347,-4961.7
2022-03-07 09:00:00,-0.35997557132709757,7.298445101508147,0.05503242687118348,-5048.2
2022-03-07 10:00:00,-0.4670457995516468,7.3777589082278725,0.06069659248515169,-5163.8
2022-03-07 11:00:00,-0.417019097340221,7.440733707389261,0.059266607894888246,-5242.3
2022-03-07 12:00:00,-0.43316717163380813,7.5256399750415355,0.06809299697012516,-5468.6
2022-03-07 13:00:00,-0.3857704005067637,7.615791072035833,0.08881362291348793,-5599.6
2022-03-07 14:00:00,-0.3680549464052012,7.738052297689316,0.08948646012989325,-5766.6
2022-03-07 15:00:00,-0.3963700723488306,7.8434564043761155,0.08103276476742227,-5917.2
2022-03-07 16:00:00,-0.3582602159643309,7.917171988845776,0.07725805860048673,-6073.3
2022-03-07 17:00:00,-0.3330417346821499,7.98139158158007,0.08117450422408545,-6176.0
2022-03-07 18:00:00,-0.3079470120521317,8.016647877057803,0.07867610908487066,-6242.0
2022-03-07 19:00:00,-0.28847013587500214,8.010359588919783,0.07727663405424234,-6227.5
2022-03-07 20:00:00,-0.28120417001449205,7.992268643270745,0.07262610541948344,-6214.7
2022-03-07 21:00:00,-0.26856368103242056,7.970394907191429,0.07851136436355333,-6193.1
2022-03-07 22:00:00,-0.21484961023370364,7.938445551164788,0.08216579013792469,-6097.0
2022-03-07 23:00:00,-0.1798691929131495,7.9017475185201445,0.09165183118860654,-6030.9
2022-03-08 00:00:00,-0.14579753748480684,8.003697339094368,0.021826459832511524,-5949.9
2022-03-08 01:00:00,-0.1342857103410915,7.993282328101591,0.018851663022434018,-5706.8
2022-03-08 02:00:00,-0.10781315021635152,7.970394907191429,0.008795155859353976,-5621.9
2022-03-08 03:00:00,-0.1477354698360509,7.9748769005588755,0.006636831360319562,-5618.3
2022-03-08 04:00:00,-0.16303457639221364,7.9817332866918855,0.006948414624278421,-5605.4
2022-03-08 05:00:00,-0.20183399397343793,7.96311205897929,0.002292552020323413,-5669.1
2022-03-08 06:00:00,-0.27131044160885454,7.938802248154481,-0.0007206583016223789,-6022.7
2022-03-08 07:00:00,-0.42624884380594663,7.914983005848394,-0.006866595891534821,-5984.1
2022-03-08 08:00:00,-0.4482708448444308,7.860956364876389,-0.0030822674147152895,-5907.2
2022-03-08 09:00:00,-0.464939364708405,7.771488760117616,0.0009327223168904553,-5743.2
2022-03-08 10:00:00,-0.4639622164505539,7.620705086838262,-0.0006758704336844445,-5478.3
2022-03-08 11:00:00,-0.44834539037466214,7.458186157340487,0.015314351241584312,-5371.5
2022-03-08 12:00:00,-0.4518203826926004,7.270312886079025,0.004097304344861996,-5199.1
2022-03-08 13:00:00,-0.34593133364724427,7.074963197966044,0.0202164415579702,-5063.5
2022-03-08 14:00:00,-0.3108660880663199,6.8885724595653635,0.016845000464585702,-4923.4
2022-03-08 15:00:00,-0.257786845317034,6.792344427470809,0.01797340453284768,-4814.4
2022-03-08 16:00:00,-0.18646528401393514,6.79346613258001,0.021486087734426285,-4753.8
2022-03-08 17:00:00,-0.08833583442727377,6.7912214627261855,0.028962696986975622,-4678.2
2022-03-08 18:00:00,-0.01684280251986703,6.728628613084702,0.03504743393626697,-4581.8
2022-03-08 19:00:00,0.018260383046826867,6.473890696352274,0.03355959341985404,-4424.8
2022-03-08 20:00:00,0.02865322509524937,6.0473721790462776,0.03791322783396467,-4316.1
2022-03-08 21:00:00,0.07223232592906514,5.583496308781699,0.041653068388320946,-4242.3
2022-03-08 22:00:00,-0.01094588818275799,5.231108616854587,0.04255873305121671,-4239.4
2022-03-08 23:00:00,0.02625749430637736,5.147494476813453,0.047709979706571204,-4225.6
2022-03-09 00:00:00,0.29341533761225236,4.820281565605037,0.004169147084962965,-4042.0
2022-03-09 01:00:00,0.2847868382071206,5.159055299214529,0.006240542775934443,-4074.8
2022-03-09 02:00:00,0.3030610260144595,5.662960480135946,0.001249011403864131,-4119.9
2022-03-09 03:00:00,0.10582487952287423,6.248042874508429,0.00452963533464068,-4262.2
2022-03-09 04:00:00,-0.0397691985632278,6.651571873589727,0.006769203549848335,-4394.0
2022-03-09 05:00:00,-0.1206302254556757,6.900730664045173,0.0061183925022980645,-4541.6
2022-03-09 06:00:00,-0.253093698392711,7.036148493750536,0.01067454392224576,-4571.0
2022-03-09 07:00:00,-0.28966357833502787,7.108244139731541,0.008963294018193402,-4571.2
2022-03-09 08:00:00,-0.2619097483789732,7.102499355774649,0.012449693082825064,-4561.9
2022-03-09 09:00:00,-0.31995515261697083,7.1204443723924875,0.01272262120053913,-4607.1
2022-03-09 10:00:00,-0.3676100822010282,7.15305163493748,0.008611304715458346,-4670.2
2022-03-09 11:00:00,-0.403489557318625,7.22402480828583,0.0033588992032562714,-4725.3
2022-03-09 12:00:00,-0.43963479418706086,7.3453648404168685,-0.007581905429636215,-4847.7
2022-03-09 13:00:00,-0.3554630750690402,7.442492722794441,0.0029008020114957844,-4950.7
2022-03-09 14:00:00,-0.3414498181917116,7.545389749611823,-0.00484188438339217,-5062.1
2022-03-09 15:00:00,-0.35789866491653477,7.706162970199576,-0.0002333991936174229,-5196.7
2022-03-09 16:00:00,-0.33888293839286643,7.860185057472165,0.009249671029529338,-5521.3
2022-03-09 17:00:00,-0.31835133551222805,7.993619994827744,0.01823621853919377,-5799.5
2022-03-09 18:00:00,-0.32296747567855455,8.081165777725433,0.0229813899549276,-5809.1
2022-03-09 19:00:00,-0.309658518415044,8.127995055771946,0.021516407924475622,-5855.6
2022-03-09 20:00:00,-0.31615825168860834,8.154500175151941,0.020337078995305014,-5945.8
2022-03-09 21:00:00,-0.34874791153675355,8.184513753033722,0.026532514675183805,-6030.2
2022-03-09 22:00:00,-0.2652996565851269,8.212839584676484,0.02544584826470775,-6060.6
2022-03-09 23:00:00,-0.28303667534105026,8.23403420769204,0.030441400181196343,-6125.6
2022-03-10 00:00:00,-0.28012414933875585,8.271292652979412,0.050010220366395686,-6157.6
2022-03-10 01:00:00,-0.2691894670813775,8.278428259199071,0.04808809698246552,-6051.7
2022-03-10 02:00:00,-0.24786923844886788,8.274611946209552,0.042622793239340595,-6022.4
2022-03-10 03:00:00,-0.27663826399162117,8.270269111436624,0.04160250930310205,-6007.7
2022-03-10 04:00:00,-0.2837515557458845,8.271292652979412,0.038218426562502295,-5978.1
2022-03-10 05:00:00,-0.27663712259036055,8.275376374836407,0.029637865814835074,-6073.4
2022-03-10 06:00:00,-0.3392178146922342,8.278682162970906,0.01619558178386704,-6136.4
2022-03-10 07:00:00,-0.39663893175985,8.266164436612492,0.005967131725635788,-6147.3
2022-03-10 08:00:00,-0.41117816206703406,8.230843564198235,0.007615839146640546,-6051.5
2022-03-10 09:00:00,-0.4038403988183519,8.166784289056151,0.006945365162042805,-5883.8
2022-03-10 10:00:00,-0.4342645973052912,8.081475040137052,0.011948924659104243,-5712.1
2022-03-10 11:00:00,-0.3246191857760916,8.011686729127847,0.03650717545579951,-5557.1
2022-03-10 12:00:00,-0.3823192878667987,7.957527402230773,0.029826996899232405,-5543.3
2022-03-10 13:00:00,-0.3129689060647447,7.906178840394815,0.035988173485486996,-5426.9
2022-03-10 14:00:00,-0.318151965995761,7.875119281040293,0.038972939601319645,-5353.6
2022-03-10 15:00:00,-0.3126122338266293,7.887208585813932,0.03525691188145075,-5287.3
2022-03-10 16:00:00,-0.23777144470429556,7.9269635448629785,0.04297777236855005,-5358.9
2022-03-10 17:00:00,-0.22218053357074474,7.973155433444133,0.035971647964682774,-5431.2
2022-03-10 18:00:00,-0.21957540280069887,7.995306620290822,0.03641203330022513,-5513.7
2022-03-10 19:00:00,-0.20025993281133037,7.982074875081202,0.03780395691272531,-5503.9
2022-03-10 20:00:00,-0.1753731389131703,7.931644021454311,0.03740456907762635,-5420.5
2022-03-10 21:00:00,-0.17191978296844468,7.877017895622398,0.04564705642543032,-5305.2
2022-03-10 22:00:00,-0.12840086413289686,7.828436359157585,0.04949794632538218,-5183.9
2022-03-10 23:00:00,-0.11939889383112945,7.791109510610028,0.06143694076623696,-5158.8
2022-03-11 00:00:00,-0.09139320137546925,7.745002803515839,0.09038268900851065,-4805.9
2022-03-11 01:00:00,-0.062183326508632675,7.6984827878809465,0.09090128476979586,-4660.6
2022-03-11 02:00:00,-0.017257228752108666,7.646353722445999,0.09141765255821,-4604.8
2022-03-11 03:00:00,-0.06215045494115934,7.59337419312129,0.08767514685121203,-4551.7
2022-03-11 04:00:00,-0.10662597459589795,7.547501682814967,0.0757382045919881,-4490.1
2022-03-11 05:00:00,-0.12270824728648888,7.493873886783559,0.06293603304140039,-4498.7
2022-03-11 06:00:00,-0.25874846400387375,7.450660796211539,0.03518488906493733,-4464.3
2022-03-11 07:00:00,-0.24827640172186705,7.3783837129967145,0.013781325195897587,-4418.1
2022-03-11 08:00:00,-0.2121664774054608,7.252762418053187,0.006826424630365757,-4504.8
2022-03-11 09:00:00,-0.1975720174653146,7.067319848653476,0.013698419056066058,-4426.4
2022-03-11 10:00:00,-0.13657770047659623,6.826545223556594,0.03158358916553006,-4272.9
2022-03-11 11:00:00,-0.2719139368668855,6.61472560020376,0.035045353809675106,-4061.1
2022-03-11 12:00:00,-0.2961313983179634,6.486160788944089,0.05613130006736711,-3866.0
2022-03-11 13:00:00,-0.27756515026160855,6.459904454377535,0.05984209953082509,-3800.0
2022-03-11 14:00:00,-0.25153397943026645,6.453624998892692,0.06561999476719294,-3703.0
2022-03-11 15:00:00,-0.23351937722956695,6.478509642208569,0.06350047641722156,-3897.6
2022-03-11 16:00:00,-0.000896375954017703,6.6052979209482015,0.06532754934718277,-4448.0
2022-03-11 17:00:00,0.005797582324411188,6.756932389247553,0.05370515260642961,-4490.0
2022-03-11 18:00:00,-0.03988909246295247,6.86484777797086,0.05504365578893733,-4514.1
2022-03-11 19:00:00,-0.002982654712333055,6.912742820493176,0.061940260474980136,-4558.1
2022-03-11 20:00:00,0.06246413003852691,6.911747300251674,0.0685074502332439,-4587.3
2022-03-11 21:00:00,0.0773771601664599,6.907755278982137,0.08367819505651308,-4653.5
2022-03-11 22:00:00,0.13945862312253565,6.906754778648554,0.09610005739442773,-4552.3
2022-03-11 23:00:00,0.16759843966615673,6.906754778648554,0.110960330046173,-4546.2
2022-03-12 00:00:00,0.26729488989661654,6.762729506931879,0.11484907347962459,-4550.2
2022-03-12 01:00:00,0.30002895680238373,6.787844982309579,0.11720808579604114,-4570.6
2022-03-12 02:00:00,0.40754045115445914,6.851184927493743,0.1185243941416978,-4594.6
2022-03-12 03:00:00,0.4367533965794008,6.910750787961936,0.11944128381562091,-4616.9
2022-03-12 04:00:00,0.48702073186810857,6.990256500493881,0.11321027330540634,-4659.8
2022-03-12 05:00:00,0.5398304311220827,7.076653815443951,0.11069854644631949,-4703.2
2022-03-12 06:00:00,0.4520197633940679,7.155396301896734,0.10817301768958032,-4988.2
2022-03-12 07:00:00,0.4576706161677522,7.167809184316444,0.10301337412569911,-5011.1
2022-03-12 08:00:00,0.4177216154577117,7.133295954896068,0.09482123197152514,-5006.2
2022-03-12 09:00:00,0.33213366411311007,7.036148493750536,0.0805618935926189,-5029.4
2022-03-12 10:00:00,0.30187451544073385,6.78332520060396,0.08018320099040555,-4904.4
2022-03-12 11:00:00,0.4421339983664039,6.570882962339584,0.10458435414051603,-4791.4
2022-03-12 12:00:00,0.4653969289083655,6.467698726104354,0.10917601769565177,-4766.5
2022-03-12 13:00:00,0.47227915952683297,6.476972362889683,0.08703013777187163,-4775.0
2022-03-12 14:00:00,0.4767909206689529,6.630683385642372,0.08334447348622209,-4823.9
2022-03-12 15:00:00,0.38500506261274214,6.881411303642535,0.07367334321640939,-4872.0
2022-03-12 16:00:00,0.3087415278685972,7.173958319756794,0.06827826982194285,-5020.6
2022-03-12 17:00:00,0.18079824222341445,7.416979621381154,0.05335075690257973,-5167.8
2022-03-12 18:00:00,0.11442356729122416,7.591357046698551,0.05093990988931907,-5195.8
2022-03-12 19:00:00,0.014350129478392315,7.69484807238461,0.056274392800633954,-5314.4
2022-03-12 20:00:00,0.028755593636097032,7.748028524432376,0.06119379995346286,-5412.2
2022-03-12 21:00:00,-0.015444360759252707,7.779885115070522,0.07119446879537872,-5514.6
2022-03-12 22:00:00,-0.02020799409908891,7.795646536334594,0.08756766934287796,-5515.3
2022-03-12 23:00:00,-0.029043236627768643,7.793174347189205,0.10038061057149417,-5522.4
2022-03-13 00:00:00,-0.05902738077461267,7.623153068476902,0.06993074678917388,-5218.2
2022-03-13 01:00:00,-0.046921672778418966,7.629975707027789,0.06477328794546189,-5188.6
2022-03-13 02:00:00,-0.015789357942576743,7.641084249174914,0.06892587488692126,-5185.3
2022-03-13 03:00:00,-0.09325291733170182,7.65728279297819,0.07408847351847747,-5184.4
2022-03-13 04:00:00,-0.07974228076362166,7.688455356549944,0.07860870775170525,-5206.7
2022-03-13 05:00:00,-0.0005125245729029615,7.711996507047669,0.08299134973186373,-5231.2
2022-03-13 06:00:00,0.14735055002067599,7.734996194022781,0.08193803806414746,-5245.5
2022-03-13 07:00:00,0.16526158278113146,7.688455356549944,0.08632405921615316,-5179.2
2022-03-13 08:00:00,0.13536004623749243,7.587817219993427,0.0861477096138028,-5265.9
2022-03-13 09:00:00,0.06453743316715599,7.48324441607385,0.07454446206653387,-5202.4
2022-03-13 10:00:00,0.09788961790854689,7.1891677384203225,0.07592525248584714,-5063.3
2022-03-13 11:00:00,0.138159105594311,6.742880635791903,0.07918088553190028,-4741.5
2022-03-13 12:00:00,0.21835291536683155,6.3784261836515865,0.0831833707827414,-4451.2
2022-03-13 13:00:00,-0.018246201911685134,6.269096283706261,0.06705224040567437,-3776.2
2022-03-13 14:00:00,0.011644442579323844,6.352629396319567,0.07239944998857961,-3878.5
2022-03-13 15:00:00,0.2771693337624579,6.620073206530356,0.06245075668447342,-4502.3
2022-03-13 16:00:00,0.16665987216464595,6.933423025730715,0.04959332483788881,-4658.7
2022-03-13 17:00:00,-0.0016078536459973591,7.1929342212158,0.03966348761477345,-4807.2
2022-03-13 18:00:00,-0.08995581901122085,7.367077059881012,0.046849015901741176,-4812.4
2022-03-13 19:00:00,-0.16713932307534796,7.45298232946546,0.04758321994395587,-4922.7
2022-03-13 20:00:00,-0.20142272436966913,7.4770384723196965,0.052160725051063395,-4960.1
2022-03-13 21:00:00,-0.2110605570112707,7.489970898834801,0.07175695774123891,-5021.7
2022-03-13 22:00:00,-0.15063539188185437,7.493317248862145,0.07766900405487576,-5014.7
2022-03-13 23:00:00,-0.1842623944076225,7.495541943884256,0.09031140345117006,-5048.5
2022-03-14 00:00:00,-0.12484123793603352,7.637716432664798,0.0666304320090072,-5138.0
2022-03-14 01:00:00,-0.10873418816980829,7.636752112435779,0.06904808392564821,-5109.3
2022-03-14 02:00:00,-0.08175369230708762,7.636752112435779,0.07371055759086431,-5109.0
2022-03-14 03:00:00,-0.1368400514522583,7.638198244285779,0.07248585065877222,-5142.2
2022-03-14 04:00:00,-0.12740790543717884,7.634820677745543,0.06844481826011428,-5087.3
2022-03-14 05:00:00,-0.11170874131461606,7.6093665379542115,0.0701680360534187,-5020.4
2022-03-14 06:00:00,-0.06044672784129501,7.578656850594762,0.05194831984563475,-5119.8
2022-03-14 07:00:00,-0.051797243359489986,7.520234556474628,0.04200354278446383,-4816.5
2022-03-14 08:00:00,0.055939541858433195,7.4133673356952405,0.04160904210218863,-4689.7
2022-03-14 09:00:00,0.13368224881652813,7.329749689041512,0.033219854965200746,-4617.6
2022-03-14 10:00:00,0.06450423192870192,7.129297548929373,0.030762384667107234,-4576.8
2022-03-14 11:00:00,0.18036402845015864,6.889591308354466,0.022131926284995274,-4398.1
2022-03-14 12:00:00,0.178546647181407,6.787844982309579,0.022567253545100918,-4394.7
2022-03-14 13:00:00,0.23263809201604735,6.827629234502852,0.03436563782640434,-4433.9
2022-03-14 14:00:00,0.19156084153022146,6.963189985870238,0.038361611112297744,-4535.2
2022-03-14 15:00:00,0.011439702718588407,7.1631723908466425,0.0354010122034456,-4658.2
2022-03-14 16:00:00,0.007235720189781247,7.353081920515432,0.03041434503767082,-4761.1
2022-03-14 17:00:00,-0.01340246696951386,7.526717561352706,0.030351024268479243,-4888.1
2022-03-14 18:00:00,-0.08492244461574705,7.634820677745543,0.038280328586096424,-5047.2
2022-03-14 19:00:00,-0.09165342808453181,7.658227526161352,0.043947824513209,-5126.3
2022-03-14 20:00:00,-0.07017907044211658,7.624130585661289,0.04241232682298701,-5067.6
2022-03-14 21:00:00,-0.015988929543993002,7.569411792450712,0.04766668901245463,-5019.4
2022-03-14 22:00:00,-0.035033692435452846,7.4770384723196965,0.051454139272203214,-5007.2
2022-03-14 23:00:00,0.0046481926900394654,7.356918242356021,0.06562433594383066,-4923.7
2022-03-15 00:00:00,0.2157507390591813,7.155396301896734,0.04759278059674088,-4593.9
2022-03-15 01:00:00,0.24673986841323448,6.999422467507961,0.0520339295258756,-4478.5
2022-03-15 02:00:00,0.29493192512871325,6.852242569051878,0.0485499144191861,-4363.6
2022-03-15 03:00:00,0.2804123986183984,6.752270376141742,0.05245459977534228,-4302.0
2022-03-15 04:00:00,0.32106080977614493,6.736966958001855,0.05545555142822156,-4283.0
2022-03-15 05:00:00,0.3465044006006779,6.779921907472252,0.04992060100957829,-4264.0
2022-03-15 06:00:00,0.36287598157728196,6.840546529288687,0.03521701518662823,-4377.5
2022-03-15 07:00:00,0.19710928688104046,6.851184927493743,0.02629565254374544,-4390.1
2022-03-15 08:00:00,0.13988285988562987,6.80128303447162,0.03303904099927912,-4435.7
2022-03-15 09:00:00,0.1004982910196266,6.732210706467206,0.04225528694131597,-4435.6
2022-03-15 10:00:00,0.09351453323611914,6.484635235635252,0.04507015135451997,-4403.9
2022-03-15 11:00:00,0.15486902513580114,6.1779441140506,0.05541296334655943,-4269.1
2022-03-15 12:00:00,0.12133697219355977,6.142037405587356,0.04928146072517947,-4283.5
2022-03-15 13:00:00,0.16570245260338323,6.306275286948016,0.07309849277222291,-4329.8
2022-03-15 14:00:00,0.11914208462112263,6.555356891810665,0.06575215790703837,-4367.5
2022-03-15 15:00:00,-0.013288864808044476,6.862757913051401,0.0664850559585215,-4458.9
2022-03-15 16:00:00,-0.1033391821665961,7.191429330036379,0.06153855547565268,-4735.7
2022-03-15 17:00:00,-0.17926742859007838,7.482681828154651,0.046621148393916734,-4930.1
2022-03-15 18:00:00,-0.24575235052285116,7.658227526161352,0.038744295817593866,-5003.6
2022-03-15 19:00:00,-0.2607282058627427,7.734121303328305,0.03123021896803646,-5098.8
2022-03-15 20:00:00,-0.26235493459837844,7.741967899820685,0.03506827570173332,-5058.0
2022-03-15 21:00:00,-0.22042202679957867,7.738923757439457,0.03971883180849023,-5103.0
2022-03-15 22:00:00,-0.18648422042860835,7.720905251936779,0.04455175812548173,-4910.1
2022-03-15 23:00:00,-0.11302554816110977,7.688455356549944,0.05797701034631508,-4842.2
2022-03-16 00:00:00,-0.10015371942706697,7.6787889981991535,0.025165880755839254,-4954.8
2022-03-16 01:00:00,-0.07368976046512454,7.620705086838262,0.028530130965059186,-4870.3
2022-03-16 02:00:00,-0.030390177285433584,7.569411792450712,0.02515020348733099,-4793.5
2022-03-16 03:00:00,-0.08937930310209374,7.530479995245536,0.027086982758715017,-4790.6
2022-03-16 04:00:00,-0.10420707051345612,7.511524648390866,0.028275408770811694,-4773.2
2022-03-16 05:00:00,-0.16243359526003642,7.5352967024440884,0.02422753929214494,-4745.8
2022-03-16 06:00:00,-0.31590384045214126,7.573017256052546,0.015815943422664347,-4947.1
2022-03-16 07:00:00,-0.308422049796496,7.537430036586509,0.011203940261470535,-4879.7
2022-03-16 08:00:00,-0.2659359239233736,7.498315870766981,0.021801798653105386,-4876.4
2022-03-16 09:00:00,-0.24595546612091956,7.344072850573066,0.03204472311306361,-4805.3
2022-03-16 10:00:00,-0.17935378988725947,7.160069207596127,0.037492523644799824,-4734.6
2022-03-16 11:00:00,-0.23966712991740602,7.135687347028144,0.028476498734547384,-4774.8
2022-03-16 12:00:00,-0.3082987921259739,7.2115567333138015,0.02876856826415608,-4856.5
2022-03-16 13:00:00,-0.2514801598494958,7.289610521451167,0.05114942654700627,-4906.3
2022-03-16 14:00:00,-0.23558437952391564,7.3537223303996315,0.037135972279539686,-4912.9
2022-03-16 15:00:00,-0.23979767434347954,7.444248649496705,0.03501041259094073,-5027.9
2022-03-16 16:00:00,-0.2379663547356241,7.582738488914411,0.02788820341990217,-5096.6
2022-03-16 17:00:00,-0.23584792939951837,7.752764808851328,0.016350315104237012,-5198.0
2022-03-16 18:00:00,-0.258317153993044,7.876638460975463,0.009860301992230092,-5251.2
2022-03-16 19:00:00,-0.2487854273454011,7.9211727215870145,0.0044947203550451675,-5346.0
2022-03-16 20:00:00,-0.24279006938128544,7.912789220690681,0.003998416640516034,-5332.3
2022-03-16 21:00:00,-0.25539769316063676,7.88758403166028,0.01032788805150009,-5331.2
2022-03-16 22:00:00,-0.17175129133671918,7.867871490396322,0.012784245838198594,-5249.1
2022-03-16 23:00:00,-0.17107379948834156,7.8582541821860294,0.027304962691066414,-5283.6
2022-03-17 00:00:00,-0.1925643162392885,7.841492924460013,0.022931316014431324,-4986.9
2022-03-17 01:00:00,-0.18090621224174397,7.847762537473608,0.026109190263690074,-4973.0
2022-03-17 02:00:00,-0.15322550318770345,7.84971375760487,0.028674069226329202,-4962.3
2022-03-17 03:00:00,-0.1813280841872964,7.85243908535751,0.030417306139378653,-4997.3
2022-03-17 04:00:00,-0.17965513659383436,7.849323818040561,0.029854551354747016,-4961.0
2022-03-17 05:00:00,-0.12314759981197954,7.829630389150193,0.022563556372297455,-5329.4
2022-03-17 06:00:00,-0.20839571659951828,7.808729306744399,0.006197878894403708,-5506.2
2022-03-17 07:00:00,-0.3050942070308196,7.732807530422021,-0.006936273110272673,-5342.8
2022-03-17 08:00:00,-0.22258699225948408,7.622663951323595,0.0007303402884479837,-5443.5
2022-03-17 09:00:00,-0.09156813756201876,7.470224135899966,0.008331366769920301,-5373.7
2022-03-17 10:00:00,-0.09424625767732797,7.367708572374371,0.01335704505136004,-5278.9
2022-03-17 11:00:00,-0.05645937850885563,7.44716835960004,0.032724665035820166,-5380.8
2022-03-17 12:00:00,-0.2532146399656279,7.599901959208498,0.02743636702531571,-5522.6
2022-03-17 13:00:00,-0.2610314138276193,7.755338812846501,0.028740014186280582,-5523.8
2022-03-17 14:00:00,-0.31284378485003383,7.86940171257709,0.02579237290110914,-5490.5
2022-03-17 15:00:00,-0.37190243480601026,8.003697339094368,0.029951859651757395,-5305.1
2022-03-17 16:00:00,-0.32968239053508386,8.134174272137903,0.03249649490096651,-5377.4
2022-03-17 17:00:00,-0.30755229714173593,8.222016437202196,0.018063535077700088,-5583.7
2022-03-17 18:00:00,-0.2954500777246065,8.277411998949004,0.01572488277419648,-5505.4
2022-03-17 19:00:00,-0.2752951187542445,8.308691916838898,0.010743202909172744,-5527.2
2022-03-17 20:00:00,-0.2688874487346835,8.321421586897879,0.005089242111699477,-5531.3
2022-03-17 21:00:00,-0.2705248586696216,8.328209491748732,0.009243627037425206,-5604.7
2022-03-17 22:00:00,-0.24655844565679974,8.329658067569396,0.012063125104249117,-5535.4
2022-03-17 23:00:00,-0.3353091405518196,8.32263709695394,0.021848437821105904,-5124.8
2022-03-18 00:00:00,-0.3236139708407957,8.238008249218403,0.015002770798820286,-5564.2
2022-03-18 01:00:00,-0.31069055631469755,8.202208436436448,0.005676235977608357,-5401.3
2022-03-18 02:00:00,-0.29337621303505257,8.153061946801051,-0.0011186003633900654,-5183.3
2022-03-18 03:00:00,-0.2701067984618408,8.074960359115858,-0.006226156801784732,-5013.4
2022-03-18 04:00:00,-0.24090908995366878,7.951911381854188,-0.019124536789798086,-4875.4
2022-03-18 05:00:00,-0.19964596507944776,7.80954132465341,-0.02345949912165679,-4717.8
2022-03-18 06:00:00,-0.20152713531914657,7.693937325509272,-0.030931139011380893,-4996.5
2022-03-18 07:00:00,-0.14945038430441704,7.598399329323964,-0.048490135347030616,-5036.8
2022-03-18 08:00:00,-0.11792879329904649,7.526717561352706,-0.06054069458824607,-5151.9
2022-03-18 09:00:00,-0.09560992843268412,7.545389749611823,-0.05385973195522542,-5187.8
2022-03-18 10:00:00,-0.17011248156316716,7.644440761556566,-0.043373940561413526,-5303.9
2022-03-18 11:00:00,-0.3345991697794548,7.7475968386928855,-0.05581584284757568,-5376.4
2022-03-18 12:00:00,-0.36963386031088996,7.836369760545124,-0.04035272656736755,-5430.8
2022-03-18 13:00:00,-0.35929536312964805,7.892078421248119,-0.049594976289763615,-5499.8
2022-03-18 14:00:00,-0.3284701297747419,7.890582534656536,-0.04354229784528396,-5518.7
2022-03-18 15:00:00,-0.2972113118740527,7.8328075165248645,-0.03850513554271995,-5481.3
2022-03-18 16:00:00,-0.13210758192284322,7.764296006450518,-0.012530840851098013,-5347.1
2022-03-18 17:00:00,-0.08404105128414718,7.745435610274381,-0.0012749415379760265,-5310.7
2022-03-18 18:00:00,-0.07408045721123191,7.774435510302958,0.0009764345186615841,-5237.8
2022-03-18 19:00:00,-0.051269767467245764,7.835974581721566,0.00456130299406432,-5230.7
2022-03-18 20:00:00,-0.02135167034006269,7.892078421248119,0.008030711471159968,-5196.1
2022-03-18 21:00:00,-0.07913851879229616,7.947325027016463,0.016392682700383965,-5217.7
2022-03-18 22:00:00,-0.0737871238644141,8.000014093678072,0.018112351955116957,-5135.7
2022-03-18 23:00:00,-0.06507403499393138,8.057694194815587,0.021853310778050528,-5189.2
2022-03-19 00:00:00,-0.10038154017429779,8.105005537547246,0.017756008892413355,-4972.7
2022-03-19 01:00:00,-0.12049343728968953,8.16194579946869,0.022990205390325258,-5014.0
2022-03-19 02:00:00,-0.047821628098327906,8.20849175174038,0.024607665344173135,-5073.8
2022-03-19 03:00:00,-0.036192029282541505,8.238536930171769,0.02293695519788219,-5177.8
2022-03-19 04:00:00,-0.004772459728553002,8.256347772918016,0.01824656812528147,-5233.7
2022-03-19 05:00:00,0.015047846672073373,8.275376374836407,0.01298469620997178,-5281.5
2022-03-19 06:00:00,-0.05421869636501642,8.290794347381356,0.0042628286094013035,-5240.6
2022-03-19 07:00:00,0.01803415151467247,8.282735880201754,-0.0026670903430474624,-5271.9
2022-03-19 08:00:00,0.020273959527256302,8.261526448396468,-0.0009623206227038494,-5342.2
2022-03-19 09:00:00,-0.07638058438957218,8.232706009860976,0.0018198068532413458,-5294.1
2022-03-19 10:00:00,-0.14709071973491072,8.186742787113518,-0.0074384903300392935,-5134.8
2022-03-19 11:00:00,-0.046138571297410724,8.146709052203319,0.004806846327850778,-4945.0
2022-03-19 12:00:00,-0.03119357903575315,8.117312461601975,-0.022889457246374256,-4906.3
2022-03-19 13:00:00,-0.19609101669620355,8.10349427838097,-0.03168616906751076,-4759.7
2022-03-19 14:00:00,-0.2385240982021779,8.114922974204593,-0.03348627184012454,-4754.5
2022-03-19 15:00:00,-0.046768162678564096,8.144679183447758,-0.03904639048342773,-5072.9
2022-03-19 16:00:00,-0.03329107203851178,8.154500175151941,-0.027481112655204143,-5109.3
2022-03-19 17:00:00,-0.0911674104079232,8.172729104865471,-0.04338270109837783,-5127.2
2022-03-19 18:00:00,-0.12161659651115242,8.17695386822578,-0.05091230369486954,-5234.8
2022-03-19 19:00:00,-0.17404376173480252,8.1786387885907,-0.052567793222267234,-5273.8
2022-03-19 20:00:00,-0.1606260025685824,8.166784289056151,-0.06817165548985038,-5228.1
2022-03-19 21:00:00,-0.16461125106167973,8.147867129923947,-0.0828724203409763,-5234.7
2022-03-19 22:00:00,-0.16317802473676357,8.120886021092838,-0.07554561381280944,-5219.6
2022-03-19 23:00:00,-0.18556414747699002,8.0861025356691,-0.08654571260920907,-5110.8
2022-03-20 00:00:00,-0.2529902592665758,8.008032846969307,-0.08342449351583081,-4937.4
2022-03-20 01:00:00,-0.25423375887594846,7.97522083865341,-0.1056786932931093,-4779.8
2022-03-20 02:00:00,-0.22387534162022416,7.937017489515454,-0.10219404306361035,-4665.5
2022-03-20 03:00:00,-0.28565647508895964,7.888709524182015,-0.09941134994632872,-4578.2
2022-03-20 04:00:00,-0.20673647461831335,7.813187267521416,-0.07902023645187839,-4388.4
2022-03-20 05:00:00,-0.0643757182398561,7.7057128238944275,-0.060306247475603314,-4426.5
2022-03-20 06:00:00,0.10123443200322946,7.569927655242652,-0.05868199183811029,-4403.4
2022-03-20 07:00:00,0.12315009743100491,7.395721608602045,-0.04400619249231941,-4168.9
2022-03-20 08:00:00,-0.08631084934500999,7.227662498728654,-0.05843351919730466,-3496.8
2022-03-20 09:00:00,-0.1716420523052684,7.039660349862076,-0.053177233749449826,-3328.2
2022-03-20 10:00:00,-0.19894882982922057,6.748759547491679,-0.027949010730940138,-3080.3
2022-03-20 11:00:00,-0.26816033831976904,6.4692503167957724,-0.031066319435780088,-2865.7
2022-03-20 12:00:00,-0.09585252047863024,6.327936783729195,-0.0332523448738522,-2632.6
2022-03-20 13:00:00,-0.18202514417628946,6.3473892096560105,-0.05189426251400775,-2595.7
2022-03-20 14:00:00,-0.18961639748537795,6.522092798170152,-0.053214479248351765,-2668.6
2022-03-20 15:00:00,-0.308526592347552,6.79794041297493,-0.04463836787397124,-2797.9
2022-03-20 16:00:00,-0.22646202752052735,7.115582126184454,-0.043992454275404214,-3365.4
2022-03-20 17:00:00,0.06390900037540792,7.382124365737512,-0.05673423987695081,-4484.4
2022-03-20 18:00:00,-0.17636189527762625,7.590346945602565,-0.07401401131891294,-4706.9
2022-03-20 19:00:00,-0.24341649347661498,7.701652362642226,-0.10225814031056046,-4793.4
2022-03-20 20:00:00,-0.28895156579516623,7.749753406274437,-0.12417683550614012,-4889.9
2022-03-20 21:00:00,-0.30994670393375,7.79770203551669,-0.12086638258054183,-4960.2
2022-03-20 22:00:00,-0.26655736491219884,7.856319571406588,-0.13208481088931912,-5031.3
2022-03-20 23:00:00,-0.31712749050555145,7.908754738783246,-0.137283665547832,-5142.3
2022-03-21 00:00:00,-0.23191261799748908,8.002359546252707,-0.1367311103531641,-5358.1
2022-03-21 01:00:00,-0.3001290411694373,8.041734711487537,-0.12469491682366662,-5311.0
2022-03-21 02:00:00,-0.31581005033262777,8.063062911326792,-0.10278250643323439,-5335.0
2022-03-21 03:00:00,-0.3754974106541371,8.038189179973203,-0.08686504889559377,-5387.8
2022-03-21 04:00:00,-0.38920709172048706,7.98514393119862,-0.07649854898236441,-5314.3
2022-03-21 05:00:00,-0.3615388674289117,7.915348169263078,-0.04561263250087144,-5251.6
2022-03-21 06:00:00,-0.32984879640315734,7.766840537085513,-0.039241918218961835,-5124.0
2022-03-21 07:00:00,-0.31722084521032823,7.52294091807237,-0.03708176893274473,-4938.1
2022-03-21 08:00:00,-0.2162977310874643,7.156176637480615,-0.044719041386308334,-4917.3
2022-03-21 09:00:00,-0.1549993239683367,6.78897174299217,-0.057152043198541946,-4727.4
2022-03-21 10:00:00,-0.09962255510674645,6.704414354964107,-0.06888499567960693,-4554.4
2022-03-21 11:00:00,-0.07618074770290084,6.674561391814426,-0.08733686629698756,-4516.2
2022-03-21 12:00:00,-0.12866360489077522,6.616065185132817,-0.10069655360525331,-4519.0
2022-03-21 13:00:00,-0.08688087503459352,6.6039438246004725,-0.09524539488176664,-4526.2
2022-03-21 14:00:00,-0.0404880866245394,6.593044534142437,-0.08491047533174978,-4524.7
2022-03-21 15:00:00,-0.00667816191776005,6.669498089857879,-0.06315406451185179,-4548.5
2022-03-21 16:00:00,0.0402899184273986,6.823286122355687,-0.056338065227735434,-4572.8
2022-03-21 17:00:00,0.06687220928988857,6.962243464266207,-0.06261338856762588,-4605.1
2022-03-21 18:00:00,0.07769167311683356,7.025538314638521,-0.049278589746053925,-4657.5
2022-03-21 19:00:00,0.08140690610001844,7.0192966537150445,-0.05247718260836276,-4682.4
2022-03-21 20:00:00,0.08844527388890056,7.005789019253503,-0.08688077360829993,-4679.2
2022-03-21 21:00:00,0.16517186101399917,6.946975992135418,-0.09450779976808743,-4726.2
2022-03-21 22:00:00,0.19481088910456368,6.856461984594587,-0.10178936140744099,-4660.8
2022-03-21 23:00:00,0.26747250930488686,7.954372272531867,-0.09582131219159873,-4614.5
2022-03-22 00:00:00,0.37463453316557294,6.93537044601511,-0.07636988202101502,-4830.4
2022-03-22 01:00:00,0.4236597915871694,6.910750787961936,-0.06775754223444697,-4922.1
2022-03-22 02:00:00,0.5333665304204072,6.926577033222725,-0.05960265461628644,-4973.5
2022-03-22 03:00:00,0.5733576411144541,6.97914527506881,-0.04544058318299182,-5101.0
2022-03-22 04:00:00,0.5013189907459132,7.0317412587631285,-0.02991958480926371,-5110.1
2022-03-22 05:00:00,0.5051532606298363,7.053585727193677,-0.025063177989531837,-5037.2
2022-03-22 06:00:00,0.7509528634756419,7.0630481633881725,-0.02262467347936159,-4935.6
2022-03-22 07:00:00,0.7839994927361218,6.984716320118266,-0.024574421127887547,-4722.1
2022-03-22 08:00:00,0.0999524148098967,6.790097235513905,-0.021176010857414163,-4435.7
2022-03-22 09:00:00,0.31205797985165784,6.493753839851686,-0.021097697602153076,-4437.4
2022-03-22 10:00:00,0.48553181768188125,6.244166900663736,-0.02363240223229468,-4332.0
2022-03-22 11:00:00,0.30005881251178845,6.251903883165888,-0.020031860369497778,-4338.3
2022-03-22 12:00:00,0.12978075507374953,6.311734809152915,-0.025215981577038526,-4396.2
2022-03-22 13:00:00,0.5896764178349998,6.354370040797351,0.004933915874166139,-4559.2
2022-03-22 14:00:00,0.5735572737423014,6.440946540632921,-0.006018818558136907,-4578.8
2022-03-22 15:00:00,0.5634345299989607,6.597145701886651,0.011127412024857897,-4602.5
2022-03-22 16:00:00,0.4431161381310611,6.853299093186078,0.00890730552756569,-4651.6
2022-03-22 17:00:00,0.013474081507528712,7.25063551189868,-0.011214873245474877,-4761.7
2022-03-22 18:00:00,-0.13720648476974207,7.597897950521784,-0.02949108720130411,-4843.4
2022-03-22 19:00:00,-0.23608526913736227,7.814803429489359,-0.04029784635124667,-4923.4
2022-03-22 20:00:00,-0.29042330528647575,7.926241523170962,-0.04651883382317745,-4973.1
2022-03-22 21:00:00,-0.29029170676006455,7.988542982737695,-0.058354115427005304,-5051.1
2022-03-22 22:00:00,-0.27562522127983025,8.010027528481734,-0.06863756407071175,-5119.7
2022-03-22 23:00:00,-0.2046717615529543,8.01862546504575,-0.06871948327868083,-5127.5
2022-03-23 00:00:00,-0.165431612132517,7.982074875081202,-0.0756468905964427,-4955.9
2022-03-23 01:00:00,-0.14620169716727194,8.014004994779459,-0.07028079295572542,-4932.9
2022-03-23 02:00:00,-0.12159401892287258,8.046549357283078,-0.06405945972499705,-4967.8
2022-03-23 03:00:00,-0.18809885385238267,8.07215530818825,-0.05361977965733278,-4988.1
2022-03-23 04:00:00,-0.20403630255324368,8.063377822367027,-0.044356666108678944,-4978.7
2022-03-23 05:00:00,-0.26933686325613193,8.035926369891792,-0.04170776946152799,-4979.8
2022-03-23 06:00:00,-0.42885002718885046,7.995306620290822,-0.037811074311106196,-5030.8
2022-03-23 07:00:00,-0.42326672498677587,7.9211727215870145,-0.04685012970642255,-4959.6
2022-03-23 08:00:00,-0.3369840722439297,7.773173680482536,-0.04795124010724283,-4913.6
2022-03-23 09:00:00,-0.31743181037471846,7.637716432664798,-0.04855443663648629,-4925.9
2022-03-23 10:00:00,-0.3489085010097761,7.566828479208331,-0.052274979238504216,-4876.3
2022-03-23 11:00:00,-0.4106764465690813,7.522400231387125,-0.07448807358558884,-4752.6
2022-03-23 12:00:00,-0.40926596824543937,7.510977752014095,-0.07777742288234801,-4592.9
2022-03-23 13:00:00,-0.3331370728775731,7.55171221535131,-0.04727440393059812,-4468.3
2022-03-23 14:00:00,-0.3275181356302377,7.622663951323595,-0.05597776869112625,-4381.0
2022-03-23 15:00:00,-0.3516218968054692,7.724446645633537,-0.035236972766950814,-4298.3
2022-03-23 16:00:00,-0.36969106213519787,7.862497197230545,-0.021115051633597837,-4329.0
2022-03-23 17:00:00,-0.3207266335411356,8.013012110368916,-0.024098145287367423,-4736.7
2022-03-23 18:00:00,-0.3477197203390707,8.129469764784231,-0.037963348270206865,-4815.4
2022-03-23 19:00:00,-0.3540828495302262,8.19478163844336,-0.045368981222910776,-5005.6
2022-03-23 20:00:00,-0.35528152744534003,8.227375506834035,-0.055899724940553064,-5073.0
2022-03-23 21:00:00,-0.3863699033263379,8.24354550792826,-0.06629657606966077,-5190.2
2022-03-23 22:00:00,-0.31656007732254876,8.258163361537619,-0.07728992068197638,-5276.6
2022-03-23 23:00:00,-0.3339947929196976,8.265135629937385,-0.0803851987495694,-5336.5
2022-03-24 00:00:00,-0.272255256276845,8.261009786023827,-0.06535301096349055,-5139.6
2022-03-24 01:00:00,-0.31053727489468397,8.251924713801357,-0.0669812328023216,-5067.0
2022-03-24 02:00:00,-0.24587256557254467,8.235360643753348,-0.06528640056070589,-5098.2
2022-03-24 03:00:00,-0.23830944106755902,8.208764045819667,-0.055085738244618376,-5164.5
2022-03-24 04:00:00,-0.21751069451815708,8.164794804244766,-0.047043499639317865,-5041.4
2022-03-24 05:00:00,-0.17134270297010046,8.106816038947052,-0.04671912818725232,-5086.3
2022-03-24 06:00:00,-0.22756913331721984,8.023879992734878,-0.04132514585165836,-5334.8
2022-03-24 07:00:00,-0.17890242275688628,7.8674885686991285,-0.040901802265902454,-5425.8
2022-03-24 08:00:00,-0.06312211680201063,7.616283561580385,-0.035859107143844327,-5435.6
2022-03-24 09:00:00,0.28690437818372727,7.3752557780097545,-0.037485383045472886,-5254.4
2022-03-24 10:00:00,0.6324652917177107,7.136483208590247,-0.03665337552330161,-5062.4
2022-03-24 11:00:00,0.880120738641752,6.964135612418245,-0.03336250450468725,-4918.7
2022-03-24 12:00:00,0.856891042226124,6.863803391452954,-0.05276591936075903,-4908.6
2022-03-24 13:00:00,0.9667926063204959,6.778784897685177,-0.047309706150351793,-4846.3
2022-03-24 14:00:00,0.943944683881714,6.739336627357174,-0.049185378270140134,-4873.4
2022-03-24 15:00:00,0.9557136144964034,6.732210706467206,-0.031882390956178064,-4861.7
2022-03-24 16:00:00,0.9953424945291394,6.823286122355687,-0.015575536383024335,-4889.3
2022-03-24 17:00:00,0.9423982573877394,6.932447891572509,-0.030655304959181784,-4933.1
2022-03-24 18:00:00,0.8331109732981243,7.065613363597717,-0.04196462079046803,-5038.6
2022-03-24 19:00:00,0.7337050112241776,7.134890851565884,-0.04669832862469203,-5059.7
2022-03-24 20:00:00,0.6212754305584371,7.170119543449628,-0.05762088619575678,-5121.3
2022-03-24 21:00:00,0.553303120776901,7.21890970761906,-0.06563541462785949,-5107.6
2022-03-24 22:00:00,0.2824422073405839,7.316548177182976,-0.07682442504360854,-5103.8
2022-03-24 23:00:00,0.23751800510515375,7.442492722794441,-0.07633515427259407,-5231.1
2022-03-25 00:00:00,0.15178918840880673,7.597396320212795,-0.043363334273248455,-5227.0
2022-03-25 01:00:00,0.15028930045763111,7.76004068088038,-0.05897212095555915,-5354.6
2022-03-25 02:00:00,0.0992765875038426,7.905072849498666,-0.04703201990673289,-5485.9
2022-03-25 03:00:00,-0.005515361581525546,8.027476530860483,-0.0376894262575691,-5582.5
2022-03-25 04:00:00,-0.06765256082225646,8.11969625295725,-0.040678286345863235,-5796.9
2022-03-25 05:00:00,-0.09397063751913182,8.182279739259018,-0.03034329649285894,-5912.4
2022-03-25 06:00:00,-0.1835086298164681,8.233768709217097,-0.025005195743833752,-6060.6
2022-03-25 07:00:00,-0.1464031498489482,8.251403065380556,-0.026038750471579775,-6095.8
2022-03-25 08:00:00,-0.09319879217324178,8.24143968982973,-0.03172025605275408,-6096.2
2022-03-25 09:00:00,-0.07867725295624073,8.21851757748959,-0.013155046368179768,-6102.1
2022-03-25 10:00:00,-0.09337556202413033,8.225503097566918,-0.02519608802712181,-6092.8
2022-03-25 11:00:00,-0.1980493625481241,8.264620829411216,-0.045190901002870376,-6066.2
2022-03-25 12:00:00,-0.19977556750066716,8.3133619511344,-0.031093401154571154,-5900.8
2022-03-25 13:00:00,-0.23143537853410745,8.338544879988579,-0.043776393356908194,-5486.4
2022-03-25 14:00:00,-0.2615403168299921,8.36287583103188,-0.05813320787569509,-5295.8
2022-03-25 15:00:00,-0.2901441446509603,8.383433201236713,-0.04116683527758003,-5186.6
2022-03-25 16:00:00,-0.24483389944294176,8.4040244933106,-0.00380164549898776,-5193.6
2022-03-25 17:00:00,-0.19977352938977466,8.416709652837914,0.012511588984714272,-5267.2
2022-03-25 18:00:00,-0.2038920687332224,8.423541635334782,0.001467955786851327,-5355.1
2022-03-25 19:00:00,-0.1817089871621369,8.422662707570003,-0.01954835299765989,-5248.8
2022-03-25 20:00:00,-0.17217456007464627,8.41803561988302,-0.033545715374581064,-5039.3
2022-03-25 21:00:00,-0.29023097467702685,8.414938957377482,-0.04807760466826849,-4917.7
2022-03-25 22:00:00,-0.4046284937776492,8.414274137408396,-0.05290094899902531,-4837.7
2022-03-25 23:00:00,-0.5026310712123916,8.415824697027949,-0.048594440555096874,-4786.6
2022-03-26 00:00:00,-0.540051676939576,8.418697944667139,-0.0493302843239567,-4864.6
2022-03-26 01:00:00,-0.6311023528524267,8.422442854870427,-0.05237821817181754,-4740.0
2022-03-26 02:00:00,-0.7699563455315257,8.4252971767117,-0.06579118125912142,-4688.4
2022-03-26 03:00:00,-0.8350739069826958,8.425516402844334,-0.0663672005462308,-4704.9
2022-03-26 04:00:00,-0.6053454403030485,8.428143374582726,-0.06220449727529331,-4751.4
2022-03-26 05:00:00,-0.4553775159038742,8.430327258394575,-0.07978953381755716,-4818.9
2022-03-26 06:00:00,-0.3260094014801629,8.432070937999402,-0.08612123285886764,-4793.8
2022-03-26 07:00:00,-0.17088052074892568,8.434897948689407,-0.06994714382632417,-4847.5
2022-03-26 08:00:00,-0.13650394209786532,8.43750042250699,-0.056651226483293016,-4930.9
2022-03-26 09:00:00,-0.19601522750526756,8.43771698991444,-0.04482212877790115,-4989.5
2022-03-26 10:00:00,-0.21573079531063577,8.432506383249043,-0.05458165989164954,-4918.7
2022-03-26 11:00:00,-0.11477864687313577,8.418918622147897,-0.05816259952880909,-4873.5
2022-03-26 12:00:00,-0.1543798786461803,8.391176350832751,-0.055790893440763156,-5174.8
2022-03-26 13:00:00,-0.067953893855071,8.35490952835879,-0.06761817829357408,-5135.0
2022-03-26 14:00:00,0.04824264237791498,8.302761580704049,-0.047866732482603425,-5027.3
2022-03-26 15:00:00,0.08188582037442105,8.221747728346623,-0.021586076454913616,-4299.3
2022-03-26 16:00:00,0.13536644742134163,8.062432791583195,-0.0014633849272494004,-4209.2
2022-03-26 17:00:00,0.3777457519260805,7.8343923029104365,-0.006262850903318018,-4741.4
2022-03-26 18:00:00,0.5859950045403592,7.597396320212795,0.0015656335537466148,-4685.7
2022-03-26 19:00:00,0.8574722894904871,7.370230641807081,-0.005205922485285619,-4447.4
2022-03-26 20:00:00,0.98327870521394,7.135687347028144,-0.02352384331783952,-4202.2
2022-03-26 21:00:00,1.113619593886999,6.848005274576363,-0.03982416677246281,-4041.7
2022-03-26 22:00:00,1.0904254761452372,6.519147287940395,-0.04394555912540721,-3953.6
2022-03-26 23:00:00,1.1454071284318452,6.208590026096629,-0.04791689056524717,-3895.1
2022-03-27 00:00:00,1.1021271164697248,5.762051382780177,-0.06564897185592233,-3705.3
2022-03-27 01:00:00,1.0303655536816305,5.8377304471659395,-0.0733375662007596,-3774.8
2022-03-27 03:00:00,0.9976670257132523,6.021023349349527,-0.08446711167805265,-3851.5
2022-03-27 04:00:00,0.8729236338884996,6.269096283706261,-0.08329766429965701,-3946.7
2022-03-27 05:00:00,1.0052044439466026,6.535241271013659,-0.09575603935624866,-4177.7
2022-03-27 06:00:00,1.2139974667693347,6.786716950605081,-0.10139310993116002,-4459.7
2022-03-27 07:00:00,1.2374099315343288,7.025538314638521,-0.09052620812721202,-4632.9
2022-03-27 08:00:00,1.1208008362437734,7.232010331664759,-0.06931875987697467,-4788.8
2022-03-27 09:00:00,0.8638297508453454,7.400009517162692,-0.07234354762306427,-4967.6
2022-03-27 10:00:00,0.6080314141677943,7.554858521040676,-0.068358549068817,-5131.1
2022-03-27 11:00:00,0.33692596366742134,7.738923757439457,-0.05442255060693579,-5165.6
2022-03-27 12:00:00,0.3764153827411354,7.904703913873747,-0.051890042193596386,-5139.4
2022-03-27 13:00:00,0.2767485173863822,8.001355025826703,-0.07128952227174601,-5130.5
2022-03-27 14:00:00,0.21392285542957223,8.059276223305648,-0.06866339018939982,-5026.3
2022-03-27 15:00:00,0.08584969245926377,8.105005537547246,-0.06620725998023147,-4960.3
2022-03-27 16:00:00,-0.04107832800333755,8.153637486385282,-0.07455510468557058,-4903.1
2022-03-27 17:00:00,-0.18015946436305041,8.190354403763262,-0.07707019761662703,-4865.3
2022-03-27 18:00:00,-0.1999788417909647,8.221478947267192,-0.05674428907847506,-4766.6
2022-03-27 19:00:00,-0.2631539763149364,8.25712628599743,-0.014271764984760793,-4775.8
2022-03-27 20:00:00,-0.2997379320816633,8.310169021981912,0.027661704562738976,-4858.1
2022-03-27 21:00:00,-0.3803275006955493,8.34711636103872,0.025817776898414913,-4883.5
2022-03-27 22:00:00,-0.3963861162061737,8.376090350438238,0.014826497690087592,-4840.8
2022-03-27 23:00:00,-0.5271835820249029,8.391403185357937,-0.017307724121079282,-4821.5
2022-03-28 00:00:00,-0.6695684133777053,8.4071550862073,-0.05036427093016016,-5118.6
2022-03-28 01:00:00,-0.7954504783994629,8.405591014834934,-0.06343233645289992,-4923.5
2022-03-28 02:00:00,-0.7963427314742146,8.390268497842571,-0.06730477955878733,-4804.0
2022-03-28 03:00:00,-0.758698148264902,8.36474106822456,-0.06401378397882507,-4779.8
2022-03-28 04:00:00,-0.6531025155745507,8.330622620332868,-0.06305198566662096,-4706.8
2022-03-28 05:00:00,-0.560598685903654,8.29154650988391,-0.0488913239625699,-4728.7
2022-03-28 06:00:00,-0.4445944142887055,8.262042843966942,-0.0124678846139048,-4948.7
2022-03-28 07:00:00,-0.4002379230234978,8.226038429485484,0.017841293505384215,-4969.4
2022-03-28 08:00:00,-0.372002667025392,8.233503140233994,0.024659483788415315,-5001.5
2022-03-28 09:00:00,-0.41032177364678146,8.254788926148725,0.025539672646571532,-4999.9
2022-03-28 10:00:00,-0.5276354275794755,8.280204233279974,0.010766368506760493,-5083.9
2022-03-28 11:00:00,-0.4869037041219664,8.28374674710613,0.007546864165425049,-5036.9
2022-03-28 12:00:00,-0.49851107738604616,8.258940462988459,-2.4430659542495903e-05,-5020.0
2022-03-28 13:00:00,-0.43990267723684173,8.202208436436448,0.0025080062022446725,-4875.1
2022-03-28 14:00:00,-0.4240430850969594,8.114025442356757,-0.00039722604647529636,-4766.8
2022-03-28 15:00:00,-0.45125270161288267,8.013674142832684,-0.019434065065370376,-4510.2
2022-03-28 16:00:00,-0.37975358067090337,7.903596289614301,-0.04092152145990369,-4308.9
2022-03-28 17:00:00,-0.23428661660169992,7.805474625270857,-0.04220451693641891,-4315.1
2022-03-28 18:00:00,-0.06980642698939699,7.675546002537848,-0.03771776734497756,-4928.7
2022-03-28 19:00:00,0.04365074368202526,7.553810852008231,0.0027195264786428197,-4981.5
2022-03-28 20:00:00,0.03513315819766527,7.451241684987676,0.04899748702603812,-4733.7
2022-03-28 21:00:00,0.05649359235053497,7.409136443920128,0.05247439058055825,-4731.8
2022-03-28 22:00:00,0.10779951211493399,7.395107546562485,0.05293818604469891,-4590.7
2022-03-28 23:00:00,0.0509189250131592,7.356918242356021,0.04305927595174097,-4314.9
2022-03-29 00:00:00,0.7844042258973714,7.097548850614793,-0.010220481482147825,-4299.2
2022-03-29 01:00:00,0.6900536804902044,7.003065458786462,-0.0194844857211125,-4213.6
2022-03-29 02:00:00,0.8687871500837812,6.974478911025045,-0.02913749830929646,-4228.5
2022-03-29 03:00:00,0.8949764164801222,6.9584483932976555,-0.035611073569193685,-4217.6
2022-03-29 04:00:00,0.7486584462333123,6.966967138613983,-0.0383632037894337,-4287.8
2022-03-29 05:00:00,0.5423220264137556,6.9975959829819265,-0.04010913619480316,-4306.7
2022-03-29 06:00:00,0.4656474600541771,7.026426808699636,-0.032515950958104334,-4210.8
2022-03-29 07:00:00,0.5277615823913657,7.060476365999801,-0.023634571434645757,-4293.4
2022-03-29 08:00:00,0.5919513829865601,7.011213987350367,-0.025868652035606843,-4318.5
2022-03-29 09:00:00,0.7425151099826053,6.893656354602635,-0.03205801699506505,-4471.5
2022-03-29 10:00:00,0.7368003122451334,6.810142450115136,-0.027996045520067625,-4445.5
2022-03-29 11:00:00,0.7180549996814038,6.8308742346461795,-0.004868938411685342,-4374.7
2022-03-29 12:00:00,0.5491623025637273,6.907755278982137,-0.008987447398796533,-4543.4
2022-03-29 13:00:00,0.12804368166099245,7.001245622069476,0.015803588111070077,-4405.6
2022-03-29 14:00:00,0.03304624900924624,7.117205503164344,0.007960440542102099,-4244.4
2022-03-29 15:00:00,0.027576654336273432,7.238496840894365,-0.0012153761180213607,-4227.4
2022-03-29 16:00:00,0.027512300286194336,7.338238150065589,-0.013244720146002642,-4230.1
2022-03-29 17:00:00,0.04830254086989694,7.397561535524052,-0.023490991077018464,-4201.0
2022-03-29 18:00:00,0.2697482705675607,7.4815557019095165,-0.03196327634669327,-4592.6
2022-03-29 19:00:00,0.2236823451329517,7.644440761556566,-0.021438726614150916,-4696.8
2022-03-29 20:00:00,0.172902833939796,7.773594467360194,0.014923709609266034,-4729.5
2022-03-29 21:00:00,0.17373190672706285,7.8336002236611035,0.009748521869576088,-4751.3
2022-03-29 22:00:00,0.10664321748174466,7.85748078694253,-0.009128391338142805,-4586.4
2022-03-29 23:00:00,0.13875489049696066,7.860956364876389,-0.026159868859884305,-4563.7
2022-03-30 00:00:00,0.40410939816647407,7.910957382845589,-0.03749197343279942,-4664.7
2022-03-30 01:00:00,0.4189385042489584,7.900266036767701,-0.050885533197987165,-4535.1
2022-03-30 02:00:00,0.42351268116873664,7.888709524182015,-0.054132370902718385,-4503.4
2022-03-30 03:00:00,0.36784720519407754,7.8804263442924,-0.045592213612585475,-4484.3
2022-03-30 04:00:00,0.3975599342069973,7.874358824729881,-0.043241217024813317,-4451.4
2022-03-30 05:00:00,0.18367343121366586,7.869019376499023,-0.039580109084411674,-4505.9
2022-03-30 06:00:00,-0.019229377333399356,7.858640655620791,-0.02607499828649562,-4523.5
2022-03-30 07:00:00,0.15310150807401346,7.81035268372429,-0.013723704423055594,-4496.6
2022-03-30 08:00:00,0.45775366792147265,7.688455356549944,-0.021220457457958197,-4476.0
2022-03-30 09:00:00,0.5465039431816057,7.526717561352706,-0.03418637336956554,-4276.3
2022-03-30 10:00:00,0.5192728564373117,7.377133712833954,-0.03415055462262284,-4070.9
2022-03-30 11:00:00,0.3635828969383357,7.340835554123275,-0.028708935924944612,-4070.0
2022-03-30 12:00:00,0.19268838263972876,7.3395376954076745,-0.027980864342329603,-4165.4
2022-03-30 13:00:00,0.3426278123462585,7.350516171833998,-0.0045415543446303275,-4186.9
2022-03-30 14:00:00,0.29037103537950726,7.343426229147367,-0.021429346882658074,-4262.3
2022-03-30 15:00:00,0.28567097803936337,7.318539548567902,-0.04187473009727505,-4216.3
2022-03-30 16:00:00,0.39007955847043574,7.267525427828172,-0.05809064895553817,-4234.6
2022-03-30 17:00:00,0.44879789734030684,7.152268856032539,-0.06881798041811216,-4299.7
2022-03-30 18:00:00,0.8572916642799946,7.048386408721883,-0.07938341043117614,-4463.4
2022-03-30 19:00:00,0.8869851395624417,7.091742115095153,-0.06255848435052869,-4543.4
2022-03-30 20:00:00,0.8427203514360526,7.189922170745808,-0.036036581441141635,-4516.8
2022-03-30 21:00:00,0.7247306416195478,7.244941546337007,-0.041486646900366075,-4613.1
2022-03-30 22:00:00,0.6876620552638832,7.262628600974241,-0.0695121036948807,-4619.5
2022-03-30 23:00:00,0.689959430752654,7.238496840894365,-0.09743941978780857,-4529.0
2022-03-31 00:00:00,0.918634293811122,7.133295954896068,-0.09458264927842919,-4218.3
2022-03-31 01:00:00,1.0483965580492844,7.090076835776092,-0.10271013153557895,-4127.2
2022-03-31 02:00:00,1.0931099264589808,7.064759027791802,-0.0972457078231157,-4069.3
2022-03-31 03:00:00,1.072895930504977,7.038783541388542,-0.08951050245713876,-4047.5
2022-03-31 04:00:00,1.0857807635750207,7.014814351275545,-0.09583366380875002,-4031.4
2022-03-31 05:00:00,1.0748550375274526,6.980075940561763,-0.0997301441537557,-4029.4
2022-03-31 06:00:00,0.9020829464766846,6.90975328164481,-0.08595938185030594,-4377.5
2022-03-31 07:00:00,0.9505545412623215,6.795705775173514,-0.07011517473180362,-4276.9
2022-03-31 08:00:00,1.1293538240612326,6.455198563340122,-0.07086511218622249,-4306.5
2022-03-31 09:00:00,1.296371050947731,5.988961416889864,-0.07842821618589735,-4334.8
2022-03-31 10:00:00,1.3628093219862567,5.641907070938114,-0.07638704072681435,-4332.9
2022-03-31 11:00:00,1.4359626982523377,5.568344503761097,-0.05174913075512588,-4337.9
2022-03-31 12:00:00,1.3467583310411717,5.517452896464707,-0.050175915322919096,-4316.5
2022-03-31 13:00:00,1.3465137184388727,5.41610040220442,-0.045218748775878836,-4340.2
2022-03-31 14:00:00,1.4378894206302144,5.318119993844216,-0.05823039870149671,-4318.5
2022-03-31 15:00:00,1.4676071152910586,5.272999558563747,-0.07659138825511835,-4327.0
2022-03-31 16:00:00,1.548597175888883,5.209486152841421,-0.09068903903876535,-4333.2
2022-03-31 17:00:00,1.5626355115351647,5.14166355650266,-0.10687772727885392,-4346.8
2022-03-31 18:00:00,1.6269184945088293,5.10594547390058,-0.10801409663503847,-4283.4
2022-03-31 19:00:00,1.596007432855914,5.10594547390058,-0.08355690009154237,-4295.8
2022-03-31 20:00:00,1.6164861855249129,5.030437921392435,-0.052415252368491316,-4277.4
2022-03-31 21:00:00,1.7415137774089606,4.948759890378168,-0.06996442571744499,-4184.9
2022-03-31 22:00:00,1.678423310212116,4.90527477843843,-0.08021043279333995,-4210.1
2022-03-31 23:00:00,1.6468307501712198,4.787491742782046,-0.08280386250966831,-4121.8
2022-04-01 00:00:00,1.163031537311236,4.795790545596741,-0.04617054535910281,-3892.9
2022-04-01 01:00:00,1.1093064977353446,4.718498871295094,-0.04608555058422237,-4069.0
2022-04-01 02:00:00,1.1107663906621763,4.68213122712422,-0.04959976073841421,-3984.2
2022-04-01 03:00:00,1.1308638300061986,4.653960350157523,-0.04320692149735983,-4013.2
2022-04-01 04:00:00,1.1046437789884953,4.61512051684126,-0.02808428287050191,-4076.5
2022-04-01 05:00:00,1.1960294123321553,4.584967478670572,-0.007196520418728092,-4116.3
2022-04-01 06:00:00,1.165594204975669,4.5217885770490405,0.03926120097327512,-4176.9
2022-04-01 07:00:00,1.2234352498573013,4.499809670330265,0.0563122131805196,-4134.1
2022-04-01 08:00:00,1.1730242797287493,4.499809670330265,0.03471375309309721,-4105.3
2022-04-01 09:00:00,1.1829048653156038,4.574710978503383,0.024083476661057368,-4192.9
2022-04-01 10:00:00,1.2499646963769777,4.6913478822291435,0.04694352320804995,-4210.9
2022-04-01 11:00:00,0.8494921655407373,4.897839799950911,0.05098875663010194,-4260.5
2022-04-01 12:00:00,1.1158964665953226,5.1647859739235145,0.07484105880363323,-4131.0
2022-04-01 13:00:00,1.0781245316708477,5.384495062789089,0.06213690149140216,-4144.0
2022-04-01 14:00:00,1.025630832838413,5.545177444479562,0.05056776264434326,-4123.2
2022-04-01 15:00:00,1.1036826105481579,5.69035945432406,0.036973013385565245,-3969.8
2022-04-01 16:00:00,1.0349614992916525,5.823045895483019,0.042675723494158824,-4042.3
2022-04-01 17:00:00,0.9002340900818746,5.87493073085203,0.021798190661677097,-4044.0
2022-04-01 18:00:00,0.8260295312646821,5.981414211254481,0.030463935462822,-4007.1
2022-04-01 19:00:00,0.6847693753049988,6.2422232654551655,0.043797402933858365,-4050.6
2022-04-01 20:00:00,0.39240814978647354,6.520621127558696,0.04433775504633797,-4128.6
2022-04-01 21:00:00,0.36781986951989687,6.70196036600254,0.018851374995132453,-4297.0
2022-04-01 22:00:00,0.3760650526596825,6.853299093186078,0.015864118508442715,-4421.3
2022-04-01 23:00:00,0.44675122408857293,6.970730078143525,0.008043922880578869,-4500.5
2022-04-02 00:00:00,0.5191294313257959,7.090076835776092,0.04768570451003207,-4249.4
2022-04-02 01:00:00,0.41149779886915994,7.31455283232408,0.05027627642541255,-4508.2
2022-04-02 02:00:00,0.3681700968112027,7.511524648390866,0.058774803526359776,-4815.6
2022-04-02 03:00:00,0.3476879546160827,7.667158255319148,0.04868111463037472,-4990.2
2022-04-02 04:00:00,0.2884151453725865,7.773594467360194,0.059512401920353675,-5096.9
2022-04-02 05:00:00,0.20682291649351958,7.849323818040561,0.06428858729467457,-5133.5
2022-04-02 06:00:00,0.003000969759750838,7.906547232368036,0.06292107552196935,-5175.2
2022-04-02 07:00:00,-0.15089831966402567,7.934871565945177,0.06520766699225344,-5157.7
2022-04-02 08:00:00,-0.23232140828712877,7.9391588179567965,0.05771756492999547,-5212.3
2022-04-02 09:00:00,-0.07874725330639842,7.849323818040561,0.049171673363657575,-5109.3
2022-04-02 10:00:00,0.008101757934362297,7.77863014732581,0.05356371934920112,-5109.3
2022-04-02 11:00:00,0.20935002138777437,7.8160138391590275,0.061989503177246164,-5241.5
2022-04-02 12:00:00,0.054758518177874915,7.892452043520352,0.06164430039320834,-5360.1
2022-04-02 13:00:00,-0.0025228121265779,7.916078096302786,0.04023897044484137,-5369.7
2022-04-02 14:00:00,0.08157276719321294,7.896924656268864,0.03507447884630199,-5251.1
2022-04-02 15:00:00,0.06315598021754099,7.8632667240095735,0.04480940104041853,-5161.0
2022-04-02 16:00:00,0.20877567973055244,7.823245690685523,0.04831618143345473,-5190.6
2022-04-02 17:00:00,0.10955858172926725,7.769800996003896,0.039913080350861385,-5023.1
2022-04-02 18:00:00,0.024767261073398217,7.726212650507529,0.031468338520027395,-4978.1
2022-04-02 19:00:00,-0.12217396838399708,7.752764808851328,0.03801223457827252,-4999.2
2022-04-02 20:00:00,-0.1077698465578214,7.809135398120538,0.04029578649908938,-5061.4
2022-04-02 21:00:00,-0.09304263298635806,7.843848638152472,0.033955260584322744,-5072.1
2022-04-02 22:00:00,-0.04678212914382707,7.851271997109883,0.03266301174248465,-5061.4
2022-04-02 23:00:00,-0.16713544139096914,7.83399634170946,0.030626770810178172,-4876.4
2022-04-03 00:00:00,-0.037124136644758554,7.7142311448490855,0.06240963973353786,-4500.0
2022-04-03 01:00:00,-0.01635231494912759,7.6838639802564295,0.05016409497415175,-4424.7
2022-04-03 02:00:00,0.04813249698851152,7.660114319173928,0.045520926029504416,-4419.9
2022-04-03 03:00:00,0.017968434137065614,7.636752112435779,0.03181304662051776,-4478.3
2022-04-03 04:00:00,0.03511732851030791,7.614312146452,0.017580260865464048,-4531.3
2022-04-03 05:00:00,0.04310443112426787,7.590852123688581,0.005901554251663832,-4612.4
2022-04-03 06:00:00,0.103002620455789,7.534228326274089,-0.01727449989590024,-4758.1
2022-04-03 07:00:00,0.0051931771050974795,7.44600149832412,-0.05382068741496315,-4759.8
2022-04-03 08:00:00,0.044347625211662134,7.254177846456518,-0.0427008421038515,-4858.4
2022-04-03 09:00:00,0.17029421795387245,7.050122520269059,-0.0695013292239377,-4883.5
2022-04-03 10:00:00,0.2819519853885679,6.98100574072173,-0.07504757034953347,-4931.6
2022-04-03 11:00:00,0.3187250939449737,6.951772164398911,-0.06507489354906415,-4944.3
2022-04-03 12:00:00,0.5858979309503556,6.912742820493176,-0.026653870785903422,-4818.1
2022-04-03 13:00:00,0.5674511721921731,6.881411303642535,-0.030214332908416353,-4653.8
2022-04-03 14:00:00,0.5688107204518533,6.834108738813838,-0.03643823150456793,-4512.1
2022-04-03 15:00:00,0.45512867622792585,6.790097235513905,-0.024834933506703294,-4421.3
2022-04-03 16:00:00,0.24817771276066036,6.734591659972948,-0.00878021357709624,-4390.8
2022-04-03 17:00:00,0.18202073188904455,6.628041376179533,-0.0014817685811170378,-4462.5
2022-04-03 18:00:00,0.2208140268680081,6.532334292222349,0.018123267865346016,-4565.4
2022-04-03 19:00:00,0.26026313059753114,6.53813982376767,0.028128938884719012,-4645.7
2022-04-03 20:00:00,0.185408584382885,6.635946555686647,0.03187787073632631,-4661.4
2022-04-03 21:00:00,0.1575851898502041,6.74993119378857,0.029322980993306658,-4667.4
2022-04-03 22:00:00,0.1510668354767799,6.815639990074331,0.04109996251978387,-4410.7
2022-04-03 23:00:00,0.05862586028853123,6.827629234502852,0.04651350431718093,-4293.2
2022-04-04 00:00:00,0.18624613431064807,6.646390514847729,0.008422765728444581,-3844.3
2022-04-04 01:00:00,0.17859597558176166,6.606650186198215,-0.002034257997551414,-3437.5
2022-04-04 02:00:00,0.18699337367491742,6.551080335043404,0.007852689142705316,-3321.2
2022-04-04 03:00:00,0.1143367731856606,6.480044561926653,0.014055873052012835,-3369.2
2022-04-04 04:00:00,-0.044452992119592416,6.411818267709897,0.015938702501229862,-3468.8
2022-04-04 05:00:00,0.11661841486507019,6.385194398997726,0.03656229371554609,-3668.5
2022-04-04 06:00:00,0.22449772549009062,6.363028103540465,0.06283510835399575,-4206.8
2022-04-04 07:00:00,0.007225393773243383,6.295266001439646,0.07742722280788783,-4004.0
2022-04-04 08:00:00,0.1408560355892332,6.161207321695077,0.08262239074888544,-4102.5
2022-04-04 09:00:00,0.18713801242971595,6.008813185442595,0.07723088204766881,-4085.8
2022-04-04 10:00:00,0.08951765171890624,6.003887067106539,0.060584822165606234,-4037.5
2022-04-04 11:00:00,0.19665511405775504,6.063785208687608,0.04177417814893314,-4024.3
2022-04-04 12:00:00,0.19499349445200398,6.148468295917647,0.024913932674134998,-3922.6
2022-04-04 13:00:00,0.23242905908649103,6.26530121273771,0.05301558766203307,-3923.2
2022-04-04 14:00:00,0.2681260327033934,6.403574197934815,0.06853281574424752,-3885.1
2022-04-04 15:00:00,0.11296845582092097,6.548219102762372,0.07574028206233407,-3973.8
2022-04-04 16:00:00,0.04180093163644916,6.655440350367647,0.07220492655921262,-4162.7
2022-04-04 17:00:00,0.25080120849700904,6.71295620067707,0.05127076974243039,-4429.2
2022-04-04 18:00:00,0.24411457355276056,6.714170529909472,0.06977671285563503,-4476.6
2022-04-04 19:00:00,0.2679643624821537,6.755768921984255,0.09640286822641198,-4579.2
2022-04-04 20:00:00,0.2856912099076965,6.862757913051401,0.07488800089097047,-4596.7
2022-04-04 21:00:00,0.22623971688856415,6.92461239604856,0.05893228821702934,-4586.4
2022-04-04 22:00:00,0.21827073091538463,6.970730078143525,0.056174734402743454,-4443.3
2022-04-04 23:00:00,0.23963228835857286,7.010311867307229,0.05034407094431348,-4363.7
2022-04-05 00:00:00,-0.6771736855246555,7.5766097669730375,0.0833413316840268,-3546.9
2022-04-05 01:00:00,-0.6555621675290682,7.607381425639791,0.08541558828221696,-3400.9
2022-04-05 02:00:00,-0.6198817371184555,7.640123172695364,0.08443114253149098,-3441.2
2022-04-05 03:00:00,-0.6190359438248008,7.671360923190644,0.08589176175080038,-3566.3
2022-04-05 04:00:00,-0.622212408869943,7.716015266642587,0.08605979912720763,-3793.0
2022-04-05 05:00:00,-0.34425724571654115,7.779466967458324,0.08609825726234988,-4537.2
2022-04-05 06:00:00,-0.24543084799170023,7.832014180505469,0.08413603696326533,-5164.8
2022-04-05 07:00:00,-0.5278611508851974,7.828834527588089,0.07815492045236638,-5259.2
2022-04-05 08:00:00,-0.7013313815861784,7.856319571406588,0.08504481946428566,-5382.2
2022-04-05 09:00:00,-0.7737498160000027,7.894318063841624,0.08929023100975186,-5535.8
2022-04-05 10:00:00,-0.7210751431078326,7.937017489515454,0.08273790708861117,-5518.2
2022-04-05 11:00:00,-0.6724322176379856,7.9724660159745655,0.09002892224601311,-5609.0
2022-04-05 12:00:00,-0.649082846249065,8.000014093678072,0.08232759782805843,-5621.7
2022-04-05 13:00:00,-0.5632908897550362,8.03365842788615,0.11080200378772531,-5738.0
2022-04-05 14:00:00,-0.5454212177520463,8.057377488557991,0.10460992874062036,-5690.3
2022-04-05 15:00:00,-0.47089533224551205,8.08271113423758,0.10255789972517082,-5786.6
2022-04-05 16:00:00,-0.5296054751480876,8.109826276018477,0.10266278713210664,-5802.9
2022-04-05 17:00:00,-0.6832647919307244,8.134760782418645,0.09499389831897531,-5879.1
2022-04-05 18:00:00,-0.6986715606218215,8.113726085970747,0.0992748814436224,-5860.5
2022-04-05 19:00:00,-0.7362857145559687,8.102889134640868,0.10174920381267238,-5833.0
2022-04-05 20:00:00,-0.7433042008215729,8.119398589612294,0.11373076625693646,-5838.7
2022-04-05 21:00:00,-0.6748723063832762,8.146129510025405,0.09412510410034791,-5857.3
2022-04-05 22:00:00,-0.6143082468234575,8.174421152646497,0.0968545785688395,-5760.0
2022-04-05 23:00:00,-0.5963961066884114,8.192847134592865,0.10789068503105259,-5585.1
2022-04-06 00:00:00,-0.3716937210253666,8.231642179973411,0.10404757389375252,-5676.5
2022-04-06 01:00:00,-0.3411226915308445,8.25088114470065,0.10648627526541077,-5643.6
2022-04-06 02:00:00,-0.3143863312494606,8.267448958304849,0.10552135815660524,-5608.3
2022-04-06 03:00:00,-0.3419465216088522,8.279697133877628,0.10551948034674563,-5601.9
2022-04-06 04:00:00,-0.3740185402978917,8.280711075662847,0.09889713574745151,-5658.8
2022-04-06 05:00:00,-0.6118757205989374,8.276903481267057,0.09444291643284775,-5697.1
2022-04-06 06:00:00,-0.8526137586527547,8.262816937670928,0.08606698335368801,-5480.1
2022-04-06 07:00:00,-0.9339562212684331,8.224699561967235,0.07190682039270602,-5454.0
2022-04-06 08:00:00,-0.9228513733251034,8.138856750696325,0.07685309917347283,-5450.3
2022-04-06 09:00:00,-0.8304200210007515,8.061486866871327,0.07996542594195066,-5334.6
2022-04-06 10:00:00,-0.7434815768810399,8.01532730902172,0.0701797169195304,-5224.0
2022-04-06 11:00:00,-0.7319169898441475,7.9748769005588755,0.05343316803032305,-5067.3
2022-04-06 12:00:00,-0.6833887944759813,7.907651594711089,0.05148069463976679,-5067.1
2022-04-06 13:00:00,-0.48171259414684053,7.813187267521416,0.08585458363629517,-4907.7
2022-04-06 14:00:00,-0.2914869204685826,7.6984827878809465,0.07668650645911157,-4698.7
2022-04-06 15:00:00,-0.1825924881016543,7.550661243105336,0.06766890220725319,-4611.5
2022-04-06 16:00:00,-0.12908379249958912,7.351799869057777,0.0643906358939077,-4525.8
2022-04-06 17:00:00,-0.1444382681428924,7.122866658599083,0.052234667370557375,-4304.1
2022-04-06 18:00:00,-0.1304488623010398,6.902742737158593,0.04843411839342515,-4278.2
2022-04-06 19:00:00,-0.13273461834656342,6.818924065275521,0.050155959130018246,-4270.8
2022-04-06 20:00:00,-0.07725794297267363,6.807934943699926,0.05428590849802717,-4280.9
2022-04-06 21:00:00,-0.030655465703201212,6.790097235513905,0.03339001581445444,-4319.7
2022-04-06 22:00:00,0.1362735988527506,6.75110146893676,0.025914479828736958,-4302.6
2022-04-06 23:00:00,0.2744898026753009,6.673297967767654,0.03493430620385407,-4166.3
2022-04-07 00:00:00,0.47910293012734595,6.634633357861686,0.03875109751101302,-3942.7
2022-04-07 01:00:00,0.5303446814931911,6.583409222158765,0.034442922171471935,-3880.4
2022-04-07 02:00:00,0.5518448006575136,6.499787040655854,0.0350701747183253,-3752.3
2022-04-07 03:00:00,0.5691687732241357,6.416732282512326,0.035085688782213964,-3871.4
2022-04-07 04:00:00,0.4587864104832651,6.336825731146441,0.03311059283448259,-3867.9
2022-04-07 05:00:00,0.29405288999134527,6.282266746896006,0.037515575890515684,-3994.9
2022-04-07 06:00:00,0.1002240972657038,6.236369590203704,0.043291550284800806,-4034.6
2022-04-07 07:00:00,0.2796778749661524,6.142037405587356,0.037919857574153504,-4093.7
2022-04-07 08:00:00,0.6916454658155411,6.003887067106539,0.047397528927280774,-4165.2
2022-04-07 09:00:00,0.3205658058705687,5.905361848054571,0.05570009817984367,-4140.0
2022-04-07 10:00:00,0.22239294886082028,5.834810737062605,0.043040239267252645,-4049.5
2022-04-07 11:00:00,0.3284239315160553,5.7899601708972535,0.0507448176045715,-3969.2
2022-04-07 12:00:00,0.3301830516034574,5.831882477283517,0.04184945968484488,-3914.7
2022-04-07 13:00:00,0.3126090502224006,5.940171252720432,0.05221401077850718,-3883.3
2022-04-07 14:00:00,0.3840440272756158,6.115892125483034,0.059516409207430954,-3855.7
2022-04-07 15:00:00,0.34562280667121126,6.311734809152915,0.05861998160883797,-3919.5
2022-04-07 16:00:00,0.2941498042130952,6.470799503782602,0.06166164039688127,-4077.6
2022-04-07 17:00:00,0.15041349911972102,6.6039438246004725,0.044374190683370784,-4176.2
2022-04-07 18:00:00,0.12178919556652534,6.70196036600254,0.05012192736366128,-4439.8
2022-04-07 19:00:00,0.3456821727751036,6.85751406254539,0.06068003673254907,-4720.7
2022-04-07 20:00:00,0.20854211875042772,7.067319848653476,0.06517703856750323,-4711.1
2022-04-07 21:00:00,0.1807316499951348,7.239214973779806,0.04033266620811471,-4762.2
2022-04-07 22:00:00,0.09597992957156087,7.3833681469923835,0.03698034201680667,-4714.9
2022-04-07 23:00:00,-0.22850080867838685,7.500529485395295,0.04584640935132622,-4390.4
2022-04-08 00:00:00,-0.7729987499582802,7.697121317282625,0.09588808870312704,-3390.0
2022-04-08 01:00:00,-1.1606885621814529,7.8328075165248645,0.0942353558587774,-3123.8
2022-04-08 02:00:00,-2.024417218027328,7.9665866976384025,0.09604927383352369,-3035.9
2022-04-08 03:00:00,-1.9736441733487051,8.08301991917133,0.0918421524019335,-3396.7
2022-04-08 04:00:00,-1.2189506811796256,8.181440695719374,0.09183945614303379,-4090.0
2022-04-08 05:00:00,-0.648260810777916,8.257904193465674,0.08468865351908406,-5113.4
2022-04-08 06:00:00,-0.6619562827159884,8.303999970955196,0.07521043509620462,-5829.5
2022-04-08 07:00:00,-0.7774413306264298,8.32069157104845,0.0725141877568003,-5903.9
2022-04-08 08:00:00,-0.8879714161603354,8.329416783939319,0.06994775000255693,-5920.1
2022-04-08 09:00:00,-0.904670834892535,8.347353412124338,0.06638863566200559,-5792.9
2022-04-08 10:00:00,-0.9221295245450114,8.357024439263416,0.07567580553067543,-5675.1
2022-04-08 11:00:00,-0.8221450856777621,8.353732642263202,0.06877116249763748,-5591.3
2022-04-08 12:00:00,-0.7187383673083301,8.341410211461865,0.08672615235319014,-5567.2
2022-04-08 13:00:00,-0.6193746576652219,8.314832179284556,0.08572521874653916,-5489.2
2022-04-08 14:00:00,-0.5150369004601743,8.271036865792954,0.0834405076449185,-5330.6
2022-04-08 15:00:00,-0.5701748249868408,8.223627175805483,0.07593232279928497,-5235.2
2022-04-08 16:00:00,-0.5752887242119806,8.165932137321585,0.08064847448793078,-5091.0
2022-04-08 17:00:00,-0.6841008918038045,8.11102783819368,0.05134695279298107,-5019.7
2022-04-08 18:00:00,-0.5650231096952867,8.075271546297458,0.046236330603580456,-5255.3
2022-04-08 19:00:00,-0.5389452863617641,8.027150106832774,0.05283360899779588,-5320.0
2022-04-08 20:00:00,-0.4747371150187929,7.982416346827733,0.042342741915818216,-5146.2
2022-04-08 21:00:00,-0.4270747500132104,7.9441374911141125,0.026573421089042704,-5085.1
2022-04-08 22:00:00,-0.39194635165068803,7.9102237070973445,0.04369474116874894,-4705.3
2022-04-08 23:00:00,-0.33838101252617303,7.890582534656536,0.05651515864673318,-4549.2
2022-04-09 00:00:00,-0.21768354596975437,7.602401335665818,0.09792581291292457,-4025.0
2022-04-09 01:00:00,-0.16228738646606322,7.60489448081162,0.10446189693807106,-3964.0
2022-04-09 02:00:00,-0.05030313075482207,7.602401335665818,0.10107718321704962,-3929.1
2022-04-09 03:00:00,0.01916984772856667,7.575584651557793,0.09827805576974669,-3909.2
2022-04-09 04:00:00,0.12633001503260743,7.537430036586509,0.0932479187836881,-4179.8
2022-04-09 05:00:00,0.16717315688937928,7.4949862339505335,0.08699226517789782,-4224.3
2022-04-09 06:00:00,0.053467605128246554,7.428333194190806,0.08042351117174196,-3948.2
2022-04-09 07:00:00,-0.14313631432853668,7.351158226430694,0.07503448514404187,-3747.2
2022-04-09 08:00:00,-0.1269906727034571,7.244941546337007,0.09963987131625895,-3877.4
2022-04-09 09:00:00,-0.12678919447047843,7.182352111885263,0.09769604395648024,-3829.8
2022-04-09 10:00:00,-0.4093135195444604,7.1372784372603855,0.08870789840512483,-3118.7
2022-04-09 11:00:00,-0.3177509761622819,7.083387847625295,0.09637831645243367,-2631.3
2022-04-09 12:00:00,-0.20007197573591906,7.025538314638521,0.0905101198333309,-2278.0
2022-04-09 13:00:00,-0.1627721655650336,6.932447891572509,0.06878925326652752,-2228.8
2022-04-09 14:00:00,-0.10199179784033907,6.802394763324311,0.0757841705981761,-2147.0
2022-04-09 15:00:00,-0.1443463738599533,6.648984550024776,0.07267244361958358,-2108.6
2022-04-09 16:00:00,-0.37531802397110425,6.573680166960646,0.05212778419678088,-2131.7
2022-04-09 17:00:00,-0.4431027907774534,6.484635235635252,0.027636438305762567,-2466.5
2022-04-09 18:00:00,-0.09116220593366231,6.38856140554563,0.05099917839411017,-3438.5
2022-04-09 19:00:00,-0.11380971840150522,6.406879986069314,0.04795735711167115,-3548.8
2022-04-09 20:00:00,-0.18255878571095963,6.525029657843462,0.04909273844244755,-3544.8
2022-04-09 21:00:00,-0.13355516378342935,6.672032945461067,0.05434812414746304,-3663.4
2022-04-09 22:00:00,-0.26388569550841723,6.776506992372183,0.06096930749197327,-3324.7
2022-04-09 23:00:00,-0.21282696303976456,6.855408798609928,0.08054116219189122,-3176.8
2022-04-10 00:00:00,-0.32986951105308604,6.588926477533519,0.07353941516633888,-2900.9
2022-04-10 01:00:00,-0.32885507259032254,6.606650186198215,0.07393431430806352,-2791.6
2022-04-10 02:00:00,-0.31038054197642806,6.661854740545311,0.07454145477026408,-2679.3
2022-04-10 03:00:00,-0.3904626958759878,6.736966958001855,0.08400867111833676,-2687.2
2022-04-10 04:00:00,-0.43114725250622543,6.84587987526405,0.08778451953871258,-2812.6
2022-04-10 05:00:00,-0.4174115500420883,7.001245622069476,0.07908418459382638,-2980.8
2022-04-10 06:00:00,-0.3836454805207343,7.161622002939187,0.05540219438772098,-3094.3
2022-04-10 07:00:00,-0.4479537917785317,7.289610521451167,0.043609000804895715,-3347.2
2022-04-10 08:00:00,-0.523134770381156,7.360103972989152,0.05904429845728387,-3455.0
2022-04-10 09:00:00,-0.7474941429546726,7.413970290190444,0.050898823864466536,-3241.8
2022-04-10 10:00:00,-1.1585350731388906,7.512071245835466,0.058109724780821104,-2900.9
2022-04-10 11:00:00,-1.0953442922955028,7.642044402873258,0.05764313044900682,-2978.7
2022-04-10 12:00:00,-1.1587995846887602,7.732807530422021,0.0643179074198228,-2831.0
2022-04-10 13:00:00,-1.1231246183239074,7.807510042216193,0.05664777921042319,-3011.9
2022-04-10 14:00:00,-1.4396077938111504,7.873978379604501,0.059537727285734476,-3060.9
2022-04-10 15:00:00,-1.5140823378124741,7.940583827104244,0.0524369217428875,-3347.6
2022-04-10 16:00:00,-1.3147671124493687,8.009695357742922,0.04346418546042319,-3862.8
2022-04-10 17:00:00,-1.09891311357302,8.05579245097777,0.03731620095986532,-4474.3
2022-04-10 18:00:00,-0.7634604946718531,8.098338846189057,0.045478997875201266,-5064.5
2022-04-10 19:00:00,-0.6576512823927216,8.127109185346375,0.045048081260538275,-5661.7
2022-04-10 20:00:00,-0.6899491097195543,8.145259566516865,0.04047029155610904,-5646.6
2022-04-10 21:00:00,-0.761558611006357,8.158516244806831,0.040089555132278853,-5424.1
2022-04-10 22:00:00,-1.1175566919503797,8.16763571524637,0.04162558671059724,-5068.1
2022-04-10 23:00:00,-1.1187505270053753,8.16876982367527,0.04323839221937664,-4729.5
2022-04-11 00:00:00,-0.5571331717356305,8.145549631783584,0.04170179773574567,-5230.8
2022-04-11 01:00:00,-0.6390411738912851,8.119100837637486,0.04581617691559092,-5130.9
2022-04-11 02:00:00,-0.5326125640743102,8.092851027538384,0.04102419135964208,-5091.6
2022-04-11 03:00:00,-0.46236525876040213,8.066207568006265,0.03991195290568239,-5210.6
2022-04-11 04:00:00,-0.511636123894156,8.048468743668883,0.040645180966989436,-5421.6
2022-04-11 05:00:00,-0.3640168547583338,8.03268487596762,0.05459991803209352,-5902.7
2022-04-11 06:00:00,-0.3877078994473009,8.014335737299424,0.059472145780266494,-5898.4
2022-04-11 07:00:00,-0.386167424009785,7.955775781534187,0.06623892082213434,-5832.1
2022-04-11 08:00:00,-0.41277629734251775,7.873217054862741,0.06574060377463908,-5654.6
2022-04-11 09:00:00,-0.42313164429855377,7.845416036592485,0.07004629793259376,-5631.7
2022-04-11 10:00:00,-0.42228559310554337,7.839525581704678,0.06613525269625598,-5615.0
2022-04-11 11:00:00,-0.22088988119406316,7.8083230503910555,0.054465300308432774,-5526.4
2022-04-11 12:00:00,-0.15540374903171594,7.768956044538332,0.06212528075500323,-5615.2
2022-04-11 13:00:00,-0.04545587412030683,7.741967899820685,0.0789783489095699,-5569.3
2022-04-11 14:00:00,0.03349696899783483,7.745435610274381,0.07588038737464231,-5599.1
2022-04-11 15:00:00,0.02261920168736431,7.772752716468742,0.06107726275226,-5662.3
2022-04-11 16:00:00,-0.1072134271397367,7.796469243086058,0.05695997923386642,-5667.8
2022-04-11 17:00:00,-0.21951359912716928,7.787796878181171,0.04536233305626425,-5664.5
2022-04-11 18:00:00,-0.20049904814907116,7.776954403322442,0.056672909727451426,-5608.5
2022-04-11 19:00:00,-0.3370458023858802,7.817222785508166,0.05796397227942407,-5594.6
2022-04-11 20:00:00,-0.3454095271723445,7.875119281040293,0.04728034556687355,-5599.2
2022-04-11 21:00:00,-0.3947855894892891,7.917900586327916,0.04435477059887205,-5638.0
2022-04-11 22:00:00,-0.30173801204935113,7.937374696163295,0.04662452359092484,-5650.0
2022-04-11 23:00:00,-0.239620330436062,7.918264686095274,0.05614730537905377,-5427.0
2022-04-12 00:00:00,-0.015230284632066216,7.8156105320351905,0.07311794428236329,-4966.1
2022-04-12 01:00:00,0.05058233662712608,7.772752716468742,0.08267210233646605,-4762.6
2022-04-12 02:00:00,0.129956649423848,7.745002803515839,0.07674724083957596,-4708.5
2022-04-12 03:00:00,0.1713222493054114,7.716906135298388,0.07340856029951048,-4737.4
2022-04-12 04:00:00,0.16598895695414617,7.68937110752969,0.0711421010703388,-4734.0
2022-04-12 05:00:00,0.1866740815716197,7.660585461703256,0.06969604433717347,-4785.3
2022-04-12 06:00:00,-0.19053334400021615,7.589841512182657,0.06478211683710189,-4383.7
2022-04-12 07:00:00,-0.3704689771337679,7.44600149832412,0.05533003160615202,-4350.1
2022-04-12 08:00:00,-0.32636831365329755,7.149916836132109,0.048563905768455484,-4278.7
2022-04-12 09:00:00,-0.1248161325820778,6.805722553416985,0.043735567698468536,-3999.9
2022-04-12 10:00:00,0.30805424613192756,6.516193076042964,0.034647272457695166,-4011.3
2022-04-12 11:00:00,0.4382070298808536,6.2878585601617845,0.0380874230030388,-3916.0
2022-04-12 12:00:00,0.47923611316652615,6.169610732491456,0.02915892994738023,-3868.9
2022-04-12 13:00:00,0.42164812366468674,6.091309882077698,0.05295455250578307,-3808.2
2022-04-12 14:00:00,0.5149975423583113,6.008813185442595,0.04655900633470367,-3774.6
2022-04-12 15:00:00,0.46421873414860837,5.926926025970411,0.05341154677191984,-3807.2
2022-04-12 16:00:00,0.39877018912240114,5.823045895483019,0.050494000224123425,-3778.7
2022-04-12 17:00:00,1.097589563336669,5.662960480135946,0.041108809823995784,-4018.0
2022-04-12 18:00:00,1.0822217102862925,5.634789603169249,0.03969914964817978,-4015.4
2022-04-12 19:00:00,1.0375515645399993,5.739792912179234,0.04115329081702512,-4091.7
2022-04-12 20:00:00,1.0747470532805714,5.726847747587197,0.05760660208155777,-4085.1
2022-04-12 21:00:00,1.1537729698388226,5.598421958998375,0.056777345848279204,-4107.1
2022-04-12 22:00:00,1.2089183992871897,5.480638923341991,0.056731780001755716,-4064.3
2022-04-12 23:00:00,0.9714346857434704,5.424950017481403,0.05667621666138345,-3887.0
2022-04-13 00:00:00,0.6996504334822231,5.241747015059643,0.05058154644069912,-3484.7
2022-04-13 01:00:00,0.7567297186812487,5.1647859739235145,0.056826855045353675,-3299.1
2022-04-13 02:00:00,0.8084439390256932,5.214935757608986,0.04984634900180307,-3255.4
2022-04-13 03:00:00,0.777519603342463,5.3706380281276624,0.04443997338096484,-3264.3
2022-04-13 04:00:00,0.7021704600415282,5.652489180268651,0.03980821937744494,-3471.0
2022-04-13 05:00:00,0.6617082410362585,5.950642552587727,0.03949521964894398,-3889.2
2022-04-13 06:00:00,1.1337721408802608,6.175867270105761,0.03470115774746052,-4171.6
2022-04-13 07:00:00,1.0090642838290673,6.326149473155099,0.02467519502477611,-4195.1
2022-04-13 08:00:00,0.9290814163520205,6.244166900663736,0.019976343018880627,-4254.8
2022-04-13 09:00:00,0.9060683219724437,6.07993319509559,0.01580879162364468,-4200.4
2022-04-13 10:00:00,0.519555957268909,6.0844994130751715,0.00645792979895532,-4226.7
2022-04-13 11:00:00,0.5168928592766138,6.375024819828097,-0.005659772249757111,-4356.7
2022-04-13 12:00:00,0.5049755121327797,6.7661917146603505,-0.007645051052931784,-4425.3
2022-04-13 13:00:00,0.5044446634569519,6.988413181999592,0.024902058756990364,-4439.3
2022-04-13 14:00:00,0.49987552049585826,7.020190708311925,0.017904646284904402,-4409.5
2022-04-13 15:00:00,0.47301677313922585,6.947937068614969,0.023372036022111686,-4366.3
2022-04-13 16:00:00,0.48660056463986834,6.827629234502852,0.02344632469562047,-4267.0
2022-04-13 17:00:00,0.40861130749149055,6.680854678790215,0.014606465866496166,-4190.9
2022-04-13 18:00:00,0.4399052458235113,6.61338421837956,0.010168580314472209,-4090.7
2022-04-13 19:00:00,0.6354268912865644,6.652863029353347,0.005353979859024527,-4020.3
2022-04-13 20:00:00,0.4567526740725336,6.729824070489475,0.010737663252291973,-3905.4
2022-04-13 21:00:00,0.3040730913131853,6.741700694652055,0.010104346413807974,-3912.1
2022-04-13 22:00:00,0.34306801216543104,6.692083742506628,0.011510938637212753,-3793.5
2022-04-13 23:00:00,0.38494199767890613,6.551080335043404,0.01933000787630501,-3522.7
2022-04-14 00:00:00,0.5893827896311317,6.424869023905388,0.05525312214740019,-3427.8
2022-04-14 01:00:00,0.5865322985858459,6.272877006546167,0.06912201250249694,-3272.8
2022-04-14 02:00:00,0.6475525274549199,6.194405391104672,0.07363320945263574,-3241.3
2022-04-14 03:00:00,0.6913614616918684,6.194405391104672,0.0765395378164273,-3301.9
2022-04-14 04:00:00,0.6596950595455873,6.285998094508865,0.0733115519801224,-3485.8
2022-04-14 05:00:00,0.5614635562038881,6.39024066706535,0.08124977075351225,-3864.3
2022-04-14 06:00:00,0.6670344258167145,6.453624998892692,0.050574903675908445,-3915.5
2022-04-14 07:00:00,0.5504636190564414,6.490723534502507,0.03095765725378108,-3922.4
2022-04-14 08:00:00,0.3970663417922822,6.326149473155099,0.024323131867069137,-3985.9
2022-04-14 09:00:00,0.534653174157107,6.045005314036012,0.03162486130505826,-3899.8
2022-04-14 10:00:00,0.7720124174624843,5.996452088619021,0.032588837719544905,-3922.9
2022-04-14 11:00:00,0.7676640400827575,6.095824562432225,0.026424552791322498,-3888.7
2022-04-14 12:00:00,0.772888360019877,6.272877006546167,0.011001242477565398,-3880.4
2022-04-14 13:00:00,0.8783770085195668,6.416732282512326,0.015294520669010048,-3924.5
2022-04-14 14:00:00,0.8647675908673476,6.505784060128229,0.01867357071473119,-3974.4
2022-04-14 15:00:00,0.7376462291991261,6.577861357721047,0.006985717026647187,-4043.8
2022-04-14 16:00:00,0.6236505653316957,6.656726524178391,0.010000959435801704,-4119.0
2022-04-14 17:00:00,0.46743240567746724,6.699500340161678,-0.00010004102049254726,-4153.0
2022-04-14 18:00:00,0.46534557951950895,6.71295620067707,0.006790211503858501,-4043.7
2022-04-14 19:00:00,0.4866035556338648,6.823286122355687,0.008036303247127563,-3904.0
2022-04-14 20:00:00,0.4445659224649079,6.993932975223189,0.02154432981980392,-3891.9
2022-04-14 21:00:00,0.3242316858639054,7.105786129481271,0.015443377444427142,-3737.8
2022-04-14 22:00:00,0.3343973772126514,7.179307969504034,0.030835929444465116,-3538.6
2022-04-14 23:00:00,0.23395915319563354,7.207118856207756,0.0394292750306926,-3263.9
2022-04-15 00:00:00,0.44750384118048636,6.849066282633458,0.0853707203359173,-3160.6
2022-04-15 01:00:00,0.42531747762839034,6.795705775173514,0.08946239848926751,-2933.8
2022-04-15 02:00:00,0.45707082554585376,6.726233402358747,0.08673661022726353,-2870.3
2022-04-15 03:00:00,0.42688645519349677,6.656726524178391,0.07998450462948448,-2789.5
2022-04-15 04:00:00,0.415436576587942,6.582025138892826,0.07560333031347888,-2793.1
2022-04-15 05:00:00,0.3786690738515115,6.51025834052315,0.03534507916769858,-3154.2
2022-04-15 06:00:00,0.36373261063752915,6.361302477572996,-0.027040801752376886,-3358.3
2022-04-15 07:00:00,0.19310408477374796,6.142037405587356,-0.0500698769240433,-3348.5
2022-04-15 08:00:00,0.16321318809149776,5.6937321388027,-0.043937600896946094,-3416.4
2022-04-15 09:00:00,0.2216093015238343,5.159055299214529,-0.03319159869968047,-3401.9
2022-04-15 10:00:00,0.3485773910914145,4.919980925828125,-0.012993455774271467,-3370.2
2022-04-15 11:00:00,0.369897501482757,4.852030263919617,-0.022389101156560898,-3384.5
2022-04-15 12:00:00,0.4686091824538434,4.804021044733257,-0.0031723540203696388,-3305.2
2022-04-15 13:00:00,0.5011533278006728,4.709530201312334,-0.01273961352847941,-3149.2
2022-04-15 14:00:00,0.41968328845999325,4.700480365792417,-0.00599326596153027,-2700.4
2022-04-15 15:00:00,0.46948783900100244,4.7535901911063645,-0.005248448342030088,-2812.6
2022-04-15 16:00:00,0.5575802500232387,4.804021044733257,0.02490039256147636,-3137.3
2022-04-15 17:00:00,0.5204477321044219,4.820281565605037,0.011640844934779793,-3323.8
2022-04-15 18:00:00,0.45828298222378683,4.90527477843843,0.021729525103108216,-3559.2
2022-04-15 19:00:00,0.561403464146427,5.087596335232384,0.01881556101869286,-3696.5
2022-04-15 20:00:00,0.5472034410135866,5.225746673713202,0.02321585770669099,-3679.0
2022-04-15 21:00:00,0.589266761733517,5.429345628954441,0.037411177417539854,-3710.7
2022-04-15 22:00:00,0.6299458534685152,5.641907070938114,0.05854502207064982,-3629.7
2022-04-15 23:00:00,0.7203799367595463,5.783825182329737,0.053435472667483275,-3515.0
2022-04-16 00:00:00,0.8248114754885192,6.0844994130751715,0.02979813981725865,-3403.4
2022-04-16 01:00:00,0.7900566853866016,6.3473892096560105,0.029246800119751448,-3465.2
2022-04-16 02:00:00,0.8915324103639142,6.561030665896573,0.022781200878454477,-3581.7
2022-04-16 03:00:00,0.9267884767470056,6.747586526829315,0.02640084423870892,-3757.8
2022-04-16 04:00:00,0.9025179781793291,6.93828448401696,0.025744421462181144,-3967.7
2022-04-16 05:00:00,0.7938645914185471,7.074963197966044,0.029802411223505132,-4136.7
2022-04-16 06:00:00,0.7020552093116956,7.153833801578843,0.015814885929546385,-4278.5
2022-04-16 07:00:00,0.5784367579299428,7.157735484249907,0.004680493650014661,-4479.1
2022-04-16 08:00:00,0.46765173734321674,7.063903961472068,-0.00974742237890247,-4493.7
2022-04-16 09:00:00,0.43596303095507505,6.8658910748834385,-0.011484658747527021,-4294.2
2022-04-16 10:00:00,0.4830129318909657,6.656726524178391,-0.0015828328407501147,-4133.6
2022-04-16 11:00:00,0.623589633289483,6.669498089857879,0.017134146237010484,-4004.1
2022-04-16 12:00:00,0.779624482756855,6.741700694652055,0.00467380349452462,-3857.2
2022-04-16 13:00:00,0.6551306071383638,6.835184586147301,-0.022916172846424665,-3475.5
2022-04-16 14:00:00,0.37490199920114975,6.933423025730715,-0.02808001079871225,-3095.6
2022-04-16 15:00:00,0.47583877333024915,7.017506142941256,-0.0040084643437134915,-3203.9
2022-04-16 16:00:00,0.570117307593629,7.085064293952548,0.02290044875317765,-3700.0
2022-04-16 17:00:00,0.39899843280204017,7.150701457592526,-0.0023467289390213253,-3839.9
2022-04-16 18:00:00,0.3418707810163406,7.252762418053187,0.008825861770267451,-4107.1
2022-04-16 19:00:00,0.25579883531365866,7.38770923908104,-0.0033359372758798855,-4338.5
2022-04-16 20:00:00,0.24358121612816142,7.508238774678663,-0.00597675951143728,-4318.6
2022-04-16 21:00:00,0.22894434216119253,7.58629630715272,-0.004272812805096393,-4322.7
2022-04-16 22:00:00,0.2192045746302833,7.629489916393995,-0.004868987246462453,-4122.9
2022-04-16 23:00:00,0.17378384761466137,7.645875825184813,-0.0007954087357422424,-4027.9
2022-04-17 00:00:00,0.019673461748375143,7.463936604468925,-0.0005259883987385194,-3970.5
2022-04-17 01:00:00,0.0026751685836745587,7.440146680662688,0.0032621813013919976,-3889.4
2022-04-17 02:00:00,0.04732874610800142,7.4073177104694174,0.0024591270975680146,-3829.7
2022-04-17 03:00:00,0.03583516770208384,7.374629015218945,0.002859768641734206,-3886.4
2022-04-17 04:00:00,0.09941257024028127,7.326465613840322,-0.005559306125365815,-3993.5
2022-04-17 05:00:00,0.130705535087408,7.259819610363186,-0.007131805597059504,-3994.2
2022-04-17 06:00:00,0.23181439992470398,7.142036574706803,-0.031509615717771666,-3905.4
2022-04-17 07:00:00,0.21326788602975988,6.97166860472579,-0.04429113346438829,-3987.2
2022-04-17 08:00:00,0.3483606065974372,6.5337888379333435,-0.02882778723560353,-3913.3
2022-04-17 09:00:00,0.3413565286652438,5.831882477283517,-0.014441552040910466,-3603.0
2022-04-17 10:00:00,0.3473572061682062,5.3471075307174685,-0.007931583785499186,-3372.5
2022-04-17 11:00:00,-0.03937805967653185,5.056245805348308,0.011351173654283286,-2768.2
2022-04-17 12:00:00,-0.28279286169378626,4.948759890378168,0.013024613032272647,-2259.4
2022-04-17 13:00:00,-0.7527734414163709,4.890349128221754,-0.017754960815734577,-2159.4
2022-04-17 14:00:00,-0.693195579808815,4.836281906951478,-0.021291016724655165,-2125.0
2022-04-17 15:00:00,-0.7468775591259691,4.812184355372417,-0.02723589504424151,-2120.2
2022-04-17 16:00:00,-0.5586141587970199,4.8283137373023015,-0.023302687801992406,-2303.0
2022-04-17 17:00:00,0.2104556040143284,4.919980925828125,-0.0344364401557522,-3220.6
2022-04-17 18:00:00,0.23205799634712143,5.135798437050262,-0.03612174698704962,-3678.8
2022-04-17 19:00:00,0.160750948662308,5.3981627015177525,-0.03097796244985762,-3726.7
2022-04-17 20:00:00,0.2337756136453084,5.517452896464707,-0.026116963274263938,-3741.5
2022-04-17 21:00:00,0.27060857825359985,5.5134287461649825,-0.032881496385404496,-3737.8
2022-04-17 22:00:00,0.3368324714447781,5.455321115357702,-0.0594817107780532,-3739.2
2022-04-17 23:00:00,0.3491697499020039,5.375278407684165,-0.04591255518466575,-3634.8
2022-04-18 00:00:00,0.5532271677168366,5.480638923341991,-0.05684392465540444,-3484.1
2022-04-18 01:00:00,0.5241343459250412,5.351858133476067,-0.052133539503717685,-3360.3
2022-04-18 02:00:00,0.5680765815050077,5.278114659230517,-0.0680535552653403,-3346.6
2022-04-18 03:00:00,0.5742474946849696,5.231108616854587,-0.07960192738817629,-3342.8
2022-04-18 04:00:00,0.5421340481273362,5.176149732573829,-0.0894925792039718,-3323.8
2022-04-18 05:00:00,0.35780268802727244,5.135798437050262,-0.10769386436195205,-3362.6
2022-04-18 06:00:00,0.25820369966840895,5.081404364984463,-0.1561862070430058,-3360.5
2022-04-18 07:00:00,0.13979626492224018,4.941642422609304,-0.18785654155506482,-3362.1
2022-04-18 08:00:00,0.03810026680006029,4.770684624465665,-0.1898538845165998,-3401.0
2022-04-18 09:00:00,0.1754136498126373,4.454347296253507,-0.14218773501412052,-3444.8
2022-04-18 10:00:00,0.23062324047102134,4.174387269895637,-0.118254789303192,-3366.3
2022-04-18 11:00:00,0.370471553321968,4.0943445622221,-0.13065316759277845,-3281.2
2022-04-18 12:00:00,0.377521567138007,4.110873864173311,-0.12207567787441587,-3306.8
2022-04-18 13:00:00,0.3289578905952113,4.143134726391533,-0.10030005150878729,-3288.7
2022-04-18 14:00:00,0.1185202808208281,4.204692619390966,-0.09715925304188122,-2979.3
2022-04-18 15:00:00,0.3899531212887237,4.31748811353631,-0.09955027040841635,-3357.1
2022-04-18 16:00:00,0.5076425128786632,4.430816798843313,-0.08125532838582572,-3481.1
2022-04-18 17:00:00,0.4891177371134323,4.672828834461906,-0.07768890498334624,-3566.5
2022-04-18 18:00:00,0.48043695752947224,5.087596335232384,-0.06286934703573799,-3645.0
2022-04-18 19:00:00,0.478186148977791,5.575949103146316,-0.047704658065845784,-3704.4
2022-04-18 20:00:00,0.48067614923548385,5.8377304471659395,-0.02213901661442108,-3787.6
2022-04-18 21:00:00,0.5566799866540246,6.037870919922137,-0.029843154843082864,-3862.3
2022-04-18 22:00:00,0.5236772188106058,6.210600077024653,-0.03227588477208787,-3885.8
2022-04-18 23:00:00,0.5836405261811257,6.315358001522335,-0.03297325814656116,-3790.9
2022-04-19 00:00:00,0.7813341617822291,5.8805329864007,-0.016206938206181576,-3242.0
2022-04-19 01:00:00,0.7967903601101796,5.916202062607435,-0.01842401453490261,-3202.1
2022-04-19 02:00:00,0.8411866155881444,5.932245187448011,-0.025862241446359846,-3227.0
2022-04-19 03:00:00,0.8298329129875492,5.934894195619588,-0.027048649429795013,-3310.1
2022-04-19 04:00:00,0.7756292899837645,5.932245187448011,-0.019241960397930136,-3434.8
2022-04-19 05:00:00,0.707397088317947,5.916202062607435,-0.009873045967281335,-3599.7
2022-04-19 06:00:00,0.8260348391244712,5.872117789475416,0.013940278402643003,-3884.9
2022-04-19 07:00:00,1.0604749952824672,5.786897381366708,0.026395751376679044,-3925.8
2022-04-19 08:00:00,1.2308914944395353,5.594711379601839,0.02564814590087483,-3862.2
2022-04-19 09:00:00,1.1046641877598393,5.236441962829949,0.018027210988261544,-3796.7
2022-04-19 10:00:00,0.9914490960373517,4.9344739331306915,-0.0010363591638196112,-3708.1
2022-04-19 11:00:00,0.4140067017820739,4.948759890378168,-9.636396711965034e-05,-3677.2
2022-04-19 12:00:00,0.3867784292197509,5.111987788356544,-0.020314061151962548,-3753.3
2022-04-19 13:00:00,0.41971622255670304,5.278114659230517,0.0030968211706445814,-3785.3
2022-04-19 14:00:00,0.44524671963547036,5.3981627015177525,-0.009742977584167534,-3742.9
2022-04-19 15:00:00,0.4391278121550819,5.488937726156687,0.0011990743273990745,-3721.0
2022-04-19 16:00:00,0.4218897010931393,5.568344503761097,-0.00032524817208923196,-3741.9
2022-04-19 17:00:00,0.3629865436925108,5.707110264748875,-0.001816234893038171,-3728.3
2022-04-19 18:00:00,0.3843504496502552,5.981414211254481,-0.007433972332703931,-3597.6
2022-04-19 19:00:00,0.302175767523126,6.300785794663244,-0.011450872401490564,-3710.5
2022-04-19 20:00:00,0.40503885630660363,6.501289670540389,-0.002868937336759636,-3718.0
2022-04-19 21:00:00,0.43503827350882496,6.555356891810665,-0.0053235578143890905,-3713.5
2022-04-19 22:00:00,0.49972670996420376,6.553933404025811,-0.017337788956815814,-3611.4
2022-04-19 23:00:00,0.5876447811619414,6.51025834052315,-0.037478561512385156,-3406.0
2022-04-20 00:00:00,0.5931569337065992,6.391917113392602,-0.05122056855032664,-3253.5
2022-04-20 01:00:00,0.6019242360635237,6.26530121273771,-0.056745357421665865,-3270.6
2022-04-20 02:00:00,0.6528785779519515,6.1092475827643655,-0.06488409652227034,-3351.9
2022-04-20 03:00:00,0.6352843108233408,5.902633333401366,-0.06584362914323005,-3277.9
2022-04-20 04:00:00,0.56902844106133,5.683579767338681,-0.06013222881104152,-3374.8
2022-04-20 05:00:00,0.4248145581719198,5.4680601411351315,-0.0507545638283462,-3481.8
2022-04-20 06:00:00,0.39756072153670097,5.2574953720277815,-0.025077593678378918,-3749.1
2022-04-20 07:00:00,0.4809373740746503,5.0369526024136295,-0.009528185897273111,-3949.8
2022-04-20 08:00:00,0.3812612418725019,4.770684624465665,-0.00853692303685083,-3883.1
2022-04-20 09:00:00,0.2516018411732208,4.477336814478207,-0.013275499156122805,-3767.3
2022-04-20 10:00:00,0.255621702667165,4.189654742026425,-0.029999309670017738,-3596.7
2022-04-20 11:00:00,0.23288861369942104,4.174387269895637,-0.04317354835125453,-3552.2
2022-04-20 12:00:00,0.23263487904433688,4.330733340286331,-0.053618417278497255,-3591.9
2022-04-20 13:00:00,0.34873457588850787,4.5217885770490405,-0.027645790228087996,-3537.1
2022-04-20 14:00:00,0.4489673464631778,4.624972813284271,-0.03964620261962537,-3481.3
2022-04-20 15:00:00,0.46810068767119173,4.709530201312334,-0.02939549303571365,-3594.5
2022-04-20 16:00:00,0.3946725392353452,4.804021044733257,-0.029404058787436682,-3575.4
2022-04-20 17:00:00,0.3086697551218558,5.043425116919247,-0.02711990653500873,-3604.6
2022-04-20 18:00:00,0.23105984377222732,5.407171771460119,-0.03384577217744589,-3725.0
2022-04-20 19:00:00,0.19246335477752563,5.755742213586912,-0.035237259145675104,-3778.9
2022-04-20 20:00:00,0.2318859906791495,5.924255797414532,-0.0337590603148854,-3721.7
2022-04-20 21:00:00,0.2574955399341956,6.030685260261263,-0.032389889298809926,-3683.6
2022-04-20 22:00:00,0.27469858879661935,6.102558594613569,-0.04442907724512679,-3436.5
2022-04-20 23:00:00,0.31655964115679325,6.113682179832232,-0.06139080384437268,-3061.4
2022-04-21 00:00:00,-0.10616603084845133,6.2878585601617845,-0.07757709012818825,-3222.4
2022-04-21 01:00:00,-0.13092479986387318,6.230481447578482,-0.08319783561599348,-3065.0
2022-04-21 02:00:00,-0.06897795098599246,6.111467339502679,-0.08592313656830619,-3039.6
2022-04-21 03:00:00,0.026092555550889518,5.932245187448011,-0.08276789112307892,-3072.8
2022-04-21 04:00:00,0.005655342438656508,5.730099782973574,-0.07508715411045053,-3110.5
2022-04-21 05:00:00,0.09911977409954664,5.556828061699537,-0.06318430185101676,-3643.5
2022-04-21 06:00:00,0.2720834332574009,5.393627546352362,-0.03841758734740175,-4293.6
2022-04-21 07:00:00,0.14704833119277438,5.187385805840755,-0.02212676295458671,-4280.8
2022-04-21 08:00:00,0.13523360713504928,4.875197323201151,-0.020064970901724877,-4284.0
2022-04-21 09:00:00,0.0523729028662725,4.51085950651685,-0.028238569503518995,-4218.1
2022-04-21 10:00:00,0.06846579402357023,4.290459441148391,-0.04483076126022567,-4226.8
2022-04-21 11:00:00,0.11941610945959535,4.31748811353631,-0.03814679343775218,-4102.5
2022-04-21 12:00:00,0.01605418808611958,4.477336814478207,-0.05748645092337057,-3884.2
2022-04-21 13:00:00,0.004518106139412836,4.553876891600541,-0.05956671732404395,-3811.9
2022-04-21 14:00:00,-0.059527185738950106,4.574710978503383,-0.06497995592557171,-3562.8
2022-04-21 15:00:00,0.028980279635716144,4.6443908991413725,-0.05860267297376076,-3725.5
2022-04-21 16:00:00,-0.009577916881874593,4.804021044733257,-0.0584296404591651,-3772.2
2022-04-21 17:00:00,-0.046581913857097756,5.123963979403259,-0.0663281886009619,-3903.5
2022-04-21 18:00:00,-0.04194850312537923,5.54907608489522,-0.06692173672484358,-4079.7
2022-04-21 19:00:00,-0.11567712650146955,6.037870919922137,-0.06493474827055579,-4150.7
2022-04-21 20:00:00,-0.07645625287963798,6.42648845745769,-0.06754145603095285,-4001.0
2022-04-21 21:00:00,-0.12394565016964654,6.738152494595957,-0.06535566456492425,-3982.3
2022-04-21 22:00:00,-0.4320229812293124,7.01211529430638,-0.07241530173267208,-3748.3
2022-04-21 23:00:00,-0.5620561080483792,7.156176637480615,-0.09226444479489526,-3721.6
2022-04-22 00:00:00,-0.6766924990185323,7.4798641311650265,-0.19702138718380624,-3678.5
2022-04-22 01:00:00,-0.5680505905699746,7.513709247839705,-0.18373704546483527,-3710.4
2022-04-22 02:00:00,-0.5256448734807466,7.552237287560802,-0.17295384144425263,-3763.4
2022-04-22 03:00:00,-0.5454757397577557,7.563200592358071,-0.13010784396652575,-3743.6
2022-04-22 04:00:00,-0.538754652966758,7.56164174558878,-0.09703540854768278,-3812.8
2022-04-22 05:00:00,-0.3370429410635416,7.4949862339505335,-0.08420181032142882,-4296.7
2022-04-22 06:00:00,-0.23615641438091384,7.362645270417825,-0.0645279670663852,-4859.2
2022-04-22 07:00:00,0.09494301100677838,7.057897937411856,-0.04181499788378673,-5007.3
2022-04-22 08:00:00,0.09588383948628021,6.594413459749778,-0.05468291157571503,-4657.9
2022-04-22 09:00:00,0.14313731072023295,6.278521424165844,-0.055059369843363015,-4438.5
2022-04-22 10:00:00,0.2693466143089145,6.135564891081739,-0.0481786159789479,-4416.6
2022-04-22 11:00:00,0.16600046202464824,6.023447592961033,-0.05920979959623551,-4374.2
2022-04-22 12:00:00,0.0418846941563884,5.998936561946683,-0.03259398085679166,-4170.0
2022-04-22 13:00:00,0.006537663881549971,6.021023349349527,-0.0175329269285438,-4163.1
2022-04-22 14:00:00,-0.1587183674670305,6.049733455231958,-0.04314985562536933,-3734.9
2022-04-22 15:00:00,-0.13608941952452325,6.07073772800249,-0.06300040087847858,-3752.2
2022-04-22 16:00:00,-0.17601278221114303,6.077642243349034,-0.0515889779086125,-3864.7
2022-04-22 17:00:00,-0.23589238966483705,6.082218910376446,-0.07191037685535662,-3967.2
2022-04-22 18:00:00,-0.2405010424447318,6.09807428216624,-0.07375762790787377,-3826.4
2022-04-22 19:00:00,-0.2207420248750962,6.22455842927536,-0.08750321123165428,-3841.3
2022-04-22 20:00:00,-0.31577690813801196,6.450470422144176,-0.08528641135213011,-3408.2
2022-04-22 21:00:00,-0.23418386638181632,6.587550014824796,-0.0748064239726256,-3501.2
2022-04-22 22:00:00,-0.2855072811516539,6.659293919683638,-0.07260053587691662,-3170.2
2022-04-22 23:00:00,-0.1796528047184367,6.630683385642372,-0.0763329404766564,-3027.3
2022-04-23 00:00:00,-0.49160695189907955,6.680854678790215,-0.10268634310826208,-3110.4
2022-04-23 01:00:00,-0.30466724954197977,6.695798917058491,-0.10650252580811514,-3267.0
2022-04-23 02:00:00,-0.20427364663239933,6.720220155135295,-0.09434759857533237,-3278.5
2022-04-23 03:00:00,-0.08544994159375952,6.7226297948554485,-0.1175002128349023,-3372.9
2022-04-23 04:00:00,-0.1145504547579499,6.709304340258298,-0.12535805634779518,-3441.2
2022-04-23 05:00:00,-0.132764085548017,6.688354713946762,-0.13401567400588998,-3545.6
2022-04-23 06:00:00,-0.21648541683556743,6.654152520183219,-0.1359083816330573,-3670.1
2022-04-23 07:00:00,-0.13128669609299948,6.499787040655854,-0.1362140611751208,-3871.9
2022-04-23 08:00:00,-0.06641335047473618,6.396929655216146,-0.12950896797627465,-4066.1
2022-04-23 09:00:00,-0.08676332829463451,6.582025138892826,-0.11714471012722782,-4157.5
2022-04-23 10:00:00,-0.0423456462295948,6.810142450115136,-0.11707368115224881,-4241.1
2022-04-23 11:00:00,-0.35615159872490976,6.863803391452954,-0.09853479581648639,-3593.1
2022-04-23 12:00:00,-0.657068754672502,6.807934943699926,-0.10797867306361919,-3014.3
2022-04-23 13:00:00,-0.581549673124258,6.745236349484363,-0.1361982934634236,-2925.4
2022-04-23 14:00:00,-0.49220938772419176,6.679599185844383,-0.14265348967862135,-2925.5
2022-04-23 15:00:00,-0.5358800420210668,6.61472560020376,-0.15438500701576263,-2933.7
2022-04-23 16:00:00,-0.2620739732543087,6.551080335043404,-0.1297590844790486,-3435.9
2022-04-23 17:00:00,0.10932397762261958,6.495265555937008,-0.12276189190294584,-4033.0
2022-04-23 18:00:00,-0.05009024265820017,6.429719478039138,-0.1177195519651022,-4203.2
2022-04-23 19:00:00,-0.1185807198178721,6.400257445308821,-0.1393767415058278,-4223.8
2022-04-23 20:00:00,-0.09595621161589696,6.419994928147142,-0.11941432390831874,-4123.2
2022-04-23 21:00:00,-0.14078314331714514,6.4457198193855785,-0.09018709698035288,-3967.3
2022-04-23 22:00:00,-0.2090432934642501,6.42648845745769,-0.08627182457648264,-3910.8
2022-04-23 23:00:00,-0.2556705940530182,6.352629396319567,-0.08807063100802992,-3521.9
2022-04-24 00:00:00,-0.16264809504557975,6.184148890937483,-0.11533371689146765,-3515.1
2022-04-24 01:00:00,-0.0900803879826011,6.104793232414985,-0.11174859018859529,-3453.4
2022-04-24 02:00:00,-0.026634915489152533,6.068425588244111,-0.12121828064627937,-3437.6
2022-04-24 03:00:00,-0.06132341806231878,6.07993319509559,-0.11267758899925351,-3471.8
2022-04-24 04:00:00,-0.15801408678051887,6.082218910376446,-0.11318997031773126,-3469.2
2022-04-24 05:00:00,-0.1528059697315829,6.0473721790462776,-0.13955639124639152,-3454.6
2022-04-24 06:00:00,-0.011516792680161814,5.937536205082426,-0.14660808600348663,-3509.2
2022-04-24 07:00:00,0.4585707355126796,5.66988092298052,-0.17250179228303075,-3775.1
2022-04-24 08:00:00,0.4070547258838144,5.351858133476067,-0.16317959175288976,-3860.5
2022-04-24 09:00:00,0.4678212509975048,5.247024072160486,-0.15308804533220322,-3843.7
2022-04-24 10:00:00,0.4751301346305339,5.298317366548036,-0.15798694887933795,-3749.1
2022-04-24 11:00:00,0.4861385676506429,5.303304908059076,-0.13548702854758954,-3772.9
2022-04-24 12:00:00,0.49802177460877006,5.209486152841421,-0.12871296383467623,-3467.8
2022-04-24 13:00:00,0.12624091536178472,5.1298987149230735,-0.17033454841095175,-3277.2
2022-04-24 14:00:00,0.175079474509094,5.087596335232384,-0.18561554406476866,-3346.6
2022-04-24 15:00:00,0.35977912556983904,5.087596335232384,-0.17390263034637066,-3729.9
2022-04-24 16:00:00,0.6160847584474047,5.123963979403259,-0.1444559369201892,-4086.4
2022-04-24 17:00:00,0.4309834404172679,5.209486152841421,-0.13219140043694555,-4274.0
2022-04-24 18:00:00,0.23943810364474327,5.332718793265369,-0.11274500733969273,-4407.7
2022-04-24 19:00:00,0.15341781306832747,5.60947179518496,-0.10969589434205851,-4343.0
2022-04-24 20:00:00,0.18290684576050253,5.8805329864007,-0.1102472678801174,-4338.4
2022-04-24 21:00:00,0.23141464926016742,6.063785208687608,-0.09395191146402748,-4362.4
2022-04-24 22:00:00,0.33291144695609765,6.210600077024653,-0.08122808639474588,-4465.9
2022-04-24 23:00:00,0.43508336188178687,6.318968113746434,-0.08927812854318518,-4484.5
2022-04-25 00:00:00,0.31681926510030545,6.453624998892692,-0.09667848106612009,-4787.9
2022-04-25 01:00:00,0.10483835416317122,6.630683385642372,-0.09073156332669097,-4862.3
2022-04-25 02:00:00,0.13271079760678184,6.786716950605081,-0.10146040083094476,-4975.5
2022-04-25 03:00:00,0.08889446017634928,6.928537818164665,-0.09987835062037309,-5086.4
2022-04-25 04:00:00,-0.027339561908069854,7.0707241072602764,-0.09836828950329579,-5194.1
2022-04-25 05:00:00,-0.1479431404954683,7.1592919047975645,-0.07728044232244802,-5236.4
2022-04-25 06:00:00,-0.30801650040200457,7.186901020411631,-0.04867269380099071,-5075.4
2022-04-25 07:00:00,-0.157820790715979,7.040536390215956,-0.03353665960478924,-4600.8
2022-04-25 08:00:00,-0.05757510375885033,6.825460036255307,-0.04201225752180715,-4386.0
2022-04-25 09:00:00,-0.05531213580675587,6.873163834212518,-0.03536429158418475,-4447.7
2022-04-25 10:00:00,-0.2273918988216801,7.077498053569231,-0.049631827434766684,-4594.8
2022-04-25 11:00:00,-0.23553826964613211,7.266827347520591,-0.08408299303571365,-4758.4
2022-04-25 12:00:00,-0.15840868797453656,7.409136443920128,-0.06250037226399918,-4762.7
2022-04-25 13:00:00,-0.15112593938592944,7.537430036586509,-0.049866611981325804,-4998.4
2022-04-25 14:00:00,-0.12144425311070428,7.635303886259415,-0.048697275468962964,-5042.3
2022-04-25 15:00:00,-0.16977240685406025,7.722234744709607,-0.05191666815304341,-5045.0
2022-04-25 16:00:00,-0.34921177921757574,7.809135398120538,-0.07191005881016288,-5180.1
2022-04-25 17:00:00,-0.5486340221964294,7.866338923046544,-0.07687505294949926,-5173.6
2022-04-25 18:00:00,-0.6892610158424497,7.892452043520352,-0.08028398172009865,-5128.3
2022-04-25 19:00:00,-0.7462064502545034,7.914983005848394,-0.07425512951893065,-5105.8
2022-04-25 20:00:00,-0.7296250006739964,7.993957547573565,-0.07201203320817928,-5159.3
2022-04-25 21:00:00,-0.6980191846347679,8.068402958569699,-0.07397907751979904,-5216.2
2022-04-25 22:00:00,-0.7354485989370705,8.122668023346407,-0.08661831038205037,-5378.9
2022-04-25 23:00:00,-0.8794256914698262,8.15248607578024,-0.09581394413890987,-5348.6
2022-04-26 00:00:00,-1.1625535013061814,8.14177220465645,-0.1013384639560746,-5499.3
2022-04-26 01:00:00,-1.157358384575665,8.123261319121745,-0.10405474792540481,-5358.1
2022-04-26 02:00:00,-1.4827138904678434,8.097426298597213,-0.10128600326360182,-5212.4
2022-04-26 03:00:00,-1.6467174747347513,8.068716192714781,-0.09642979504315452,-5074.0
2022-04-26 04:00:00,-1.0720546268174163,8.034955024502159,-0.08794110299453362,-5088.3
2022-04-26 05:00:00,-1.1060942215374476,7.993619994827744,-0.0799857383999214,-5055.8
2022-04-26 06:00:00,-0.8737705335477464,7.918264686095274,-0.05133405333035235,-4766.4
2022-04-26 07:00:00,-0.9458331220373295,7.893945138235959,-0.024260084975702867,-4797.4
2022-04-26 08:00:00,-0.9273553957657423,7.865955413933502,-0.02425529419762107,-4867.3
2022-04-26 09:00:00,-0.8845129877136695,7.80954132465341,-0.03596109925415725,-4848.9
2022-04-26 10:00:00,-0.732109737831542,7.765569081097317,-0.04110180799454888,-4839.5
2022-04-26 11:00:00,-0.6293396697798763,7.741099090035366,-0.030493841151490564,-4884.0
2022-04-26 12:00:00,-0.7212558656353925,7.752764808851328,-0.0368433631031726,-4980.5
2022-04-26 13:00:00,-0.6687949701249027,7.773173680482536,-0.00370770652368968,-4904.8
2022-04-26 14:00:00,-0.6263618938325379,7.795646536334594,-0.011870637961283848,-4948.9
2022-04-26 15:00:00,-0.6752945660679672,7.803026643632217,-0.000905082156464232,-4886.6
2022-04-26 16:00:00,-0.7764269562046691,7.817222785508166,-0.00032524817208923196,-4934.8
2022-04-26 17:00:00,-0.8859358881399588,7.781973234434385,-0.005434744915235434,-5007.7
2022-04-26 18:00:00,-0.8482238021549495,7.693025748417888,-0.0038079647338307154,-5130.7
2022-04-26 19:00:00,-0.82179675864325,7.562681246721884,-0.0037644394773339585,-5118.4
2022-04-26 20:00:00,-0.5823915393913728,7.493873886783559,-0.008969617163028687,-5084.0
2022-04-26 21:00:00,-0.42318295308298115,7.510977752014095,-0.006862414235019543,-5124.3
2022-04-26 22:00:00,-0.27768463648547836,7.550135342488429,-0.0029260102955124268,-5209.9
2022-04-26 23:00:00,-0.09832268054634596,7.547501682814967,-0.009580367345104257,-5207.4
2022-04-27 00:00:00,-0.3525402809914455,7.611347717403621,-0.008786388448015714,-5034.7
2022-04-27 01:00:00,-0.20531512189930723,7.512071245835466,-0.012482296985074193,-4901.7
2022-04-27 02:00:00,-0.05652184938585281,7.396948602621014,-0.01265607703161109,-4767.0
2022-04-27 03:00:00,0.027633300786865433,7.272398392570047,-0.012393501382200967,-4786.5
2022-04-27 04:00:00,0.05290378899873183,7.132497551660044,-0.014349585705565104,-4761.6
2022-04-27 05:00:00,-0.040239039771525764,6.959398512133975,-0.015327749702531257,-4547.2
2022-04-27 06:00:00,-0.24504846445233808,6.694562058521095,-0.004248799026886907,-4294.5
2022-04-27 07:00:00,-0.0326877869160187,6.313548046277095,0.013558823025265454,-4060.7
2022-04-27 08:00:00,-0.08049667673541894,6.063785208687608,0.01396754287353108,-4020.2
2022-04-27 09:00:00,-0.14084746444376517,6.100318952020064,0.0049416872785910115,-4089.7
2022-04-27 10:00:00,-0.3157425332866559,6.236369590203704,0.001608259770145004,-4173.5
2022-04-27 11:00:00,-0.32602379953766514,6.345636360828596,0.00021395976233762326,-4269.3
2022-04-27 12:00:00,-0.24487548786515223,6.453624998892692,0.0013013306848712602,-4324.4
2022-04-27 13:00:00,-0.08788304071142372,6.56244409369372,0.03699288615019025,-4394.3
2022-04-27 14:00:00,-0.06681781584553592,6.674561391814426,0.02455258690265172,-4421.5
2022-04-27 15:00:00,-0.09405281486453987,6.77078942390898,0.025913333450784393,-4448.2
2022-04-27 16:00:00,-0.1885555060514501,6.862757913051401,0.02599150295937136,-4445.0
2022-04-27 17:00:00,-0.3042159438352825,6.844815479208263,0.019137055040758355,-4418.2
2022-04-27 18:00:00,-0.2323811191408618,6.695798917058491,0.01269830592361032,-4387.2
2022-04-27 19:00:00,-0.2419709003575381,6.486160788944089,0.010877468669721502,-4186.8
2022-04-27 20:00:00,-0.20093173200561454,6.461468176353717,-0.005717457474152532,-4122.9
2022-04-27 21:00:00,-0.16670946922453656,6.617402977974478,-0.0025061611781218573,-4142.8
2022-04-27 22:00:00,-0.02118378856285741,6.80903930604298,-0.0010022590475715631,-4238.9
2022-04-27 23:00:00,-0.05890234937534755,6.934397209928558,-0.0037099580719512915,-4352.1
2022-04-28 00:00:00,-0.19763635049396955,7.175489713624222,0.010057145804032608,-4186.5
2022-04-28 01:00:00,-0.19605818671267183,7.302496423727326,-0.0003029007813983853,-4347.6
2022-04-28 02:00:00,-0.3346024972763697,7.411556287811163,-0.001487421015472279,-4470.4
2022-04-28 03:00:00,-0.4987572745413198,7.486613313139955,-0.005219133249492636,-4538.5
2022-04-28 04:00:00,-0.8208393903187838,7.532623618788788,-0.01051002964140757,-4581.5
2022-04-28 05:00:00,-0.9642492998682637,7.531552381407289,-0.01268590836352157,-4709.0
2022-04-28 06:00:00,-0.8519807625838993,7.577121930876679,-0.0025789037812966598,-4995.9
2022-04-28 07:00:00,-0.8879272851889088,7.711996507047669,0.014521504201152169,-5076.5
2022-04-28 08:00:00,-0.9090231439652756,7.822444729489319,0.012583151994240538,-5179.0
2022-04-28 09:00:00,-0.9753685794906857,7.912423121473705,0.0011753157027740713,-5457.2
2022-04-28 10:00:00,-1.0189731940464144,7.980023592310645,-0.0014115233035809638,-5646.4
2022-04-28 11:00:00,-1.0889025388515639,7.9617188159813645,0.01603099226405913,-5713.1
2022-04-28 12:00:00,-1.1616771104820791,7.989560449333865,0.012516011764933666,-5804.2
2022-04-28 13:00:00,-1.0834035603664116,7.994969522697877,0.022481409919466344,-5965.3
2022-04-28 14:00:00,-1.018661458518689,7.995306620290822,0.020755820295811134,-6006.7
2022-04-28 15:00:00,-1.0047232957608796,7.958227192322312,0.021569308825739597,-6072.4
2022-04-28 16:00:00,-1.0361572405188775,7.8567067930958405,0.027691327117651987,-6074.0
2022-04-28 17:00:00,-1.124478031886381,7.736743682453495,0.01630217190468386,-6071.7
2022-04-28 18:00:00,-1.157510350107262,7.6577552711348655,0.01397341324735013,-5951.1
2022-04-28 19:00:00,-0.9188986598503543,7.639642287858013,0.013630012213361908,-5814.2
2022-04-28 20:00:00,-0.7194256838538644,7.637716432664798,-0.005070346790388314,-5669.3
2022-04-28 21:00:00,-0.6957592759886837,7.617759576608505,-0.00030497952371177917,-5664.4
2022-04-28 22:00:00,-0.6157833871923661,6.86171134048073,0.005346903242139156,-5548.1
2022-04-28 23:00:00,-0.48937162367951137,7.030857476116121,0.0056017179534393335,-5381.9
2022-04-29 00:00:00,-0.343465091329596,7.640123172695364,-0.043769583821564595,-5192.5
2022-04-29 01:00:00,-0.2715959577672171,7.589335823170617,-0.04792434975387927,-5118.4
2022-04-29 02:00:00,-0.19603503512057463,7.526178913346146,-0.0324634784954263,-4999.9
2022-04-29 03:00:00,-0.20293811331848266,7.450660796211539,-0.03775401492321162,-4887.9
2022-04-29 04:00:00,-0.2956989393324352,7.360739903058278,-0.03984220786411541,-4815.2
2022-04-29 05:00:00,-0.309057575645471,7.226936018493289,-0.04553266916227461,-4640.2
2022-04-29 06:00:00,-0.3355968469110113,7.007600613951853,-0.021088934359895894,-4496.6
2022-04-29 07:00:00,-0.2509325276474983,6.738152494595957,0.021690707801194087,-4391.3
2022-04-29 08:00:00,-0.3280892386018768,6.6293632534374485,0.018490917586209576,-4344.3
2022-04-29 09:00:00,-0.2889469536880105,6.721425700790643,0.008938842669498293,-4432.3
2022-04-29 10:00:00,-0.2528990759989571,6.812345094177479,0.010070780140265967,-4525.3
2022-04-29 11:00:00,-0.23549638690789543,6.88653164253051,0.01395639327859488,-4504.2
2022-04-29 12:00:00,-0.1691118897423447,6.959398512133975,0.01370817776405886,-4606.8
2022-04-29 13:00:00,-0.21583476303581595,7.036148493750536,-0.0009771415758041968,-4688.6
2022-04-29 14:00:00,-0.275020902599747,7.1204443723924875,-0.008194840591793096,-4815.8
2022-04-29 15:00:00,-0.3101198187344969,7.176254532017144,-0.02224773285136994,-4872.1
2022-04-29 16:00:00,-0.3910878208772841,7.240649694255466,0.003203932798444775,-4912.3
2022-04-29 17:00:00,-0.11177399693645373,7.236339342754344,-0.007052485938097597,-5055.2
2022-04-29 18:00:00,-0.16847694705449756,7.124478262493424,-0.022179798022600394,-5071.8
2022-04-29 19:00:00,-0.16828457871593017,7.003065458786462,-0.02616849419881273,-5014.4
2022-04-29 20:00:00,-0.19839799453198603,7.10002716662926,-0.04416950853487478,-4958.5
2022-04-29 21:00:00,-0.4402762618717464,7.346010209913293,-0.03748658207788402,-5055.4
2022-04-29 22:00:00,-0.5228547171682729,7.579678823090456,-0.04789373476364123,-5312.4
2022-04-29 23:00:00,-0.5378303785417038,7.714677473800927,-0.05471047646349092,-5302.1
2022-04-30 00:00:00,-0.6942864232124792,7.837159650001675,-0.040283068435924996,-5294.4
2022-04-30 01:00:00,-0.7109643044535368,7.873217054862741,-0.03479404667797237,-5344.1
2022-04-30 02:00:00,-0.6365774263506356,7.8826922062890254,-0.021829228888269547,-5343.4
2022-04-30 03:00:00,-0.6005716078975274,7.887208585813932,-0.028212132193670136,-5339.1
2022-04-30 04:00:00,-0.6131011790371161,7.888334500738654,-0.04296228605086139,-5338.7
2022-04-30 05:00:00,-0.6420848181345873,7.8567067930958405,-0.05582082642083286,-5261.9
2022-04-30 06:00:00,-0.6555173485828147,7.779048644925556,-0.059890634112569785,-5464.5
2022-04-30 07:00:00,-0.28146564935519836,7.61972421378267,-0.054461241438957586,-5503.4
2022-04-30 08:00:00,-0.12271144713092763,7.504391559161238,-0.057202600176710305,-5386.5
2022-04-30 09:00:00,-0.08049528721386423,7.508238774678663,-0.054442805634411506,-5386.6
2022-04-30 10:00:00,-0.10617770319083908,7.522400231387125,-0.042922419892224006,-5341.3
2022-04-30 11:00:00,-0.035525370553775026,7.528331766707247,-0.049481900113380384,-5327.7
2022-04-30 12:00:00,-0.02008606608468133,7.502738210754851,-0.07569778200386512,-5393.5
2022-04-30 13:00:00,0.03606492864994948,7.461640392208575,-0.08474203973386807,-5384.3
2022-04-30 14:00:00,0.1517584478869396,7.431299675155903,-0.062146565362318995,-5355.9
2022-04-30 15:00:00,0.1316499741685786,7.393263094763838,-0.060858949004939156,-5440.4
2022-04-30 16:00:00,0.3128404302429768,7.365812837209472,-0.03409339125034716,-5479.4
2022-04-30 17:00:00,0.211394243543658,7.293017679772782,-0.04185525329014528,-5403.1
2022-04-30 18:00:00,0.14481530336063386,7.165493475060845,-0.044363276691859355,-5226.0
2022-04-30 19:00:00,0.15428626684876878,7.033506484287697,-0.06088142292248033,-5022.9
2022-04-30 20:00:00,0.23392621532626023,6.9874902470009905,-0.07353198382908666,-4969.5
2022-04-30 21:00:00,0.14474723384509058,7.050122520269059,-0.06072120563732408,-4976.6
2022-04-30 22:00:00,0.17269396797061232,7.135687347028144,-0.051496138086085885,-5040.8
2022-04-30 23:00:00,0.2819195839811406,7.1731917424865985,-0.049556554173580736,-5032.2
2022-05-01 00:00:00,0.3115722782573398,8.064636475774222,0.1503582720574217,-5279.4
2022-05-01 01:00:00,0.488866878268289,8.042056410058754,0.15007607558649028,-5214.9
2022-05-01 02:00:00,0.4555070060181161,7.999342952713282,0.14323370510327038,-5206.2
2022-05-01 03:00:00,0.472036869098015,7.928045600874777,0.1524986894517104,-5181.6
2022-05-01 04:00:00,0.48484038208771585,7.835974581721566,0.1587103447928282,-5166.7
2022-05-01 05:00:00,0.3848606117549851,7.688913336864796,0.1485247572336723,-5129.8
2022-05-01 06:00:00,0.4598044086048523,7.489412083508719,0.1457760476216743,-4902.2
2022-05-01 07:00:00,0.29880397785121415,7.232010331664759,0.14312624450861566,-4714.5
2022-05-01 08:00:00,0.4404377343004433,7.152268856032539,0.164663693593174,-4639.8
2022-05-01 09:00:00,0.40515724016200805,7.319202458767849,0.18131655433722038,-4696.7
2022-05-01 10:00:00,0.24642137182364632,7.545389749611823,0.20065727706843184,-4826.6
2022-05-01 11:00:00,0.205127419955609,7.769378609513984,0.21115632907055915,-4980.4
2022-05-01 12:00:00,0.1614977820134187,7.944846711001996,0.21581824486385948,-5260.8
2022-05-01 13:00:00,0.09090044015026066,8.09437844497296,0.1958465914973857,-5204.8
2022-05-01 14:00:00,0.12445072554463277,8.193953023563742,0.19384698546879608,-5263.2
2022-05-01 15:00:00,0.0681234511001616,8.268475388982598,0.18867267557900025,-5327.2
2022-05-01 16:00:00,-0.04460784832356213,8.305978210967302,0.18434707143754991,-5266.0
2022-05-01 17:00:00,-0.32838839455354263,8.282735880201754,0.17340868083517513,-5137.9
2022-05-01 18:00:00,-0.3975560468987318,8.212568398234145,0.16674585192058444,-4921.5
2022-05-01 19:00:00,-0.43987563948578146,8.163371316459912,0.1418427603078749,-4813.4
2022-05-01 20:00:00,-0.4673146151829659,8.19478163844336,0.13020574337375557,-4801.6
2022-05-01 21:00:00,-0.5769459505279246,8.3030093814735,0.12400184018119198,-4958.7
2022-05-01 22:00:00,-0.8616674104163891,8.427706024914702,0.11905644240474,-5049.8
2022-05-01 23:00:00,-0.7515691788520797,8.545197387825835,0.11718310660003617,-5353.8
2022-05-02 00:00:00,-0.45316591810056206,7.817222785508166,0.08910580945757118,-5036.5
2022-05-02 01:00:00,-0.45670822405029377,7.8928255262511176,0.08903223061862153,-4942.6
2022-05-02 02:00:00,-0.49965464403038684,7.951559331155252,0.08494478105382086,-4860.9
2022-05-02 03:00:00,-0.6455072471554297,8.013674142832684,0.09617595060206074,-4881.5
2022-05-02 04:00:00,-0.783882644238354,8.089789175789319,0.1035161336541206,-5085.9
2022-05-02 05:00:00,-0.9068078057382767,8.153637486385282,0.12136341732806866,-5265.1
2022-05-02 06:00:00,-1.0962620563668009,8.191740021277457,0.140369088322581,-5350.2
2022-05-02 07:00:00,-1.303083164086353,8.199738960630786,0.1427624291570302,-5443.1
2022-05-02 08:00:00,-1.3788222284718996,8.18757739559151,0.13089666308106995,-5471.5
2022-05-02 09:00:00,-1.387584790681156,8.239857411018601,0.12754690583463368,-5551.5
2022-05-02 10:00:00,-1.3113401788116317,8.2960476427647,0.122433348963229,-5698.7
2022-05-02 11:00:00,-1.1730307225763754,8.326032685955079,0.08721727448755967,-5800.5
2022-05-02 12:00:00,-1.0886060587134603,8.353025845202325,0.09905155275275224,-5907.1
2022-05-02 13:00:00,-1.0051386302025587,8.368925174747135,0.11090057695562194,-6011.3
2022-05-02 14:00:00,-1.1133486586166867,8.379768515504566,0.11603870525876214,-6090.6
2022-05-02 15:00:00,-1.0743392796094429,8.388677769180811,0.11926091605242117,-6101.6
2022-05-02 16:00:00,-1.0566196578696672,8.39931015075952,0.10175198102084604,-6136.8
2022-05-02 17:00:00,-1.075283552556491,8.404472321352118,0.10642541955335094,-6136.1
2022-05-02 18:00:00,-1.1984529308810692,8.407601514786142,0.12028139436895202,-6214.8
2022-05-02 19:00:00,-1.101752783539356,8.392989587956931,0.13497344042463322,-6194.3
2022-05-02 20:00:00,-1.0106270786653222,8.390268497842571,0.14692965119638757,-6186.2
2022-05-02 21:00:00,-0.9204015263960668,8.390041405755754,0.1486712334028013,-6140.7
2022-05-02 22:00:00,-0.7588086387385582,8.389359819906353,0.14213694510495944,-6225.8
2022-05-02 23:00:00,-0.7814183998166389,8.388677769180811,0.14210243327869154,-6201.2
2022-05-03 00:00:00,-0.8955605530199526,8.406708458240965,0.12327661496225328,-5944.0
2022-05-03 01:00:00,-0.8806807314713034,8.4069317971587,0.12165695342040994,-5887.4
2022-05-03 02:00:00,-0.8505361981137356,8.400434630806041,0.127020248399762,-5827.9
2022-05-03 03:00:00,-0.7979206233822058,8.384804003370492,0.14236561208220877,-5775.7
2022-05-03 04:00:00,-0.706085682504952,8.366137716496281,0.15476559131018508,-5780.1
2022-05-03 05:00:00,-0.736617653421793,8.339978571990427,0.16381702742427073,-5808.5
2022-05-03 06:00:00,-1.020126426263468,8.299285906897275,0.18069728287477638,-5747.2
2022-05-03 07:00:00,-1.4276732813648496,8.270013062273787,0.19263311113025416,-5665.3
2022-05-03 08:00:00,-1.4938233656117759,8.258681496264236,0.18855294143237433,-5688.8
2022-05-03 09:00:00,-1.4432476511750236,8.251403065380556,0.17260129503392196,-5678.6
2022-05-03 10:00:00,-1.2344591554782198,8.240385115516334,0.1615120444092195,-5738.3
2022-05-03 11:00:00,-1.125479596112291,8.22121009392507,0.16007520163563616,-5737.2
2022-05-03 12:00:00,-1.0433781459252938,8.203577736937952,0.14739312173913444,-5804.8
2022-05-03 13:00:00,-0.8971363619619717,8.182838710766026,0.16643910887002988,-5841.1
2022-05-03 14:00:00,-0.8086729785101663,8.166216268592143,0.16084537705322965,-5842.0
2022-05-03 15:00:00,-0.7579030118571888,8.149312843635345,0.17334820552385644,-5817.7
2022-05-03 16:00:00,-0.7571846979694596,8.133000218583613,0.16721058177852477,-5760.4
2022-05-03 17:00:00,-0.8792858827511782,8.094683648698815,0.16165624537558454,-5804.4
2022-05-03 18:00:00,-0.8141325517174636,8.021256180143997,0.1701027470452976,-5707.0
2022-05-03 19:00:00,-0.673199155263787,7.878912912297133,0.17727762181402085,-5516.7
2022-05-03 20:00:00,-0.4575557846015652,7.759187438507795,0.1764134728343274,-5359.3
2022-05-03 21:00:00,-0.328334144528732,7.720461694599722,0.17649751258284052,-5221.9
2022-05-03 22:00:00,-0.1803819603242527,7.71244383427499,0.17455950349130944,-5202.2
2022-05-03 23:00:00,0.050659676685195,7.684324067681155,0.1645429412617494,-5201.9
2022-05-04 00:00:00,0.14589389450232337,7.614312146452,0.14772295361018806,-4872.3
2022-05-04 01:00:00,0.22726598612331372,7.519149957669823,0.15174023974902617,-4751.4
2022-05-04 02:00:00,0.2773521062034061,7.398174092970465,0.15523558712647922,-4595.4
2022-05-04 03:00:00,0.2867119288547473,7.247080584585756,0.16767399395557359,-4470.8
2022-05-04 04:00:00,0.3970070193912547,7.050122520269059,0.1754990609630891,-4261.7
2022-05-04 05:00:00,0.3742677634234508,6.755768921984255,0.17745123263851958,-4114.9
2022-05-04 06:00:00,0.10561214356095672,6.274762021241939,0.17770403664037282,-3837.0
2022-05-04 07:00:00,0.2427842716973121,5.662960480135946,0.1778586374792468,-3769.7
2022-05-04 08:00:00,0.1839208543005464,5.327876168789581,0.1724980908470588,-3760.0
2022-05-04 09:00:00,0.2028679411397114,5.351858133476067,0.16234049795150973,-3755.7
2022-05-04 10:00:00,0.3268851363608203,5.583496308781699,0.15640639262430867,-3788.1
2022-05-04 11:00:00,0.2490734158113499,5.8289456176102075,0.13716206242586182,-3855.2
2022-05-04 12:00:00,0.1894102463512013,6.025865973825314,0.13272616129401005,-3898.4
2022-05-04 13:00:00,0.2232191629491611,6.194405391104672,0.15684709333400892,-4007.4
2022-05-04 14:00:00,0.3505426941759713,6.380122536899765,0.14821219209356684,-4014.0
2022-05-04 15:00:00,0.3931860363312607,6.529418838262226,0.1529230049085708,-4067.5
2022-05-04 16:00:00,0.39933611124976354,6.630683385642372,0.1488963361352793,-4161.8
2022-05-04 17:00:00,0.23528910953693716,6.628041376179533,0.14367772529962775,-4195.7
2022-05-04 18:00:00,0.21126401561635033,6.6052979209482015,0.15418359459414166,-4204.3
2022-05-04 19:00:00,0.22150439752445816,6.594413459749778,0.16178990791681525,-4214.1
2022-05-04 20:00:00,0.2294935363719941,6.663132695990803,0.15396369401362353,-4236.1
2022-05-04 21:00:00,0.7398659248531496,6.814542897259958,0.15748927764607412,-4493.3
2022-05-04 22:00:00,0.8732774684376299,6.9782137426306985,0.15675066217318,-4547.9
2022-05-04 23:00:00,0.8505979143224414,7.034387929915503,0.15357027408139068,-4546.3
2022-05-05 00:00:00,0.5597894826536334,7.129297548929373,0.14796332679984836,-4828.4
2022-05-05 01:00:00,0.3352222842896886,7.126890808898808,0.14407489234270265,-4655.7
2022-05-05 02:00:00,0.33730014606811665,7.101675971619444,0.14758651450393323,-4542.8
2022-05-05 03:00:00,0.3783444689198108,7.046647277848756,0.1565620847961977,-4407.6
2022-05-05 04:00:00,0.4284264225455017,7.001245622069476,0.15806494770693735,-4340.4
2022-05-05 05:00:00,0.5095118029752705,6.90975328164481,0.15568971496453798,-4487.8
2022-05-05 06:00:00,0.5222095339631778,6.79346613258001,0.15442048899952887,-4290.0
2022-05-05 07:00:00,0.4272641234382606,6.499787040655854,0.15314598635763588,-4222.5
2022-05-05 08:00:00,1.1668575798708396,6.18826412308259,0.14449429832843297,-4195.2
2022-05-05 09:00:00,1.2744142564465264,6.093569770045136,0.12818396027799306,-4167.1
2022-05-05 10:00:00,1.0855252451146962,6.133398042996649,0.11831928256340252,-4157.5
2022-05-05 11:00:00,0.6223944542747661,6.345636360828596,0.11730919804850082,-4179.9
2022-05-05 12:00:00,0.5966905902614226,6.658011045870748,0.10235132287366344,-4226.7
2022-05-05 13:00:00,0.3193070998217702,6.921658184151129,0.09787047151839534,-4339.1
2022-05-05 14:00:00,0.34590246455806994,7.098375638590786,0.10370263766076349,-4510.8
2022-05-05 15:00:00,0.1708579823403027,7.2399325913204695,0.1075554669627099,-4590.4
2022-05-05 16:00:00,0.12481632541012866,7.3727463664043285,0.10348425848814014,-4724.0
2022-05-05 17:00:00,-0.1010106025403239,7.422373700986824,0.08483587355786515,-4856.8
2022-05-05 18:00:00,-0.11965384008709146,7.416979621381154,0.08666762736938427,-4788.6
2022-05-05 19:00:00,-0.12090809973849392,7.393263094763838,0.08979616519467193,-4734.4
2022-05-05 20:00:00,-0.09325661371271332,7.416979621381154,0.07464913525433392,-4652.2
2022-05-05 21:00:00,-0.059903446669621996,7.463363045520021,0.07320639334365087,-4693.1
2022-05-05 22:00:00,0.07713531693711495,7.501082124259871,0.0705847764400458,-4633.2
2022-05-05 23:00:00,0.18524694632820848,7.495541943884256,0.0652873603998243,-4323.8
2022-05-06 00:00:00,-0.22064010972950587,7.430114138561801,-0.009989996007126578,-4428.1
2022-05-06 01:00:00,-0.13300891844234153,7.368970402194793,0.00023432832049241625,-4320.9
2022-05-06 02:00:00,0.031444533311962175,7.291656209174461,0.011354170849789291,-4321.5
2022-05-06 03:00:00,0.29109058615220285,7.224753405767971,0.013154739203133481,-4407.9
2022-05-06 04:00:00,0.28681098825911544,7.177782416195197,0.016180364554209348,-4426.0
2022-05-06 05:00:00,0.1512679431869639,7.133295954896068,0.020774211545638188,-4511.8
2022-05-06 06:00:00,-0.045851813955253284,7.086737934510577,0.05254596933085942,-4576.1
2022-05-06 07:00:00,-0.04198157883149056,6.976348070447749,0.06402919474713098,-4345.9
2022-05-06 08:00:00,0.20154475766041013,6.92461239604856,0.04784748574886333,-4279.1
2022-05-06 09:00:00,-0.06589116410208451,7.02197642307216,0.0271588171617001,-4452.7
2022-05-06 10:00:00,0.08620064328021071,7.1316985104669115,0.026495585432498636,-4618.0
2022-05-06 11:00:00,-0.18779817343681948,7.213031659834869,0.005908055876061802,-4666.2
2022-05-06 12:00:00,-0.08913789309726461,7.313220387090301,-0.009796578162813319,-4687.4
2022-05-06 13:00:00,-0.1076056267120804,7.442492722794441,-0.031592102881417006,-4923.2
2022-05-06 14:00:00,-0.11604321734415635,7.6004023345004,-0.018922418171715805,-5076.3
2022-05-06 15:00:00,-0.3686725015739776,7.75833346749091,-0.031390261002410824,-5195.5
2022-05-06 16:00:00,-0.9258633671099585,7.870165946469845,-0.009488550794121586,-5258.0
2022-05-06 17:00:00,-1.1299008607642578,7.9105906122564775,-0.020938507479598023,-5333.6
2022-05-06 18:00:00,-0.5728263377124678,7.9017475185201445,-0.026486910602685043,-5147.6
2022-05-06 19:00:00,-1.0843091958348046,7.935229539816907,-0.024277710518878948,-5030.8
2022-05-06 20:00:00,-1.2907134388321113,7.987524479848767,-0.02183117285165892,-4985.4
2022-05-06 21:00:00,-1.3243421206965467,7.987524479848767,-0.007442511341210434,-4956.8
2022-05-06 22:00:00,-1.3769859150631647,7.953318346560431,-0.03689864065258508,-4743.6
2022-05-06 23:00:00,-1.3310666958358517,7.918264686095274,-0.06041669333046329,-4492.1
2022-05-07 00:00:00,-1.4605662264334607,7.792761720816526,-0.057445140146546336,-3798.3
2022-05-07 01:00:00,-1.5005074442260498,7.852050207265889,-0.05502076860118166,-3732.4
2022-05-07 02:00:00,-1.619370029129355,7.982757702011113,-0.052654458504672874,-4046.1
2022-05-07 03:00:00,-1.7113507771349823,8.109525659752872,-0.03969853059289008,-4382.9
2022-05-07 04:00:00,-1.7836452696629839,8.189799618728228,-0.04459759385045814,-4578.1
2022-05-07 05:00:00,-1.7310580899433332,8.184792654165078,-0.049267096929905385,-4774.9
2022-05-07 06:00:00,-1.6106503345690286,8.168486417126681,-0.05167561154787226,-5148.3
2022-05-07 07:00:00,-1.549871278450904,8.159946655578548,-0.056765088565127186,-5601.6
2022-05-07 08:00:00,-1.588443973792189,8.167068178341237,-0.053426696877321156,-5763.2
2022-05-07 09:00:00,-1.4782509038400415,8.190354403763262,-0.02880032961973722,-5842.8
2022-05-07 10:00:00,-1.3717111540269622,8.212297138229768,-0.005226587534525429,-5933.6
2022-05-07 11:00:00,-1.2307029795418827,8.227108234348146,-0.018062985531387632,-6017.2
2022-05-07 12:00:00,-1.1079406898793445,8.244596756382498,-0.03558426633752809,-5966.1
2022-05-07 13:00:00,-1.0641047605616825,8.260492856573185,-0.04269486204065309,-5988.3
2022-05-07 14:00:00,-0.9515440950929652,8.267448958304849,-0.028975605018795925,-5981.8
2022-05-07 15:00:00,-0.9730840020752134,8.279950715722526,-0.012972784961195138,-5928.5
2022-05-07 16:00:00,-1.031152561060746,8.292298107063221,0.004825060878172138,-5907.9
2022-05-07 17:00:00,-1.290019559537427,8.297294370266917,-0.002283135776623091,-6003.4
2022-05-07 18:00:00,-1.3988835188144209,8.295548516225763,0.013205014446143082,-6342.5
2022-05-07 19:00:00,-1.3983921588408896,8.256866848974312,0.029062396055664408,-6175.1
2022-05-07 20:00:00,-1.3012138200407195,8.220672170297252,0.0377285269607448,-6070.7
2022-05-07 21:00:00,-1.242734387720211,8.201111644442758,0.06226963532133123,-6033.7
2022-05-07 22:00:00,-1.127560034728877,8.177234885510194,0.0659887849610854,-5986.7
2022-05-07 23:00:00,-1.0288833113492268,8.151333337900432,0.07176883554439328,-5832.9
2022-05-08 00:00:00,-0.9942413413282511,8.061802274538348,0.12679859588353004,-5334.4
2022-05-08 01:00:00,-0.9109542591498037,8.008698182988528,0.13381555471470996,-5164.5
2022-05-08 02:00:00,-0.752627339835434,7.959275960116396,0.14952303401083444,-5074.0
2022-05-08 03:00:00,-0.6592224974067609,7.929846429742503,0.16255534240465241,-4999.6
2022-05-08 04:00:00,-0.6168667787090492,7.9287663216266955,0.17189734907478194,-5005.7
2022-05-08 05:00:00,-0.29385092813763647,7.912789220690681,0.16751266947836374,-5161.7
2022-05-08 06:00:00,-0.28167575525997135,7.872073979866873,0.15389348214164134,-5358.4
2022-05-08 07:00:00,-0.5127790712164657,7.882314918980268,0.13145893377323592,-5498.2
2022-05-08 08:00:00,-0.6779077094787445,7.943072717277933,0.11817141143952803,-5571.3
2022-05-08 09:00:00,-0.6828003465291679,7.95892649305011,0.09907845610024868,-5606.1
2022-05-08 10:00:00,-0.5220121852190238,7.952615111651,0.09999432670952846,-5609.3
2022-05-08 11:00:00,-0.5307331481176663,7.924072324923417,0.1023346568469794,-5615.8
2022-05-08 12:00:00,-0.4317451304626041,7.8804263442924,0.11433263026258711,-5455.6
2022-05-08 13:00:00,-0.3474880556268256,7.839525581704678,0.08106352320761179,-5389.7
2022-05-08 14:00:00,-0.1207691689355066,7.815207062189088,0.097850071060396,-5313.7
2022-05-08 15:00:00,-0.12485642350027382,7.803026643632217,0.09868393996902824,-5300.2
2022-05-08 16:00:00,-0.054339408273822,7.769378609513984,0.08657988794017246,-5287.8
2022-05-08 17:00:00,-0.22700600448016184,7.685243607975833,0.060101746243227616,-5194.1
2022-05-08 18:00:00,-0.224990095121135,7.5480289699350145,0.07742651143594692,-4962.3
2022-05-08 19:00:00,-0.1807441364543747,7.323830566202317,0.07883434713616388,-4764.8
2022-05-08 20:00:00,0.09327460828799117,7.119635638017636,0.07736326199937604,-4609.2
2022-05-08 21:00:00,0.1399672016294451,7.0925737159746784,0.08707997861502115,-4558.9
2022-05-08 22:00:00,0.050668141614838014,7.141245122350491,0.09402533815937009,-4568.8
2022-05-08 23:00:00,0.15411065221381426,7.173958319756794,0.1061264829065367,-4587.0
2022-05-09 00:00:00,0.32332148409605255,7.083387847625295,0.11326464493430688,-4607.2
2022-05-09 01:00:00,0.3336679088885983,7.119635638017636,0.12495655548734685,-4646.3
2022-05-09 02:00:00,0.3747049378557179,7.153833801578843,0.13828218943657156,-4650.6
2022-05-09 03:00:00,0.36960923495452525,7.151485463904735,0.14233799236522326,-4681.0
2022-05-09 04:00:00,0.323087902043957,7.115582126184454,0.13845141070935885,-4741.9
2022-05-09 05:00:00,0.23260058714729936,6.974478911025045,0.1244375052084905,-4677.5
2022-05-09 06:00:00,0.25349930299605905,6.824373670043086,0.092523972448741,-4487.1
2022-05-09 07:00:00,0.4762102301876734,6.796823718274855,0.05739745280272324,-4350.8
2022-05-09 08:00:00,1.0005642505130483,6.811244378601294,0.042898188782213964,-4364.4
2022-05-09 09:00:00,0.8248809537260717,6.81783057145415,0.03968555004329932,-4313.1
2022-05-09 10:00:00,0.6222031131063215,6.821107472256465,0.04844727599902843,-4258.1
2022-05-09 11:00:00,0.6305113760574619,6.786716950605081,0.028245796550590008,-4177.7
2022-05-09 12:00:00,0.33337549745464745,6.8308742346461795,0.03516428530150062,-4192.2
2022-05-09 13:00:00,0.20688118014769818,6.843749949006225,0.0479367727860156,-4315.5
2022-05-09 14:00:00,0.21614943693071265,6.86484777797086,0.04261123670394529,-4386.7
2022-05-09 15:00:00,0.17359664813760922,6.88653164253051,0.03549637625164337,-4405.4
2022-05-09 16:00:00,0.1018907723795115,6.881411303642535,0.021940856683607457,-4428.2
2022-05-09 17:00:00,-0.13116778497794845,6.913737350659685,0.010512648588881568,-4387.2
2022-05-09 18:00:00,-0.14648467347397975,7.089243155027514,0.006886736572453422,-4347.2
2022-05-09 19:00:00,-0.18574658716292403,7.295735072749282,0.004467064650206964,-4376.6
2022-05-09 20:00:00,-0.2618567406257579,7.454719949364001,0.003994042189269464,-4551.3
2022-05-09 21:00:00,-0.2389961637128044,7.588829878307813,0.012042904267745236,-4761.3
2022-05-09 22:00:00,-0.3988210354748105,7.1372784372603855,0.02059686057086374,-4893.5
2022-05-09 23:00:00,-0.4892927732950798,7.097548850614793,0.027146408312312964,-5072.5
2022-05-10 00:00:00,-0.5999911157350062,7.832014180505469,0.00664605148598163,-4851.8
2022-05-10 01:00:00,-0.5732518960846877,7.88570539124302,0.011435390464602513,-4978.2
2022-05-10 02:00:00,-0.5515864008156126,7.906915488678587,0.006392260611146838,-5043.9
2022-05-10 03:00:00,-0.5470997054503575,7.930925372483388,0.006960975076006015,-5140.5
2022-05-10 04:00:00,-0.5554035376236395,7.974532844130228,0.004284640371889026,-5259.8
2022-05-10 05:00:00,-0.45649705367058857,8.003028666384733,-0.0037725898388520918,-5374.9
2022-05-10 06:00:00,-0.35070091042010176,7.993282328101591,-0.01814293762910335,-5835.3
2022-05-10 07:00:00,-0.7264086662849376,7.928045600874777,-0.037273453972331616,-5732.2
2022-05-10 08:00:00,-0.8588819493600046,7.906915488678587,-0.04470463017406612,-5724.2
2022-05-10 09:00:00,-0.8415893893176256,7.98514393119862,-0.049305397742891444,-5882.3
2022-05-10 10:00:00,-0.702856403770471,8.057694194815587,-0.057469301236721115,-6009.7
2022-05-10 11:00:00,-0.6253910203472568,8.109826276018477,-0.053837709439846115,-6001.3
2022-05-10 12:00:00,-0.7093853774889585,8.133880887949207,-0.05173555337120117,-6061.9
2022-05-10 13:00:00,-0.7357659828795984,8.127995055771946,-0.03128913531293076,-6040.2
2022-05-10 14:00:00,-0.6960258790525642,8.098034756176071,-0.029542451453337115,-5966.9
2022-05-10 15:00:00,-0.6282896771718103,8.069342366811636,-0.03574359233470226,-5874.8
2022-05-10 16:00:00,-0.5304351765128361,8.022568946988255,-0.03346011368362678,-5823.3
2022-05-10 17:00:00,-0.5356082624086951,7.944492163932159,-0.033976656056609045,-5801.9
2022-05-10 18:00:00,-0.4074032209377587,7.875499292445208,-0.033176872411654124,-5510.0
2022-05-10 19:00:00,-0.39811132084996537,7.798523053625206,-0.03890982776852514,-5347.4
2022-05-10 20:00:00,-0.37585826933544375,7.695757990554761,-0.031225891943917006,-5187.6
2022-05-10 21:00:00,-0.24819231409157183,7.578656850594762,-0.040503432996280786,-5054.1
2022-05-10 22:00:00,-0.13837769453643745,7.474204806496124,-0.04429679581128099,-4794.3
2022-05-10 23:00:00,-0.02850477865392298,7.382746449738912,-0.04563172233484547,-4477.2
2022-05-11 00:00:00,-1.0652413588128247,7.538494999413465,-0.10308591348704788,-4105.0
2022-05-11 01:00:00,-1.044853948391471,7.48324441607385,-0.10431864427224191,-3976.4
2022-05-11 02:00:00,-1.0363715620816487,7.468513271496337,-0.10724923915922968,-4028.2
2022-05-11 03:00:00,-1.0633846683291117,7.506591780070841,-0.1079275275786129,-4126.9
2022-05-11 04:00:00,-1.041638708082394,7.562681246721884,-0.10787350432936016,-4240.8
2022-05-11 05:00:00,-0.6786132616798604,7.53955882930103,-0.10624563670229836,-4610.2
2022-05-11 06:00:00,-0.15905211163593158,7.450660796211539,-0.10299964042994514,-4952.8
2022-05-11 07:00:00,-0.3355374517775065,7.3343293503005365,-0.10508911872626125,-4838.4
2022-05-11 08:00:00,-0.44953100164219784,7.274479558773871,-0.10984027202220226,-4799.6
2022-05-11 09:00:00,-0.4822810786934002,7.252762418053187,-0.11173146034003079,-4755.7
2022-05-11 10:00:00,-0.42308339670865047,7.253470382684528,-0.11691577369772332,-4695.8
2022-05-11 11:00:00,-0.3957263898946888,7.234177179749849,-0.13470807420408537,-4610.6
2022-05-11 12:00:00,-0.24505926331640593,7.202661196523238,-0.13438919659729542,-4538.6
2022-05-11 13:00:00,-0.33344047239827423,7.175489713624222,-0.10985398593549789,-4325.1
2022-05-11 14:00:00,-0.2354508513395026,7.122059881629142,-0.11601352750522498,-4197.5
2022-05-11 15:00:00,-0.07625521591961704,7.0707241072602764,-0.12212732063730947,-4104.5
2022-05-11 16:00:00,0.373480031396094,7.004881989712859,-0.12551275068016565,-4106.1
2022-05-11 17:00:00,0.09622714921784814,6.982862751468942,-0.1251896038309015,-4480.1
2022-05-11 18:00:00,0.13291542599505446,6.949856455000773,-0.129124400373696,-4510.1
2022-05-11 19:00:00,0.18303443515718953,6.925595197110468,-0.13060791862390797,-4515.2
2022-05-11 20:00:00,0.22403778019991005,6.946013991099227,-0.12011272638237891,-4499.0
2022-05-11 21:00:00,0.2826262458547997,7.035268599281097,-0.12103457651599303,-4497.5
2022-05-11 22:00:00,0.436769438459081,7.106606137727303,-0.12085938268639751,-4599.5
2022-05-11 23:00:00,0.20384660547303968,7.1284959456800365,-0.11957638436427498,-4481.2
2022-05-12 00:00:00,0.3018753470844393,7.076653815443951,-0.14807700326613382,-4307.7
2022-05-12 01:00:00,0.6982250400517884,6.985641817639208,-0.1513702425890413,-4266.2
2022-05-12 02:00:00,0.7363473002533842,6.870053411798126,-0.1487216126676154,-4128.9
2022-05-12 03:00:00,0.7183945268889076,6.7912214627261855,-0.1544272198597616,-4066.0
2022-05-12 04:00:00,0.6686836773876523,6.752270376141742,-0.14779387352665285,-4043.4
2022-05-12 05:00:00,0.4818802838522074,6.769641976852503,-0.1381291677989145,-4132.8
2022-05-12 06:00:00,0.9842883978263819,6.837332814685591,-0.12853687904263555,-4265.7
2022-05-12 07:00:00,0.80578094345503,6.939253946041508,-0.13095826474626104,-4424.2
2022-05-12 08:00:00,0.3286319466559462,7.050989447068045,-0.1313653091128657,-4425.1
2022-05-12 09:00:00,0.42338612125230934,7.2196420401307355,-0.13319428994214633,-4614.4
2022-05-12 10:00:00,-0.011600330772602696,7.392647520721623,-0.13337455157249334,-4731.5
2022-05-12 11:00:00,-0.06634874368666432,7.5352967024440884,-0.11990384941928944,-4914.1
2022-05-12 12:00:00,-0.22236179134622613,7.637716432664798,-0.11587552910678944,-5052.7
2022-05-12 13:00:00,-0.18196110712926972,7.710653323501202,-0.1113119711485453,-5129.7
2022-05-12 14:00:00,-0.1276731769286128,7.7664168980196555,-0.10598025051390092,-5175.7
2022-05-12 15:00:00,-0.09637073670154006,7.819636302367592,-0.10802819954355947,-5266.0
2022-05-12 16:00:00,-0.1230814948483796,7.866338923046544,-0.0984335531797953,-5363.6
2022-05-12 17:00:00,-0.178812233559547,7.8898337513942955,-0.1036602748434019,-5553.2
2022-05-12 18:00:00,-0.1923353915218966,7.887208585813932,-0.10022536595715081,-5721.0
2022-05-12 19:00:00,-0.1856822198876391,7.8655717576847906,-0.10480816095269141,-5678.2
2022-05-12 20:00:00,-0.18862548068510554,7.847371836159788,-0.10110822453713375,-5574.1
2022-05-12 21:00:00,-0.21183839389533965,7.8528278122817445,-0.10596775745987763,-5439.2
2022-05-12 22:00:00,-0.19552719165908572,7.875119281040293,-0.10673140701483952,-5318.7
2022-05-12 23:00:00,-0.39471304834718035,7.856319571406588,-0.10727069412627976,-5122.7
2022-05-13 00:00:00,-0.45216028063107716,7.843064016692054,-0.04885041371424759,-5284.4
2022-05-13 01:00:00,-0.29898720399686596,7.80994708647679,-0.035381971816073055,-5195.6
2022-05-13 02:00:00,0.10437168434715449,7.751045117971802,-0.04477566911987907,-5126.5
2022-05-13 03:00:00,0.29406825584612717,7.645397699428633,-0.04099056741446638,-4978.5
2022-05-13 04:00:00,0.2905528074051107,7.507690077819904,-0.03653839472136333,-4939.8
2022-05-13 05:00:00,0.1941857622877432,7.335633981927201,-0.03247030297317455,-4903.4
2022-05-13 06:00:00,0.435156514133217,7.068172000388042,-0.017438858763857645,-4451.5
2022-05-13 07:00:00,0.9463267184264632,6.738152494595957,-0.016293194091701935,-4423.9
2022-05-13 08:00:00,0.944382125436741,6.586171654854675,-0.019152162036516707,-4416.9
2022-05-13 09:00:00,1.0426023129225062,6.559615237493242,-0.03047029567493631,-4445.8
2022-05-13 10:00:00,1.21656375264587,6.642486801367256,-0.026022448850947733,-4454.6
2022-05-13 11:00:00,1.012278008930764,6.752270376141742,-0.04868403090947737,-4488.7
2022-05-13 12:00:00,0.8725076699866419,6.829793737512425,-0.03040298946986919,-4473.8
2022-05-13 13:00:00,0.5711071688858285,6.852242569051878,-0.07214703904783537,-4369.8
2022-05-13 14:00:00,-0.11243310512005644,6.856461984594587,-0.09734095787411867,-3983.6
2022-05-13 15:00:00,0.058666992740716406,6.930494765951626,-0.10142573719970205,-4177.4
2022-05-13 16:00:00,0.5664646106257418,7.001245622069476,-0.09655869427511465,-4476.7
2022-05-13 17:00:00,0.834116778918446,7.033506484287697,-0.0812451137105894,-4611.1
2022-05-13 18:00:00,0.8029205533759436,7.039660349862076,-0.07586318400057923,-4754.5
2022-05-13 19:00:00,0.8292045988267533,7.074116816197362,-0.09697524520323864,-4786.5
2022-05-13 20:00:00,0.45740475010640624,7.218176838403408,-0.08951599967859547,-4886.7
2022-05-13 21:00:00,0.34888010814822135,7.323830566202317,-0.08104980757199165,-4995.1
2022-05-13 22:00:00,0.21342718300135743,7.3752557780097545,-0.08206088282701707,-4910.7
2022-05-13 23:00:00,0.20750673685393295,7.3395376954076745,-0.056112525996944385,-4692.7
2022-05-14 00:00:00,-0.17627700429131865,7.1731917424865985,-0.025581474195228715,-4246.1
2022-05-14 01:00:00,-0.4856521452963398,7.080026499922591,-0.04164761238932346,-4021.5
2022-05-14 02:00:00,-0.47412549767848766,7.013915474810528,-0.03690610153653395,-3931.7
2022-05-14 03:00:00,-0.3821300733181414,6.9930151229329605,-0.01507960725497437,-3942.0
2022-05-14 04:00:00,-0.39255473627960047,7.035268599281097,-0.016786707146736468,-4011.1
2022-05-14 05:00:00,-0.7185106566608224,7.121252453244542,-0.032536668670696045,-4051.8
2022-05-14 06:00:00,-0.9550198933940175,7.093404625868766,-0.06301788815180664,-4078.0
2022-05-14 07:00:00,-1.0012423762126055,7.170888478512505,-0.04877376379982579,-4369.1
2022-05-14 08:00:00,-1.1838146367314208,7.31455283232408,-0.04922795033097138,-4584.4
2022-05-14 09:00:00,-1.1624684986704739,7.467942332285852,-0.0382153285543394,-4790.9
2022-05-14 10:00:00,-1.1362302289529116,7.564757012905729,-0.023113781895265362,-4824.5
2022-05-14 11:00:00,-0.8812657029033808,7.630946580890459,-0.005966063822558709,-4846.9
2022-05-14 12:00:00,-0.7566760386688598,7.693025748417888,-0.01012709524242883,-4772.8
2022-05-14 13:00:00,-0.9270605731832626,7.7406644019172415,-0.03298604791369275,-4737.5
2022-05-14 14:00:00,-0.9306459774553493,7.803843303538772,-0.024044281182608707,-4838.2
2022-05-14 15:00:00,-0.9534273495256618,7.8674885686991285,-0.022054230539436226,-4966.3
2022-05-14 16:00:00,-0.9652999284984136,7.9294865233142895,-0.01953338295386775,-5124.7
2022-05-14 17:00:00,-1.1648564165834214,7.954723334497908,-0.0340949634116372,-5288.1
2022-05-14 18:00:00,-1.193567593770669,7.972810784121404,-0.028675482798844243,-5370.0
2022-05-14 19:00:00,-0.8629906290260618,7.946617563244473,-0.025219624914718075,-5656.2
2022-05-14 20:00:00,-0.7566213338039116,7.9391588179567965,-0.02506051110809082,-5712.6
2022-05-14 21:00:00,-0.7987206094948118,7.951559331155252,-0.019770444895354622,-5688.8
2022-05-14 22:00:00,-1.093622525411294,7.97728198675515,-0.018661859681270876,-5396.9
2022-05-14 23:00:00,-1.0152622153972617,8.00736706798333,-0.011471620172600616,-5438.9
2022-05-15 00:00:00,-1.0733668854739524,7.988203597022576,-0.014470127289015977,-5543.7
2022-05-15 01:00:00,-1.0439299418406032,8.000349495324684,-0.017711415783550066,-5492.6
2022-05-15 02:00:00,-1.0192560030893825,7.999007213243955,0.0018300372851784985,-5445.3
2022-05-15 03:00:00,-1.058072366396206,7.984462732262196,-0.012662052897674414,-5439.4
2022-05-15 04:00:00,-1.0363785791471178,7.969357742016346,-0.007309910589813562,-5405.5
2022-05-15 05:00:00,-1.1219174265969527,7.9561263512135,-0.01117911926501236,-5392.2
2022-05-15 06:00:00,-1.1645013308395797,7.957877358489813,-0.032915741121701814,-5608.3
2022-05-15 07:00:00,-1.4299097863403456,8.027802848370312,-0.05544382338116183,-5831.2
2022-05-15 08:00:00,-1.5095333340411852,8.08886878916199,-0.04733082454995774,-5939.3
2022-05-15 09:00:00,-1.558966190917224,8.11102783819368,-0.0374970789055018,-6005.3
2022-05-15 10:00:00,-1.3719198774485983,8.123854263105914,-0.021523611722146008,-6066.1
2022-05-15 11:00:00,-1.400572946599366,8.136518252115291,-0.012260036322548906,-6051.5
2022-05-15 12:00:00,-1.1264650505341494,8.156223323194624,-0.002070142924837981,-6071.2
2022-05-15 13:00:00,-1.0711157881608666,8.175547596021026,-0.03023587453449661,-6131.0
2022-05-15 14:00:00,-1.0142384827730706,8.192016914536875,-0.028153055143334882,-6198.3
2022-05-15 15:00:00,-1.0463736481079713,8.204124932574041,-0.022636418088206156,-6224.1
2022-05-15 16:00:00,-1.1554902295834864,8.214465160759186,-0.018370707646326423,-6289.8
2022-05-15 17:00:00,-1.4412815399896841,8.216628493133443,-0.01973797756682849,-6312.5
2022-05-15 18:00:00,-1.532032289225508,8.210396255104774,0.006882450392869721,-6421.5
2022-05-15 19:00:00,-1.543043744689752,8.189244525735901,0.02741543249846412,-6373.4
2022-05-15 20:00:00,-1.5196515604789091,8.168202930236053,0.020310072550538294,-6308.9
2022-05-15 21:00:00,-1.4848332716057007,8.16194579946869,0.025522085615587997,-6267.8
2022-05-15 22:00:00,-1.343317545048448,8.163656176168432,0.02404051006465302,-6300.4
2022-05-15 23:00:00,-1.2267281580045397,8.167068178341237,0.01771033508493325,-6345.4
2022-05-16 00:00:00,-1.1719891227325299,8.156223323194624,0.010831164609003352,-6015.6
2022-05-16 01:00:00,-1.1896396568035117,8.153637486385282,0.02636437324192986,-5921.6
2022-05-16 02:00:00,-1.2383583561926992,8.153349757998892,0.04453524271594489,-5851.2
2022-05-16 03:00:00,-1.214689329386898,8.14351740579748,0.04086853220036346,-5819.7
2022-05-16 04:00:00,-1.1761261911548284,8.127699852817772,0.042204462686648014,-5765.1
2022-05-16 05:00:00,-1.284506649468716,8.096208271650037,0.038597382431231786,-5774.5
2022-05-16 06:00:00,-1.5921069167964235,8.073091199693154,0.027440767797722643,-5605.6
2022-05-16 07:00:00,-1.6734569523832472,8.0519780789023,0.024720426776423388,-5509.1
2022-05-16 08:00:00,-1.6230191889839416,8.031385330625534,0.0338278318122498,-5359.8
2022-05-16 09:00:00,-1.5952241554594009,8.005033344637111,0.024261079717667222,-5400.0
2022-05-16 10:00:00,-1.5456114995237038,7.976251943745623,0.025431300298106585,-5346.0
2022-05-16 11:00:00,-1.3502050707179798,7.948031990637284,0.006814336262578102,-5267.0
2022-05-16 12:00:00,-1.3324489260408199,7.9287663216266955,0.02059101660018836,-5276.5
2022-05-16 13:00:00,-1.1925060083514851,7.911324018963353,0.04029641825205044,-5201.9
2022-05-16 14:00:00,-1.0970616536419877,7.909856667269403,0.03424298703342821,-5188.1
2022-05-16 15:00:00,-1.1003570073373976,7.906915488678587,0.03369943057494229,-5216.6
2022-05-16 16:00:00,-1.1044441049191405,7.900266036767701,0.040432287236480846,-5224.0
2022-05-16 17:00:00,-1.4571699158417188,7.894318063841624,0.041375632290630904,-5277.6
2022-05-16 18:00:00,-1.4453130088125947,7.851271997109883,0.040192872928370704,-5183.4
2022-05-16 19:00:00,-1.3600003554160858,7.793174347189205,0.04573505635320618,-5106.2
2022-05-16 20:00:00,-1.259408791366944,7.749322464660356,0.05178057549251047,-5044.7
2022-05-16 21:00:00,-1.1812105805967512,7.731053144007127,0.03957599862773442,-5019.0
2022-05-16 22:00:00,-0.9980207436863671,7.736743682453495,0.04538127664065161,-5043.5
2022-05-16 23:00:00,-0.6711307710854144,7.738488122494646,0.04137692012501404,-5049.9
2022-05-17 00:00:00,-0.6560805823860498,7.687538766201629,0.032568376091298035,-4760.8
2022-05-17 01:00:00,-0.7212529945432014,7.655390644826152,0.0399789224061422,-4662.6
2022-05-17 02:00:00,-0.7972147446459417,7.596894438144544,0.03655940265687452,-4552.4
2022-05-17 03:00:00,-0.6775752526292043,7.513163545234075,0.03513185204270286,-4401.1
2022-05-17 04:00:00,-0.8910691057418467,7.404279118037268,0.03927771387959744,-4217.8
2022-05-17 05:00:00,-0.07730708736422098,7.198931240688173,0.049781378496447815,-4225.7
2022-05-17 06:00:00,0.10008771890843038,6.889591308354466,0.058649848431935325,-4159.6
2022-05-17 07:00:00,0.7907120951997371,6.553933404025811,0.05966178572843628,-4082.2
2022-05-17 08:00:00,0.8527291716216743,6.22455842927536,0.05930776345839295,-4008.5
2022-05-17 09:00:00,0.9258739656192665,5.955837369464831,0.055065753500817216,-3974.2
2022-05-17 10:00:00,1.1164950712069581,5.66988092298052,0.04530764072276838,-3917.5
2022-05-17 11:00:00,1.1847354301947028,5.351858133476067,0.0306006097067284,-3895.0
2022-05-17 12:00:00,1.2664934453710792,5.081404364984463,0.023806239262950335,-3707.2
2022-05-17 13:00:00,1.3979998072241573,4.941642422609304,0.038463903447418346,-3498.2
2022-05-17 14:00:00,1.473839180387838,5.0689042022202315,0.03962090848343447,-3495.4
2022-05-17 15:00:00,1.5151953865818113,5.342334251964811,0.037117755930169416,-3614.2
2022-05-17 16:00:00,1.536880348981711,5.6131281063880705,0.02904089251641917,-3739.9
2022-05-17 17:00:00,1.3517388484051045,5.823045895483019,0.034010684928323265,-3810.3
2022-05-17 18:00:00,1.3425379339260388,5.976350909297934,0.01177451545061281,-3859.2
2022-05-17 19:00:00,1.2190862068213235,6.173786103901937,0.0038102359085367965,-3872.6
2022-05-17 20:00:00,1.031802651477494,6.4457198193855785,0.01695358518363488,-3911.4
2022-05-17 21:00:00,0.6446925179083509,6.775366090936392,0.014009428718098071,-4048.6
2022-05-17 22:00:00,0.302898432214743,7.051855622955894,0.027899495393208795,-4183.5
2022-05-17 23:00:00,0.2219374989274976,7.208600337960199,0.028576284831213883,-4278.3
2022-05-18 00:00:00,-0.08348758615524288,7.255591274253665,0.004622109969514732,-3998.5
2022-05-18 01:00:00,-0.21664706646909648,7.285506548522785,0.005390379558003033,-3669.8
2022-05-18 02:00:00,-0.5196206702962813,7.297091005160418,0.002490388907956387,-3648.6
2022-05-18 03:00:00,-0.5431993140951095,7.2868764117507,-0.0026457551784355715,-3606.5
2022-05-18 04:00:00,-0.5850250862442361,7.242082359256962,-0.0025911778111025185,-3564.5
2022-05-18 05:00:00,-0.11093755676733741,7.093404625868766,0.006135630248665258,-3675.9
2022-05-18 06:00:00,-0.08270418577566163,6.840546529288687,0.021099367851547868,-4065.2
2022-05-18 07:00:00,0.7969860503553576,6.385194398997726,0.02198826677246224,-4055.1
2022-05-18 08:00:00,0.9665118348784674,5.8944028342648505,0.007655613596313948,-4002.5
2022-05-18 09:00:00,0.9591651025015704,5.6937321388027,-0.01139985512710151,-3918.7
2022-05-18 10:00:00,0.9928399357603626,5.652489180268651,-0.02995965906615261,-3912.1
2022-05-18 11:00:00,0.925853160973027,5.749392985908253,-0.05950400262449307,-3823.5
2022-05-18 12:00:00,0.9496371545201381,5.908082938168931,-0.05673052736829298,-3769.9
2022-05-18 13:00:00,0.7710580333958328,6.073044534100405,-0.032590441582965646,-3802.1
2022-05-18 14:00:00,0.6328824229782883,6.202535517187923,-0.04007825899398121,-3848.1
2022-05-18 15:00:00,0.681055602924399,6.329720905522696,-0.041119517183540566,-3871.3
2022-05-18 16:00:00,0.6425084088256403,6.415096959171596,-0.03659479541995392,-3899.6
2022-05-18 17:00:00,1.3243938156529218,6.529418838262226,-0.02318629046298959,-4244.8
2022-05-18 18:00:00,1.2638047473047118,6.612041034833092,-0.04286982737885481,-4307.6
2022-05-18 19:00:00,1.1780551936285102,6.695798917058491,-0.04862785161014482,-4278.8
2022-05-18 20:00:00,1.1173925145695751,6.762729506931879,-0.042151184912667006,-4305.5
2022-05-18 21:00:00,0.8154629759773231,6.848005274576363,-0.047377517468937036,-4278.9
2022-05-18 22:00:00,0.47701516732050253,6.943122422819428,-0.043739283175510124,-4267.7
2022-05-18 23:00:00,0.422344387688077,7.025538314638521,-0.049384831283393105,-4259.1
2022-05-19 00:00:00,1.0973050883797448,7.135687347028144,-0.062332082036512304,-4112.6
2022-05-19 01:00:00,1.1485111385555928,7.201170883281678,-0.06874363557335883,-4019.1
2022-05-19 02:00:00,0.9621396563562827,7.2682230211595655,-0.07325906567265328,-4006.5
2022-05-19 03:00:00,1.014916921633323,7.25063551189868,-0.07888931419260903,-4060.7
2022-05-19 04:00:00,1.2720631039387928,7.168579897264035,-0.07698895970218889,-4120.8
2022-05-19 05:00:00,1.4840677700204754,6.954638864880987,-0.05802536343985398,-4075.2
2022-05-19 06:00:00,1.484686731285744,6.593044534142437,-0.02528155090687534,-4039.3
2022-05-19 07:00:00,1.3215807784498796,6.159095388491933,-0.010608608823802435,-3958.9
2022-05-19 08:00:00,1.3128080830213813,5.8805329864007,-0.01306006075484678,-3839.1
2022-05-19 09:00:00,1.2984928863706982,5.780743515792329,-0.02466953425905416,-3772.4
2022-05-19 10:00:00,1.3020634321628872,5.755742213586912,-0.03335614847531332,-3771.4
2022-05-19 11:00:00,1.4197802043953542,5.808142489980444,-0.036304280583995485,-3800.7
2022-05-19 12:00:00,1.4456132056954747,5.91350300563827,-0.040454678400237754,-3821.2
2022-05-19 13:00:00,1.5513323131420798,6.0473721790462776,-0.0423648568283177,-3846.7
2022-05-19 14:00:00,1.630173523007616,6.212606095751519,-0.03670886628319092,-3863.2
2022-05-19 15:00:00,1.7110852295372716,6.415096959171596,-0.041921870402588546,-3943.6
2022-05-19 16:00:00,1.816929847906561,6.638567789166521,-0.03655814946170732,-4104.7
2022-05-19 17:00:00,1.6906009267510758,6.903747257584598,-0.03322699979448185,-4336.2
2022-05-19 18:00:00,0.9856127445902034,7.087573705557973,-0.04215099143946954,-4509.5
2022-05-19 19:00:00,0.6396995656114148,7.2305631534092925,-0.03586149057919563,-4578.8
2022-05-19 20:00:00,0.5852594036049448,7.298445101508147,-0.021701446932723023,-4590.0
2022-05-19 21:00:00,1.0730976044024425,7.2875606403097235,-0.028722254407402836,-4645.3
2022-05-19 22:00:00,1.3189711411054468,7.2305631534092925,-0.025263182350082403,-4456.0
2022-05-19 23:00:00,1.404194554132534,7.1308988302963465,-0.029645532095742944,-4349.6
2022-05-20 00:00:00,1.2489860582925227,7.080026499922591,-0.03667697301315176,-4279.6
2022-05-20 01:00:00,1.359434990825271,6.97914527506881,-0.04999143545823159,-4127.3
2022-05-20 02:00:00,1.3806463499030297,6.852242569051878,-0.07406803757604408,-3946.9
2022-05-20 03:00:00,0.7870951895734417,6.647688373563329,-0.07034909297681846,-3503.3
2022-05-20 04:00:00,0.6766384790824889,6.418364935936212,-0.05798099075713914,-3433.5
2022-05-20 05:00:00,0.7436299663709995,6.186208623900494,-0.06202200296721294,-3460.3
2022-05-20 06:00:00,1.1439454634434618,5.8998973535824915,-0.04433454358591771,-3687.5
2022-05-20 07:00:00,1.246582301034092,5.537334267018537,-0.0006584799442999056,-3674.7
2022-05-20 08:00:00,1.2250335214750852,5.318119993844216,0.009118271901738417,-3620.0
2022-05-20 09:00:00,1.2805057221434062,5.303304908059076,0.007539030292048388,-3692.5
2022-05-20 10:00:00,1.4916162387909724,5.365976015021851,0.02007969874059068,-3711.2
2022-05-20 11:00:00,1.4917379734185348,5.44673737166631,0.0011743192258633073,-3733.9
2022-05-20 12:00:00,1.3947154952715515,5.54907608489522,0.010999278299673065,-3745.3
2022-05-20 13:00:00,1.3764297440356836,5.648974238161206,-0.00440105051544748,-3724.7
2022-05-20 14:00:00,1.3721971567206959,5.733341276897746,-0.026755356392902385,-3787.9
2022-05-20 15:00:00,1.2102070707854944,5.796057750765372,-0.03537697724623268,-3854.9
2022-05-20 16:00:00,1.2211799834085877,5.831882477283517,-0.03369647155821731,-3906.1
2022-05-20 17:00:00,1.472722566604899,5.872117789475416,-0.017762893505711475,-3994.5
2022-05-20 18:00:00,0.9788230143091816,5.945420608606575,-0.025836080771706627,-4077.1
2022-05-20 19:00:00,0.9250689487754906,6.054439346269371,-0.059626505900650884,-4116.1
2022-05-20 20:00:00,0.9499962504438466,6.240275845170769,-0.06257136443514355,-4089.3
2022-05-20 21:00:00,1.0574130714662164,6.493753839851686,-0.05613502402870374,-4315.0
2022-05-20 22:00:00,1.2389001148686036,6.672032945461067,-0.052646997620724,-4187.2
2022-05-20 23:00:00,0.9386994872338761,6.70196036600254,-0.02649117836653847,-3857.9
2022-05-21 00:00:00,0.6801277491583497,6.75110146893676,-0.028436579632208137,-3934.5
2022-05-21 01:00:00,0.7323730841330769,6.6895992691789665,-0.04756916929276134,-3798.0
2022-05-21 02:00:00,0.8514460435593914,6.590301048196686,-0.04812956390638323,-3718.8
2022-05-21 03:00:00,0.9843273349736634,6.459904454377535,-0.04196696256751853,-3614.7
2022-05-21 04:00:00,1.1673511100496157,6.304448802421981,-0.055325666090457304,-3529.5
2022-05-21 05:00:00,1.2081589452419559,6.1224928095143865,-0.07489956822704968,-3538.1
2022-05-21 06:00:00,0.3854727913216398,5.817111159963204,-0.11451132263809427,-3342.8
2022-05-21 07:00:00,0.5039255332126347,5.393627546352362,-0.09391646360511618,-3390.0
2022-05-21 08:00:00,0.7536991573709866,5.187385805840755,-0.09495019966906693,-3389.4
2022-05-21 09:00:00,0.7574754464039195,5.365976015021851,-0.08595874345968557,-3399.3
2022-05-21 10:00:00,0.8098096638586654,5.6131281063880705,-0.0745478123325869,-3313.7
2022-05-21 11:00:00,0.649202372453332,5.817111159963204,-0.07438652544843194,-3125.3
2022-05-21 12:00:00,0.5854062703111453,5.918893854273146,-0.06457180321078049,-2745.5
2022-05-21 13:00:00,0.4321904957725371,5.955837369464831,-0.08831931067206078,-2675.7
2022-05-21 14:00:00,0.0829436654056055,5.929589143389895,-0.09464470852665308,-2584.6
2022-05-21 15:00:00,0.4855887256937099,5.8888779583328805,-0.10772679122504325,-2655.6
2022-05-21 16:00:00,0.3720159540823782,5.8522024797744745,-0.0780625989275956,-2705.6
2022-05-21 17:00:00,0.9913545074249823,5.855071922202427,-0.07183529139448463,-3335.6
2022-05-21 18:00:00,0.5508605007516136,5.883322388488279,-0.0639122888982886,-3571.0
2022-05-21 19:00:00,0.44484998078134197,5.955837369464831,-0.0775876104320341,-3549.1
2022-05-21 20:00:00,0.42323486388336873,6.137727054086234,-0.0704118472176809,-3529.7
2022-05-21 21:00:00,0.4027280033352172,6.416732282512326,-0.055277133352263697,-3516.7
2022-05-21 22:00:00,0.43641550362846626,6.635946555686647,-0.05664110774648723,-3417.1
2022-05-21 23:00:00,0.5692914088061629,6.680854678790215,-0.059168521903082194,-3334.4
2022-05-22 00:00:00,0.9100600029662949,6.6052979209482015,-0.09728642733452197,-3044.5
2022-05-22 01:00:00,1.0974425575697233,6.542471960506805,-0.11228818888100012,-2605.1
2022-05-22 02:00:00,1.1397152942137585,6.46302945692067,-0.0926084295480667,-2516.4
2022-05-22 03:00:00,1.1072695873949017,6.3473892096560105,-0.13623679087163065,-2458.4
2022-05-22 04:00:00,1.1066914532873162,6.226536669287466,-0.1285504089251024,-2465.4
2022-05-22 05:00:00,1.0012624877558998,6.082218910376446,-0.11870756706518648,-2509.8
2022-05-22 06:00:00,0.6281367958564803,5.877735781779639,-0.1354483417285044,-2801.5
2022-05-22 07:00:00,0.6667152033951758,5.6131281063880705,-0.1506795457936949,-2820.0
2022-05-22 08:00:00,0.7359053132059761,5.389071729816501,-0.13140131127176247,-2915.5
2022-05-22 09:00:00,0.6880221527718553,5.3981627015177525,-0.10898185300263297,-2975.0
2022-05-22 10:00:00,0.7510229929569721,5.541263545158426,-0.0964249198952638,-3012.7
2022-05-22 11:00:00,0.695567762838103,5.697093486505405,-0.08437608036573785,-3019.2
2022-05-22 12:00:00,0.66143949890346,5.860786223465865,-0.05372647961080368,-3264.0
2022-05-22 13:00:00,0.746281608565496,5.948034989180646,-0.09164917447970566,-3248.6
2022-05-22 14:00:00,0.8160182655830428,5.966146739123692,-0.09842225098989044,-3263.5
2022-05-22 15:00:00,0.8581424984033785,5.996452088619021,-0.09081965487856802,-3249.1
2022-05-22 16:00:00,0.6308077296190473,6.07073772800249,-0.07673524875829063,-3340.1
2022-05-22 17:00:00,0.8873896741747109,6.173786103901937,-0.07743976421269494,-4186.1
2022-05-22 18:00:00,0.823260498721369,6.2422232654551655,-0.052408972559292444,-4201.1
2022-05-22 19:00:00,0.7603839858093875,6.318968113746434,-0.03211054681556291,-4210.4
2022-05-22 20:00:00,0.7020511438710151,6.436150368369428,-0.04355527454612851,-4175.8
2022-05-22 21:00:00,0.5569031442396288,6.639875833826536,-0.040753392894863794,-4222.3
2022-05-22 22:00:00,0.5996978050020494,6.8308742346461795,-0.053308956013239595,-4209.8
2022-05-22 23:00:00,0.7562600044214993,6.927557906278317,-0.07335784260031097,-4140.8
2022-05-23 00:00:00,1.1540968419921689,6.97166860472579,-0.05533242943408201,-4743.4
2022-05-23 01:00:00,1.3296194012953997,6.945051063725834,-0.06153246329578188,-4637.6
2022-05-23 02:00:00,1.4226797600366998,6.8690144506657065,-0.04529171567384882,-4580.1
2022-05-23 03:00:00,1.4897192917409336,6.7464121285733745,-0.05208658659997578,-4453.2
2022-05-23 04:00:00,1.4408575639073478,6.583409222158765,-0.046870898523833304,-4498.2
2022-05-23 05:00:00,1.2894094323272665,6.369900982828227,-0.03494476063921059,-4531.7
2022-05-23 06:00:00,1.3212107283551706,6.077642243349034,-0.00740596353244527,-4385.1
2022-05-23 07:00:00,1.17556117731663,5.616771097666572,-5.960222206358168e-05,-4170.7
2022-05-23 08:00:00,1.2119189625370899,5.583496308781699,0.006112431965703102,-4156.1
2022-05-23 09:00:00,1.2080465674921719,5.998936561946683,-0.020478576910142543,-4379.4
2022-05-23 10:00:00,1.2798772830891307,6.371611847231857,-0.024698526826145262,-4565.5
2022-05-23 11:00:00,1.2923879137295868,6.590301048196686,-0.04115649152345213,-4735.5
2022-05-23 12:00:00,1.2098090202186462,6.771935555839602,-0.026908143340876656,-4816.7
2022-05-23 13:00:00,1.2038632677114158,6.9363427358340495,-0.01115214358399097,-4878.0
2022-05-23 14:00:00,1.16151584306823,7.061334366910438,-0.0018134699558469691,-4946.8
2022-05-23 15:00:00,1.0745631887964064,7.160069207596127,-0.004802116779633714,-5015.6
2022-05-23 16:00:00,0.8899803842795837,7.21890970761906,-0.0012026854150963828,-5026.4
2022-05-23 17:00:00,0.719583117514313,7.218176838403408,-0.008964534382524647,-5017.4
2022-05-23 18:00:00,0.7176651297950336,7.155396301896734,-0.020580658128157125,-4999.2
2022-05-23 19:00:00,0.7584936603045831,7.088408778675395,-0.02572390762893928,-4987.6
2022-05-23 20:00:00,0.734017351187628,7.102499355774649,-0.017929792384983045,-4976.0
2022-05-23 21:00:00,0.621848443885237,7.232010331664759,-0.02911516822576221,-5054.0
2022-05-23 22:00:00,0.6541282868407832,7.357556200910353,-0.039518167145835115,-5082.0
2022-05-23 23:00:00,0.5967458352200015,7.40184157874383,-0.0472121590062331,-4784.7
2022-05-24 00:00:00,0.33193433028655095,7.409741954080923,-0.03426233239115817,-4352.8
2022-05-24 01:00:00,0.29438832667228354,7.351799869057777,-0.03259915047526096,-3995.8
2022-05-24 02:00:00,0.2939091160377312,7.2813856635702825,-0.038772006442981954,-3799.9
2022-05-24 03:00:00,0.276724071037703,7.189922170745808,-0.04885380403039008,-3663.1
2022-05-24 04:00:00,0.17859253689301946,7.084226422097916,-0.056651639691541966,-3513.4
2022-05-24 05:00:00,-0.16834071040128595,6.953684210870537,-0.0486359336790505,-3482.2
2022-05-24 06:00:00,0.2868341387658271,6.70196036600254,-0.02596056702015659,-4150.8
2022-05-24 07:00:00,0.8561155743044289,6.408528791059498,-0.017724877886983847,-4246.2
2022-05-24 08:00:00,0.7580121246745275,6.505784060128229,-0.02170119454913788,-4360.1
2022-05-24 09:00:00,0.6683152872158589,6.932447891572509,-0.02247451994593419,-4637.1
2022-05-24 10:00:00,0.23590718395574228,7.280008252884188,-0.035681947051814156,-4887.3
2022-05-24 11:00:00,-0.09532095001539753,7.473637108496206,-0.04070841799805347,-4917.9
2022-05-24 12:00:00,-0.30806642717318233,7.603897968521881,-0.042985497543737594,-5111.6
2022-05-24 13:00:00,-0.26394664727937833,7.693025748417888,-0.026232234523956954,-5100.5
2022-05-24 14:00:00,-0.3219836832974736,7.756623334538858,-0.032103272315010756,-5098.1
2022-05-24 15:00:00,-0.3408405149341953,7.818832443803404,-0.022906445574021994,-5192.5
2022-05-24 16:00:00,-0.36957556358284815,7.861341795599989,-0.020769588039581954,-5246.8
2022-05-24 17:00:00,-0.5106476610722472,7.877017895622398,-0.01963278680418057,-5240.6
2022-05-24 18:00:00,-0.40173391441444295,7.86480400332846,-0.03573441856277082,-4995.1
2022-05-24 19:00:00,-0.633696712287541,7.828038032125829,-0.03890982776852514,-4659.0
2022-05-24 20:00:00,-0.6346574676384389,7.830822995135316,-0.03315082035350159,-4607.5
2022-05-24 21:00:00,-0.6078878299808177,7.859413154693583,-0.04245974271704167,-4624.1
2022-05-24 22:00:00,-0.7487292901262736,7.878912912297133,-0.03233652034830925,-4630.0
2022-05-24 23:00:00,-1.189660433173287,7.889084407035514,-0.028276201664092504,-4534.5
2022-05-25 00:00:00,-0.19657867592792444,7.856319571406588,-0.043487550601012614,-4286.4
2022-05-25 01:00:00,-0.1072132254236342,7.840312983320164,-0.04245880487761333,-4241.5
2022-05-25 02:00:00,-0.06429478620782403,7.803026643632217,-0.05013436510376579,-4171.1
2022-05-25 03:00:00,-0.07797874828997386,7.741967899820685,-0.05876248055568123,-4075.6
2022-05-25 04:00:00,-0.08888726982520812,7.676473646389156,-0.07329456941124946,-3995.4
2022-05-25 05:00:00,-0.36511133965770126,7.615298339825815,-0.06979682699426615,-3915.3
2022-05-25 06:00:00,-0.604107921023032,7.544861068658458,-0.04885922075536264,-3836.6
2022-05-25 07:00:00,-0.7669894880019852,7.471363088187097,-0.035879115548086205,-3789.4
2022-05-25 08:00:00,-0.7770734233871877,7.421775793644647,-0.03637850344508742,-3907.0
2022-05-25 09:00:00,-0.4623314493205517,7.347299700743164,-0.03224014494593419,-3922.6
2022-05-25 10:00:00,-0.5580170553292159,7.3537223303996315,-0.03300380144738124,-3874.6
2022-05-25 11:00:00,-0.5681552118309985,7.333023014386481,-0.053331143517412194,-3809.3
2022-05-25 12:00:00,-0.4845898297154543,7.338238150065589,-0.04620085436040888,-3785.4
2022-05-25 13:00:00,-0.33016607523562547,7.331714969726466,-0.02255900949982248,-3750.1
2022-05-25 14:00:00,-0.22309883316883816,7.297091005160418,-0.024169555677386434,-3572.4
2022-05-25 15:00:00,-0.22537111529005172,7.236339342754344,-0.019490175260158615,-3364.6
2022-05-25 16:00:00,-0.16269325065493057,7.170119543449628,-0.017726311115571214,-3392.3
2022-05-25 17:00:00,0.17301902037399408,7.080867896690782,-0.015188708616572733,-3493.9
2022-05-25 18:00:00,-0.19354192772384415,6.963189985870238,-0.028874688013274863,-3763.7
2022-05-25 19:00:00,0.07669783352630777,6.849066282633458,-0.03389815846515987,-3781.9
2022-05-25 20:00:00,0.1577496315131528,6.76849321164863,-0.033216856178901466,-3785.0
2022-05-25 21:00:00,0.1950255787742874,6.778784897685177,-0.040883988158388895,-3817.5
2022-05-25 22:00:00,0.32789946316497964,6.807934943699926,-0.03253653009895707,-3856.6
2022-05-25 23:00:00,0.30801869797037007,6.840546529288687,-0.02658591631858709,-3861.6
2022-05-26 00:00:00,0.21847658816000104,7.00669522683704,0.08206175946900895,-3477.1
2022-05-26 01:00:00,0.08482605039601232,6.9975959829819265,0.06930851137905059,-3220.5
2022-05-26 02:00:00,0.01306513449018265,6.97166860472579,0.055737197433713526,-3102.4
2022-05-26 03:00:00,0.022246432440544694,6.921658184151129,0.04484285987905068,-3046.4
2022-05-26 04:00:00,0.03332527965600818,6.834108738813838,0.03478678506205313,-3072.4
2022-05-26 05:00:00,-0.15490929603884762,6.643789733147672,0.00296596690303641,-3256.2
2022-05-26 06:00:00,-0.28394966439337876,6.418364935936212,-0.044865977290654335,-3494.3
2022-05-26 07:00:00,-0.4583330257576841,6.214608098422191,-0.0766699706055265,-3625.9
2022-05-26 08:00:00,-0.5124599696106609,6.049733455231958,-0.06560006222865855,-3560.2
2022-05-26 09:00:00,-0.9779762927985893,5.886104031450156,-0.052412876085537796,-2306.6
2022-05-26 10:00:00,-1.7804404374216096,5.703782474656201,-0.0422708387845212,-1801.3
2022-05-26 11:00:00,-1.6234998685396604,5.5254529391317835,-0.04383849250600669,-1731.3
2022-05-26 12:00:00,-1.6483747010385756,5.37989735354046,-0.04700680122554601,-1652.6
2022-05-26 13:00:00,-1.6461130362020369,5.272999558563747,-0.04481964461530641,-1501.4
2022-05-26 14:00:00,-1.7355165979078477,5.25227342804663,-0.035636635197822564,-1327.9
2022-05-26 15:00:00,-1.7582787448662571,5.351858133476067,-0.01967365719405123,-1290.1
2022-05-26 16:00:00,-1.5413092614832,5.455321115357702,0.007712977518574249,-1456.7
2022-05-26 17:00:00,-0.35991024113159087,5.545177444479562,0.008885730985439544,-2186.6
2022-05-26 18:00:00,0.30459919954283476,5.707110264748875,0.02560916492401777,-3488.1
2022-05-26 19:00:00,0.2124428436100705,5.886104031450156,0.02680172378414003,-3661.8
2022-05-26 20:00:00,0.2808415950522609,6.042632833682381,0.007838365149019921,-3732.8
2022-05-26 21:00:00,0.2324126889105469,6.198478716492308,0.013654809601550078,-3730.5
2022-05-26 22:00:00,0.22781759673524649,6.411818267709897,0.035980986101915136,-3646.0
2022-05-26 23:00:00,0.3066702820108165,6.5638555265321274,0.05366618776772025,-3465.0
2022-05-27 00:00:00,0.021837245618663292,6.456769655572163,-0.0037723593962564195,-2943.5
2022-05-27 01:00:00,0.08429621145826882,6.535241271013659,-0.008198609918694366,-2907.1
2022-05-27 02:00:00,0.07650102792934543,6.60934924316738,0.0015088029972600836,-2933.4
2022-05-27 03:00:00,0.021142968640190496,6.633318433280377,0.010339818273323864,-2920.4
2022-05-27 04:00:00,-0.07017640686166216,6.630683385642372,-0.0006149917546318662,-2850.9
2022-05-27 05:00:00,-0.3044501353575848,6.595780513961311,-0.0099974471211155,-2904.3
2022-05-27 06:00:00,-0.4048414925577877,6.52649485957079,-0.025236169223888716,-3328.1
2022-05-27 07:00:00,-0.32395132289123696,6.455198563340122,-0.027875158365314512,-3646.5
2022-05-27 08:00:00,-0.378652766602507,6.4425401664681985,-0.004328291414005037,-3614.2
2022-05-27 09:00:00,-0.5169706274058798,6.45833828334479,0.013928828390818992,-3327.4
2022-05-27 10:00:00,-0.8965320773354657,6.504288173536645,0.014211137296932463,-2334.4
2022-05-27 11:00:00,-1.178740947119031,6.580639137284949,0.007087997015911007,-2191.9
2022-05-27 12:00:00,-1.1549879067723046,6.656726524178391,0.03374113213586938,-1908.8
2022-05-27 13:00:00,-1.3517444727633516,6.729824070489475,0.03654570228580045,-1887.4
2022-05-27 14:00:00,-1.3512398621216253,6.78105762593618,0.05439571957385869,-1908.2
2022-05-27 15:00:00,-1.436513131575334,6.852242569051878,0.05313128151977864,-1993.5
2022-05-27 16:00:00,-1.5624315081219444,6.950814768442584,0.04093170585185035,-1994.7
2022-05-27 17:00:00,-1.789623645806925,7.097548850614793,0.014065066093735368,-2146.3
2022-05-27 18:00:00,-1.4038558967312622,7.237778191923443,0.026757603916126804,-3164.1
2022-05-27 19:00:00,-0.5994373101222297,7.390798521735676,0.031168155761927885,-3630.7
2022-05-27 20:00:00,-0.61007661996653,7.529943370601589,0.02608601003142752,-3872.4
2022-05-27 21:00:00,-0.8176262573385524,7.661527081358517,0.032754287785126124,-4023.0
2022-05-27 22:00:00,-1.0494549657935135,7.769800996003896,0.033271074314235705,-4044.4
2022-05-27 23:00:00,-1.065887227417774,7.828436359157585,0.03939285828468986,-4045.5
2022-05-28 00:00:00,-0.9272202983562914,7.9909154630913255,-0.03633041323093966,-4379.6
2022-05-28 01:00:00,-1.091066187738246,7.974188669286011,-0.04090987720278427,-4324.3
2022-05-28 02:00:00,-1.2636832275635168,7.9561263512135,-0.042128045517685564,-4043.2
2022-05-28 03:00:00,-1.382731443031241,7.922623574217286,-0.043482114372529246,-3897.2
2022-05-28 04:00:00,-1.3100423563876016,7.878534196140362,-0.05378601990486409,-3847.2
2022-05-28 05:00:00,-1.6852485539120392,7.836764783264067,-0.06784348250284111,-3707.9
2022-05-28 06:00:00,-1.6302204307631256,7.799753318287247,-0.0845406251675449,-3633.0
2022-05-28 07:00:00,-2.118021968836164,7.768533300926033,-0.08787870941419573,-3504.9
2022-05-28 08:00:00,-2.4927077319463025,7.768110378525988,-0.08259987923012346,-3428.8
2022-05-28 09:00:00,-2.424326197071724,7.786136437783072,-0.07258297205854713,-3467.4
2022-05-28 10:00:00,-2.254100334225436,7.8050670442584895,-0.04815739190690227,-3533.6
2022-05-28 11:00:00,-1.9731212091086108,7.8160138391590275,-0.03442326863659417,-3562.4
2022-05-28 12:00:00,-1.873168752614818,7.821643126239982,-0.03141179853172815,-3576.2
2022-05-28 13:00:00,-1.82432324681511,7.827639546366422,-0.048986389260133656,-3613.2
2022-05-28 14:00:00,-1.6635006076104069,7.822044008185619,-0.03962533293545434,-3630.2
2022-05-28 15:00:00,-1.596742156337731,7.8156105320351905,-0.0426150399198697,-3608.1
2022-05-28 16:00:00,-1.4397165250729769,7.80710329012598,-0.03819966982807799,-3642.2
2022-05-28 17:00:00,-0.6765036486694891,7.798112628829788,-0.040851745874517675,-4174.8
2022-05-28 18:00:00,0.046754233965855985,7.783640596221253,-0.035487498241350224,-5125.5
2022-05-28 19:00:00,-0.02777021012863079,7.763446388727362,-0.04306498523472868,-5092.8
2022-05-28 20:00:00,0.009330887129339605,7.744136627627991,-0.03534514067049965,-5063.2
2022-05-28 21:00:00,0.05067588754931318,7.7354333524996886,-0.030774682486367944,-5018.3
2022-05-28 22:00:00,0.15988498931756068,7.7279755421055585,-0.04099356231127249,-4910.1
2022-05-28 23:00:00,0.242801544563938,7.707062655370473,-0.037205706453988796,-4757.8
2022-05-29 00:00:00,0.4828942241250127,7.5678626054638825,-0.07862336620259569,-4257.2
2022-05-29 01:00:00,0.47582636504798836,7.469083884921234,-0.0844533898875568,-3973.1
2022-05-29 02:00:00,0.454998359008167,7.351158226430694,-0.08306940650130734,-3778.2
2022-05-29 03:00:00,0.3741299349667586,7.217443431696533,-0.10062226086326742,-3593.3
2022-05-29 04:00:00,0.5380690498761047,7.044032897274685,-0.10276935526492803,-3495.4
2022-05-29 05:00:00,0.953149480943837,6.84587987526405,-0.09805421005340875,-3361.4
2022-05-29 06:00:00,1.0539451248595202,6.610696044717759,-0.10276569429814586,-3525.5
2022-05-29 07:00:00,1.0966588412176352,6.38856140554563,-0.10661955599966433,-3452.3
2022-05-29 08:00:00,1.1036135220873722,6.093569770045136,-0.09073594608850222,-3303.9
2022-05-29 09:00:00,1.140469606667073,5.799092654460526,-0.08604337037527454,-3245.0
2022-05-29 10:00:00,1.298085071137224,5.568344503761097,-0.07807578122706804,-3326.9
2022-05-29 11:00:00,1.323921612729222,5.4116460518550396,-0.06549389264440819,-3444.6
2022-05-29 12:00:00,1.5825640347183838,5.272999558563747,-0.038591055545702524,-3339.9
2022-05-29 13:00:00,1.6009329875916216,5.176149732573829,-0.07538865360792535,-3418.6
2022-05-29 14:00:00,1.6094454509234661,5.14166355650266,-0.07120968746500633,-3410.6
2022-05-29 15:00:00,1.556477758045102,5.111987788356544,-0.06313363662721905,-3439.2
2022-05-29 16:00:00,1.4322410434648787,5.111987788356544,-0.06450047937382752,-3445.7
2022-05-29 17:00:00,1.35640753131683,5.056245805348308,-0.08445241567204498,-3569.0
2022-05-29 18:00:00,1.3163141514280823,5.075173815233827,-0.06692702914632775,-3735.0
2022-05-29 19:00:00,1.2914085266140787,5.153291594497779,-0.0632572758123997,-3761.9
2022-05-29 20:00:00,1.2815575779574364,5.303304908059076,-0.061206785121450835,-3792.5
2022-05-29 21:00:00,1.31057111150607,5.493061443340548,-0.0599320629254354,-3764.6
2022-05-29 22:00:00,1.4193042061571197,5.683579767338681,-0.0688131425492049,-3539.6
2022-05-29 23:00:00,1.504695633697534,5.814130531825066,-0.06306363404714954,-3379.4
2022-05-30 00:00:00,1.5074897572686896,5.840641657373398,-0.0672996627567759,-3186.3
2022-05-30 01:00:00,1.4838478869970402,5.948034989180646,-0.07606426777502762,-3130.9
2022-05-30 02:00:00,1.4921969843405298,6.0063531596017325,-0.06964603962561355,-3139.8
2022-05-30 03:00:00,1.5242028365655234,5.996452088619021,-0.0712957827053442,-3152.5
2022-05-30 04:00:00,1.5093785403640343,6.0063531596017325,-0.06966823840644043,-3161.1
2022-05-30 05:00:00,1.3384361040017732,5.926926025970411,-0.06787858231045973,-3041.5
2022-05-30 06:00:00,1.1679692944847408,5.755742213586912,-0.04351096817456224,-2727.8
2022-05-30 07:00:00,1.0692533202337975,5.572154032177765,-0.04215181770736809,-2780.9
2022-05-30 08:00:00,1.040881567169964,5.438079308923196,-0.03451442156456874,-2895.9
2022-05-30 09:00:00,1.0669679692322669,5.389071729816501,-0.04732582694633081,-2927.2
2022-05-30 10:00:00,1.1775589062175316,5.356586274672012,-0.028377255683608382,-2933.0
2022-05-30 11:00:00,1.2861653853371537,5.420534999272286,-0.03931543546492389,-2975.1
2022-05-30 12:00:00,1.351176872686807,5.545177444479562,-0.03618751707011647,-3069.3
2022-05-30 13:00:00,1.4700075161885158,5.648974238161206,-0.023652306348222574,-3089.6
2022-05-30 14:00:00,1.5286950588131623,5.726847747587197,-0.010563525783310546,-3136.4
2022-05-30 15:00:00,1.494491902868881,5.802118375377063,-0.01797257996937862,-3178.3
2022-05-30 16:00:00,1.6669297749686693,5.84354441703136,-0.021744957715410074,-3191.3
2022-05-30 17:00:00,1.4859350538955463,5.855071922202427,-0.03008333169151367,-3461.2
2022-05-30 18:00:00,1.5180510197086665,5.8289456176102075,-0.04362905356444813,-3483.2
2022-05-30 19:00:00,1.4336585614853163,5.8289456176102075,-0.05028881445322142,-3459.2
2022-05-30 20:00:00,1.435799324497121,5.902633333401366,-0.042939111232950467,-3453.4
2022-05-30 21:00:00,1.4790254109138203,5.991464547107982,-0.04343832975731576,-3522.1
2022-05-30 22:00:00,1.6220258527939562,6.0844994130751715,-0.062430220636315426,-3493.9
2022-05-30 23:00:00,1.4310736496503687,6.142037405587356,-0.06992427792917866,-3490.2
2022-05-31 00:00:00,1.1197647011444123,6.45833828334479,-0.083700654733871,-3594.8
2022-05-31 01:00:00,0.4825578533486614,6.553933404025811,-0.08098349294242002,-3645.5
2022-05-31 02:00:00,0.33340732433662756,6.660575149839686,-0.08529202207787545,-3541.9
2022-05-31 03:00:00,0.29087454048048755,6.742880635791903,-0.09049436107470665,-3506.0
2022-05-31 04:00:00,0.26156089066695687,6.818924065275521,-0.10234290111270905,-3643.3
2022-05-31 05:00:00,0.487490059313199,6.851184927493743,-0.0963705735371212,-4069.5
2022-05-31 06:00:00,1.0001144952846213,6.840546529288687,-0.0776325775644775,-4198.8
2022-05-31 07:00:00,0.9896389812074213,6.811244378601294,-0.06352496145236586,-4345.6
2022-05-31 08:00:00,0.9315075523807819,6.799055862058796,-0.05455086356742456,-4436.1
2022-05-31 09:00:00,0.9678586714393766,6.810142450115136,-0.049305397742891444,-4398.1
2022-05-31 10:00:00,1.0937075228625046,6.831953565565855,-0.042478389648228365,-4331.4
2022-05-31 11:00:00,0.9591399941903074,6.8690144506657065,-0.03575177835812582,-4361.9
2022-05-31 12:00:00,1.0712574487351745,6.902742737158593,-0.03554590960361459,-4328.3
2022-05-31 13:00:00,1.3598435587940658,6.9411900550683745,-0.018694510392530006,-4281.2
2022-05-31 14:00:00,1.3254213380139142,6.966967138613983,-0.02253382129886017,-4238.0
2022-05-31 15:00:00,1.1429216610446131,7.010311867307229,-0.022268893751342667,-4370.1
2022-05-31 16:00:00,1.0346659913270742,7.087573705557973,-0.027094719816550317,-4438.6
2022-05-31 17:00:00,0.7150593674468189,7.154615356913663,-0.045347593483588966,-4535.0
2022-05-31 18:00:00,0.7120474962865808,7.1929342212158,-0.04991905355472781,-4504.2
2022-05-31 19:00:00,0.618283477302886,7.242797922793756,-0.05769884827015659,-4612.5
2022-05-31 20:00:00,0.566226347656487,7.29641326877392,-0.06247843544802212,-4624.0
2022-05-31 21:00:00,0.13977497218873225,7.373374309910049,-0.08173267655494776,-4664.4
2022-05-31 22:00:00,-0.11832457771521465,7.443078374348516,-0.08175435834618128,-4457.1
2022-05-31 23:00:00,-0.3412242687360232,7.4999765409521215,-0.08855676705187943,-4399.1
2022-06-01 00:00:00,-0.6867201324137957,7.668561108015897,-0.012764517624559879,-4294.4
2022-06-01 01:00:00,-0.6299507264374022,7.595889917718538,-0.009765828365557283,-4032.6
2022-06-01 02:00:00,-0.5948693417956834,7.5256399750415355,-0.012869862200663995,-3881.2
2022-06-01 03:00:00,-0.5213882606183313,7.432483807917119,-0.020886125973178515,-3829.9
2022-06-01 04:00:00,-0.5301641783817677,7.327123292259293,-0.026123271238908785,-3749.7
2022-06-01 05:00:00,-0.0012479868704762254,7.257002707092073,-0.016486158282133623,-3888.9
2022-06-01 06:00:00,0.6781054769956318,7.186144304522325,0.012483922903818723,-4202.8
2022-06-01 07:00:00,0.7537498679963806,7.111512116496157,0.03770852678237446,-4264.9
2022-06-01 08:00:00,0.6675113431738522,7.068172000388042,0.038175535895832446,-4347.0
2022-06-01 09:00:00,0.6393636545327013,6.9985096422506015,0.038955380470730105,-4326.3
2022-06-01 10:00:00,0.5688754038361221,6.950814768442584,0.03918866228514162,-4229.7
2022-06-01 11:00:00,0.6285289626007877,6.926577033222725,0.03843616926885396,-4225.2
2022-06-01 12:00:00,0.7865840268934416,6.954638864880987,0.025926088631765154,-4190.5
2022-06-01 13:00:00,0.9734559764377142,7.009408932708637,0.052904300781459135,-4122.2
2022-06-01 14:00:00,1.0125491363462897,7.064759027791802,0.028156428254740185,-4150.0
2022-06-01 15:00:00,1.0153079231082778,7.097548850614793,0.033992953435699746,-4228.3
2022-06-01 16:00:00,1.0593654604048952,7.163946684342547,0.03154524598384878,-4358.0
2022-06-01 17:00:00,0.981442506565906,7.207118856207756,0.03426262249956924,-4460.9
2022-06-01 18:00:00,0.8606187677347208,7.2254814727822945,0.0262842476204197,-4566.3
2022-06-01 19:00:00,0.9476026751429361,7.2640301428995295,0.03020961021660984,-4709.9
2022-06-01 20:00:00,0.6656667482942824,7.321849713788356,0.03301944135401236,-4768.3
2022-06-01 21:00:00,0.6788303813234453,7.370230641807081,0.023953038877174038,-4851.2
2022-06-01 22:00:00,0.7876154523029513,7.399398083331354,0.019907385384725806,-4845.3
2022-06-01 23:00:00,0.9414070195489952,7.368339686311381,0.004168546078799018,-4822.6
2022-06-02 00:00:00,1.251882502008118,7.364547014255642,-0.0025252324417115446,-4813.8
2022-06-02 01:00:00,1.4909825567991843,7.284820912568604,0.0013984988444679658,-4764.5
2022-06-02 02:00:00,1.5820353293007674,7.1891677384203225,0.005767314894844056,-4656.0
2022-06-02 03:00:00,1.5466063623822102,7.062191632286556,0.003646002146485472,-4559.2
2022-06-02 04:00:00,1.5517610403223667,6.8966943316227125,0.002849486839693327,-4623.4
2022-06-02 05:00:00,1.482908309892415,6.729824070489475,0.017307470740996145,-4689.8
2022-06-02 06:00:00,1.0108418316642167,6.577861357721047,0.041940463481679124,-4445.6
2022-06-02 07:00:00,1.0922455480569173,6.434546518787453,0.05700790006886436,-4231.0
2022-06-02 08:00:00,0.9926527461308856,6.401917196727186,0.0493213817121303,-4239.2
2022-06-02 09:00:00,0.8959104500353758,6.4425401664681985,0.043329814032212255,-4231.8
2022-06-02 10:00:00,0.8819795047246002,6.504288173536645,0.033742318220751244,-4186.1
2022-06-02 11:00:00,1.0341925275375399,6.523562306149512,0.045561560839277426,-4178.4
2022-06-02 12:00:00,0.9970579551395709,6.542471960506805,0.018040778230324683,-4202.8
2022-06-02 13:00:00,1.1042496703609448,6.569481420414296,0.02238513834946776,-4171.2
2022-06-02 14:00:00,1.131998432717535,6.573680166960646,0.009774265530730908,-4127.4
2022-06-02 15:00:00,1.1039774450485886,6.60934924316738,0.016648996575638897,-4107.3
2022-06-02 16:00:00,0.8571035206670023,6.610696044717759,0.01742274498223484,-4112.4
2022-06-02 17:00:00,0.8298630377300329,6.588926477533519,0.023067952780179368,-4110.1
2022-06-02 18:00:00,0.8026890803954574,6.587550014824796,0.025563996866709182,-4026.4
2022-06-02 19:00:00,0.7697241840308626,6.655440350367647,0.04033459721082,-4030.9
2022-06-02 20:00:00,0.7444251022339561,6.866933284461882,0.039196897200714176,-4016.5
2022-06-02 21:00:00,0.579533435850724,7.115582126184454,0.026685473293017736,-4142.1
2022-06-02 22:00:00,0.07676196200730212,7.325807502595773,0.026998845999521848,-4250.0
2022-06-02 23:00:00,-0.06691861569106505,7.4949862339505335,0.014936886600653843,-4304.2
2022-06-03 00:00:00,-0.08593225593235854,7.700747794511798,-0.011055104813535443,-4366.5
2022-06-03 01:00:00,-0.30850907886274204,7.763871287820222,0.014949529562938935,-4468.2
2022-06-03 02:00:00,-0.2726974176473078,7.786136437783072,0.007385228408422151,-4524.5
2022-06-03 03:00:00,-0.2826285812284208,7.789454566086673,-0.007200007044040113,-4545.6
2022-06-03 04:00:00,-0.3927134833907777,7.769378609513984,-0.00937109935489655,-4610.0
2022-06-03 05:00:00,0.1737263816510075,7.7142311448490855,-0.002626841311713868,-4833.5
2022-06-03 06:00:00,0.24946570416997194,7.618742377670413,0.018611180773484115,-4754.6
2022-06-03 07:00:00,-0.005531835642066607,7.489970898834801,0.03763512075710551,-4305.4
2022-06-03 08:00:00,-0.02965973298833502,7.416378479192928,0.036321053572313744,-4283.4
2022-06-03 09:00:00,0.08503275979713587,7.405495663199472,0.027558670109344874,-4263.8
2022-06-03 10:00:00,0.04218419540085838,7.404887575616125,0.03558460622283377,-4454.0
2022-06-03 11:00:00,0.009917575749196939,7.4127640174265625,0.028810533220599233,-4515.3
2022-06-03 12:00:00,0.054147253126550776,7.454719949364001,0.0172664908279323,-4615.6
2022-06-03 13:00:00,0.11939189018149365,7.490529402060711,0.0162714868592575,-4721.0
2022-06-03 14:00:00,0.20669496190238856,7.508238774678663,0.016384015546168307,-4761.9
2022-06-03 15:00:00,0.08846334647621923,7.532623618788788,0.0305071437247193,-4830.6
2022-06-03 16:00:00,-0.028093763136187277,7.550661243105336,0.0266922201517259,-4969.1
2022-06-03 17:00:00,0.21883766864509102,7.609862200913554,0.01327526918525379,-5222.3
2022-06-03 18:00:00,0.05579881496432382,7.643961949002529,0.014478083380705442,-5364.1
2022-06-03 19:00:00,-0.017547246058013055,7.665284718471351,0.018700001924072396,-5418.1
2022-06-03 20:00:00,-0.008895717821374216,7.709308333385869,0.01574397349715362,-5409.2
2022-06-03 21:00:00,0.07471139445777242,7.795234929002173,0.008419044645316731,-5376.3
2022-06-03 22:00:00,0.1779731218687597,7.907651594711089,0.005579938077261204,-5356.3
2022-06-03 23:00:00,0.1728896027620599,7.994632311431825,0.0016117554148458169,-5407.2
2022-06-04 00:00:00,-0.2240052562790371,8.069029328774958,-0.006251191996089922,-5488.4
2022-06-04 01:00:00,-0.263177734369211,8.098338846189057,-0.001711096914550403,-5418.5
2022-06-04 02:00:00,-0.2814665396822953,8.092239406724211,-0.0015811758702017897,-5356.5
2022-06-04 03:00:00,-0.25120647808807517,8.05579245097777,-0.01604642889056862,-5294.2
2022-06-04 04:00:00,-0.18971389151653328,8.00202481821611,-0.020924253267702753,-5243.2
2022-06-04 05:00:00,-0.3546166690419028,7.925157512224703,-0.021004603574882097,-5251.6
2022-06-04 06:00:00,-0.1789258376986802,7.879669914604289,-0.03118316051917791,-5345.8
2022-06-04 07:00:00,-0.24991712485804962,7.884199933676039,-0.024596713595626873,-5362.5
2022-06-04 08:00:00,-0.3178777508914199,7.85979918056211,-0.023442923187324105,-5300.8
2022-06-04 09:00:00,-0.24481160466472618,7.785305182539862,-0.021894015498955532,-5209.8
2022-06-04 10:00:00,-0.03468296263974002,7.699389406256737,-0.015630661547040958,-5109.4
2022-06-04 11:00:00,0.20408248741835822,7.638198244285779,0.005506902101299893,-5011.2
2022-06-04 12:00:00,-0.8533837481385316,7.600902459542082,-0.008844012259885403,-4218.1
2022-06-04 13:00:00,-0.779554918641852,7.591357046698551,-0.023460897849689744,-4217.4
2022-06-04 14:00:00,-0.6341318974666299,7.569411792450712,-0.03843515817700904,-4198.4
2022-06-04 15:00:00,-0.5875594411491254,7.537962659768208,-0.03830235139367133,-4156.1
2022-06-04 16:00:00,-0.6770937125453917,7.5126175446745105,-0.023842814916904764,-4103.7
2022-06-04 17:00:00,-0.7057632580878423,7.513163545234075,-0.015668808519697208,-4052.3
2022-06-04 18:00:00,-0.719600941853312,7.495541943884256,-0.014436314927363192,-4002.4
2022-06-04 19:00:00,-0.5927387056459548,7.441906728051625,-0.018118559654948463,-3913.7
2022-06-04 20:00:00,-0.4773585400590492,7.388946097618437,0.014771873728654406,-3799.8
2022-06-04 21:00:00,-0.42159053318214434,7.358830898342354,0.026021326995202543,-3693.1
2022-06-04 22:00:00,-0.43205706765666374,7.383989457978509,0.016861794039897404,-3682.3
2022-06-04 23:00:00,-0.7084397025156015,7.430114138561801,0.004907254679431539,-3688.3
2022-06-05 00:00:00,-1.146375523376555,7.591357046698551,0.02928102774512098,-4132.8
2022-06-05 01:00:00,-1.003342694629168,7.641084249174914,0.03583219598949228,-3996.6
2022-06-05 02:00:00,-0.9400551858733448,7.620705086838262,0.03175661386473205,-3968.5
2022-06-05 03:00:00,-0.9510381578179947,7.544861068658458,0.024797402164043802,-3879.0
2022-06-05 04:00:00,-1.0033158741231438,7.438383530044307,0.03583649404473466,-3778.9
2022-06-05 05:00:00,-1.3060993395996627,7.351799869057777,0.042217217227520365,-4103.1
2022-06-05 06:00:00,-1.4330395251545944,7.349230824613334,0.046944035373681636,-4097.0
2022-06-05 07:00:00,-1.4482948146896737,7.411556287811163,0.05363592513806381,-4407.1
2022-06-05 08:00:00,-1.5048369639718349,7.515889085215125,0.04447518312840071,-4645.5
2022-06-05 09:00:00,-1.570815790473847,7.6251071482389,0.03343505704641547,-4789.1
2022-06-05 10:00:00,-1.5155332274488762,7.729735331385051,0.03225435375261476,-5006.3
2022-06-05 11:00:00,-1.5188883868114962,7.789868559054706,0.03867067970326943,-5043.0
2022-06-05 12:00:00,-1.267193151212496,7.830822995135316,0.024336190548047476,-4829.9
2022-06-05 13:00:00,-1.2746185933969785,7.866338923046544,0.008412028931906512,-4900.2
2022-06-05 14:00:00,-1.2152482054005849,7.881559917056899,0.005523309349103833,-4838.6
2022-06-05 15:00:00,-1.280924271179643,7.876638460975463,0.013862869738157535,-4802.3
2022-06-05 16:00:00,-1.3121077352058852,7.8655717576847906,0.004911114538964867,-4832.8
2022-06-05 17:00:00,-0.957785637628151,7.853216388156072,-0.0034664714426977383,-4782.3
2022-06-05 18:00:00,-0.4732222872064846,7.820840879907344,0.006242644905200656,-4872.4
2022-06-05 19:00:00,-0.41080821794461686,7.753623546559746,0.017710636586756756,-4842.4
2022-06-05 20:00:00,-0.29767846902236883,7.632885505395133,0.0316206714495646,-4613.0
2022-06-05 21:00:00,-0.14546024720427164,7.482681828154651,0.03748228397605491,-4374.7
2022-06-05 22:00:00,-0.06122329048269437,7.326465613840322,0.03534662711002845,-4151.6
2022-06-05 23:00:00,-0.2872963936953159,7.1929342212158,0.039882376590368196,-3716.3
2022-06-06 00:00:00,0.24811913010118403,7.037905963447182,0.14683554103284546,-3556.4
2022-06-06 01:00:00,0.259351559435129,6.937314081223682,0.14066856082802737,-3407.3
2022-06-06 02:00:00,0.39228846573404574,6.731018100482083,0.13532385920987888,-3290.9
2022-06-06 03:00:00,0.4359397949357988,6.484635235635252,0.12357400079049263,-3245.3
2022-06-06 04:00:00,0.5590448792818297,6.22455842927536,0.12482796633152571,-3227.5
2022-06-06 05:00:00,0.41241079659906354,5.908082938168931,0.10169433229868918,-3296.0
2022-06-06 06:00:00,0.42182644433823624,5.605802066295998,0.04701723732045693,-3464.5
2022-06-06 07:00:00,0.6261513475463523,5.484796933490655,0.008995255651156775,-3668.8
2022-06-06 08:00:00,0.47086565561515714,5.627621113690637,0.016260440877609916,-3694.4
2022-06-06 09:00:00,0.07066560816254697,5.932245187448011,0.017476316512756718,-3553.9
2022-06-06 10:00:00,-0.506632466374259,6.280395838960195,0.030918409234574895,-3933.6
2022-06-06 11:00:00,-1.2548667616567246,6.595780513961311,0.017089852220555812,-4005.8
2022-06-06 12:00:00,-1.6910119350093855,6.836259277277067,0.00455290243838391,-3821.7
2022-06-06 13:00:00,-1.6103185002446283,7.004881989712859,0.0392133817501481,-3941.3
2022-06-06 14:00:00,-1.5310413204269784,7.1316985104669115,0.03482649733411414,-4066.4
2022-06-06 15:00:00,-1.223490293527096,7.186901020411631,0.03276640341494641,-4131.0
2022-06-06 16:00:00,-0.8095196552186539,7.228388451573604,0.04727782971646466,-4358.1
2022-06-06 17:00:00,0.2998728008695548,7.243512974665482,0.05773951770664709,-4793.1
2022-06-06 18:00:00,0.1423303036044472,7.233455418621439,0.0640217562598222,-4736.9
2022-06-06 19:00:00,0.1311812812737747,7.199678345691172,0.06115624569699829,-4684.6
2022-06-06 20:00:00,-0.13602636839771698,7.271703706887368,0.0632919304942332,-4658.8
2022-06-06 21:00:00,-0.16322086979553152,7.438971592395862,0.10363071099991927,-4625.5
2022-06-06 22:00:00,-0.15536474670267708,7.584264818389059,0.12126097001191738,-4716.2
2022-06-06 23:00:00,-0.40853660588317053,7.63433723562832,0.12781804677713282,-4666.5
2022-06-07 00:00:00,-0.05526874833476425,7.549082710812286,0.02861086714380523,-4311.6
2022-06-07 01:00:00,-0.007379032640560279,7.417580402414544,0.04139638459143047,-3988.6
2022-06-07 02:00:00,0.26363470074988093,7.277938572945661,0.0385776800944706,-3816.7
2022-06-07 03:00:00,0.39908408902648906,7.103322062526113,0.030236086228878634,-3678.4
2022-06-07 04:00:00,0.3862635311208811,6.901737206656574,0.028238829117937847,-3587.5
2022-06-07 05:00:00,0.6040453498842497,6.628041376179533,0.02692051045630084,-3880.5
2022-06-07 06:00:00,1.034635882285933,6.251903883165888,0.016294824637936856,-4085.0
2022-06-07 07:00:00,1.1854105721934962,5.84354441703136,0.0009521299491881408,-4087.5
2022-06-07 08:00:00,1.2180992918005256,5.564520407322694,-0.013161844390868538,-4205.1
2022-06-07 09:00:00,1.1761093629570016,5.389071729816501,-0.01852055208348613,-4201.0
2022-06-07 10:00:00,1.150973784266947,5.25227342804663,-0.03158062142531737,-4168.6
2022-06-07 11:00:00,1.1385616377306889,5.2574953720277815,-0.01920062194884231,-4140.2
2022-06-07 12:00:00,1.1729054347561005,5.37989735354046,-0.04762978486342018,-4077.8
2022-06-07 13:00:00,1.293719953705124,5.529429087511423,-0.01674588626036222,-4091.8
2022-06-07 14:00:00,1.310361077339242,5.662960480135946,-0.026318103623971467,-4139.4
2022-06-07 15:00:00,1.2601304170023209,5.762051382780177,-0.016665012193307405,-4139.0
2022-06-07 16:00:00,1.2622479524624914,5.834810737062605,-0.018161765134731667,-4180.2
2022-06-07 17:00:00,1.2263593695465138,5.8805329864007,-0.01441129153379972,-4245.3
2022-06-07 18:00:00,1.2625990640147853,5.948034989180646,-0.01698226300675909,-4378.0
2022-06-07 19:00:00,1.4065299253003287,6.0112671744041615,-0.0064496260178383835,-4427.6
2022-06-07 20:00:00,1.4449399840479105,6.133398042996649,0.010451985541648057,-4450.1
2022-06-07 21:00:00,1.2941610028694246,6.306275286948016,0.0034469050815530977,-4426.9
2022-06-07 22:00:00,1.408683777573029,6.448889394146858,0.005623616720189517,-4371.7
2022-06-07 23:00:00,1.5228364115282673,6.504288173536645,0.010020291684267768,-4252.2
2022-06-08 00:00:00,1.6386796383464213,6.450470422144176,0.009998225429304064,-4268.3
2022-06-08 01:00:00,1.5557999748418698,6.398594934535208,0.02500012947765562,-4001.6
2022-06-08 02:00:00,1.5700795910285459,6.371611847231857,0.025864646980477524,-3879.5
2022-06-08 03:00:00,1.4680271294037857,6.385194398997726,0.01971273608515922,-3839.9
2022-06-08 04:00:00,1.23229595786366,6.376726947898627,0.01626926159355957,-3856.7
2022-06-08 05:00:00,1.0656630825803894,6.335054251498059,0.01692621327540067,-4083.6
2022-06-08 06:00:00,1.1693194169958652,6.1779441140506,0.012483922903818723,-4584.0
2022-06-08 07:00:00,1.0895950667239616,5.908082938168931,0.007451954205817124,-4566.4
2022-06-08 08:00:00,1.15469711825597,5.786897381366708,0.0030181171344096924,-4582.0
2022-06-08 09:00:00,1.1872831134823363,5.8664680569332965,0.00716710092556383,-4647.9
2022-06-08 10:00:00,1.170249716665805,6.037870919922137,0.006726386140480933,-4674.1
2022-06-08 11:00:00,1.181126983605802,6.150602768446279,0.010527381151777426,-4685.0
2022-06-08 12:00:00,1.2459375453639403,6.2166061010848646,-0.004445009244533615,-4678.0
2022-06-08 13:00:00,1.3960145102860668,6.285998094508865,0.034130282537262246,-4697.4
2022-06-08 14:00:00,1.4336873949663733,6.298949246855942,0.018647640285712974,-4727.1
2022-06-08 15:00:00,1.2692969689330713,6.313548046277095,0.02319577010543572,-4625.0
2022-06-08 16:00:00,1.246735563641277,6.317164686747284,0.0181820181716823,-4663.9
2022-06-08 17:00:00,1.2076186225518217,6.263398262591624,0.017648821836914408,-4725.2
2022-06-08 18:00:00,1.1727797147654266,6.161207321695077,0.009970672128896574,-4731.4
2022-06-08 19:00:00,1.1823804137384863,6.025865973825314,0.017754516397629594,-4813.8
2022-06-08 20:00:00,1.1930683574243366,5.958424693029782,0.01975664747560213,-4752.2
2022-06-08 21:00:00,1.2103008706835476,5.955837369464831,0.011724625629499386,-4675.9
2022-06-08 22:00:00,1.3614943658891292,5.996452088619021,0.00878070591996849,-4683.2
2022-06-08 23:00:00,1.3383566520358867,6.0063531596017325,0.01432091754281739,-4568.7
2022-06-09 00:00:00,1.6812652175899947,5.820082930352362,0.020934034823855363,-4448.6
2022-06-09 01:00:00,1.7847211146532338,5.783825182329737,0.026872666769659048,-4129.2
2022-06-09 02:00:00,1.8429424525456826,5.783825182329737,0.028222768698681122,-4102.6
2022-06-09 03:00:00,1.8512205586361485,5.808142489980444,0.02235270509066911,-4106.3
2022-06-09 04:00:00,1.7348056743127342,5.8664680569332965,0.021614697365197166,-4162.6
2022-06-09 05:00:00,1.4334838198204798,5.877735781779639,0.02786563820239074,-4300.1
2022-06-09 06:00:00,1.2722755524235172,5.849324779946859,0.025365498387466268,-4563.2
2022-06-09 07:00:00,1.1211928507673363,5.805134968916488,0.021577463089363924,-4561.3
2022-06-09 08:00:00,1.1759357784266564,5.733341276897746,0.016510867592932854,-4631.9
2022-06-09 09:00:00,1.2090116153128942,5.666426688112432,0.015724547940323852,-4575.1
2022-06-09 10:00:00,1.2578378329642614,5.568344503761097,0.014152434250552126,-4580.5
2022-06-09 11:00:00,1.434258533122975,5.44673737166631,0.037351852588038525,-4558.6
2022-06-09 12:00:00,1.4508181268119218,5.37989735354046,0.012313750168520876,-4536.0
2022-06-09 13:00:00,1.4862228806652036,5.356586274672012,0.023671312160211677,-4491.1
2022-06-09 14:00:00,1.4770530067196024,5.2832037287379885,0.014986003711926266,-4405.5
2022-06-09 15:00:00,1.410430204490929,5.225746673713202,0.01207531986707,-4375.4
2022-06-09 16:00:00,1.4260989921235634,5.181783550292085,0.0023256417004153818,-4440.5
2022-06-09 17:00:00,1.397963377226736,5.1647859739235145,-0.004474771857402082,-4508.1
2022-06-09 18:00:00,1.440975246322477,5.153291594497779,-0.009832018778444862,-4558.9
2022-06-09 19:00:00,1.5332049262182474,5.123963979403259,-0.0024813069876881144,-4602.1
2022-06-09 20:00:00,1.4342418174702543,5.159055299214529,0.0006656015170003471,-4577.8
2022-06-09 21:00:00,1.4549185496776937,5.247024072160486,-0.0044266109089381445,-4618.4
2022-06-09 22:00:00,1.4719020541913643,5.3706380281276624,-0.0025807753345183926,-4587.8
2022-06-09 23:00:00,1.5675887295138944,5.4680601411351315,0.005430416469825339,-4543.3
2022-06-10 00:00:00,1.8177548797470942,5.5134287461649825,-0.007219273489663891,-4337.9
2022-06-10 01:00:00,1.911099679771323,5.560681631015528,0.020295094029358474,-4237.6
2022-06-10 02:00:00,1.9715291030439754,5.541263545158426,0.02129580820394672,-4211.3
2022-06-10 03:00:00,1.8355598106475242,5.455321115357702,0.013952367961186596,-4185.7
2022-06-10 04:00:00,1.742169312379212,5.389071729816501,0.014122541886492535,-4236.4
2022-06-10 05:00:00,1.4956133360120791,5.313205979041787,0.01640685092158911,-4455.6
2022-06-10 06:00:00,1.255393828113907,5.181783550292085,0.010184164611604096,-4753.2
2022-06-10 07:00:00,1.178670676455904,5.0689042022202315,0.0061983473335409656,-4760.8
2022-06-10 08:00:00,1.2566861686162847,5.204006687076795,-0.0012989389150268593,-4771.3
2022-06-10 09:00:00,1.2745358130282307,5.4680601411351315,-0.008091190361448675,-4830.5
2022-06-10 10:00:00,1.3573849172099104,5.703782474656201,-0.005809396321129867,-4884.9
2022-06-10 11:00:00,1.3068869872713655,5.8888779583328805,-0.0024719409939129022,-4945.2
2022-06-10 12:00:00,1.3885560553310974,6.040254711277414,-0.005410217843097698,-4956.8
2022-06-10 13:00:00,1.4194997300087842,6.173786103901937,0.007060895428980807,-5028.1
2022-06-10 14:00:00,1.4750648746526576,6.2324480165505225,0.00842113339127426,-5038.2
2022-06-10 15:00:00,1.371765031619769,6.285998094508865,0.019889923883847693,-4991.4
2022-06-10 16:00:00,1.0554987177896367,6.3473892096560105,0.020025528793536473,-5084.4
2022-06-10 17:00:00,0.6197340752351881,6.439350371100098,0.012607043300047138,-4612.3
2022-06-10 18:00:00,0.6372289909575102,6.523562306149512,0.006325864319155272,-4502.6
2022-06-10 19:00:00,0.5899360276640575,6.586171654854675,0.0034958389636381426,-4426.9
2022-06-10 20:00:00,0.5358639686063045,6.721425700790643,0.0038014360539007086,-4383.1
2022-06-10 21:00:00,0.45718076452677536,6.926577033222725,-0.0030588431993701093,-4395.5
2022-06-10 22:00:00,0.4954977247523842,7.142036574706803,-0.0009584070462009819,-4398.6
2022-06-10 23:00:00,0.5366272193616544,7.275864600546533,0.00828091685112664,-4304.9
2022-06-11 00:00:00,0.3445099271389114,7.344072850573066,0.006066130781489321,-4737.3
2022-06-11 01:00:00,0.12930461536978743,7.3537223303996315,0.010808628430376999,-4476.2
2022-06-11 02:00:00,-0.05673442568294762,7.336285660021297,0.013421079444285944,-4363.3
2022-06-11 03:00:00,0.015492869032310619,7.31455283232408,0.0041074172984121304,-4323.8
2022-06-11 04:00:00,-0.05198809135667526,7.301147805856032,-0.00042333027176955085,-4334.8
2022-06-11 05:00:00,-0.27970856505908115,7.257707677160043,-0.0028821965707335195,-4368.0
2022-06-11 06:00:00,0.16132163209810457,7.190676034332207,-0.007537541943830384,-4559.7
2022-06-11 07:00:00,0.27735427357795395,7.1770187659099,-0.0112054146230669,-4784.7
2022-06-11 08:00:00,0.162857560985743,7.252762418053187,-0.021936898806285576,-4873.1
2022-06-11 09:00:00,-0.08453759489378765,7.374001859350161,-0.03360718016260833,-4886.4
2022-06-11 10:00:00,-0.3543286119261837,7.48324441607385,-0.03962308829026284,-4798.8
2022-06-11 11:00:00,-0.5852486169945088,7.560601162768557,-0.019257655523096773,-4760.1
2022-06-11 12:00:00,-0.6611270695012266,7.592870287844818,-0.03817162735440505,-4816.0
2022-06-11 13:00:00,-0.6868551567233894,7.607381425639791,-0.04868478707363799,-4765.8
2022-06-11 14:00:00,-1.234497344575609,7.58629630715272,-0.04976030753406313,-4398.3
2022-06-11 15:00:00,-0.6993903508130641,7.5411524551363085,-0.042085935173310496,-4590.9
2022-06-11 16:00:00,-0.6698050505406865,7.491645473605133,-0.040848770038634186,-4560.3
2022-06-11 17:00:00,-0.7161126389498458,7.415776975415394,-0.034523609283326984,-4475.6
2022-06-11 18:00:00,-0.7971883079280113,7.315218389752975,-0.03050678495997161,-4418.0
2022-06-11 19:00:00,-0.7582824844072511,7.207118856207756,-0.03149171586680666,-4247.9
2022-06-11 20:00:00,-0.7006132580678317,7.140453043101158,-0.007255448589636337,-4171.0
2022-06-11 21:00:00,-0.40958352786842056,7.072421900537371,-0.004250456629899979,-4172.7
2022-06-11 22:00:00,-0.5076299195859995,7.060476365999801,-0.010166878348022657,-4039.7
2022-06-11 23:00:00,-0.7156495390823512,7.098375638590786,-0.0012230327179638678,-3920.6
2022-06-12 00:00:00,-0.6147295402032098,7.116394144093465,0.009156509567169735,-3906.2
2022-06-12 01:00:00,-0.5804858438091345,7.112327444710911,0.017911965755922132,-3749.0
2022-06-12 02:00:00,-0.6014262266332513,7.0825485693553,0.01521429099541649,-3676.4
2022-06-12 03:00:00,-0.6361558590670571,7.014814351275545,0.008822621556309862,-3599.2
2022-06-12 04:00:00,-0.6169444248305593,6.917705609835305,0.018988923472122998,-3552.2
2022-06-12 05:00:00,-0.7626484885175953,6.78897174299217,0.021399812143997998,-3660.4
2022-06-12 06:00:00,-0.73007724126199,6.664409020350408,0.02102974660821122,-3715.4
2022-06-12 07:00:00,-0.4114577881758117,6.576469569048224,0.026278595926529924,-3822.7
2022-06-12 08:00:00,-0.20258319039803796,6.5638555265321274,0.015701527124320158,-3848.0
2022-06-12 09:00:00,-0.18990582764519015,6.6293632534374485,0.006055825220474986,-3919.1
2022-06-12 10:00:00,-0.13823982718796168,6.695798917058491,0.007984782838156512,-3958.6
2022-06-12 11:00:00,-0.18151765072383785,6.721425700790643,0.02013843157434181,-3905.5
2022-06-12 12:00:00,-0.30754472028021684,6.755768921984255,0.013548599419050511,-3757.0
2022-06-12 13:00:00,-1.3425795214554233,6.78897174299217,0.009134311375730952,-3216.3
2022-06-12 14:00:00,-1.8582595735361749,6.825460036255307,0.00915307739968263,-3116.3
2022-06-12 15:00:00,-0.9113520861320854,6.813444599510896,0.01963489153527931,-3464.7
2022-06-12 16:00:00,-0.14674638760753878,6.822197390620491,0.01973665964519089,-3945.5
2022-06-12 17:00:00,-0.10437642568393768,6.699500340161678,0.007753842624794949,-4209.5
2022-06-12 18:00:00,-0.0987033121613985,6.543911845564792,0.013225913507389109,-4268.1
2022-06-12 19:00:00,-0.02522032039866806,6.437751649736401,0.02254991322750577,-4272.5
2022-06-12 20:00:00,-0.01885421532666598,6.434546518787453,0.03092886927738725,-4265.4
2022-06-12 21:00:00,-0.0014899310161435864,6.529418838262226,0.029067087050770546,-4370.7
2022-06-12 22:00:00,-0.0038617160435934217,6.709304340258298,0.022452465657013754,-4409.9
2022-06-12 23:00:00,-0.30625959440307193,6.890609120147166,0.02156013446462346,-4268.6
2022-06-13 00:00:00,-0.3579101958305273,6.928537818164665,0.03372028431714291,-4259.9
2022-06-13 01:00:00,-0.3630493543837807,7.046647277848756,0.03633143631401925,-4219.3
2022-06-13 02:00:00,-0.39033703743131243,7.094234845924755,0.028741680041388662,-4201.3
2022-06-13 03:00:00,-0.3560385681817615,7.077498053569231,0.020620300761319044,-4224.7
2022-06-13 04:00:00,-0.3789332892435082,6.993932975223189,0.020365173649155466,-4368.6
2022-06-13 05:00:00,-0.31750647761520856,6.812345094177479,0.019948528358651352,-4645.5
2022-06-13 06:00:00,-0.2853225148532488,6.601230118728877,0.015635618596930634,-4416.4
2022-06-13 07:00:00,-0.40140446474520575,6.419994928147142,0.009321042478386055,-4435.7
2022-06-13 08:00:00,-0.30234305687285845,6.304448802421981,0.001256057970516089,-4360.6
2022-06-13 09:00:00,-0.3203991140580902,6.218600119691729,-0.004180925368912902,-4332.2
2022-06-13 10:00:00,-0.32368665320310264,6.1070228877422545,-0.0024645118946517997,-4355.3
2022-06-13 11:00:00,-0.17049034053466672,5.991464547107982,0.006924487043165506,-4328.0
2022-06-13 12:00:00,-0.11304604854017564,5.929589143389895,0.002202480373603599,-4307.1
2022-06-13 13:00:00,0.02760778753736215,5.932245187448011,0.031658984113478006,-4287.6
2022-06-13 14:00:00,0.03698263954504055,6.003887067106539,0.020838954817190114,-4282.5
2022-06-13 15:00:00,-0.08873575457000138,6.0844994130751715,0.01952890615649938,-4294.4
2022-06-13 16:00:00,-0.10641706389022687,6.2324480165505225,0.01325038073809548,-4298.2
2022-06-13 17:00:00,-0.2634876667207231,6.38856140554563,0.017229467171408608,-4326.3
2022-06-13 18:00:00,-0.2131087116706003,6.582025138892826,0.011572220660187149,-4334.3
2022-06-13 19:00:00,-0.3450547100378798,6.71901315438526,0.015101025078252839,-4374.7
2022-06-13 20:00:00,-0.4182070819763437,6.863803391452954,0.025174177307099477,-4421.8
2022-06-13 21:00:00,-0.4809528535465617,7.071573364211532,0.018090189495985953,-4508.5
2022-06-13 22:00:00,-0.5949654149165835,7.333676395657684,0.01059540299012074,-4701.1
2022-06-13 23:00:00,-0.5205926820083437,7.508787170634276,0.00835392221227682,-4836.5
2022-06-14 00:00:00,-0.4434806082953693,7.583247524303362,0.02861086714380523,-4669.4
2022-06-14 01:00:00,-0.670700648437061,7.653494909661253,0.04367688729015562,-4477.2
2022-06-14 02:00:00,-0.7899969521654646,7.674617497364363,0.04239011322912578,-4376.9
2022-06-14 03:00:00,-0.743435200985981,7.651595573857601,0.036380498801220185,-4369.3
2022-06-14 04:00:00,-0.6556812376349623,7.585788821732034,0.03901645461176706,-4485.2
2022-06-14 05:00:00,-0.7333961098410562,7.430707082545968,0.03964047245586144,-4668.7
2022-06-14 06:00:00,-0.8859858709823314,7.280008252884188,0.027468125236062235,-4527.6
2022-06-14 07:00:00,-1.1031561114081843,7.224753405767971,0.013539245454659898,-4721.6
2022-06-14 08:00:00,-1.2833731702802433,7.112327444710911,0.004422457604368546,-4628.2
2022-06-14 09:00:00,-1.251701449255893,7.01571242048723,0.006108042069553399,-4615.3
2022-06-14 10:00:00,-1.1567516404070348,6.9584483932976555,0.0036480704584267443,-4560.2
2022-06-14 11:00:00,-1.1080946640715559,6.981934677156389,0.017852690598208376,-4532.9
2022-06-14 12:00:00,-1.0454435634893078,7.064759027791802,-0.009741516943917006,-4616.0
2022-06-14 13:00:00,-0.9824683885637477,7.175489713624222,0.02262927897446776,-4611.1
2022-06-14 14:00:00,-0.9487532069740632,7.266128779556451,0.007337332756638837,-4612.5
2022-06-14 15:00:00,-1.0495370766509042,7.337587743538596,0.014391332405783608,-4594.8
2022-06-14 16:00:00,-1.1175184702466106,7.395107546562485,0.0037151431430748616,-4497.0
2022-06-14 17:00:00,-1.2111189071215196,7.410347097821024,0.00020690897575459388,-4522.2
2022-06-14 18:00:00,-1.20861549389068,7.3938782901077555,-0.008177600641609217,-4523.5
2022-06-14 19:00:00,-1.1541936486316429,7.315883504509785,-0.005092773706548925,-4571.3
2022-06-14 20:00:00,-0.6507423266816907,7.24422751560335,0.00840629781835478,-5011.3
2022-06-14 21:00:00,-0.564390309811003,7.247080584585756,0.0013628473630236115,-4997.1
2022-06-14 22:00:00,-0.7313823859232418,7.331714969726466,0.0027907536358862117,-4872.2
2022-06-14 23:00:00,-0.6558378868282384,7.4489161025442,0.00929116296075172,-4781.1
2022-06-15 00:00:00,-0.5602441747427576,7.6511201757027,0.09894571144579967,-4921.3
2022-06-15 01:00:00,-0.5205431910052964,7.6676260915849905,0.10871577525496612,-4825.6
2022-06-15 02:00:00,-0.5413243013542486,7.6586995582682995,0.10754267799474437,-4750.0
2022-06-15 03:00:00,-0.535561069757791,7.627544390488503,0.10193069962098011,-4662.1
2022-06-15 04:00:00,-0.5689171646790006,7.563719668414366,0.10379293367636144,-4679.6
2022-06-15 05:00:00,-0.6419250561962597,7.463363045520021,0.10138267377943322,-4946.5
2022-06-15 06:00:00,-0.6728978000341721,7.400620577371135,0.08604649008083598,-5088.4
2022-06-15 07:00:00,-0.8504363912299082,7.422971251049421,0.06584417449469449,-5050.1
2022-06-15 08:00:00,-0.9605382907623525,7.450079569807499,0.05590758105478244,-5114.7
2022-06-15 09:00:00,-1.0119831447164804,7.501082124259871,0.06080090939670946,-5173.2
2022-06-15 10:00:00,-1.0129685836343167,7.5256399750415355,0.061661518137200666,-5212.7
2022-06-15 11:00:00,-0.9638685221839025,7.521859252201629,0.06260653019666673,-5216.6
2022-06-15 12:00:00,-0.816704407581359,7.51479976048867,0.047068525205573586,-5203.2
2022-06-15 13:00:00,-0.698916607551983,7.496097345175956,0.08643380557494229,-5203.3
2022-06-15 14:00:00,-0.5721148960869806,7.477604243197589,0.07739714435790379,-5170.6
2022-06-15 15:00:00,-0.6063881788883698,7.462789157412448,0.08088618374513157,-5131.8
2022-06-15 16:00:00,-0.7056781168083526,7.451241684987676,0.07846743335149053,-5089.9
2022-06-15 17:00:00,-0.7014388554375666,7.416979621381154,0.07948556501387838,-5080.4
2022-06-15 18:00:00,-0.809107249576996,7.3453648404168685,0.07430358002425042,-4979.8
2022-06-15 19:00:00,-0.7515097317002777,7.223295679562314,0.07480298575942879,-4982.2
2022-06-15 20:00:00,-0.4029508438244336,7.126890808898808,0.07684088559323055,-5167.3
2022-06-15 21:00:00,-0.40566977803891957,7.138866999945524,0.07271104922270943,-5273.4
2022-06-15 22:00:00,-0.2673776913706054,7.228388451573604,0.07702737832369966,-5265.4
2022-06-15 23:00:00,-0.2381483099767241,7.333023014386481,0.09269723589556644,-5182.5
2022-06-16 00:00:00,-0.510899551343198,7.344072850573066,0.059809483846649414,-4632.0
2022-06-16 01:00:00,-0.6488768242315026,7.404887575616125,0.0694005225540737,-4561.0
2022-06-16 02:00:00,-0.6974360227232355,7.421177528595393,0.0731404989930402,-4551.7
2022-06-16 03:00:00,-0.7091105760660024,7.38025578842646,0.06542698755994092,-4428.7
2022-06-16 04:00:00,-0.7717028319790544,7.286191714702382,0.06407748292891835,-4398.6
2022-06-16 05:00:00,-0.17929092106962852,7.063903961472068,0.06901766077802574,-4558.4
2022-06-16 06:00:00,-0.24974497531334938,6.774223886357614,0.07561367858826706,-4506.5
2022-06-16 07:00:00,-0.4763301373128175,6.566672429803241,0.06958668227572407,-4381.4
2022-06-16 08:00:00,-0.5515377405983517,6.52649485957079,0.06288509150562138,-4217.3
2022-06-16 09:00:00,-0.5705477501251663,6.638567789166521,0.06536252903209494,-4327.3
2022-06-16 10:00:00,-0.5350381528483998,6.744059186311348,0.06879047970569463,-4399.4
2022-06-16 11:00:00,-0.33988074613706676,6.803505257608338,0.08381421970592307,-4442.8
2022-06-16 12:00:00,-0.3299371786627141,6.818924065275521,0.05845659890259114,-4550.9
2022-06-16 13:00:00,-0.19477279533616354,6.821107472256465,0.06829071464091285,-4584.4
2022-06-16 14:00:00,-0.14234778527232672,6.827629234502852,0.06504396749148356,-4648.1
2022-06-16 15:00:00,-0.18016376615285923,6.858565034791365,0.06748586347833196,-4692.6
2022-06-16 16:00:00,-0.17101052479087508,6.88653164253051,0.06698816308614663,-4835.4
2022-06-16 17:00:00,-0.22993122573225033,6.892641641172089,0.06487264669938586,-4833.0
2022-06-16 18:00:00,-0.24634203366251528,6.866933284461882,0.05593789887573841,-4861.2
2022-06-16 19:00:00,-0.22610720701024123,6.805722553416985,0.06299662239181902,-4896.9
2022-06-16 20:00:00,-0.17698073030696948,6.776506992372183,0.0621412009959732,-4927.7
2022-06-16 21:00:00,-0.16841390525801803,6.891625897052253,0.05553685385861851,-5008.8
2022-06-16 22:00:00,-0.021210467067127148,7.102499355774649,0.05640267372732577,-4985.3
2022-06-16 23:00:00,0.07005606936518305,7.266128779556451,0.06254800981788122,-5182.2
2022-06-17 00:00:00,0.31237986484453906,7.414572881350589,0.031824724792601344,-5331.1
2022-06-17 01:00:00,0.4429851887728389,7.403061091090091,0.03466207082689721,-5181.3
2022-06-17 02:00:00,0.4486105972483654,7.348587530927593,0.03803896949942409,-5099.1
2022-06-17 03:00:00,0.47208738670455874,7.258412150595307,0.03542558566792131,-4981.8
2022-06-17 04:00:00,0.3862621371637145,7.107425474110705,0.03707687795557657,-4889.8
2022-06-17 05:00:00,0.3419469243027424,6.786716950605081,0.044661518579188986,-4724.0
2022-06-17 06:00:00,0.32091774665915107,6.26530121273771,0.057024682797235826,-4520.5
2022-06-17 07:00:00,0.18523838173739549,5.676753802268282,0.058688529954937785,-4506.3
2022-06-17 08:00:00,0.12832399470486688,5.187385805840755,0.06591630848310892,-4446.2
2022-06-17 09:00:00,0.14487890267816095,4.897839799950911,0.049823040606744584,-4445.2
2022-06-17 10:00:00,0.2430519856859661,4.74493212836325,0.02932676352333008,-4466.7
2022-06-17 11:00:00,0.24578061657434258,4.6443908991413725,0.0155234032251661,-4492.7
2022-06-17 12:00:00,0.36861340948514965,4.672828834461906,0.0037222657201745335,-4493.5
2022-06-17 13:00:00,0.4412780404041383,4.927253685157205,0.007721615638018875,-4550.4
2022-06-17 14:00:00,0.5052528212843757,5.209486152841421,0.02624927148427858,-4573.8
2022-06-17 15:00:00,0.4299963990955802,5.545177444479562,0.03708611482276236,-4592.2
2022-06-17 16:00:00,0.4222637560808966,5.908082938168931,0.03000897277772019,-4609.9
2022-06-17 17:00:00,0.4248613377458339,6.154858094016418,0.01727527451859956,-4731.8
2022-06-17 18:00:00,0.3274257035470667,6.376726947898627,0.014478083380705442,-4777.3
2022-06-17 19:00:00,0.26524388443229885,6.626717749249025,0.02825638864428992,-4881.3
2022-06-17 20:00:00,0.20712417303536945,6.9411900550683745,0.01574397349715362,-4940.6
2022-06-17 21:00:00,-0.09733947098204743,7.254177846456518,0.008419044645316731,-5125.5
2022-06-17 22:00:00,-0.46427811906150973,7.463363045520021,0.014949375988438263,-5219.7
2022-06-17 23:00:00,-0.964070417772986,7.543802867501509,0.014171950088363694,-4801.2
2022-06-18 00:00:00,-0.9556650182501745,7.552237287560802,-0.015589781263889435,-4296.3
2022-06-18 01:00:00,-1.0028772590211765,7.454141078146678,0.006132080546475294,-3941.6
2022-06-18 02:00:00,-0.9417726140529985,7.350516171833998,-0.0063658739935377184,-3661.2
2022-06-18 03:00:00,-0.9181226464991505,7.237059026124737,-0.007936084353114659,-3487.2
2022-06-18 04:00:00,-1.0089017929718436,7.107425474110705,-0.006938011292962898,-3325.2
2022-06-18 05:00:00,-1.154076990546973,6.956545443151569,0.0011911288169024203,-3358.5
2022-06-18 06:00:00,-1.2816197646864385,6.81783057145415,0.008450008816482502,-3768.7
2022-06-18 07:00:00,-0.39844829873060617,6.776506992372183,0.014288434203153066,-4238.5
2022-06-18 08:00:00,-0.31409543917492133,6.838405200847344,0.016444195889761204,-4446.8
2022-06-18 09:00:00,-0.17433725142533163,6.937314081223682,0.008921751409430634,-4614.4
2022-06-18 10:00:00,-0.14713898855421537,7.049254841255837,0.003580174718636364,-4655.0
2022-06-18 11:00:00,-0.5040231770719226,7.183870715062453,0.02050182782937693,-4611.6
2022-06-18 12:00:00,-0.4433209307817374,7.313220387090301,0.0012207743562555606,-4301.8
2022-06-18 13:00:00,-0.8524539157878839,7.416979621381154,0.011807240987767642,-4246.8
2022-06-18 14:00:00,-0.980198625481604,7.473069088032197,0.013496070825117279,-4229.9
2022-06-18 15:00:00,-1.1416797032552801,7.51425465281641,0.01965299221183603,-4270.0
2022-06-18 16:00:00,-1.2178683634249583,7.5411524551363085,0.039366010249969996,-4358.1
2022-06-18 17:00:00,-1.3293171468485925,7.579678823090456,0.05370713134964333,-4472.6
2022-06-18 18:00:00,-1.370891142904172,7.641084249174914,0.062256305860891814,-4522.9
2022-06-18 19:00:00,-1.4123865165145193,7.7279755421055585,0.05993522848241728,-4702.2
2022-06-18 20:00:00,-1.3788636114233963,7.797291273547472,0.06366577771871018,-4873.7
2022-06-18 21:00:00,-1.3935435647096583,7.841492924460013,0.056815023986604096,-4975.0
2022-06-18 22:00:00,-1.3351150922642443,7.9229859587111955,0.06529916229810251,-5149.7
2022-06-18 23:00:00,-1.3057543736693749,7.998671361015776,0.08065090682271858,-5345.5
2022-06-19 00:00:00,-1.5081997110757668,8.10832229017324,0.05723902551995419,-5126.0
2022-06-19 01:00:00,-1.549886400997238,8.147288258706624,0.041223044624368654,-5086.9
2022-06-19 02:00:00,-1.6157237691593305,8.159374736775426,0.04495044126751324,-5017.1
2022-06-19 03:00:00,-1.7285264868116907,8.151909872940905,0.043636263860450164,-5004.8
2022-06-19 04:00:00,-1.863302247328667,8.133880887949207,0.04454942045165833,-5012.9
2022-06-19 05:00:00,-2.030337107229639,8.122371243406553,0.050109918026429945,-5116.1
2022-06-19 06:00:00,-1.9003154666960689,8.113426639943654,0.05158441493018362,-5104.7
2022-06-19 07:00:00,-1.9200972366599283,8.110727582974489,0.048374732994702185,-5159.8
2022-06-19 08:00:00,-1.8641126896106244,8.101374671228582,0.04738005082103136,-5380.9
2022-06-19 09:00:00,-1.7225826789458287,8.078998258685154,0.042632150527333046,-5585.8
2022-06-19 10:00:00,-1.5495583808798599,8.047829357457841,0.05249937329202581,-5487.6
2022-06-19 11:00:00,-1.452350087205014,8.002359546252707,0.0733722878962011,-5465.6
2022-06-19 12:00:00,-1.184482425948215,7.937731775260109,0.06841467950499158,-5529.3
2022-06-19 13:00:00,-1.1191547157447594,7.836369760545124,0.06255530450499158,-5421.3
2022-06-19 14:00:00,-0.9885121431658841,7.70210434005105,0.055178899794965375,-5170.2
2022-06-19 15:00:00,-0.6645698766807357,7.56164174558878,0.056362183255436626,-5081.8
2022-06-19 16:00:00,-0.1766297657700724,7.415175109613295,0.06159525756139139,-5170.4
2022-06-19 17:00:00,-0.2078255976737977,7.261225091971921,0.05208431956782711,-5010.7
2022-06-19 18:00:00,0.05839066011545091,7.138866999945524,0.06410158416784206,-5003.8
2022-06-19 19:00:00,0.05806830027797094,7.038783541388542,0.053781236347307804,-4943.0
2022-06-19 20:00:00,-0.1294471469468652,7.023758954738443,0.05147753750477424,-4915.2
2022-06-19 21:00:00,0.04332323547383288,7.095064377287131,0.05958263097672045,-4998.6
2022-06-19 22:00:00,-0.23046462341455332,7.259116128097101,0.06341864588871537,-5109.1
2022-06-19 23:00:00,-0.23456766594695555,7.365180126021013,0.0557328525271954,-5076.2
2022-06-20 00:00:00,0.10142414454979765,7.2813856635702825,0.11056967781310778,-4972.3
2022-06-20 01:00:00,0.15378368116427543,7.3277805384216315,0.10430441990022477,-4990.6
2022-06-20 02:00:00,0.21475728019171125,7.325148957955575,0.08512639945202682,-4982.3
2022-06-20 03:00:00,0.22282767394407754,7.264730177929867,0.07015423588359582,-4914.4
2022-06-20 04:00:00,0.16922549149985988,7.138073034044347,0.06546261275848586,-4784.1
2022-06-20 05:00:00,-0.10202358384162302,6.884486652042782,0.08610048884399912,-4538.4
2022-06-20 06:00:00,-0.2042253086877115,6.450470422144176,0.09562403892754734,-4122.9
2022-06-20 07:00:00,-0.04838438172637982,5.921578419643816,0.10251481937633322,-3999.3
2022-06-20 08:00:00,-0.042597422282257824,5.5254529391317835,0.09981827316121805,-3952.0
2022-06-20 09:00:00,-0.133079580916045,5.337538079701318,0.0939551129036742,-3983.1
2022-06-20 10:00:00,-0.11219741384257942,5.25227342804663,0.08971817590835585,-3963.5
2022-06-20 11:00:00,-0.05694360210570437,5.262690188904886,0.08185209404993188,-3960.1
2022-06-20 12:00:00,0.04489193301452543,5.3471075307174685,0.06992065442855466,-3914.3
2022-06-20 13:00:00,0.026659920167816153,5.44673737166631,0.08202710576272398,-3974.0
2022-06-20 14:00:00,0.05771900339493685,5.54907608489522,0.056084893878864506,-3981.9
2022-06-20 15:00:00,-0.012190186426858762,5.683579767338681,0.07281634742082765,-3985.3
2022-06-20 16:00:00,-0.06758971598164276,5.802118375377063,0.07960763532637838,-4007.2
2022-06-20 17:00:00,-0.13817253653335193,5.831882477283517,0.06920567731044791,-4012.2
2022-06-20 18:00:00,-0.14995741140816143,5.811140992976701,0.06707033194374024,-4021.3
2022-06-20 19:00:00,-0.2647067054607355,5.831882477283517,0.058358096596839104,-4034.3
2022-06-20 20:00:00,-0.2850040426629308,5.966146739123692,0.0471092541733551,-4030.6
2022-06-20 21:00:00,-0.266253260726768,6.20455776256869,0.03375275005894185,-4058.1
2022-06-20 22:00:00,-0.20458750672768078,6.456769655572163,0.03702253202528283,-4147.7
2022-06-20 23:00:00,-0.04540263356606511,6.523562306149512,0.032886177026289154,-4164.9
2022-06-21 00:00:00,0.46647430512970045,6.340359303727752,0.026361147409789787,-3877.6
2022-06-21 01:00:00,0.586701503636406,6.318968113746434,0.02991520221747468,-3853.4
2022-06-21 02:00:00,0.6936378452188419,6.3080984415095305,0.0200729115138909,-3852.6
2022-06-21 03:00:00,0.7006552736389366,6.317164686747284,0.017832826445459027,-3857.5
2022-06-21 04:00:00,0.44848045484181664,6.318968113746434,0.011851415964844847,-3943.9
2022-06-21 05:00:00,0.12716702407591907,6.234410725718371,0.010980894044143596,-3979.3
2022-06-21 06:00:00,0.05723964375799184,6.100318952020064,0.026078270947007987,-4001.8
2022-06-21 07:00:00,-0.09656053763222916,5.771441123130016,0.0259698929244756,-3992.3
2022-06-21 08:00:00,-0.2320766321501586,5.545177444479562,0.02297111859331924,-3977.7
2022-06-21 09:00:00,-0.29251428026145376,5.723585101952381,0.018198548879394316,-3990.9
2022-06-21 10:00:00,-0.27725666214432065,5.991464547107982,0.020807690741253104,-3978.1
2022-06-21 11:00:00,-0.3115835689001889,6.230481447578482,0.026114574263200296,-3994.5
2022-06-21 12:00:00,-0.27864984276106375,6.453624998892692,0.0010969697755385255,-4002.0
2022-06-21 13:00:00,-0.27223667489943404,6.694562058521095,0.027764078446506524,-4065.0
2022-06-21 14:00:00,-0.2968181887114647,6.807934943699926,0.013805660613062543,-4254.7
2022-06-21 15:00:00,-0.3607256105324219,6.874198495453294,0.01569172270606689,-4324.5
2022-06-21 16:00:00,-0.3851632869705597,6.912742820493176,0.009599436028763897,-4407.3
2022-06-21 17:00:00,-0.05645793733166604,6.883462586413092,0.013964086312033608,-4770.0
2022-06-21 18:00:00,-0.14318474966707484,6.844815479208263,0.009864987029429173,-4821.5
2022-06-21 19:00:00,-0.21409226806376935,6.923628628138427,0.008375443344317723,-4854.4
2022-06-21 20:00:00,-0.26580579871465515,7.050122520269059,0.011132952541064611,-4840.9
2022-06-21 21:00:00,-0.31842381532286845,7.173958319756794,0.006910711800741431,-4867.7
2022-06-21 22:00:00,-0.23633360550178262,7.317212408359839,0.0034997221164863035,-4957.5
2022-06-21 23:00:00,-0.1031035255422208,7.404279118037268,-0.002447783287760963,-5030.2
2022-06-22 00:00:00,-0.6351373844711818,7.4673710669175595,-0.005119220446609063,-4602.2
2022-06-22 01:00:00,-0.7715262191174697,7.4570320891223805,-0.002715270368891076,-4466.4
2022-06-22 02:00:00,-0.7349920345355048,7.401231264413015,-0.013660063743164308,-4386.7
2022-06-22 03:00:00,-0.5205607884982988,7.289610521451167,-0.016909977593538628,-4266.8
2022-06-22 04:00:00,-0.050974073144145926,7.1098794630722715,-0.018136008328697883,-4197.3
2022-06-22 05:00:00,-0.028401676650090746,6.833031732786201,-0.008793812658977274,-4361.5
2022-06-22 06:00:00,0.22542486232387926,6.464588303689961,0.012483922903818723,-4363.6
2022-06-22 07:00:00,0.28838661830714774,5.976350909297934,0.01850179039240185,-4163.8
2022-06-22 08:00:00,0.32870534256192663,5.3612921657094255,0.013189851369628691,-4041.6
2022-06-22 09:00:00,0.6430567063531809,4.77912349311153,0.01536645307425033,-4001.5
2022-06-22 10:00:00,0.7503354731293195,4.477336814478207,0.014311757529736902,-4007.6
2022-06-22 11:00:00,0.7288560729942946,4.762173934797756,0.008638806463909354,-4043.6
2022-06-22 12:00:00,0.5352440561545837,5.308267697401205,-0.010758161525608045,-4121.3
2022-06-22 13:00:00,0.5755863475797911,5.805134968916488,0.022055143761506635,-4284.2
2022-06-22 14:00:00,0.5808259554858024,6.169610732491456,0.013539072342990899,-4365.9
2022-06-22 15:00:00,0.4131668180314305,6.467698726104354,0.020638223954319024,-4495.1
2022-06-22 16:00:00,0.16698219342382092,6.684611727667927,0.02137997420699822,-4570.0
2022-06-22 17:00:00,-0.05236386656416503,6.763884908562435,0.025990224068003442,-4584.6
2022-06-22 18:00:00,0.05515006154391422,6.815639990074331,0.021092801827170327,-4443.0
2022-06-22 19:00:00,-0.06795385554211997,6.874198495453294,0.023017686441904495,-4509.9
2022-06-22 20:00:00,-0.29056784971151695,7.068172000388042,0.022423315722517323,-4699.9
2022-06-22 21:00:00,-0.3446752653360776,7.346010209913293,0.024628030465406958,-5030.2
2022-06-22 22:00:00,-0.24161634919429975,7.5766097669730375,0.026112162271608952,-5336.1
2022-06-22 23:00:00,-0.3018024967783055,7.685243607975833,0.0286478101635792,-5435.7
2022-06-23 00:00:00,-1.2731379269730854,7.803026643632217,0.02168169841008538,-5143.6
2022-06-23 01:00:00,-1.47329834316626,7.764296006450518,0.011511381608172222,-4709.0
2022-06-23 02:00:00,-1.5046639022410282,7.679713639966372,-0.002094360816556673,-4423.8
2022-06-23 03:00:00,-1.4705257277549508,7.549609165154532,-0.018630177532257264,-4198.8
2022-06-23 04:00:00,-1.4382324715390438,7.404887575616125,-0.018691034882362345,-4138.3
2022-06-23 05:00:00,-0.30899864108504094,7.267525427828172,-0.010365317360681914,-4450.6
2022-06-23 06:00:00,-0.14122384819138745,7.1098794630722715,0.01416089937460363,-4313.5
2022-06-23 07:00:00,-0.28823192774140827,6.9363427358340495,0.021577463089363924,-4217.1
2022-06-23 08:00:00,-0.33598049636823824,6.8501261661455,0.02354189687750985,-4198.8
2022-06-23 09:00:00,-0.3751881989930821,6.805722553416985,0.02080070097218467,-4173.4
2022-06-23 10:00:00,-0.47345644051385793,6.813444599510896,0.03873608640123827,-4261.1
2022-06-23 11:00:00,-0.3235024272682283,6.834108738813838,0.07040755942580823,-4280.6
2022-06-23 12:00:00,-0.3197395122151079,6.898714534329988,0.04742707532709112,-4299.2
2022-06-23 13:00:00,-0.20084019379943285,6.955592608396297,0.05093132025582925,-4312.1
2022-06-23 14:00:00,-0.16802313661255663,6.925595197110468,0.04695803640976326,-4271.4
2022-06-23 15:00:00,-0.20401606565754404,6.876264611890766,0.020552710056112033,-4102.9
2022-06-23 16:00:00,-0.16623572660581676,6.824373670043086,0.025209935534003414,-4092.8
2022-06-23 17:00:00,-0.21991235670485,6.75110146893676,0.006107337473134855,-3977.5
2022-06-23 18:00:00,-0.19114937494318207,6.587550014824796,-0.023521486495694965,-3864.7
2022-06-23 19:00:00,-0.13273081599064218,6.403574197934815,-0.01624614923394141,-3841.6
2022-06-23 20:00:00,-0.031635216812472056,6.411818267709897,-0.009725901759018107,-3877.8
2022-06-23 21:00:00,-0.013311874007654989,6.576469569048224,-0.014306719508645038,-3951.4
2022-06-23 22:00:00,-0.00901700744175793,6.826545223556594,-0.012638331378560963,-3970.7
2022-06-23 23:00:00,-0.0379100551767273,6.910750787961936,-0.02591543346432612,-3943.1
2022-06-24 00:00:00,-1.0802786108719191,7.154615356913663,-0.05264603439666704,-3944.4
2022-06-24 01:00:00,-1.0353673167649993,7.097548850614793,-0.06720106429875905,-3793.2
2022-06-24 02:00:00,-0.9493508575014011,6.959398512133975,-0.0795554047093665,-3676.9
2022-06-24 03:00:00,-0.8971939747545044,6.794586580876499,-0.07602322885716006,-3631.0
2022-06-24 04:00:00,0.09529320388291174,6.633318433280377,-0.09106598993739023,-3699.3
2022-06-24 05:00:00,0.03822620762835305,6.396929655216146,-0.1286102026948477,-3832.0
2022-06-24 06:00:00,0.28650697585032114,5.988961416889864,-0.1659506457896871,-3878.7
2022-06-24 07:00:00,0.5435728974546716,5.37989735354046,-0.16540243971531243,-3939.3
2022-06-24 08:00:00,0.47267519596370366,5.049856007249537,-0.12274364105737323,-4020.5
2022-06-24 09:00:00,0.5871001870003143,4.919980925828125,-0.08834995075268814,-4020.5
2022-06-24 10:00:00,0.6392511686251954,4.912654885736052,-0.06887522693394743,-4004.0
2022-06-24 11:00:00,0.5976033630158026,5.099866427824199,-0.06261029973244625,-4070.2
2022-06-24 12:00:00,0.6892724992195118,5.3471075307174685,-0.06133587091362891,-4199.7
2022-06-24 13:00:00,0.6507318217291775,5.564520407322694,-0.06913375076483952,-4304.6
2022-06-24 14:00:00,0.7611982274508389,5.726847747587197,-0.08655599062312724,-4294.0
2022-06-24 15:00:00,0.6720594840868488,5.802118375377063,-0.08628628274649763,-4230.1
2022-06-24 16:00:00,0.7445455400868273,5.82600010738045,-0.07314647032179256,-4229.5
2022-06-24 17:00:00,0.7469217957057435,5.8377304471659395,-0.08196811258290904,-4181.5
2022-06-24 18:00:00,0.6642096365785024,5.834810737062605,-0.09858000254702493,-4180.8
2022-06-24 19:00:00,0.6709050901977243,5.8664680569332965,-0.10217422630198403,-4183.7
2022-06-24 20:00:00,0.6336851352917883,6.131226489483141,-0.10983825167294636,-4234.2
2022-06-24 21:00:00,0.4606412907012212,6.517671272912275,-0.11598356970467716,-4274.2
2022-06-24 22:00:00,0.16425862119797285,6.803505257608338,-0.10858907123856643,-4321.0
2022-06-24 23:00:00,0.23064500926926712,6.885509670034818,-0.10498868600630118,-4255.4
2022-06-25 00:00:00,0.41610848585825266,6.926577033222725,-0.08808115742635358,-4127.6
2022-06-25 01:00:00,0.326831385457258,6.884486652042782,-0.1051817048562782,-4064.9
2022-06-25 02:00:00,-0.24516080761682923,6.852242569051878,-0.11021064399505676,-3947.5
2022-06-25 03:00:00,-0.4808828645770924,6.80903930604298,-0.06007333875083809,-3942.5
2022-06-25 04:00:00,-0.5493354201731036,6.756932389247553,-0.06275346713253249,-3900.0
2022-06-25 05:00:00,0.331027034771187,6.666956792429207,-0.07208180268038156,-4006.8
2022-06-25 06:00:00,0.3464640148962661,6.385194398997726,-0.10794585586668592,-3947.3
2022-06-25 07:00:00,0.3043195746243694,5.91350300563827,-0.11735511412445998,-3856.6
2022-06-25 08:00:00,0.6031648666271416,5.84354441703136,-0.09195453758289762,-3917.9
2022-06-25 09:00:00,0.6278608769150833,6.19644412779452,-0.0645864465281818,-4112.0
2022-06-25 10:00:00,0.3008005871612389,6.566672429803241,-0.0839668842365171,-4243.1
2022-06-25 11:00:00,0.2330372805910108,6.829793737512425,-0.04797907595816042,-4440.7
2022-06-25 12:00:00,0.2890299595579746,6.988413181999592,-0.06035796571955121,-4558.4
2022-06-25 13:00:00,0.35576875198897806,7.080867896690782,-0.0769870664121397,-4597.7
2022-06-25 14:00:00,0.41891068247609775,7.1308988302963465,-0.06350598785641637,-4741.2
2022-06-25 15:00:00,0.3013586959222545,7.183870715062453,-0.0946003371008235,-4774.3
2022-06-25 16:00:00,0.18580666789931355,7.221835825288449,-0.08706541056068762,-4831.5
2022-06-25 17:00:00,0.060537597551641564,7.238496840894365,-0.08162502215236245,-4816.4
2022-06-25 18:00:00,0.04591329290815782,7.186144304522325,-0.059918652885532,-4759.4
2022-06-25 19:00:00,-0.004439873865425437,7.123672785204607,-0.0626968572423241,-4679.6
2022-06-25 20:00:00,-0.004154143139797117,7.194436851100335,-0.06522091465500424,-4708.7
2022-06-25 21:00:00,-0.051319706613219385,7.349230824613334,-0.06313465067508428,-4813.0
2022-06-25 22:00:00,-0.014776385273719939,7.4770384723196965,-0.08648859269466502,-4951.1
2022-06-25 23:00:00,-0.17457009655917677,7.504942068396171,-0.0769757636817543,-4898.5
2022-06-26 00:00:00,0.22448746813005505,7.22983877815125,-0.12091833727323031,-4307.5
2022-06-26 01:00:00,0.27137583001113397,7.122059881629142,-0.13101131063618432,-3929.6
2022-06-26 02:00:00,0.1731437335830024,6.98933526597456,-0.11435356096665039,-3795.7
2022-06-26 03:00:00,0.31217422655171445,6.81783057145415,-0.07162274366242904,-3621.2
2022-06-26 04:00:00,0.26419761323994084,6.588926477533519,-0.06978923842939189,-3519.5
2022-06-26 05:00:00,0.030846665876631985,6.267200548541362,-0.07003439381563314,-3698.1
2022-06-26 06:00:00,0.13329762230866304,5.846438775057725,-0.08991514734351558,-3727.5
2022-06-26 07:00:00,0.3606461144190689,5.2832037287379885,-0.1000151293977618,-3976.0
2022-06-26 08:00:00,0.5985578187304941,4.836281906951478,-0.07594769749099939,-4030.6
2022-06-26 09:00:00,0.7543057999429528,5.049856007249537,-0.061946198489130744,-4073.4
2022-06-26 10:00:00,0.8505818137278554,5.5053315359323625,-0.11650421360791707,-4164.4
2022-06-26 11:00:00,0.7169889696242211,5.817111159963204,-0.0748840198435925,-4247.4
2022-06-26 12:00:00,0.955648590494024,6.023447592961033,-0.0915709233469002,-4286.4
2022-06-26 13:00:00,0.9550707712527742,6.198478716492308,-0.09422259712013048,-4379.3
2022-06-26 14:00:00,0.9459154713665368,6.343880434126331,-0.07155410219416058,-4459.1
2022-06-26 15:00:00,0.7269024895359073,6.492239835020471,-0.11574816297001433,-4513.1
2022-06-26 16:00:00,0.5329280394837448,6.630683385642372,-0.08585747358173901,-4568.2
2022-06-26 17:00:00,0.2813814148195779,6.741700694652055,-0.0926599942183266,-4591.7
2022-06-26 18:00:00,0.17933548401857768,6.777646593635117,-0.055916089289957505,-4568.2
2022-06-26 19:00:00,0.12481612322824587,6.807934943699926,-0.0676011837667918,-4524.3
2022-06-26 20:00:00,0.11006278155344118,6.892641641172089,-0.09658998736907787,-4514.5
2022-06-26 21:00:00,0.01625826357022886,7.064759027791802,-0.09525134235166988,-4602.4
2022-06-26 22:00:00,0.028657528934888266,7.153833801578843,-0.11821110873306218,-4563.0
2022-06-26 23:00:00,0.4124587404246616,7.144407180321139,-0.10271582818573854,-4419.8
2022-06-27 00:00:00,0.689814082224907,6.8966943316227125,-0.15571012794558836,-4410.6
2022-06-27 01:00:00,0.7599823086705313,6.78332520060396,-0.16825449097733536,-4296.6
2022-06-27 02:00:00,0.8263409724074302,6.668228248417403,-0.1521887334723342,-4209.3
2022-06-27 03:00:00,0.8158823959785404,6.546785410760524,-0.09521151476380219,-4133.5
2022-06-27 04:00:00,0.6439671776889053,6.363028103540465,-0.10526719587168287,-4033.1
2022-06-27 05:00:00,0.4669176275644267,6.111467339502679,-0.12449762007942944,-4344.5
2022-06-27 06:00:00,-0.06342662433719415,5.726847747587197,-0.11457434779462528,-4106.3
2022-06-27 07:00:00,-0.16455437371659665,5.14166355650266,-0.08685329798064068,-4081.2
2022-06-27 08:00:00,-0.13676901002227826,4.787491742782046,-0.07591347395368064,-4048.4
2022-06-27 09:00:00,-0.14161834810765006,5.123963979403259,-0.07888769993573685,-4072.0
2022-06-27 10:00:00,-0.22706604023130517,5.641907070938114,-0.07991822135828297,-4148.0
2022-06-27 11:00:00,-0.17850736060199424,5.998936561946683,-0.08101496425901811,-4164.5
2022-06-27 12:00:00,-0.08334089412626033,6.248042874508429,-0.08980107044815888,-4153.7
2022-06-27 13:00:00,0.020953770590961263,6.45833828334479,-0.07597168007888744,-4187.6
2022-06-27 14:00:00,-0.0027071284713087174,6.588926477533519,-0.10095596137062657,-4251.6
2022-06-27 15:00:00,-0.1750360457016087,6.698268054115413,-0.09351649667735629,-4336.9
2022-06-27 16:00:00,-0.2652105622716081,6.739336627357174,-0.08744644933678813,-4470.8
2022-06-27 17:00:00,-0.33180401061337284,6.77078942390898,-0.10144856874812724,-4461.9
2022-06-27 18:00:00,-0.24890548524834033,6.755768921984255,-0.09179956381516519,-4266.6
2022-06-27 19:00:00,-0.2797531213318063,6.769641976852503,-0.10729746793861228,-4261.7
2022-06-27 20:00:00,-0.29627420963397055,6.844815479208263,-0.1293125804934112,-4319.5
2022-06-27 21:00:00,-0.26474017222504864,6.9985096422506015,-0.13195089550635242,-4408.5
2022-06-27 22:00:00,-0.15180820529709171,7.13966033596492,-0.13397016546283425,-4480.8
2022-06-27 23:00:00,0.009177158967256016,7.218176838403408,-0.1334554031535813,-4535.2
2022-06-28 00:00:00,0.2387519608528379,7.270312886079025,-0.13016974024336303,-4338.1
2022-06-28 01:00:00,0.25638155506985827,7.27931883541462,-0.13727886004950385,-4330.4
2022-06-28 02:00:00,0.1565828527649784,7.259116128097101,-0.1272270984650623,-4288.6
2022-06-28 03:00:00,-0.09675833056597583,7.231287004327616,-0.08995740231327343,-4183.6
2022-06-28 04:00:00,0.021479064786959157,7.1808311990445555,-0.09517146500865348,-4353.9
2022-06-28 05:00:00,-0.09869978620268727,7.126087273299125,-0.10747183788218706,-4810.7
2022-06-28 06:00:00,-0.23768358995034866,6.905753276311464,-0.11403143703763785,-4656.0
2022-06-28 07:00:00,-0.5577005444293097,6.672032945461067,-0.10218862897032555,-4352.1
2022-06-28 08:00:00,-0.7142576275591925,6.7661917146603505,-0.09528731521796452,-4402.3
2022-06-28 09:00:00,-0.7441791477968098,7.088408778675395,-0.0835841454305486,-4615.5
2022-06-28 10:00:00,-0.6990566646600707,7.4067107301776405,-0.08756793781323502,-5024.3
2022-06-28 11:00:00,-0.6492719068508945,7.61085279039525,-0.07573593428097602,-5289.4
2022-06-28 12:00:00,-0.6389026080476801,7.685703061234547,-0.10025552448474873,-5392.6
2022-06-28 13:00:00,-0.5410529463103781,7.719129840906732,-0.07816567018527909,-5383.0
2022-06-28 14:00:00,-0.5446543526160457,7.7823903355874595,-0.09867232281362792,-5378.0
2022-06-28 15:00:00,-0.6560928386818818,7.821242083523558,-0.11237795766059211,-5395.1
2022-06-28 16:00:00,-0.6069572568470467,7.8168199657645525,-0.11669428929552783,-5358.2
2022-06-28 17:00:00,-0.6387032500959977,7.772331575169614,-0.12469241653838914,-5313.4
2022-06-28 18:00:00,-0.5618950845252595,7.679713639966372,-0.11481262260083192,-5177.3
2022-06-28 19:00:00,-0.5700951689664557,7.57198844937744,-0.11839434073718813,-5099.1
2022-06-28 20:00:00,-0.5599283194874456,7.466799475018602,-0.11803183278617002,-4953.5
2022-06-28 21:00:00,-0.45351188353108673,7.4133673356952405,-0.10957648332184178,-4845.9
2022-06-28 22:00:00,-0.3110728686665447,7.365180126021013,-0.1120710211460807,-4733.8
2022-06-28 23:00:00,-0.08105227824396621,7.304515946460155,-0.10903906833171995,-4592.2
2022-06-29 00:00:00,0.2042739997091063,7.157735484249907,-0.11446498748912859,-4499.1
2022-06-29 01:00:00,0.3170959764755539,7.0825485693553,-0.12813866055923917,-4138.2
2022-06-29 02:00:00,0.3992837381706127,7.00033446027523,-0.12474620614165666,-4012.7
2022-06-29 03:00:00,0.39258190001720994,6.895682697747868,-0.10132731940612238,-3958.4
2022-06-29 04:00:00,0.2901436328287841,6.811244378601294,-0.10536437566310841,-3897.4
2022-06-29 05:00:00,0.03913823417442064,6.699500340161678,-0.11372870583751205,-4119.7
2022-06-29 06:00:00,-0.20065953298702022,6.565264970035361,-0.1130494019062489,-4176.9
2022-06-29 07:00:00,-0.3046970699528413,6.408528791059498,-0.1051972234567149,-4126.5
2022-06-29 08:00:00,-0.12265226455749545,6.267200548541362,-0.09773817576250554,-3986.3
2022-06-29 09:00:00,-0.17337511404327133,6.150602768446279,-0.08567620644271035,-3954.5
2022-06-29 10:00:00,-0.1525485000295883,6.021023349349527,-0.06767448325721936,-3910.3
2022-06-29 11:00:00,-0.10470828639539809,5.916202062607435,-0.06794423428971808,-3835.8
2022-06-29 12:00:00,-0.19156689222544632,5.834810737062605,-0.07889190700733018,-3800.0
2022-06-29 13:00:00,-0.05416792997898723,5.739792912179234,-0.04401908282249334,-3773.9
2022-06-29 14:00:00,-0.05984561962958468,5.666426688112432,-0.04989037561004395,-3832.1
2022-06-29 15:00:00,-0.10887167033735912,5.564520407322694,-0.040066426672530575,-3858.8
2022-06-29 16:00:00,-0.12944295711756038,5.484796933490655,-0.04392512420076855,-3898.5
2022-06-29 17:00:00,-0.15958714200554658,5.375278407684165,-0.04072318438499334,-3955.6
2022-06-29 18:00:00,-0.19932060291842912,5.308267697401205,-0.04132262225865446,-4037.8
2022-06-29 19:00:00,-0.19111502642052747,5.288267030694535,-0.042746432327851025,-4074.4
2022-06-29 20:00:00,-0.17547993435099452,5.337538079701318,-0.04647444900702702,-4061.7
2022-06-29 21:00:00,-0.12872036820127608,5.480638923341991,-0.047405897597323055,-4045.7
2022-06-29 22:00:00,0.09471054915182275,5.641907070938114,-0.051756507129311125,-3976.1
2022-06-29 23:00:00,0.24657856082190488,5.746203190540153,-0.05590957786448403,-3943.5
2022-06-30 00:00:00,0.5015143939333373,5.638354669333745,0.003581656766467489,-4025.8
2022-06-30 01:00:00,0.6894947468805719,5.564520407322694,-0.008817700030253839,-3982.3
2022-06-30 02:00:00,0.6653396161514609,5.552959584921617,-0.01240781994482898,-3961.3
2022-06-30 03:00:00,0.5721052375355304,5.564520407322694,-0.01061731414690037,-3989.2
2022-06-30 04:00:00,0.5427042996275202,5.575949103146316,-0.006666841915561328,-4121.3
2022-06-30 05:00:00,0.2526378598390622,5.568344503761097,0.0012582152877165242,-4167.6
2022-06-30 06:00:00,-0.10424780489193042,5.5053315359323625,0.007093732151511212,-4332.7
2022-06-30 07:00:00,-0.2505508607737199,5.476463551931511,0.003713938125016192,-4300.6
2022-06-30 08:00:00,-0.2610945067052426,5.541263545158426,0.010721208448448927,-4281.7
2022-06-30 09:00:00,-0.23025828645948065,5.75890177387728,0.00806167519475487,-4267.9
2022-06-30 10:00:00,-0.08433057638865193,5.955837369464831,0.010956522294162774,-4226.8
2022-06-30 11:00:00,-0.09568378562502433,6.18826412308259,0.03608281688473358,-4259.0
2022-06-30 12:00:00,-0.16088932080145968,6.395261598115449,0.015499480801651977,-4282.3
2022-06-30 13:00:00,-0.14357501649384075,6.5337888379333435,0.026238707665457994,-4414.2
2022-06-30 14:00:00,-0.12413692094063355,6.565264970035361,0.025971574611383552,-4416.2
2022-06-30 15:00:00,-0.16953534475173448,6.568077911411976,0.03217324107913111,-4398.0
2022-06-30 16:00:00,-0.1495450541501815,6.559615237493242,0.03165325679493591,-4399.3
2022-06-30 17:00:00,-0.22178326464066167,6.4967749901858625,0.029515428371149177,-4381.2
2022-06-30 18:00:00,-0.24913663259353136,6.380122536899765,0.022935874460439543,-4353.7
2022-06-30 19:00:00,-0.2670414496738429,6.340359303727752,0.025157796501972918,-4220.5
2022-06-30 20:00:00,-0.25952343928259003,6.368187186350492,0.0204547153909731,-4213.7
2022-06-30 21:00:00,-0.20010398978857324,6.499787040655854,0.017109476724733952,-4202.4
2022-06-30 22:00:00,-0.07847449425670172,6.637258031284457,0.016534850974241344,-4222.6
2022-06-30 23:00:00,0.07740786850014514,6.699500340161678,0.01711791254701378,-4208.1
2022-07-01 00:00:00,1.2406343269362234,6.670766320845874,-0.0029969701078282895,-4599.5
2022-07-01 01:00:00,1.3728167864954832,6.684611727667927,0.01501213911092325,-4608.2
2022-07-01 02:00:00,1.4200894286752832,6.617402977974478,0.032902823199914444,-4599.7
2022-07-01 03:00:00,1.3920996525206095,6.539585955617669,0.03387903160449035,-4603.3
2022-07-01 04:00:00,1.355401911371814,6.47543271670409,0.044102150143443986,-4685.6
2022-07-01 05:00:00,1.1791049922820527,6.391917113392602,0.06409304402234817,-4803.1
2022-07-01 06:00:00,0.8484031844610658,6.253828811575473,0.06529940961573111,-4622.8
2022-07-01 07:00:00,0.688252154907806,6.173786103901937,0.052876839705126244,-4433.0
2022-07-01 08:00:00,0.57203303717254,6.267200548541362,0.03829973855102864,-4422.6
2022-07-01 09:00:00,0.5180666582676898,6.53813982376767,0.021604268584010988,-4576.1
2022-07-01 10:00:00,0.5714643308738281,6.835184586147301,-0.00034833785874432976,-4664.7
2022-07-01 11:00:00,0.5330838293074107,6.981934677156389,0.0003275034823229106,-4858.0
2022-07-01 12:00:00,0.6151595501662563,7.052721049232323,0.0026467708475488294,-5009.2
2022-07-01 13:00:00,0.5947459192031341,7.1731917424865985,-0.001081846413276466,-5189.1
2022-07-01 14:00:00,0.6684238328843617,7.2640301428995295,0.01602478465007451,-5332.1
2022-07-01 15:00:00,0.6639523877309448,7.341483852363161,0.0204860953201198,-5397.1
2022-07-01 16:00:00,0.7154632933130478,7.377133712833954,0.03833671917925674,-5389.9
2022-07-01 17:00:00,0.6098010399754177,7.367077059881012,0.01521965374956924,-5358.3
2022-07-01 18:00:00,0.558081384308935,7.349873704738337,0.0007031173472915597,-5364.2
2022-07-01 19:00:00,0.5870976106951606,7.321849713788356,0.0025230725327300974,-5372.6
2022-07-01 20:00:00,0.6458373309785324,7.305860032684009,-0.008199011050420424,-5373.5
2022-07-01 21:00:00,0.8191086876808984,7.306531398939505,0.036579139230947355,-5320.0
2022-07-01 22:00:00,0.9079104265150026,7.295735072749282,0.03787357168991701,-5238.4
2022-07-01 23:00:00,1.0767159212887614,7.257002707092073,0.044657228304949115,-5177.0
2022-07-02 00:00:00,0.9022497034340784,7.123672785204607,0.046749948903017646,-4743.7
2022-07-02 01:00:00,0.8054991501744486,7.027314514039777,0.02852998902025572,-4486.2
2022-07-02 02:00:00,0.3050639786059133,6.9975959829819265,0.02116323029455547,-4289.5
2022-07-02 03:00:00,0.11998241468031323,6.996681488176539,0.032672613059032685,-4110.8
2022-07-02 04:00:00,-0.1021959257077425,6.953684210870537,0.035609087327511446,-4028.3
2022-07-02 05:00:00,-0.011474717609082807,6.804614520062624,0.04185286409483702,-3934.2
2022-07-02 06:00:00,-0.3309770238520091,6.6039438246004725,0.05019551809252221,-3954.5
2022-07-02 07:00:00,0.5188671707727841,6.472346294500901,0.04223680442028854,-4194.7
2022-07-02 08:00:00,0.7400766221078392,6.440946540632921,0.02253185466723373,-4300.0
2022-07-02 09:00:00,0.7131257108900693,6.530877627725885,0.018715268208859825,-4384.5
2022-07-02 10:00:00,0.6849160521771545,6.721425700790643,-0.0001570638795618251,-4513.0
2022-07-02 11:00:00,0.7352987907789417,7.00397413672268,0.03240040672322397,-4709.4
2022-07-02 12:00:00,0.6609653117319092,7.218176838403408,0.016528421960281925,-4562.5
2022-07-02 13:00:00,0.11681332002565004,7.3901814282264295,0.02184710157716463,-4607.2
2022-07-02 14:00:00,-0.4498766430544463,7.5406215286571525,0.0317217958343452,-4467.1
2022-07-02 15:00:00,-0.6926868113849443,7.667158255319148,0.031120943664192602,-4493.8
2022-07-02 16:00:00,-0.9236710795113163,7.771067086065406,0.03614635311783676,-4518.8
2022-07-02 17:00:00,-1.1341915403011742,7.846980982138788,0.010967122673847918,-4643.8
2022-07-02 18:00:00,-1.0835583034249794,7.882314918980268,0.012131577123260406,-4709.7
2022-07-02 19:00:00,-1.0852411177847374,7.88193748927207,0.004182574123095861,-4826.6
2022-07-02 20:00:00,-1.0169740414613935,7.855932199718614,-0.004232737696518107,-4837.2
2022-07-02 21:00:00,-0.8860820152248208,7.814399633804487,0.0006322479189027064,-4769.0
2022-07-02 22:00:00,-0.8562143566719638,7.781138509845015,-0.007575506807025789,-4753.3
2022-07-02 23:00:00,-0.7561556254220072,7.7284157798410416,-0.006032748813377786,-4609.3
2022-07-03 00:00:00,-1.0199843104355575,7.645875825184813,-0.023532883294929974,-5040.3
2022-07-03 01:00:00,-1.003695247887882,7.5678626054638825,-0.04252316449912463,-4799.6
2022-07-03 02:00:00,-0.9690277207171198,7.4570320891223805,-0.03540019165130914,-4561.9
2022-07-03 03:00:00,-1.018354227235971,7.325807502595773,-0.030969949502009264,-4338.1
2022-07-03 04:00:00,-0.9943625166597483,7.182352111885263,-0.027556895089287714,-4186.0
2022-07-03 05:00:00,-1.0123565637507137,6.9985096422506015,-0.0007803834542876587,-4056.1
2022-07-03 06:00:00,-1.0220219217752047,6.815639990074331,0.006406383724472775,-4046.4
2022-07-03 07:00:00,-0.5641732049177555,6.782192056006791,0.007034138803382106,-4137.3
2022-07-03 08:00:00,-0.05786731206054352,6.940222469119639,-0.008124529655483492,-4422.6
2022-07-03 09:00:00,0.03832610061105557,7.118826249062078,-0.01354653679015616,-4689.3
2022-07-03 10:00:00,-0.0335872786110345,7.317212408359839,-0.022429311228077786,-4930.8
2022-07-03 11:00:00,-0.31588640860364103,7.471932078245122,-0.009379166943992878,-5135.8
2022-07-03 12:00:00,-1.1698474112728892,7.601901959875166,0.00925475935353326,-5236.8
2022-07-03 13:00:00,-1.2090189668861058,7.682943169878292,-0.021354052378278254,-5357.5
2022-07-03 14:00:00,-1.1509555369960085,7.708410667257367,-0.03736910209541211,-5424.9
2022-07-03 15:00:00,-1.1953465271054706,7.7226775164680035,-0.03625128738352501,-5427.3
2022-07-03 16:00:00,-1.2290239689139555,7.726212650507529,-0.025135936570440442,-5410.9
2022-07-03 17:00:00,-0.05476238634384245,7.719129840906732,-0.012774809448498736,-5468.4
2022-07-03 18:00:00,-0.15708542067284714,7.679713639966372,0.003311718899775329,-5498.4
2022-07-03 19:00:00,-0.011049567769862989,7.605890001053122,0.01842816438853845,-5430.2
2022-07-03 20:00:00,0.12595998129530583,7.502738210754851,0.014632368698906717,-5340.7
2022-07-03 21:00:00,0.2818497445385315,7.469083884921234,0.00761500624647482,-5292.3
2022-07-03 22:00:00,0.33192485895171364,7.493873886783559,-0.017586518881318902,-5245.8
2022-07-03 23:00:00,0.3901520958890723,7.507690077819904,0.002973331882804686,-5125.7
2022-07-04 00:00:00,-0.6890657170886476,7.370860166536716,-0.024286050449266128,-5154.0
2022-07-04 01:00:00,-0.9135942793364662,7.292337176173877,-0.03673273162736912,-4914.9
2022-07-04 02:00:00,-0.6893421032459519,7.195187320178709,-0.020303845759634065,-4772.8
2022-07-04 03:00:00,-0.30045511776704914,7.047517221357296,-0.022379952838607053,-4695.3
2022-07-04 04:00:00,0.21423414538752805,6.84587987526405,-0.03322781940751174,-4652.7
2022-07-04 05:00:00,0.8596431073912738,6.597145701886651,-0.01861397489769967,-4599.5
2022-07-04 06:00:00,0.6854319948834675,6.2878585601617845,-0.0087510806161184,-4858.8
2022-07-04 07:00:00,0.416978948212662,6.07073772800249,0.007255357340341995,-4864.6
2022-07-04 08:00:00,0.26755232442622123,6.320768294250582,0.014397977514223115,-4968.2
2022-07-04 09:00:00,0.1678533664858235,6.661854740545311,0.02002407711810772,-5158.0
2022-07-04 10:00:00,-0.03313287424829969,6.911747300251674,0.010882684639005547,-5290.3
2022-07-04 11:00:00,-0.23498808021093964,7.074963197966044,0.0022256064746359883,-5272.9
2022-07-04 12:00:00,-0.15838609359222966,7.198931240688173,0.007245748076198488,-5229.5
2022-07-04 13:00:00,-0.44011027845888906,7.323170717943469,0.01661575439830454,-5278.6
2022-07-04 14:00:00,-1.2423144052480222,7.455298485683291,0.008763402562202316,-5280.6
2022-07-04 15:00:00,-1.2929982674989065,7.547501682814967,0.005654691381410615,-5430.2
2022-07-04 16:00:00,-1.3330970792074384,7.5883236773352225,0.009379381429882372,-5508.8
2022-07-04 17:00:00,-1.4696357300884477,7.545918151209323,0.0028928505610981148,-5452.5
2022-07-04 18:00:00,-1.489172980942099,7.5251007461258,-0.0036500565991151035,-5453.7
2022-07-04 19:00:00,-1.487078977460535,7.48324441607385,-0.012383386135294217,-5396.9
2022-07-04 20:00:00,-1.4569107420005745,7.428927194802272,-0.0178021824471557,-5288.8
2022-07-04 21:00:00,-1.3046615618464075,7.4073177104694174,-0.014179121899219993,-5287.8
2022-07-04 22:00:00,-1.2937089591145843,7.422373700986824,-0.01939423741434787,-5236.6
2022-07-04 23:00:00,-1.1324644593777544,7.425357887027151,-0.013452606592559313,-5141.6
2022-07-05 00:00:00,-1.1621954310762752,7.5251007461258,0.020308366142967493,-5085.2
2022-07-05 01:00:00,-1.0588584144568902,7.438971592395862,0.01887233122351617,-4791.8
2022-07-05 02:00:00,-0.9992412884109096,7.334981878871814,0.01697409580491982,-4653.7
2022-07-05 03:00:00,-0.9876595306142157,7.213768308118642,0.02044985255367049,-4550.4
2022-07-05 04:00:00,-0.9848927493487434,7.074963197966044,0.013632284264947003,-4500.3
2022-07-05 05:00:00,-1.0967559903704631,6.92951677076365,0.018321338252434316,-4633.4
2022-07-05 06:00:00,-1.263034281276163,6.836259277277067,0.022046979690828472,-4792.6
2022-07-05 07:00:00,0.007322376179588197,6.790097235513905,0.01913070857051924,-5096.0
2022-07-05 08:00:00,-0.11586848981933073,6.813444599510896,0.028361627510099297,-5086.1
2022-07-05 09:00:00,-0.22315934402079884,6.889591308354466,0.02539932492972863,-5150.3
2022-07-05 10:00:00,-0.5745285399732531,7.024649030453636,0.0194774394733237,-5181.4
2022-07-05 11:00:00,-1.2145275333285013,7.122059881629142,0.03138397235699042,-5154.1
2022-07-05 12:00:00,-1.6256140878179557,7.1846291527173145,0.02168615618829417,-5079.9
2022-07-05 13:00:00,-1.4298595788367752,7.247080584585756,0.03247667225264017,-4954.4
2022-07-05 14:00:00,-1.0021448371461765,7.259116128097101,0.02729916060186177,-4856.6
2022-07-05 15:00:00,-0.961172591548799,7.228388451573604,0.03136444510966285,-4825.6
2022-07-05 16:00:00,-0.9762630577355842,7.203405521083095,0.03457992270705823,-4793.4
2022-07-05 17:00:00,-0.3234265595526211,7.176254532017144,0.027467189095392364,-4895.2
2022-07-05 18:00:00,-0.02183039990058866,7.117205503164344,0.019037418457240385,-4990.8
2022-07-05 19:00:00,0.023911875576572594,7.069874128458572,0.010245290244580652,-5036.8
2022-07-05 20:00:00,-0.009886593491736484,7.036148493750536,0.01411679061324822,-5038.4
2022-07-05 21:00:00,-0.8331995246461765,7.083387847625295,0.013989517443172339,-4789.3
2022-07-05 22:00:00,-1.4231982346160608,7.197435354096591,0.01230853867875581,-4785.6
2022-07-05 23:00:00,-1.3322514529620246,7.31455283232408,0.01057880193793359,-4937.2
2022-07-06 00:00:00,-1.0800203635691912,7.236339342754344,-0.020937823133308164,-4263.1
2022-07-06 01:00:00,-1.0549658228615348,7.277247726631484,-0.018097619636309403,-4144.1
2022-07-06 02:00:00,-0.9942201931350307,7.242797922793756,-0.014144364851788715,-4053.2
2022-07-06 03:00:00,-0.9680241580401496,7.167809184316444,-0.007794230054450679,-3989.4
2022-07-06 04:00:00,-0.8621762501485446,7.085064293952548,-0.0177209175527544,-3895.0
2022-07-06 05:00:00,-0.4252699143151619,6.983789965258135,-0.01734005977369346,-4580.0
2022-07-06 06:00:00,0.2796187631548581,6.849066282633458,-0.025135606584467673,-5120.4
2022-07-06 07:00:00,0.08876998844730011,6.71295620067707,-0.03499408898928724,-5056.0
2022-07-06 08:00:00,-0.031325263062247366,6.602587892189336,-0.02925344247631312,-5001.6
2022-07-06 09:00:00,-0.10075115008757418,6.519147287940395,-0.029984956336149615,-4966.4
2022-07-06 10:00:00,-0.07238539702389479,6.429719478039138,-0.038047883132260374,-4918.2
2022-07-06 11:00:00,-0.04357680327389479,6.345636360828596,-0.047423230885003775,-4902.0
2022-07-06 12:00:00,0.031912521360994095,6.309918278226516,-0.0513863868138964,-4829.8
2022-07-06 13:00:00,0.1504178743611173,6.336825731146441,-0.031384409761665566,-4833.5
2022-07-06 14:00:00,0.27223641684158606,6.368187186350492,-0.03471362407298351,-4812.9
2022-07-06 15:00:00,0.28853042545901886,6.369900982828227,-0.03477820735628612,-4829.9
2022-07-06 16:00:00,0.24532267996357193,6.359573868672378,-0.03368381383144481,-4841.5
2022-07-06 17:00:00,0.21978383133001156,6.331501849893691,-0.033746448151585895,-4878.0
2022-07-06 18:00:00,0.20808647650910084,6.322565239927284,-0.03767467667265212,-4840.4
2022-07-06 19:00:00,0.2224856208984427,6.336825731146441,-0.040065379538186896,-4853.5
2022-07-06 20:00:00,0.23687426286990387,6.349138991379798,-0.04053488080365231,-4912.5
2022-07-06 21:00:00,0.376472986472399,6.472346294500901,-0.036152547277999325,-4992.0
2022-07-06 22:00:00,0.484053667234126,6.633318433280377,-0.03583231921910368,-5071.2
2022-07-06 23:00:00,0.656368624148707,6.699500340161678,-0.02695457964765069,-4940.2
2022-07-07 00:00:00,-0.3219478709517709,6.988413181999592,-0.008566948787320783,-4907.6
2022-07-07 01:00:00,-0.3110012141667391,7.035268599281097,-0.010116316429842342,-4704.0
2022-07-07 02:00:00,-0.2813666640909489,7.101675971619444,-0.005707628071528248,-4709.6
2022-07-07 03:00:00,-0.1839508601076958,7.218176838403408,0.0001799363929801956,-4997.5
2022-07-07 04:00:00,-0.1516569657156619,7.3343293503005365,-0.0085794304953275,-5224.5
2022-07-07 05:00:00,-0.2374195565653867,7.37650812632622,-0.012662401110502763,-5552.1
2022-07-07 06:00:00,-0.40691528393829346,7.403061091090091,-0.012340710743071526,-5331.4
2022-07-07 07:00:00,-0.6822865547047492,7.421775793644647,-0.01491068939010276,-5243.8
2022-07-07 08:00:00,-0.8566218786999524,7.442492722794441,-0.012563580506835592,-5296.1
2022-07-07 09:00:00,-0.8722525006775519,7.466227556215481,-0.01890446864472395,-5267.1
2022-07-07 10:00:00,-0.8062358705284249,7.513709247839705,-0.029371949072823256,-5133.3
2022-07-07 11:00:00,-0.6590072978223849,7.596894438144544,-0.013662936720092667,-5170.4
2022-07-07 12:00:00,-0.672524488592591,7.701200180857446,-0.01750605030276642,-5216.9
2022-07-07 13:00:00,-0.692593977762237,7.804659297056102,-0.023997144871038323,-5432.9
2022-07-07 14:00:00,-0.7908131391446331,7.890956716138919,-0.02037236096112327,-5702.4
2022-07-07 15:00:00,-0.8935656665546126,7.963807953231451,-0.020679086262536117,-5657.8
2022-07-07 16:00:00,-0.9460753801650614,8.016317898503415,-0.01569560639549561,-5581.1
2022-07-07 17:00:00,-1.0166082253654423,8.03073492409854,-0.03352126525046639,-5669.0
2022-07-07 18:00:00,-1.0388189236190548,8.047829357457841,-0.03322016400901795,-5668.4
2022-07-07 19:00:00,-1.0887128520182068,8.056109659545061,-0.03798663267021496,-5602.7
2022-07-07 20:00:00,-1.154601884137784,8.054204897064407,-0.03309919890713697,-5527.2
2022-07-07 21:00:00,-1.3054373338959524,8.058327306580958,-0.02324573807838526,-5550.4
2022-07-07 22:00:00,-1.2516239333601007,8.07153089355666,-0.019752175953149376,-5615.7
2022-07-07 23:00:00,-1.121116595355141,8.061486866871327,-0.009805314517335795,-5633.5
2022-07-08 00:00:00,-1.2590778717027558,7.9714309977693505,0.037036967806693966,-5760.0
2022-07-08 01:00:00,-1.1524298139374465,7.932003152361385,0.029029336525310256,-5350.1
2022-07-08 02:00:00,-1.0565486110789306,7.87359778968554,0.032902823199914444,-5205.1
2022-07-08 03:00:00,-0.939192236188191,7.789868559054706,0.02710444792273492,-5133.8
2022-07-08 04:00:00,-0.865209598662559,7.675081857716334,0.0307090928070064,-4965.4
2022-07-08 05:00:00,-0.9843799111611131,7.520234556474628,0.038173666470273204,-4982.8
2022-07-08 06:00:00,-1.0675803135496122,7.401231264413015,0.037241456820574115,-4757.4
2022-07-08 07:00:00,-1.2013250033837262,7.306531398939505,0.019794942526273118,-4570.1
2022-07-08 08:00:00,-1.2573115958410808,7.150701457592526,0.014246775089241659,-4436.9
2022-07-08 09:00:00,-1.225289170019349,7.00033446027523,0.01915328696487073,-4390.7
2022-07-08 10:00:00,-1.124477215456993,6.918695219020472,0.008936779916934867,-4405.8
2022-07-08 11:00:00,-1.1407859432860787,6.9650803456014065,0.002795117319278617,-4476.0
2022-07-08 12:00:00,-1.054022801440741,7.076653815443951,0.01264060792988353,-4578.6
2022-07-08 13:00:00,-1.0469641730435202,7.195187320178709,0.012798502619129515,-4685.3
2022-07-08 14:00:00,-0.935189527225802,7.2305631534092925,0.019198382997616115,-4727.9
2022-07-08 15:00:00,-0.9387715867638069,7.216709486709457,0.012123228954360243,-4748.5
2022-07-08 16:00:00,-0.9294542130587302,7.1592919047975645,0.012661367839026383,-4740.8
2022-07-08 17:00:00,-1.0452965672637646,6.994849985833071,0.02153679415083065,-4685.9
2022-07-08 18:00:00,-1.0180683605084628,6.774223886357614,0.016137507340151735,-4396.2
2022-07-08 19:00:00,-0.9424956502857236,6.542471960506805,0.02398731120103026,-4300.7
2022-07-08 20:00:00,-0.8532191347476419,6.39024066706535,0.01770745271338736,-4272.1
2022-07-08 21:00:00,-0.6808310315728356,6.403574197934815,0.020663683925047138,-4288.4
2022-07-08 22:00:00,-0.6644515299524614,6.481577129276431,0.021133977597877163,-4172.5
2022-07-08 23:00:00,-0.6286110421669862,6.56244409369372,0.0282634185292725,-4035.1
2022-07-09 00:00:00,-0.5988201722782402,6.573680166960646,0.01679050422245787,-4006.8
2022-07-09 01:00:00,-0.5571697963504201,6.519147287940395,0.01809770364685015,-3819.5
2022-07-09 02:00:00,-0.42404213234147603,6.431331081933479,0.011220509762504882,-3755.3
2022-07-09 03:00:00,-0.3174157405308602,6.284134161070802,0.01646230055197684,-3696.8
2022-07-09 04:00:00,-0.2504669661303729,6.1675164908883415,0.014588461252930784,-3656.2
2022-07-09 05:00:00,-0.4295372505542101,6.111467339502679,0.014475323147537189,-3806.2
2022-07-09 06:00:00,-0.5975589242637034,6.156978985585555,0.013494151242094077,-3974.5
2022-07-09 07:00:00,-0.7157341180482812,6.236369590203704,0.0034838181230556486,-4092.5
2022-07-09 08:00:00,-0.8859842647050613,6.289715570908998,-0.016857412016238804,-4272.1
2022-07-09 09:00:00,-0.9404263679570395,6.380122536899765,-0.019391178138913112,-4386.6
2022-07-09 10:00:00,-0.9499422749172894,6.486160788944089,-0.03194965168042252,-4397.3
2022-07-09 11:00:00,-0.8248837330065286,6.610696044717759,-0.017661468738376485,-4454.1
2022-07-09 12:00:00,-0.8029947652125977,6.738152494595957,-0.025144274440285663,-4531.6
2022-07-09 13:00:00,-0.8665128131846633,6.858565034791365,-0.05586188275015136,-4566.4
2022-07-09 14:00:00,-0.9458382441882875,6.914730892718563,-0.0510163312608638,-4517.9
2022-07-09 15:00:00,-0.9913580054123203,6.952728644624869,-0.044081320045016525,-4526.4
2022-07-09 16:00:00,-0.818063069730212,6.961296045910167,-0.03852550473581928,-4478.2
2022-07-09 17:00:00,-0.9531114485952843,7.027314514039777,-0.045096771472751485,-4519.2
2022-07-09 18:00:00,-0.932249880366651,7.095064377287131,-0.0342614624464499,-4657.2
2022-07-09 19:00:00,-0.928432040290869,7.179307969504034,-0.029742451455474495,-4954.1
2022-07-09 20:00:00,-0.8953823308749844,7.273786317844895,-0.0289079409676809,-5031.7
2022-07-09 21:00:00,-0.7835768961633989,7.399398083331354,-0.022274981356332546,-5093.5
2022-07-09 22:00:00,-0.8106167652330911,7.528869256642251,-0.01406669440285313,-5198.6
2022-07-09 23:00:00,-0.8246907262440639,7.647308832356238,-0.009713282964503023,-5342.7
2022-07-10 00:00:00,-0.9329729334459276,7.818027938530729,-0.03206999374013897,-5676.1
2022-07-10 01:00:00,-0.8883533642720263,7.875499292445208,-0.0336485600656502,-5583.8
2022-07-10 02:00:00,-0.8617273402414669,7.900636613018005,-0.034582864266210045,-5670.9
2022-07-10 03:00:00,-0.8840061747048922,7.913521017283895,-0.028491633487542245,-5720.9
2022-07-10 04:00:00,-0.916075295330457,7.934155233536322,-0.023395424248035646,-5755.3
2022-07-10 05:00:00,-1.0869252592482224,7.949091499830517,-0.017268803166781588,-5915.7
2022-07-10 06:00:00,-1.024883154056237,7.957177323459475,-0.024340374853884406,-5956.7
2022-07-10 07:00:00,-1.2530860813389124,7.942717540573791,-0.02681403541358751,-5896.1
2022-07-10 08:00:00,-1.3763390768416728,7.892452043520352,-0.034651283988912596,-5899.7
2022-07-10 09:00:00,-1.4016396773013529,7.856319571406588,-0.03626645873365053,-5815.2
2022-07-10 10:00:00,-1.2820718137246676,7.80710329012598,-0.050763934715526204,-5705.2
2022-07-10 11:00:00,-1.215370022161415,7.738052297689316,-0.04687454697705462,-5572.3
2022-07-10 12:00:00,-0.9325192249667229,7.6251071482389,-0.03226874343821251,-5308.6
2022-07-10 13:00:00,-1.0630315976980085,7.545918151209323,-0.04942354545478711,-5158.2
2022-07-10 14:00:00,-0.9826202221767937,7.490529402060711,-0.03883002273508751,-5052.9
2022-07-10 15:00:00,-0.9421870798509953,7.449498005382849,-0.02534605390126199,-5007.9
2022-07-10 16:00:00,-0.8174850894222243,7.404887575616125,-0.031521201259112175,-5028.8
2022-07-10 17:00:00,-0.844233559999864,7.338888133838879,-0.039516204069277805,-5248.3
2022-07-10 18:00:00,-0.9347137465038804,7.313220387090301,-0.029079776891459908,-5239.9
2022-07-10 19:00:00,-0.9672081223971025,7.294377299288821,-0.014775417001346547,-5203.1
2022-07-10 20:00:00,-0.972652307372804,7.315218389752975,-0.006097226815672485,-5206.4
2022-07-10 21:00:00,-0.9604865892127872,7.392647520721623,-0.0006098516344099636,-5201.0
2022-07-10 22:00:00,-0.9205921978247216,7.513709247839705,-0.002771433096178555,-5275.1
2022-07-10 23:00:00,-0.861815433084042,7.602401335665818,0.003689920949656589,-5387.4
2022-07-11 00:00:00,-0.7584468627020067,7.497207223203318,0.01025191695463512,-5327.8
2022-07-11 01:00:00,-0.6874401888693851,7.508787170634276,0.01232342536182518,-5215.6
2022-07-11 02:00:00,-0.6331358437269268,7.484930283289661,0.006364401322527691,-5171.3
2022-07-11 03:00:00,-0.6458882468395333,7.440733707389261,0.006975586246811716,-5115.7
2022-07-11 04:00:00,-0.6779294705385419,7.397561535524052,0.0018635004037586,-5043.1
2022-07-11 05:00:00,-0.788247388553927,7.221105098182496,-0.0031217982819287116,-4995.5
2022-07-11 06:00:00,-1.0289194059323519,6.877296071497429,-0.0030571150544451697,-4595.8
2022-07-11 07:00:00,-1.2058594997589207,6.439350371100098,1.1334882105806798e-05,-4286.3
2022-07-11 08:00:00,-1.1512146653231858,6.1092475827643655,0.0024066694237960817,-4180.5
2022-07-11 09:00:00,-1.0293830181093613,5.82600010738045,0.01384740522637884,-4164.6
2022-07-11 10:00:00,-0.8147379594070658,5.594711379601839,0.018235658944265154,-4089.1
2022-07-11 11:00:00,-0.6600115069628609,5.420534999272286,0.016806666749928034,-4112.4
2022-07-11 12:00:00,-0.48177555980363795,5.267858159063328,0.01152056374634114,-4056.0
2022-07-11 13:00:00,-0.3662997217670152,5.123963979403259,0.01661575439830454,-4053.9
2022-07-11 14:00:00,-0.2519747348398087,4.990432586778736,0.01683547371284888,-4043.3
2022-07-11 15:00:00,-0.23903625256853545,4.962844630259907,0.017503910156459135,-4030.8
2022-07-11 16:00:00,-0.15717357869140214,4.955827057601261,0.019360749387911547,-3999.5
2022-07-11 17:00:00,-0.21515307071355316,4.9344739331306915,-0.0015082882626531458,-3963.2
2022-07-11 18:00:00,-0.20686833334625598,4.976733742420574,0.0033274534728624516,-3950.0
2022-07-11 19:00:00,-0.2329025811680201,5.0689042022202315,0.011358505420069775,-3952.0
2022-07-11 20:00:00,-0.2556442992723813,5.318119993844216,-0.004035986683007309,-3946.4
2022-07-11 21:00:00,-0.21113834268576914,5.652489180268651,-0.0028115638495895823,-3996.5
2022-07-11 22:00:00,-0.41595971906195883,5.963579343618446,-0.005054626733892675,-4103.5
2022-07-11 23:00:00,-0.38837715413196916,6.20455776256869,0.010408174534347836,-4155.6
2022-07-12 00:00:00,0.3131507076595179,6.439350371100098,0.07855000810833435,-4143.0
2022-07-12 01:00:00,0.4722575312017403,6.421622267806518,0.0895757228236631,-4056.3
2022-07-12 02:00:00,0.4265318836827685,6.3561076606958915,0.08060502415048543,-3987.6
2022-07-12 03:00:00,0.40360584322769544,6.2422232654551655,0.07572904827844518,-3940.5
2022-07-12 04:00:00,0.3111592142000714,6.066108090103747,0.07507482769739049,-3881.5
2022-07-12 05:00:00,0.2701759874407319,5.7430031878094825,0.07664690520528694,-3892.7
2022-07-12 06:00:00,0.20428597509031965,5.272999558563747,0.0678462294024138,-4057.6
2022-07-12 07:00:00,-0.12096716503333393,4.605170185988092,0.06391902039290276,-3994.6
2022-07-12 08:00:00,-0.36237339104671396,4.127134385045092,0.07110060263657036,-4045.8
2022-07-12 09:00:00,-0.381734809828413,4.30406509320417,0.07485831736609239,-4078.6
2022-07-12 10:00:00,-0.2719404484358452,4.584967478670572,0.06687967836790687,-4073.2
2022-07-12 11:00:00,-0.22800836453909623,4.882801922586371,0.07203758228644297,-4120.4
2022-07-12 12:00:00,-0.23762815595357534,5.214935757608986,0.05993736255988047,-4212.8
2022-07-12 13:00:00,-0.07993286188775928,5.537334267018537,0.07528939355982533,-4233.4
2022-07-12 14:00:00,-0.007366386468412145,5.808142489980444,0.06687266966636951,-4294.3
2022-07-12 15:00:00,-0.077804267044153,6.018593214496234,0.07112872002376047,-4335.5
2022-07-12 16:00:00,-0.18766775682347125,6.226536669287466,0.06657782309705595,-4429.5
2022-07-12 17:00:00,-0.05311791697449353,6.391917113392602,0.0575175271593622,-4676.3
2022-07-12 18:00:00,-0.11041199842930549,6.517671272912275,0.050165961713185325,-4704.1
2022-07-12 19:00:00,-0.27147736412014645,6.703188113240863,0.04063522580863488,-4786.6
2022-07-12 20:00:00,-0.4342635864844113,6.910750787961936,0.04616477363960669,-4847.7
2022-07-12 21:00:00,-0.38095580250498795,7.02197642307216,0.048564023958591385,-4784.8
2022-07-12 22:00:00,-0.533936175129825,7.04141166379481,0.05719412191493323,-4741.4
2022-07-12 23:00:00,-0.5394049121789912,6.920671504248683,0.054638791731964176,-4430.1
2022-07-13 00:00:00,-0.5509643025417552,6.963189985870238,0.03868486006605831,-4113.4
2022-07-13 01:00:00,-0.45153394162362015,6.74993119378857,0.048122179668406595,-3916.4
2022-07-13 02:00:00,-0.3214126968122082,6.502790045915623,0.0400857892090718,-3803.9
2022-07-13 03:00:00,-0.21843566657525249,6.2422232654551655,0.03773715475350237,-3751.2
2022-07-13 04:00:00,-0.2124512310388773,6.037870919922137,0.03560473898201799,-3769.8
2022-07-13 05:00:00,-0.027387780931452888,5.802118375377063,0.036204327725698704,-4113.5
2022-07-13 06:00:00,1.1569240483160597,5.43372200355424,0.027508126900953833,-4488.5
2022-07-13 07:00:00,0.951104755695086,4.997212273764115,0.02373119702349502,-4462.1
2022-07-13 08:00:00,0.8445170965638864,4.787491742782046,0.03193917829512838,-4430.4
2022-07-13 09:00:00,1.232453777859238,4.919980925828125,0.0355920279693942,-4424.6
2022-07-13 10:00:00,1.2396971767332525,5.247024072160486,0.02919915555374697,-4445.7
2022-07-13 11:00:00,1.0715426636963494,5.666426688112432,0.019658203256679663,-4544.9
2022-07-13 12:00:00,1.2506859680904547,6.075346031088684,0.021674631651549703,-4519.9
2022-07-13 13:00:00,0.9363920761760305,6.38856140554563,0.04831196042727193,-4573.6
2022-07-13 14:00:00,-0.355980995335488,6.576469569048224,0.0411462271881442,-4496.4
2022-07-13 15:00:00,-0.8368362265112954,6.682108597449809,0.043963263959279075,-4229.7
2022-07-13 16:00:00,-1.0277833368782456,6.723832440821209,0.04334956265138157,-4164.1
2022-07-13 17:00:00,-1.1340848597694264,6.84587987526405,0.04017729408267545,-4290.3
2022-07-13 18:00:00,-0.937620228677678,7.044032897274685,0.032187004599618874,-4241.5
2022-07-13 19:00:00,-1.1085269628155086,7.284820912568604,0.02439073873171793,-4413.6
2022-07-13 20:00:00,-1.2393106921356811,7.4798641311650265,0.021540636312694872,-4640.0
2022-07-13 21:00:00,-1.2841163663168134,7.61972421378267,0.030297411204839975,-4737.3
2022-07-13 22:00:00,-1.283281249986854,7.738488122494646,0.041436461571707994,-4758.9
2022-07-13 23:00:00,-1.1779111134297946,7.813187267521416,0.04213366163575838,-4971.8
2022-07-14 00:00:00,-1.0444883502083486,7.868254265520613,0.03962648334973107,-5149.9
2022-07-14 01:00:00,-1.0359982206137834,7.933438387627489,0.05091452506675154,-5339.0
2022-07-14 02:00:00,-1.028038325066599,7.983440063006542,0.05080458219181416,-5459.5
2022-07-14 03:00:00,-1.0972520531334848,8.00736706798333,0.05478030509114529,-5530.4
2022-07-14 04:00:00,-1.0773578285558951,8.018954683155718,0.05384570426106716,-5610.0
2022-07-14 05:00:00,-1.1746809127538467,8.023879992734878,0.05741096751020347,-5735.6
2022-07-14 06:00:00,-1.3575659151528519,8.025843344150903,0.0499200576846599,-6048.7
2022-07-14 07:00:00,-1.6043958695117604,8.019283792916793,0.04807669638290779,-5987.5
2022-07-14 08:00:00,-1.5691871451169994,8.010359588919783,0.05531182836329496,-6012.9
2022-07-14 09:00:00,-1.5218694927803622,8.015987811027237,0.05812774940164456,-5989.0
2022-07-14 10:00:00,-1.4963358166329013,8.009695357742922,0.05715854307945545,-5971.0
2022-07-14 11:00:00,-1.394623705491443,8.006700845440367,0.07356086724856237,-5949.8
2022-07-14 12:00:00,-1.4847797348159537,8.009363076630045,0.0728858496611382,-5922.4
2022-07-14 13:00:00,-1.4317669807174647,8.002694162283937,0.07388043043853276,-5895.9
2022-07-14 14:00:00,-1.4455994518321325,8.011686729127847,0.07875517775865593,-5850.1
2022-07-14 15:00:00,-1.4141001044475643,8.035278911144667,0.07770002890610161,-5866.6
2022-07-14 16:00:00,-1.3406114177410355,8.065265208897733,0.07908279993179335,-5942.6
2022-07-14 17:00:00,-1.1661399593364061,8.094073148069352,0.07079771926256218,-6194.7
2022-07-14 18:00:00,-1.1631679710463287,8.127109185346375,0.07154846053948916,-6147.6
2022-07-14 19:00:00,-1.2282913249863743,8.155649270366002,0.07077490657199093,-6219.7
2022-07-14 20:00:00,-1.2592864957482495,8.173575486634153,0.06397760436539279,-6257.5
2022-07-14 21:00:00,-1.264279261402445,8.186185994226083,0.07002570503609107,-6274.8
2022-07-14 22:00:00,-1.2346263569915297,8.204398418149381,0.0798064170885695,-6336.1
2022-07-14 23:00:00,-1.1121746579794796,8.226305988015508,0.08039472770725897,-6414.4
2022-07-15 00:00:00,-0.9880710262456136,8.262816937670928,0.11194550039544637,-6500.6
2022-07-15 01:00:00,-0.9046916076173093,8.279443487712665,0.08805820185191138,-6471.6
2022-07-15 02:00:00,-0.8762052942970817,8.28349412616251,0.08073802947407849,-6432.6
2022-07-15 03:00:00,-0.8878989418006402,8.280204233279974,0.09216209411030896,-6415.9
2022-07-15 04:00:00,-0.9899613036350356,8.278682162970906,0.10294265016637816,-6422.1
2022-07-15 05:00:00,-1.1039250618108958,8.274357006756292,0.10038453543074422,-6592.4
2022-07-15 06:00:00,-1.3566818326556194,8.262558973010657,0.09834420439318858,-6704.2
2022-07-15 07:00:00,-1.5533315329671233,8.23880116587155,0.08852904832411124,-6586.8
2022-07-15 08:00:00,-1.6449826401487773,8.223358899479258,0.0980278048733858,-6566.7
2022-07-15 09:00:00,-1.635922248285956,8.21959545417708,0.11223007667278129,-6555.5
2022-07-15 10:00:00,-1.5324836209938302,8.21716859576607,0.11022246126448909,-6543.9
2022-07-15 11:00:00,-1.584516589473197,8.210124405164267,0.10296659242342887,-6511.8
2022-07-15 12:00:00,-1.494889836599821,8.203851372183879,0.11756597609692765,-6538.1
2022-07-15 13:00:00,-1.4822822443013657,8.197538739721184,0.1230343326401293,-6577.3
2022-07-15 14:00:00,-1.366391349978016,8.20903626577507,0.1306241181585337,-6617.4
2022-07-15 15:00:00,-1.351699416073561,8.228443883004033,0.12501346452029338,-6682.6
2022-07-15 16:00:00,-1.2958853319428274,8.24143968982973,0.12333932031763783,-6704.2
2022-07-15 17:00:00,-1.4175360277436087,8.257644958208228,0.13004097791162472,-6762.2
2022-07-15 18:00:00,-1.4387735663616268,8.275376374836407,0.12659033190169033,-6863.0
2022-07-15 19:00:00,-1.410125189896783,8.283999304248526,0.13011972963743812,-6949.0
2022-07-15 20:00:00,-1.3485833792806,8.290794347381356,0.11331565069902627,-6992.9
2022-07-15 21:00:00,-1.1782336350066858,8.29254851397576,0.10706212801163861,-7054.4
2022-07-15 22:00:00,-1.0828677904077035,8.293049139768444,0.10216305783678514,-7041.9
2022-07-15 23:00:00,-0.9198379605853069,8.290041618704489,0.11274634916554405,-7044.7
2022-07-16 00:00:00,-0.8666045042150707,8.288031567776464,0.14378355172351842,-6571.3
2022-07-16 01:00:00,-0.7555651779754358,8.289790583181643,0.1452416990148171,-6536.0
2022-07-16 02:00:00,-0.6234423410363656,8.288534459413917,0.13674530002391982,-6537.5
2022-07-16 03:00:00,-0.5589801308876756,8.286269452783065,0.1365772455433385,-6552.9
2022-07-16 04:00:00,-0.5302608657331476,8.282483003730562,0.1491028481569412,-6569.7
2022-07-16 05:00:00,-0.6741626906843194,8.27715777243181,0.1499873066353885,-6551.9
2022-07-16 06:00:00,-0.8656538634401796,8.267448958304849,0.14741487616664806,-6650.6
2022-07-16 07:00:00,-1.0882824111433038,8.265650165580329,0.14033416500564222,-6562.2
2022-07-16 08:00:00,-1.2857513516985881,8.281470857895167,0.13216692923202888,-6598.0
2022-07-16 09:00:00,-1.356109865023882,8.28045768658256,0.13233525807683932,-6541.6
2022-07-16 10:00:00,-1.3507540474998125,8.266935347610456,0.12979650739707704,-6515.1
2022-07-16 11:00:00,-1.3152482849011793,8.251403065380556,0.1614905132942992,-6432.4
2022-07-16 12:00:00,-1.6139249814289265,8.249575150000199,0.1554026589952997,-5972.8
2022-07-16 13:00:00,-1.6576404021048123,8.210939733379021,0.12272495492656255,-5727.0
2022-07-16 14:00:00,-1.5551667528651616,8.205764725234456,0.12910983496965578,-5546.6
2022-07-16 15:00:00,-1.5406679652732804,8.236155661683124,0.1266157558966503,-6006.1
2022-07-16 16:00:00,-1.1820827696629839,8.242493153187626,0.11859481528518323,-6498.0
2022-07-16 17:00:00,-1.2638311891140825,8.239857411018601,0.10603549374769905,-6503.7
2022-07-16 18:00:00,-1.3217146471283743,8.237479288613633,0.11468816544835292,-6520.1
2022-07-16 19:00:00,-1.3847247850366098,8.22282213081366,0.11976972050881773,-6448.1
2022-07-16 20:00:00,-1.3437960222504446,8.216628493133443,0.1194136074591503,-6422.0
2022-07-16 21:00:00,-1.2104083535439256,8.215817791832453,0.11360701356197378,-6470.9
2022-07-16 22:00:00,-1.1874266175808794,8.215276958936633,0.10452000600786793,-6504.9
2022-07-16 23:00:00,-1.0466907668561944,8.210939733379021,0.10905255375378875,-6439.0
2022-07-17 00:00:00,-0.9975114545834989,8.158802490694002,0.11279598378215638,-6081.4
2022-07-17 01:00:00,-0.8995894375389522,8.162516250140179,0.11739920398120329,-6088.6
2022-07-17 02:00:00,-0.8330720844810908,8.161660452056282,0.11886729013835495,-6094.7
2022-07-17 03:00:00,-0.8698215397129359,8.149601735736155,0.11998527225380862,-6050.6
2022-07-17 04:00:00,-0.8519133511131709,8.12533508671429,0.1173771296330468,-6002.6
2022-07-17 05:00:00,-0.9429645703267138,8.081784206935001,0.123612899479979,-5856.1
2022-07-17 06:00:00,-0.9938510448085085,8.059276223305648,0.11717059975312427,-5818.6
2022-07-17 07:00:00,-1.2280500031775876,8.074649075066652,0.1306480947705584,-5799.1
2022-07-17 08:00:00,-1.3128256711193471,8.052614818815567,0.12344158228408553,-5696.9
2022-07-17 09:00:00,-1.2023369711086267,7.977625098784593,0.11097701548007066,-5488.1
2022-07-17 10:00:00,-1.0223635933152928,7.871692664323645,0.0988496758674291,-5265.9
2022-07-17 11:00:00,-0.9872389293361663,7.744136627627991,0.10169746462712137,-5059.8
2022-07-17 12:00:00,-0.7375350531285367,7.607878073278507,0.10800158735664045,-4983.2
2022-07-17 13:00:00,-0.693327153468942,7.474204806496124,0.08875033878131955,-4796.5
2022-07-17 14:00:00,-0.5662600646635623,7.3537223303996315,0.1077734514567883,-4688.2
2022-07-17 15:00:00,-0.5417525249315471,7.260522598089852,0.10782374045499221,-4667.9
2022-07-17 16:00:00,-0.30493085675561593,7.142036574706803,0.10901407655014861,-4730.2
2022-07-17 17:00:00,-0.11210708583474593,6.993932975223189,0.09488347028036959,-4734.3
2022-07-17 18:00:00,0.0030651848474056997,6.846943139585379,0.10006960073038051,-4874.4
2022-07-17 19:00:00,0.7528499418127428,6.690842277418564,0.11782711762943432,-4946.9
2022-07-17 20:00:00,0.968981284915249,6.6039438246004725,0.1218442469590606,-4927.6
2022-07-17 21:00:00,0.5384437373768303,6.658011045870748,0.09263350001425241,-4930.2
2022-07-17 22:00:00,0.7824332411022574,6.763884908562435,0.08563952424787491,-4943.8
2022-07-17 23:00:00,0.20857296899611288,6.837332814685591,0.08285059990007859,-4672.6
2022-07-18 00:00:00,1.1295050095900643,6.9650803456014065,0.08625582395055709,-4880.4
2022-07-18 01:00:00,1.0344671792613593,7.00033446027523,0.09540103673051537,-4760.6
2022-07-18 02:00:00,1.0081772772376225,7.004881989712859,0.09163277409436965,-4722.1
2022-07-18 03:00:00,1.0371929537250573,6.966967138613983,0.09665475933345036,-4705.0
2022-07-18 04:00:00,1.0236916072875824,6.856461984594587,0.0946055521023732,-4622.1
2022-07-18 05:00:00,1.0321365752489657,6.680854678790215,0.07733470657778074,-4719.9
2022-07-18 06:00:00,1.3948775571765326,6.480044561926653,0.06219087755666042,-4744.3
2022-07-18 07:00:00,1.5201289016863182,6.255750041753367,0.0559205293216225,-4760.2
2022-07-18 08:00:00,1.606784293723618,6.066108090103747,0.04649949940107767,-4562.4
2022-07-18 09:00:00,1.5345691947289204,5.937536205082426,0.04555737912327196,-4583.7
2022-07-18 10:00:00,1.5494764976501223,5.820082930352362,0.0441485279398659,-4516.3
2022-07-18 11:00:00,1.6584900008913905,5.765191102784844,0.03946714740653601,-4541.2
2022-07-18 12:00:00,1.6247136088637903,5.7899601708972535,0.039166555202218234,-4689.4
2022-07-18 13:00:00,1.638289921879318,5.8377304471659395,0.05298339856917966,-4669.8
2022-07-18 14:00:00,1.6602644519235268,5.916202062607435,0.05207605839490892,-4619.7
2022-07-18 15:00:00,1.6513257889529331,5.991464547107982,0.04983365475803758,-4521.7
2022-07-18 16:00:00,1.706346627436969,6.066108090103747,0.051729987592091575,-4501.3
2022-07-18 17:00:00,1.717513160705594,6.1224928095143865,0.03317010924820529,-4522.5
2022-07-18 18:00:00,1.793129636210982,6.198478716492308,0.03994339623535481,-4539.6
2022-07-18 19:00:00,1.8194268448933615,6.282266746896006,0.052966494073156234,-4572.3
2022-07-18 20:00:00,1.7962596776848514,6.440946540632921,0.04363748278634905,-4628.6
2022-07-18 21:00:00,1.8379798613725358,6.647688373563329,0.04964461795200581,-4709.2
2022-07-18 22:00:00,1.8129028189972702,6.8501261661455,0.043896944909056046,-4872.7
2022-07-18 23:00:00,1.624465579928831,7.00850518208228,0.0418100720824901,-5044.5
2022-07-19 00:00:00,1.4332055923634033,7.113142108707088,0.059278936852720676,-5010.1
2022-07-19 01:00:00,1.436548469964976,7.1846291527173145,0.0711092889820284,-4839.5
2022-07-19 02:00:00,1.5146049584627073,7.217443431696533,0.06616433999569082,-4838.6
2022-07-19 03:00:00,1.4198540910570072,7.234177179749849,0.06623646148168927,-4838.7
2022-07-19 04:00:00,1.3073161156592117,7.237059026124737,0.06264322335524497,-4802.5
2022-07-19 05:00:00,1.33015633480418,7.167809184316444,0.05950362821884969,-4926.7
2022-07-19 06:00:00,1.374194559989097,7.004881989712859,0.03505640657942255,-5069.4
2022-07-19 07:00:00,1.3459129393422673,6.871091294610546,0.015899687989072042,-4955.2
2022-07-19 08:00:00,1.1898927384741143,6.907755278982137,0.013491465030647909,-4949.7
2022-07-19 09:00:00,1.1265220644515788,6.974478911025045,0.014960175785023289,-4971.5
2022-07-19 10:00:00,1.2089517571857815,7.005789019253503,0.00849502280471448,-4903.8
2022-07-19 11:00:00,1.2315957779245448,7.007600613951853,0.015015010326754563,-4928.9
2022-07-19 12:00:00,1.278334511870753,7.025538314638521,0.002914790600192063,-4936.0
2022-07-19 13:00:00,1.3199618642968156,7.0431599159883405,0.02699386838675988,-4960.3
2022-07-19 14:00:00,1.4380352159801326,7.033506484287697,0.02177936737826336,-4898.4
2022-07-19 15:00:00,1.4888033721706622,7.022868086082641,0.02581743550906168,-4883.1
2022-07-19 16:00:00,1.5461216102083828,6.961296045910167,0.02842605713267954,-4859.5
2022-07-19 17:00:00,1.4433183942012517,6.82001636467413,0.019503900459318047,-4819.0
2022-07-19 18:00:00,1.444545715377684,6.5722825426940075,0.01717579831054028,-4767.5
2022-07-19 19:00:00,1.4381238292967824,6.284134161070802,0.012761014841828455,-4746.2
2022-07-19 20:00:00,1.4446577472054756,6.124683390894205,0.011559244462131524,-4676.4
2022-07-19 21:00:00,1.6531285894892012,6.131226489483141,0.013337839349076397,-4625.1
2022-07-19 22:00:00,1.6527049435220968,6.230481447578482,0.024213441185073847,-4566.7
2022-07-19 23:00:00,1.8753350805291884,6.298949246855942,0.02160579168684773,-4520.2
2022-07-20 00:00:00,1.691640628758981,6.253828811575473,-0.0026021426002182935,-4549.4
2022-07-20 01:00:00,1.3043925713222508,6.317164686747284,0.007720063389631271,-4365.1
2022-07-20 02:00:00,1.0471744428542102,6.405228458030842,0.003500895417529293,-4290.4
2022-07-20 03:00:00,0.9455722453256592,6.523562306149512,0.0068495769054717215,-4239.1
2022-07-20 04:00:00,0.9052092525999269,6.684611727667927,0.0031857672665598358,-4355.1
2022-07-20 05:00:00,1.3572401115251869,6.796823718274855,-0.002929495647214786,-4800.0
2022-07-20 06:00:00,1.3382257172092684,6.849066282633458,-0.021585727102263697,-5056.4
2022-07-20 07:00:00,1.4356069220087324,6.79346613258001,-0.03297998961758619,-5153.1
2022-07-20 08:00:00,1.4107813147007953,6.694562058521095,-0.027323560886663323,-5144.5
2022-07-20 09:00:00,1.2597536533657632,6.77078942390898,-0.023611448464057716,-5199.5
2022-07-20 10:00:00,1.2135591159159773,6.928537818164665,-0.027889065607269004,-5241.7
2022-07-20 11:00:00,0.9579543576701548,7.046647277848756,-0.043611282177586475,-5302.5
2022-07-20 12:00:00,0.9415741865872018,7.122866658599083,-0.0513863868138964,-5213.9
2022-07-20 13:00:00,1.0104127057283434,7.157735484249907,-0.03202770344740724,-5233.2
2022-07-20 14:00:00,1.1487481402097242,7.126087273299125,-0.04968298918114389,-5115.2
2022-07-20 15:00:00,1.214334252858876,7.076653815443951,-0.05381389865402575,-4981.6
2022-07-20 16:00:00,1.2601332948255912,7.022868086082641,-0.0647606948550532,-4932.3
2022-07-20 17:00:00,1.2194525603985467,6.962243464266207,-0.0745415786441157,-4701.4
2022-07-20 18:00:00,1.2204585390669598,6.910750787961936,-0.07825224213722315,-4672.7
2022-07-20 19:00:00,1.2222290071452333,6.931471805599453,-0.08316969531643625,-4706.7
2022-07-20 20:00:00,1.1886095276463138,7.046647277848756,-0.09045977793200866,-4763.8
2022-07-20 21:00:00,1.0648920258363983,7.1891677384203225,-0.08780394372846345,-4726.2
2022-07-20 22:00:00,0.9624923174254003,7.2868764117507,-0.0739456125471376,-4655.2
2022-07-20 23:00:00,0.4898491559109983,7.335633981927201,-0.08664080069812563,-4611.7
2022-07-21 00:00:00,1.3616374217265377,7.2196420401307355,-0.07561414090780261,-4755.4
2022-07-21 01:00:00,1.206225160983673,7.186144304522325,-0.07266143048241602,-4586.2
2022-07-21 02:00:00,1.1974207647322181,7.126890808898808,-0.06725321648319582,-4552.0
2022-07-21 03:00:00,1.0384146312033011,7.069874128458572,-0.06753327319514213,-4535.4
2022-07-21 04:00:00,0.8486146191460837,6.994849985833071,-0.06347618312797909,-4466.8
2022-07-21 05:00:00,1.0710184210847835,6.843749949006225,-0.06904891217186915,-4620.6
2022-07-21 06:00:00,0.9447326038314952,6.536691597591305,-0.0711379525577529,-4475.6
2022-07-21 07:00:00,0.8215564029660087,6.142037405587356,-0.07143848678159426,-4535.2
2022-07-21 08:00:00,0.9287067001978118,5.771441123130016,-0.06684560147721808,-4427.6
2022-07-21 09:00:00,0.9550608737352819,5.5093883366279774,-0.07151357489235721,-4357.3
2022-07-21 10:00:00,0.3996679268260013,5.5134287461649825,-0.07126289078198411,-4084.2
2022-07-21 11:00:00,0.49224872433114664,5.673323267171493,-0.05464428109328612,-4078.0
2022-07-21 12:00:00,0.4621527349963146,5.905361848054571,-0.05965167175352981,-4109.4
2022-07-21 13:00:00,0.4606317315524948,6.1463292576688975,-0.06599806884566917,-4161.1
2022-07-21 14:00:00,0.5912824754289079,6.338594078203183,-0.06538326776158865,-4213.1
2022-07-21 15:00:00,0.501546386967922,6.520621127558696,-0.05979577361732513,-4280.7
2022-07-21 16:00:00,0.5156016505405518,6.71901315438526,-0.06497321878320772,-4355.2
2022-07-21 17:00:00,0.29864503712931034,6.870053411798126,-0.06861258506173673,-4389.8
2022-07-21 18:00:00,0.2637902693274583,6.988413181999592,-0.05314114150357252,-4433.0
2022-07-21 19:00:00,0.09092965939275732,7.086737934510577,-0.054148600627213384,-4427.2
2022-07-21 20:00:00,0.08972221571171923,7.226209010100671,-0.06651519582698029,-4346.3
2022-07-21 21:00:00,-0.47386877541729255,7.358830898342354,-0.06979808217040517,-4334.7
2022-07-21 22:00:00,-0.06727091590381695,7.4815557019095165,-0.06267117941444766,-4604.2
2022-07-21 23:00:00,-0.40137996060595627,7.5256399750415355,-0.08801624929117047,-4558.7
2022-07-22 00:00:00,0.7088232680063458,7.461640392208575,-0.11071052348568866,-4536.3
2022-07-22 01:00:00,0.3931654529860187,7.498315870766981,-0.1406255298379131,-4338.6
2022-07-22 02:00:00,-0.03885776476304614,7.52131798019924,-0.13922586892275213,-4249.1
2022-07-22 03:00:00,-0.12243109966106891,7.5443321080536885,-0.13933186550205878,-4230.9
2022-07-22 04:00:00,-0.20660274335478968,7.581209826196346,-0.13955066932770777,-4252.7
2022-07-22 05:00:00,-0.2968824631432869,7.564238475170491,-0.1613630583535981,-4281.6
2022-07-22 06:00:00,0.5827136353785005,7.506591780070841,-0.13698288974076078,-4750.9
2022-07-22 07:00:00,0.5342955932991522,7.461065514354283,-0.13446354820077122,-4851.9
2022-07-22 08:00:00,0.4935261332180403,7.397561535524052,-0.1056452244419619,-4901.8
2022-07-22 09:00:00,0.6774849034322696,7.293017679772782,-0.08280470754711633,-4864.8
2022-07-22 10:00:00,0.754716553160736,7.1808311990445555,-0.07723475491364695,-4804.7
2022-07-22 11:00:00,0.688376713713446,7.057036981697891,-0.08203413543057447,-4748.2
2022-07-22 12:00:00,0.9462814196803713,6.926577033222725,-0.07702981846106205,-4723.8
2022-07-22 13:00:00,1.2980245507250041,6.8001700683022,-0.07352958086936834,-4659.6
2022-07-22 14:00:00,1.446572339505913,6.698268054115413,-0.0695427989554318,-4630.6
2022-07-22 15:00:00,1.5430323611866825,6.641182169740591,-0.06786564726544508,-4593.9
2022-07-22 16:00:00,1.5965074138157167,6.634633357861686,-0.05179046438166779,-4594.0
2022-07-22 17:00:00,1.4079028995184313,6.666956792429207,-0.04619742392892423,-4638.1
2022-07-22 18:00:00,1.269457286895352,6.731018100482083,-0.03761068377906884,-4668.8
2022-07-22 19:00:00,1.0461458989012895,6.80128303447162,-0.04183904012096917,-4729.8
2022-07-22 20:00:00,0.9242483720023809,6.933423025730715,-0.04801209342859547,-4707.8
2022-07-22 21:00:00,1.0071932270998185,7.106606137727303,-0.06295045611608607,-4658.2
2022-07-22 22:00:00,0.9364945463313261,7.2640301428995295,-0.07593331558682692,-4601.0
2022-07-22 23:00:00,0.9615336673324353,7.359467638255621,-0.08616780272183089,-4516.2
2022-07-23 00:00:00,0.8816497240461816,7.343426229147367,-0.12787118482122395,-4501.4
2022-07-23 01:00:00,0.8736753617548443,7.344072850573066,-0.1468476084243715,-4372.2
2022-07-23 02:00:00,0.9848776282963936,7.334981878871814,-0.14485361747445502,-4344.1
2022-07-23 03:00:00,1.0765921574568122,7.318539548567902,-0.1582617315192092,-4297.9
2022-07-23 04:00:00,1.010592255203341,7.286191714702382,-0.1436355439619632,-4137.7
2022-07-23 05:00:00,0.9711937855073032,7.175489713624222,-0.14139504755924825,-4134.4
2022-07-23 06:00:00,1.325485827226954,6.977281341630747,-0.09846475612830119,-4128.9
2022-07-23 07:00:00,1.4157263405181828,6.756932389247553,-0.09884179383961644,-4272.5
2022-07-23 08:00:00,1.8401864775103434,6.520621127558696,-0.09270876959029994,-4396.6
2022-07-23 09:00:00,1.8387257954277656,6.257667587882639,-0.0858147139722556,-4480.6
2022-07-23 10:00:00,1.8566918008472468,5.983936280687191,-0.07499790524893601,-4474.0
2022-07-23 11:00:00,2.0198904334507635,5.736572297479192,-0.03396810443608089,-4469.0
2022-07-23 12:00:00,2.086118771185003,5.545177444479562,-0.04665047966124991,-4461.4
2022-07-23 13:00:00,2.0940527408901772,5.389071729816501,-0.07922060902777961,-4483.1
2022-07-23 14:00:00,2.2098824373886474,5.262690188904886,-0.05614642679189341,-4476.2
2022-07-23 15:00:00,2.200867490684143,5.14166355650266,-0.05582888539496711,-4482.7
2022-07-23 16:00:00,2.171525649175374,5.056245805348308,-0.0450073423380104,-4454.4
2022-07-23 17:00:00,2.1191216728055355,5.030437921392435,-0.051445999151409794,-4400.1
2022-07-23 18:00:00,2.156979648940064,5.030437921392435,-0.030080271686048654,-4366.6
2022-07-23 19:00:00,2.081447475059389,5.123963979403259,-0.022025822494330605,-4373.4
2022-07-23 20:00:00,2.1567776185156537,5.337538079701318,-0.007720707748236855,-4375.8
2022-07-23 21:00:00,2.117258715017325,5.560681631015528,-0.011471851443307202,-4406.0
2022-07-23 22:00:00,2.062049647736038,5.733341276897746,-0.020600292962497768,-4356.1
2022-07-23 23:00:00,2.1451955238014273,5.805134968916488,-0.00676777273474638,-4240.2
2022-07-24 00:00:00,1.7010494204975957,5.8998973535824915,-0.016601781230930257,-3973.9
2022-07-24 01:00:00,1.708525970731666,5.877735781779639,-0.012193625064390368,-3741.1
2022-07-24 02:00:00,1.6217247638355392,5.7899601708972535,-0.0032172049879903852,-3674.1
2022-07-24 03:00:00,1.4873050875475604,5.717027701406222,0.0007787488125714503,-3706.0
2022-07-24 04:00:00,1.5765823621339168,5.616771097666572,-0.018424411526015483,-3627.1
2022-07-24 05:00:00,1.6547468845502484,5.429345628954441,-0.027293949786160177,-3726.8
2022-07-24 06:00:00,1.6992735060770259,5.1298987149230735,-0.013715019474948242,-4001.3
2022-07-24 07:00:00,1.6004658348727152,4.653960350157523,0.030744618575790916,-4140.2
2022-07-24 08:00:00,1.734379367895785,4.356708826689592,0.015527718531021861,-4329.6
2022-07-24 09:00:00,1.8248263168335237,4.51085950651685,0.007959668430808087,-4455.9
2022-07-24 10:00:00,1.8294491709771887,4.700480365792417,0.018965585055197742,-4517.9
2022-07-24 11:00:00,1.7977108897271887,4.867534450455582,-0.0009224569257693105,-4534.4
2022-07-24 12:00:00,1.7419762733412267,5.111987788356544,-0.0006114235675207524,-4353.4
2022-07-24 13:00:00,1.5657692317500609,5.402677381872279,-0.025621484174497056,-4353.5
2022-07-24 14:00:00,1.4739143231561562,5.713732805509369,-0.014993574580576485,-4387.4
2022-07-24 15:00:00,1.6596260765918918,5.998936561946683,-0.008852313195410133,-4600.0
2022-07-24 16:00:00,1.5068344092126336,6.270988431858299,0.007562628723741582,-4722.0
2022-07-24 17:00:00,1.4916810940572351,6.473890696352274,-0.008049859719845287,-4840.1
2022-07-24 18:00:00,1.2631374954306316,6.680854678790215,0.0039755091664321895,-4897.3
2022-07-24 19:00:00,1.1512585690273283,6.948897222313312,0.026235621094015116,-4938.7
2022-07-24 20:00:00,1.022038329103716,7.1459844677143876,0.024510618270569218,-5009.4
2022-07-24 21:00:00,0.9816446228939006,7.288927694521257,-0.011682629125667532,-5121.8
2022-07-24 22:00:00,0.8271848088020044,7.406103381237015,-0.008389425400401329,-5028.1
2022-07-24 23:00:00,0.8278078912692881,7.471932078245122,-0.02833610576975154,-4939.6
2022-07-25 00:00:00,-0.48346647542534726,7.5688956634069955,-0.04747101478032345,-4347.0
2022-07-25 01:00:00,-0.40025924396504986,7.544861068658458,-0.05444656033898365,-4214.3
2022-07-25 02:00:00,-0.32095867004231926,7.512071245835466,-0.05920664442923318,-4139.1
2022-07-25 03:00:00,-0.3311368524195344,7.482681828154651,-0.08039124519507368,-4117.3
2022-07-25 04:00:00,-0.369257122194925,7.461640392208575,-0.07381309952258963,-4075.9
2022-07-25 05:00:00,-0.5375381040131215,7.415776975415394,-0.08560149811903894,-4136.3
2022-07-25 06:00:00,-0.7811286625078728,7.333023014386481,-0.08588344263668102,-4044.0
2022-07-25 07:00:00,-0.5322957462379816,7.247080584585756,-0.07191284218826244,-4191.6
2022-07-25 08:00:00,-0.40607218964486025,7.221105098182496,-0.06999336038477022,-4226.4
2022-07-25 09:00:00,-0.3764936017996945,7.242797922793756,-0.05607526642053973,-4309.0
2022-07-25 10:00:00,-0.3447343301613306,7.273786317844895,-0.056529991628427645,-4336.7
2022-07-25 11:00:00,-0.2585043884942615,7.2991214627108,-0.06157879007349809,-4288.7
2022-07-25 12:00:00,-0.2821392962351168,7.321188556739478,-0.05460361363613231,-4247.4
2022-07-25 13:00:00,0.08279858426975606,7.335633981927201,-0.04841671587255014,-4334.9
2022-07-25 14:00:00,0.2361861497386024,7.353081920515432,-0.05030382912477993,-4303.9
2022-07-25 15:00:00,0.2374153413650988,7.3758821482150125,-0.05779700943432786,-4293.7
2022-07-25 16:00:00,0.026241471923923676,7.3864708488298945,-0.05469947525464036,-4327.5
2022-07-25 17:00:00,0.2313814239913352,7.365180126021013,-0.05124407898009231,-4394.9
2022-07-25 18:00:00,0.01517872663002473,7.385851078125209,-0.04656951767176043,-4360.5
2022-07-25 19:00:00,-0.08178312524404507,7.3938782901077555,-0.04337828400377841,-4362.5
2022-07-25 20:00:00,-0.3134550714106301,7.409136443920128,-0.05204520586936834,-4286.5
2022-07-25 21:00:00,-0.3996011675018063,7.466227556215481,-0.04421550958550391,-4252.9
2022-07-25 22:00:00,-0.6368279565390333,7.499423290592229,-0.05083238360913267,-4200.1
2022-07-25 23:00:00,-0.5850290899992028,7.471932078245122,-0.0674409168349781,-4022.8
2022-07-26 00:00:00,-0.4243123566749385,7.621195162809845,-0.09928266132755947,-3633.1
2022-07-26 01:00:00,-0.6014335674180149,7.599901959208498,-0.10222055661996166,-3407.4
2022-07-26 02:00:00,-0.7937014415149477,7.553810852008231,-0.10992214983592152,-3237.5
2022-07-26 03:00:00,-0.8086657639129358,7.479299637782834,-0.10979530642003343,-3121.2
2022-07-26 04:00:00,-0.8298208350021641,7.385230923066573,-0.1263228761573778,-2992.6
2022-07-26 05:00:00,-0.7181639005133951,7.2640301428995295,-0.13121039571852933,-2896.8
2022-07-26 06:00:00,-0.6552722722133046,7.093404625868766,-0.12786276306778177,-3255.1
2022-07-26 07:00:00,-0.6701809679244639,6.853299093186078,-0.12421830481953577,-3421.3
2022-07-26 08:00:00,-0.28846836156238487,6.593044534142437,-0.1071045120023495,-3645.4
2022-07-26 09:00:00,-0.6359835357855008,6.371611847231857,-0.10560450283323686,-3583.4
2022-07-26 10:00:00,-0.6252640580146518,6.230481447578482,-0.10027963068637025,-3540.3
2022-07-26 11:00:00,-0.7264990301471359,6.1675164908883415,-0.09061720754711633,-3489.9
2022-07-26 12:00:00,-0.6493097294045191,6.156978985585555,-0.10748420511133272,-3298.9
2022-07-26 13:00:00,-0.7296948256181834,6.16541785423142,-0.0943078735697549,-3212.6
2022-07-26 14:00:00,-0.7190965281094974,6.212606095751519,-0.09692660327672087,-3124.8
2022-07-26 15:00:00,-0.7056058535293626,6.311734809152915,-0.10471651151406824,-3134.7
2022-07-26 16:00:00,-0.6393573577352392,6.447305862541213,-0.10123277300389777,-3237.8
2022-07-26 17:00:00,-0.7510561633932236,6.602587892189336,-0.0950555542338174,-3363.7
2022-07-26 18:00:00,-0.5150455056579437,6.775366090936392,-0.09719691005979936,-3221.1
2022-07-26 19:00:00,-0.6069185399463182,6.9167150203536085,-0.09876025959057877,-3224.2
2022-07-26 20:00:00,-0.5014888923321985,7.057897937411856,-0.09936516314374444,-3220.5
2022-07-26 21:00:00,-0.4377416480142573,7.226936018493289,-0.09900046301581078,-3369.3
2022-07-26 22:00:00,-0.4402878154005099,7.3864708488298945,-0.09727467466385509,-3446.9
2022-07-26 23:00:00,-0.9485263314902659,7.515889085215125,-0.10850445493920358,-3305.9
2022-07-27 00:00:00,-0.9494607413338261,7.552762084214147,-0.14196445553553438,-2679.7
2022-07-27 01:00:00,-0.9022305714376071,7.65728279297819,-0.1424405862064262,-2868.6
2022-07-27 02:00:00,-0.8362417574380081,7.780303087908373,-0.1428224499132389,-3126.5
2022-07-27 03:00:00,-0.8697857184567361,7.892452043520352,-0.14577205063610865,-3366.8
2022-07-27 04:00:00,-0.8822055320241171,7.98139158158007,-0.1568570776797067,-3579.5
2022-07-27 05:00:00,-1.1155882386746294,8.051022208190679,-0.165271261533932,-3865.3
2022-07-27 06:00:00,-1.4605533372827035,8.10892415597534,-0.1653955392235371,-4362.3
2022-07-27 07:00:00,-1.2961598057107935,8.14002395246292,-0.1646925907581025,-4717.8
2022-07-27 08:00:00,-1.1730042161044358,8.130059039992796,-0.1488088140513959,-5098.5
2022-07-27 09:00:00,-1.1767410501930664,8.161089512845797,-0.14505428612093674,-5291.3
2022-07-27 10:00:00,-1.215142784455964,8.192847134592865,-0.1365539748929745,-5290.2
2022-07-27 11:00:00,-1.2762990208858167,8.193400231952097,-0.14006352162003388,-5160.5
2022-07-27 12:00:00,-1.3597533835608073,8.181720455128108,-0.14408850559979935,-5014.4
2022-07-27 13:00:00,-1.3635472434215645,8.147867129923947,-0.12009263628514777,-4833.5
2022-07-27 14:00:00,-1.1941006519518411,8.12740456269308,-0.12031655012555564,-4648.5
2022-07-27 15:00:00,-1.1582747724171623,8.113426639943654,-0.11108926471912373,-4535.3
2022-07-27 16:00:00,-1.2821098156291433,8.096817470572319,-0.11080111717587648,-4397.0
2022-07-27 17:00:00,-1.2448992261097165,8.081165777725433,-0.10039335844393715,-4345.4
2022-07-27 18:00:00,-1.1759772345669577,8.054204897064407,-0.10230012031886115,-4328.5
2022-07-27 19:00:00,-0.9838582574488313,8.014996894348302,-0.10052521598718922,-4367.8
2022-07-27 20:00:00,-0.9285062022630461,7.987864096085687,-0.10600779432049379,-4385.2
2022-07-27 21:00:00,-0.7690444516693715,7.970740390007095,-0.0986070736414888,-4390.4
2022-07-27 22:00:00,-0.5649838358041337,7.955425088912672,-0.09576465994177763,-4360.2
2022-07-27 23:00:00,-0.49329883531968677,7.938088726896952,-0.09579418268461204,-4169.8
2022-07-28 00:00:00,-0.7469122041113692,7.91644286012226,-0.08910105696214643,-3770.7
2022-07-28 01:00:00,-0.7172503285871121,7.884952945759814,-0.08251372692542791,-3601.9
2022-07-28 02:00:00,-0.6260155611494074,7.850882664809852,-0.07221190432971447,-3479.0
2022-07-28 03:00:00,-0.5635556427501367,7.8160138391590275,-0.0584007896318699,-3413.5
2022-07-28 04:00:00,-0.41748543688082185,7.771910256435763,-0.06264665176560325,-3444.1
2022-07-28 05:00:00,-0.28932741616740487,7.698029170272805,-0.059292737226504855,-3629.1
2022-07-28 06:00:00,-0.41024307403096794,7.622663951323595,-0.05164708066971446,-4046.6
2022-07-28 07:00:00,-0.25113450843698537,7.607381425639791,-0.04277521726962075,-4340.5
2022-07-28 08:00:00,-0.2806569527630005,7.553810852008231,-0.0196764459298846,-4360.0
2022-07-28 09:00:00,-0.1769889172112289,7.468513271496337,-0.02082816272946264,-4327.6
2022-07-28 10:00:00,-0.11156391203646576,7.344719054149673,-0.012842647121613204,-4355.8
2022-07-28 11:00:00,0.08875406021028098,7.206377291472252,0.007151438175179159,-4371.2
2022-07-28 12:00:00,0.24206989003338597,7.071573364211532,-0.006142291652451171,-4275.8
2022-07-28 13:00:00,0.39713622895635403,6.940222469119639,-0.009323835353733045,-4208.2
2022-07-28 14:00:00,0.6237102909172969,6.80903930604298,-0.0036839120373475254,-4167.2
2022-07-28 15:00:00,0.941010585667656,6.682108597449809,-0.008401064494126587,-4146.7
2022-07-28 16:00:00,0.815942119864256,6.573680166960646,-0.0021426399907920057,-4177.6
2022-07-28 17:00:00,0.7186053874690765,6.459904454377535,-0.0021386065942694543,-4186.4
2022-07-28 18:00:00,0.7787817767928873,6.329720905522696,-0.0021497035352782135,-4224.4
2022-07-28 19:00:00,0.9476104828810241,6.180016653652572,0.007713225266177126,-4230.5
2022-07-28 20:00:00,0.9743057257588448,6.152732694704104,0.0018302169128467938,-4246.5
2022-07-28 21:00:00,0.9853133014510904,6.315358001522335,0.004868563402453674,-4275.6
2022-07-28 22:00:00,0.9737715209428148,6.486160788944089,0.013437460295571135,-4238.3
2022-07-28 23:00:00,1.1168501329945641,6.553933404025811,0.016806900215468268,-4222.8
2022-07-29 00:00:00,1.3668305763451127,6.588926477533519,0.008605770644688704,-4237.6
2022-07-29 01:00:00,1.4417453679055856,6.542471960506805,0.01797950033872553,-3999.8
2022-07-29 02:00:00,1.4200894286752832,6.47543271670409,0.03660790339246045,-3826.6
2022-07-29 03:00:00,1.3352821284061371,6.400257445308821,0.039862594707459564,-3658.0
2022-07-29 04:00:00,1.3133228456615078,6.2878585601617845,0.02995974844822502,-3703.3
2022-07-29 05:00:00,1.2112784951423614,6.054439346269371,0.024218243510868653,-4014.0
2022-07-29 06:00:00,0.9464712808024349,5.66988092298052,0.0338481722615942,-4231.1
2022-07-29 07:00:00,0.9617100708278663,5.075173815233827,0.03647268636805823,-4247.6
2022-07-29 08:00:00,0.8971191658964597,4.553876891600541,0.04739898240614249,-4237.9
2022-07-29 09:00:00,0.9964510609007311,4.454347296253507,0.0617895855599242,-4173.5
2022-07-29 10:00:00,1.0826623247800367,4.418840607796598,0.06465649245025151,-4163.2
2022-07-29 11:00:00,1.0701852020856402,4.356708826689592,0.0637458792701473,-4177.5
2022-07-29 12:00:00,1.1753368729783902,4.2626798770413155,0.06941914160018836,-4224.8
2022-07-29 13:00:00,1.2180245552778493,4.189654742026425,0.053319700024768935,-4245.2
2022-07-29 14:00:00,1.3283490661140456,4.127134385045092,0.06260259206121432,-4276.4
2022-07-29 15:00:00,1.362883706070272,4.110873864173311,0.0631257834067327,-4286.6
2022-07-29 16:00:00,1.421273585357623,4.1588830833596715,0.07320949319338599,-4319.2
2022-07-29 17:00:00,1.300177879858757,4.23410650459726,0.07248368093914337,-4338.4
2022-07-29 18:00:00,1.2449543239504068,4.418840607796598,0.07439437459742582,-4342.0
2022-07-29 19:00:00,1.2736027004152506,4.812184355372417,0.06743134778802862,-4345.9
2022-07-29 20:00:00,1.2908652631942794,5.2832037287379885,0.06509147650582925,-4366.8
2022-07-29 21:00:00,1.3729461417310942,5.641907070938114,0.06127175182131861,-4421.4
2022-07-29 22:00:00,1.5479755292862687,5.918893854273146,0.059549297168957516,-4415.9
2022-07-29 23:00:00,1.6949832269164027,6.028278520230698,0.04533450567591135,-4412.7
2022-07-30 00:00:00,1.295593451009898,5.860786223465865,0.021846491879915497,-3858.1
2022-07-30 01:00:00,1.2281146931045543,5.796057750765372,0.015096951207612008,-3638.3
2022-07-30 02:00:00,1.2474999905843909,5.700443573390687,0.02192397586186523,-3515.9
2022-07-30 03:00:00,1.27281228925322,5.602118820879701,0.02729831989325593,-3433.8
2022-07-30 04:00:00,1.2854941090511232,5.545177444479562,0.01380136951611366,-3381.9
2022-07-30 05:00:00,1.142057076113896,5.459585514144159,0.019222167503755827,-3481.6
2022-07-30 06:00:00,0.9819860641823319,5.298317366548036,0.024338564256222384,-3578.3
2022-07-30 07:00:00,0.9510809069691213,5.0106352940962555,0.02304802376942039,-3812.8
2022-07-30 08:00:00,0.9397931515408766,4.6443908991413725,0.02253185466723373,-4027.8
2022-07-30 09:00:00,0.8920811559043651,4.6443908991413725,0.008465776364053212,-4107.9
2022-07-30 10:00:00,0.8784513274905459,4.804021044733257,0.004593538879036352,-4087.0
2022-07-30 11:00:00,1.0255224190135013,4.919980925828125,0.018932189672357325,-4120.0
2022-07-30 12:00:00,1.095667240025099,5.093750200806762,-0.00409086524245339,-4163.3
2022-07-30 13:00:00,1.1084937103582893,5.2832037287379885,-0.022513634671827987,-4209.9
2022-07-30 14:00:00,1.2449906969115268,5.455321115357702,0.009264234126923121,-4209.3
2022-07-30 15:00:00,1.2387752019229832,5.631211781821365,0.0029694107409818926,-4280.9
2022-07-30 16:00:00,1.2114322946428255,5.755742213586912,0.007766070007160231,-4321.0
2022-07-30 17:00:00,0.9945717505699148,5.84354441703136,0.0009436508480717976,-4345.9
2022-07-30 18:00:00,0.9157715436543157,5.91350300563827,0.00544258897246408,-4362.8
2022-07-30 19:00:00,0.8318641594814009,6.113682179832232,-0.0026480535279960193,-4376.5
2022-07-30 20:00:00,0.870707602694127,6.410174881966167,0.006847708080053749,-4391.3
2022-07-30 21:00:00,0.949509171379483,6.732210706467206,0.01119200813390453,-4478.0
2022-07-30 22:00:00,0.9801732419704159,6.939253946041508,0.007408719322718582,-4493.8
2022-07-30 23:00:00,0.8810969751949704,7.004881989712859,0.010725384712770847,-4269.6
2022-07-31 00:00:00,0.8857631234803294,6.966024187106113,-0.00439720563846091,-3743.7
2022-07-31 01:00:00,1.0101622942528299,6.905753276311464,0.0026330218821843943,-3506.0
2022-07-31 02:00:00,1.0499661656874264,6.874198495453294,0.0054545087936270775,-3428.7
2022-07-31 03:00:00,1.0475152368983216,6.837332814685591,0.01746566759758572,-3350.7
2022-07-31 04:00:00,1.0418110447715723,6.779921907472252,0.01249749881257145,-3271.2
2022-07-31 05:00:00,0.9232353510262077,6.626717749249025,0.007362984022884156,-3183.9
2022-07-31 06:00:00,0.9132192709305409,6.408528791059498,0.0032140426255002907,-3208.2
2022-07-31 07:00:00,0.7221679653454607,6.061456918928017,0.013206997910462981,-3446.2
2022-07-31 08:00:00,0.6562571295738682,5.799092654460526,-0.013373885541627217,-3726.3
2022-07-31 09:00:00,0.5240166148494629,5.817111159963204,-0.023743274810670734,-3973.8
2022-07-31 10:00:00,0.58280992033235,5.910796644040527,-0.018854048213388985,-4089.1
2022-07-31 11:00:00,0.490135359018919,5.998936561946683,-0.04174445144602501,-4112.2
2022-07-31 12:00:00,0.6167969572883956,6.056784013228625,-0.04773866521034442,-4063.2
2022-07-31 13:00:00,0.5598980290397395,6.07073772800249,-0.08584525975463286,-4052.6
2022-07-31 14:00:00,0.6668506411701474,6.045005314036012,-0.0905851042469834,-4004.4
2022-07-31 15:00:00,0.726128198285938,6.037870919922137,-0.09109041143238272,-3993.2
2022-07-31 16:00:00,0.7832646710542384,6.040254711277414,-0.09014604460663556,-4108.9
2022-07-31 17:00:00,0.4901800920742754,6.025865973825314,-0.11079501801168856,-4123.7
2022-07-31 18:00:00,0.44485849484036466,6.061456918928017,-0.10086902962519417,-4090.1
2022-07-31 19:00:00,0.33194735137276865,6.18826412308259,-0.09341240598069689,-4110.6
2022-07-31 20:00:00,0.28355929016171055,6.345636360828596,-0.0928629337389637,-4142.7
2022-07-31 21:00:00,0.34686456956698386,6.573680166960646,-0.07265525860178279,-4220.5
2022-07-31 22:00:00,0.4474645757453879,6.726233402358747,-0.07386735477990847,-4152.3
2022-07-31 23:00:00,0.3697869762062007,6.680854678790215,-0.06295205253628477,-3990.2
2022-08-01 00:00:00,-0.4325868741558385,6.704414354964107,-0.028466073566983496,-3564.6
2022-08-01 01:00:00,-0.4075305288032749,6.620073206530356,-0.04500855001357529,-3422.7
2022-08-01 02:00:00,-0.36802584760260126,6.586171654854675,-0.05244387225793368,-3371.0
2022-08-01 03:00:00,-0.3943357917782224,6.591673732008658,-0.07676599776105597,-3331.0
2022-08-01 04:00:00,-0.3987915773211772,6.598509028614515,-0.07122571172805081,-3415.4
2022-08-01 05:00:00,-0.5479951474429252,6.584791392385716,-0.08247031200328081,-3546.8
2022-08-01 06:00:00,-0.35241826002095555,6.493753839851686,-0.07865935313907624,-3839.5
2022-08-01 07:00:00,-0.31434881485618016,6.324358962381311,-0.07686378866492216,-3983.1
2022-08-01 08:00:00,-0.5365996085216524,6.269096283706261,-0.0680628204404723,-4042.4
2022-08-01 09:00:00,-0.6087089727887083,6.393590753950631,-0.05997123257331882,-4106.6
2022-08-01 10:00:00,-0.7080479999041613,6.583409222158765,-0.05285198419487891,-4183.3
2022-08-01 11:00:00,-0.659748425689703,6.692083742506628,-0.04688078520174965,-4221.1
2022-08-01 12:00:00,-0.6717759027175072,6.816735880594968,-0.050340410648467504,-4263.6
2022-08-01 13:00:00,-0.533403600174994,6.933423025730715,-0.04210181328150764,-4263.4
2022-08-01 14:00:00,-0.47621804331337136,6.948897222313312,-0.046934969925507275,-4187.1
2022-08-01 15:00:00,-0.46189321474791134,6.960347729101308,-0.047103642318549355,-4178.9
2022-08-01 16:00:00,-0.5203513613059405,6.961296045910167,-0.04677032278010529,-4222.4
2022-08-01 17:00:00,-0.5806627780750957,7.009408932708637,-0.02755950600074275,-4237.2
2022-08-01 18:00:00,-0.7235418261567621,7.030857476116121,-0.022341009555938207,-4298.9
2022-08-01 19:00:00,-0.7868171809966293,7.05444965813294,-0.02553709326979714,-4306.3
2022-08-01 20:00:00,-0.7308202748871482,7.103322062526113,-0.03139329546483527,-4326.7
2022-08-01 21:00:00,-0.7595762486370483,7.157735484249907,-0.03196551836202932,-4239.2
2022-08-01 22:00:00,-0.7558559644314227,7.22983877815125,-0.018708819388791653,-4163.9
2022-08-01 23:00:00,-0.6021955368215832,7.29641326877392,-0.015567851658681242,-3835.4
2022-08-02 00:00:00,-0.9563299373693588,7.355001921105257,-0.01776697984782416,-3350.5
2022-08-02 01:00:00,-0.8535538380357544,7.404279118037268,-0.01943534140784564,-3155.8
2022-08-02 02:00:00,-0.8861573755780114,7.443078374348516,-0.026115108958882693,-3138.2
2022-08-02 03:00:00,-0.9400990107320664,7.468513271496337,-0.03793014969348807,-3150.7
2022-08-02 04:00:00,-0.9873624809584789,7.479299637782834,-0.045100338692633635,-3207.1
2022-08-02 05:00:00,-1.1364426721152052,7.433666540166168,-0.0440636791398461,-3358.8
2022-08-02 06:00:00,-0.902238020741291,7.283448228756631,-0.04942272272367454,-3783.9
2022-08-02 07:00:00,-1.0101018432788642,7.089243155027514,-0.05936669790810001,-4117.3
2022-08-02 08:00:00,-1.1202617487733653,6.939253946041508,-0.0412542691843365,-4291.4
2022-08-02 09:00:00,-1.0698683637225939,6.807934943699926,-0.027021894806225077,-4320.5
2022-08-02 10:00:00,-0.9447419531999395,6.693323668269949,-0.014963800136254868,-4313.6
2022-08-02 11:00:00,-0.9751052394344284,6.620073206530356,0.012457662445068962,-4367.6
2022-08-02 12:00:00,-0.9005196793458405,6.54534966033442,-0.010156981178207403,-4342.6
2022-08-02 13:00:00,-0.7949837843967833,6.48768401848461,0.0073555755539898016,-4324.4
2022-08-02 14:00:00,-0.8407908291702166,6.42648845745769,0.008993805541392064,-4281.2
2022-08-02 15:00:00,-0.8093947081256672,6.416732282512326,0.013174640723852882,-4172.4
2022-08-02 16:00:00,-0.8356101976700452,6.484635235635252,0.009403235910634855,-4142.6
2022-08-02 17:00:00,-0.8264215789372948,6.51025834052315,0.02576258776934548,-4148.9
2022-08-02 18:00:00,-0.881150690131125,6.484635235635252,0.02690671236108333,-4136.5
2022-08-02 19:00:00,-0.8727583329512596,6.5722825426940075,0.023093980387216995,-4132.6
2022-08-02 20:00:00,-0.9751949000159712,6.815639990074331,0.0234420980814134,-4035.4
2022-08-02 21:00:00,-1.1019968749514755,7.0909098220799835,0.022260941391192723,-4071.4
2022-08-02 22:00:00,-1.3036852729908892,7.322510433997394,0.0448843713985676,-4047.8
2022-08-02 23:00:00,-1.4970445212901005,7.45876269238096,0.05963711537853822,-3800.8
2022-08-03 00:00:00,-1.6883577296038652,7.631916513071252,0.049396121277870186,-3291.0
2022-08-03 01:00:00,-1.589876420810015,7.62608275807238,0.053362191558769645,-3163.4
2022-08-03 02:00:00,-1.553051240756304,7.577121930876679,0.05357403779869241,-3084.7
2022-08-03 03:00:00,-1.5842745553123125,7.487173694213739,0.04584658573411904,-2940.5
2022-08-03 04:00:00,-1.5458961227916725,7.385230923066573,0.0397373480632206,-2795.1
2022-08-03 05:00:00,-1.5586236256211583,7.27931883541462,0.03683072824401812,-2909.6
2022-08-03 06:00:00,-1.317813934526079,7.187657164114956,0.02216564372973373,-3178.0
2022-08-03 07:00:00,-1.2138686180379152,7.104144092987527,0.004105139452986073,-3750.5
2022-08-03 08:00:00,-1.2362466353817654,7.0630481633881725,0.010104237699271934,-3970.8
2022-08-03 09:00:00,-1.2635802226729638,7.113142108707088,0.01682008576538685,-4156.5
2022-08-03 10:00:00,-1.3672453903355772,7.227662498728654,0.023977523974757275,-4242.4
2022-08-03 11:00:00,-1.5769070026336256,7.388327859577107,0.03112044803013081,-4195.9
2022-08-03 12:00:00,-1.844304598850719,7.543802867501509,0.007790920701782333,-4117.6
2022-08-03 13:00:00,-1.878208318631731,7.642044402873258,0.02261927722247048,-4109.6
2022-08-03 14:00:00,-1.9756946739271881,7.70796153183549,0.012855425457890313,-4055.4
2022-08-03 15:00:00,-2.0211687753652097,7.763871287820222,-0.0006892029682861178,-4086.2
2022-08-03 16:00:00,-2.040409444810039,7.785305182539862,-0.013374236272402307,-4112.0
2022-08-03 17:00:00,-2.0513205733682325,7.775695749915245,0.004736715179443962,-4040.2
2022-08-03 18:00:00,-1.9571176356988016,7.758760544157663,0.004621911696563785,-3898.5
2022-08-03 19:00:00,-1.871165844528142,7.7475968386928855,0.0006486212360350407,-3844.5
2022-08-03 20:00:00,-1.821573350271703,7.718240951959316,-0.0015349483429867306,-3613.8
2022-08-03 21:00:00,-1.826393328731025,7.65491704784832,-0.0007969083048120496,-3296.9
2022-08-03 22:00:00,-1.7053789599579467,7.588829878307813,0.016959874215192627,-3018.7
2022-08-03 23:00:00,-1.5976152754302162,7.537430036586509,0.030371742578633842,-2828.2
2022-08-04 00:00:00,-1.7019141418643733,7.425953657077541,0.032790001134100244,-2308.9
2022-08-04 01:00:00,-1.5766088599045078,7.336285660021297,0.026097911007719077,-2070.7
2022-08-04 02:00:00,-1.524632872526164,7.259819610363186,0.018660779393948168,-1935.3
2022-08-04 03:00:00,-1.4133686020034537,7.176254532017144,0.005169790813736697,-1815.3
2022-08-04 04:00:00,-1.3343085410244864,7.0925737159746784,-0.00863776822472584,-1777.1
2022-08-04 05:00:00,-1.1801901426970023,6.97914527506881,-0.015127843221505621,-1818.9
2022-08-04 06:00:00,-1.004843670494397,6.80128303447162,-0.028265175266852793,-2587.1
2022-08-04 07:00:00,-0.6534049974747327,6.588926477533519,-0.044544786271967673,-3128.5
2022-08-04 08:00:00,-0.9228453685454312,6.429719478039138,-0.036971689970458854,-3360.1
2022-08-04 09:00:00,-0.8955326551471652,6.340359303727752,-0.037309888035107264,-3420.2
2022-08-04 10:00:00,-1.126542643282745,6.3578422665081,-0.0324512662149683,-3328.6
2022-08-04 11:00:00,-1.2214622561554496,6.47543271670409,-0.006449985844468209,-3242.4
2022-08-04 12:00:00,-1.2715596869529247,6.656726524178391,-0.03419559991471477,-3337.0
2022-08-04 13:00:00,-1.1885570947118769,6.814542897259958,-0.04658817982315888,-3312.5
2022-08-04 14:00:00,-1.2827672828803043,6.950814768442584,-0.04421607467101207,-3285.6
2022-08-04 15:00:00,-1.2466006963677643,7.069874128458572,-0.05245750686216066,-3390.7
2022-08-04 16:00:00,-1.054940181084616,7.299797366758161,-0.06281016248455629,-3933.8
2022-08-04 17:00:00,-1.1231381045618059,7.356279876550748,-0.054635092606024394,-4078.7
2022-08-04 18:00:00,-1.0028847403573984,7.355641102974253,-0.05387184995403871,-4087.3
2022-08-04 19:00:00,-1.1097112906231716,7.371489295214277,-0.05816039526198136,-3983.8
2022-08-04 20:00:00,-1.3088601965965587,7.450660796211539,-0.06721969855010723,-3713.3
2022-08-04 21:00:00,-1.3662982750126837,7.537962659768208,-0.06765155374501841,-3449.5
2022-08-04 22:00:00,-1.3520700738651732,7.614805364711073,-0.05748921018068476,-3165.9
2022-08-04 23:00:00,-1.3428954886228588,7.643003635560718,-0.045697753596938284,-3080.4
2022-08-05 00:00:00,-1.5664741844622432,7.713784616598755,-0.03323485982465346,-2923.8
2022-08-05 01:00:00,-1.4938655537688734,7.659642954564682,-0.02583494207416237,-2754.3
2022-08-05 02:00:00,-1.4267781093005922,7.554334823725748,-0.01081742664628127,-2585.9
2022-08-05 03:00:00,-1.3458687192954963,7.438971592395862,-0.012328215535093001,-2418.6
2022-08-05 04:00:00,-1.3241261256961232,7.351158226430694,-0.030810371764345312,-2292.8
2022-08-05 05:00:00,-1.3393563206817334,7.242797922793756,-0.04155689431160692,-2370.0
2022-08-05 06:00:00,-1.160987687752662,7.01301578963963,-0.062096926780310646,-2904.4
2022-08-05 07:00:00,-0.8589598928092816,6.729824070489475,-0.0713306562876923,-3357.9
2022-08-05 08:00:00,-0.71088004166679,6.453624998892692,-0.06266053092859547,-3731.8
2022-08-05 09:00:00,-0.5079859842881511,6.180016653652572,-0.05483442900057778,-3774.6
2022-08-05 10:00:00,-0.21097268311668715,5.8998973535824915,-0.048801782776974,-3722.9
2022-08-05 11:00:00,-0.1749391848558166,5.594711379601839,-0.04508526056206641,-3744.4
2022-08-05 12:00:00,-0.234021409766767,5.318119993844216,-0.045483362683547135,-3768.1
2022-08-05 13:00:00,-0.12155992352126521,5.10594547390058,-0.06206936180453049,-3835.6
2022-08-05 14:00:00,0.3214333071894515,4.983606621708336,-0.04786817887953898,-3877.2
2022-08-05 15:00:00,-0.1177558694229095,4.90527477843843,-0.046917925692270046,-3766.8
2022-08-05 16:00:00,-0.03782371092054637,4.852030263919617,-0.04742837044106096,-3725.6
2022-08-05 17:00:00,0.12458655164095012,4.867534450455582,-0.03999107619809816,-3725.6
2022-08-05 18:00:00,-0.25003999484715145,4.941642422609304,-0.04002342996503572,-3715.3
2022-08-05 19:00:00,-0.42413136457696465,5.181783550292085,-0.03932761969582188,-3654.7
2022-08-05 20:00:00,-0.5300406937251285,5.529429087511423,-0.03968954992987328,-3402.2
2022-08-05 21:00:00,-0.7486994552976989,5.87493073085203,-0.038501389755386306,-3074.0
2022-08-05 22:00:00,-0.7776188790837262,6.175867270105761,-0.02963455103734347,-2730.5
2022-08-05 23:00:00,-0.7621265806383937,6.424869023905388,-0.020636027102729493,-2444.8
2022-08-06 00:00:00,-0.21680789796864186,6.688354713946762,-0.025530277956211656,-2457.9
2022-08-06 01:00:00,-0.6398516740965308,6.840546529288687,-0.02848380332190814,-2260.1
2022-08-06 02:00:00,-0.6937979280987634,6.961296045910167,-0.020742560410530686,-2169.1
2022-08-06 03:00:00,-0.6928087381039523,7.091742115095153,-0.017845805723798236,-2180.0
2022-08-06 04:00:00,-0.7423376534735149,7.27655640271871,-0.0186117786021871,-2283.1
2022-08-06 05:00:00,-0.9441614132218838,7.4073177104694174,-0.016565213526758882,-2333.2
2022-08-06 06:00:00,-0.9759229947516763,7.494430215031565,-0.014596725007790745,-2434.0
2022-08-06 07:00:00,-1.3007210259965338,7.527255919373784,-0.02224287335216868,-2595.0
2022-08-06 08:00:00,-1.4687513802801555,7.571473648851271,-0.03127254192315032,-2678.0
2022-08-06 09:00:00,-1.4577661953961811,7.602900462204755,-0.029981930918168587,-2771.0
2022-08-06 10:00:00,-1.623708110201307,7.628517626575055,-0.023006267001200342,-2655.8
2022-08-06 11:00:00,-1.5411923267565286,7.6324011266014535,0.008900038467269944,-2633.9
2022-08-06 12:00:00,-1.4868023714865726,7.616775808698373,0.0015020337159077357,-2644.6
2022-08-06 13:00:00,-1.4185054779753166,7.611347717403621,-0.007747914945926304,-2681.1
2022-08-06 14:00:00,-1.3605202611114209,7.629489916393995,0.014587841800849155,-2738.8
2022-08-06 15:00:00,-1.3883691128360212,7.6638772587034705,0.014676417327233793,-2793.8
2022-08-06 16:00:00,-1.4600575530974085,7.746732907753622,0.004730706571880461,-2957.9
2022-08-06 17:00:00,-1.4927263003844675,7.822044008185619,0.005203824303187332,-3108.6
2022-08-06 18:00:00,-0.8147880270716383,7.889084407035514,0.014599451452155243,-4007.3
2022-08-06 19:00:00,-0.7935794075689255,7.927324360309794,0.022833700744416596,-4187.8
2022-08-06 20:00:00,-0.86460298203865,7.976938756959434,0.028677902215777706,-4102.1
2022-08-06 21:00:00,-0.7273991261836037,8.010359588919783,0.0303415357495167,-4263.5
2022-08-06 22:00:00,-1.239320863400432,8.034306936339489,0.05388729832532668,-3995.3
2022-08-06 23:00:00,-1.575015118557442,8.033334015880062,0.0629263280612209,-3661.6
2022-08-07 00:00:00,-1.826941836062546,7.977625098784593,0.06912024154284513,-3139.1
2022-08-07 01:00:00,-1.7808245685516568,7.946617563244473,0.08480080244837662,-2955.8
2022-08-07 02:00:00,-1.8070527373411236,7.91644286012226,0.08492917019467416,-2836.3
2022-08-07 03:00:00,-1.873728035648236,7.875499292445208,0.09281987148861948,-2734.4
2022-08-07 04:00:00,-1.814001765582832,7.829232537543592,0.09904319641201553,-2644.3
2022-08-07 05:00:00,-1.8294836714449045,7.7752758464868625,0.10091499596894593,-2589.0
2022-08-07 06:00:00,-1.5811523387903257,7.682943169878292,0.10053261397181412,-2706.3
2022-08-07 07:00:00,-1.8804418227921642,7.612336837167746,0.08806204470216272,-2595.8
2022-08-07 08:00:00,-1.8435552502513666,7.569411792450712,0.07741763954804615,-2614.0
2022-08-07 09:00:00,-0.9805729361185946,7.501082124259871,0.07204660600928747,-3079.2
2022-08-07 10:00:00,-0.5393661353040957,7.415175109613295,0.07325413151988691,-3570.5
2022-08-07 11:00:00,-0.4639002785523796,7.3343293503005365,0.08820774480113691,-3794.8
2022-08-07 12:00:00,-0.36358056775190706,7.261225091971921,0.0829970142230021,-3846.6
2022-08-07 13:00:00,-0.296843445864861,7.197435354096591,0.05599118581683893,-3791.8
2022-08-07 14:00:00,-0.258993174082089,7.134093721192866,0.06462229502116745,-3768.9
2022-08-07 15:00:00,-0.21073199840390888,7.060476365999801,0.06458570804832053,-3974.9
2022-08-07 16:00:00,0.020281456865091307,6.974478911025045,0.04882743889373575,-4190.5
2022-08-07 17:00:00,0.6171010179624141,6.836259277277067,0.04119429359192228,-4440.8
2022-08-07 18:00:00,0.7467014706671153,6.646390514847729,0.04528769902661267,-4785.5
2022-08-07 19:00:00,1.2086544576489229,6.434546518787453,0.04258058971168399,-4680.7
2022-08-07 20:00:00,0.9509892509529103,6.322565239927284,0.04025341842252228,-4638.0
2022-08-07 21:00:00,1.0268413801461125,6.349138991379798,0.04433629211429935,-4666.0
2022-08-07 22:00:00,0.9138360871149538,6.405228458030842,0.06047209057718206,-4477.6
2022-08-07 23:00:00,0.7655869270565407,6.396929655216146,0.0872630517671027,-4155.3
2022-08-08 00:00:00,0.38776848252007357,6.376726947898627,0.09438759953835962,-4097.9
2022-08-08 01:00:00,0.7481565021990662,6.309918278226516,0.09831806548559552,-3937.3
2022-08-08 02:00:00,0.9024757124860572,6.240275845170769,0.10023296795102432,-3911.8
2022-08-08 03:00:00,1.0415555104810403,6.161207321695077,0.09772859741869322,-3901.3
2022-08-08 04:00:00,1.1383898197296274,6.0473721790462776,0.09024646261483049,-3950.1
2022-08-08 05:00:00,1.770309366915444,5.855071922202427,0.08013474642956364,-4039.5
2022-08-08 06:00:00,2.387903130122152,5.545177444479562,0.055367162533636716,-3906.4
2022-08-08 07:00:00,2.0777571908208285,5.117993812416755,0.04287811147679488,-3980.3
2022-08-08 08:00:00,1.9781815828807217,4.672828834461906,0.048067517401409354,-3979.9
2022-08-08 09:00:00,2.0741241262779972,4.574710978503383,0.05308402834003978,-3976.2
2022-08-08 10:00:00,1.9514948945774417,4.663439094112067,0.05541490677016192,-3985.2
2022-08-08 11:00:00,1.9623745672386699,4.718498871295094,0.05647910890644603,-3956.1
2022-08-08 12:00:00,1.9837349612924804,4.718498871295094,0.054125003906459135,-3895.8
2022-08-08 13:00:00,2.0995259704591076,4.700480365792417,0.06026395834754883,-3858.4
2022-08-08 14:00:00,2.1117043762595546,4.77912349311153,0.058705814792449296,-3873.3
2022-08-08 15:00:00,2.100381858801427,4.90527477843843,0.046235216380621225,-3889.8
2022-08-08 16:00:00,2.1319713580047424,5.0106352940962555,0.03508446234925344,-3864.0
2022-08-08 17:00:00,2.257978554255983,4.990432586778736,0.03612248403521168,-4038.4
2022-08-08 18:00:00,2.0658392135386023,4.890349128221754,0.029296341260260483,-4143.2
2022-08-08 19:00:00,2.072451697682035,4.90527477843843,0.02523523210362555,-4156.4
2022-08-08 20:00:00,2.269938757731664,5.10594547390058,0.02728656521316175,-4124.3
2022-08-08 21:00:00,2.18678561677649,5.384495062789089,0.02786669386232088,-4118.5
2022-08-08 22:00:00,2.2864119268824705,5.723585101952381,0.028566297317781597,-4042.2
2022-08-08 23:00:00,2.575939039620314,6.008813185442595,0.04816663982836733,-4190.1
2022-08-09 00:00:00,2.626852017090302,6.300785794663244,0.08037328783651443,-3787.4
2022-08-09 01:00:00,2.7146664848584923,6.51471269087253,0.08625542524373575,-3697.2
2022-08-09 02:00:00,2.73625513743635,6.684611727667927,0.0821626832000728,-3744.5
2022-08-09 03:00:00,2.673091856733812,6.825460036255307,0.07919520754392462,-3832.5
2022-08-09 04:00:00,2.2728781774915294,6.903747257584598,0.07606679494799096,-3927.5
2022-08-09 05:00:00,2.348244267204783,6.901737206656574,0.06402264665572499,-4014.6
2022-08-09 06:00:00,0.3055114268649799,6.823286122355687,0.039948574996367725,-4450.0
2022-08-09 07:00:00,0.03105974987118909,6.734591659972948,0.02272003997742722,-4450.0
2022-08-09 08:00:00,0.7300538039895876,6.455198563340122,0.017918856530149796,-4450.0
2022-08-09 09:00:00,0.4861805909881669,6.137727054086234,0.02084040290939715,-4450.0
2022-08-09 10:00:00,0.7517506478291418,6.040254711277414,0.017054616117240684,-4450.0
2022-08-09 11:00:00,0.23613674673797824,6.095824562432225,0.03326465495103026,-4450.0
2022-08-09 12:00:00,0.13124681327098298,6.18826412308259,0.007438780712172743,-4450.0
2022-08-09 13:00:00,0.1726002418649224,6.253828811575473,0.019851627667731186,-4450.0
2022-08-09 14:00:00,0.29188621191712816,6.284134161070802,0.012959441934738969,-4450.0
2022-08-09 15:00:00,0.4960200532366459,6.26530121273771,0.015816650186692094,-4450.0
2022-08-09 16:00:00,1.3598394304594796,6.218600119691729,0.0028025518792826887,-4450.0
2022-08-09 17:00:00,1.1313777458302035,6.182084906716632,0.005493832434893875,-4450.0
2022-08-09 18:00:00,0.7439188844830031,6.175867270105761,0.0024588478853333484,-4450.0
2022-08-09 19:00:00,1.0577273457784218,6.220590170099739,-0.00013972317536570245,-4450.0
2022-08-09 20:00:00,0.6056258322025672,6.369900982828227,0.006015383609237368,-4450.0
2022-08-09 21:00:00,0.5746673308818329,6.595780513961311,0.004716631740283361,-4450.0
2022-08-09 22:00:00,1.864082780510608,6.803505257608338,0.013943436387778618,-3880.9
2022-08-09 23:00:00,0.18259764981724835,6.950814768442584,0.023217524504968168,-3486.5
2022-08-10 00:00:00,-0.1357532919329305,6.949856455000773,0.02258885704672675,-2624.7
2022-08-10 01:00:00,-0.6607828421974773,6.960347729101308,0.02430816016574955,-2360.7
2022-08-10 02:00:00,-0.7141922490149648,6.9584483932976555,0.018131190868893476,-2271.8
2022-08-10 03:00:00,-0.9222472834661717,7.00033446027523,0.01323500014535739,-2225.6
2022-08-10 04:00:00,-1.1214157485700207,7.076653815443951,0.007914717150491413,-2245.9
2022-08-10 05:00:00,-1.1205733122264399,7.134093721192866,-0.0036792051097167544,-2615.6
2022-08-10 06:00:00,-0.41007656551968896,7.146772179452637,-0.024555034091044092,-3282.1
2022-08-10 07:00:00,0.03760883800378023,7.123672785204607,-0.04013480679206882,-4075.7
2022-08-10 08:00:00,0.23070162943013273,7.018401799069201,-0.04000512420326263,-4300.0
2022-08-10 09:00:00,-0.43977567350095326,6.879355804460439,-0.033435186797471594,-4000.0
2022-08-10 10:00:00,-0.391852069588869,6.754604099487962,-0.035458837710576674,-4000.0
2022-08-10 11:00:00,-0.5096711888979808,6.767343125265392,-0.0353968961433182,-3800.0
2022-08-10 12:00:00,-0.46881336764385395,6.8885724595653635,-0.055346415568619634,-3800.0
2022-08-10 13:00:00,-0.31382629272763385,6.99117688712121,-0.03396819740699275,-3800.0
2022-08-10 14:00:00,-0.2723849134721501,6.975413927455952,-0.03544370015514886,-3800.0
2022-08-10 15:00:00,-0.2644514339273605,6.939253946041508,-0.031025199577425333,-3800.0
2022-08-10 16:00:00,-0.27486424261331077,6.931471805599453,-0.03563485192840332,-3800.0
2022-08-10 17:00:00,-0.3058004967902068,6.926577033222725,-0.025275540710807398,-3800.0
2022-08-10 18:00:00,-0.3956562650262576,6.9874902470009905,-0.027041225120638224,-3800.0
2022-08-10 19:00:00,-0.4283338751369583,7.190676034332207,-0.026434956988389047,-3800.0
2022-08-10 20:00:00,-0.513463919430674,7.472500744737558,-0.02747496935160232,-3722.3
2022-08-10 21:00:00,-0.5558696565736891,7.708410667257367,-0.025574500712528092,-3657.0
2022-08-10 22:00:00,-1.8364072223643508,7.869019376499023,-0.018896339473506885,-3294.2
2022-08-10 23:00:00,-2.0233856496991263,7.9291264873067995,-0.009911990512998514,-3253.0
2022-08-11 00:00:00,-2.1763721214594893,7.984803389734406,-0.011867149449641623,-2782.8
2022-08-11 01:00:00,-2.08375800894119,7.954021087278037,-0.011193200849699991,-2634.1
2022-08-11 02:00:00,-2.074858920111748,7.936660155225426,-0.01352220726937059,-2569.8
2022-08-11 03:00:00,-2.08526350690374,7.918264686095274,-0.015164378692160696,-2553.3
2022-08-11 04:00:00,-2.0723062877497838,7.888709524182015,-0.01843376492790849,-2506.6
2022-08-11 05:00:00,-2.038211966447182,7.837159650001675,-0.025599143088800957,-2468.8
2022-08-11 06:00:00,-1.8351919725678274,7.774435510302958,-0.04034991448192482,-2798.3
2022-08-11 07:00:00,-0.5259459392694503,7.716015266642587,-0.04953588397709652,-3875.0
2022-08-11 08:00:00,-0.7707443543943611,7.659171367666058,-0.04870000653954065,-4000.0
2022-08-11 09:00:00,-0.7188252127720447,7.644919344958857,-0.048949868824243126,-4000.0
2022-08-11 10:00:00,-0.7048399740428972,7.644919344958857,-0.04890126018492236,-4000.0
2022-08-11 11:00:00,-0.620199756576802,7.645397699428633,-0.024246485648088623,-3800.0
2022-08-11 12:00:00,-0.32741408380280523,7.643003635560718,-0.04799844155013222,-3800.0
2022-08-11 13:00:00,-0.2493565149548953,7.640603826393634,-0.056412820251677154,-3800.0
2022-08-11 14:00:00,-0.3832475310575245,7.6246189861593985,-0.05057876845884035,-3800.0
2022-08-11 15:00:00,-0.2882325599832378,7.587817219993427,-0.05104007218118767,-3800.0
2022-08-11 16:00:00,-0.3046345866847222,7.545918151209323,-0.05429947281664749,-3800.0
2022-08-11 17:00:00,-0.2932124238592877,7.43543801981455,-0.051122619728883656,-3800.0
2022-08-11 18:00:00,-0.4594083468173791,7.280697195384741,-0.04677458808327728,-3800.0
2022-08-11 19:00:00,-0.3044953756702813,7.090076835776092,-0.04316546953390432,-3800.0
2022-08-11 20:00:00,-0.02954699600706956,6.975413927455952,-0.04558943924140202,-4000.0
2022-08-11 21:00:00,0.23262537207687606,6.937314081223682,-0.04656753027174698,-4000.0
2022-08-11 22:00:00,0.231431983593394,6.945051063725834,-0.042563559964008846,-3839.7
2022-08-11 23:00:00,0.19287008660233118,6.977281341630747,-0.0379095522365942,-3154.0
2022-08-12 00:00:00,0.41959899060503014,7.02108396428914,-0.043697731932595296,-2832.5
2022-08-12 01:00:00,0.5359076292528426,7.044032897274685,-0.04225567228648952,-2644.0
2022-08-12 02:00:00,0.5756614067967067,7.0317412587631285,-0.03796841571223197,-2644.6
2022-08-12 03:00:00,0.5862578575897,7.002155954403621,-0.036266626473277164,-2808.4
2022-08-12 04:00:00,0.5782193623900884,6.959398512133975,-0.051618446693007414,-3048.5
2022-08-12 05:00:00,0.47057677163706035,6.913737350659685,-0.05721440413001311,-3664.1
2022-08-12 06:00:00,0.6126674280094049,6.84587987526405,-0.06909268014633785,-3800.0
2022-08-12 07:00:00,0.3248251990633939,6.79346613258001,-0.07425463497912776,-3800.0
2022-08-12 08:00:00,0.04807556119614098,6.811244378601294,-0.07109939957445999,-3890.4
2022-08-12 09:00:00,-0.24248158901850925,6.814542897259958,-0.06941295863081276,-3382.1
2022-08-12 10:00:00,-0.16647595954951022,6.811244378601294,-0.06550363239490498,-3399.3
2022-08-12 11:00:00,-0.22038679813135742,6.811244378601294,-0.06680240128275017,-3377.8
2022-08-12 12:00:00,-0.1105650733937833,6.7912214627261855,-0.0659715396004934,-3372.9
2022-08-12 13:00:00,-0.036639361347209576,6.760414691083428,-0.07579294302432871,-3363.2
2022-08-12 14:00:00,0.007369636343448338,6.716594773520978,-0.058005847163994595,-3374.7
2022-08-12 15:00:00,-0.011547942922780496,6.669498089857879,-0.054915060279391525,-3371.5
2022-08-12 16:00:00,-0.032189893202290154,6.606650186198215,-0.053221290333845594,-3365.2
2022-08-12 17:00:00,-0.06997320414187547,6.431331081933479,-0.04782308490483089,-3356.6
2022-08-12 18:00:00,0.1334644705007948,6.161207321695077,-0.04433068716261612,-3953.6
2022-08-12 19:00:00,0.19080886283394705,5.8971538676367405,-0.04367860553014857,-3924.8
2022-08-12 20:00:00,0.3824649788614951,5.823045895483019,-0.044075521873127244,-3905.8
2022-08-12 21:00:00,0.4119792851944757,5.966146739123692,-0.03997089773474638,-3900.0
2022-08-12 22:00:00,0.40141348999344517,6.163314804034641,-0.03562707833340362,-3900.0
2022-08-12 23:00:00,0.7830556560849966,6.309918278226516,-0.024486628703014546,-3900.0
2022-08-13 00:00:00,1.6539430159374136,6.142037405587356,0.018536647203676537,-4370.2
2022-08-13 01:00:00,1.3284727570811423,6.322565239927284,0.013559575475491137,-4319.6
2022-08-13 02:00:00,1.0891002689200633,6.484635235635252,0.018350365380746858,-4259.4
2022-08-13 03:00:00,1.1224463092850572,6.6240652277998935,0.01586063215811251,-4213.4
2022-08-13 04:00:00,1.16421056276109,6.773080375655535,0.028214024054429743,-4188.3
2022-08-13 05:00:00,1.0462228405292233,6.854354502255021,0.028953608293514677,-4149.4
2022-08-13 06:00:00,1.2615527267818156,6.815639990074331,0.02043740783065573,-4136.3
2022-08-13 07:00:00,0.7658294324156838,6.68586094706836,0.005481674662686231,-3959.2
2022-08-13 08:00:00,0.8715008181734563,6.587550014824796,-0.0031872044971592572,-4100.0
2022-08-13 09:00:00,1.0390119655440877,6.516193076042964,-0.0071616546591117825,-4100.0
2022-08-13 10:00:00,1.0375387991761587,6.459904454377535,-0.0004516550276063569,-4100.0
2022-08-13 11:00:00,2.4165893051575926,6.322565239927284,0.02996874368125546,-4089.6
2022-08-13 12:00:00,2.400385726658654,6.1463292576688975,0.015335526977258596,-4070.8
2022-08-13 13:00:00,2.2089522857553536,5.993961427306569,-0.002647721741086073,-3991.5
2022-08-13 14:00:00,2.344540311045801,5.872117789475416,0.010942194307003383,-4033.7
2022-08-13 15:00:00,2.2898986806833204,5.820082930352362,0.008109447357298016,-4063.0
2022-08-13 16:00:00,2.3361460352161396,5.793013608384144,-0.008294079583591518,-4089.6
2022-08-13 17:00:00,2.321140373526256,5.752572638825633,-0.014103175128560963,-3987.9
2022-08-13 18:00:00,2.2609869541558894,5.730099782973574,-0.011859010087275301,-4029.9
2022-08-13 19:00:00,2.2006967799511115,5.805134968916488,-0.007959996246984957,-4068.6
2022-08-13 20:00:00,2.166010916035769,5.921578419643816,-0.003687382286254426,-4120.4
2022-08-13 21:00:00,1.438394292363033,6.003887067106539,-0.001453049911636306,-4123.6
2022-08-13 22:00:00,2.389906456870225,6.073044534100405,0.01253211264341303,-4082.0
2022-08-13 23:00:00,2.219521417403712,6.095824562432225,0.015156051792534875,-4018.7
2022-08-14 00:00:00,2.6461705254438854,5.991464547107982,0.0032304702935093133,-3743.1
2022-08-14 01:00:00,2.728170657037474,5.942799375126701,0.011616404592583507,-3658.0
2022-08-14 02:00:00,2.748251706250603,5.840641657373398,0.009302594863762614,-3628.8
2022-08-14 03:00:00,2.6145861042506895,5.720311776607412,0.017193296157707927,-3703.7
2022-08-14 04:00:00,2.57138129893857,5.602118820879701,0.017542993470803125,-3664.7
2022-08-14 05:00:00,2.5428462647035244,5.41610040220442,0.01557028603178523,-3625.5
2022-08-14 06:00:00,2.249331890917414,5.135798437050262,0.016791885850306443,-3966.6
2022-08-14 07:00:00,1.9992803809214483,4.804021044733257,0.009305274562312782,-4100.0
2022-08-14 08:00:00,1.387373955666781,4.442651256490317,0.008017103970654915,-4100.0
2022-08-14 09:00:00,1.1666912019000026,4.394449154672439,-0.0043594191558842255,-4100.0
2022-08-14 10:00:00,1.2007100999720994,4.634728988229636,-0.00845318635922343,-4100.0
2022-08-14 11:00:00,1.1246782794590104,4.948759890378168,0.010971373266793982,-4100.0
2022-08-14 12:00:00,1.1562976762162136,5.241747015059643,0.008356929035919336,-4100.0
2022-08-14 13:00:00,1.099057672047984,5.493061443340548,-0.029942297399467854,-4100.0
2022-08-14 14:00:00,1.1382663540399771,5.68697535633982,-0.029357305785069343,-4055.9
2022-08-14 15:00:00,1.0166584889161547,5.823045895483019,-0.022933669968236536,-4100.0
2022-08-14 16:00:00,0.8090228677922711,5.940171252720432,-0.035689549174722224,-4100.0
2022-08-14 17:00:00,0.6554329887393684,6.052089168924417,-0.03275702468821251,-4100.0
2022-08-14 18:00:00,0.5549267712294061,6.169610732491456,-0.028300657630876636,-4100.0
2022-08-14 19:00:00,0.3798827234663702,6.453624998892692,-0.03069948215672813,-4100.0
2022-08-14 20:00:00,0.4580473748287628,6.79794041297493,-0.023382168116456548,-4100.0
2022-08-14 21:00:00,0.4679763520875668,7.025538314638521,-0.014586780882546613,-4100.0
2022-08-14 22:00:00,0.595234920151221,7.148345743900068,-0.006696007883514099,-4100.0
2022-08-14 23:00:00,0.7816041293356952,7.1808311990445555,-0.008187193868391951,-3882.0
2022-08-15 00:00:00,1.1641284022266598,7.0825485693553,-0.023576088272792006,-4061.4
2022-08-15 01:00:00,1.1336672408207402,7.003065458786462,-0.024890520286182216,-3912.3
2022-08-15 02:00:00,1.1423736688394097,6.930494765951626,-0.019487784574637956,-3922.0
2022-08-15 03:00:00,1.125098396736787,6.815639990074331,-0.019313423012970787,-3984.0
2022-08-15 04:00:00,1.2480011713117403,6.697034247666484,-0.02438871376226892,-4135.1
2022-08-15 05:00:00,0.908000567555769,6.616065185132817,-0.031263153969630864,-4111.9
2022-08-15 06:00:00,1.105448879420325,6.523562306149512,-0.0390425219374384,-4350.8
2022-08-15 07:00:00,1.3579784690472607,6.38856140554563,-0.0414682554963397,-4450.0
2022-08-15 08:00:00,1.1718101502027354,6.218600119691729,-0.03124032067840332,-4471.7
2022-08-15 09:00:00,1.683849588491377,6.118097198041348,-0.02846177651441195,-4490.8
2022-08-15 10:00:00,1.671680683326275,6.19644412779452,-0.032275126506119634,-4572.3
2022-08-15 11:00:00,1.1956865476821719,6.410174881966167,-0.031832621623307134,-4555.5
2022-08-15 12:00:00,0.9235601470456203,6.641182169740591,-0.036669657756119634,-4610.0
2022-08-15 13:00:00,0.7825711504377466,6.839476438228843,-0.033791516147879896,-4620.6
2022-08-15 14:00:00,0.784517160396546,6.955592608396297,-0.034399986855810916,-4630.5
2022-08-15 15:00:00,0.5938053089464379,7.02108396428914,-0.04013982587547815,-4546.6
2022-08-15 16:00:00,0.5157829399707747,7.077498053569231,-0.04815824805495339,-4479.9
2022-08-15 17:00:00,0.5570618594482335,7.063903961472068,-0.037886620156592166,-4520.5
2022-08-15 18:00:00,1.2206870615568155,7.063903961472068,-0.04039705564938423,-4544.0
2022-08-15 19:00:00,0.6722987610836695,7.119635638017636,-0.04588153398702932,-4528.3
2022-08-15 20:00:00,0.620231934583602,7.228388451573604,-0.04199035683669994,-4538.2
2022-08-15 21:00:00,0.6817638155261161,7.332369205929062,-0.03125705216165642,-4516.6
2022-08-15 22:00:00,0.5634050294209247,7.355001921105257,-0.04580677915604259,-4321.8
2022-08-15 23:00:00,0.44369444833552896,7.330405211844402,-0.033888974806277616,-3731.0
2022-08-16 00:00:00,0.2675247681043187,7.271703706887368,-0.02982985229709989,-3425.1
2022-08-16 01:00:00,0.6040249639502515,7.183870715062453,-0.02606336898625905,-3116.9
2022-08-16 02:00:00,0.6136189392988718,7.117205503164344,-0.02778595312370058,-3045.8
2022-08-16 03:00:00,0.5755637322357199,7.109062135687172,-0.01867463638474387,-3071.9
2022-08-16 04:00:00,0.5757708634339354,7.119635638017636,-0.02496543028357756,-3234.5
2022-08-16 05:00:00,0.8828069488638826,7.114769448366463,-0.03336839002309766,-3668.9
2022-08-16 06:00:00,0.9624704481329314,6.961296045910167,-0.028944191380134043,-3987.8
2022-08-16 07:00:00,0.7043416602308099,6.773080375655535,-0.017826054416922865,-4350.0
2022-08-16 08:00:00,1.0575855596570385,6.652863029353347,-0.020243669121980723,-4567.7
2022-08-16 09:00:00,1.5777556085803974,6.703188113240863,-0.0230004416654479,-4704.9
2022-08-16 10:00:00,1.7187761570248794,6.827629234502852,-0.024303427732387917,-4757.6
2022-08-16 11:00:00,1.7430600238960414,6.949856455000773,-0.011479650698857924,-4855.2
2022-08-16 12:00:00,1.6595818366795703,7.061334366910438,-0.03680745916970096,-4889.8
2022-08-16 13:00:00,1.267594883621113,7.153833801578843,-0.02219660857576855,-4842.0
2022-08-16 14:00:00,0.6732804046883922,7.22402480828583,-0.017173403666140175,-4835.6
2022-08-16 15:00:00,0.5897431141419194,7.264730177929867,-0.012957499552994634,-4785.4
2022-08-16 16:00:00,0.49683858947848236,7.333676395657684,-0.015914572073655542,-4739.8
2022-08-16 17:00:00,0.4167719385419222,7.398174092970465,-0.013173376284795424,-4645.0
2022-08-16 18:00:00,0.2710710491423649,7.37650812632622,-0.01576642876499257,-4478.4
2022-08-16 19:00:00,0.2667564298959153,7.379008127628304,-0.021178843290771354,-4393.2
2022-08-16 20:00:00,0.35957413661770943,7.43543801981455,-0.013097826217374653,-4350.0
2022-08-16 21:00:00,0.46459013870581956,7.487173694213739,-0.01591683754622597,-4350.0
2022-08-16 22:00:00,0.5375542535005358,7.517520850603031,-0.022320757723520046,-4259.9
2022-08-16 23:00:00,-0.24080328841840792,7.526178913346146,-0.029799743109104604,-3237.5
2022-08-17 00:00:00,-1.5860405141230671,7.513556481125093,-0.04613450898110827,-2809.3
2022-08-17 01:00:00,-1.6624772336731655,7.5007726841230165,-0.045571727678284546,-2566.6
2022-08-17 02:00:00,-1.7574637553644505,7.487823343090182,-0.04918241909833743,-2384.7
2022-08-17 03:00:00,-1.4686603818539086,7.474704114284352,-0.04109534439968954,-2335.9
2022-08-17 04:00:00,-0.9915296907423936,7.461410480723483,-0.05221712389413202,-2387.6
2022-08-17 05:00:00,0.407911974363973,7.447937742849119,-0.06230699197553946,-3104.9
2022-08-17 06:00:00,0.7177263538178558,7.434281008552198,-0.05670733635692482,-3822.9
2022-08-17 07:00:00,0.6396433456765402,7.420435182508309,-0.04362034535050263,-4050.0
2022-08-17 08:00:00,0.5749517620828968,7.406394954764205,-0.044070170451432134,-4050.0
2022-08-17 09:00:00,0.6788879412371118,7.392154788511605,-0.04352608977943451,-4050.0
2022-08-17 10:00:00,0.4486844398202914,7.377708906977831,-0.04153378045690115,-3850.0
2022-08-17 11:00:00,0.4751779943720722,7.363051279355598,-0.040805969507330175,-3850.0
2022-08-17 12:00:00,0.4664135203534574,7.348175605686198,-0.0485804898933182,-3850.0
2022-08-17 13:00:00,0.6148237386001867,7.333075300601233,-0.019687097841575962,-3862.9
2022-08-17 14:00:00,0.605090924296416,7.317743475817886,-0.015708456033416418,-3912.5
2022-08-17 15:00:00,0.507695443754014,7.302172921271278,-0.008020125503338527,-3850.0
2022-08-17 16:00:00,0.38870171392906006,7.286356084754528,-0.006725275607150749,-3881.3
2022-08-17 17:00:00,0.28221476566691406,7.27028504992264,0.0007867429601295939,-3897.4
2022-08-17 18:00:00,0.20230272201477018,7.2539515124998,0.0026305403116380077,-3929.3
2022-08-17 19:00:00,0.12266409642645515,7.237346754511128,-0.0006882773588072766,-3908.8
2022-08-17 20:00:00,0.39096043803538816,7.220461616338653,0.0018286606136967976,-4118.3
2022-08-17 21:00:00,0.515981867681715,7.203286466377317,0.006653176949781958,-4125.3
2022-08-17 22:00:00,0.7290548241625041,7.185811168039286,0.001649902243772594,-4120.8
2022-08-17 23:00:00,0.7087315774857212,7.16802504382358,0.000497025401737794,-3808.3
2022-08-18 00:00:00,0.9708926114535767,7.149916836132109,0.0014298786938482522,-3254.3
2022-08-18 01:00:00,1.104374826574059,7.037905963447182,-0.0007387429458409756,-3133.5
2022-08-18 02:00:00,1.3573177829735927,6.921658184151129,0.0010884422480641476,-3286.2
2022-08-18 03:00:00,1.4187209885983618,6.794586580876499,0.011590358616659024,-3457.9
2022-08-18 04:00:00,1.425034954465274,6.652863029353347,0.006678935887166837,-3471.5
2022-08-18 05:00:00,1.309106855392291,6.4457198193855785,0.007843463881660462,-3664.7
2022-08-18 06:00:00,1.3789668624222342,6.124683390894205,0.019380332889774365,-3800.0
2022-08-18 07:00:00,1.183109283962816,5.71042701737487,0.03407443361671447,-3800.0
2022-08-18 08:00:00,1.2029157076138546,5.303304908059076,0.030648497704520494,-3800.0
2022-08-18 09:00:00,0.8205644887195938,5.030437921392435,0.02535485689627226,-3800.0
2022-08-18 10:00:00,0.852862263992014,4.919980925828125,0.028852934288850385,-3800.0
2022-08-18 11:00:00,0.9584817633173,5.0238805208462765,0.051537271805881524,-3800.0
2022-08-18 12:00:00,0.9048064136151064,5.247024072160486,0.0333797720779323,-3800.0
2022-08-18 13:00:00,0.978129081398798,5.552959584921617,0.035815297269584434,-3800.0
2022-08-18 14:00:00,0.9396062893292454,5.857933154483459,0.048592420002943726,-3800.0
2022-08-18 15:00:00,0.9540614917789183,6.056784013228625,0.047997378823401604,-3800.0
2022-08-18 16:00:00,0.9250907137436286,6.220590170099739,0.04575035590394094,-3800.0
2022-08-18 17:00:00,0.9609543567558267,6.39024066706535,0.04188988227112844,-4300.0
2022-08-18 18:00:00,0.836569602678674,6.486160788944089,0.04117929604492687,-4300.0
2022-08-18 19:00:00,0.7156647894038688,6.656726524178391,0.037803592999762436,-4300.0
2022-08-18 20:00:00,0.8069089500156936,6.866933284461882,0.03456299575983568,-4300.0
2022-08-18 21:00:00,0.8864693405920718,7.029972911706386,0.03424964223001137,-4300.0
2022-08-18 22:00:00,1.100958318755957,7.079184394609668,0.024056127377386716,-4300.0
2022-08-18 23:00:00,1.4931333167249505,7.05617528410041,0.014972858975362158,-4300.0
2022-08-19 00:00:00,1.49989393544646,6.7912214627261855,0.015212113813468875,-4183.4
2022-08-19 01:00:00,1.1904980828139688,6.762729506931879,0.008582220408204222,-4070.5
2022-08-19 02:00:00,1.2302663603204342,6.803505257608338,0.010066866520639373,-4036.0
2022-08-19 03:00:00,1.2554550323208842,6.86484777797086,0.010253389161616333,-4059.3
2022-08-19 04:00:00,1.38133911236097,6.882437470997847,0.008758778966702074,-4110.8
2022-08-19 05:00:00,1.4625990722873246,6.889591308354466,0.024105279837597138,-4361.1
2022-08-19 06:00:00,1.6378125647956425,6.882437470997847,0.038760825272576405,-4600.0
2022-08-19 07:00:00,1.5870541800391917,6.84587987526405,0.051468165307005265,-4600.0
2022-08-19 08:00:00,2.316961683395615,6.7661917146603505,0.049817452498094994,-4600.0
2022-08-19 09:00:00,0.8119510533285066,6.734591659972948,0.05657255279059292,-4306.8
2022-08-19 10:00:00,0.8680299965098541,6.785587645007929,0.059040123732238214,-4300.0
2022-08-19 11:00:00,0.7840328085390418,6.907755278982137,0.05756889349801675,-4300.0
2022-08-19 12:00:00,0.7639325880705314,7.029972911706386,0.05173218448032468,-4300.0
2022-08-19 13:00:00,0.6090181103858852,7.095064377287131,0.03493496058261769,-4300.0
2022-08-19 14:00:00,0.7377680875345201,7.142036574706803,0.03571513882156019,-4300.0
2022-08-19 15:00:00,0.8386341484054469,7.13966033596492,0.026362146176142076,-4300.0
2022-08-19 16:00:00,0.8353437208830314,7.094234845924755,0.02161263466482577,-4300.0
2022-08-19 17:00:00,0.9271093198234395,7.00397413672268,0.01720673796887784,-4300.0
2022-08-19 18:00:00,0.9104876169019382,6.960347729101308,0.010266495887107041,-4600.0
2022-08-19 19:00:00,0.9462567890863234,6.988413181999592,-0.0009978744152681074,-4600.0
2022-08-19 20:00:00,1.0916854607165503,7.057897937411856,-0.010222811439000168,-4600.0
2022-08-19 21:00:00,1.1571353497151975,7.112327444710911,-0.02103369671499511,-4600.0
2022-08-19 22:00:00,1.3492567041325874,7.118826249062078,-0.03487604562818092,-4600.0
2022-08-19 23:00:00,1.2363288570715225,7.080867896690782,-0.04554003790084682,-4231.7
2022-08-20 00:00:00,1.280778311211804,6.814542897259958,-0.04420723173962049,-3802.5
2022-08-20 01:00:00,1.3936554006242368,6.7580945044277305,-0.059513546486957836,-3543.1
2022-08-20 02:00:00,1.4031925882705503,6.754604099487962,-0.06489234502345997,-3429.8
2022-08-20 03:00:00,1.48827018073088,6.795705775173514,-0.08082478549593208,-3431.7
2022-08-20 04:00:00,1.1612686631153992,6.794586580876499,-0.06773841652984025,-3359.3
2022-08-20 05:00:00,0.9359075509073826,6.823286122355687,-0.043164808366825014,-3356.7
2022-08-20 06:00:00,0.7330608962661298,6.912742820493176,-0.04234125364144603,-3473.3
2022-08-20 07:00:00,0.613519121181477,7.016609683894219,-0.043347552769705366,-3690.9
2022-08-20 08:00:00,1.0045561336644928,7.124478262493424,-0.029734080081245118,-4161.0
2022-08-20 09:00:00,0.8410322095767215,7.206377291472252,-0.020348658941065523,-4388.7
2022-08-20 10:00:00,0.37621335672534073,7.306531398939505,-0.007671903001093661,-4462.2
2022-08-20 11:00:00,0.16355576548189665,7.43543801981455,0.022753705167104954,-4571.1
2022-08-20 12:00:00,0.30662571151091766,7.490529402060711,0.008806668094794468,-4357.9
2022-08-20 13:00:00,-0.1036517094601761,7.533158807455563,-0.009209903510425832,-4169.3
2022-08-20 14:00:00,-0.11662161658734504,7.55171221535131,-0.00525845457108165,-4006.5
2022-08-20 15:00:00,0.0676585862985446,7.519149957669823,-0.011854247082265346,-3978.2
2022-08-20 16:00:00,0.18649229989802896,7.489412083508719,-0.022967857180774764,-4164.1
2022-08-20 17:00:00,0.6973846065478959,7.421775793644647,-0.022077120967705532,-4278.9
2022-08-20 18:00:00,0.9399369623624798,7.349873704738337,-0.03235753163561572,-4568.0
2022-08-20 19:00:00,0.8870711330904388,7.283448228756631,-0.04048318795254424,-4484.1
2022-08-20 20:00:00,0.800604632772794,7.22402480828583,-0.032610421755504326,-4073.7
2022-08-20 21:00:00,0.3511573385798079,7.176254532017144,-0.03505083487781313,-3845.8
2022-08-20 22:00:00,0.0368736366977358,7.114769448366463,-0.04462630119653621,-3381.1
2022-08-20 23:00:00,-0.3475906531964563,7.044032897274685,-0.047956371517521745,-2881.3
2022-08-21 00:00:00,1.3184610507071293,6.726233402358747,-0.05025821465747704,-3138.1
2022-08-21 01:00:00,0.8070668957937768,6.5998704992128365,-0.05087789613329363,-3059.7
2022-08-21 02:00:00,0.6534514363342749,6.553933404025811,-0.05490864759309311,-3016.6
2022-08-21 03:00:00,0.5697092575970508,6.569481420414296,-0.05754435928613599,-2969.8
2022-08-21 04:00:00,0.4606094753688077,6.591673732008658,-0.05688210677361116,-3006.8
2022-08-21 05:00:00,0.3176469605723997,6.576469569048224,-0.0515805813097554,-3027.9
2022-08-21 06:00:00,-0.6588192924602079,6.523562306149512,-0.04291479006047538,-2836.9
2022-08-21 07:00:00,0.4509041524957409,6.436150368369428,-0.037101098251842934,-3287.9
2022-08-21 08:00:00,0.9349370640771553,6.363028103540465,-0.030164394002142103,-3566.4
2022-08-21 09:00:00,0.8808289661652076,6.3561076606958915,-0.025556276366012654,-3574.7
2022-08-21 10:00:00,0.8337866973926205,6.411818267709897,-0.012944211871686484,-3594.5
2022-08-21 11:00:00,0.7957656322974294,6.51025834052315,-0.014632435005445643,-3764.0
2022-08-21 12:00:00,0.6839152247139841,6.591673732008658,-0.012728189451152616,-3753.3
2022-08-21 13:00:00,0.31168050954802995,6.705639094860003,-0.06240264345392621,-3771.8
2022-08-21 14:00:00,0.2348992404558059,6.805722553416985,-0.04409196554200623,-3837.6
2022-08-21 15:00:00,0.19037037296205828,6.848005274576363,-0.043727642142949996,-3873.2
2022-08-21 16:00:00,0.08910764779494373,6.901737206656574,-0.030471497826956018,-3989.9
2022-08-21 17:00:00,-0.3158885053368503,6.939253946041508,-0.029837314584877817,-3952.5
2022-08-21 18:00:00,0.04523121877816427,7.037905963447182,-0.03413583100759876,-3989.6
2022-08-21 19:00:00,-0.2587951729894118,7.233455418621439,-0.03578116278372612,-4221.1
2022-08-21 20:00:00,-0.48825746756469135,7.4127640174265625,-0.02917508800924118,-4238.1
2022-08-21 21:00:00,-0.33220854868057614,7.5411524551363085,-0.02694608033621204,-4323.9
2022-08-21 22:00:00,-0.9343959750795268,7.615298339825815,-0.030631331531976613,-4179.1
2022-08-21 23:00:00,-0.8766762170846434,7.647786045440933,-0.0386940570880796,-4010.2
2022-08-22 00:00:00,-1.1842302613973923,7.711996507047669,-0.0162856550101127,-3803.3
2022-08-22 01:00:00,-1.3586840136688842,7.732807530422021,-0.02406098892380637,-3701.6
2022-08-22 02:00:00,-1.4725861091967882,7.7475968386928855,-0.014512649934523836,-3559.2
2022-08-22 03:00:00,-1.5048088569995226,7.7475968386928855,-0.00032812310189012095,-3557.1
2022-08-22 04:00:00,-1.3894096156702713,7.732807530422021,0.00995644444170285,-3669.1
2022-08-22 05:00:00,-1.0051868255086767,7.688455356549944,0.002529281005631212,-3918.4
2022-08-22 06:00:00,-1.2513518909012764,7.580699752224563,0.013620739937380222,-3644.0
2022-08-22 07:00:00,-1.0273728920873624,7.38770923908104,0.023779737114765886,-3451.7
2022-08-22 08:00:00,-1.1734039029332362,7.270312886079025,0.027697621488334434,-3307.7
2022-08-22 09:00:00,-1.3879395885178876,7.22983877815125,0.017015582090820658,-3235.0
2022-08-22 10:00:00,-1.5815469682830563,7.170119543449628,0.008954117052547339,-3069.1
2022-08-22 11:00:00,-1.4840129198160024,7.081708586105575,-0.010340860902961602,-2867.8
2022-08-22 12:00:00,-1.5007334037209148,7.00669522683704,-0.02050768979912121,-2819.2
2022-08-22 13:00:00,-1.3906188972195435,6.9782137426306985,-0.01061392783517423,-2805.6
2022-08-22 14:00:00,-1.3818087176832803,6.964135612418245,0.00028557113207838825,-2806.1
2022-08-22 15:00:00,-1.3436396525568233,6.925595197110468,-0.005359641111294167,-2809.1
2022-08-22 16:00:00,-1.3543118247969685,6.856461984594587,-0.00933825620537121,-2802.7
2022-08-22 17:00:00,-1.228584860630105,6.694562058521095,0.011397737252449858,-2769.9
2022-08-22 18:00:00,-1.3996859252407732,6.517671272912275,0.018123040662135104,-2896.1
2022-08-22 19:00:00,-1.1648123058061808,6.437751649736401,0.019276922519995132,-2917.6
2022-08-22 20:00:00,-0.9644351260686528,6.492239835020471,0.007205569156112368,-2967.3
2022-08-22 21:00:00,-0.8596265226381199,6.566672429803241,0.029200916875457672,-3020.7
2022-08-22 22:00:00,-0.6866088664272763,6.582025138892826,0.02234436227848846,-3096.8
2022-08-22 23:00:00,-0.3065510625482597,6.523562306149512,0.02082680749200172,-3107.0
2022-08-23 00:00:00,-0.40638727573917466,6.580639137284949,0.03136570872981981,-3169.8
2022-08-23 01:00:00,-0.1870749045579707,6.501289670540389,0.04453530588570498,-3118.5
2022-08-23 02:00:00,-0.01882849643066775,6.408528791059498,0.044768017163287155,-3081.3
2022-08-23 03:00:00,0.03275911841637047,6.298949246855942,0.04943337717476748,-3093.3
2022-08-23 04:00:00,0.12125489367059306,6.173786103901937,0.050209841111691134,-3113.1
2022-08-23 05:00:00,0.1308249825830443,5.983936280687191,0.04755520866568386,-3205.4
2022-08-23 06:00:00,0.24970152843816962,5.71042701737487,0.04693184359855618,-3424.8
2022-08-23 07:00:00,0.016928805673959157,5.318119993844216,0.05401333659915064,-3544.0
2022-08-23 08:00:00,0.10330702146269477,4.941642422609304,0.04467204445106798,-3586.5
2022-08-23 09:00:00,0.3420063759489347,4.7535901911063645,0.027222045498917602,-3657.0
2022-08-23 10:00:00,0.22636826058273396,4.919980925828125,0.022186121925383162,-3692.7
2022-08-23 11:00:00,0.07441513904980779,5.198497031265826,0.02745631335528298,-3658.4
2022-08-23 12:00:00,0.08359541065409148,5.438079308923196,-0.00556530371103392,-3621.7
2022-08-23 13:00:00,0.04025861737598824,5.676753802268282,0.013294227121572355,-3606.9
2022-08-23 14:00:00,-0.11649541302323252,5.733341276897746,0.014277833687996733,-3587.3
2022-08-23 15:00:00,-0.11267854642664377,5.641907070938114,0.02042343687953707,-3539.8
2022-08-23 16:00:00,-0.13670089388233775,5.54907608489522,0.020525365608908608,-3566.1
2022-08-23 17:00:00,-0.05025461199412895,5.459585514144159,0.022521093845174533,-3593.5
2022-08-23 18:00:00,0.09692541583312408,5.501258210544727,0.026253757718230908,-3624.4
2022-08-23 19:00:00,0.0897322608812905,5.771441123130016,0.02898212301243941,-3613.5
2022-08-23 20:00:00,0.3774801591777157,6.049733455231958,0.04057031655612153,-3571.9
2022-08-23 21:00:00,0.4915255821767257,6.20455776256869,0.03752841352198111,-3565.1
2022-08-23 22:00:00,0.5074696839902475,6.284134161070802,0.0312508950623922,-3515.3
2022-08-23 23:00:00,0.8224696338043933,6.230481447578482,0.01957453322646785,-3445.1
2022-08-24 00:00:00,0.9779492424587688,5.4638318050256105,-0.0026321970310485554,-3694.4
2022-08-24 01:00:00,0.7811785311067592,5.231108616854587,0.005513558388183348,-3687.6
2022-08-24 02:00:00,0.4968980230798352,5.0106352940962555,0.00629673322189106,-3700.2
2022-08-24 03:00:00,0.564763204123909,4.8283137373023015,0.01323500014535739,-3655.1
2022-08-24 04:00:00,0.28815023606007717,4.7535901911063645,0.012635418285428912,-3617.2
2022-08-24 05:00:00,0.17957745848279316,4.77912349311153,0.011800980178182208,-3611.9
2022-08-24 06:00:00,-0.1116409092905406,4.836281906951478,0.020760162120998515,-3633.2
2022-08-24 07:00:00,0.11219447914198444,4.770684624465665,0.03427136127857899,-3651.6
2022-08-24 08:00:00,0.19023367987728612,4.5217885770490405,0.025420427341579455,-3693.7
2022-08-24 09:00:00,0.24534449333763497,4.204692619390966,0.01235436861502226,-3744.1
2022-08-24 10:00:00,0.10069429426930476,4.219507705176107,0.006062777428587296,-3727.5
2022-08-24 11:00:00,0.08972326739562408,4.418840607796598,-0.002889887980713546,-3729.9
2022-08-24 12:00:00,-0.02383051851529805,4.584967478670572,-0.023937218190927645,-3692.9
2022-08-24 13:00:00,0.3306038738768762,4.709530201312334,-0.0036117349263991017,-3796.5
2022-08-24 14:00:00,0.35495149641774226,4.812184355372417,-0.002986490007767628,-3782.5
2022-08-24 15:00:00,0.35392915755055476,4.941642422609304,-0.003348779004045177,-3810.7
2022-08-24 16:00:00,0.2563117146891596,5.117993812416755,-0.006062804566029811,-3810.0
2022-08-24 17:00:00,0.16920602917083105,5.3471075307174685,-0.005167624615691757,-3806.4
2022-08-24 18:00:00,-0.013583349010780843,5.765191102784844,-0.0013641387687401973,-3833.5
2022-08-24 19:00:00,-0.2738192280627336,6.304448802421981,0.003983069140486073,-3933.6
2022-08-24 20:00:00,-0.2134586269158727,6.721425700790643,0.013181036289526382,-3936.6
2022-08-24 21:00:00,0.5536043746098027,6.9782137426306985,0.01672375551337879,-4288.0
2022-08-24 22:00:00,0.05804253396565162,7.1372784372603855,0.007244322429096783,-4208.4
2022-08-24 23:00:00,-0.08188079411172922,7.203405521083095,-0.006926913669544454,-4252.6
2022-08-25 00:00:00,0.09169546665184347,7.190676034332207,-0.00872249277017012,-4009.2
2022-08-25 01:00:00,0.02227633033043297,7.195937226475569,-0.003943873894789007,-3914.4
2022-08-25 02:00:00,0.04745858002582892,7.191429330036379,-0.0005244613274006937,-3888.6
2022-08-25 03:00:00,-0.03787218623035127,7.194436851100335,0.007582337219120383,-3872.6
2022-08-25 04:00:00,-0.06785525292043548,7.212294468500341,0.011467452618964202,-3858.6
2022-08-25 05:00:00,-0.7478883806352785,7.226936018493289,0.016420514513420414,-3785.8
2022-08-25 06:00:00,-0.7171615980426158,7.181591944611865,0.033595213323493134,-3839.9
2022-08-25 07:00:00,-0.875585886265311,7.080867896690782,0.05682484609575855,-3851.2
2022-08-25 08:00:00,-0.8935113804317254,6.823286122355687,0.05032542579872423,-3964.5
2022-08-25 09:00:00,-0.45827296137784845,6.586171654854675,0.034266437196834865,-3980.1
2022-08-25 10:00:00,-0.25821679344122517,6.523562306149512,0.027573343583225274,-4066.1
2022-08-25 11:00:00,-0.18315898254717045,6.5638555265321274,0.04124117055361687,-4075.6
2022-08-25 12:00:00,-0.2562603235465146,6.638567789166521,0.01723476527011769,-4105.7
2022-08-25 13:00:00,-0.20614681370283172,6.706862336602747,0.01633416169776236,-4108.0
2022-08-25 14:00:00,-0.23145373379495648,6.734591659972948,0.02519954042823791,-4114.2
2022-08-25 15:00:00,-0.18481529412888786,6.745236349484363,0.02200501236139818,-4080.3
2022-08-25 16:00:00,-0.28116026431597163,6.729824070489475,0.01985894197119986,-4066.0
2022-08-25 17:00:00,-0.47613930754823963,6.695798917058491,0.0173090845155075,-4003.5
2022-08-25 18:00:00,-0.29653487024976677,6.77078942390898,0.024855068055978258,-3779.6
2022-08-25 19:00:00,-0.32001635138729867,7.002155954403621,0.029929536568856108,-3862.3
2022-08-25 20:00:00,-0.6841455064497799,7.24422751560335,0.033245472512594354,-3922.7
2022-08-25 21:00:00,-0.7843392152606303,7.396948602621014,0.030260275236977385,-3927.8
2022-08-25 22:00:00,-0.7864482618695385,7.4821189235521155,0.018496696797237533,-3995.1
2022-08-25 23:00:00,-0.5106496527732372,7.5411524551363085,-0.0013479780738379077,-4033.7
2022-08-26 00:00:00,-0.4004788985480854,7.576097340623111,-0.0032641623541040943,-3774.0
2022-08-26 01:00:00,-0.30746191771046627,7.602900462204755,-0.0056810958851816196,-3689.5
2022-08-26 02:00:00,-0.31729614839557874,7.593877844605118,-0.001124297440621369,-3608.6
2022-08-26 03:00:00,-0.4202846948095331,7.553810852008231,-0.001780450402107725,-3515.6
2022-08-26 04:00:00,-0.5313294672738662,7.501634457883413,-0.0007878329168775622,-3421.9
2022-08-26 05:00:00,-0.49925472716512465,7.440146680662688,0.0195005134508488,-3517.5
2022-08-26 06:00:00,-0.6592685583354663,7.349873704738337,0.03243835953308949,-3684.1
2022-08-26 07:00:00,-0.840036475145916,7.2078598714324755,0.029933891092453813,-3740.6
2022-08-26 08:00:00,-0.9293907668146191,6.98933526597456,0.019964489348414105,-3786.8
2022-08-26 09:00:00,-0.48483192949966947,6.8658910748834385,0.033497004426615185,-3829.0
2022-08-26 10:00:00,-0.7831628898669565,6.948897222313312,0.03901442322994253,-3827.7
2022-08-26 11:00:00,-0.8433240909563344,7.0587581525186645,0.03159340709475611,-3897.9
2022-08-26 12:00:00,-0.6714295607630514,7.103322062526113,0.02080188378896608,-3808.9
2022-08-26 13:00:00,-0.6083398884977038,7.102499355774649,0.0018412721527045761,-3789.1
2022-08-26 14:00:00,-0.5800210673576944,7.083387847625295,0.005440374574967599,-3803.1
2022-08-26 15:00:00,-0.6095958918913968,7.067319848653476,0.0018377563130576036,-3818.8
2022-08-26 16:00:00,-0.6563882658149152,7.050122520269059,0.0025644396941313374,-3844.1
2022-08-26 17:00:00,-0.5536030850993763,7.011213987350367,0.0084613071878481,-3905.4
2022-08-26 18:00:00,-0.6437742497053764,6.9985096422506015,0.009585064855627934,-3830.3
2022-08-26 19:00:00,-0.7349940069938534,7.102499355774649,0.007323948922223877,-3873.9
2022-08-26 20:00:00,-0.6738462900708293,7.244941546337007,0.017023023392000347,-3884.8
2022-08-26 21:00:00,-0.7817733360187638,7.343426229147367,0.010917903091606895,-3979.5
2022-08-26 22:00:00,-0.5861797078411177,7.3777589082278725,-0.0031038866278443322,-3923.9
2022-08-26 23:00:00,-0.21001513782787873,7.353081920515432,-0.017566185858440164,-3819.3
2022-08-27 00:00:00,-0.3720375205367845,7.290292882446597,-0.013534932206537675,-3401.2
2022-08-27 01:00:00,-0.2563563615464255,7.237059026124737,-0.000794737976192117,-3249.8
2022-08-27 02:00:00,-0.16595061676334222,7.1770187659099,0.0071052669652447165,-3154.2
2022-08-27 03:00:00,-0.10402157286824965,7.1284959456800365,-0.0070348896195824295,-3114.0
2022-08-27 04:00:00,-0.04754438200690103,7.071573364211532,-0.011905969734995914,-3017.9
2022-08-27 05:00:00,-0.14286982584332408,7.00033446027523,0.01428341854572146,-3001.0
2022-08-27 06:00:00,-0.11564690443219261,6.906754778648554,0.011591350949619716,-2929.5
2022-08-27 07:00:00,-0.3010942270173049,6.762729506931879,0.007822682364659883,-3012.1
2022-08-27 08:00:00,-0.16260269753872691,6.635946555686647,0.01682087310278302,-3388.0
2022-08-27 09:00:00,-0.47654331907687286,6.608000625296087,0.01229841889560035,-3431.4
2022-08-27 10:00:00,-0.5269562871861169,6.656726524178391,0.014543270700470678,-3430.3
2022-08-27 11:00:00,-0.4406439290615527,6.683360945766275,0.04140560887220168,-3403.5
2022-08-27 12:00:00,-0.4431112275474107,6.6240652277998935,0.03254025242688918,-3553.8
2022-08-27 13:00:00,-0.3285282479440874,6.530877627725885,0.012498619022586865,-3527.3
2022-08-27 14:00:00,-0.2554935822656472,6.46302945692067,0.02760320991291998,-3551.6
2022-08-27 15:00:00,-0.2903742987167064,6.428105272684596,0.01176308678887672,-3619.2
2022-08-27 16:00:00,-0.29096155348068775,6.461468176353717,0.006885105968907013,-3682.6
2022-08-27 17:00:00,-0.4096514258112638,6.555356891810665,0.017171584179867416,-3785.7
2022-08-27 18:00:00,-0.4863703569202529,6.672032945461067,0.018121822124660625,-3739.5
2022-08-27 19:00:00,-0.5961607474931516,6.835184586147301,0.028459594626585094,-3731.0
2022-08-27 20:00:00,-0.5656859839360866,7.037905963447182,0.04552040561027493,-3726.9
2022-08-27 21:00:00,-0.5636151743792421,7.20414929203594,0.035307846063433956,-3799.6
2022-08-27 22:00:00,-0.571309656112029,7.307202314764738,0.014012497813847169,-3775.6
2022-08-27 23:00:00,-0.3492476544040857,7.352441100243583,0.005939396687610454,-3613.1
2022-08-28 00:00:00,-0.3519574002279362,7.3632795869630385,-0.008861575471519778,-3628.7
2022-08-28 01:00:00,-0.1433099455429443,7.351158226430694,-0.013742827554426462,-3490.1
2022-08-28 02:00:00,-0.05537149168047906,7.334981878871814,-0.017232958762203765,-3397.3
2022-08-28 03:00:00,-0.15378159103890798,7.311218384419629,-0.015241979595446153,-3286.4
2022-08-28 04:00:00,-0.18611440603197194,7.295735072749282,-0.006655100029296257,-3213.7
2022-08-28 05:00:00,-0.3156817247766357,7.275172319452771,-0.010580508256396115,-3206.9
2022-08-28 06:00:00,-0.28850287815569864,7.234898420314831,-0.028290873530803395,-3004.0
2022-08-28 07:00:00,-0.4047781491407396,7.113956109566034,-0.027150767398675058,-3177.8
2022-08-28 08:00:00,-0.5661363468967471,7.0587581525186645,-0.03893987911711605,-3304.9
2022-08-28 09:00:00,-0.5441252264704435,7.113142108707088,-0.014144969578603117,-3602.4
2022-08-28 10:00:00,-0.5244775228103449,7.138866999945524,-0.0010126758426398652,-3763.1
2022-08-28 11:00:00,-0.6403819834138043,7.110696122978827,0.020590389349496085,-3786.9
2022-08-28 12:00:00,-0.4574360390805956,7.07326971745971,0.010589903540231482,-3759.6
2022-08-28 13:00:00,-0.4573564226026581,7.046647277848756,-0.021612071265525223,-3733.5
2022-08-28 14:00:00,-0.4818710858675752,7.055312843339752,-0.013320306875252541,-3691.8
2022-08-28 15:00:00,-0.4516396778081395,7.081708586105575,0.005618231960204945,-3681.2
2022-08-28 16:00:00,-0.6318437491719324,7.103322062526113,0.016014722035784246,-3706.3
2022-08-28 17:00:00,-0.7861875992028469,7.104144092987527,0.010168020028821445,-3743.2
2022-08-28 18:00:00,-0.9142183976021281,7.1252830915107115,0.007417424971203346,-3750.7
2022-08-28 19:00:00,-0.990478127080447,7.215239978730097,0.0041670876879322805,-3836.0
2022-08-28 20:00:00,-0.8540469415841687,7.366445148327599,0.00929119281855506,-4072.8
2022-08-28 21:00:00,-0.9425023623995554,7.499423290592229,-0.003806942394679602,-4154.3
2022-08-28 22:00:00,-0.9511748922086363,7.575071699507561,-0.018592058952358492,-4083.5
2022-08-28 23:00:00,-0.7375349034740646,7.611842399580417,-0.012046712360569423,-3719.8
2022-08-29 00:00:00,-0.738425202644299,7.711996507047669,-0.0026581896111110837,-3570.4
2022-08-29 01:00:00,-0.7144732067968711,7.711996507047669,0.0021270870336040915,-3300.1
2022-08-29 02:00:00,-0.7683153434181804,7.701652362642226,-0.002999364862144027,-3265.7
2022-08-29 03:00:00,-0.7994325079131652,7.685703061234547,0.005379189577400467,-3253.0
2022-08-29 04:00:00,-0.5484382789288782,7.67368812926773,0.017165126038646505,-3325.5
2022-08-29 05:00:00,-0.4778141389062722,7.641564441260972,0.019006703628148713,-3665.4
2022-08-29 06:00:00,-0.2108110686370659,7.566311014772463,0.05120048983879055,-4492.7
2022-08-29 07:00:00,-0.231710148001822,7.372118028337787,0.0660899853380128,-4500.9
2022-08-29 08:00:00,-0.7073957623694294,7.1929342212158,0.06741289449343668,-4408.9
2022-08-29 09:00:00,-0.3778965522129054,7.085064293952548,0.056186730177550714,-4457.7
2022-08-29 10:00:00,0.1462670049371395,6.937314081223682,0.054792822768762406,-4535.0
2022-08-29 11:00:00,-0.03167419221752077,6.813444599510896,0.05149467491077697,-4401.5
2022-08-29 12:00:00,-0.1116773727982947,6.785587645007929,0.043529703791004515,-4380.8
2022-08-29 13:00:00,-0.12262680952667182,6.78105762593618,0.04953491885532468,-4384.9
2022-08-29 14:00:00,-0.057838037371408024,6.763884908562435,0.05554824980712869,-4369.6
2022-08-29 15:00:00,0.12651239463560415,6.771935555839602,0.06139659334394487,-4355.0
2022-08-29 16:00:00,0.1511087555257733,6.776506992372183,0.046520419256012246,-4357.2
2022-08-29 17:00:00,0.16470031383507466,6.75343791859778,0.05647942110395565,-4352.8
2022-08-29 18:00:00,-0.20997620654796112,6.714170529909472,0.056377299862931274,-4343.4
2022-08-29 19:00:00,0.5450814761117995,6.756932389247553,0.06407506541988983,-4577.9
2022-08-29 20:00:00,0.4405316112695221,6.891625897052253,0.05602792959399938,-4532.3
2022-08-29 21:00:00,0.20880191366533385,7.030857476116121,0.05940675893252312,-4495.9
2022-08-29 22:00:00,0.0632616788249778,7.124478262493424,0.04429311718287554,-4441.0
2022-08-29 23:00:00,0.09771168879608139,7.188412736496954,0.03746371925015701,-4239.7
2022-08-30 00:00:00,0.17975642973764172,7.199678345691172,0.014481194027811561,-4254.7
2022-08-30 01:00:00,0.22276960434931325,7.256297239690681,0.013860466699106233,-4051.0
2022-08-30 02:00:00,0.26765093005535245,7.298445101508147,0.008342770964805624,-3948.3
2022-08-30 03:00:00,0.2609152115541242,7.301822342137932,0.009127644927207967,-3951.4
2022-08-30 04:00:00,0.42240976122369434,7.291656209174461,0.027614411562043806,-3977.8
2022-08-30 05:00:00,0.15336894701793913,7.277938572945661,0.04073958213062401,-4071.6
2022-08-30 06:00:00,0.04029981691589679,7.240649694255466,0.058004621089813746,-4013.7
2022-08-30 07:00:00,-0.16727508067636387,7.091742115095153,0.07371527670517342,-3901.8
2022-08-30 08:00:00,-0.46560954945766087,6.951772164398911,0.07011555163733352,-3834.7
2022-08-30 09:00:00,-0.4109125479109279,6.907755278982137,0.05791659424544182,-3821.2
2022-08-30 10:00:00,-0.29786731865052074,6.862757913051401,0.048702827068022536,-3821.5
2022-08-30 11:00:00,-0.12023483807956925,6.794586580876499,0.05048996123290994,-3750.1
2022-08-30 12:00:00,-0.3581703960182283,6.6895992691789665,0.019637968918520876,-3805.6
2022-08-30 13:00:00,-0.19334371745603507,6.588926477533519,0.03670231801958668,-3766.5
2022-08-30 14:00:00,-0.17629890437064732,6.52649485957079,0.04092874479019848,-3680.6
2022-08-30 15:00:00,-0.24930755558099849,6.490723534502507,0.05399663524410858,-3676.5
2022-08-30 16:00:00,-0.30430232393409984,6.448889394146858,0.050014681951324746,-3644.0
2022-08-30 17:00:00,-0.462281032039793,6.3835066348840055,0.050060458318512246,-3671.3
2022-08-30 18:00:00,-0.2798159771916997,6.267200548541362,0.04501846230412987,-3875.4
2022-08-30 19:00:00,-0.16885432571857795,6.214608098422191,0.045800113198401604,-3887.7
2022-08-30 20:00:00,-0.18233916623983726,6.306275286948016,0.05548145182603026,-3902.1
2022-08-30 21:00:00,-0.1157992821757805,6.416732282512326,0.030919004134307926,-3909.6
2022-08-30 22:00:00,-0.05209808358453305,6.54534966033442,0.02367249158589768,-3891.7
2022-08-30 23:00:00,0.4818904358005418,6.637258031284457,0.004868385836772404,-3848.6
2022-08-31 00:00:00,0.2658055612081687,6.901737206656574,-0.02612583827243764,-3731.9
2022-08-31 01:00:00,0.41771703668353677,6.9975959829819265,-0.02906970304189649,-3500.6
2022-08-31 02:00:00,0.41462901405654184,7.089243155027514,-0.03171835777958254,-3489.6
2022-08-31 03:00:00,0.35404618243939057,7.1853870155804165,-0.0294962085563375,-3609.7
2022-08-31 04:00:00,0.34426251527171736,7.282073658093465,-0.011998326335968201,-3680.0
2022-08-31 05:00:00,0.0621661009574308,7.338888133838879,0.004090841752215191,-4084.3
2022-08-31 06:00:00,-0.020134157152033705,7.333023014386481,0.02497069465734203,-4167.4
2022-08-31 07:00:00,-0.24810279046070205,7.20414929203594,0.044554228234162885,-4175.3
2022-08-31 08:00:00,-0.23733759158596968,7.083387847625295,0.042997778823449906,-4120.8
2022-08-31 09:00:00,-0.2690874534692038,7.069874128458572,0.03386057383598562,-4153.6
2022-08-31 10:00:00,-0.29969149868743994,7.152268856032539,0.023343207429543433,-4142.7
2022-08-31 11:00:00,-0.394030941633321,7.240649694255466,0.0036163158420245978,-4188.2
2022-08-31 12:00:00,-0.32977580052673705,7.2991214627108,-0.019997620186847698,-4009.7
2022-08-31 13:00:00,-0.18786739091107973,7.357556200910353,0.003670654092942094,-4013.0
2022-08-31 14:00:00,-0.22666668471945206,7.409136443920128,0.012200332083660115,-4056.9
2022-08-31 15:00:00,-0.02517621823223415,7.4570320891223805,0.028753551848414105,-4209.7
2022-08-31 16:00:00,-0.10521316687851678,7.465655310134056,0.02523049205569361,-4251.9
2022-08-31 17:00:00,-0.21255004994889237,7.424761761823209,0.02489999990649938,-4182.8
2022-08-31 18:00:00,-0.2681994021700609,7.3310603052186325,0.01845156905772427,-4136.8
2022-08-31 19:00:00,-0.2731955922458269,7.278628942320682,0.02441211568822066,-4124.2
2022-08-31 20:00:00,-0.25020639898596775,7.297091005160418,0.026373839774089802,-4146.4
2022-08-31 21:00:00,-0.19115862896490432,7.328437352895162,0.009348596371454576,-4252.0
2022-08-31 22:00:00,-0.045759481988986384,7.353081920515432,0.00024639324145248054,-4216.2
2022-08-31 23:00:00,0.31805026556179383,7.343426229147367,-0.015909009985372258,-4037.4
2022-09-01 00:00:00,-0.769858751098905,7.273786317844895,-0.04630690587960107,-3316.2
2022-09-01 01:00:00,-0.7036078881238121,7.2456550675945355,-0.06173996456782227,-2783.7
2022-09-01 02:00:00,-0.6745493100733717,7.217443431696533,-0.059577269964573354,-2668.5
2022-09-01 03:00:00,-0.6319399218580464,7.173958319756794,-0.06776363062496227,-2668.2
2022-09-01 04:00:00,-0.6659570594242257,7.123672785204607,-0.05729274637963666,-2768.2
2022-09-01 05:00:00,-0.5591709585338669,7.038783541388542,-0.055572097523787,-3220.2
2022-09-01 06:00:00,-0.6390273964048179,6.880384082186005,-0.03781802589498895,-3322.3
2022-09-01 07:00:00,-0.7246219392883129,6.593044534142437,-0.011378309230790862,-3648.6
2022-09-01 08:00:00,-0.8663758720901145,6.336825731146441,0.0030709661202443783,-3847.4
2022-09-01 09:00:00,-0.9587715506446894,6.298949246855942,-0.006122613337774752,-3794.9
2022-09-01 10:00:00,-1.1040630660385244,6.343880434126331,-0.018078427801843766,-3713.8
2022-09-01 11:00:00,-1.012021233525171,6.359573868672378,-0.011768063789077132,-3701.6
2022-09-01 12:00:00,-0.9078149165026357,6.317164686747284,-0.034221062092133714,-3782.2
2022-09-01 13:00:00,-0.7685122085947622,6.282266746896006,-0.04025041200062862,-3816.7
2022-09-01 14:00:00,-0.8186207021864513,6.253828811575473,-0.02374330483604492,-3696.6
2022-09-01 15:00:00,-0.7250756835332659,6.246106765481563,-0.020490903344855482,-3758.8
2022-09-01 16:00:00,-0.8303446713702738,6.230481447578482,-0.01918848772861459,-3667.6
2022-09-01 17:00:00,-0.8383412899292422,6.159095388491933,-0.018002203056306953,-3675.5
2022-09-01 18:00:00,-0.7613444317120228,6.075346031088684,-0.022070297626801683,-3698.4
2022-09-01 19:00:00,-0.6907416780121265,6.037870919922137,-0.019315547851353365,-3670.8
2022-09-01 20:00:00,-0.6555840694385009,6.093569770045136,-0.01344800826890058,-3677.0
2022-09-01 21:00:00,-0.622546758555035,6.180016653652572,-0.015396275535554338,-3521.0
2022-09-01 22:00:00,-0.6058408859818885,6.234410725718371,-0.020725781406984112,-3413.6
2022-09-01 23:00:00,-0.5275236780658976,6.285998094508865,-0.03573860719699784,-3286.7
2022-09-02 00:00:00,-0.32117461260962177,6.403574197934815,-0.053222347322707364,-3042.9
2022-09-02 01:00:00,-0.22677772777328764,6.413458957167357,-0.06528437113833352,-2571.2
2022-09-02 02:00:00,-0.10867997842692123,6.380122536899765,-0.05961382403917792,-2522.2
2022-09-02 03:00:00,-0.08010944062302983,6.35088571671474,-0.07152477802893387,-2566.2
2022-09-02 04:00:00,-0.07565861716874211,6.343880434126331,-0.07084422086829978,-2741.3
2022-09-02 05:00:00,-0.1833050070194382,6.327936783729195,-0.055251054350493156,-2826.3
2022-09-02 06:00:00,-0.21998556086893295,6.282266746896006,-0.04304136121287083,-3014.0
2022-09-02 07:00:00,-0.7735209050974499,6.102558594613569,-0.02448118103509067,-3344.0
2022-09-02 08:00:00,-0.5008930614551099,5.87493073085203,-0.0071667796773216,-3541.0
2022-09-02 09:00:00,-0.5535799732901601,5.796057750765372,0.0005725155079652211,-3593.6
2022-09-02 10:00:00,-0.5968693541506505,5.780743515792329,-0.011483724272656204,-3633.3
2022-09-02 11:00:00,-0.7650373229211107,5.62040086571715,-0.026081278123284868,-3661.8
2022-09-02 12:00:00,-0.7729640285013293,5.429345628954441,-0.02294288816386647,-3723.3
2022-09-02 13:00:00,-0.6819166810199415,5.2574953720277815,-0.03010026182865122,-3762.0
2022-09-02 14:00:00,-0.6035405506665179,5.135798437050262,-0.0192135446057069,-3771.5
2022-09-02 15:00:00,-0.6549185168926517,5.049856007249537,-0.018115185808396994,-3785.3
2022-09-02 16:00:00,-0.7124417269838079,4.955827057601261,-0.013932646188965059,-3839.8
2022-09-02 17:00:00,-0.7276175799088582,4.9344739331306915,-0.012957205705030006,-3843.5
2022-09-02 18:00:00,-0.7148928613791208,5.003946305945459,-0.01126858360068983,-3719.2
2022-09-02 19:00:00,-0.6055263605574774,5.220355825078324,-0.015381702592268454,-3601.0
2022-09-02 20:00:00,-0.5324244421699076,5.4680601411351315,-0.0027550546430497036,-3447.2
2022-09-02 21:00:00,-0.48567907470474214,5.616771097666572,0.0014362633064548547,-3327.6
2022-09-02 22:00:00,-0.36052082582641765,5.720311776607412,-0.01646768467199955,-3130.3
2022-09-02 23:00:00,-0.17323407529362234,5.831882477283517,-0.03415785608197908,-3017.0
2022-09-03 00:00:00,-0.1679907982390878,5.934894195619588,0.01620893985237437,-2883.9
2022-09-03 01:00:00,0.020201283832760097,6.0330862217988015,0.011965100559714337,-2306.4
2022-09-03 02:00:00,0.0853400186417943,6.152732694704104,0.03125941847973923,-2205.5
2022-09-03 03:00:00,0.1726365608017555,6.218600119691729,0.018366890283711967,-2224.5
2022-09-03 04:00:00,0.13448609198911887,6.251903883165888,0.010195322450043953,-2191.6
2022-09-03 05:00:00,0.0013163495835559758,6.246106765481563,0.011158460429782302,-2334.9
2022-09-03 06:00:00,-0.061077494345437966,6.163314804034641,0.018610442312126274,-2437.2
2022-09-03 07:00:00,0.1480220081413277,5.958424693029782,0.0320366283852378,-2719.8
2022-09-03 08:00:00,0.09675071447138972,5.673323267171493,0.04995095488146983,-2865.3
2022-09-03 09:00:00,0.071319100824347,5.4680601411351315,0.03555067811275503,-3028.0
2022-09-03 10:00:00,-0.03581258200866877,5.37989735354046,0.03211745057369253,-3133.6
2022-09-03 11:00:00,0.07713150325700813,5.313205979041787,0.04760397298915198,-3234.2
2022-09-03 12:00:00,0.09196884652023396,5.209486152841421,0.042929167199006635,-3305.5
2022-09-03 13:00:00,-0.018477063451325826,5.117993812416755,0.021237643151243546,-3236.8
2022-09-03 14:00:00,0.09317638990486277,5.030437921392435,0.03733873525088249,-3426.4
2022-09-03 15:00:00,0.061280927097026705,4.997212273764115,0.025911081536576397,-3439.0
2022-09-03 16:00:00,-0.045243910543696586,4.990432586778736,0.025009062668520876,-3451.5
2022-09-03 17:00:00,-0.0964372055903926,5.0106352940962555,0.029567911798817015,-3496.7
2022-09-03 18:00:00,-0.14215946197903406,5.117993812416755,0.030307172460512177,-3546.5
2022-09-03 19:00:00,-0.1680509505998682,5.2832037287379885,0.032391915388719994,-3549.4
2022-09-03 20:00:00,-0.09585950194240755,5.4116460518550396,0.04048821016645565,-3492.0
2022-09-03 21:00:00,0.0193153350800781,5.438079308923196,0.03654096794163397,-3362.2
2022-09-03 22:00:00,0.05031652207361237,5.44673737166631,0.014794510808997074,-3242.5
2022-09-03 23:00:00,0.16468156601234707,5.455321115357702,0.02033160924028099,-3089.9
2022-09-04 00:00:00,0.14426578105497256,5.537334267018537,0.04584521597762592,-2681.9
2022-09-04 01:00:00,0.1394327948020102,5.438079308923196,0.033554425487880124,-2417.9
2022-09-04 02:00:00,0.3286255091427961,5.37989735354046,0.05420340311442917,-2329.9
2022-09-04 03:00:00,0.12790833232201493,5.37989735354046,0.06160494135817007,-2432.2
2022-09-04 04:00:00,0.0761416836745461,5.420534999272286,0.06528149851943876,-2495.9
2022-09-04 05:00:00,0.0006330691808544842,5.5134287461649825,0.049180877327075656,-2633.1
2022-09-04 06:00:00,0.056560858381165424,5.575949103146316,0.03296281286562852,-3055.4
2022-09-04 07:00:00,0.30488422800608195,5.556828061699537,0.040432846822646695,-3289.9
2022-09-04 08:00:00,0.19269959356519983,5.278114659230517,0.055202637914330666,-3689.8
2022-09-04 09:00:00,0.09528611290932165,4.859812404361672,0.06524968149197008,-3812.6
2022-09-04 10:00:00,0.15750052403756065,4.634728988229636,0.06339113765942272,-3798.3
2022-09-04 11:00:00,0.02613521136072805,4.5217885770490405,0.06287143253131955,-3818.9
2022-09-04 12:00:00,0.1491213388835142,4.418840607796598,0.06540499270701883,-3743.8
2022-09-04 13:00:00,-0.06380387618848538,4.330733340286331,0.03605403154213871,-3498.6
2022-09-04 14:00:00,0.09824893472282437,4.31748811353631,0.0391218290157731,-3861.6
2022-09-04 15:00:00,0.2669901256231011,4.248495242049359,0.042994282057908784,-4021.5
2022-09-04 16:00:00,0.958727486311914,4.189654742026425,0.03863554413895365,-4060.1
2022-09-04 17:00:00,1.4224084681334324,4.219507705176107,0.03385968279356355,-4080.5
2022-09-04 18:00:00,1.5564873996489572,4.3694478524670215,0.03490866829268757,-4323.7
2022-09-04 19:00:00,1.6741929868114953,4.762173934797756,0.02328326706317352,-4329.6
2022-09-04 20:00:00,1.6918187955273156,5.0369526024136295,0.038833039461364294,-4248.7
2022-09-04 21:00:00,1.6077676150969697,5.099866427824199,0.04430694160716442,-4246.3
2022-09-04 22:00:00,1.573288052622516,5.10594547390058,0.041909550808450824,-4164.9
2022-09-04 23:00:00,1.26481645016477,5.147494476813453,0.050451659498139456,-4105.5
2022-09-05 00:00:00,1.0553627097492821,5.075173815233827,0.061737634940930874,-3644.8
2022-09-05 01:00:00,1.0233241747809867,5.081404364984463,0.05810799237281916,-3375.8
2022-09-05 02:00:00,1.0845834837452948,5.049856007249537,0.052926149408826006,-3385.1
2022-09-05 03:00:00,1.1647499706997548,4.955827057601261,0.05090180066792893,-3360.6
2022-09-05 04:00:00,1.16962398868516,4.882801922586371,0.051023198310202744,-3481.0
2022-09-05 05:00:00,1.4745616355829592,4.890349128221754,0.04221046447000543,-3733.7
2022-09-05 06:00:00,1.2421972889924717,4.90527477843843,0.05151117370133029,-3491.2
2022-09-05 07:00:00,1.606724206969182,4.852030263919617,0.06180246137179157,-3509.3
2022-09-05 08:00:00,0.9833062598528182,4.709530201312334,0.0624920312223205,-3611.0
2022-09-05 09:00:00,0.9280816909431904,4.465908118654584,0.06366758119296012,-3735.2
2022-09-05 10:00:00,0.8601320264092971,4.31748811353631,0.06526352393840629,-3781.3
2022-09-05 11:00:00,0.8683971727168727,4.418840607796598,0.05783249366496879,-3808.4
2022-09-05 12:00:00,0.8656274045868741,4.624972813284271,0.05330428263670761,-3806.0
2022-09-05 13:00:00,0.41951500496911365,4.812184355372417,0.05570923692627083,-3802.0
2022-09-05 14:00:00,0.1811115575666884,5.003946305945459,0.05157363880499766,-3796.2
2022-09-05 15:00:00,0.12836334533066474,5.231108616854587,0.046763427848299344,-3815.5
2022-09-05 16:00:00,0.1038199391255974,5.442417710521793,0.04049643128016722,-3809.3
2022-09-05 17:00:00,0.09926734511167545,5.634789603169249,0.05205611130486254,-3772.1
2022-09-05 18:00:00,0.10456085395339176,5.926926025970411,0.04551811321033217,-3887.6
2022-09-05 19:00:00,-0.04689527133782878,6.317164686747284,0.04161531495316151,-3806.9
2022-09-05 20:00:00,0.005844184328411828,6.606650186198215,0.05263216065628651,-3618.4
2022-09-05 21:00:00,-0.28512834548561017,6.823286122355687,0.048629362975403545,-3603.3
2022-09-05 22:00:00,-0.22327057957390917,6.97354301952014,0.047337688498224395,-3551.0
2022-09-05 23:00:00,-0.06524079807964789,7.0587581525186645,0.04981715416192234,-3597.2
2022-09-06 00:00:00,0.00934778717817153,7.216709486709457,0.051294958636412424,-2770.8
2022-09-06 01:00:00,0.06027854874635441,7.280697195384741,0.04414813787543359,-2505.0
2022-09-06 02:00:00,0.08127850016842508,7.349873704738337,0.038621060347930225,-2603.4
2022-09-06 03:00:00,0.06262092804168518,7.407924322559599,0.028408793661713005,-2728.6
2022-09-06 04:00:00,0.2091578431371044,7.450079569807499,0.029526154410866923,-2908.0
2022-09-06 05:00:00,0.1919985729956588,7.472500744737558,0.026109665083303923,-3207.8
2022-09-06 06:00:00,-0.19768149937413693,7.461065514354283,0.023219197850288253,-3609.7
2022-09-06 07:00:00,-0.049688883044364474,7.381501894506707,0.028606649615778856,-3773.1
2022-09-06 08:00:00,0.2342638744314165,7.146772179452637,0.03515791275543467,-3791.5
2022-09-06 09:00:00,0.3587632676820709,6.78105762593618,0.02935703556166569,-3863.4
2022-09-06 10:00:00,0.36792734671356,6.484635235635252,0.015840048794537154,-3800.5
2022-09-06 11:00:00,-0.11212569442129716,6.352629396319567,0.0189581646614867,-3777.4
2022-09-06 12:00:00,-0.07834979695805533,6.26530121273771,0.0003971262423299038,-3684.3
2022-09-06 13:00:00,0.06978778293806265,6.208590026096629,0.017046918073209127,-3593.5
2022-09-06 14:00:00,0.08793831500736182,6.148468295917647,0.014513918228183265,-3562.6
2022-09-06 15:00:00,0.2668829498964378,6.100318952020064,0.016169477354011086,-3547.1
2022-09-06 16:00:00,0.5304698892100568,6.045005314036012,0.013003122536646927,-3563.3
2022-09-06 17:00:00,0.6912820746684512,5.988961416889864,0.013187320167368455,-3523.1
2022-09-06 18:00:00,0.43175887307827576,6.0063531596017325,0.01115936882022428,-3596.9
2022-09-06 19:00:00,0.8446570505139341,6.186208623900494,0.010006696628321876,-3570.2
2022-09-06 20:00:00,0.8346439157589618,6.302618975744905,0.022522875137362952,-3571.5
2022-09-06 21:00:00,0.7855488826640595,6.19644412779452,0.016428834232288914,-3551.2
2022-09-06 22:00:00,0.7080672039818525,6.008813185442595,0.022543456873013845,-3512.6
2022-09-06 23:00:00,0.8101967898551443,5.831882477283517,0.018868913299243673,-3442.7
2022-09-07 00:00:00,1.245834555241518,5.730099782973574,0.005333413239894114,-3561.1
2022-09-07 01:00:00,1.5114224150741382,5.598421958998375,-0.003353111116402019,-2929.0
2022-09-07 02:00:00,1.361839674842039,5.459585514144159,-0.007135795151511637,-2851.4
2022-09-07 03:00:00,1.3462153062043054,5.318119993844216,-0.015426191772741404,-2864.6
2022-09-07 04:00:00,1.3908602275044206,5.236441962829949,-0.012568542739126443,-3024.7
2022-09-07 05:00:00,1.3784245838198723,5.198497031265826,-0.009054525240727251,-3680.0
2022-09-07 06:00:00,1.6109391209542565,5.181783550292085,-0.0031142758114812708,-3746.7
2022-09-07 07:00:00,0.6395490931085348,5.14166355650266,0.007111875661640177,-3710.4
2022-09-07 08:00:00,0.5443867929902328,4.9344739331306915,0.016616219348145833,-3764.9
2022-09-07 09:00:00,1.4545385943497369,4.7535901911063645,0.016133193858708594,-3886.5
2022-09-07 10:00:00,1.3828726210127815,4.74493212836325,0.008714194302349654,-3863.4
2022-09-07 11:00:00,0.5239100352988864,4.77912349311153,-0.004114668367130037,-3799.6
2022-09-07 12:00:00,0.5738578364048337,4.836281906951478,-0.012134241083831654,-3819.0
2022-09-07 13:00:00,0.7222974061268106,4.955827057601261,0.011845703256679663,-3843.2
2022-09-07 14:00:00,0.7582055248983348,5.093750200806762,0.012554914401759376,-3850.9
2022-09-07 15:00:00,0.7569286674710174,5.241747015059643,0.012835275856959427,-3865.2
2022-09-07 16:00:00,0.6711894241066068,5.420534999272286,0.013005692960994963,-3871.2
2022-09-07 17:00:00,0.6313346315348092,5.60947179518496,0.016622025968807463,-3883.4
2022-09-07 18:00:00,0.7113021818446974,5.869296913133774,0.014792547023507296,-4045.6
2022-09-07 19:00:00,0.735642500018626,6.161207321695077,0.016100297460789115,-4034.6
2022-09-07 20:00:00,0.8167114110147145,6.400257445308821,0.022910593565612203,-4027.1
2022-09-07 21:00:00,0.8667252443609268,6.54534966033442,0.017547414503668257,-3994.4
2022-09-07 22:00:00,0.777297069812561,6.62273632394984,0.02271580698025133,-3709.9
2022-09-07 23:00:00,0.8772127321273304,6.664409020350408,0.021709967333845448,-3602.2
2022-09-08 00:00:00,0.4827462353534262,6.872128101338986,0.029859386040274494,-3502.8
2022-09-08 01:00:00,0.7862101225925198,6.838405200847344,0.022097814074265365,-3946.7
2022-09-08 02:00:00,0.7582455748338761,6.799055862058796,0.022822261802493138,-3866.4
2022-09-08 03:00:00,0.7945780494020225,6.760414691083428,0.017189603111781082,-3867.7
2022-09-08 04:00:00,1.1564248452420882,6.734591659972948,0.020894673192153768,-4012.1
2022-09-08 05:00:00,0.3757477119484198,6.729824070489475,0.02396771851229662,-3511.3
2022-09-08 06:00:00,0.2779414001051874,6.723832440821209,0.02452146110122566,-3636.4
2022-09-08 07:00:00,0.06993565785809697,6.6895992691789665,0.032119760356875915,-3678.1
2022-09-08 08:00:00,-0.013327155843101401,6.606650186198215,0.03681471441860573,-3727.4
2022-09-08 09:00:00,-0.03875623952584295,6.579251212010101,0.03489075043002643,-3806.4
2022-09-08 10:00:00,-0.04733728247969626,6.588926477533519,0.025950099126231585,-3826.6
2022-09-08 11:00:00,0.09636138679454742,6.588926477533519,0.03737303914514278,-3831.4
2022-09-08 12:00:00,0.04830888027086644,6.566672429803241,0.021517167577976615,-3714.2
2022-09-08 13:00:00,0.14407801332078574,6.529418838262226,0.022155154186800807,-3700.6
2022-09-08 14:00:00,0.14724174919195576,6.4425401664681985,0.02824027228105752,-3699.8
2022-09-08 15:00:00,0.15812888531718183,6.336825731146441,0.020978453197858293,-3629.8
2022-09-08 16:00:00,0.18150177766794862,6.248042874508429,0.019580752784555955,-3606.0
2022-09-08 17:00:00,0.151935599363469,6.248042874508429,0.014073163913478126,-3477.9
2022-09-08 18:00:00,0.19338675383956527,6.421622267806518,0.015231489535869613,-3348.3
2022-09-08 19:00:00,0.20737352551220312,6.75343791859778,0.01899865506546572,-3423.1
2022-09-08 20:00:00,0.2315288821233974,7.04141166379481,0.024384447402987952,-3338.2
2022-09-08 21:00:00,0.2606021322832417,7.1929342212158,0.01918749166140543,-3243.4
2022-09-08 22:00:00,0.29151832280325074,7.247080584585756,0.022446390458225274,-3052.8
2022-09-08 23:00:00,0.32232195440010436,7.226209010100671,0.02568117672791903,-2674.1
2022-09-09 00:00:00,0.43569801480942427,7.020190708311925,0.06809614936469899,-2274.0
2022-09-09 01:00:00,0.41535102440366156,6.975413927455952,0.06388144560532982,-2212.3
2022-09-09 02:00:00,0.47186995657580777,6.93828448401696,0.07114655730481534,-2178.0
2022-09-09 03:00:00,0.448557757793143,6.923628628138427,0.07244882280962894,-2195.9
2022-09-09 04:00:00,0.32425109448511424,6.911747300251674,0.06881897720514818,-2219.9
2022-09-09 05:00:00,0.30264520771342873,6.875232087276577,0.06172999233035181,-2396.8
2022-09-09 06:00:00,0.20763029002682032,6.777646593635117,0.050817088358266815,-3154.1
2022-09-09 07:00:00,0.08679292414656725,6.630683385642372,0.03824466243622915,-3218.3
2022-09-09 08:00:00,0.07889000358648701,6.293419278846481,0.03191664312954323,-3450.3
2022-09-09 09:00:00,0.0784476185657379,5.8888779583328805,0.03198871174134421,-3408.7
2022-09-09 10:00:00,0.13306995086799578,5.755742213586912,0.02525026368363026,-3369.4
2022-09-09 11:00:00,0.09465739044292132,5.814130531825066,0.017065018623867445,-3418.6
2022-09-09 12:00:00,0.16009523681464088,5.846438775057725,0.026764313742329904,-3485.2
2022-09-09 13:00:00,0.2320206471400521,5.84354441703136,0.025828290830573586,-3427.8
2022-09-09 14:00:00,0.2660004870541073,5.84354441703136,0.03889921955321629,-3421.1
2022-09-09 15:00:00,0.24776319633609756,5.8805329864007,0.037695948976490534,-3457.0
2022-09-09 16:00:00,0.225355210111311,5.926926025970411,0.042628217588386086,-3499.2
2022-09-09 17:00:00,0.19698899476431553,6.049733455231958,0.041241750514718234,-3506.4
2022-09-09 18:00:00,0.19644861540471314,6.345636360828596,0.03958463911094423,-3453.8
2022-09-09 19:00:00,0.23617469728975404,6.733401891837359,0.04300661564588548,-3409.1
2022-09-09 20:00:00,0.2737367878853938,6.977281341630747,0.05563326359510423,-3376.7
2022-09-09 21:00:00,0.3542203001960731,7.0630481633881725,0.05927765134574425,-3298.8
2022-09-09 22:00:00,0.4763763382866424,7.095064377287131,0.06258096113089096,-3185.3
2022-09-09 23:00:00,0.5735976221314871,7.063903961472068,0.06919491474537587,-2737.9
2022-09-10 00:00:00,0.5971443027002965,6.949856455000773,0.06872697413582074,-2505.3
2022-09-10 01:00:00,0.586715336542019,6.862757913051401,0.05974157989829987,-2247.5
2022-09-10 02:00:00,0.6858805546699243,6.75110146893676,0.06936586482751217,-2191.2
2022-09-10 03:00:00,0.7783528572867366,6.612041034833092,0.06122557459737088,-2224.2
2022-09-10 04:00:00,0.7777408559992303,6.453624998892692,0.06152469122298054,-2296.9
2022-09-10 05:00:00,0.7676870188236258,6.2878585601617845,0.0662438389235982,-2488.4
2022-09-10 06:00:00,0.6059856691548964,6.142037405587356,0.05783115546540696,-2961.3
2022-09-10 07:00:00,0.6539694946595622,5.961005339623274,0.0493935394211773,-3293.4
2022-09-10 08:00:00,0.6010804655219353,5.648974238161206,0.044198302392020494,-3542.9
2022-09-10 09:00:00,0.6542063353765251,5.318119993844216,0.0393361715922369,-3765.1
2022-09-10 10:00:00,0.5116760600907115,5.214935757608986,0.040928080255848265,-3771.0
2022-09-10 11:00:00,0.548954616968075,5.332718793265369,0.061501859350160615,-3862.3
2022-09-10 12:00:00,0.5890360599947808,5.327876168789581,0.057527966620159354,-3959.4
2022-09-10 13:00:00,0.6345148807955621,5.236441962829949,0.0347037010767286,-3932.6
2022-09-10 14:00:00,0.6776437117221654,5.153291594497779,0.04827483652499254,-3887.1
2022-09-10 15:00:00,0.6192989999088727,5.062595033026967,0.043999430009006524,-3851.4
2022-09-10 16:00:00,0.5157574073354185,4.990432586778736,0.037061222507293046,-3863.3
2022-09-10 17:00:00,0.4078206219475087,5.147494476813453,0.03954305685563586,-3884.2
2022-09-10 18:00:00,1.0014259819162588,5.648974238161206,0.0421563912355607,-3614.5
2022-09-10 19:00:00,0.9388642477799909,6.198478716492308,0.049762079170255547,-3580.6
2022-09-10 20:00:00,0.6973711371745202,6.4967749901858625,0.07209914710320486,-3519.1
2022-09-10 21:00:00,0.7011366867170086,6.608000625296087,0.07782977955587178,-3461.8
2022-09-10 22:00:00,0.5844614277035483,6.6293632534374485,0.07111943340918003,-3500.6
2022-09-10 23:00:00,0.7631994690689625,6.558197802812269,0.076090442725806,-3464.1
2022-09-11 00:00:00,1.5226931182279735,6.423246963533519,0.07807289363993597,-3410.5
2022-09-11 01:00:00,1.5043659865651575,6.3080984415095305,0.06554602716124158,-3276.4
2022-09-11 02:00:00,1.4854964305262657,6.163314804034641,0.06673838618412553,-3263.6
2022-09-11 03:00:00,1.4204859693993912,6.023447592961033,0.06993253979593206,-3290.6
2022-09-11 04:00:00,1.3459356683217987,5.8944028342648505,0.07288609790465816,-3439.9
2022-09-11 05:00:00,1.3422634949987513,5.805134968916488,0.06929948860687052,-3428.4
2022-09-11 06:00:00,0.8029500568584211,5.768320995793772,0.06545789454855822,-3638.1
2022-09-11 07:00:00,0.6856701596499715,5.66988092298052,0.05601054076451639,-3593.3
2022-09-11 08:00:00,0.7283111853490816,5.442417710521793,0.055202637914330666,-3683.8
2022-09-11 09:00:00,0.561251238280156,4.962844630259907,0.04993349184966256,-3734.7
2022-09-11 10:00:00,0.5356521901819287,4.454347296253507,0.05260765225839492,-3782.8
2022-09-11 11:00:00,0.3104894937198335,4.418840607796598,0.06287143253131955,-3846.7
2022-09-11 12:00:00,0.5127143814315609,4.624972813284271,0.06091636702387859,-3806.0
2022-09-11 13:00:00,0.5387736194933552,4.844187086458591,0.03151004449601302,-3817.1
2022-09-11 14:00:00,0.5770852246715021,4.990432586778736,0.04368655816788802,-3754.7
2022-09-11 15:00:00,0.6653667491827289,5.111987788356544,0.04493289332741046,-3743.7
2022-09-11 16:00:00,0.8842501435577574,5.225746673713202,0.032962664128765695,-3694.1
2022-09-11 17:00:00,0.7980932649840877,5.318119993844216,0.03385968279356355,-3662.4
2022-09-11 18:00:00,0.853914569767988,5.521460917862246,0.033057387294964435,-3650.3
2022-09-11 19:00:00,0.989612790291563,5.814130531825066,0.03367773546026065,-3582.4
2022-09-11 20:00:00,1.0663216614885052,5.983936280687191,0.04855955991125338,-3539.5
2022-09-11 21:00:00,0.9107864173282634,6.021023349349527,0.05239911150450105,-3587.3
2022-09-11 22:00:00,0.9607632338920338,6.013715156042802,0.057373776506032925,-3580.0
2022-09-11 23:00:00,0.7760547878772028,5.948034989180646,0.06569888891883302,-3575.3
2022-09-12 00:00:00,0.49362304636467513,5.902633333401366,0.07786701687081443,-3336.0
2022-09-12 01:00:00,0.4449056377193852,5.808142489980444,0.06423671431419287,-3316.5
2022-09-12 02:00:00,0.45700079303376295,5.75890177387728,0.06872860809903614,-3308.3
2022-09-12 03:00:00,0.4477938456540933,5.717027701406222,0.06872269723803992,-3301.8
2022-09-12 04:00:00,0.35119767705844573,5.673323267171493,0.06991714767016433,-3348.4
2022-09-12 05:00:00,0.4079976899015909,5.648974238161206,0.06381523278198742,-3356.9
2022-09-12 06:00:00,0.18405096707069024,5.652489180268651,0.05454976613347995,-3480.9
2022-09-12 07:00:00,0.8890751190059367,5.62040086571715,0.04811143177258348,-3429.4
2022-09-12 08:00:00,0.9735127561595016,5.5134287461649825,0.03993044253842193,-3590.6
2022-09-12 09:00:00,1.403557254364614,5.2574953720277815,0.03482758409423958,-3522.6
2022-09-12 10:00:00,1.2284437707589353,4.969813299576001,0.031728127921511806,-3510.6
2022-09-12 11:00:00,1.2108968339696933,5.123963979403259,0.019662095143925917,-3495.9
2022-09-12 12:00:00,1.2233700420049098,5.429345628954441,0.019461075720225374,-3434.1
2022-09-12 13:00:00,1.1083283328070026,5.726847747587197,0.0313177838021117,-3487.4
2022-09-12 14:00:00,1.0915864761843945,5.948034989180646,0.031747916553909405,-3448.5
2022-09-12 15:00:00,1.0425044155045473,6.12029741895095,0.02696080055211958,-3419.9
2022-09-12 16:00:00,1.0585653666546735,6.253828811575473,0.021902054756679945,-3405.6
2022-09-12 17:00:00,1.0175261289743212,6.369900982828227,0.03878030304747693,-3415.3
2022-09-12 18:00:00,0.5069761515144959,6.634633357861686,0.040277926546775866,-3610.5
2022-09-12 19:00:00,0.17983381514422714,6.967909201801884,0.04625838771699087,-3693.5
2022-09-12 20:00:00,0.17213759071294987,7.2196420401307355,0.05495639180136713,-3752.7
2022-09-12 21:00:00,0.24031626640825987,7.358830898342354,0.051026008820002744,-3856.5
2022-09-12 22:00:00,0.22430244788758813,7.4342573821331355,0.055414774969712255,-3670.7
2022-09-12 23:00:00,0.20012463576101958,7.468513271496337,0.071087695050978,-3067.1
2022-09-13 00:00:00,-0.11967315353314412,7.546446273746024,0.0587148914980693,-2809.7
2022-09-13 01:00:00,-0.4011230160091359,7.543802867501509,0.05927910055272978,-2544.3
2022-09-13 02:00:00,-0.5753044419270288,7.5310163320779155,0.056677106441376246,-2349.9
2022-09-13 03:00:00,-0.638803075137111,7.532623618788788,0.05344487182303759,-2299.7
2022-09-13 04:00:00,-0.7091536840533266,7.546446273746024,0.05150506112964148,-2333.2
2022-09-13 05:00:00,-0.42314110070650335,7.550661243105336,0.04735880456543029,-2642.1
2022-09-13 06:00:00,-0.16209483004150105,7.564238475170491,0.03868501802587332,-3275.9
2022-09-13 07:00:00,-0.3287004751536804,7.580699752224563,0.032677606095800726,-4241.7
2022-09-13 08:00:00,-0.3344207346914647,7.589841512182657,0.031733251874070945,-4459.4
2022-09-13 09:00:00,-0.3984456442429787,7.632885505395133,0.038520902668456536,-4534.3
2022-09-13 10:00:00,-0.3018186012042241,7.680637427560936,0.032072289256626973,-4628.4
2022-09-13 11:00:00,-0.209735434957401,7.734996194022781,0.03990133850672972,-4535.6
2022-09-13 12:00:00,-0.23642123643786572,7.77485576666552,0.02377633251995892,-4468.6
2022-09-13 13:00:00,-0.16380835829442653,7.794823152179389,0.040619017147475844,-4488.6
2022-09-13 14:00:00,-0.2551169028414808,7.791935956938058,0.038768286709576216,-4330.8
2022-09-13 15:00:00,-0.24818896475100338,7.776954403322442,0.03921333306887487,-4324.3
2022-09-13 16:00:00,-0.36104266346312475,7.743269700829004,0.032409788631850844,-4262.0
2022-09-13 17:00:00,-0.41971513811062255,7.73718007783463,0.03551492218810193,-4304.5
2022-09-13 18:00:00,-0.38389655430027414,7.707512194600341,0.032487191461048504,-4406.5
2022-09-13 19:00:00,-0.35494251775379837,7.673223121121708,0.02771672266637193,-4376.2
2022-09-13 20:00:00,-0.3506481511302457,7.611347717403621,0.03973909139849496,-4060.0
2022-09-13 21:00:00,-0.28850651841262653,7.533158807455563,0.03659450382688334,-3554.5
2022-09-13 22:00:00,-0.4778986571390651,7.455876687491824,0.03523398251705867,-2871.2
2022-09-13 23:00:00,-0.7159018067736214,7.40184157874383,0.04341409245963668,-2396.3
2022-09-14 00:00:00,-0.49661864266746303,7.4815557019095165,0.02397392535589571,-2276.4
2022-09-14 01:00:00,-0.5975718778860468,7.427738840532894,0.02547138006293359,-2066.2
2022-09-14 02:00:00,-0.5952569853007317,7.355001921105257,0.02616519197546019,-1953.8
2022-09-14 03:00:00,-0.6321440338740838,7.284134806195205,0.02704303533637109,-1883.4
2022-09-14 04:00:00,-0.5348273810306075,7.226209010100671,0.027826921597651655,-2131.1
2022-09-14 05:00:00,-0.34547244137739774,7.190676034332207,0.02714245590387865,-2660.1
2022-09-14 06:00:00,-0.18907311783563507,7.186901020411631,0.021778110881147228,-3389.2
2022-09-14 07:00:00,-0.25754060481049823,7.186144304522325,0.016468669072520647,-3941.0
2022-09-14 08:00:00,-0.26392281422185704,7.123672785204607,0.01718977829705004,-3961.1
2022-09-14 09:00:00,-0.2668896580137128,7.074116816197362,0.02418384113587546,-3927.8
2022-09-14 10:00:00,-0.2218732254939768,7.04141166379481,0.02091300953253672,-3915.8
2022-09-14 11:00:00,-0.19361060102586514,6.988413181999592,0.01281015932493812,-3885.2
2022-09-14 12:00:00,-0.1817069737235446,6.946975992135418,0.0019504987979077626,-3893.8
2022-09-14 13:00:00,-0.05382748071157817,6.947937068614969,0.024855939992694864,-3745.4
2022-09-14 14:00:00,-0.017867530481074922,6.963189985870238,0.023218522558445365,-3628.2
2022-09-14 15:00:00,-0.04601461426018538,7.0326242610280065,0.018755956266686802,-3688.4
2022-09-14 16:00:00,-0.09534677432772565,7.095893221097532,0.014182163684924198,-3757.2
2022-09-14 17:00:00,-0.1665391811500223,7.1204443723924875,0.021905278645390602,-3852.4
2022-09-14 18:00:00,-0.14553078771144534,7.1569563646156364,0.018933339689538364,-3793.1
2022-09-14 19:00:00,-0.11934770599173294,7.195187320178709,0.015510848578411007,-3790.3
2022-09-14 20:00:00,-0.11248534312468017,7.239214973779806,0.019945871560084427,-3722.7
2022-09-14 21:00:00,-0.22800760046825364,7.277938572945661,0.019382838695895188,-3341.3
2022-09-14 22:00:00,-0.2816206201706022,7.307202314764738,0.0176364309802306,-2960.5
2022-09-14 23:00:00,-0.5298303940899411,7.329749689041512,0.029006848798121432,-2349.2
2022-09-15 00:00:00,-1.2302515070561495,7.400620577371135,0.013969587125658656,-1868.0
2022-09-15 01:00:00,-1.2465695011093771,7.416979621381154,0.010138473504840206,-1864.0
2022-09-15 02:00:00,-1.24182731103694,7.429520842786462,0.01145850315217789,-1898.8
2022-09-15 03:00:00,-1.2267301171375022,7.444833273892193,0.01221976682643966,-1950.6
2022-09-15 04:00:00,-1.264787137925976,7.463363045520021,0.011800521673836606,-2016.6
2022-09-15 05:00:00,-0.8171854532837397,7.487173694213739,0.013178672521478418,-2324.2
2022-09-15 06:00:00,-0.37338883224165276,7.515889085215125,0.01261282773190242,-2939.0
2022-09-15 07:00:00,-0.36342731000257444,7.5352967024440884,0.0115004731541406,-3417.9
2022-09-15 08:00:00,-0.34073649670928585,7.522400231387125,0.011907547920742445,-3432.7
2022-09-15 09:00:00,-0.4309837442587785,7.515344571180436,0.014594315812018976,-3619.5
2022-09-15 10:00:00,-0.46883916749743104,7.507141079727608,0.013651261816257865,-3773.8
2022-09-15 11:00:00,-0.40025429321252837,7.497207223203318,0.0320959820442992,-3838.8
2022-09-15 12:00:00,-0.43185679260095444,7.4949862339505335,0.016791819151549703,-3900.5
2022-09-15 13:00:00,-0.3268553609055278,7.488852955733459,0.016802777448209127,-3917.2
2022-09-15 14:00:00,-0.32022541705787155,7.477604243197589,0.027644147077115377,-3880.0
2022-09-15 15:00:00,-0.29203724852100166,7.503289630675082,0.023960859225978126,-3881.0
2022-09-15 16:00:00,-0.31354019809006406,7.5411524551363085,0.026685578408300437,-3895.7
2022-09-15 17:00:00,-0.31670303100565,7.5485559791698735,0.028853214225198265,-3736.7
2022-09-15 18:00:00,-0.23587372095341497,7.555905093611346,0.030717206975250377,-3563.4
2022-09-15 19:00:00,-0.17843676403554642,7.573017256052546,0.028499914189605846,-3529.2
2022-09-15 20:00:00,-0.13717533000969695,7.593877844605118,0.028567303815396627,-3503.6
2022-09-15 21:00:00,-0.08028802957985182,7.615298339825815,0.01980534772060416,-3467.9
2022-09-15 22:00:00,-0.14164559833190005,7.6255950721324535,0.016023760801758158,-3198.7
2022-09-15 23:00:00,-0.38274116220101195,7.6362696033793735,0.020984757495311257,-2781.2
2022-09-16 00:00:00,-0.38479461336685183,7.696667081526462,0.00788181762910245,-2636.9
2022-09-16 01:00:00,-0.46264432500867736,7.726212650507529,0.008444741378350606,-2550.1
2022-09-16 02:00:00,-0.49196263289212494,7.745002803515839,-0.02436458039950562,-2479.7
2022-09-16 03:00:00,-0.4978758703410149,7.753623546559746,-0.025600261141825342,-2481.3
2022-09-16 04:00:00,-0.48336713620098415,7.763021309018518,-0.021369384323874918,-2633.8
2022-09-16 05:00:00,-0.4578981286657653,7.764720544771477,-0.021205212940776264,-3167.2
2022-09-16 06:00:00,-0.3862781676535909,7.7651449029361315,-0.029831129476064255,-3314.0
2022-09-16 07:00:00,-0.4285483137108441,7.753623546559746,-0.0362642631008967,-3500.1
2022-09-16 08:00:00,-0.47191058596376667,7.720461694599722,-0.033079648672922346,-3492.4
2022-09-16 09:00:00,-0.5356962849870728,7.716906135298388,-0.03125244591437326,-3520.2
2022-09-16 10:00:00,-0.5008816613423734,7.705262474866325,-0.027299139078205137,-3517.6
2022-09-16 11:00:00,-0.5298163855793705,7.684783943522785,-0.031607850372126656,-3519.9
2022-09-16 12:00:00,-0.4663382190607255,7.659642954564682,-0.03293672524620117,-3535.6
2022-09-16 13:00:00,-0.4707941632196877,7.6544432264701125,-0.031365284135237204,-3509.4
2022-09-16 14:00:00,-0.6524725688683883,7.655390644826152,-0.0249588524616966,-3368.0
2022-09-16 15:00:00,-0.5309559845137106,7.675546002537848,-0.0348358325954754,-3459.4
2022-09-16 16:00:00,-0.47613467831359957,7.703459047867175,-0.03180166024975062,-3367.9
2022-09-16 17:00:00,-0.5307968352089243,7.734121303328305,-0.02745478077151642,-3388.2
2022-09-16 18:00:00,-0.6650237544688045,7.780303087908373,-0.030945511694893568,-3462.9
2022-09-16 19:00:00,-0.6162607890770411,7.837159650001675,-0.030045656779282837,-3454.4
2022-09-16 20:00:00,-0.5442385101707723,7.887208585813932,-0.028397485256387967,-3482.0
2022-09-16 21:00:00,-0.5044804415367441,7.9229859587111955,-0.03615471063235365,-3444.2
2022-09-16 22:00:00,-0.5931371746783332,7.947325027016463,-0.034300804726904666,-3197.2
2022-09-16 23:00:00,-1.03086338703286,7.96311205897929,-0.029156059301835846,-3068.9
2022-09-17 00:00:00,-0.7066577336654274,7.994632311431825,-0.03331678889601175,-3076.1
2022-09-17 01:00:00,-1.0604504123847565,7.99699040583765,-0.03597436172940505,-2985.5
2022-09-17 02:00:00,-1.013467754339322,7.99699040583765,-0.03516411735360325,-2945.6
2022-09-17 03:00:00,-0.9422551571552167,7.99260665240021,-0.04230259973239381,-2934.8
2022-09-17 04:00:00,-0.9159517443758656,7.98514393119862,-0.040111142237352126,-2911.5
2022-09-17 05:00:00,-0.7265716238506479,7.9724660159745655,-0.035805415430571585,-2947.3
2022-09-17 06:00:00,-0.6023056407264624,7.952966790923131,-0.03768147398026134,-3120.9
2022-09-17 07:00:00,-0.49484754027367694,7.923348211930154,-0.0384002866739479,-3316.8
2022-09-17 08:00:00,-0.4236630954982443,7.876258882303226,-0.04421265495203297,-3732.7
2022-09-17 09:00:00,-0.4729074634237995,7.844240718141811,-0.04401805846414408,-3766.1
2022-09-17 10:00:00,-0.4416551198250307,7.804251383528112,-0.02578490021471591,-3723.3
2022-09-17 11:00:00,-0.24310621127048337,7.736307096548285,0.009349713788355807,-3585.9
2022-09-17 12:00:00,-0.39355911126257537,7.666221925662725,0.011757812296067094,-3218.4
2022-09-17 13:00:00,-0.8051281465125721,7.596392304064196,-0.019611250805469993,-2323.2
2022-09-17 14:00:00,-0.7743241777998602,7.5443321080536885,-0.023326314290891048,-2269.0
2022-09-17 15:00:00,-0.7188468455925401,7.492203042618741,-0.026274671633993663,-2215.6
2022-09-17 16:00:00,-0.500005866586958,7.455876687491824,-0.026049147003490702,-2929.3
2022-09-17 17:00:00,-0.3382150891741511,7.450660796211539,-0.014627560992305,-3409.6
2022-09-17 18:00:00,-0.4533353500736772,7.471363088187097,-0.02184497310129263,-3468.1
2022-09-17 19:00:00,-0.473728438885598,7.513163545234075,-0.01830870834172682,-3530.7
2022-09-17 20:00:00,-0.416345836712086,7.563200592358071,-0.011202883072723324,-3563.6
2022-09-17 21:00:00,-0.3392365823642334,7.601402334583733,-0.015366891660383963,-3499.9
2022-09-17 22:00:00,-0.2980530293015624,7.629975707027789,-0.01636065697079836,-3510.0
2022-09-17 23:00:00,-0.1672074938781991,7.645397699428633,-0.02545607388293636,-3505.8
2022-09-18 00:00:00,-0.6595727419169539,7.6255950721324535,-0.01892562018015642,-2747.2
2022-09-18 01:00:00,-0.6938491425131343,7.662937850461535,-0.02165203889828593,-2732.4
2022-09-18 02:00:00,-0.85835866205535,7.6953031349635665,-0.019204043616599442,-2519.2
2022-09-18 03:00:00,-0.7136117124520323,7.7226775164680035,-0.014380965619752217,-2742.5
2022-09-18 04:00:00,-0.5449617285651911,7.741099090035366,-0.007386204535126062,-3389.1
2022-09-18 05:00:00,-0.6203456056816035,7.748028524432376,-0.008513563739397156,-3006.0
2022-09-18 06:00:00,-0.7409362263306831,7.742835955430749,-0.016003051910422172,-2407.7
2022-09-18 07:00:00,-0.20782423748504408,7.7266536648476425,-0.022241656135231658,-3377.7
2022-09-18 08:00:00,-0.21570043923362636,7.68662133494462,-0.022387284619774128,-3373.7
2022-09-18 09:00:00,-0.32124256020015096,7.66105638236183,-0.03456715483380446,-3428.1
2022-09-18 10:00:00,-0.2961198459070866,7.666221925662725,-0.018756833949575835,-3472.1
2022-09-18 11:00:00,-0.36005785492287057,7.67693714581808,-0.006212261352497528,-3505.9
2022-09-18 12:00:00,-0.15255986509519648,7.67786350067821,-0.013785018261686766,-3565.7
2022-09-18 13:00:00,-0.5114355096608807,7.665284718471351,-0.04274808156574661,-3092.5
2022-09-18 14:00:00,-0.6024432613165978,7.65491704784832,-0.052534902048390286,-2853.0
2022-09-18 15:00:00,-0.6333109996438395,7.652070746116482,-0.054063866986997056,-3061.0
2022-09-18 16:00:00,-0.4577446552507878,7.635303886259415,-0.061084091628786474,-3575.1
2022-09-18 17:00:00,-0.748642770818678,7.622663951323595,-0.049494971604319815,-3833.9
2022-09-18 18:00:00,-0.892768339485984,7.6324011266014535,-0.05603375211487194,-3951.4
2022-09-18 19:00:00,-0.9293274089379295,7.669961995473577,-0.06132835433107786,-3970.5
2022-09-18 20:00:00,-0.9313582527716608,7.7102051944325325,-0.0660524651604888,-3978.5
2022-09-18 21:00:00,-0.9015635866981055,7.7406644019172415,-0.06872178869084067,-4003.0
2022-09-18 22:00:00,-0.8095927811719426,7.76046702921342,-0.0627297242843925,-3989.8
2022-09-18 23:00:00,-0.6669438697111607,7.779466967458324,-0.07009069058928219,-3974.4
2022-09-19 00:00:00,-0.6406935365329036,7.693025748417888,-0.05680788645578705,-3074.8
2022-09-19 01:00:00,-0.7379976994716815,7.715123603632105,-0.071527797350873,-2842.6
2022-09-19 02:00:00,-0.7847941994355865,7.741099090035366,-0.05675269498309987,-2791.2
2022-09-19 03:00:00,-0.8755325171517945,7.764720544771477,-0.05630458538018157,-2737.9
2022-09-19 04:00:00,-0.8902787058189099,7.781973234434385,-0.06590870102788138,-2886.8
2022-09-19 05:00:00,-0.873354990239664,7.789040401657477,-0.06087306610620136,-3339.1
2022-09-19 06:00:00,-0.7778182683736707,7.791935956938058,-0.05907022373449955,-3928.5
2022-09-19 07:00:00,-0.8167011473062322,7.768533300926033,-0.05399953500645349,-3844.6
2022-09-19 08:00:00,-0.8456750831994415,7.740229524763182,-0.058293275846096115,-3994.0
2022-09-19 09:00:00,-0.9028524336691337,7.763446388727362,-0.059565059230988204,-4093.1
2022-09-19 10:00:00,-0.9627075664089495,7.779048644925556,-0.048892781560557985,-4149.0
2022-09-19 11:00:00,-0.851645369948304,7.7664168980196555,-0.040781068108073804,-4148.1
2022-09-19 12:00:00,-0.8171686110372978,7.754481547470383,-0.04437757369858808,-4073.0
2022-09-19 13:00:00,-0.7135834597701649,7.753194269884341,-0.038683406398956954,-4033.6
2022-09-19 14:00:00,-0.6980311593241328,7.7752758464868625,-0.055584745579046135,-3964.3
2022-09-19 15:00:00,-0.7307278365222074,7.772331575169614,-0.058981629248604506,-3912.9
2022-09-19 16:00:00,-0.905666733181635,7.762170607138205,-0.05867843190265987,-3724.6
2022-09-19 17:00:00,-0.8995508444648408,7.75491027202143,-0.04543534483646372,-3675.7
2022-09-19 18:00:00,-0.877198407944416,7.780303087908373,-0.05777974862865687,-3744.2
2022-09-19 19:00:00,-0.8009018706159687,7.8168199657645525,-0.052880769324430865,-3794.2
2022-09-19 20:00:00,-0.8230042289420321,7.843848638152472,-0.06384283034008131,-3785.8
2022-09-19 21:00:00,-0.840317791571497,7.8547691834991324,-0.04896296303591274,-3686.5
2022-09-19 22:00:00,-1.0064840170679301,7.859026979751538,-0.04747355154272448,-3356.6
2022-09-19 23:00:00,-1.259850912477733,7.86480400332846,-0.05084936479262492,-3216.5
2022-09-20 00:00:00,-0.7801130161173053,7.828436359157585,-0.04158081369029443,-2855.9
2022-09-20 01:00:00,-0.6749905940177281,7.829232537543592,-0.026925899815342547,-2612.8
2022-09-20 02:00:00,-0.6760618380305798,7.824445930877619,-0.018331265656653883,-2575.0
2022-09-20 03:00:00,-0.7409182715282547,7.816416983691801,-0.015498942782450342,-2545.5
2022-09-20 04:00:00,-0.7117672105328037,7.802209316247118,-0.013033460007929598,-2695.7
2022-09-20 05:00:00,-0.9749747481998714,7.765569081097317,-0.005942175082330081,-3246.7
2022-09-20 06:00:00,-0.5481305050967391,7.691656822810547,0.004338838401176659,-4131.5
2022-09-20 07:00:00,-0.6062647078639696,7.602401335665818,0.006213256595022365,-4198.6
2022-09-20 08:00:00,-0.5466184864068726,7.4073177104694174,0.002140143726760968,-4228.6
2022-09-20 09:00:00,-0.37900709307287617,7.2456550675945355,0.006661851408260588,-4152.2
2022-09-20 10:00:00,-0.27091861781652415,7.087573705557973,0.001713857448311984,-4119.8
2022-09-20 11:00:00,-0.28663471147845776,6.962243464266207,0.016603837499851615,-4082.1
2022-09-20 12:00:00,-0.3220512556566657,6.907755278982137,-0.0007863058484502972,-4073.1
2022-09-20 13:00:00,-0.22646271037608656,6.844815479208263,0.014658857236823586,-4091.6
2022-09-20 14:00:00,-0.07936039094775627,6.710523109452428,0.006095347762587799,-4086.8
2022-09-20 15:00:00,-0.05176257342952795,6.548219102762372,0.015571570011834623,-4034.2
2022-09-20 16:00:00,-0.2847156228916621,6.364750756851911,0.010029584811915626,-3804.2
2022-09-20 17:00:00,-0.25261780880167795,6.152732694704104,0.02851780909215318,-3763.4
2022-09-20 18:00:00,-0.16948423098582666,6.063785208687608,0.03307318620386468,-3778.0
2022-09-20 19:00:00,0.3034415178072738,6.082218910376446,0.030638138708506624,-3714.8
2022-09-20 20:00:00,0.35194521388175026,6.126869184114185,0.03205810828836331,-3722.5
2022-09-20 21:00:00,0.513886328534249,6.095824562432225,0.024421498976324507,-3753.7
2022-09-20 22:00:00,0.5864830964092294,6.023447592961033,0.02381978123261863,-3760.9
2022-09-20 23:00:00,0.8915886853760835,5.8888779583328805,0.01954027955473947,-3770.2
2022-09-21 00:00:00,0.5760255997137493,5.976350909297934,0.003240632566763324,-3925.2
2022-09-21 01:00:00,0.7136792031397627,5.793013608384144,0.019214842448628033,-3881.8
2022-09-21 02:00:00,0.6749134943749304,5.541263545158426,0.022674787035691146,-3845.2
2022-09-21 03:00:00,0.5635209747909666,5.262690188904886,0.02773579601527132,-3793.1
2022-09-21 04:00:00,0.401346006950142,5.117993812416755,0.025777040456207878,-3806.5
2022-09-21 05:00:00,0.2643557169521866,5.204006687076795,0.026483911263680326,-3705.3
2022-09-21 06:00:00,-0.09464017984180373,5.3706380281276624,0.032780666861581764,-3852.1
2022-09-21 07:00:00,-0.21701354319514543,5.529429087511423,0.029192958736895314,-3839.8
2022-09-21 08:00:00,-0.25811056845423863,5.583496308781699,0.020624240745684475,-3910.0
2022-09-21 09:00:00,-0.2776148194739907,5.472270673671475,0.020741496944903126,-4013.1
2022-09-21 10:00:00,-0.23610153942764445,5.247024072160486,0.0028525128060179483,-4002.9
2022-09-21 11:00:00,-0.2571949399932816,5.225746673713202,-0.015956132961521874,-4005.3
2022-09-21 12:00:00,-0.18011925177053367,5.318119993844216,-0.04030511805052761,-3889.0
2022-09-21 13:00:00,-0.048522428481884816,5.424950017481403,-0.015917093720676512,-3858.9
2022-09-21 14:00:00,-0.03394311314658438,5.529429087511423,-0.016450140054767637,-3825.8
2022-09-21 15:00:00,-0.08856937241233354,5.652489180268651,-0.019143316324298887,-3838.5
2022-09-21 16:00:00,-0.12871226399657676,5.777652323222656,-0.023558164297922346,-3801.2
2022-09-21 17:00:00,-0.16495622800365428,5.988961416889864,-0.016285520087000016,-3737.3
2022-09-21 18:00:00,-0.22691569557427815,6.285998094508865,-0.009811154285445767,-3700.5
2022-09-21 19:00:00,-0.17571152304772042,6.5722825426940075,-0.0047399923580435654,-3706.0
2022-09-21 20:00:00,-0.18909937289270395,6.695798917058491,0.0007606308387355654,-3642.7
2022-09-21 21:00:00,-0.17056793223185096,6.703188113240863,-0.00037089004033674655,-3645.0
2022-09-21 22:00:00,-0.06021897668543019,6.703188113240863,0.0009479820564548547,-3645.3
2022-09-21 23:00:00,0.053039991129770314,6.634633357861686,0.00424814017018349,-3707.6
2022-09-22 00:00:00,0.22201324969638758,6.52649485957079,-5.5888228845724086e-05,-3658.6
2022-09-22 01:00:00,0.22998383824308366,6.46302945692067,0.014375767980355114,-3563.4
2022-09-22 02:00:00,0.20320383718316037,6.437751649736401,0.019284939401642553,-3447.4
2022-09-22 03:00:00,0.1849912327532266,6.473890696352274,0.027756802535430225,-3412.9
2022-09-22 04:00:00,0.1525799186691188,6.548219102762372,0.028525650215468268,-3520.9
2022-09-22 05:00:00,0.09488155134927911,6.628041376179533,0.035967862515407845,-3620.5
2022-09-22 06:00:00,-0.06429935493494465,6.725033642166843,0.046703516627200514,-3820.6
2022-09-22 07:00:00,-0.21623518458307522,6.807934943699926,0.04371409313779573,-3940.6
2022-09-22 08:00:00,-0.2484538847130784,6.774223886357614,0.031077464028462565,-4001.7
2022-09-22 09:00:00,-0.2916444929400521,6.601230118728877,0.023923829545507758,-4105.0
2022-09-22 10:00:00,0.20103563688003856,6.311734809152915,5.247631452043322e-06,-4047.5
2022-09-22 11:00:00,0.6099940029636617,6.206575926724928,0.003471487469461465,-4037.8
2022-09-22 12:00:00,-0.09133458571057584,6.393590753950631,-0.02491866942982046,-4119.1
2022-09-22 13:00:00,-0.09916232619774057,6.659293919683638,-0.03332996915605513,-4306.8
2022-09-22 14:00:00,-0.1127839819360732,6.872128101338986,-0.030040554865081504,-4422.4
2022-09-22 15:00:00,-0.19437715593288818,7.046647277848756,-0.03998224659182892,-4309.9
2022-09-22 16:00:00,-0.2551831401843536,7.192182058713246,-0.037263146191972574,-4290.0
2022-09-22 17:00:00,-0.30835586859421227,7.340186835320115,-0.03349678016734803,-4250.6
2022-09-22 18:00:00,-0.2255851041385588,7.523481312573497,-0.018338950013943922,-4031.8
2022-09-22 19:00:00,-0.2807633714173008,7.669495251007694,-0.005768542645208541,-3937.3
2022-09-22 20:00:00,-0.31609577446780524,7.71244383427499,0.003815059154879563,-3876.7
2022-09-22 21:00:00,-0.26252018491650286,7.6783263565068856,-0.007748054697297668,-3884.4
2022-09-22 22:00:00,-0.1671056690044832,7.61085279039525,-0.012736391373504574,-3908.5
2022-09-22 23:00:00,-0.08025183877493891,7.538494999413465,-0.02300859087499152,-3795.5
2022-09-23 00:00:00,-0.016409127114493494,7.532088143541722,-0.02328217740572569,-3750.8
2022-09-23 01:00:00,-0.07568421938857917,7.460490305825338,-0.028835561430301304,-3608.4
2022-09-23 02:00:00,-0.03887442912197958,7.403061091090091,-0.03027738402661928,-3495.2
2022-09-23 03:00:00,0.007621885123300309,7.334981878871814,-0.0352121650882955,-3411.4
2022-09-23 04:00:00,-0.0695150625203369,7.259116128097101,-0.035152700102176304,-3301.6
2022-09-23 05:00:00,0.08280631441207831,7.165493475060845,-0.03313099440966116,-3524.9
2022-09-23 06:00:00,-0.04692945752076838,7.0707241072602764,-0.02917517668114389,-3544.9
2022-09-23 07:00:00,-0.09883578737724008,6.955592608396297,-0.03377204997293681,-3497.4
2022-09-23 08:00:00,-0.1473585617109121,6.803505257608338,-0.03981780586689965,-3490.0
2022-09-23 09:00:00,-0.19209247069755353,6.648984550024776,-0.04848364148122908,-3579.5
2022-09-23 10:00:00,-0.10713915348910152,6.539585955617669,-0.054647021172809396,-3560.4
2022-09-23 11:00:00,-0.1451988178533581,6.53813982376767,-0.05844253388427756,-3625.0
2022-09-23 12:00:00,-0.11594220567259139,6.57507584059962,-0.04620706216709802,-3743.2
2022-09-23 13:00:00,-0.053634552212713515,6.6052979209482015,-0.05311918100888313,-3764.7
2022-09-23 14:00:00,-0.041024548240804926,6.616065185132817,-0.04500478720364409,-3810.1
2022-09-23 15:00:00,-0.07181223989163765,6.6240652277998935,-0.03938572669745266,-3830.5
2022-09-23 16:00:00,-0.09731204603689747,6.654152520183219,-0.03696629406659202,-3864.4
2022-09-23 17:00:00,-0.1535267969329812,6.729824070489475,-0.03894916019725159,-3829.6
2022-09-23 18:00:00,-0.11652703322295377,6.821107472256465,-0.030945511694893568,-3657.0
2022-09-23 19:00:00,-0.053112231941603305,6.903747257584598,-0.028761959555504646,-3648.4
2022-09-23 20:00:00,0.04200643155065542,6.937314081223682,-0.043445201315530646,-3718.3
2022-09-23 21:00:00,0.1060988315229281,6.927557906278317,-0.05105004357879395,-3659.6
2022-09-23 22:00:00,0.23456514155731334,6.899723107284872,-0.056695022588909794,-3635.4
2022-09-23 23:00:00,0.22375533905961476,6.8679744089702925,-0.06692380144409782,-3226.8
2022-09-24 00:00:00,0.21002833326032855,6.734591659972948,-0.06167689852482994,-2843.5
2022-09-24 01:00:00,0.18416899165402079,6.656726524178391,-0.06159746661730292,-2728.8
2022-09-24 02:00:00,0.27993285988787253,6.593044534142437,-0.04731308986402549,-2684.2
2022-09-24 03:00:00,0.3601668787931436,6.5337888379333435,-0.03470377897376853,-2699.8
2022-09-24 04:00:00,0.3935607308912168,6.489204931325317,-0.03481411887948216,-2793.8
2022-09-24 05:00:00,0.37027153565192794,6.456769655572163,-0.02981288813451144,-3002.5
2022-09-24 06:00:00,0.3726658147696984,6.42648845745769,-0.021480825102176304,-3040.7
2022-09-24 07:00:00,0.29936039501987466,6.385194398997726,-0.02262935048095205,-3177.3
2022-09-24 08:00:00,0.31134463215497377,6.298949246855942,-0.028923962436942396,-3450.0
2022-09-24 09:00:00,0.22858670807729542,6.180016653652572,-0.023692155450105723,-3450.0
2022-09-24 10:00:00,0.18995394139893929,6.063785208687608,-0.01777952057093035,-3450.0
2022-09-24 11:00:00,0.2790976451252263,5.968707559985366,0.005376198626495743,-3480.2
2022-09-24 12:00:00,0.2923611802128443,5.87493073085203,0.001147633184051422,-3783.4
2022-09-24 13:00:00,0.32229048178721875,5.7899601708972535,-0.01491483157286222,-3773.4
2022-09-24 14:00:00,0.36961123826929576,5.717027701406222,-0.0008992785034473982,-3795.7
2022-09-24 15:00:00,0.31582601183170844,5.655991810819852,0.00416393124283676,-3786.3
2022-09-24 16:00:00,0.21700246723895855,5.659482215759621,0.00046002624156216143,-3775.6
2022-09-24 17:00:00,0.11182676253467516,5.6937321388027,-0.007449716145348617,-3794.8
2022-09-24 18:00:00,0.0928643774041884,5.739792912179234,-0.015914148468016975,-3738.1
2022-09-24 19:00:00,0.0712280783685646,5.808142489980444,-0.014366521895987638,-3722.6
2022-09-24 20:00:00,0.12806347263807272,5.8522024797744745,-0.023882398956615702,-3695.4
2022-09-24 21:00:00,0.15379720068301772,5.8377304471659395,-0.029122266728869306,-3749.4
2022-09-24 22:00:00,0.1952661108026259,5.780743515792329,-0.02270988464945667,-3802.1
2022-09-24 23:00:00,0.3570376182048651,5.6937321388027,-0.024724277289722707,-3803.1
2022-09-25 00:00:00,0.363890124805323,5.117993812416755,-0.03466217571914232,-3855.9
2022-09-25 01:00:00,0.3481897695017473,5.0238805208462765,-0.027644566194346076,-3813.2
2022-09-25 02:00:00,0.34396533728040257,4.9344739331306915,-0.028295015317851835,-3810.8
2022-09-25 03:00:00,0.2875577982253432,4.7535901911063645,-0.019658022720595802,-3792.9
2022-09-25 04:00:00,0.28767042441938173,4.465908118654584,-0.020153933365127052,-3803.7
2022-09-25 05:00:00,0.28219304100357423,4.2626798770413155,0.001091238580336551,-3798.4
2022-09-25 06:00:00,0.29143180159796067,4.204692619390966,0.004450546440534886,-3925.6
2022-09-25 07:00:00,0.19815355968843917,4.276666119016055,0.005707135448817624,-3842.5
2022-09-25 08:00:00,0.08547663224463342,4.499809670330265,0.002080905641359543,-3889.3
2022-09-25 09:00:00,-0.03191094768507696,4.812184355372417,0.007904982001066152,-3922.2
2022-09-25 10:00:00,-0.04420936119467722,5.159055299214529,0.006937615425206545,-3923.6
2022-09-25 11:00:00,-0.11823510260646586,5.572154032177765,0.014017693550206545,-3910.4
2022-09-25 12:00:00,0.11656681325503637,6.040254711277414,0.012865004423473714,-3870.2
2022-09-25 13:00:00,0.11606914138710422,6.403574197934815,-0.012379978441145134,-3809.4
2022-09-25 14:00:00,0.05451966333290237,6.679599185844383,-0.009080272802104439,-3780.5
2022-09-25 15:00:00,-0.12515115553049316,6.885509670034818,-0.012871306779734581,-3749.3
2022-09-25 16:00:00,-0.3124870028497515,7.046647277848756,-0.022932325664410946,-3707.2
2022-09-25 17:00:00,-0.470891266569498,7.1929342212158,-0.03146443305890578,-3745.1
2022-09-25 18:00:00,-0.4417736417070186,7.405495663199472,-0.026101354538268673,-3696.1
2022-09-25 19:00:00,-0.5124827595480319,7.609862200913554,-0.03427292644824664,-3737.2
2022-09-25 20:00:00,-0.5497957008982932,7.724446645633537,-0.050569153490141794,-3821.5
2022-09-25 21:00:00,-0.6268562788424941,7.763021309018518,-0.05620423998922419,-3923.5
2022-09-25 22:00:00,-0.5371999970494787,7.772331575169614,-0.04912407222861326,-3933.0
2022-09-25 23:00:00,-0.42075911925025355,7.768956044538332,-0.058850407389861914,-3867.2
2022-09-26 00:00:00,-0.09630829988751888,7.783640596221253,-0.04543119947367913,-4460.4
2022-09-26 01:00:00,-0.09152029119236005,7.734996194022781,-0.04922775753657227,-4445.3
2022-09-26 02:00:00,-0.16565195135899913,7.689828668736484,-0.050589347275431074,-4332.7
2022-09-26 03:00:00,-0.1288909842648298,7.644440761556566,-0.05784541773433727,-4343.2
2022-09-26 04:00:00,-0.10482184778911563,7.613818684808629,-0.06361424495435752,-4359.6
2022-09-26 05:00:00,-0.22468593834375827,7.62657020629066,-0.0689762411998247,-4372.2
2022-09-26 06:00:00,-0.3519595164036593,7.666690200080086,-0.07552021770445361,-4406.7
2022-09-26 07:00:00,-0.3745673214599696,7.7142311448490855,-0.08108049360912428,-4526.4
2022-09-26 08:00:00,-0.4399924655743783,7.718685495198466,-0.0824982792062734,-4555.9
2022-09-26 09:00:00,-0.5162150309042497,7.729735331385051,-0.06335533540476845,-4558.6
2022-09-26 10:00:00,-0.6147499190523034,7.736743682453495,-0.05770341124271372,-4624.6
2022-09-26 11:00:00,-0.5136198555994484,7.7651449029361315,-0.06766608843793076,-4660.2
2022-09-26 12:00:00,-0.4329005267212347,7.774015077250727,-0.056263856900783615,-4634.7
2022-09-26 13:00:00,-0.35580451208258257,7.788211557847076,-0.04184097138427756,-4673.8
2022-09-26 14:00:00,-0.3600680539959136,7.80994708647679,-0.03208414040733398,-4714.7
2022-09-26 15:00:00,-0.3971318602469385,7.842278779117352,-0.033663821264315,-4733.5
2022-09-26 16:00:00,-0.5922153973526161,7.884952945759814,-0.03047223734250082,-4707.8
2022-09-26 17:00:00,-0.5217069019080158,7.895063498091573,-0.040391197949785074,-4777.1
2022-09-26 18:00:00,-0.350685389027352,7.908019444632471,-0.05264165126191145,-4565.3
2022-09-26 19:00:00,-0.3072894153191319,7.9287663216266955,-0.06510350109784202,-4581.5
2022-09-26 20:00:00,-0.44242044703434225,7.942717540573791,-0.08631568619214036,-4540.8
2022-09-26 21:00:00,-0.5894207992764229,7.938802248154481,-0.07238323724401052,-4103.6
2022-09-26 22:00:00,-0.7637011267879834,7.931284761525891,-0.06896484663449165,-3746.1
2022-09-26 23:00:00,-1.0398185279664363,7.92443418488756,-0.07565005238715461,-3590.7
2022-09-27 00:00:00,-1.274321943351742,7.857867559331803,-0.0833009330483252,-3314.8
2022-09-27 01:00:00,-1.3460263209702426,7.85979918056211,-0.07727978596095753,-3215.9
2022-09-27 02:00:00,-1.3507343227622668,7.86172707782398,-0.0818811559672854,-3197.9
2022-09-27 03:00:00,-1.3306213518470025,7.8655717576847906,-0.07930189934106746,-3224.7
2022-09-27 04:00:00,-1.3338954413335475,7.84971375760487,-0.08280303056305272,-3318.9
2022-09-27 05:00:00,-1.3677849418941008,7.830822995135316,-0.0882396751429555,-3551.2
2022-09-27 06:00:00,-1.0897345692365072,7.813995675002791,-0.07978886394468798,-3934.3
2022-09-27 07:00:00,-0.5538582567060821,7.782807262839695,-0.08677542450306674,-4374.9
2022-09-27 08:00:00,-0.4843984630592866,7.716460800176355,-0.0903471689948585,-4596.4
2022-09-27 09:00:00,-0.5588037177293543,7.680637427560936,-0.08447810708713277,-4559.0
2022-09-27 10:00:00,-0.5565672428754853,7.642044402873258,-0.08104940194896937,-4560.8
2022-09-27 11:00:00,-0.5253237057383107,7.609862200913554,-0.06565109731289809,-4484.4
2022-09-27 12:00:00,-0.6048891901883549,7.583247524303362,-0.07639834610550178,-4387.6
2022-09-27 13:00:00,-0.5110024401932378,7.549609165154532,-0.04761087076084802,-4334.8
2022-09-27 14:00:00,-0.5551053083040189,7.5251007461258,-0.04978511063186897,-4295.2
2022-09-27 15:00:00,-0.5660773140307391,7.528869256642251,-0.041024097611799704,-4296.5
2022-09-27 16:00:00,-0.5634200372833673,7.5485559791698735,-0.044434777051347574,-4393.6
2022-09-27 17:00:00,-0.5234372683814756,7.563719668414366,-0.046175471828644454,-4500.3
2022-09-27 18:00:00,-0.4286278807532753,7.577633832602728,-0.04487252233493422,-4437.3
2022-09-27 19:00:00,-0.41300098078562986,7.592366128519796,-0.056479322193597525,-4340.4
2022-09-27 20:00:00,-0.4577037721785304,7.578656850594762,-0.06111911656581981,-4118.7
2022-09-27 21:00:00,-0.4945379072856366,7.550661243105336,-0.07327977972634159,-3873.6
2022-09-27 22:00:00,-0.5211497388790085,7.53689712956617,-0.06900624174786696,-3356.0
2022-09-27 23:00:00,-0.5386731796638182,7.515344571180436,-0.08061382791251326,-3042.2
2022-09-28 00:00:00,-0.19839017421425664,7.3938782901077555,-0.07819969937341131,-2819.2
2022-09-28 01:00:00,-0.2104520612490508,7.294377299288821,-0.07046269494723756,-2626.2
2022-09-28 02:00:00,-0.16784080585534733,7.190676034332207,-0.07033035909341656,-2523.4
2022-09-28 03:00:00,-0.16496486054725423,7.097548850614793,-0.06584457882563477,-2500.7
2022-09-28 04:00:00,-0.24449576050889643,7.036148493750536,-0.07186142910770776,-2597.5
2022-09-28 05:00:00,-0.3336424999424672,7.00033446027523,-0.07829120996794536,-2897.2
2022-09-28 06:00:00,-0.4176313838045589,6.976348070447749,-0.07494671380651052,-3352.7
2022-09-28 07:00:00,-0.3757141952940266,6.9440872082295275,-0.08193126163768127,-3822.8
2022-09-28 08:00:00,-0.33426767499679855,6.848005274576363,-0.08346723920883647,-3891.9
2022-09-28 09:00:00,-0.3929718437456584,6.77078942390898,-0.07129817473726252,-3766.6
2022-09-28 10:00:00,-0.4100527077446863,6.698268054115413,-0.060863301580089235,-3688.7
2022-09-28 11:00:00,-0.4068364615254252,6.646390514847729,-0.05916334030015058,-3670.5
2022-09-28 12:00:00,-0.37023418651019124,6.587550014824796,-0.05809154216895962,-3606.6
2022-09-28 13:00:00,-0.21356618625580204,6.517671272912275,-0.02513941546298959,-3458.3
2022-09-28 14:00:00,-0.17342948992160867,6.45833828334479,-0.02383478899814584,-3400.7
2022-09-28 15:00:00,-0.1715203453967602,6.4425401664681985,-0.021598811726274647,-3395.4
2022-09-28 16:00:00,-0.2582827881431218,6.415096959171596,-0.023558164297922346,-3424.9
2022-09-28 17:00:00,-0.21715284456384065,6.391917113392602,-0.023611560179072733,-3446.7
2022-09-28 18:00:00,-0.1981020211309268,6.416732282512326,-0.02203624541470539,-3452.3
2022-09-28 19:00:00,-0.1475185829584298,6.498282149476434,-0.03033553954700796,-3486.8
2022-09-28 20:00:00,-0.1063792307804059,6.505784060128229,-0.03435230802324263,-3296.0
2022-09-28 21:00:00,-0.15355929691354842,6.47543271670409,-0.03849494788207508,-3134.2
2022-09-28 22:00:00,-0.013943334679216157,6.432940092739179,-0.03194972145060415,-3014.2
2022-09-28 23:00:00,0.01104938962283697,6.391917113392602,-0.03302325462704836,-2660.2
2022-09-29 00:00:00,-0.10493510541356965,6.257667587882639,-0.020748742167679524,-1920.5
2022-09-29 01:00:00,-0.07981227020303194,6.249975242259483,-0.017122899079016207,-1678.5
2022-09-29 02:00:00,-0.03912573179820544,6.293419278846481,-0.013126972320436359,-1682.5
2022-09-29 03:00:00,-0.0741774383236451,6.361302477572996,-0.005734036790156161,-1774.5
2022-09-29 04:00:00,-0.03405688443049115,6.428105272684596,-0.008789485095546112,-2002.0
2022-09-29 05:00:00,-0.018032146346793176,6.492239835020471,-0.013617846644272014,-2438.2
2022-09-29 06:00:00,-0.02775154856891504,6.529418838262226,-0.014225843878168831,-3239.6
2022-09-29 07:00:00,-0.018841223746964175,6.513230110912307,-0.024867171016734524,-3730.9
2022-09-29 08:00:00,0.5602595332555929,6.455198563340122,-0.024525266180750016,-3932.6
2022-09-29 09:00:00,0.3559651240511217,6.364750756851911,-0.020580696513004426,-3914.1
2022-09-29 10:00:00,0.2849929648840952,6.272877006546167,-0.01747034021849636,-3918.9
2022-09-29 11:00:00,0.6762337889502819,6.212606095751519,0.00044210011785494885,-3935.6
2022-09-29 12:00:00,0.5882675956516428,6.169610732491456,-0.0005272163056613266,-4019.4
2022-09-29 13:00:00,0.6612109409372708,6.154858094016418,0.002388113446023965,-4034.0
2022-09-29 14:00:00,0.7243343102376665,6.1092475827643655,0.00898576649092142,-4000.7
2022-09-29 15:00:00,0.7909045734512921,6.052089168924417,0.00653776904306369,-3986.8
2022-09-29 16:00:00,1.0591694769192852,5.991464547107982,0.0070245340091439346,-3921.4
2022-09-29 17:00:00,0.9220218251507806,6.003887067106539,0.004497986028865419,-3871.0
2022-09-29 18:00:00,0.6526366024184016,6.093569770045136,0.011623548159670705,-3893.1
2022-09-29 19:00:00,0.34464164645621853,6.2166061010848646,0.007597391450000046,-3874.2
2022-09-29 20:00:00,0.24859379598202658,6.263398262591624,0.005036806405202654,-3850.4
2022-09-29 21:00:00,0.337567098073853,6.26530121273771,-0.00015788543062189575,-3831.8
2022-09-29 22:00:00,0.31748516126839554,6.238324625039508,0.014088900475462296,-3763.2
2022-09-29 23:00:00,0.37737233056876285,6.202535517187923,0.017616616891188208,-3556.9
2022-09-30 00:00:00,0.611777583280734,6.278521424165844,-0.011837131159852632,-3608.2
2022-09-30 01:00:00,0.5651915454510439,6.20455776256869,-0.01938438239113438,-3475.2
2022-09-30 02:00:00,0.532967578006895,6.131226489483141,-0.001056897480030905,-3429.0
2022-09-30 03:00:00,0.5272520410538464,6.054439346269371,-0.00017208397249923735,-3403.1
2022-09-30 04:00:00,0.4479698533356311,5.963579343618446,-0.00635301349194517,-3500.9
2022-09-30 05:00:00,0.6747242392305646,5.840641657373398,-0.008042570530059301,-3698.8
2022-09-30 06:00:00,1.3856506679115022,5.673323267171493,-0.007124996664879646,-4061.2
2022-09-30 07:00:00,1.3466353082705815,5.429345628954441,-0.01040075251097683,-4074.3
2022-09-30 08:00:00,1.341496653930827,5.056245805348308,-0.011937212099113914,-4142.6
2022-09-30 09:00:00,1.312269931923269,4.59511985013459,-0.021537736847039746,-4096.5
2022-09-30 10:00:00,1.3289796499839426,4.219507705176107,-0.022406162955388886,-4088.8
2022-09-30 11:00:00,1.2306006943170615,4.07753744390572,-0.025469095673801512,-4130.1
2022-09-30 12:00:00,1.1833882122874861,4.1588830833596715,-0.01674708147861459,-4101.1
2022-09-30 13:00:00,1.14689667370497,4.3694478524670215,-0.03073257294677756,-4085.4
2022-09-30 14:00:00,0.9605339437049576,4.6443908991413725,-0.0192135446057069,-4082.2
2022-09-30 15:00:00,0.9005450128658818,4.912654885736052,-0.02451316028805639,-4115.8
2022-09-30 16:00:00,1.004280315613352,5.1298987149230735,-0.03115795247084474,-4107.1
2022-09-30 17:00:00,1.304355410999099,5.455321115357702,-0.031909131120896994,-4205.6
2022-09-30 18:00:00,1.187590548348041,5.950642552587727,-0.013785891412067208,-4284.6
2022-09-30 19:00:00,0.40220658736525206,6.393590753950631,-0.012853256238909871,-4212.7
2022-09-30 20:00:00,0.18465715783170555,6.705639094860003,-0.024508951516695632,-3787.7
2022-09-30 21:00:00,0.10790777934801454,6.923628628138427,-0.01751235982307353,-3702.3
2022-09-30 22:00:00,-0.10784756981046861,7.084226422097916,-0.015108988810807134,-3562.4
2022-09-30 23:00:00,-0.002215397292780974,7.183111701743281,-0.015001541314444644,-3273.9
2022-10-01 00:00:00,1.2238564629720545,7.260522598089852,-0.042902482644683104,-3033.7
2022-10-01 01:00:00,1.2613980412569576,7.288244401020124,-0.04015034465757861,-2878.8
2022-10-01 02:00:00,1.1663447454497273,7.305188215393037,-0.041300055738686225,-2256.2
2022-10-01 03:00:00,0.4579329074221543,7.340835554123275,-0.03331070676721559,-1907.0
2022-10-01 04:00:00,0.22068981238612118,7.395721608602045,-0.0338563451418592,-1885.3
2022-10-01 05:00:00,0.04090182944322196,7.45182223652793,-0.029123166837385916,-1900.9
2022-10-01 06:00:00,-0.17582027121318955,7.501634457883413,-0.04658663677310315,-1984.9
2022-10-01 07:00:00,0.07104339139188065,7.533693709848633,-0.059414317634149505,-2102.8
2022-10-01 08:00:00,0.46379815892288745,7.513709247839705,-0.07995861214797362,-2254.1
2022-10-01 09:00:00,0.7382442755426677,7.478169694159785,-0.07947182556855648,-3017.6
2022-10-01 10:00:00,0.7093840889520395,7.451241684987676,-0.0694977909250234,-3117.6
2022-10-01 11:00:00,0.8064257357622919,7.430114138561801,-0.04870939096982063,-2959.7
2022-10-01 12:00:00,0.8187927084845255,7.394493107219038,-0.048547473542210895,-3001.9
2022-10-01 13:00:00,0.8836909502041745,7.350516171833998,-0.05763587337191112,-2945.6
2022-10-01 14:00:00,0.9815688430054026,7.294377299288821,-0.058384291358871465,-2970.0
2022-10-01 15:00:00,0.975917219228494,7.215975002651466,-0.06492232561280264,-3214.0
2022-10-01 16:00:00,0.9340773731549863,7.138866999945524,-0.07322463439109139,-3459.1
2022-10-01 17:00:00,0.938849443574659,7.105786129481271,-0.0906436654220677,-3841.9
2022-10-01 18:00:00,0.987678559696131,7.148345743900068,-0.09685492866408918,-3898.8
2022-10-01 19:00:00,0.9414905744519162,7.208600337960199,-0.08419052602383559,-3964.2
2022-10-01 20:00:00,0.9069905357056003,7.218176838403408,-0.07923662903187534,-3711.8
2022-10-01 21:00:00,0.8893269410442031,7.164720378771857,-0.0724061340630966,-3530.7
2022-10-01 22:00:00,1.0297093084266171,7.067319848653476,-0.06387543979291976,-3427.9
2022-10-01 23:00:00,1.174672591443625,6.955592608396297,-0.06667161577733527,-3172.4
2022-10-02 00:00:00,1.140311650043425,6.92951677076365,-0.08109672151423819,-2984.2
2022-10-02 01:00:00,1.1645793106347484,6.799055862058796,-0.07751274777757189,-2771.1
2022-10-02 02:00:00,1.114807575967498,6.695798917058491,-0.0835815052448492,-2320.2
2022-10-02 03:00:00,1.1177704832095041,6.595780513961311,-0.08232064682814322,-2404.1
2022-10-02 04:00:00,1.0306634471734815,6.502790045915623,-0.08157526739537424,-2150.8
2022-10-02 05:00:00,0.9467875403979495,6.406879986069314,-0.07359448988941786,-2116.3
2022-10-02 06:00:00,0.8770132620155331,6.317164686747284,-0.07792988974263437,-2064.3
2022-10-02 07:00:00,0.7432239191671406,6.212606095751519,-0.07987258739384728,-2094.6
2022-10-02 08:00:00,0.9490094618892884,6.035481432524756,-0.08340022639026934,-2899.1
2022-10-02 09:00:00,0.9285378493760317,5.811140992976701,-0.07351034035131576,-2926.9
2022-10-02 10:00:00,0.7254374286456868,5.602118820879701,-0.05768006875302234,-2642.6
2022-10-02 11:00:00,0.5073141572903048,5.521460917862246,-0.051696588048372405,-2289.4
2022-10-02 12:00:00,0.7340307046098489,5.545177444479562,-0.05620371601717267,-2139.7
2022-10-02 13:00:00,0.7271822741552847,5.602118820879701,-0.05994832658796234,-2185.9
2022-10-02 14:00:00,0.8523307765333272,5.58724865840025,-0.06010088800208635,-2671.4
2022-10-02 15:00:00,0.8151552164796141,5.529429087511423,-0.06887659906165666,-2820.4
2022-10-02 16:00:00,0.9676129571075616,5.493061443340548,-0.08132537722238808,-3343.1
2022-10-02 17:00:00,1.557965863243417,5.638354669333745,-0.09694719454277578,-3826.7
2022-10-02 18:00:00,1.578783489955263,5.91350300563827,-0.08938727920658263,-3932.9
2022-10-02 19:00:00,1.4346822104289232,6.1092475827643655,-0.07608253198604142,-4029.1
2022-10-02 20:00:00,1.3672823013340136,6.2166061010848646,-0.06902192601113821,-4040.1
2022-10-02 21:00:00,1.640161557678955,6.257667587882639,-0.059617653764233225,-4179.6
2022-10-02 22:00:00,1.649880560952918,6.251903883165888,-0.05185299063626303,-4049.9
2022-10-02 23:00:00,1.7115880678539654,6.202535517187923,-0.04848552548618379,-3936.7
2022-10-03 00:00:00,1.2401553246000034,5.986452005284438,-0.10364672983945944,-3578.1
2022-10-03 01:00:00,1.4074983170777253,5.968707559985366,-0.10097801919252447,-3607.9
2022-10-03 02:00:00,1.3244446168441115,5.937536205082426,-0.10785814042735353,-3434.7
2022-10-03 03:00:00,1.3143595665841064,5.976350909297934,-0.11786961509530247,-3520.2
2022-10-03 04:00:00,1.3317319420728184,6.063785208687608,-0.12258479629913133,-3674.8
2022-10-03 05:00:00,1.4094388400669535,6.208590026096629,-0.12837928444132807,-3990.6
2022-10-03 06:00:00,1.5953209621558706,6.363028103540465,-0.1346181024175923,-4020.4
2022-10-03 07:00:00,1.8144211138707789,6.455198563340122,-0.14006703378066643,-4268.7
2022-10-03 08:00:00,1.76560864106954,6.484635235635252,-0.13782587661260237,-4335.8
2022-10-03 09:00:00,1.5676888308978114,6.493753839851686,-0.129590413018569,-4362.4
2022-10-03 10:00:00,1.2718676789635381,6.450470422144176,-0.12074289285139539,-4212.4
2022-10-03 11:00:00,1.0577865231726555,6.4692503167957724,-0.13721335061077689,-3962.2
2022-10-03 12:00:00,0.9645133716418428,6.519147287940395,-0.14570689199435805,-4033.9
2022-10-03 13:00:00,1.102382458589573,6.556778356158042,-0.12375953179137156,-4068.0
2022-10-03 14:00:00,1.2572744163322715,6.57507584059962,-0.1343623682050641,-4033.1
2022-10-03 15:00:00,1.3145583947949397,6.573680166960646,-0.13362013029906628,-4212.0
2022-10-03 16:00:00,1.5554286893909843,6.587550014824796,-0.12557516679879654,-4367.7
2022-10-03 17:00:00,1.5293740078558713,6.673297967767654,-0.14031749236421565,-4577.8
2022-10-03 18:00:00,1.367840629231309,6.878326468291325,-0.131104249444709,-4761.1
2022-10-03 19:00:00,1.3616222818163601,7.076653815443951,-0.11090410126214145,-4897.1
2022-10-03 20:00:00,1.440878339555618,7.164720378771857,-0.10410023282793013,-5008.7
2022-10-03 21:00:00,1.494667669872359,7.1853870155804165,-0.09888790242201662,-5081.2
2022-10-03 22:00:00,1.8885765882181271,7.199678345691172,-0.09644330823435521,-5188.9
2022-10-03 23:00:00,1.8251660641489504,7.212294468500341,-0.09131687908140673,-4987.3
2022-10-04 00:00:00,1.3492412700915999,7.1731917424865985,-0.054662759445234244,-4580.0
2022-10-04 01:00:00,1.3861653904717262,7.1252830915107115,-0.04431946647547047,-4476.5
2022-10-04 02:00:00,1.428219239417559,7.050989447068045,-0.049387976517157206,-4417.4
2022-10-04 03:00:00,1.4125171629209081,6.964135612418245,-0.04037757011744514,-4376.5
2022-10-04 04:00:00,1.3813229222677892,6.844815479208263,-0.048582944829455244,-4394.2
2022-10-04 05:00:00,1.596627678076696,6.659293919683638,-0.06244996244965506,-4469.6
2022-10-04 06:00:00,1.8883156697688248,6.424869023905388,-0.07600522872788495,-4561.3
2022-10-04 07:00:00,1.751448267507465,6.059123195581797,-0.08822948222101257,-4396.8
2022-10-04 08:00:00,1.7696375580809436,5.60947179518496,-0.09269477064487841,-4226.1
2022-10-04 09:00:00,1.637015496316475,5.1298987149230735,-0.0969262098880792,-4198.9
2022-10-04 10:00:00,1.4599560917441412,4.61512051684126,-0.10897690270148264,-4188.6
2022-10-04 11:00:00,1.3108725430251802,4.574710978503383,-0.1175246821140501,-4195.0
2022-10-04 12:00:00,1.1452765840741987,4.997212273764115,-0.15252851850571147,-4249.9
2022-10-04 13:00:00,1.1457058262577453,5.497168225293202,-0.1321619691787106,-4330.5
2022-10-04 14:00:00,1.0895368020104588,5.983936280687191,-0.13754125375561,-4360.3
2022-10-04 15:00:00,1.1306443513387014,6.423246963533519,-0.12776528970616052,-4560.7
2022-10-04 16:00:00,1.1599198943660678,6.822197390620491,-0.12901443329834006,-4858.3
2022-10-04 17:00:00,0.879213911854003,7.220373836723949,-0.1323045581858837,-5150.5
2022-10-04 18:00:00,0.6292993970269141,7.53955882930103,-0.12488687408928989,-5268.8
2022-10-04 19:00:00,0.5327670084536216,7.739794458408701,-0.1158904987379934,-5329.9
2022-10-04 20:00:00,0.5193688351516625,7.850103545175582,-0.10028728098419748,-5305.5
2022-10-04 21:00:00,0.5346567325369307,7.905441649060286,-0.10635745341868663,-4981.4
2022-10-04 22:00:00,0.30033559779139196,7.934513463882263,-0.11059871707374658,-4528.3
2022-10-04 23:00:00,0.19325633849377244,7.939515260662406,-0.11987216212389207,-4423.9
2022-10-05 00:00:00,-0.07560678959539091,8.019283792916793,-0.12160852425197,-4235.9
2022-10-05 01:00:00,-0.07873904913767227,7.987864096085687,-0.11252195303635659,-3947.1
2022-10-05 02:00:00,-0.049193413897245186,7.924072324923417,-0.11425601520327255,-3735.6
2022-10-05 03:00:00,-0.059429374749662145,7.817222785508166,-0.10333780212004928,-3546.3
2022-10-05 04:00:00,-0.05104058463584149,7.684324067681155,-0.10345165219675678,-3405.6
2022-10-05 05:00:00,0.10129967621909985,7.53955882930103,-0.11413207822533167,-3423.3
2022-10-05 06:00:00,0.18485813749962077,7.387090235656757,-0.12455637949017895,-3851.1
2022-10-05 07:00:00,0.3079766226394307,7.228388451573604,-0.12681960497521327,-4310.6
2022-10-05 08:00:00,0.317034717377207,7.060476365999801,-0.11629446590943271,-4424.7
2022-10-05 09:00:00,0.28697241628344194,6.843749949006225,-0.11088220318670583,-4268.4
2022-10-05 10:00:00,0.3394185555920215,6.5337888379333435,-0.10578400099229501,-4175.7
2022-10-05 11:00:00,0.003004083587990536,6.175867270105761,-0.11119831233522603,-3208.0
2022-10-05 12:00:00,-0.2034211029209052,5.916202062607435,-0.12647914324425624,-2169.0
2022-10-05 13:00:00,-0.5631059664599576,5.902633333401366,-0.09134264875001463,-1953.6
2022-10-05 14:00:00,-0.7920916639425206,6.159095388491933,-0.09832572517842308,-1924.7
2022-10-05 15:00:00,-0.6711892153801848,6.612041034833092,-0.1020353494057673,-2291.9
2022-10-05 16:00:00,-0.12832503340509227,7.129297548929373,-0.10368310979043294,-3039.4
2022-10-05 17:00:00,-0.42617957331833356,7.590346945602565,-0.11250008525204702,-3571.2
2022-10-05 18:00:00,-0.6320321730756824,7.927685045615778,-0.1258485050755196,-4605.5
2022-10-05 19:00:00,-0.7763095202801105,8.149312843635345,-0.1371947050533775,-4781.0
2022-10-05 20:00:00,-1.0965119709355307,8.27715777243181,-0.1396865001318064,-4998.6
2022-10-05 21:00:00,-1.6798020923433927,8.346642090221199,-0.14539709393841793,-4808.9
2022-10-05 22:00:00,-2.4927077319463025,8.382289428951436,-0.15085501762721076,-4340.0
2022-10-05 23:00:00,-2.4927077319463025,8.3243363327069,-0.15602925722468974,-3666.6
2022-10-06 00:00:00,-2.4927077319463025,8.058010800802085,-0.1417981395024892,-3070.7
2022-10-06 01:00:00,-2.4927077319463025,8.031060180240619,-0.12541287118068123,-2724.7
2022-10-06 02:00:00,-2.4927077319463025,8.011355109161286,-0.09912112823999042,-2558.2
2022-10-06 03:00:00,-2.4927077319463025,7.913155185928068,-0.07344259174076839,-2493.4
2022-10-06 04:00:00,-2.3645615596744296,7.858640655620791,-0.06557495963953297,-2389.6
2022-10-06 05:00:00,-2.2537308537597167,7.888334500738654,-0.07132140951760135,-2605.0
2022-10-06 06:00:00,-1.7241903726479693,7.8119734296220225,-0.08532629594918717,-2999.3
2022-10-06 07:00:00,-1.2893093425397928,7.79770203551669,-0.09609531614954747,-3695.0
2022-10-06 08:00:00,-1.2162465338176913,7.8383433155571165,-0.09896048153443271,-3969.7
2022-10-06 09:00:00,-1.232795948317793,7.907283609426348,-0.10208971630566133,-4106.4
2022-10-06 10:00:00,-1.3669018580282661,7.941295570906532,-0.10845596596481677,-4154.8
2022-10-06 11:00:00,-1.416031557359589,8.008698182988528,-0.10625544204228987,-4221.6
2022-10-06 12:00:00,-1.707786476245444,8.066835314417336,-0.13241714325927756,-3878.2
2022-10-06 13:00:00,-1.8337559911006605,8.113726085970747,-0.1291896387128766,-3791.7
2022-10-06 14:00:00,-1.8760039470376515,8.139148678884066,-0.12409660422419044,-3767.5
2022-10-06 15:00:00,-1.7985432372274879,8.153061946801051,-0.12355386392491052,-3798.7
2022-10-06 16:00:00,-1.8088675108610648,8.154500175151941,-0.11994706727406612,-3679.6
2022-10-06 17:00:00,-1.4720777558891966,8.135346948906706,-0.12841631838391798,-3874.3
2022-10-06 18:00:00,-1.5955350209295487,8.12355783506165,-0.1227416697082333,-4139.7
2022-10-06 19:00:00,-1.5936204989529241,8.125926802707886,-0.1112754119072683,-4113.5
2022-10-06 20:00:00,-1.7881070503818286,8.129469764784231,-0.101549735001905,-3851.8
2022-10-06 21:00:00,-2.139663283261061,8.149312843635345,-0.09913869638256312,-3519.9
2022-10-06 22:00:00,-2.4757295970759556,8.168486417126681,-0.10008990415458996,-3505.1
2022-10-06 23:00:00,-2.3627490446829373,8.118802996980035,-0.10510469072850714,-3364.3
2022-10-07 00:00:00,-2.4927077319463025,7.9976631270201,-0.03372671688603823,-2890.9
2022-10-07 01:00:00,-2.4927077319463025,8.01532730902172,-0.040445174175188114,-2898.0
2022-10-07 02:00:00,-2.4927077319463025,8.046869510959576,-0.03294738669960218,-2983.8
2022-10-07 03:00:00,-2.4860143840793354,8.09437844497296,-0.03529571205543025,-3120.3
2022-10-07 04:00:00,-2.2965831206106717,8.19229373114764,-0.04145828273975205,-3431.6
2022-10-07 05:00:00,-2.1424883596872593,8.22121009392507,-0.0397497115677119,-3619.2
2022-10-07 06:00:00,-1.4974648377075628,8.242756345714477,-0.03707150935411452,-4542.4
2022-10-07 07:00:00,-0.9775554284735635,8.175829008714597,-0.03624772686832145,-4594.0
2022-10-07 08:00:00,-0.9847923191155141,8.101071503119543,-0.032709733681476116,-4427.0
2022-10-07 09:00:00,-0.9818951483918092,8.027150106832774,-0.035805597468891115,-4171.2
2022-10-07 10:00:00,-0.9241108746937838,7.96102146588337,-0.0352792238518127,-4052.3
2022-10-07 11:00:00,-0.9927294513747964,7.956476798036782,-0.04512829882997771,-4063.1
2022-10-07 12:00:00,-0.8618787784563344,8.005033344637111,-0.04227255836871002,-3834.9
2022-10-07 13:00:00,-0.8596217515953604,8.057377488557991,-0.04412695528609678,-3892.1
2022-10-07 14:00:00,-0.9057119355552232,8.081475040137052,-0.04232429716761388,-3947.8
2022-10-07 15:00:00,-1.0283150258044218,8.07402621612406,-0.05305730774398221,-3949.9
2022-10-07 16:00:00,-1.2963138311333893,8.066207568006265,-0.05315301844115261,-3918.9
2022-10-07 17:00:00,-1.0392181093266095,8.0507033814703,-0.06812246883912021,-3917.2
2022-10-07 18:00:00,-0.98284752690373,8.0519780789023,-0.06372011171524417,-4000.7
2022-10-07 19:00:00,-0.9509879282509974,8.058010800802085,-0.05382094552570038,-3961.7
2022-10-07 20:00:00,-1.046579899924883,8.039802343736485,-0.06270834832761807,-3698.7
2022-10-07 21:00:00,-1.232625868903538,7.987864096085687,-0.06494450919997785,-3325.0
2022-10-07 22:00:00,-1.339043529001792,7.933796874815411,-0.0663671877039329,-2788.2
2022-10-07 23:00:00,-1.7060804789982662,7.876638460975463,-0.06869254473655584,-2519.4
2022-10-08 00:00:00,-2.2079778881519907,7.856319571406588,-0.06858942080428232,-2732.7
2022-10-08 01:00:00,-2.162661983827968,7.920446505142607,-0.08177893022231242,-2934.7
2022-10-08 02:00:00,-2.063922263505883,7.907283609426348,-0.07034921133583438,-2910.8
2022-10-08 03:00:00,-1.9937319301170304,7.945201132412759,-0.05943291216718194,-2969.7
2022-10-08 04:00:00,-1.9816656125324421,7.929846429742503,-0.053519900050637226,-2812.1
2022-10-08 05:00:00,-1.4669440778495026,7.894690850425624,-0.05192208180219193,-2708.9
2022-10-08 06:00:00,-1.3061812581958798,7.889459149404524,-0.05133401767981205,-3085.7
2022-10-08 07:00:00,-0.9482225684609182,7.848543482456679,-0.04875465640549059,-3384.4
2022-10-08 08:00:00,-0.8856131800456133,7.835579246669965,-0.043448690108180976,-3607.2
2022-10-08 09:00:00,-0.8134923462085517,7.822044008185619,-0.031949421807631495,-3742.5
2022-10-08 10:00:00,-0.7797274493286688,7.791109510610028,-0.018591418577510233,-3801.4
2022-10-08 11:00:00,-0.7451472864823558,7.853993087224244,-0.00442638103614712,-3948.5
2022-10-08 12:00:00,-0.6861619582839698,8.00603417874901,-0.013700742212042982,-4197.4
2022-10-08 13:00:00,-0.7799975519796734,8.127109185346375,-0.020618245427745485,-4462.8
2022-10-08 14:00:00,-0.7505406268172115,8.174702882469461,-0.02986648064391062,-4595.5
2022-10-08 15:00:00,-0.7544733036232691,8.188411308079031,-0.02557510224365256,-4669.6
2022-10-08 16:00:00,-0.7953170628125679,8.201934351194222,-0.02124842425205209,-4843.7
2022-10-08 17:00:00,-0.8385324708190356,8.22121009392507,-0.04127406511925624,-4856.0
2022-10-08 18:00:00,-0.8048052847899658,8.236420527265391,-0.04083530498279764,-4850.9
2022-10-08 19:00:00,-0.7199654849598716,8.244071270295786,-0.04037876347484737,-4914.2
2022-10-08 20:00:00,-0.7911917322029551,8.251663923605589,-0.04516068663333872,-4664.3
2022-10-08 21:00:00,-0.8222049263616884,8.250097752572845,-0.0317447950175227,-4531.9
2022-10-08 22:00:00,-0.8470433736348308,8.244334047856094,-0.027775263071634804,-4349.3
2022-10-08 23:00:00,-1.049291546934494,8.240121298076472,-0.03349649326574955,-4082.1
2022-10-09 00:00:00,-1.6357349422884138,8.24354550792826,-0.0011663166090833954,-3675.5
2022-10-09 01:00:00,-1.7052873510695032,8.237743803890933,-0.009055690619423906,-3491.6
2022-10-09 02:00:00,-1.5740349427749103,8.213110697596676,-0.006730047145376616,-3473.4
2022-10-09 03:00:00,-1.5807995008033537,8.178919332848396,0.00022975622086107705,-3599.2
2022-10-09 04:00:00,-1.1962064243952593,8.133000218583613,0.006362292859500407,-3619.8
2022-10-09 05:00:00,-0.8918165670940463,8.0774471493312,0.00717311814206667,-3611.0
2022-10-09 06:00:00,-0.740920045410205,8.024207485778577,0.010262822292825824,-3563.4
2022-10-09 07:00:00,-0.7861217548967643,7.962763930168115,0.011554833960055078,-3458.9
2022-10-09 08:00:00,-0.7438150501139549,7.911324018963353,0.013597823036162637,-3556.8
2022-10-09 09:00:00,-0.6760230389722768,7.847371836159788,0.011334910655958375,-3704.8
2022-10-09 10:00:00,-0.6514573854626997,7.776115477098742,0.022362638920514044,-3735.2
2022-10-09 11:00:00,-0.8081827717904813,7.7475968386928855,0.031026476250480606,-3623.8
2022-10-09 12:00:00,-0.5575201418963234,7.764720544771477,0.026699054892990404,-3738.1
2022-10-09 13:00:00,-0.571655250866324,7.796469243086058,0.009265710442298847,-3800.8
2022-10-09 14:00:00,-0.5375715259627625,7.813995675002791,0.003186851233832222,-3790.8
2022-10-09 15:00:00,-0.6164332563619737,7.813591552952433,0.006849111466478597,-4206.5
2022-10-09 16:00:00,-0.7502220009588929,7.824445930877619,-0.002643728360097519,-4357.8
2022-10-09 17:00:00,-0.8457501477587628,7.83002808253384,-0.009882434395519724,-4458.4
2022-10-09 18:00:00,-0.8646790221479765,7.855932199718614,-0.002898832731405676,-4356.8
2022-10-09 19:00:00,-0.8681359556345845,7.892078421248119,-0.005731719422572112,-4397.2
2022-10-09 20:00:00,-0.8494894978808056,7.92443418488756,-0.00409163209676322,-4318.5
2022-10-09 21:00:00,-0.7969458949757717,7.952966790923131,-0.0034581697255093857,-4337.8
2022-10-09 22:00:00,-0.7362131599399566,7.98139158158007,-0.0030314780130913377,-4165.2
2022-10-09 23:00:00,-0.7439658167077363,7.996317231796746,-0.005925911067387268,-3889.1
2022-10-10 00:00:00,-0.5893259214560889,7.9748769005588755,0.003923731469170022,-4006.3
2022-10-10 01:00:00,-0.6348773653080548,8.022240916806537,-0.001635575860261973,-3980.0
2022-10-10 02:00:00,-0.6443100711635799,8.0519780789023,-0.0008535021362598982,-3969.3
2022-10-10 03:00:00,-0.7354197502400637,8.081475040137052,-0.005215011377693202,-3962.5
2022-10-10 04:00:00,-0.7933392956953753,8.105911197986508,-0.009629872910140058,-4143.1
2022-10-10 05:00:00,-0.8554288867931343,8.130942302231878,-0.00804522699333976,-4573.0
2022-10-10 06:00:00,-0.9934241980539045,8.165647925297504,-0.011404657878046898,-5175.0
2022-10-10 07:00:00,-1.1949372003410046,8.176391596633795,-0.016496985285817445,-5246.0
2022-10-10 08:00:00,-1.247219192032654,8.168202930236053,-0.02309543108852896,-5410.6
2022-10-10 09:00:00,-1.249362085302943,8.16961956172385,-0.030686338959654336,-5506.5
2022-10-10 10:00:00,-1.317179230077059,8.16735198705607,-0.029501434754063638,-5480.6
2022-10-10 11:00:00,-1.2523224532251591,8.189522110748094,-0.04099107406097158,-5331.3
2022-10-10 12:00:00,-1.2088199800697894,8.247743887225516,-0.042882839332440525,-4992.3
2022-10-10 13:00:00,-1.2350493657346413,8.286269452783065,-0.02063794238466521,-4853.5
2022-10-10 14:00:00,-1.301578187384659,8.287025025165063,-0.02611584765810271,-4707.4
2022-10-10 15:00:00,-1.2112958303247328,8.257904193465674,-0.030298611142239196,-4670.1
2022-10-10 16:00:00,-1.1975628638966604,8.232440158470336,-0.026958445016028065,-4505.2
2022-10-10 17:00:00,-1.0531440874427056,8.22389538017882,-0.027799289338509503,-4679.1
2022-10-10 18:00:00,-0.984827452934474,8.230577217146454,-0.021518550416540272,-4942.3
2022-10-10 19:00:00,-0.9551380501901812,8.231109840328154,-0.02132717306797538,-4769.2
2022-10-10 20:00:00,-1.0377340329609948,8.21959545417708,-0.015940090634426696,-4463.6
2022-10-10 21:00:00,-1.0493852061936688,8.19118600464279,-0.009680311677676912,-4242.7
2022-10-10 22:00:00,-1.1474501664437047,8.146419323098003,-0.014152719773675493,-3822.8
2022-10-10 23:00:00,-1.731779608210607,8.071843149609158,-0.014842275313259101,-3231.5
2022-10-11 00:00:00,-2.2909001018299486,7.927685045615778,-0.005211438226925047,-2436.6
2022-10-11 01:00:00,-2.255329887352616,7.794823152179389,-0.0024895766909907024,-2149.9
2022-10-11 02:00:00,-2.062696961912466,7.588829878307813,-0.006681762476326014,-1762.3
2022-10-11 03:00:00,-1.850345071173588,7.385230923066573,-0.006197893005400523,-1514.3
2022-10-11 04:00:00,-1.6595297865666718,7.27655640271871,-0.0019055504938707557,-1532.8
2022-10-11 05:00:00,-1.0226023933971748,7.275864600546533,0.0012492804179204953,-2109.0
2022-10-11 06:00:00,-1.023768630057965,7.432483807917119,0.004037478945651429,-2995.5
2022-10-11 07:00:00,-1.2111440199520835,7.6128310304073565,0.005890929447723181,-3793.5
2022-10-11 08:00:00,-1.3521367331377494,7.7279755421055585,0.008093697740941153,-4155.3
2022-10-11 09:00:00,-1.392566313394854,7.786967002614872,0.006820100415206198,-4248.2
2022-10-11 10:00:00,-1.3764021562328286,7.795646536334594,0.00289076639439223,-4267.6
2022-10-11 11:00:00,-1.365777832025461,7.886081401775745,0.008041029968341107,-4447.3
2022-10-11 12:00:00,-1.2674228535642142,7.987184748233473,-0.01860088226543244,-4496.4
2022-10-11 13:00:00,-1.222334558287109,8.080856419640986,0.009391285811584105,-4675.5
2022-10-11 14:00:00,-1.2849294037090733,8.123261319121745,0.0011282362356581643,-4708.5
2022-10-11 15:00:00,-1.2853378427937976,8.148445666243235,0.0071169712552210385,-4787.5
2022-10-11 16:00:00,-1.2570515254931163,8.167068178341237,0.012313809219795857,-4948.3
2022-10-11 17:00:00,-1.1684134085836648,8.193953023563742,0.008134386449239805,-5109.9
2022-10-11 18:00:00,-1.1189822894635086,8.226573474977114,0.01149187895679571,-5195.4
2022-10-11 19:00:00,-1.0928142737076239,8.244596756382498,0.012557312115339059,-5225.9
2022-10-11 20:00:00,-1.1439030680274103,8.249836485425702,0.0217150242896631,-4993.5
2022-10-11 21:00:00,-1.0755701345732023,8.244596756382498,0.014578802565696769,-4758.8
2022-10-11 22:00:00,-1.1043772296914036,8.228710798793687,0.013375365098069025,-4386.7
2022-10-11 23:00:00,-1.5559435163154867,8.204124932574041,0.015523163938692797,-3863.9
2022-10-12 00:00:00,-0.5488027599400995,8.209308411646937,0.013381657836212035,-4135.3
2022-10-12 01:00:00,-0.5099657731089491,8.160232492367689,0.017692686962172743,-4000.8
2022-10-12 02:00:00,-0.43868374139767496,8.106816038947052,0.014285070419661317,-3868.2
2022-10-12 03:00:00,-0.4143773970593827,8.048149101665201,0.015253575670722164,-3819.9
2022-10-12 04:00:00,-0.42430171108231907,7.979338895262328,0.0161642723657911,-3709.2
2022-10-12 05:00:00,-0.5279927164130909,7.921898411023797,0.015226846593390242,-4015.0
2022-10-12 06:00:00,-0.8134072072846505,7.865955413933502,0.01609931783219576,-4168.7
2022-10-12 07:00:00,-0.8891499893100083,7.793174347189205,0.0192848533764165,-4155.4
2022-10-12 08:00:00,-0.9673058221201849,7.686162303492906,0.02127552318477477,-4064.0
2022-10-12 09:00:00,-1.0098804329935271,7.572502985020384,0.02047225655092877,-4183.9
2022-10-12 10:00:00,-0.943542660052545,7.393263094763838,0.015749373911132736,-4063.3
2022-10-12 11:00:00,-0.9002852871893379,7.254177846456518,0.0013955079161203088,-4146.3
2022-10-12 12:00:00,-0.8478129376467574,7.150701457592526,-0.01795291204840499,-4274.0
2022-10-12 13:00:00,-0.6309011829790134,7.048386408721883,0.013526345639621518,-4281.7
2022-10-12 14:00:00,-0.37219331558969904,6.948897222313312,0.002723111486795382,-4295.7
2022-10-12 15:00:00,-0.22588544260826682,6.8690144506657065,0.0033251662520585867,-4315.7
2022-10-12 16:00:00,-0.12701045453824644,6.912742820493176,0.009470918280950258,-4370.1
2022-10-12 17:00:00,-0.30560067371665633,7.175489713624222,0.011269179815848851,-4523.9
2022-10-12 18:00:00,-0.39959620321632494,7.488293515159428,0.013033355101834232,-4524.2
2022-10-12 19:00:00,-0.6448543966553268,7.724004656676065,0.013915643361000818,-4711.3
2022-10-12 20:00:00,-0.7001116138138777,7.835579246669965,0.014097341833671173,-4770.9
2022-10-12 21:00:00,-0.6746159286411633,7.873217054862741,0.007704718093040519,-4688.2
2022-10-12 22:00:00,-0.47905486048824875,7.8826922062890254,0.0005101450786204609,-4479.6
2022-10-12 23:00:00,-0.35049789776396345,7.881182202227102,-0.0015646549337011706,-3991.0
2022-10-13 00:00:00,-0.23321901660861277,7.799753318287247,0.007837859970242,-4032.8
2022-10-13 01:00:00,-0.20314568109225428,7.8083230503910555,0.003139881692281854,-3897.1
2022-10-13 02:00:00,-0.19162316157243753,7.824845691026856,-1.6382753547539153e-05,-3748.5
2022-10-13 03:00:00,-0.20426119774465423,7.843848638152472,-0.0010720618964645823,-3730.9
2022-10-13 04:00:00,-0.24830604487187724,7.860185057472165,-0.004456144583487642,-3836.0
2022-10-13 05:00:00,-0.3599873492904413,7.874358824729881,-0.005349075457801611,-4131.2
2022-10-13 06:00:00,-0.4457053652121905,7.88193748927207,-0.0033527129895150054,-4612.2
2022-10-13 07:00:00,-0.6635276938074233,7.8582541821860294,-0.0014417351869351336,-4498.5
2022-10-13 08:00:00,-0.6929983900531433,7.7823903355874595,0.0008088932166980811,-4509.1
2022-10-13 09:00:00,-0.552646784448692,7.667158255319148,-0.004591351820783629,-4510.2
2022-10-13 10:00:00,-0.48998325122379915,7.526717561352706,-0.0031568018822119015,-4541.1
2022-10-13 11:00:00,-0.33725816137778786,7.408530566894626,0.011804640298231028,-4551.7
2022-10-13 12:00:00,-0.2676281252349022,7.290292882446597,-0.007700578408038616,-4580.9
2022-10-13 13:00:00,-0.13831029152454866,7.181591944611865,0.005224472742786368,-4577.4
2022-10-13 14:00:00,-0.024529242220171277,7.113142108707088,0.007268983198061463,-4564.5
2022-10-13 15:00:00,-0.027176631562573217,7.050122520269059,0.006871565146648884,-4563.6
2022-10-13 16:00:00,-0.06517846487809331,7.005789019253503,0.014530846954486698,-4483.1
2022-10-13 17:00:00,-0.11775356885165156,6.99117688712121,0.0070590117136957176,-4423.5
2022-10-13 18:00:00,-0.15367973439713456,6.952728644624869,0.011486074834249571,-4444.7
2022-10-13 19:00:00,-0.062181823297358996,6.900730664045173,0.012467974351091371,-4486.4
2022-10-13 20:00:00,0.18189433973069669,6.8501261661455,0.010795094405334105,-4440.7
2022-10-13 21:00:00,0.3320480761081068,6.777646593635117,0.00763742983275062,-4407.2
2022-10-13 22:00:00,0.3547817728965299,6.70196036600254,0.0044686868411751846,-4263.5
2022-10-13 23:00:00,0.3837674372470685,6.606650186198215,0.005862006395918051,-3876.6
2022-10-14 00:00:00,0.5549654727140472,6.338594078203183,-9.347752750166194e-05,-3533.1
2022-10-14 01:00:00,0.6657047082176479,6.1903154058531475,-0.0028820725995393204,-3463.6
2022-10-14 02:00:00,0.7767676772748953,6.0014148779611505,0.008557901321785799,-3385.5
2022-10-14 03:00:00,0.9865729936694927,5.746203190540153,0.008262262283699862,-3360.4
2022-10-14 04:00:00,1.119696035608806,5.41610040220442,0.0036123008494888253,-3566.6
2022-10-14 05:00:00,1.0839450415170209,5.19295685089021,0.008482987196593683,-3861.4
2022-10-14 06:00:00,1.1010702925296743,5.117993812416755,0.014699282953455572,-4409.4
2022-10-14 07:00:00,1.688492921986005,5.123963979403259,0.023110354766140873,-4491.7
2022-10-14 08:00:00,1.596918959943678,5.19295685089021,0.03161938529848829,-4491.8
2022-10-14 09:00:00,1.7412682990543322,5.3471075307174685,0.03300030570864454,-4572.9
2022-10-14 10:00:00,1.8050866854412009,5.5134287461649825,0.03029094035763613,-4531.0
2022-10-14 11:00:00,1.7231567151415614,5.736572297479192,0.020670235074422116,-4607.1
2022-10-14 12:00:00,0.8107809992305901,5.981414211254481,0.02263032786671637,-4690.5
2022-10-14 13:00:00,0.614749432622486,6.238324625039508,0.02502501253402034,-4701.2
2022-10-14 14:00:00,0.5054987768292021,6.411818267709897,0.025705415082827088,-4697.9
2022-10-14 15:00:00,0.4537580089208202,6.565264970035361,0.024219276128266465,-4717.7
2022-10-14 16:00:00,0.3689730983097679,6.795705775173514,0.030763401868093787,-4715.1
2022-10-14 17:00:00,-0.046233680255894694,7.063903961472068,0.022927504620193773,-4677.4
2022-10-14 18:00:00,0.08831748923047433,7.311218384419629,0.019613877042364614,-4479.9
2022-10-14 19:00:00,-0.03737162572204955,7.4770384723196965,0.023871259855837046,-4623.6
2022-10-14 20:00:00,0.20040718437202054,7.56734567601324,0.015284152415172336,-4680.7
2022-10-14 21:00:00,0.2590290078741786,7.59337419312129,0.015590542533526097,-4622.6
2022-10-14 22:00:00,0.3398187347883348,7.591357046698551,0.012253766911993758,-4192.2
2022-10-14 23:00:00,0.18882466555806232,7.573017256052546,0.01575407065223633,-4050.8
2022-10-15 00:00:00,0.15377418217771543,7.459338895220296,0.021464673570868342,-4714.2
2022-10-15 01:00:00,0.2291250675355263,7.450079569807499,0.018235910638138897,-4399.5
2022-10-15 02:00:00,0.3039595582592969,7.448333860897476,0.01833821058104501,-4295.1
2022-10-15 03:00:00,0.3102875403641585,7.436617265234227,0.01697162380691175,-4144.9
2022-10-15 04:00:00,0.26081555639189835,7.445417556701687,0.011018621086933855,-4124.0
2022-10-15 05:00:00,0.09731365144009674,7.487733761436444,0.012354350485759724,-4186.8
2022-10-15 06:00:00,-0.03206174915354554,7.573017256052546,0.01124813826949822,-3993.9
2022-10-15 07:00:00,-0.18740697375447413,7.6838639802564295,0.007925033041672691,-4082.6
2022-10-15 08:00:00,-0.29220495713492856,7.7664168980196555,0.004670558236017364,-4274.1
2022-10-15 09:00:00,-0.30195725096902715,7.8156105320351905,0.004506620153356344,-4461.2
2022-10-15 10:00:00,-0.3033106052482202,7.865187954187467,0.017513586064605846,-4547.4
2022-10-15 11:00:00,-0.20474864573271168,7.939871576361883,0.036197574073618455,-4691.8
2022-10-15 12:00:00,-0.13129677310714483,7.994294986415977,0.02117584247417792,-4893.0
2022-10-15 13:00:00,-0.16943696242900197,8.028455164114252,0.016286311507704987,-4975.9
2022-10-15 14:00:00,-0.17320947085427552,8.02322468471667,0.01877153441910373,-5011.6
2022-10-15 15:00:00,-0.24109990777847967,7.962415680121064,0.024389035962268935,-4979.2
2022-10-15 16:00:00,-0.33418088385215317,7.887208585813932,0.026982743742244963,-4982.5
2022-10-15 17:00:00,-0.36017264830262175,7.785305182539862,0.023645480980059475,-4809.4
2022-10-15 18:00:00,-0.28618403904151934,7.65728279297819,0.02532871030367634,-4449.3
2022-10-15 19:00:00,-0.2459324106831975,7.518064181233078,0.021937449380025065,-4247.7
2022-10-15 20:00:00,-0.2738148449497424,7.332369205929062,0.02677769508336958,-3682.3
2022-10-15 21:00:00,-0.2728627922819271,7.113142108707088,0.029333375827777175,-3283.5
2022-10-15 22:00:00,-0.27530295919441583,6.8966943316227125,0.029018307099776486,-2830.8
2022-10-15 23:00:00,-0.23986803583972627,6.739336627357174,0.02396401256350611,-2213.0
2022-10-16 00:00:00,-0.2058273051786248,6.577861357721047,0.032622919684888174,-1754.0
2022-10-16 01:00:00,-0.1529137392570803,6.541029999189903,0.021839983673457297,-1654.4
2022-10-16 02:00:00,-0.11428613310586666,6.775366090936392,0.014951018915946968,-1823.9
2022-10-16 03:00:00,-0.14582546664723006,7.045776576879511,0.015818008159759422,-2185.8
2022-10-16 04:00:00,-0.13982492175851613,7.220373836723949,0.019178657160575874,-2757.3
2022-10-16 05:00:00,-0.19561283805155227,7.301147805856032,0.015831180885181872,-3210.4
2022-10-16 06:00:00,-0.23140783506566187,7.329093736246592,0.014151356032518159,-3253.3
2022-10-16 07:00:00,-0.3417979452808044,7.311886164077165,0.018545647305344026,-3382.2
2022-10-16 08:00:00,-0.37974394454975435,7.257707677160043,0.024160207657884847,-3539.2
2022-10-16 09:00:00,-0.4565881011802162,7.2682230211595655,0.02470084475116696,-3574.4
2022-10-16 10:00:00,-0.4707830612576025,7.3427791893318455,0.04096503553327935,-3618.9
2022-10-16 11:00:00,-0.5853796073860082,7.3537223303996315,0.053795584511757255,-3607.9
2022-10-16 12:00:00,-0.3644176093100051,7.336285660021297,0.05088403052246271,-3318.2
2022-10-16 13:00:00,-0.6257564932637227,7.302496423727326,0.031311918705670294,-2131.6
2022-10-16 14:00:00,-0.4329944496435285,7.229113877793302,0.025465000327560716,-2582.4
2022-10-16 15:00:00,-0.4613312251116106,7.072421900537371,0.030063348793246902,-2944.0
2022-10-16 16:00:00,-0.6004252785796211,6.922643891475888,0.02834802494824018,-3182.2
2022-10-16 17:00:00,-0.6406314703801832,6.854354502255021,0.026443266105697028,-3524.5
2022-10-16 18:00:00,-0.6088744677461375,6.822197390620491,0.03215280532751308,-3318.5
2022-10-16 19:00:00,-0.6366358097294333,6.784457062637643,0.023765597845041952,-3249.1
2022-10-16 20:00:00,-0.6280568109702251,6.785587645007929,0.027142832964979213,-3037.3
2022-10-16 21:00:00,-0.5538681287607452,6.836259277277067,0.026430486676365383,-2944.1
2022-10-16 22:00:00,-0.44616901451545976,6.950814768442584,0.02965721723738124,-2679.1
2022-10-16 23:00:00,-0.357928990994949,7.129297548929373,0.028626470439272467,-2458.4
2022-10-17 00:00:00,-0.07325487539703612,7.01211529430638,0.03906072276545647,-2856.6
2022-10-17 01:00:00,-0.06489052310714483,7.201170883281678,0.0326459617381607,-2863.2
2022-10-17 02:00:00,-0.04285703821231168,7.383989457978509,0.03219643253629201,-2925.6
2022-10-17 03:00:00,-0.0863973745890565,7.551186867296149,0.0331494818044904,-3012.1
2022-10-17 04:00:00,-0.21255740923111954,7.694392802629421,0.032846293434172225,-2981.4
2022-10-17 05:00:00,-0.438094203129586,7.786551806428712,0.03679416467667984,-2952.2
2022-10-17 06:00:00,-0.6425074274148561,7.830425617820331,0.031569585636577635,-3733.7
2022-10-17 07:00:00,-0.6993855264595763,7.85748078694253,0.027035459450825527,-4199.4
2022-10-17 08:00:00,-0.7986224662794994,7.843064016692054,0.022008655106262154,-4265.2
2022-10-17 09:00:00,-0.8398531279041976,7.7651449029361315,0.015859155355953725,-4298.9
2022-10-17 10:00:00,-0.7234045233303177,7.628031126930335,0.014802599144828399,-4150.5
2022-10-17 11:00:00,-0.5421265562040305,7.507690077819904,0.003584550527732766,-4140.2
2022-10-17 12:00:00,-0.4772612494749744,7.395107546562485,-0.004211727731878057,-4268.8
2022-10-17 13:00:00,-0.413753654506829,7.30854279753919,0.018361065856943526,-4305.8
2022-10-17 14:00:00,-0.3384641895081897,7.180069874302796,0.01565094535623235,-4195.9
2022-10-17 15:00:00,-0.3730090694342656,7.026426808699636,0.012954409963434443,-4171.2
2022-10-17 16:00:00,-0.3868017808731241,6.977281341630747,0.018655691401195718,-4119.3
2022-10-17 17:00:00,-0.3930745090473944,7.065613363597717,0.02644572551388613,-4154.3
2022-10-17 18:00:00,-0.28042432462400013,7.110696122978827,0.03542282598359847,-4005.0
2022-10-17 19:00:00,-0.2093642417118211,7.069874128458572,0.035110700649008564,-3979.3
2022-10-17 20:00:00,-0.16882269615325374,6.961296045910167,0.04475206452662217,-3909.5
2022-10-17 21:00:00,-0.16228348192982311,6.810142450115136,0.0519478572426193,-3719.9
2022-10-17 22:00:00,-0.1286633526833696,6.652863029353347,0.044127742432068295,-3294.6
2022-10-17 23:00:00,-0.03391202253048675,6.54965074223381,0.042991682098272754,-2857.8
2022-10-18 00:00:00,0.20970064998219584,6.939253946041508,0.051946975613023305,-2953.7
2022-10-18 01:00:00,0.23652928175026577,6.891625897052253,0.056830516646012796,-2886.2
2022-10-18 02:00:00,0.27409630241131655,6.8690144506657065,0.04777577193649041,-2820.3
2022-10-18 03:00:00,0.26429760199060937,6.881411303642535,0.043615812706819135,-2783.0
2022-10-18 04:00:00,0.16144613106133043,6.910750787961936,0.04458442202915425,-2852.4
2022-10-18 05:00:00,-0.02867471633953045,6.952728644624869,0.04015508253096822,-3207.9
2022-10-18 06:00:00,-0.1522638388189641,7.02197642307216,0.037345666709159175,-3787.5
2022-10-18 07:00:00,-0.3724290660526153,7.106606137727303,0.040459646686346495,-4192.7
2022-10-18 08:00:00,-0.4091362583967073,7.170888478512505,0.041798836627733316,-4311.3
2022-10-18 09:00:00,-0.46334493559432843,7.206377291472252,0.03809749759330572,-4352.9
2022-10-18 10:00:00,-0.4001012128458501,7.19668657083435,0.0361556360712143,-4358.3
2022-10-18 11:00:00,-0.3362554033512408,7.247792581767846,0.03990978144946755,-4435.6
2022-10-18 12:00:00,-0.4297009897452946,7.419380582918692,0.015208226609165543,-4421.7
2022-10-18 13:00:00,-0.48979197682778386,7.583756300707112,0.04347924815049531,-4334.8
2022-10-18 14:00:00,-0.5348547925639204,7.703459047867175,0.033664880765526206,-4497.6
2022-10-18 15:00:00,-0.5638601556076264,7.794411205726601,0.036691963590047116,-4605.3
2022-10-18 16:00:00,-0.5193559686721021,7.857093864902493,0.041003192290554935,-4831.7
2022-10-18 17:00:00,-0.5933455160893204,7.92443418488756,0.04115122997574794,-4772.6
2022-10-18 18:00:00,-0.6308394260438028,7.987864096085687,0.04169284976615728,-4814.1
2022-10-18 19:00:00,-0.6008609770817213,8.043342170441608,0.03764536397798324,-4785.0
2022-10-18 20:00:00,-0.5557769310011791,8.078067881815437,0.0467981277589562,-4865.3
2022-10-18 21:00:00,-0.49332365004669887,8.091933455979893,0.03889439126644145,-4866.1
2022-10-18 22:00:00,-0.48336007111466284,8.09925056179696,0.03631080149695176,-4756.3
2022-10-18 23:00:00,-0.31745865968440734,8.09376775793108,0.03701616199873392,-4671.1
2022-10-19 00:00:00,-0.1799717850117153,8.104703468371108,0.031707605140871564,-4629.0
2022-10-19 01:00:00,-0.14765701145196042,8.09162741160107,0.0318045311548536,-4479.6
2022-10-19 02:00:00,-0.09196309028509386,8.070906088787819,0.027171846696018243,-4393.7
2022-10-19 03:00:00,-0.10682650648324055,8.047829357457841,0.024903055497287774,-4311.9
2022-10-19 04:00:00,-0.07963473047333602,8.024207485778577,0.02377852235103628,-4221.8
2022-10-19 05:00:00,-0.27266302475724835,8.002694162283937,0.02069964833474547,-4383.6
2022-10-19 06:00:00,-0.5842749500382465,7.987184748233473,0.021667260947440425,-4756.6
2022-10-19 07:00:00,-0.7067435752882885,7.925157512224703,0.026110818446816175,-4734.1
2022-10-19 08:00:00,-0.7679314769435113,7.86403565907245,0.028563426342365972,-4691.5
2022-10-19 09:00:00,-0.8263460197743631,7.806696372521179,0.02728748607539977,-4633.4
2022-10-19 10:00:00,-0.7874369453894832,7.734121303328305,0.026916732720957626,-4525.3
2022-10-19 11:00:00,-0.8251561015596867,7.76004068088038,0.016949589257214903,-4526.2
2022-10-19 12:00:00,-0.7109213657410685,7.8632667240095735,0.0010127065390888035,-4497.5
2022-10-19 13:00:00,-0.6718101680608473,7.946617563244473,0.033242208804039386,-4519.4
2022-10-19 14:00:00,-0.6654635875641075,8.000014093678072,0.022525738782975147,-4566.4
2022-10-19 15:00:00,-0.6537255362600698,7.99799931797973,0.022477598466815074,-4409.4
2022-10-19 16:00:00,-0.6902455008579822,8.016317898503415,0.028930991835663278,-4400.2
2022-10-19 17:00:00,-0.6773397401257366,8.037866234709618,0.033026472131114204,-4406.3
2022-10-19 18:00:00,-0.6869225936440824,8.046549357283078,0.03310798591481312,-4532.5
2022-10-19 19:00:00,-0.6227911515709792,8.038512020976814,0.030436136330573405,-4553.0
2022-10-19 20:00:00,-0.541712638713546,8.024862150286411,0.033176688643624885,-4541.7
2022-10-19 21:00:00,-0.4906169881718361,8.008032846969307,0.029223102172723614,-4519.5
2022-10-19 22:00:00,-0.27028363367632036,7.989560449333865,0.021800127207387554,-4499.0
2022-10-19 23:00:00,-0.10545185435677507,7.966239776559467,0.02568161252738488,-4522.8
2022-10-20 00:00:00,0.14230549284341265,7.964155718840937,0.04588937513468849,-4287.4
2022-10-20 01:00:00,0.1925787675530577,7.938088726896952,0.04446273955322244,-4331.7
2022-10-20 02:00:00,0.3062513098464752,7.903226808730733,0.04290307831909779,-4337.7
2022-10-20 03:00:00,0.3569425922889269,7.853604813097837,0.044419862571098534,-4324.0
2022-10-20 04:00:00,0.35475823368601134,7.786551806428712,0.04502391267988237,-4310.8
2022-10-20 05:00:00,0.31495682581242734,7.708410667257367,0.045185397595753685,-4483.1
2022-10-20 06:00:00,0.019525508998897934,7.612336837167746,0.04741961238390857,-4861.5
2022-10-20 07:00:00,-0.14532516524945072,7.491087593534876,0.0549561876433895,-4816.3
2022-10-20 08:00:00,-0.015370625189960574,7.321188556739478,0.05775627616998591,-4769.4
2022-10-20 09:00:00,0.03685297486910022,7.098375638590786,0.050165881552080904,-4736.0
2022-10-20 10:00:00,0.17067327435641833,6.784457062637643,0.04692095558568532,-4602.7
2022-10-20 11:00:00,0.37345879358147993,6.464588303689961,0.05570223272465302,-4612.3
2022-10-20 12:00:00,0.45140072869760495,6.278521424165844,0.03439363832003828,-4672.3
2022-10-20 13:00:00,0.5609073530782656,6.186208623900494,0.04269442084024977,-4667.1
2022-10-20 14:00:00,0.5870035083315299,6.175867270105761,0.04098314613525744,-4653.9
2022-10-20 15:00:00,0.5287344683569293,6.198478716492308,0.03982347565943467,-4622.9
2022-10-20 16:00:00,0.5483572710913043,6.297109319933935,0.053496815487871,-4590.5
2022-10-20 17:00:00,0.4785613053622777,6.490723534502507,0.053282379467446184,-4573.8
2022-10-20 18:00:00,0.5240413571707174,6.647688373563329,0.059063758042005254,-4604.7
2022-10-20 19:00:00,0.6490457900222975,6.734591659972948,0.05891347156126958,-4680.6
2022-10-20 20:00:00,0.7912942446386575,6.754604099487962,0.05990479844008334,-4629.1
2022-10-20 21:00:00,0.9631835846323904,6.7357800142423265,0.05399960472862109,-4598.9
2022-10-20 22:00:00,0.950831463078055,6.716594773520978,0.049757225780064473,-4472.8
2022-10-20 23:00:00,0.875544866042365,6.703188113240863,0.053153593932434795,-4225.0
2022-10-21 00:00:00,1.0871822864613554,6.790097235513905,0.019174941338375717,-4271.8
2022-10-21 01:00:00,1.086900988653582,6.777646593635117,0.018610125547851908,-4111.0
2022-10-21 02:00:00,1.1119386775381366,6.683360945766275,0.02932438411427185,-4008.3
2022-10-21 03:00:00,1.0939798313138285,6.53813982376767,0.02967079967288111,-3959.6
2022-10-21 04:00:00,1.0412079962731715,6.366470447731438,0.02730857450734092,-3975.4
2022-10-21 05:00:00,0.9106992184961484,6.16541785423142,0.031754092447622284,-4152.4
2022-10-21 06:00:00,1.397800950291181,5.8998973535824915,0.03656726959003631,-4319.3
2022-10-21 07:00:00,0.5764533506149085,5.575949103146316,0.040041976181920624,-4380.7
2022-10-21 08:00:00,0.5892436662676701,5.19295685089021,0.042036146156744,-4407.1
2022-10-21 09:00:00,0.8945486627643442,4.727387818712341,0.04186145308233513,-4364.5
2022-10-21 10:00:00,1.2205812507233373,4.189654742026425,0.038788070611582626,-4348.0
2022-10-21 11:00:00,1.359362271636745,3.8501476017100584,0.0292678162446256,-4308.6
2022-10-21 12:00:00,0.8422499269552279,4.02535169073515,0.02481373484766003,-4360.5
2022-10-21 13:00:00,1.4643996526434053,4.276666119016055,0.02669399762240854,-4275.0
2022-10-21 14:00:00,0.8929631094965815,4.499809670330265,0.029072421630731426,-4303.7
2022-10-21 15:00:00,0.730526847877301,4.852030263919617,0.03207565772746879,-4291.6
2022-10-21 16:00:00,0.8416840792988225,5.267858159063328,0.04959009303803796,-4228.6
2022-10-21 17:00:00,0.7373232357603534,5.7899601708972535,0.0509919476556524,-4193.6
2022-10-21 18:00:00,1.5664462726551935,6.230481447578482,0.051944279080854194,-4385.9
2022-10-21 19:00:00,1.5315593024322336,6.555356891810665,0.05387078252115707,-4465.0
2022-10-21 20:00:00,1.231418277940799,6.767343125265392,0.04629876119158105,-4490.9
2022-10-21 21:00:00,0.9614719293076055,6.892641641172089,0.04813263541899282,-4479.8
2022-10-21 22:00:00,0.9785896119170907,6.981934677156389,0.04700861296504222,-4453.2
2022-10-21 23:00:00,1.0509003455755241,7.064759027791802,0.052726858563211465,-4313.5
2022-10-22 00:00:00,1.3172615601135722,6.928537818164665,0.06669851539501703,-4558.7
2022-10-22 01:00:00,1.2911913996776736,7.007600613951853,0.06534837844984942,-4465.8
2022-10-22 02:00:00,1.3791063120014009,7.071573364211532,0.06838072306694265,-4362.5
2022-10-22 03:00:00,1.44548927646456,7.1276936993473985,0.06862933157577888,-4427.9
2022-10-22 04:00:00,1.4275244338737485,7.1731917424865985,0.06536575838422909,-4402.4
2022-10-22 05:00:00,1.2915900286846993,7.203405521083095,0.07027699821846412,-4465.9
2022-10-22 06:00:00,1.4437633672614654,7.22983877815125,0.07194788309990408,-4011.1
2022-10-22 07:00:00,1.4112306373288561,7.239214973779806,0.06924925169795237,-3990.3
2022-10-22 08:00:00,1.5735978993661464,7.220373836723949,0.06504391926037645,-3958.8
2022-10-22 09:00:00,1.5122435527317082,7.1631723908466425,0.06020547027635459,-3963.1
2022-10-22 10:00:00,1.4714236132280547,7.023758954738443,0.065965969450553,-3862.8
2022-10-22 11:00:00,1.5414988622319052,6.887552571664617,0.0786581540778748,-3731.3
2022-10-22 12:00:00,1.6523421339081956,6.8658910748834385,0.05893844142792837,-3783.8
2022-10-22 13:00:00,1.593692002663003,6.898714534329988,0.048959250454693404,-3773.3
2022-10-22 14:00:00,1.579477497244807,7.00033446027523,0.05287594642614302,-3791.8
2022-10-22 15:00:00,1.535188506256194,7.207118856207756,0.057528163091075335,-3932.0
2022-10-22 16:00:00,1.1266912638534041,7.449498005382849,0.06792244763818722,-4041.6
2022-10-22 17:00:00,1.0061971268649224,7.611347717403621,0.07052906687891003,-4090.3
2022-10-22 18:00:00,0.42258678730233834,7.693481640835175,0.06857269860610238,-4503.8
2022-10-22 19:00:00,0.3882685704813835,7.739359202689098,0.06252926781455859,-4643.4
2022-10-22 20:00:00,0.4664775797652858,7.763446388727362,0.06712899060693722,-4840.4
2022-10-22 21:00:00,0.4945467330360551,7.7706452341291765,0.06671536114161647,-4846.3
2022-10-22 22:00:00,0.551978003486532,7.774015077250727,0.06616108502002671,-4872.2
2022-10-22 23:00:00,0.38882103852378735,7.765569081097317,0.06729889335185035,-4712.2
2022-10-23 00:00:00,0.5073034122006184,7.749753406274437,0.07347097249754508,-4271.0
2022-10-23 01:00:00,0.47007024744015924,7.728855823852543,0.0632966973518041,-4076.5
2022-10-23 02:00:00,0.47727056453679406,7.719129840906732,0.05951933839582413,-3996.4
2022-10-23 03:00:00,0.38447773971843313,7.7057128238944275,0.06630398280486105,-3942.4
2022-10-23 04:00:00,0.4065526532546473,7.6708948313621175,0.07268130537421857,-3942.7
2022-10-23 05:00:00,0.5101703458654772,7.628031126930335,0.06940966065506693,-3971.2
2022-10-23 06:00:00,0.24828258441229822,7.590852123688581,0.06828666240920356,-4111.1
2022-10-23 07:00:00,0.21283710708244108,7.568379267836522,0.07935652007685334,-4273.0
2022-10-23 08:00:00,0.38510879529706576,7.524021415206125,0.08121560836356778,-4308.7
2022-10-23 09:00:00,0.5064079215789046,7.4377951216719325,0.07357721953317942,-4346.6
2022-10-23 10:00:00,0.5947501364339227,7.293017679772782,0.08515827324550784,-4441.8
2022-10-23 11:00:00,0.5785369100985629,7.122866658599083,0.0972680917537243,-4399.5
2022-10-23 12:00:00,0.8287742192235679,6.992096427415888,0.09299551587258925,-4404.8
2022-10-23 13:00:00,0.8337450742981809,6.899723107284872,0.07457792600918012,-4324.8
2022-10-23 14:00:00,0.8056392490208162,6.833031732786201,0.0720962816092996,-4183.7
2022-10-23 15:00:00,0.7340989707478376,6.806829360392176,0.07954340605661692,-4266.3
2022-10-23 16:00:00,0.598710383602342,6.883462586413092,0.07925979116411241,-4364.3
2022-10-23 17:00:00,0.4571879854548322,7.02197642307216,0.07507163106759229,-4289.6
2022-10-23 18:00:00,0.37751570806122325,7.0967213784947605,0.07723239010040928,-4217.0
2022-10-23 19:00:00,0.3839607903178197,7.080026499922591,0.06965021678041161,-4140.2
2022-10-23 20:00:00,0.4574233126144258,6.974478911025045,0.07712547383271406,-4071.3
2022-10-23 21:00:00,0.5479288759748848,6.82001636467413,0.08031171333994891,-3986.3
2022-10-23 22:00:00,0.7156221757741812,6.625392368007956,0.0868493414044913,-3901.2
2022-10-23 23:00:00,0.8557526274579481,6.3835066348840055,0.09080371539116339,-3706.2
2022-10-24 00:00:00,0.7687760963295363,5.940171252720432,0.08955446485967222,-3409.7
2022-10-24 01:00:00,0.763175975352171,5.680172609017068,0.08134353760142954,-3365.2
2022-10-24 02:00:00,0.5518819090631588,5.480638923341991,0.08042913130059759,-3259.2
2022-10-24 03:00:00,0.1579483843757563,5.37989735354046,0.07695210446288403,-2871.9
2022-10-24 04:00:00,0.4468044282643331,5.402677381872279,0.07481925681350354,-3290.9
2022-10-24 05:00:00,0.5394109470983017,5.541263545158426,0.07561659745874749,-3684.0
2022-10-24 06:00:00,0.5774107188075019,5.720311776607412,0.06358114900651568,-4262.4
2022-10-24 07:00:00,0.669877055056114,5.929589143389895,0.060031382851627235,-4408.0
2022-10-24 08:00:00,0.8632154677324024,6.1092475827643655,0.05852810193397495,-4604.2
2022-10-24 09:00:00,0.5648560220035312,6.251903883165888,0.05828499945818333,-4656.9
2022-10-24 10:00:00,0.6348333648042601,6.302618975744905,0.05774585249639763,-4580.7
2022-10-24 11:00:00,0.4768296476447693,6.318968113746434,0.05250445845342888,-4479.4
2022-10-24 12:00:00,0.4184421788673305,6.361302477572996,0.04774105228080572,-4545.1
2022-10-24 13:00:00,0.47134505306295615,6.437751649736401,0.0675734827509018,-4410.4
2022-10-24 14:00:00,0.5181732984751468,6.559615237493242,0.060511209572760905,-4519.2
2022-10-24 15:00:00,0.603866348951513,6.733401891837359,0.05071509894682169,-4670.4
2022-10-24 16:00:00,0.6645921793627982,6.911747300251674,0.05023444596674853,-4723.4
2022-10-24 17:00:00,0.7499497534696573,7.05444965813294,0.05224341833502688,-4792.1
2022-10-24 18:00:00,0.6889872599285081,7.165493475060845,0.05215086895431309,-4909.2
2022-10-24 19:00:00,0.5357326633079245,7.251344983372214,0.045182346877466806,-4979.1
2022-10-24 20:00:00,0.5407998591057526,7.307202314764738,0.051214122554713803,-4906.5
2022-10-24 21:00:00,0.4552628040075031,7.342131730584722,0.056365313349341584,-4670.7
2022-10-24 22:00:00,0.1003523950487768,7.370860166536716,0.05103623277588021,-4252.1
2022-10-24 23:00:00,0.10633397038899917,7.4067107301776405,0.04841501566826345,-4123.2
2022-10-25 00:00:00,0.2557199015096834,7.486613313139955,0.03621843494775767,-3732.6
2022-10-25 01:00:00,0.2802109249145355,7.508238774678663,0.037015231041868546,-3753.6
2022-10-25 02:00:00,0.29702432245238874,7.546446273746024,0.02843280909335988,-3838.3
2022-10-25 03:00:00,0.26352866692773214,7.5822291942764615,0.02555080530918019,-3881.4
2022-10-25 04:00:00,0.17880432967108817,7.5953872788539725,0.024832266645366197,-3957.3
2022-10-25 05:00:00,0.08509627782689222,7.598399329323964,0.020582592288475254,-4140.5
2022-10-25 06:00:00,-0.019012754535449705,7.58629630715272,0.020547959316036923,-4881.8
2022-10-25 07:00:00,0.09889605226290232,7.5569505720129,0.025714777128205135,-5073.5
2022-10-25 08:00:00,-0.11089093150312568,7.488293515159428,0.025088265011504518,-5211.7
2022-10-25 09:00:00,-0.044337953878252456,7.422971251049421,0.026548812808523614,-5164.9
2022-10-25 10:00:00,0.02681645155114687,7.325148957955575,0.028208574378682627,-5075.1
2022-10-25 11:00:00,0.05684780367754971,7.200424892944957,0.035113609185974504,-4909.9
2022-10-25 12:00:00,0.19818084694071292,7.055312843339752,0.014135265132838803,-4823.2
2022-10-25 13:00:00,0.3080268694900177,6.915723448631314,0.04131474514092215,-4776.0
2022-10-25 14:00:00,0.3817928909470787,6.806829360392176,0.028224170935407855,-4799.6
2022-10-25 15:00:00,0.5556374130829811,6.740519359606223,0.02801982251981272,-4784.2
2022-10-25 16:00:00,0.4699389433641725,6.698268054115413,0.02811364756455781,-4659.3
2022-10-25 17:00:00,0.6549995445413197,6.6240652277998935,0.026375235551030052,-4590.0
2022-10-25 18:00:00,0.682078554477874,6.519147287940395,0.021660551003559902,-4450.6
2022-10-25 19:00:00,0.7261442187867422,6.415096959171596,0.014717140168769127,-4421.3
2022-10-25 20:00:00,0.6571080988998457,6.284134161070802,0.022267053009174198,-4345.0
2022-10-25 21:00:00,0.5835971032406286,6.124683390894205,0.015151048647121357,-4201.1
2022-10-25 22:00:00,0.6668357703583947,5.976350909297934,0.012780304086757788,-3859.2
2022-10-25 23:00:00,0.8469703704600953,5.860786223465865,0.01428092775410228,-3621.5
2022-10-26 00:00:00,1.025492443900891,5.953243334287785,0.03545760953541155,-3337.2
2022-10-26 01:00:00,1.02109605390239,5.981414211254481,0.036253219775538525,-3309.8
2022-10-26 02:00:00,1.0826760965273472,6.0112671744041615,0.02972939284713494,-3349.6
2022-10-26 03:00:00,1.09277935798226,6.0330862217988015,0.02746060164840447,-3432.3
2022-10-26 04:00:00,1.0406999230958256,6.07993319509559,0.026934094549846854,-3564.6
2022-10-26 05:00:00,0.9406628176681506,6.182084906716632,0.024331613586309864,-4040.1
2022-10-26 06:00:00,1.134883706326658,6.297109319933935,0.027756402374408573,-4381.9
2022-10-26 07:00:00,1.1660045983239327,6.421622267806518,0.03496734937703394,-4520.7
2022-10-26 08:00:00,1.0966603256067184,6.4967749901858625,0.03631340054931531,-4570.5
2022-10-26 09:00:00,0.9657500931195546,6.5722825426940075,0.03819951952638245,-4624.8
2022-10-26 10:00:00,0.8782040636031745,6.616065185132817,0.039528565677246164,-4647.8
2022-10-26 11:00:00,0.7542411877105097,6.597145701886651,0.025428707360276803,-4779.6
2022-10-26 12:00:00,0.8235486596054313,6.54534966033442,0.006899798735867435,-4839.6
2022-10-26 13:00:00,0.963984594793085,6.516193076042964,0.03649072275987031,-4871.6
2022-10-26 14:00:00,0.7726442894207759,6.561030665896573,0.021435820418949092,-4877.4
2022-10-26 15:00:00,0.7732996990556247,6.703188113240863,0.021935446108726886,-4990.4
2022-10-26 16:00:00,0.6340605379163007,6.889591308354466,0.031604075490963446,-5013.0
2022-10-26 17:00:00,0.5337800686856653,7.016609683894219,0.038262086185058664,-5014.1
2022-10-26 18:00:00,0.6318257252742816,7.045776576879511,0.03624114774685072,-5006.5
2022-10-26 19:00:00,0.6772247017749349,7.052721049232323,0.03412909753103577,-4974.9
2022-10-26 20:00:00,0.8218331680382329,6.985641817639208,0.03694926115894415,-4986.6
2022-10-26 21:00:00,0.8741483960323064,6.918695219020472,0.03480970888136348,-4987.1
2022-10-26 22:00:00,0.9411976758457437,6.871091294610546,0.030538895315435077,-4851.5
2022-10-26 23:00:00,0.8599564918354536,6.853299093186078,0.03601291073988655,-4438.4
2022-10-27 00:00:00,1.1015993906005694,6.668228248417403,0.0390207874069306,-3829.0
2022-10-27 01:00:00,1.01379900324166,6.860663671448287,0.03938980540202763,-3747.4
2022-10-27 02:00:00,0.8303956654527469,7.075808863978387,0.037157770463108086,-3797.1
2022-10-27 03:00:00,0.6247709077876409,7.293697720601438,0.0361263541091823,-3746.4
2022-10-27 04:00:00,0.5269206925057621,7.475339236566737,0.03240544872067108,-3806.7
2022-10-27 05:00:00,0.48964310817290135,7.566311014772463,0.028215293377291673,-4221.1
2022-10-27 06:00:00,0.47547706055321903,7.590852123688581,0.028540650786439414,-5016.1
2022-10-27 07:00:00,0.7151155205769477,7.590852123688581,0.0314010551405044,-5462.8
2022-10-27 08:00:00,0.5750742427075615,7.5688956634069955,0.028633053063401803,-5520.5
2022-10-27 09:00:00,0.5499829183940452,7.519149957669823,0.025550865537153022,-5516.5
2022-10-27 10:00:00,0.3435419092406269,7.444248649496705,0.027296883776097403,-5478.3
2022-10-27 11:00:00,0.47668163303355104,7.3343293503005365,0.03912874457278548,-5345.6
2022-10-27 12:00:00,0.42215976067106453,7.2399325913204695,0.01929087013428088,-5255.6
2022-10-27 13:00:00,0.4160727494540746,7.15305163493748,0.029081360087401364,-5298.7
2022-10-27 14:00:00,0.4718963421684368,7.1180162044653335,0.02399178092752141,-5328.4
2022-10-27 15:00:00,0.5486826363891781,7.182352111885263,0.020733722247175734,-5338.0
2022-10-27 16:00:00,0.5053298974611469,7.288927694521257,0.03149431802138558,-5424.4
2022-10-27 17:00:00,0.6506084725113537,7.344719054149673,0.031234242245683497,-5517.6
2022-10-27 18:00:00,0.6715529329882299,7.347943823148687,0.03344144134045557,-5507.6
2022-10-27 19:00:00,0.8146179538452039,7.3277805384216315,0.03462505478971423,-5514.3
2022-10-27 20:00:00,0.6919952507617904,7.337587743538596,0.034559683346385484,-5290.7
2022-10-27 21:00:00,0.6427088852877914,7.374001859350161,0.029389861632655112,-5000.5
2022-10-27 22:00:00,0.44698796676326413,7.4342573821331355,0.021767060324361154,-4637.1
2022-10-27 23:00:00,0.3008642481647321,7.519692404116539,0.022081950262681005,-4188.2
2022-10-28 00:00:00,0.34810822214199355,7.68662133494462,-0.01512152905500308,-3597.7
2022-10-28 01:00:00,0.3223349411463219,7.718240951959316,-0.020816794431606667,-3567.4
2022-10-28 02:00:00,0.3236301156266368,7.7266536648476425,-0.011979422026963782,-3534.9
2022-10-28 03:00:00,0.21400364532561023,7.751045117971802,-0.015627394073803202,-3420.8
2022-10-28 04:00:00,0.04210697702548982,7.77485576666552,-0.019995352887176132,-3472.6
2022-10-28 05:00:00,0.010476007611994298,7.818430272070656,-0.008387141106891427,-3751.4
2022-10-28 06:00:00,-0.14855208590971491,7.848933726364071,0.0010004385952937511,-4287.0
2022-10-28 07:00:00,-0.13843833324227584,7.873978379604501,0.0026244631482095215,-4929.6
2022-10-28 08:00:00,-0.22763922103576295,7.892452043520352,0.0018616103836128772,-5058.8
2022-10-28 09:00:00,-0.23446443346298684,7.880048200971577,0.005935772389412897,-4979.5
2022-10-28 10:00:00,-0.17241735501904198,7.8351837552667485,0.004357558331131273,-4965.8
2022-10-28 11:00:00,-0.21616453971063354,7.771488760117616,-0.005021257234006704,-4869.5
2022-10-28 12:00:00,-0.03694320948965446,7.7025561132685825,-0.0056342303029151,-4855.4
2022-10-28 13:00:00,-0.008450884790626834,7.630946580890459,0.0007916485931094286,-4906.0
2022-10-28 14:00:00,0.05596902790482838,7.558516743045645,-0.0010691834606273432,-4828.3
2022-10-28 15:00:00,0.07214593630713084,7.521859252201629,-0.0008818706050410796,-4780.4
2022-10-28 16:00:00,0.07436334636412667,7.52131798019924,0.008150793377977195,-4846.6
2022-10-28 17:00:00,0.04023288604197006,7.53689712956617,0.006927163273752868,-4649.6
2022-10-28 18:00:00,0.0474103919485831,7.5352967024440884,0.002491116809830274,-4711.3
2022-10-28 19:00:00,0.11677905410520895,7.536363938404511,0.001473907042811362,-4729.2
2022-10-28 20:00:00,0.2315640856821939,7.5443321080536885,-0.01141505394006792,-4711.6
2022-10-28 21:00:00,0.29625834964253484,7.536363938404511,-0.012563458362594204,-4682.0
2022-10-28 22:00:00,0.44158092153611284,7.5480289699350145,-0.017451387501921545,-4440.2
2022-10-28 23:00:00,0.4696093917204194,7.56734567601324,-0.011610029344519823,-3748.8
2022-10-29 00:00:00,0.5356232972145385,7.6093665379542115,-0.0012857389081757375,-3905.0
2022-10-29 01:00:00,0.3218458623655147,7.734121303328305,-0.008855273749872161,-3544.2
2022-10-29 02:00:00,0.27019912660642875,7.847762537473608,-0.011036398098859479,-3375.7
2022-10-29 03:00:00,0.19011273126430428,7.941651252930556,-0.014670194651213997,-3383.5
2022-10-29 04:00:00,0.0648317734280397,8.008032846969307,-0.02761715679136767,-3361.3
2022-10-29 05:00:00,-0.11083371436507461,8.070906088787819,-0.022315788609360787,-3377.7
2022-10-29 06:00:00,-0.3854859791366665,8.143807976771484,-0.017251199859618538,-3278.2
2022-10-29 07:00:00,-0.511553145646074,8.212568398234145,-0.016798888742646234,-3478.6
2022-10-29 08:00:00,-0.6647635835305623,8.263074835802596,-0.01691523208135237,-3741.2
2022-10-29 09:00:00,-0.6070957689848515,8.314832179284556,-0.010522216968543496,-4042.2
2022-10-29 10:00:00,-0.7730651995032525,8.353025845202325,0.007415490157604232,-4270.8
2022-10-29 11:00:00,-0.6979619790925002,8.37539918579835,0.023039489496107457,-4332.4
2022-10-29 12:00:00,-0.8934368251540419,8.395929103923198,0.0084676532936232,-4217.2
2022-10-29 13:00:00,-1.273266241824595,8.421122722665503,0.002300069532965132,-4267.3
2022-10-29 14:00:00,-1.302088240103124,8.431417414394833,0.009599962944321305,-4289.6
2022-10-29 15:00:00,-1.2732670970384368,8.429017500512511,0.01714262744150119,-4240.9
2022-10-29 16:00:00,-0.7004447433377958,8.41847721847708,0.026982743742244963,-4394.0
2022-10-29 17:00:00,-0.4940456993403899,8.40178233990491,0.02934350209469727,-4512.2
2022-10-29 18:00:00,-0.4903119548875283,8.38206051742474,0.02305984943248518,-4720.7
2022-10-29 19:00:00,-0.5086250015100364,8.361240889642351,0.015588221701365867,-4690.1
2022-10-29 20:00:00,-0.46663912394284646,8.336630087637147,0.019101247585030734,-4589.2
2022-10-29 21:00:00,-0.3899256262507169,8.302265794873367,0.016555593214605757,-4522.8
2022-10-29 22:00:00,-0.27798464489912567,8.253488028345904,0.021546292261075628,-4357.4
2022-10-29 23:00:00,-0.17732940216756932,8.20166019080868,0.029724028488833376,-4122.7
2022-10-30 00:00:00,-0.42479848873930637,8.176391596633795,0.011555649416565394,-3669.3
2022-10-30 01:00:00,-0.3591207810403918,8.129764445794171,0.006511459617988713,-3534.5
2022-10-30 02:00:00,-0.1193983282782014,8.092239406724211,0.008900580290172933,-3361.0
2022-10-30 02:00:00,-0.1193983282782014,8.092239406724211,0.008900580290172933,-3361.0
2022-10-30 02:00:00,-0.1193983282782014,8.092239406724211,0.008900580290172933,-3361.0
2022-10-30 02:00:00,-0.1193983282782014,8.092239406724211,0.008900580290172933,-3361.0
2022-10-30 02:00:00,-0.07430301725813804,8.07215530818825,0.010248289389041432,-3373.7
2022-10-30 02:00:00,-0.07430301725813804,8.07215530818825,0.010248289389041432,-3373.7
2022-10-30 02:00:00,-0.07430301725813804,8.07215530818825,0.010248289389041432,-3373.7
2022-10-30 02:00:00,-0.07430301725813804,8.07215530818825,0.010248289389041432,-3373.7
2022-10-30 03:00:00,-0.12234636462174198,8.046549357283078,0.01917484246331025,-3499.2
2022-10-30 04:00:00,-0.04743613001404334,8.008698182988528,0.033816310394263915,-3522.5
2022-10-30 05:00:00,-0.015073132308145887,7.947325027016463,0.03617976615615959,-3622.5
2022-10-30 06:00:00,-0.025865294984132703,7.860570785538664,0.04785883971910554,-3844.2
2022-10-30 07:00:00,0.004966209662322196,7.749753406274437,0.05278490846965056,-4127.3
2022-10-30 08:00:00,0.08830719465168979,7.59488438721652,0.06354730423025412,-4107.5
2022-10-30 09:00:00,0.05830566956426919,7.405495663199472,0.06259762353614384,-4381.0
2022-10-30 10:00:00,0.10390297959881822,7.142827401161621,0.07025828412276613,-4419.4
2022-10-30 11:00:00,0.050074985554560136,6.836259277277067,0.09100918085219156,-4365.3
2022-10-30 12:00:00,0.37369447231528197,6.584791392385716,0.09528384639060139,-4296.3
2022-10-30 13:00:00,0.37918185433921314,6.444131256700441,0.09011780707139394,-4340.4
2022-10-30 14:00:00,0.406287491717944,6.432940092739179,0.11104736819374317,-4407.6
2022-10-30 15:00:00,0.3564908171426393,6.511745329644728,0.12723827986463387,-4443.6
2022-10-30 16:00:00,0.3086526451052931,6.569481420414296,0.14769478258080682,-4486.8
2022-10-30 17:00:00,0.3156478132195031,6.621405651764134,0.12862773553655416,-4516.6
2022-10-30 18:00:00,0.2718073949644393,6.633318433280377,0.09981145380132794,-4575.4
2022-10-30 19:00:00,0.29023216492814674,6.617402977974478,0.07921458299478079,-4638.0
2022-10-30 20:00:00,0.4129940817851847,6.628041376179533,0.0744132400029951,-4703.7
2022-10-30 21:00:00,0.47164169359549346,6.690842277418564,0.0763978140188124,-4730.5
2022-10-30 22:00:00,0.6477135356057508,6.748759547491679,0.0671727806601572,-4809.4
2022-10-30 23:00:00,1.3867885199495436,6.84587987526405,0.058368439638010194,-4826.1
2022-10-31 00:00:00,0.8749863281560577,6.831953565565855,0.049871638869672275,-4797.2
2022-10-31 01:00:00,0.8368734355634317,6.976348070447749,0.04552443979647691,-4758.9
2022-10-31 02:00:00,0.7206978327584994,7.1731917424865985,0.045116508901396735,-4779.6
2022-10-31 03:00:00,0.6039262746832823,7.368339686311381,0.05306661947352698,-4646.7
2022-10-31 04:00:00,0.49279233929981636,7.463936604468925,0.05749209064099947,-4689.0
2022-10-31 05:00:00,0.27933780369511174,7.502186486602924,0.06442354982020948,-4719.1
2022-10-31 06:00:00,0.05112086934392934,7.540090320145325,0.0722345291261437,-4616.1
2022-10-31 07:00:00,-0.1276888509663534,7.557994958530806,0.08496271740115535,-4598.2
2022-10-31 08:00:00,-0.22188039969944295,7.541683099882111,0.09524331450157675,-4619.3
2022-10-31 09:00:00,-0.25447661515762965,7.504942068396171,0.0945427474808076,-4643.2
2022-10-31 10:00:00,-0.2720483824764899,7.395107546562485,0.08891057129855096,-4691.9
2022-10-31 11:00:00,-0.17071159412637815,7.236339342754344,0.07660201003248979,-4740.2
2022-10-31 12:00:00,-0.04925608868228126,7.081708586105575,0.06481779325756065,-4810.0
2022-10-31 13:00:00,0.12711861331505947,7.00033446027523,0.0961840167921677,-4813.2
2022-10-31 14:00:00,0.19770772709108542,7.04141166379481,0.09224339083761635,-4798.9
2022-10-31 15:00:00,0.04370728247661004,7.180069874302796,0.1017966186618322,-4862.5
2022-10-31 16:00:00,0.09002896410559202,7.30854279753919,0.12629745295627348,-4820.6
2022-10-31 17:00:00,0.02557260812065376,7.382124365737512,0.11762617759787819,-4796.8
2022-10-31 18:00:00,0.039743202972268854,7.405495663199472,0.08579318537254821,-4739.8
2022-10-31 19:00:00,0.15431145611970942,7.397561535524052,0.07429043103553745,-4853.0
2022-10-31 20:00:00,0.19955976239103457,7.351158226430694,0.0645440986585708,-4743.8
2022-10-31 21:00:00,0.43451277998374405,7.277938572945661,0.06021464447029423,-4646.0
2022-10-31 22:00:00,0.6171275613619978,7.199678345691172,0.05447266227446157,-4515.7
2022-10-31 23:00:00,0.690587062709807,7.134890851565884,0.056793281314260646,-4368.1
2022-11-01 00:00:00,-0.25611226681276333,7.432483807917119,-0.03241265746558675,-4859.9
2022-11-01 01:00:00,-0.11340154536358815,7.349873704738337,-0.024752249650342506,-4709.8
2022-11-01 02:00:00,-0.03276540702970898,7.234177179749849,-0.03157287108736018,-4645.4
2022-11-01 03:00:00,0.060560124987529385,7.091742115095153,-0.032061678029265295,-4456.7
2022-11-01 04:00:00,0.0497963052030288,6.889591308354466,-0.02965854006939228,-4333.5
2022-11-01 05:00:00,0.08534806420330687,6.672032945461067,-0.024550762237521617,-4516.0
2022-11-01 06:00:00,-0.22177344079423822,6.473890696352274,-0.023838995503254523,-4478.3
2022-11-01 07:00:00,-0.3703891712718672,6.285998094508865,-0.028341303298542897,-4553.2
2022-11-01 08:00:00,-0.21412357394915738,6.056784013228625,-0.03409117573587128,-4430.8
2022-11-01 09:00:00,-0.4160936497925336,5.857933154483459,-0.03918447142921622,-4302.2
2022-11-01 10:00:00,-0.5577893023252534,5.733341276897746,-0.044410465629707296,-4241.8
2022-11-01 11:00:00,-0.7151470235256743,5.655991810819852,-0.05135240223950088,-4161.4
2022-11-01 12:00:00,-0.9165546782456881,5.762051382780177,-0.0731524524760685,-3962.4
2022-11-01 13:00:00,-0.8190453892481822,6.003887067106539,-0.04379375139200903,-4088.1
2022-11-01 14:00:00,-0.38422355688321197,6.369900982828227,-0.050365312306828613,-4454.1
2022-11-01 15:00:00,-0.23158809051482532,6.733401891837359,-0.04734343403665253,-4712.5
2022-11-01 16:00:00,-0.45549044992990684,7.024649030453636,-0.04427026442799242,-4960.8
2022-11-01 17:00:00,-0.7274176278541193,7.233455418621439,-0.032890447805557166,-5042.4
2022-11-01 18:00:00,-0.6731596960949005,7.369600720526409,-0.03096255703924733,-5225.7
2022-11-01 19:00:00,-0.716590850877151,7.483806687665835,-0.02801828469217771,-5226.2
2022-11-01 20:00:00,-0.654183346661326,7.579678823090456,-0.02053515571713671,-5373.1
2022-11-01 21:00:00,-0.6378122764672507,7.658227526161352,-0.02682691496556533,-5148.9
2022-11-01 22:00:00,-0.6768812755042024,7.709756864454165,-0.030166072235974006,-4593.1
2022-11-01 23:00:00,-0.7104979134516989,7.7437032581737535,-0.031051537181442157,-4156.4
2022-11-02 00:00:00,-0.5391980993215126,7.788211557847076,-0.03608662816278496,-3884.3
2022-11-02 01:00:00,-0.47806659631118675,7.759187438507795,-0.03099103617062582,-3662.0
2022-11-02 02:00:00,-0.6805401967902083,7.731492029245684,-0.04083625770641053,-2971.3
2022-11-02 03:00:00,-0.7157165348598253,7.7226775164680035,-0.04385749794078553,-2780.6
2022-11-02 04:00:00,-0.5401222590963632,7.698029170272805,-0.04426881986433795,-3130.8
2022-11-02 05:00:00,-0.4230385422458949,7.650644551436897,-0.041043272174862366,-3950.7
2022-11-02 06:00:00,-0.6786132584134501,7.585281078639126,-0.0405869200834994,-4580.5
2022-11-02 07:00:00,-0.7700862392100154,7.537430036586509,-0.04518214389280484,-5023.3
2022-11-02 08:00:00,-0.7942396813308812,7.471363088187097,-0.0508121120146221,-5060.1
2022-11-02 09:00:00,-0.7244050245650899,7.3914152346753585,-0.05250610728843519,-5036.1
2022-11-02 10:00:00,-0.717443541850717,7.307872780763706,-0.054103715627141113,-4956.8
2022-11-02 11:00:00,-0.8308248177609725,7.20934025660291,-0.07376436135891051,-4712.4
2022-11-02 12:00:00,-0.8531690853579748,7.121252453244542,-0.08783062455438362,-4446.4
2022-11-02 13:00:00,-0.53197225943731,7.071573364211532,-0.05546125594542506,-4757.7
2022-11-02 14:00:00,-0.49561786889337966,7.060476365999801,-0.06440530908007602,-4808.5
2022-11-02 15:00:00,-0.5744141271726266,7.069874128458572,-0.0642947308679025,-4895.0
2022-11-02 16:00:00,-0.5614284972356911,7.126087273299125,-0.06102910043716214,-4935.0
2022-11-02 17:00:00,-0.633187775242483,7.158513997329321,-0.047310708139538526,-4875.1
2022-11-02 18:00:00,-0.5151981566979771,7.1592919047975645,-0.0480824978158374,-4909.1
2022-11-02 19:00:00,-0.3846584904582726,7.134890851565884,-0.0454320339476979,-4963.7
2022-11-02 20:00:00,-0.320653017595538,7.083387847625295,-0.0478239703130976,-4958.8
2022-11-02 21:00:00,-0.33758150137711285,7.0317412587631285,-0.05334156531276779,-4897.3
2022-11-02 22:00:00,-0.3492951277544458,6.96979066990159,-0.05930229577970625,-4561.6
2022-11-02 23:00:00,-0.2576970232314424,6.914730892718563,-0.06074231396296259,-4386.7
2022-11-03 00:00:00,-0.3371689170360943,7.186901020411631,-0.07663388781853175,-4011.4
2022-11-03 01:00:00,-0.24947033209043568,7.187657164114956,-0.07537273041893311,-3796.9
2022-11-03 02:00:00,-0.2148868238078725,7.1891677384203225,-0.0794843578945228,-3654.9
2022-11-03 03:00:00,-0.10533217822262175,7.168579897264035,-0.07866253271494017,-3425.6
2022-11-03 04:00:00,-0.10719514971232247,7.172424577124845,-0.07443356864822004,-3482.6
2022-11-03 05:00:00,-0.17871686254438846,7.215239978730097,-0.06425061444082303,-3790.3
2022-11-03 06:00:00,-0.5052312092172659,7.266827347520591,-0.0557538477806494,-4739.0
2022-11-03 07:00:00,-0.7303206496213384,7.340186835320115,-0.054465241410731835,-4896.1
2022-11-03 08:00:00,-0.8813660816537894,7.424761761823209,-0.058031790813672934,-4972.7
2022-11-03 09:00:00,-0.8677438829052413,7.4977617006225685,-0.06111139772176699,-4988.0
2022-11-03 10:00:00,-0.8915532364567018,7.527255919373784,-0.061730607947010796,-4972.1
2022-11-03 11:00:00,-0.7954207635177863,7.5411524551363085,-0.06010185774418897,-4923.3
2022-11-03 12:00:00,-0.8444844804609177,7.581209826196346,-0.07704674187349081,-4783.6
2022-11-03 13:00:00,-0.800761244152401,7.627057417018934,-0.06818604704217535,-4920.5
2022-11-03 14:00:00,-0.8612447275169077,7.652545692693921,-0.0648260307683195,-4935.2
2022-11-03 15:00:00,-0.851232023356788,7.68662133494462,-0.06344758760181435,-4931.6
2022-11-03 16:00:00,-0.8386957205345142,7.72356247227797,-0.056950402121348276,-4916.6
2022-11-03 17:00:00,-0.8461794797198832,7.746732907753622,-0.048985314230723276,-4984.1
2022-11-03 18:00:00,-0.7074188915067317,7.744569809354496,-0.04534233344545591,-5010.6
2022-11-03 19:00:00,-0.6089095806795792,7.724446645633537,-0.04047679615116273,-4933.5
2022-11-03 20:00:00,-0.5468501644407802,7.700747794511798,-0.043588733890598697,-4641.2
2022-11-03 21:00:00,-0.48729037700715905,7.675546002537848,-0.050216894325997075,-4323.6
2022-11-03 22:00:00,-0.4786324315424837,7.645397699428633,-0.057405091188837076,-3981.3
2022-11-03 23:00:00,-0.5255051574368492,7.619233416226805,-0.05930231043334011,-3632.1
2022-11-04 00:00:00,-0.7743590184399434,7.629975707027789,-0.07941892415056007,-2620.1
2022-11-04 01:00:00,-0.6539929763705552,7.642044402873258,-0.08401259825827889,-2633.8
2022-11-04 02:00:00,-0.579678359582473,7.673223121121708,-0.08937129537070643,-2652.5
2022-11-04 03:00:00,-0.5041677797623008,7.704811922932594,-0.09305964900461294,-2708.4
2022-11-04 04:00:00,-0.56683744064678,7.730174795246222,-0.08847852487377406,-2809.9
2022-11-04 05:00:00,-0.5846728434190105,7.746732907753622,-0.06862772136232564,-3195.4
2022-11-04 06:00:00,-0.7537160471388518,7.749753406274437,-0.05776911032090393,-4034.7
2022-11-04 07:00:00,-0.8393028132585334,7.7279755421055585,-0.05012632425846597,-4524.6
2022-11-04 08:00:00,-0.8632386694676177,7.682943169878292,-0.048023392306687285,-4661.8
2022-11-04 09:00:00,-0.7755446026722983,7.6236419465115715,-0.05031492838360041,-4888.7
2022-11-04 10:00:00,-0.7224784493134315,7.543802867501509,-0.04069114958658204,-4878.0
2022-11-04 11:00:00,-0.8127487253160011,7.476472381163905,-0.06387596643059812,-4859.9
2022-11-04 12:00:00,-0.8075751665507624,7.453561871643373,-0.06614239566567726,-4830.4
2022-11-04 13:00:00,-0.8566472095542514,7.480992162869525,-0.06638279772321365,-4815.4
2022-11-04 14:00:00,-0.8911490745955626,7.562161631225652,-0.07468078383884613,-4800.8
2022-11-04 15:00:00,-0.9936283769837262,7.67368812926773,-0.07850416612792976,-4767.6
2022-11-04 16:00:00,-0.9439755305682969,7.774435510302958,-0.05024543281438909,-5003.4
2022-11-04 17:00:00,-0.988037073317142,7.851271997109883,-0.04324984229656703,-5070.2
2022-11-04 18:00:00,-0.977269616768158,7.9017475185201445,-0.04812400764281577,-4950.8
2022-11-04 19:00:00,-0.8242483575917428,7.92443418488756,-0.05856791798437122,-4838.4
2022-11-04 20:00:00,-0.6646925731860294,7.930206206684683,-0.06428066427891288,-4647.1
2022-11-04 21:00:00,-0.586909971544082,7.9355873855892,-0.06665687458263658,-4466.5
2022-11-04 22:00:00,-0.5437852141745343,7.950149887652018,-0.06690318499950454,-4326.6
2022-11-04 23:00:00,-0.5091058933341577,7.973844375944687,-0.05984232145125201,-3957.1
2022-11-05 00:00:00,-0.44269208180115927,7.954723334497908,-0.034811339506710226,-4130.2
2022-11-05 01:00:00,-0.34219788319254096,7.968319500012717,-0.03414840315701717,-3888.9
2022-11-05 02:00:00,-0.20711618410459343,7.971776122880628,-0.03112156255965104,-3852.7
2022-11-05 03:00:00,-0.052529523555611135,7.9676267393338165,-0.031195980906489673,-3907.3
2022-11-05 04:00:00,0.005914445647422717,7.976938756959434,-0.036998745470562255,-4127.1
2022-11-05 05:00:00,-0.13612099990942017,7.998671361015776,-0.03836270382055673,-4008.7
2022-11-05 06:00:00,-0.3159860172176008,8.016317898503415,-0.03888548752120613,-4296.4
2022-11-05 07:00:00,-0.47608605792358016,8.038834757787749,-0.046841131683530435,-4587.9
2022-11-05 08:00:00,-0.5626768725248632,8.069029328774958,-0.051786562385538915,-4898.8
2022-11-05 09:00:00,-0.5828447276387299,8.08886878916199,-0.036629533260046365,-5047.0
2022-11-05 10:00:00,-0.6240386543381797,8.09925056179696,-0.031027065915019136,-5164.2
2022-11-05 11:00:00,-0.5495331203613918,8.08487062913819,-0.02112912804767486,-5275.2
2022-11-05 12:00:00,-0.461224450266696,8.051340933292979,-0.036236676081609076,-5264.7
2022-11-05 13:00:00,-0.4712272418947494,8.01565761455734,-0.03879512427420995,-5276.3
2022-11-05 14:00:00,-0.47282105242327654,7.989899374942939,-0.026807656276172764,-5297.5
2022-11-05 15:00:00,-0.5346641350450518,7.958227192322312,-0.02810918762475545,-5325.9
2022-11-05 16:00:00,-0.603455902617505,7.916807490937603,-0.0036753401974705113,-5328.0
2022-11-05 17:00:00,-0.6801787490706115,7.87359778968554,-0.008482903783868068,-5246.8
2022-11-05 18:00:00,-0.5742024691849523,7.835579246669965,-0.02258929733342363,-5235.3
2022-11-05 19:00:00,-0.5296994758562108,7.792761720816526,-0.048990883281167186,-5240.6
2022-11-05 20:00:00,-0.42151466140308536,7.7354333524996886,-0.050827212922429865,-5082.5
2022-11-05 21:00:00,-0.3648155011572727,7.6676260915849905,-0.05426952834698273,-4817.3
2022-11-05 22:00:00,-0.39774486758762917,7.571473648851271,-0.06628592153031221,-4388.6
2022-11-05 23:00:00,-0.3862929659174221,7.452402451223638,-0.07110659657762941,-3799.2
2022-11-06 00:00:00,-0.5273177778762865,7.503289630675082,-0.05237636406047219,-3619.7
2022-11-06 01:00:00,-0.5092919700995258,7.392647520721623,-0.05467159612898698,-3106.5
2022-11-06 02:00:00,-0.42218411576072246,7.315218389752975,-0.05846795658797799,-2927.2
2022-11-06 03:00:00,-0.49047848281036144,7.272398392570047,-0.05565426049522948,-2556.6
2022-11-06 04:00:00,-0.37450798094820703,7.192182058713246,-0.05291556981138257,-2737.7
2022-11-06 05:00:00,-0.3617847239849117,7.091742115095153,-0.05897627108309589,-2824.8
2022-11-06 06:00:00,-0.3617689092645042,7.003065458786462,-0.05333473841564107,-3119.5
2022-11-06 07:00:00,-0.5987789304609574,6.950814768442584,-0.05451445378282305,-3167.9
2022-11-06 08:00:00,-0.630307227528498,6.939253946041508,-0.051489015998820165,-3494.1
2022-11-06 09:00:00,-0.5957025671847993,6.914730892718563,-0.04815222000557284,-3780.8
2022-11-06 10:00:00,-0.549171878697031,6.815639990074331,-0.039495885565592914,-3859.0
2022-11-06 11:00:00,-0.6301922776425659,6.692083742506628,-0.030566812168223656,-3839.1
2022-11-06 12:00:00,-0.3662252249380349,6.606650186198215,-0.02962411303366075,-3849.6
2022-11-06 13:00:00,-0.41109414954135337,6.53813982376767,-0.04475468964650808,-3831.6
2022-11-06 14:00:00,-0.4747423849528194,6.495265555937008,-0.03871802180990791,-3844.1
2022-11-06 15:00:00,-0.5421161884768644,6.490723534502507,-0.038642565580289556,-4117.1
2022-11-06 16:00:00,-0.645574366025905,6.466144724237619,-0.03521870557943796,-4239.6
2022-11-06 17:00:00,-0.5499153837849882,6.421622267806518,-0.03002264410752442,-4434.6
2022-11-06 18:00:00,-0.48980926403393044,6.386879319362645,-0.029157482677713453,-4337.6
2022-11-06 19:00:00,-0.590997288309191,6.352629396319567,-0.039989269769867164,-3962.2
2022-11-06 20:00:00,-0.6613633262208456,6.298949246855942,-0.03970189380191691,-3726.3
2022-11-06 21:00:00,-0.8544321919124331,6.238324625039508,-0.04092371524439553,-2948.4
2022-11-06 22:00:00,-0.7722013340319402,6.156978985585555,-0.045439950156211495,-2611.5
2022-11-06 23:00:00,-0.9706531229234892,6.045005314036012,-0.05123498785378189,-1708.8
2022-11-07 00:00:00,-1.1291188295410612,5.796057750765372,-0.04557027337145225,-648.6
2022-11-07 01:00:00,-1.1623790930435614,5.666426688112432,-0.044192456316209494,-513.4
2022-11-07 02:00:00,-1.3725160747371863,5.54907608489522,-0.04115500361845559,-300.5
2022-11-07 03:00:00,-1.1730960602392941,5.3981627015177525,-0.035912275295139295,-332.6
2022-11-07 04:00:00,-1.0947307209684323,5.153291594497779,-0.03732038375718183,-596.0
2022-11-07 05:00:00,-0.8681279088193605,4.859812404361672,-0.03774894432394138,-1306.0
2022-11-07 06:00:00,-0.6126935737199704,4.553876891600541,-0.03410627142056999,-3093.4
2022-11-07 07:00:00,-0.6150813377249214,4.382026634673881,-0.027344675758525838,-3537.2
2022-11-07 08:00:00,-0.6054135047490203,4.51085950651685,-0.019169325031787032,-3674.9
2022-11-07 09:00:00,-0.5266086252922104,4.68213122712422,-0.01750019670078462,-3664.1
2022-11-07 10:00:00,-0.52623698436126,4.812184355372417,-0.02379340496160509,-3743.2
2022-11-07 11:00:00,-0.5325864476285718,4.890349128221754,-0.04402599323563283,-3722.2
2022-11-07 12:00:00,-0.5553480782935725,4.983606621708336,-0.04911723444913818,-3807.7
2022-11-07 13:00:00,-0.5592801773925573,5.056245805348308,-0.022690112767124404,-3797.9
2022-11-07 14:00:00,-0.523794774017377,5.159055299214529,-0.03344020832352346,-3909.0
2022-11-07 15:00:00,-0.47674839689281967,5.318119993844216,-0.04156182897734784,-3965.6
2022-11-07 16:00:00,-0.43981017554763824,5.480638923341991,-0.035069044109540926,-3961.8
2022-11-07 17:00:00,-0.42849461499465047,5.662960480135946,-0.015952978977781918,-4019.3
2022-11-07 18:00:00,-0.4819927894169891,5.8377304471659395,-0.015260445005179868,-4015.6
2022-11-07 19:00:00,-0.5005181519922255,5.942799375126701,-0.013339897454606842,-3975.1
2022-11-07 20:00:00,-0.5332379539647194,5.998936561946683,-0.014643995203237559,-3865.5
2022-11-07 21:00:00,-0.49764376955359024,6.059123195581797,-0.016763782718723697,-3817.6
2022-11-07 22:00:00,-0.5422274083904477,6.1070228877422545,-0.016975729792653382,-3556.8
2022-11-07 23:00:00,-0.45193234069395816,6.139884552226255,-0.01070320140496328,-3381.9
2022-11-08 00:00:00,-0.36961394005428927,6.309918278226516,0.015615780478282382,-2734.3
2022-11-08 01:00:00,-0.28454259437818186,6.274762021241939,0.027072818214243455,-2604.3
2022-11-08 02:00:00,-0.26026334472500423,6.192362489474872,0.0223948526453972,-2621.1
2022-11-08 03:00:00,-0.2394135859758082,6.093569770045136,0.021741027963710913,-2539.1
2022-11-08 04:00:00,-0.16635770192946886,6.0112671744041615,0.023111495910671742,-2821.9
2022-11-08 05:00:00,-0.2517922407429123,5.926926025970411,0.022234723679532387,-3159.6
2022-11-08 06:00:00,-0.2952645732039234,5.84354441703136,0.014949934275202637,-3990.7
2022-11-08 07:00:00,-0.2988497936418746,5.746203190540153,0.006854398830457242,-4080.7
2022-11-08 08:00:00,-0.30381883818474265,5.627621113690637,0.0024380584814078787,-3956.8
2022-11-08 09:00:00,-0.42487890108286486,5.472270673671475,0.0015563838967063148,-3911.5
2022-11-08 10:00:00,-0.43236815119294114,5.176149732573829,0.00021965338695473235,-3867.8
2022-11-08 11:00:00,-0.4719701910104446,4.912654885736052,-0.006004582261041946,-3836.3
2022-11-08 12:00:00,-0.4794274054145742,4.795790545596741,-0.026585334794583027,-3835.6
2022-11-08 13:00:00,-0.4479355515258474,4.919980925828125,0.00034224781828307016,-3821.3
2022-11-08 14:00:00,-0.5098564259955101,5.209486152841421,-0.005622991750869666,-3895.8
2022-11-08 15:00:00,-0.49658708120212136,5.556828061699537,-0.001166271629653437,-3873.6
2022-11-08 16:00:00,-0.43735947324784963,5.883322388488279,-0.0014649799428578802,-3909.4
2022-11-08 17:00:00,-0.4632797891706124,6.16541785423142,0.01040635794776712,-4021.2
2022-11-08 18:00:00,-0.42184526781399434,6.440946540632921,0.015740449583849347,-4252.6
2022-11-08 19:00:00,-0.6164505285827273,6.637258031284457,0.018849714382215055,-3984.2
2022-11-08 20:00:00,-0.6432569298351023,6.79346613258001,0.029998688057122358,-3917.3
2022-11-08 21:00:00,-0.6601687146739392,6.92951677076365,0.027325605063665215,-3575.8
2022-11-08 22:00:00,-0.6213356713781217,7.037027614686276,0.029895644977925073,-3461.5
2022-11-08 23:00:00,-0.6055191500413031,7.118826249062078,0.035031726622347215,-3064.6
2022-11-09 00:00:00,-0.8063474859013859,7.222566018822171,0.036459792532824054,-2751.0
2022-11-09 01:00:00,-0.6925437476929988,7.280697195384741,0.04629042242641823,-2694.1
2022-11-09 02:00:00,-0.6383016405820232,7.333676395657684,0.04069479553797972,-2722.8
2022-11-09 03:00:00,-0.6181042693732652,7.3864708488298945,0.039399181271075,-2706.6
2022-11-09 04:00:00,-0.6223731754632982,7.430707082545968,0.038082215297482236,-2920.4
2022-11-09 05:00:00,-0.7813537271209845,7.465655310134056,0.03310634842433746,-3211.7
2022-11-09 06:00:00,-1.0711853595603809,7.497207223203318,0.022144190179475665,-4336.5
2022-11-09 07:00:00,-1.0500499522785844,7.524021415206125,0.01237000395678578,-4753.6
2022-11-09 08:00:00,-1.019882949888102,7.508238774678663,0.009009643227813058,-4818.2
2022-11-09 09:00:00,-0.9772747561444999,7.4999765409521215,0.011555200764441054,-4941.1
2022-11-09 10:00:00,-0.8520460443663982,7.493317248862145,0.016361935397513072,-5050.2
2022-11-09 11:00:00,-0.932783420598934,7.488293515159428,-0.0016476137283047976,-5073.3
2022-11-09 12:00:00,-1.0319281161183258,7.487733761436444,-0.010946466575115998,-5175.7
2022-11-09 13:00:00,-0.9509892406710563,7.484930283289661,0.02173136048265434,-5146.9
2022-11-09 14:00:00,-0.9702719263003896,7.45876269238096,0.012287311708178983,-5162.7
2022-11-09 15:00:00,-0.9395409501297434,7.440146680662688,0.009849406997112453,-5119.5
2022-11-09 16:00:00,-0.9417634751676736,7.413970290190444,0.006013711764807361,-5072.4
2022-11-09 17:00:00,-0.9406099280802405,7.382746449738912,0.01701088317398014,-5054.8
2022-11-09 18:00:00,-0.8093705656316548,7.3453648404168685,0.01832990232205134,-5007.5
2022-11-09 19:00:00,-0.7148833580270186,7.294377299288821,0.02107584972083032,-4975.7
2022-11-09 20:00:00,-0.6882465210550941,7.232010331664759,0.023047568227648974,-4851.0
2022-11-09 21:00:00,-0.6963728482222229,7.150701457592526,0.022496511078736958,-4613.7
2022-11-09 22:00:00,-0.627769324385703,7.046647277848756,0.02338942006540723,-4246.1
2022-11-09 23:00:00,-0.5872793468500612,6.92461239604856,0.029179981016878465,-4004.5
2022-11-10 00:00:00,-0.49889575393559715,6.78332520060396,0.035328988034176945,-4043.8
2022-11-10 01:00:00,-0.39560442529009787,6.680854678790215,0.0410376214254784,-3901.8
2022-11-10 02:00:00,-0.3326299623986797,6.580639137284949,0.03968205560816518,-3829.2
2022-11-10 03:00:00,-0.3265336042419764,6.502790045915623,0.04086418254626967,-3689.2
2022-11-10 04:00:00,-0.4205040058962557,6.416732282512326,0.040357372448485584,-3497.7
2022-11-10 05:00:00,-0.5121050566286405,6.324358962381311,0.03819657067864579,-3830.1
2022-11-10 06:00:00,-0.34838873772429624,6.259581464064923,0.029922200358552864,-4271.3
2022-11-10 07:00:00,0.0851249882484284,6.20455776256869,0.023054184659661026,-4512.2
2022-11-10 08:00:00,-0.01787976343153108,6.139884552226255,0.02157262618644573,-4428.2
2022-11-10 09:00:00,-0.024823387998268664,6.07073772800249,0.018811297950424688,-4404.4
2022-11-10 10:00:00,-0.1549838944464792,6.0014148779611505,0.01940175417177148,-4380.7
2022-11-10 11:00:00,-0.20655534985949142,6.0063531596017325,0.022288743976396574,-4268.7
2022-11-10 12:00:00,-0.6119770491046599,6.113682179832232,0.005720596915660181,-4107.8
2022-11-10 13:00:00,-0.6416965495227136,6.26530121273771,0.013408631537110693,-4030.4
2022-11-10 14:00:00,-0.8324774792225833,6.55250788703459,0.01359593100748313,-4093.5
2022-11-10 15:00:00,-0.9543983527256303,6.889591308354466,0.010697032711258103,-4232.9
2022-11-10 16:00:00,-0.9336501891178721,7.221835825288449,0.00946605384042254,-4487.0
2022-11-10 17:00:00,-0.9900286396838274,7.4999765409521215,0.013200818148568771,-4873.4
2022-11-10 18:00:00,-1.1305144946364236,7.709756864454165,0.01787851624437309,-4371.0
2022-11-10 19:00:00,-1.2515993956579488,7.86403565907245,0.02131500950635079,-3694.4
2022-11-10 20:00:00,-1.2064500693470603,7.96346006663897,0.019338183352630267,-3563.7
2022-11-10 21:00:00,-1.2595313185002333,8.026170194946426,0.014807350028284816,-3288.1
2022-11-10 22:00:00,-1.3643965727574834,8.064636475774222,0.01093055954494293,-3220.6
2022-11-10 23:00:00,-1.5768869391271738,8.09132127353041,0.011674407531092612,-3217.3
2022-11-11 00:00:00,-2.4927077319463025,8.19063168090354,-0.014205170131297074,-3334.1
2022-11-11 01:00:00,-2.4927077319463025,8.218247926685745,-0.019758763053045136,-3322.2
2022-11-11 02:00:00,-2.4927077319463025,8.24564690087386,-0.021829707204647164,-3452.9
2022-11-11 03:00:00,-2.4927077319463025,8.197814032221203,-0.021031072685213203,-3338.3
2022-11-11 04:00:00,-2.4927077319463025,8.209852481301272,-0.02426201307725595,-3382.1
2022-11-11 05:00:00,-2.4927077319463025,8.294049640102028,-0.030058716639149274,-3698.9
2022-11-11 06:00:00,-2.4927077319463025,8.286521373681236,-0.034315621882292646,-3744.8
2022-11-11 07:00:00,-2.4927077319463025,8.254268770090183,-0.032689985077738015,-3771.8
2022-11-11 08:00:00,-2.4927077319463025,8.281470857895167,-0.036861429641316334,-4175.3
2022-11-11 09:00:00,-2.4927077319463025,8.223627175805483,-0.04165245383360805,-3961.2
2022-11-11 10:00:00,-2.4927077319463025,8.183955717304954,-0.03915229316595159,-3852.5
2022-11-11 11:00:00,-2.4927077319463025,8.151044945685024,-0.045337845431687285,-3780.3
2022-11-11 12:00:00,-2.4927077319463025,8.126813720726114,-0.03750206267251954,-3883.9
2022-11-11 13:00:00,-2.4927077319463025,8.074337694089515,-0.0315875110698185,-3755.5
2022-11-11 14:00:00,-2.4927077319463025,8.039802343736485,-0.033837132812434056,-3862.6
2022-11-11 15:00:00,-2.4927077319463025,8.024207485778577,-0.034564043373834785,-3963.1
2022-11-11 16:00:00,-2.3977187948706704,8.019941687677365,-0.038019096102277494,-4445.9
2022-11-11 17:00:00,-2.247211401719283,8.008032846969307,-0.04580151502579888,-4358.2
2022-11-11 18:00:00,-2.3741693067632514,8.023879992734878,-0.04707358737816314,-3954.0
2022-11-11 19:00:00,-2.4927077319463025,8.065265208897733,-0.0450285830793371,-3575.0
2022-11-11 20:00:00,-2.4927077319463025,8.07153089355666,-0.039780552411013304,-3060.5
2022-11-11 21:00:00,-2.4927077319463025,8.133587417660966,-0.04086008725061596,-3086.8
2022-11-11 22:00:00,-2.4927077319463025,8.205764725234456,-0.04737015793470345,-3205.9
2022-11-11 23:00:00,-2.4927077319463025,8.25608813381491,-0.04644382625124166,-3427.6
2022-11-12 00:00:00,-2.4927077319463025,8.022896869601457,-0.043649368747020745,-2866.3
2022-11-12 01:00:00,-2.4927077319463025,8.06117135969092,-0.039448671353908615,-2884.7
2022-11-12 02:00:00,-2.4927077319463025,8.01532730902172,-0.04260313752575673,-2718.5
2022-11-12 03:00:00,-2.4927077319463025,7.960672608388117,-0.03937289444534553,-2549.3
2022-11-12 04:00:00,-2.4927077319463025,7.94873845481361,-0.04077040951381594,-2514.6
2022-11-12 05:00:00,-2.4927077319463025,8.027476530860483,-0.04190410607473716,-2786.9
2022-11-12 06:00:00,-2.4927077319463025,8.101071503119543,-0.04250580284796701,-3106.8
2022-11-12 07:00:00,-2.4927077319463025,8.24301946898925,-0.0438586164171042,-3584.3
2022-11-12 08:00:00,-2.4927077319463025,8.317033476492403,-0.04274026305577028,-3876.2
2022-11-12 09:00:00,-2.4927077319463025,8.315566483564277,-0.043067378388317756,-3990.8
2022-11-12 10:00:00,-2.4927077319463025,8.3133619511344,-0.033684116238617,-4062.8
2022-11-12 11:00:00,-2.4927077319463025,8.312871394342615,-0.023194633027624256,-4136.5
2022-11-12 12:00:00,-2.4927077319463025,8.307212626628308,-0.03457784955114995,-4521.3
2022-11-12 13:00:00,-2.4927077319463025,8.297045149081827,-0.04684033688053635,-4613.5
2022-11-12 14:00:00,-2.4927077319463025,8.280711075662847,-0.04241291220371757,-4696.1
2022-11-12 15:00:00,-2.4927077319463025,8.295548516225763,-0.0446149317650244,-4986.6
2022-11-12 16:00:00,-2.230981040550356,8.345930261979017,-0.041076433140053936,-5567.8
2022-11-12 17:00:00,-1.9583724110689888,8.344267356262645,-0.0491038730598401,-5754.0
2022-11-12 18:00:00,-2.0417279684751564,8.339500903005945,-0.05688073913528591,-5810.7
2022-11-12 19:00:00,-1.6481430176971679,8.326516830239528,-0.06047098375760296,-5878.0
2022-11-12 20:00:00,-1.9094100995154353,8.306472160100585,-0.05236012876099938,-5785.8
2022-11-12 21:00:00,-1.9766194135586956,8.278682162970906,-0.05608845790335337,-5709.2
2022-11-12 22:00:00,-1.9151602865573385,8.235360643753348,-0.054060483633859846,-5542.7
2022-11-12 23:00:00,-1.8421518405056585,8.167068178341237,-0.05173588346269575,-5230.7
2022-11-13 00:00:00,-1.3423416191026787,7.965198290612176,-0.05301883115613393,-4486.8
2022-11-13 01:00:00,-1.1087990870622502,7.80994708647679,-0.050775487304422384,-4053.3
2022-11-13 02:00:00,-0.9411505407883056,7.659642954564682,-0.053876279120804504,-3912.4
2022-11-13 03:00:00,-0.8134375818429578,7.564757012905729,-0.04975066840648967,-3968.9
2022-11-13 04:00:00,-0.7233893328320837,7.513709247839705,-0.04705808479180362,-4000.4
2022-11-13 05:00:00,-0.7435800880071715,7.477604243197589,-0.05125422498918564,-4018.5
2022-11-13 06:00:00,-0.7512782919942897,7.4360278163518485,-0.045222369433012055,-4453.5
2022-11-13 07:00:00,-0.8242111863871004,7.340835554123275,-0.04109961846473986,-4528.0
2022-11-13 08:00:00,-0.7937260041129979,7.190676034332207,-0.0348318789350639,-4428.7
2022-11-13 09:00:00,-0.6292761329802259,6.9975959829819265,-0.031364560917244155,-4431.8
2022-11-13 10:00:00,-0.5201000638750544,6.733401891837359,-0.025156666546739537,-4328.6
2022-11-13 11:00:00,-0.5545461610877465,6.437751649736401,-0.018658534219933465,-4305.6
2022-11-13 12:00:00,-0.2622975363418254,6.240275845170769,-0.018234468269302972,-4347.9
2022-11-13 13:00:00,-0.35886033341704326,6.148468295917647,-0.028790838657494433,-4378.3
2022-11-13 14:00:00,-0.5029058465749432,6.2422232654551655,-0.022365810814006792,-4493.7
2022-11-13 15:00:00,-0.5073432217218192,6.48768401848461,-0.02215867585860032,-4626.9
2022-11-13 16:00:00,-0.6548269277735619,6.698268054115413,-0.02365180479764284,-4678.5
2022-11-13 17:00:00,-0.7067216827640004,6.849066282633458,-0.02170226329375602,-4730.8
2022-11-13 18:00:00,-0.6425813629397816,6.9363427358340495,-0.02176958627782355,-4708.7
2022-11-13 19:00:00,-0.6306202761483632,6.923628628138427,-0.0297768724947316,-4646.4
2022-11-13 20:00:00,-0.6482604133912755,6.843749949006225,-0.027053938558679214,-4495.0
2022-11-13 21:00:00,-0.7310409566385201,6.7357800142423265,-0.02339428702567492,-4366.8
2022-11-13 22:00:00,-0.7541707954865267,6.618738983517219,-0.019130335596508452,-4208.7
2022-11-13 23:00:00,-0.6854810346759335,6.484635235635252,-0.02866617389421755,-4053.3
2022-11-14 00:00:00,-0.37213501486855316,6.363028103540465,-0.036787280901147135,-4084.8
2022-11-14 01:00:00,-0.23845115649968252,6.26530121273771,-0.030259362012285074,-4022.4
2022-11-14 02:00:00,-0.12407606275156846,6.139884552226255,-0.02785103799209221,-4050.6
2022-11-14 03:00:00,-0.08173393279624408,6.035481432524756,-0.025830274331836378,-4099.4
2022-11-14 04:00:00,-0.1281518882911139,5.961005339623274,-0.027419312774470406,-4141.1
2022-11-14 05:00:00,-0.11414753411977152,5.910796644040527,-0.027716402223053827,-4304.3
2022-11-14 06:00:00,0.36099802982497753,5.746203190540153,-0.026542756163325798,-4457.0
2022-11-14 07:00:00,0.2525442221679528,5.54907608489522,-0.021284051146834848,-4520.1
2022-11-14 08:00:00,0.6043806173833755,5.407171771460119,-0.01519119944734193,-4580.8
2022-11-14 09:00:00,0.5723597253344419,5.267858159063328,-0.017002807981254087,-4593.1
2022-11-14 10:00:00,0.37726303538052,5.123963979403259,-0.020266064443636544,-4550.9
2022-11-14 11:00:00,0.3424429590158633,5.087596335232384,-0.04402599323563283,-4591.8
2022-11-14 12:00:00,0.1701545876023136,5.14166355650266,-0.049626010852888314,-4623.6
2022-11-14 13:00:00,0.2066576480297897,5.313205979041787,-0.026761365209903687,-4619.1
2022-11-14 14:00:00,0.11164958538540581,5.605802066295998,-0.03445235415891812,-4591.4
2022-11-14 15:00:00,-0.008828840291143614,5.966146739123692,-0.04007114547149282,-4613.8
2022-11-14 16:00:00,-0.04589465882798116,6.259581464064923,-0.04042055286754653,-4624.3
2022-11-14 17:00:00,-0.45699292184157514,6.558197802812269,-0.023742697043116046,-4810.6
2022-11-14 18:00:00,-0.6801486717384218,6.870053411798126,-0.027769990172713754,-4727.0
2022-11-14 19:00:00,-0.7621816762742522,7.1316985104669115,-0.029184849448177452,-4814.4
2022-11-14 20:00:00,-0.8188640200999093,7.311218384419629,-0.02564751204106397,-4913.2
2022-11-14 21:00:00,-0.8363627871706365,7.4673710669175595,-0.03081806810518728,-5003.3
2022-11-14 22:00:00,-0.9152151004886302,7.547501682814967,-0.03267111925634403,-4925.1
2022-11-14 23:00:00,-0.9444374770345019,7.563200592358071,-0.02407160741175307,-4684.0
2022-11-15 00:00:00,-0.46816885759238014,7.550135342488429,-0.019580217395701816,-4313.6
2022-11-15 01:00:00,-0.4141414747328258,7.501634457883413,-0.009228808461971383,-4067.8
2022-11-15 02:00:00,-0.4889610633091097,7.4342573821331355,-0.014702742783875067,-3781.4
2022-11-15 03:00:00,-0.5353748304966097,7.364547014255642,-0.013392809758235202,-3599.5
2022-11-15 04:00:00,-0.5324944677741614,7.297091005160418,-0.010749772979852246,-3651.0
2022-11-15 05:00:00,-0.5924007027564993,7.242797922793756,-0.00947801311387142,-3909.2
2022-11-15 06:00:00,-0.7996022110902063,7.181591944611865,-0.012677572165520345,-4478.6
2022-11-15 07:00:00,-0.23439269136367002,7.088408778675395,-0.01530853737685689,-4737.5
2022-11-15 08:00:00,-0.16318298367831385,6.954638864880987,-0.01813073718622249,-4593.1
2022-11-15 09:00:00,-0.08347988606439927,6.787844982309579,-0.017117377400537315,-4562.6
2022-11-15 10:00:00,-0.014919764840729322,6.556778356158042,-0.018592782603766622,-4441.8
2022-11-15 11:00:00,-0.0703048307346208,6.300785794663244,-0.02289519742546542,-4358.3
2022-11-15 12:00:00,-0.11175118135331186,6.061456918928017,-0.04103141416220524,-4326.4
2022-11-15 13:00:00,-0.13284589758954635,5.883322388488279,-0.012644947708527532,-4310.7
2022-11-15 14:00:00,-0.20502983209029058,5.7899601708972535,-0.018488087547755327,-4265.2
2022-11-15 15:00:00,-0.3635718586075223,5.746203190540153,-0.010814199819373371,-4222.4
2022-11-15 16:00:00,-0.5906514153666897,5.730099782973574,-0.01855941330215849,-4213.9
2022-11-15 17:00:00,-0.2710888047939264,5.683579767338681,-0.011488852754889756,-4231.3
2022-11-15 18:00:00,-0.7307694808290903,5.5909869805108565,-0.009060238010679456,-4147.4
2022-11-15 19:00:00,-1.0522991090435956,5.521460917862246,-0.008305743428220325,-3816.6
2022-11-15 20:00:00,-1.127708795238858,5.5053315359323625,0.002240155844915215,-3451.7
2022-11-15 21:00:00,-1.2104540287720278,5.480638923341991,-0.001752248369188969,-3131.6
2022-11-15 22:00:00,-1.1944079294959997,5.476463551931511,-0.0018701483765299898,-2905.7
2022-11-15 23:00:00,-1.1026926846389666,5.552959584921617,0.00025536744360277197,-2646.2
2022-11-16 00:00:00,-0.8358785749010798,5.575949103146316,-0.01983589437303568,-1717.7
2022-11-16 01:00:00,-0.7366469263823072,5.594711379601839,-0.010195179708139435,-1607.5
2022-11-16 02:00:00,-0.6893099202634767,5.5909869805108565,-0.0155496806907518,-1544.0
2022-11-16 03:00:00,-0.6377127407616414,5.560681631015528,-0.01371064404287381,-1577.9
2022-11-16 04:00:00,-0.6800188000315206,5.5254529391317835,-0.012290227683079635,-1612.9
2022-11-16 05:00:00,-0.8473220585199388,5.497168225293202,-0.010607388577313692,-1772.7
2022-11-16 06:00:00,-1.0816482316683227,5.476463551931511,-0.011064480817178257,-2736.5
2022-11-16 07:00:00,-1.0757417957030269,5.4680601411351315,-0.010352752751125571,-3777.6
2022-11-16 08:00:00,-0.9874234689719859,5.4116460518550396,-0.010697795833560342,-4086.8
2022-11-16 09:00:00,-1.1574434595773537,5.3612921657094255,-0.008209241103293685,-3911.3
2022-11-16 10:00:00,-1.082419766700867,5.25227342804663,-0.006906201105232768,-3927.1
2022-11-16 11:00:00,-1.0802222513016524,5.135798437050262,-0.025440918724867423,-3980.4
2022-11-16 12:00:00,-1.1399791453877777,5.030437921392435,-0.035759220932916946,-3924.6
2022-11-16 13:00:00,-1.099989288910757,5.030437921392435,-0.001695772412485752,-3966.0
2022-11-16 14:00:00,-1.0742733381252587,5.147494476813453,-0.007074377340967608,-4056.4
2022-11-16 15:00:00,-1.0777834502621628,5.3230099791384085,-0.001973856766228188,-4045.3
2022-11-16 16:00:00,-1.0508803676599752,5.472270673671475,-0.008918903549762547,-4090.1
2022-11-16 17:00:00,-0.6161330983088202,5.5254529391317835,0.001550280067601939,-4307.8
2022-11-16 18:00:00,-0.7066971613670376,5.5134287461649825,0.003948062872635383,-4228.0
2022-11-16 19:00:00,-1.0324292666801655,5.480638923341991,0.006455706265867889,-3862.6
2022-11-16 20:00:00,-0.9325161005715614,5.4510384535657,0.010073334337633355,-3662.0
2022-11-16 21:00:00,-0.9214856495858315,5.4510384535657,0.011713351395276739,-3226.2
2022-11-16 22:00:00,-0.8368684724021072,5.5053315359323625,0.010609693419008082,-2960.7
2022-11-16 23:00:00,-0.8517204552623912,5.541263545158426,0.015302433850515662,-2350.6
2022-11-17 00:00:00,-0.23975043207414348,5.375278407684165,0.004094522972434511,-2753.0
2022-11-17 01:00:00,-0.4725369869456899,5.247024072160486,0.010500897565396627,-2312.0
2022-11-17 02:00:00,-0.7118710305459168,5.147494476813453,0.009546835814759014,-1896.6
2022-11-17 03:00:00,-0.7573463706351746,5.0689042022202315,0.012593748608014543,-1891.6
2022-11-17 04:00:00,-0.7877710782142411,5.0238805208462765,0.015507784067739117,-1944.2
2022-11-17 05:00:00,-0.7872917478365697,4.969813299576001,0.019421861283292152,-2081.1
2022-11-17 06:00:00,-0.36869966917409913,4.941642422609304,0.020245526938665215,-4030.2
2022-11-17 07:00:00,-0.2808296009372917,4.890349128221754,0.023054184659661026,-4033.1
2022-11-17 08:00:00,-0.06017877918264336,4.8283137373023015,0.022050751942625624,-4058.4
2022-11-17 09:00:00,-0.19469721269690066,4.77912349311153,0.02025049225017117,-4025.5
2022-11-17 10:00:00,-0.3697605374079229,4.718498871295094,0.020369340120507395,-4080.6
2022-11-17 11:00:00,-0.28892180956252744,4.634728988229636,0.019859789660992888,-4074.2
2022-11-17 12:00:00,-0.3474222032573504,4.584967478670572,0.004745462757453467,-4109.6
2022-11-17 13:00:00,-0.31774195421081863,4.59511985013459,0.013898227630122051,-4104.1
2022-11-17 14:00:00,-0.3587688439862484,4.6913478822291435,0.018450309472281212,-4107.2
2022-11-17 15:00:00,-0.28824856963139833,4.927253685157205,0.02206617459388127,-4105.8
2022-11-17 16:00:00,-0.24502722076893946,5.1298987149230735,0.01647706643346858,-4569.8
2022-11-17 17:00:00,-0.11552210350419401,5.247024072160486,0.019305556525398337,-4609.0
2022-11-17 18:00:00,-0.19366266753487604,5.303304908059076,0.024609310885794322,-4463.1
2022-11-17 19:00:00,-0.2726298924367412,5.365976015021851,0.028167703968390967,-4464.5
2022-11-17 20:00:00,-0.2883221942534333,5.402677381872279,0.027370355049894712,-4386.8
2022-11-17 21:00:00,-0.36392152801052813,5.37989735354046,0.025674209875487186,-4192.5
2022-11-17 22:00:00,-0.24945739080194507,5.272999558563747,0.022771386801266225,-4052.6
2022-11-17 23:00:00,-0.3095143991907596,5.111987788356544,0.024614109875906287,-3746.2
2022-11-18 00:00:00,0.6035629716859088,5.14166355650266,0.026068729006643032,-3058.8
2022-11-18 01:00:00,0.7126336770679993,5.049856007249537,0.02206334131871568,-2968.7
2022-11-18 02:00:00,0.751284706568307,4.997212273764115,0.022755990514988333,-2985.8
2022-11-18 03:00:00,0.7952544122751943,4.983606621708336,0.0275833600014721,-3038.3
2022-11-18 04:00:00,0.8366997963525584,4.997212273764115,0.026940697497559896,-3101.4
2022-11-18 05:00:00,0.730016634813893,5.030437921392435,0.02321166741957459,-3321.7
2022-11-18 06:00:00,0.46750277949985275,5.043425116919247,0.019212370472247997,-3455.5
2022-11-18 07:00:00,0.46818859600883744,5.0238805208462765,0.022687484391216373,-4095.9
2022-11-18 08:00:00,0.5234127707490863,5.0106352940962555,0.020493175289383103,-4473.7
2022-11-18 09:00:00,0.5439993525595526,4.997212273764115,0.019837284454604642,-4389.2
2022-11-18 10:00:00,0.48207127018077056,4.962844630259907,0.024392654068950748,-4290.2
2022-11-18 11:00:00,0.3289991378329802,4.976733742420574,0.012160646629529204,-4296.9
2022-11-18 12:00:00,0.3807603145742249,5.0369526024136295,0.019371117701905582,-4460.5
2022-11-18 13:00:00,0.3573930537662555,5.159055299214529,0.026779153542821454,-4493.3
2022-11-18 14:00:00,0.3620696201073921,5.3706380281276624,0.030083994034294292,-4547.2
2022-11-18 15:00:00,0.4354838897961395,5.638354669333745,0.029846526896695202,-4615.3
2022-11-18 16:00:00,0.5427260961458211,5.8377304471659395,0.02715213622375323,-4790.4
2022-11-18 17:00:00,0.5709038710529111,5.937536205082426,0.020906342762938124,-4860.4
2022-11-18 18:00:00,0.5917857583473554,5.996452088619021,0.021394211899297133,-4840.6
2022-11-18 19:00:00,0.6506449131328802,6.035481432524756,0.029079389074384565,-4853.7
2022-11-18 20:00:00,0.697512773330577,6.052089168924417,0.03746566176597366,-4748.2
2022-11-18 21:00:00,0.7914686636258521,6.061456918928017,0.038529409869940245,-4652.9
2022-11-18 22:00:00,0.8588382869466855,6.037870919922137,0.03474452921979676,-4484.6
2022-11-18 23:00:00,0.7609997396239363,6.025865973825314,0.03373847798844576,-4435.1
2022-11-19 00:00:00,1.0654728721731734,6.432940092739179,0.05109599884234495,-4132.8
2022-11-19 01:00:00,1.1724930217208716,6.453624998892692,0.05305420762939583,-3800.8
2022-11-19 02:00:00,1.3422721958775217,6.466144724237619,0.053344187887889305,-3432.3
2022-11-19 03:00:00,1.4854994929622425,6.467698726104354,0.05674968022754445,-3176.6
2022-11-19 04:00:00,1.5006206772100628,6.47543271670409,0.05419360978396526,-3164.2
2022-11-19 05:00:00,1.4011967448438094,6.513230110912307,0.05232526927840553,-3211.0
2022-11-19 06:00:00,1.1656372213258122,6.568077911411976,0.05396848917518415,-3236.6
2022-11-19 07:00:00,1.1531973888389766,6.61338421837956,0.05506410876587342,-3375.2
2022-11-19 08:00:00,1.0729190789359713,6.637258031284457,0.053772940143377745,-3404.5
2022-11-19 09:00:00,1.2000992926520526,6.663132695990803,0.051884626059758965,-3495.5
2022-11-19 10:00:00,1.14020099026237,6.673297967767654,0.06400623332686717,-3550.3
2022-11-19 11:00:00,1.3516306264302909,6.678342114654332,0.07353499343092729,-3563.1
2022-11-19 12:00:00,1.3183986246801531,6.692083742506628,0.06287748659956272,-3585.7
2022-11-19 13:00:00,1.3192403775630934,6.706862336602747,0.05011390412435546,-3614.3
2022-11-19 14:00:00,1.410991079961212,6.726233402358747,0.05269226554986872,-3671.4
2022-11-19 15:00:00,1.4301394184343348,6.744059186311348,0.049640528070100665,-3646.7
2022-11-19 16:00:00,1.3897206044740216,6.725033642166843,0.04562411593472682,-3562.6
2022-11-19 17:00:00,1.4311706836117608,6.670766320845874,0.0385321971811079,-3517.3
2022-11-19 18:00:00,1.5267685658577639,6.565264970035361,0.03526543732638299,-3751.5
2022-11-19 19:00:00,1.4730695590872607,6.429719478039138,0.03458163004401005,-3751.4
2022-11-19 20:00:00,1.4992086972494585,6.317164686747284,0.04305526436342877,-3750.1
2022-11-19 21:00:00,1.5109606558893285,6.263398262591624,0.04155001166056227,-3768.2
2022-11-19 22:00:00,1.440667369381301,6.248042874508429,0.04523773734841985,-3904.9
2022-11-19 23:00:00,1.4962102022840176,6.289715570908998,0.048407283716229266,-3960.9
2022-11-20 00:00:00,1.4475030573087104,6.341839688898187,0.05702223034663412,-3358.1
2022-11-20 01:00:00,1.4712415465997455,6.3913809562857296,0.05315821703410428,-3191.0
2022-11-20 02:00:00,1.559939543522764,6.438583303816259,0.04925662636472872,-3159.5
2022-11-20 03:00:00,1.555759733466132,6.483657658725971,0.05095547456302807,-3159.3
2022-11-20 04:00:00,1.512584879634241,6.5267876424743605,0.051726672283942676,-3147.2
2022-11-20 05:00:00,1.4737933022921026,6.568134089609232,0.045220777311431704,-3170.0
2022-11-20 06:00:00,1.3768107002096648,6.607838668862014,0.045614290070728813,-3438.7
2022-11-20 07:00:00,1.2591098905312075,6.646026812352359,0.04807980838211279,-3739.0
2022-11-20 08:00:00,1.1911792749920016,6.682810105721299,0.04996465772501324,-3732.2
2022-11-20 09:00:00,1.2084771191704782,6.7182882540273114,0.05492899248259331,-3793.7
2022-11-20 10:00:00,1.1986395326374195,6.75255071067612,0.06569130484697805,-3987.7
2022-11-20 11:00:00,1.1248977546660583,6.7856780364027305,0.07079255496791603,-4035.3
2022-11-20 12:00:00,1.3069030721270636,6.81774304027111,0.07108643299530648,-4324.6
2022-11-20 13:00:00,1.2337497250409388,6.848811743348187,0.06146752360879937,-4379.4
2022-11-20 14:00:00,1.2076979983557017,6.878944197128018,0.0628262388247336,-4687.4
2022-11-20 15:00:00,1.217905610773923,6.908195182210522,0.059936001797272986,-4764.2
2022-11-20 16:00:00,1.1318642726146413,6.93661480766269,0.04697764278103822,-4833.2
2022-11-20 17:00:00,1.0921886549243158,6.964249027536601,0.045874103957313395,-4972.7
2022-11-20 18:00:00,1.1770073352726396,6.991140087916068,0.048764333426685624,-5130.7
2022-11-20 19:00:00,1.2232451931280401,7.017326915411428,0.04291680742928783,-5209.3
2022-11-20 20:00:00,1.2127695942293553,7.042845456070653,0.05021063877647158,-5175.0
2022-11-20 21:00:00,1.150802719690219,7.067728972112184,0.055785682262884606,-5203.8
2022-11-20 22:00:00,0.9011853030024337,7.092008302625839,0.061223034456094005,-5259.1
2022-11-20 23:00:00,1.0418160661770282,7.1157120933679225,0.05239670544210728,-4912.4
2022-11-21 00:00:00,0.944114650621172,7.138866999945524,0.03024656280382576,-4189.2
2022-11-21 01:00:00,1.0663980190061668,7.114769448366463,0.03663487281774458,-4177.7
2022-11-21 02:00:00,1.1963196954161956,7.044032897274685,0.03613667068319071,-4025.2
2022-11-21 03:00:00,1.2279605485721197,6.964135612418245,0.03438858566121805,-3935.9
2022-11-21 04:00:00,1.2263691183647465,6.8885724595653635,0.03349503814727939,-3873.1
2022-11-21 05:00:00,1.1317694711050343,6.824373670043086,0.0354265477893394,-4047.3
2022-11-21 06:00:00,1.3445098751666071,6.790097235513905,0.029957625170002444,-4341.8
2022-11-21 07:00:00,1.2790027936173303,6.752270376141742,0.03310113514996704,-4500.1
2022-11-21 08:00:00,1.2293242651093026,6.698268054115413,0.03701978787513127,-4541.2
2022-11-21 09:00:00,1.1825328064845761,6.650279048587422,0.03578116991215197,-4528.9
2022-11-21 10:00:00,1.102051850942134,6.618738983517219,0.033589337296086264,-4559.1
2022-11-21 11:00:00,1.1950625359873195,6.621405651764134,0.012035883022383231,-4595.7
2022-11-21 12:00:00,1.2035371628400648,6.705639094860003,0.0082107140186638,-4625.4
2022-11-21 13:00:00,1.2379143563536328,6.80903930604298,0.0331130577686638,-4676.2
2022-11-21 14:00:00,1.2979509929637434,6.917705609835305,0.025010013946792142,-4729.2
2022-11-21 15:00:00,1.2751353828270018,7.027314514039777,0.021546032257694137,-4794.6
2022-11-21 16:00:00,1.2505220309385505,7.113142108707088,0.01323580095305843,-4782.4
2022-11-21 17:00:00,1.2386700981743788,7.149916836132109,0.027232853809675106,-4816.1
2022-11-21 18:00:00,1.3258960617409494,7.149131598557407,0.027091954178410482,-4852.4
2022-11-21 19:00:00,1.3604240210138236,7.1308988302963465,0.025451639515265967,-4929.7
2022-11-21 20:00:00,1.3040643815131876,7.110696122978827,0.03218389856171466,-4938.1
2022-11-21 21:00:00,1.2594669824668667,7.0967213784947605,0.03348226462422854,-4953.8
2022-11-21 22:00:00,1.2374285920494756,7.080867896690782,0.03556817269230805,-4712.9
2022-11-21 23:00:00,1.147814898317093,7.051855622955894,0.03995478729255986,-4625.9
2022-11-22 00:00:00,0.9555069050678586,6.62273632394984,0.044502826621720004,-3454.7
2022-11-22 01:00:00,1.016604648957899,6.664409020350408,0.05345957338743812,-3224.0
2022-11-22 02:00:00,0.97112476418563,6.709304340258298,0.047742510930430804,-3070.3
2022-11-22 03:00:00,0.8800631462555488,6.717804695023691,0.04701419209433588,-2944.6
2022-11-22 04:00:00,0.8933654935519204,6.71174039505618,0.047348112141112786,-2972.6
2022-11-22 05:00:00,0.8267146780542189,6.70073110954781,0.0453762522412271,-3194.4
2022-11-22 06:00:00,0.8587879321879104,6.674561391814426,0.040332007546620474,-4029.2
2022-11-22 07:00:00,0.8884409976954908,6.638567789166521,0.035187626637675606,-4513.3
2022-11-22 08:00:00,0.8274323135898758,6.54534966033442,0.03110700711341252,-4665.2
2022-11-22 09:00:00,0.692931684967002,6.459904454377535,0.02892904125652329,-4643.3
2022-11-22 10:00:00,0.7359875003708272,6.359573868672378,0.031125058515200088,-4601.1
2022-11-22 11:00:00,0.7745353208532348,6.297109319933935,0.025990391144057767,-4580.0
2022-11-22 12:00:00,0.7423130783070819,6.222576268071369,0.005055172702200572,-4547.9
2022-11-22 13:00:00,0.7778984566630491,6.220590170099739,0.03161006129551325,-4547.6
2022-11-22 14:00:00,0.705994435853853,6.274762021241939,0.025833751461258103,-4566.2
2022-11-22 15:00:00,0.7845319910971948,6.322565239927284,0.031886784473737606,-4523.0
2022-11-22 16:00:00,0.7112344989176238,6.340359303727752,0.016267635894466004,-4431.2
2022-11-22 17:00:00,0.7201798578787892,6.322565239927284,0.021642431214693225,-4475.6
2022-11-22 18:00:00,0.7283612966583357,6.338594078203183,0.02387252022956865,-4561.2
2022-11-22 19:00:00,0.7598546072370373,6.369900982828227,0.022738878253740324,-4602.7
2022-11-22 20:00:00,0.6975231079526134,6.371611847231857,0.03198774888197864,-4491.5
2022-11-22 21:00:00,0.7939414630087844,6.366470447731438,0.02834862305569974,-4265.7
2022-11-22 22:00:00,0.8373122444352248,6.369900982828227,0.028304554745683497,-4121.1
2022-11-22 23:00:00,0.9625954967818071,6.406879986069314,0.02839453411554871,-3954.6
2022-11-23 00:00:00,0.9826367734048862,6.5998704992128365,0.011894147051088488,-3600.4
2022-11-23 01:00:00,1.1050313125125433,6.682108597449809,0.017857987882869963,-3319.2
2022-11-23 02:00:00,1.0662226228397458,6.777646593635117,0.01207970445277784,-2896.0
2022-11-23 03:00:00,1.1007126450588878,6.859614903654202,0.012016171195635472,-2883.5
2022-11-23 04:00:00,1.1090711304744714,6.906754778648554,0.011764906980108236,-3096.2
2022-11-23 05:00:00,0.9377582297319211,6.92951677076365,0.012317853620392505,-3441.7
2022-11-23 06:00:00,0.6671294149860474,6.92461239604856,0.012043094192971893,-3792.7
2022-11-23 07:00:00,0.5225081953948933,6.893656354602635,0.010934940328538367,-4517.0
2022-11-23 08:00:00,0.5434574157603116,6.815639990074331,0.009961118085512588,-4621.1
2022-11-23 09:00:00,0.5601832232933281,6.71901315438526,0.010600090854202548,-4701.4
2022-11-23 10:00:00,0.5743365341470579,6.633318433280377,0.01731978987687821,-4671.7
2022-11-23 11:00:00,0.49894301611635417,6.54534966033442,-0.00020910952436192787,-4630.7
2022-11-23 12:00:00,0.5127550355838908,6.466144724237619,-0.010946466575115998,-4610.2
2022-11-23 13:00:00,0.583693269185475,6.419994928147142,0.02173136048265434,-4626.9
2022-11-23 14:00:00,0.651613105816339,6.444131256700441,0.016115067577943343,-4672.7
2022-11-23 15:00:00,0.6762356909830451,6.480044561926653,0.018742514987518888,-4620.1
2022-11-23 16:00:00,0.6759422533987527,6.467698726104354,0.004623213278887484,-4484.7
2022-11-23 17:00:00,0.8264812947323197,6.419994928147142,0.012351042495932774,-4478.1
2022-11-23 18:00:00,0.6761487154506831,6.361302477572996,0.014992592907533187,-4537.7
2022-11-23 19:00:00,0.7254286508722076,6.369900982828227,0.015739916614117888,-4529.0
2022-11-23 20:00:00,0.7080939096975936,6.3818160174060985,0.019073395088372358,-4387.5
2022-11-23 21:00:00,0.6516688540310218,6.373319789577012,0.019939618864960096,-4029.1
2022-11-23 22:00:00,0.7656895755096738,6.336825731146441,0.017552311425183653,-3855.0
2022-11-23 23:00:00,0.8006561288683463,6.284134161070802,0.020320565373362243,-3640.5
2022-11-24 00:00:00,1.0545563563890958,5.634789603169249,0.020411901330938953,-2692.7
2022-11-24 01:00:00,1.1084334153065072,5.627621113690637,0.022945502613479718,-2387.9
2022-11-24 02:00:00,1.1608992787427086,5.634789603169249,0.02028679585042692,-2282.8
2022-11-24 03:00:00,1.2082409745465084,5.66988092298052,0.02210630547571313,-2272.4
2022-11-24 04:00:00,1.2423633602332522,5.713732805509369,0.023085785939824355,-2321.7
2022-11-24 05:00:00,1.2542510650744196,5.762051382780177,0.02553468943153181,-2722.7
2022-11-24 06:00:00,1.1838158914815997,5.808142489980444,0.023821520532283813,-3521.3
2022-11-24 07:00:00,1.255952948241534,5.849324779946859,0.024016185695852066,-4273.7
2022-11-24 08:00:00,1.2034242725206052,5.8805329864007,0.022050751942625624,-4438.3
2022-11-24 09:00:00,1.1900832963904238,5.857933154483459,0.018811297950424688,-4433.7
2022-11-24 10:00:00,1.1867782218528946,5.780743515792329,0.026155277187551285,-4397.3
2022-11-24 11:00:00,1.2687605707315122,5.703782474656201,0.030021986962049496,-4328.4
2022-11-24 12:00:00,1.1849590566697987,5.666426688112432,0.013971068370542739,-4374.4
2022-11-24 13:00:00,1.198764855716699,5.720311776607412,0.020727522465457504,-4394.1
2022-11-24 14:00:00,1.160718480016853,5.8377304471659395,0.02328123674194682,-4430.8
2022-11-24 15:00:00,1.265565876896673,5.924255797414532,0.023478271792518157,-4468.4
2022-11-24 16:00:00,1.322240045277046,6.003887067106539,0.011340468634773337,-4389.4
2022-11-24 17:00:00,1.3256026091256823,6.061456918928017,0.012729675619240766,-4427.0
2022-11-24 18:00:00,1.3781405040731487,6.124683390894205,0.019806227684705746,-4491.1
2022-11-24 19:00:00,1.4404339298429774,6.192362489474872,0.022787402410392232,-4572.4
2022-11-24 20:00:00,1.4509423512303847,6.214608098422191,0.021855174361784968,-4549.0
2022-11-24 21:00:00,1.4010903064637752,6.2166061010848646,0.021031436511286472,-4326.7
2022-11-24 22:00:00,1.4030500480972137,6.20050917404269,0.01955594994729193,-4171.8
2022-11-24 23:00:00,1.3292575640973796,6.175867270105761,0.02181533950714254,-3767.9
2022-11-25 00:00:00,1.4543519755290468,5.883322388488279,0.02892505771239673,-2920.0
2022-11-25 01:00:00,1.5461691242620441,5.905361848054571,0.021478032551640602,-2658.8
2022-11-25 02:00:00,1.5588752646775577,5.908082938168931,0.023345092152053937,-2546.6
2022-11-25 03:00:00,1.5571810042731125,5.918893854273146,0.024649946340351114,-2515.6
2022-11-25 04:00:00,1.5213247243817776,5.958424693029782,0.02579259174572801,-2528.6
2022-11-25 05:00:00,1.4486288731820167,5.968707559985366,0.02265963870006349,-2842.1
2022-11-25 06:00:00,1.2571230433772875,5.991464547107982,0.019723226166627583,-3635.6
2022-11-25 07:00:00,1.3525212108976854,5.996452088619021,0.02604883209392117,-4487.6
2022-11-25 08:00:00,1.3171465049309967,5.981414211254481,0.02477176513000323,-4558.1
2022-11-25 09:00:00,1.2793232935939196,5.945420608606575,0.023171414716371963,-4568.5
2022-11-25 10:00:00,1.3270476725460183,5.883322388488279,0.02871231521346651,-4584.4
2022-11-25 11:00:00,1.1877978351009588,5.8289456176102075,0.016486536576652,-4536.6
2022-11-25 12:00:00,1.2357976399426391,5.808142489980444,0.02469156556077934,-4572.3
2022-11-25 13:00:00,1.288898019407621,5.817111159963204,0.033112914059039156,-4601.4
2022-11-25 14:00:00,1.3415995055230692,5.846438775057725,0.03737088564149804,-4596.6
2022-11-25 15:00:00,1.4216427618564857,5.886104031450156,0.03606515492535767,-4598.9
2022-11-25 16:00:00,1.4353945680629536,5.929589143389895,0.02667764036668885,-4590.8
2022-11-25 17:00:00,1.1403467840753558,6.008813185442595,0.01947127913469071,-4610.8
2022-11-25 18:00:00,1.1094209599173936,6.07073772800249,0.01746493375940794,-4661.0
2022-11-25 19:00:00,1.278767394478864,6.115892125483034,0.02055162232050911,-4625.8
2022-11-25 20:00:00,1.3740290572006373,6.133398042996649,0.024654828094214487,-4667.7
2022-11-25 21:00:00,1.6414799187567741,6.1463292576688975,0.025374787135133303,-4677.0
2022-11-25 22:00:00,1.6886965130485327,6.156978985585555,0.021700866027766885,-4525.8
2022-11-25 23:00:00,1.6176619730386488,6.173786103901937,0.020247548247430913,-4371.9
2022-11-26 00:00:00,1.5900269312030568,5.8888779583328805,0.03515033068691853,-4026.6
2022-11-26 01:00:00,1.7328913812262803,5.910796644040527,0.034524436001568404,-3837.1
2022-11-26 02:00:00,1.8183312820335216,5.926926025970411,0.035230926093059445,-3781.4
2022-11-26 03:00:00,1.9660712118818777,5.981414211254481,0.03623914581170595,-3803.9
2022-11-26 04:00:00,1.9708803162879738,6.066108090103747,0.03320158530258599,-3832.6
2022-11-26 05:00:00,1.906785099145659,6.184148890937483,0.030460186474157602,-3918.2
2022-11-26 06:00:00,1.6257149373759354,6.284134161070802,0.03438744397607785,-4123.0
2022-11-26 07:00:00,1.4163117392889841,6.333279628139691,0.03604696407075281,-4513.9
2022-11-26 08:00:00,1.1156688496003877,6.352629396319567,0.03530763047133334,-4799.7
2022-11-26 09:00:00,1.1675774478999195,6.373319789577012,0.03120136546993102,-4844.4
2022-11-26 10:00:00,1.1157632043282462,6.359573868672378,0.0399456920551815,-4844.2
2022-11-26 11:00:00,1.184517699200395,6.345636360828596,0.051511055866014566,-4849.5
2022-11-26 12:00:00,1.1112640249361645,6.495265555937008,0.04017269290580572,-4956.3
2022-11-26 13:00:00,1.0823624995561447,6.535241271013659,0.028317504136022187,-4977.2
2022-11-26 14:00:00,1.1071230550147435,6.565264970035361,0.03197686916703102,-4919.5
2022-11-26 15:00:00,1.0430258288106682,6.588926477533519,0.030360377324599952,-4912.1
2022-11-26 16:00:00,1.0606188900418552,6.620073206530356,0.02039398714484708,-4847.6
2022-11-26 17:00:00,0.9340848533181978,6.654152520183219,0.013189225950254624,-4853.9
2022-11-26 18:00:00,0.8581302408313594,6.661854740545311,0.011339633278873329,-4843.9
2022-11-26 19:00:00,0.8907173189203137,6.659293919683638,0.012179026044873531,-4844.3
2022-11-26 20:00:00,0.9989702555847124,6.637258031284457,0.01640123444849717,-4828.5
2022-11-26 21:00:00,1.0669049204787129,6.608000625296087,0.013579995305002868,-4778.1
2022-11-26 22:00:00,1.350619399137737,6.584791392385716,0.014932387853090923,-4600.9
2022-11-26 23:00:00,1.333166965297024,6.566672429803241,0.02022020047608475,-4557.7
2022-11-27 00:00:00,1.1014699027376902,6.946975992135418,0.03784117149479016,-4436.2
2022-11-27 01:00:00,1.1709249272680098,6.940222469119639,0.03309854735956819,-4173.5
2022-11-27 02:00:00,1.1606173580618147,6.93537044601511,0.02898163250331809,-4002.0
2022-11-27 03:00:00,0.9905153470104664,6.963189985870238,0.03064414309101071,-3843.7
2022-11-27 04:00:00,0.983133907801482,6.990256500493881,0.03093590261486856,-3825.7
2022-11-27 05:00:00,0.9718064024363096,7.04141166379481,0.025231869569503296,-3872.5
2022-11-27 06:00:00,1.0167658800609067,7.1098794630722715,0.024971355217977553,-3969.9
2022-11-27 07:00:00,0.8819493879655065,7.170119543449628,0.026802409934828297,-4291.3
2022-11-27 08:00:00,0.8064505730411984,7.22983877815125,0.033019731925467255,-4561.1
2022-11-27 09:00:00,0.748299777099783,7.266128779556451,0.035789652271896344,-4795.8
2022-11-27 10:00:00,0.7155107267241121,7.310550158534422,0.04996771046752091,-4862.8
2022-11-27 11:00:00,0.5745423914498256,7.334981878871814,0.055207823951217705,-4923.7
2022-11-27 12:00:00,0.7413063909804487,7.351158226430694,0.05490231572132398,-4981.5
2022-11-27 13:00:00,0.6801870441512872,7.3752557780097545,0.04479178544106599,-5023.3
2022-11-27 14:00:00,0.6691150112541813,7.404887575616125,0.04363975449320989,-4976.4
2022-11-27 15:00:00,0.6152486842617728,7.427738840532894,0.04323098159727046,-4958.6
2022-11-27 16:00:00,0.4716073693018634,7.437206366871292,0.02182218563727023,-4895.9
2022-11-27 17:00:00,0.3297463655233539,7.444833273892193,0.018394455330851045,-4892.1
2022-11-27 18:00:00,0.35089465045713464,7.45876269238096,0.01993529913663661,-4900.9
2022-11-27 19:00:00,0.4039288895370765,7.479299637782834,0.013139184629673117,-4891.5
2022-11-27 20:00:00,0.47732153351349016,7.4821189235521155,0.01730278504610716,-4893.3
2022-11-27 21:00:00,0.5769976924886917,7.488852955733459,0.019398857671382608,-4880.4
2022-11-27 22:00:00,0.44688578195826434,7.489412083508719,0.025446861290809863,-4630.3
2022-11-27 23:00:00,0.3938699469138198,7.487173694213739,0.01903200476482514,-4369.1
2022-11-28 00:00:00,0.8698061347705348,6.625392368007956,0.007202707088961979,-3763.3
2022-11-28 01:00:00,0.9942040508196497,6.598509028614515,0.012824224124026173,-3651.3
2022-11-28 02:00:00,1.030934544259459,6.541029999189903,0.011635893292215371,-3592.0
2022-11-28 03:00:00,1.0349061425907546,6.522092798170152,0.008677154369347129,-3537.9
2022-11-28 04:00:00,0.9763031707138596,6.535241271013659,0.007672007036799933,-3560.9
2022-11-28 05:00:00,0.8211071819667497,6.55250788703459,0.00917538943395435,-3812.3
2022-11-28 06:00:00,0.7415922475871914,6.519147287940395,0.004196282993696343,-4232.7
2022-11-28 07:00:00,0.7291424198256582,6.478509642208569,0.005052874822501607,-4457.4
2022-11-28 08:00:00,0.7706985992586484,6.444131256700441,0.010771561800194895,-4647.1
2022-11-28 09:00:00,0.7869465393811081,6.39024066706535,0.009010928847547284,-4681.8
2022-11-28 10:00:00,0.8423494109764773,6.300785794663244,0.008002616816745522,-4637.4
2022-11-28 11:00:00,0.9204930911207398,6.240275845170769,-0.009231230744960683,-4675.6
2022-11-28 12:00:00,0.9506932007686819,6.2166061010848646,-0.008254548996851518,-4661.6
2022-11-28 13:00:00,0.9766959152559576,6.2285110035911835,0.013713807318360693,-4673.4
2022-11-28 14:00:00,0.943509770593483,6.234410725718371,0.00817054939631845,-4687.8
2022-11-28 15:00:00,0.9182221592660067,6.249975242259483,0.005071195054188848,-4708.3
2022-11-28 16:00:00,0.9427748030430356,6.257667587882639,-0.010151607383943606,-4642.2
2022-11-28 17:00:00,0.8806566133839739,6.22455842927536,0.0018316762659456032,-4668.1
2022-11-28 18:00:00,1.0455987283500336,6.192362489474872,0.0010161165457631682,-4679.6
2022-11-28 19:00:00,1.08052479327731,6.16541785423142,-0.0027471124043927375,-4705.8
2022-11-28 20:00:00,1.0857369494448976,6.154858094016418,0.0008682082966231519,-4707.5
2022-11-28 21:00:00,1.115024826738888,6.137727054086234,0.0013218166147019872,-4692.8
2022-11-28 22:00:00,1.1204619738503965,6.113682179832232,0.003938626356217334,-4664.6
2022-11-28 23:00:00,1.0571400889106135,6.095824562432225,0.0076039460393930725,-4678.6
2022-11-29 00:00:00,1.4883761540751763,6.102558594613569,0.002042246617463661,-3758.2
2022-11-29 01:00:00,1.608495948947792,6.1070228877422545,0.007876067943565879,-3601.6
2022-11-29 02:00:00,1.702244498394756,6.093569770045136,0.0012779292044742263,-3454.5
2022-11-29 03:00:00,1.77365028854335,6.07073772800249,7.953118253123392e-05,-3520.5
2022-11-29 04:00:00,1.7195522971306385,6.073044534100405,0.0018592202510125944,-3579.0
2022-11-29 05:00:00,1.5674256990365594,6.066108090103747,0.003100769092988287,-3816.5
2022-11-29 06:00:00,1.3875116715784443,6.021023349349527,0.002533840991213232,-4392.2
2022-11-29 07:00:00,1.314171212751977,5.978885764901122,0.001481980536134131,-4569.0
2022-11-29 08:00:00,1.2287814604268386,5.924255797414532,0.0019532099870618325,-4556.8
2022-11-29 09:00:00,1.1907599108801437,5.877735781779639,-0.0018574209305075584,-4606.4
2022-11-29 10:00:00,1.2621121424401638,5.814130531825066,0.0046238689718984816,-4597.8
2022-11-29 11:00:00,1.3081390613921835,5.762051382780177,0.0033114939420251233,-4589.6
2022-11-29 12:00:00,1.3627465333489797,5.733341276897746,-0.014785787863428546,-4567.9
2022-11-29 13:00:00,1.4673699801880584,5.707110264748875,0.012672860275761977,-4541.9
2022-11-29 14:00:00,1.4592200855279698,5.697093486505405,0.007078693424252158,-4517.5
2022-11-29 15:00:00,1.4760241449644464,5.697093486505405,0.01123846758814917,-4483.4
2022-11-29 16:00:00,1.4804507289692106,5.720311776607412,-0.00855218182591333,-4426.4
2022-11-29 17:00:00,1.5423064859392266,5.733341276897746,-0.004774199229249376,-4414.2
2022-11-29 18:00:00,1.6431193045825028,5.746203190540153,-0.0021907311141626806,-4431.6
2022-11-29 19:00:00,1.660462107193565,5.739792912179234,-0.005806366970900534,-4468.6
2022-11-29 20:00:00,1.5975452397631642,5.707110264748875,0.002240155844915215,-4501.7
2022-11-29 21:00:00,1.5526792807533711,5.648974238161206,0.00035301556627320707,-4500.3
2022-11-29 22:00:00,1.4921724248653208,5.605802066295998,-0.000776654555158629,-4466.5
2022-11-29 23:00:00,1.6012814238632007,5.537334267018537,-0.0003155717668823499,-4448.7
2022-11-30 00:00:00,1.7186973218725923,5.308267697401205,0.09028937121643033,-3997.3
2022-11-30 01:00:00,1.8359806014789033,5.278114659230517,0.09595195142606272,-3946.3
2022-11-30 02:00:00,1.90416453156939,5.236441962829949,0.09066309045178844,-3876.1
2022-11-30 03:00:00,1.9554943406856227,5.204006687076795,0.09092233429657526,-3862.7
2022-11-30 04:00:00,1.9289956797958094,5.176149732573829,0.09087072105637084,-3839.6
2022-11-30 05:00:00,1.7837359270683608,5.14166355650266,0.0904452188198599,-3904.8
2022-11-30 06:00:00,1.5229873000096292,5.111987788356544,0.08825183136283066,-4327.4
2022-11-30 07:00:00,1.5775276594314125,5.093750200806762,0.08784279138992179,-4515.3
2022-11-30 08:00:00,1.5943898362088458,5.0689042022202315,0.09121016466720011,-4499.4
2022-11-30 09:00:00,1.5837919076253986,5.0369526024136295,0.09045901891573216,-4488.6
2022-11-30 10:00:00,1.5776195766886403,4.983606621708336,0.10041413879576044,-4481.8
2022-11-30 11:00:00,1.5532174906202476,4.927253685157205,0.08340246817827879,-4501.8
2022-11-30 12:00:00,1.5223064209465882,4.882801922586371,0.07466235753877903,-4484.7
2022-11-30 13:00:00,1.6034533710544316,4.867534450455582,0.10721399275648213,-4491.7
2022-11-30 14:00:00,1.6155661454308694,4.890349128221754,0.10033682015458822,-4438.2
2022-11-30 15:00:00,1.6053016143459233,4.941642422609304,0.10229186381830502,-4417.7
2022-11-30 16:00:00,1.6129778032580049,4.948759890378168,0.08438045135299799,-4436.8
2022-11-30 17:00:00,1.6576792016742319,4.9344739331306915,0.09264521856660579,-4503.6
2022-11-30 18:00:00,1.7619535082993334,4.912654885736052,0.09613674358260926,-4469.5
2022-11-30 19:00:00,1.8167053698086049,4.897839799950911,0.09518382187455288,-4507.5
2022-11-30 20:00:00,1.7825056276387263,4.890349128221754,0.09800509795459256,-4533.1
2022-11-30 21:00:00,1.6531847774199306,4.890349128221754,0.10198905565433947,-4496.8
2022-11-30 22:00:00,1.6586940953225469,4.890349128221754,0.1012319068293408,-4317.2
2022-11-30 23:00:00,1.6379047742276036,4.867534450455582,0.10710017653814319,-4256.5
2022-12-01 00:00:00,0.8769619006962541,4.882801922586371,-0.1107641130706325,-4121.3
2022-12-01 01:00:00,0.8802204511212501,4.90527477843843,-0.10843374116427196,-3974.1
2022-12-01 02:00:00,0.8986063875264527,4.897839799950911,-0.10700283659651255,-3923.3
2022-12-01 03:00:00,0.9358971993761518,4.875197323201151,-0.10276310931536692,-3914.5
2022-12-01 04:00:00,0.9080118344154142,4.867534450455582,-0.09595421134457904,-3880.2
2022-12-01 05:00:00,0.8357355789083991,4.867534450455582,-0.08630293721048066,-3902.0
2022-12-01 06:00:00,0.9037008176801873,4.820281565605037,-0.07222767783439377,-4196.5
2022-12-01 07:00:00,0.9391266415011694,4.787491742782046,-0.0655033235019431,-4248.3
2022-12-01 08:00:00,0.9031703437947431,4.787491742782046,-0.06841847189550432,-4557.9
2022-12-01 09:00:00,0.8980331227201264,4.787491742782046,-0.07366855475144796,-4579.8
2022-12-01 10:00:00,0.8728462711138079,4.770684624465665,-0.08124378406444954,-4589.1
2022-12-01 11:00:00,0.9543419454676796,4.6913478822291435,-0.0632544312162917,-4565.9
2022-12-01 12:00:00,0.8889526365196394,4.61512051684126,-0.07875638001421503,-4553.0
2022-12-01 13:00:00,0.939244454044105,4.543294782270004,-0.08339615857498739,-4538.1
2022-12-01 14:00:00,0.950849113264506,4.51085950651685,-0.07717101582071084,-4513.5
2022-12-01 15:00:00,0.955251100064018,4.48863636973214,-0.07181493593105603,-4482.5
2022-12-01 16:00:00,0.9915859625493528,4.499809670330265,-0.06856192593164767,-4471.0
2022-12-01 17:00:00,1.0327964327043802,4.465908118654584,-0.07101224867950329,-4486.9
2022-12-01 18:00:00,1.026262812326026,4.442651256490317,-0.06914392729232333,-4458.6
2022-12-01 19:00:00,1.097621303734095,4.418840607796598,-0.0680009081270434,-4509.1
2022-12-01 20:00:00,1.074225872175603,4.430816798843313,-0.07256220593570273,-4223.8
2022-12-01 21:00:00,0.9908293163616646,4.465908118654584,-0.07671045486008854,-4163.3
2022-12-01 22:00:00,0.921825651869451,4.477336814478207,-0.0849315631998051,-4107.6
2022-12-01 23:00:00,0.9608239874646243,4.48863636973214,-0.0902156307366786,-3953.9
2022-12-02 00:00:00,1.0484200586346866,4.442651256490317,-0.09819379646462068,-3443.7
2022-12-02 01:00:00,1.0131738496294638,4.406719247264253,-0.10616802212409748,-3356.6
2022-12-02 02:00:00,1.0588183435065437,4.406719247264253,-0.10305092328833343,-3348.6
2022-12-02 03:00:00,1.1161279109486202,4.48863636973214,-0.09822582241706623,-3396.5
2022-12-02 04:00:00,1.0320328987974143,4.465908118654584,-0.09479650679991725,-3463.4
2022-12-02 05:00:00,0.941123969091378,4.499809670330265,-0.09199393619381535,-3792.0
2022-12-02 06:00:00,0.8951526900784668,4.584967478670572,-0.0743312547338908,-4423.8
2022-12-02 07:00:00,0.9367410139146513,4.672828834461906,-0.05893238458178196,-4502.6
2022-12-02 08:00:00,0.9760599950029754,4.74493212836325,-0.06254753969256122,-4539.5
2022-12-02 09:00:00,0.9685790712694669,4.787491742782046,-0.06544696184326515,-4525.2
2022-12-02 10:00:00,1.0052077713695464,4.77912349311153,-0.07471637203153403,-4532.8
2022-12-02 11:00:00,0.8827210565577497,4.77912349311153,-0.07455250509862932,-4479.6
2022-12-02 12:00:00,0.9229802109784195,4.812184355372417,-0.0677862915678542,-4515.5
2022-12-02 13:00:00,0.8708410575355066,4.912654885736052,-0.06979296228586929,-4540.8
2022-12-02 14:00:00,0.6593963745066924,5.0369526024136295,-0.06134441577831673,-4515.2
2022-12-02 15:00:00,0.5812629970048606,5.147494476813453,-0.06045426547653854,-4523.5
2022-12-02 16:00:00,0.5838074330132681,5.209486152841421,-0.05495304803495671,-4684.5
2022-12-02 17:00:00,0.8753265533204795,5.2574953720277815,-0.06453539607775216,-4756.5
2022-12-02 18:00:00,0.7650324983434436,5.308267697401205,-0.0698551485761234,-4680.7
2022-12-02 19:00:00,0.7611133873407878,5.342334251964811,-0.06725499626807174,-4678.6
2022-12-02 20:00:00,0.6498698236833063,5.365976015021851,-0.06872247878586979,-4239.6
2022-12-02 21:00:00,0.799848086340682,5.365976015021851,-0.0733255976905074,-4198.2
2022-12-02 22:00:00,0.8612550038033673,5.365976015021851,-0.08433957935152758,-3926.3
2022-12-02 23:00:00,0.931085498224677,5.351858133476067,-0.09334793686683884,-3747.1
2022-12-03 00:00:00,0.8079649545151648,5.529429087511423,-0.08101660774480823,-3421.2
2022-12-03 01:00:00,0.796992168058801,5.517452896464707,-0.08116322314925206,-3305.3
2022-12-03 02:00:00,0.8911268111100057,5.5053315359323625,-0.07620053045968689,-3140.2
2022-12-03 03:00:00,0.9969037023735439,5.5053315359323625,-0.07103478010747022,-3149.2
2022-12-03 04:00:00,1.0266053058270437,5.480638923341991,-0.0628325916711523,-3100.0
2022-12-03 05:00:00,1.012778880718157,5.429345628954441,-0.055443868617310876,-3183.4
2022-12-03 06:00:00,1.0322763484356825,5.356586274672012,-0.02880929601836346,-3327.6
2022-12-03 07:00:00,0.9244167192051052,5.293304824724492,-0.020496558011816823,-4228.1
2022-12-03 08:00:00,0.8347339313187732,5.247024072160486,-0.02559631164196219,-4685.4
2022-12-03 09:00:00,0.8489254990374375,5.176149732573829,-0.027155574085499623,-4902.2
2022-12-03 10:00:00,0.8884265350823117,5.087596335232384,-0.032139829583107016,-4908.3
2022-12-03 11:00:00,0.9939872307247208,4.912654885736052,-0.008430743545927655,-4906.0
2022-12-03 12:00:00,0.980751488878191,4.787491742782046,-0.01901038439461189,-4840.4
2022-12-03 13:00:00,0.9507076215687391,4.7535901911063645,-0.042104925013515704,-4829.4
2022-12-03 14:00:00,0.9637524127086774,4.795790545596741,-0.030553166970304524,-4878.1
2022-12-03 15:00:00,0.9390954678872605,4.844187086458591,-0.027783806107861686,-4860.9
2022-12-03 16:00:00,0.8943109758725702,4.844187086458591,-0.022755638208474593,-4836.6
2022-12-03 17:00:00,0.8383748337473484,4.852030263919617,-0.03123380083244065,-4847.8
2022-12-03 18:00:00,0.8126290964225538,4.836281906951478,-0.03552037919653728,-4808.4
2022-12-03 19:00:00,0.7152019623717409,4.812184355372417,-0.03629134755161889,-4840.7
2022-12-03 20:00:00,0.7232959108552812,4.770684624465665,-0.03849043675288755,-4812.5
2022-12-03 21:00:00,0.7279039369358671,4.74493212836325,-0.04492284483961129,-4581.6
2022-12-03 22:00:00,0.7193184953512874,4.762173934797756,-0.04788956464031813,-4499.5
2022-12-03 23:00:00,0.7814528392531699,4.770684624465665,-0.053798685500691334,-3825.2
2022-12-04 00:00:00,0.6916327983777126,4.6913478822291435,-0.030784737768927428,-3323.0
2022-12-04 01:00:00,0.6255876821166284,4.672828834461906,-0.037769725561502376,-2992.7
2022-12-04 02:00:00,0.7150131141527476,4.624972813284271,-0.035005900352893526,-2854.7
2022-12-04 03:00:00,0.642923218637959,4.605170185988092,-0.0335548775964174,-2733.1
2022-12-04 04:00:00,0.6220273884891974,4.574710978503383,-0.029081234273964363,-2759.6
2022-12-04 05:00:00,0.6168977312548352,4.532599493153256,-0.02225741435920714,-2702.9
2022-12-04 06:00:00,0.729434799960921,4.499809670330265,-0.005621135815985667,-2793.1
2022-12-04 07:00:00,0.6544758912057311,4.51085950651685,0.0009755142646730164,-3125.0
2022-12-04 08:00:00,0.7300445383508505,4.543294782270004,0.0030347084428106186,-3781.2
2022-12-04 09:00:00,0.7426511036617711,4.543294782270004,0.0058138552644511066,-4030.4
2022-12-04 10:00:00,0.7806654294884048,4.5217885770490405,0.0044628272263009805,-4304.0
2022-12-04 11:00:00,0.6953607404359952,4.430816798843313,0.025060797127248513,-4383.4
2022-12-04 12:00:00,0.886302502513975,4.356708826689592,0.028875494392873513,-4431.6
2022-12-04 13:00:00,0.8625057178508344,4.406719247264253,0.01012056114910731,-4476.9
2022-12-04 14:00:00,0.8330932130476283,4.564348191467836,0.014686619519068245,-4481.0
2022-12-04 15:00:00,0.7588253542118961,4.6443908991413725,0.0190825593652999,-4472.3
2022-12-04 16:00:00,0.6903616782092801,4.700480365792417,0.011366096018275762,-4432.6
2022-12-04 17:00:00,0.6572785581162304,4.804021044733257,0.004565108161361131,-4454.1
2022-12-04 18:00:00,0.5181596997053459,4.882801922586371,0.003565150408656237,-4480.4
2022-12-04 19:00:00,0.5053070803287127,5.0106352940962555,-0.0012256005495174804,-4328.2
2022-12-04 20:00:00,0.4036062892323802,5.153291594497779,0.0015554861324851288,-4266.1
2022-12-04 21:00:00,0.4683012023879236,5.3230099791384085,0.0016114965605318332,-4228.2
2022-12-04 22:00:00,0.4929345704894956,5.476463551931511,0.0023761629070735424,-3926.9
2022-12-04 23:00:00,0.5299328983378855,5.62040086571715,-0.011160310453441902,-3612.4
2022-12-05 00:00:00,0.45642355545281355,6.0112671744041615,0.005079695908766446,-2993.9
2022-12-05 01:00:00,0.35584523701207527,6.1070228877422545,0.010778566453860883,-2915.5
2022-12-05 02:00:00,0.33391745297043673,6.182084906716632,0.011623122203550551,-2917.3
2022-12-05 03:00:00,0.36991050583754337,6.261491684321042,0.012354834603748088,-2993.3
2022-12-05 04:00:00,0.2170060502085498,6.318968113746434,0.015494421380003232,-3017.8
2022-12-05 05:00:00,0.47357939355039935,6.368187186350492,0.019440521731660887,-3532.8
2022-12-05 06:00:00,0.5111743639123629,6.329720905522696,0.0213450996713469,-4174.9
2022-12-05 07:00:00,0.4699547588713182,6.371611847231857,0.019418906723986495,-4814.2
2022-12-05 08:00:00,0.41145813418820953,6.418364935936212,0.015309150289891882,-4926.5
2022-12-05 09:00:00,0.4216650708145009,6.444131256700441,0.012851000530536005,-4980.7
2022-12-05 10:00:00,0.3592237101760123,6.480044561926653,-0.002517653852845747,-5037.2
2022-12-05 11:00:00,0.42443638011500795,6.530877627725885,-0.006810230835532671,-5044.2
2022-12-05 12:00:00,0.41600483304430735,6.5998704992128365,-0.006647887081569159,-5091.3
2022-12-05 13:00:00,0.46620413462169186,6.630683385642372,0.004979310184055841,-5087.5
2022-12-05 14:00:00,0.418052183677724,6.664409020350408,0.001789086914261162,-5094.2
2022-12-05 15:00:00,0.3860933912434046,6.710523109452428,0.004103410363327953,-5118.5
2022-12-05 16:00:00,0.38180820873459,6.76849321164863,0.006934300552039474,-5154.7
2022-12-05 17:00:00,0.3854766719062219,6.827629234502852,0.013753017948206825,-5195.4
2022-12-05 18:00:00,0.45752912218817077,6.914730892718563,0.012945764472240384,-5200.0
2022-12-05 19:00:00,0.5218252090778712,7.045776576879511,0.009188851922940167,-5221.1
2022-12-05 20:00:00,0.5285972932272109,7.093404625868766,0.007614084876182758,-5280.8
2022-12-05 21:00:00,0.5617975399818205,7.124478262493424,0.0039434271523157705,-5360.9
2022-12-05 22:00:00,0.6309391960945474,7.146772179452637,0.002390193469956614,-5364.2
2022-12-05 23:00:00,0.7662149657580226,7.170888478512505,0.0005079739653011117,-5294.6
2022-12-06 00:00:00,-0.15439942679411178,7.909856667269403,-0.0007783465586834737,-4924.9
2022-12-06 01:00:00,-0.23581972391796047,7.933796874815411,0.005466928110314129,-4952.7
2022-12-06 02:00:00,-0.21945387077345568,7.947678571301568,0.0004228154454271049,-4940.0
2022-12-06 03:00:00,-0.13735149182904927,7.959275960116396,-0.0012016422263405602,-5025.6
2022-12-06 04:00:00,-0.11229507678178496,7.968319500012717,0.0037222334263571355,-5170.3
2022-12-06 05:00:00,-0.2278005715856919,7.975908360165538,0.0031441571586618977,-5214.8
2022-12-06 06:00:00,-0.3006098425001644,7.980707820869669,0.0034185373257296092,-5302.0
2022-12-06 07:00:00,-0.3081468118775028,7.9561263512135,0.002222043037786392,-5308.9
2022-12-06 08:00:00,-0.09224187887214619,7.920446505142607,-0.0018216968331037364,-5321.9
2022-12-06 09:00:00,-0.07355298015586875,7.870547844507712,-0.005444454050553382,-5316.4
2022-12-06 10:00:00,0.002838739815999247,7.819636302367592,-0.015031378158314901,-5364.0
2022-12-06 11:00:00,-0.00425096963168059,7.776954403322442,-0.0033118817485702223,-5395.1
2022-12-06 12:00:00,-0.07103325753693213,7.751475318021456,-0.023912294818100754,-5395.4
2022-12-06 13:00:00,0.024818920004655354,7.731930721948486,-0.006791933489975754,-5469.1
2022-12-06 14:00:00,0.016304415064293032,7.729735331385051,-0.00681109763171861,-5584.2
2022-12-06 15:00:00,0.05756938188809446,7.727094484779841,0.0018927520436164968,-5749.6
2022-12-06 16:00:00,0.1585947876155691,7.7057128238944275,0.002217373416956825,-5878.7
2022-12-06 17:00:00,0.20727523384201874,7.663407664893479,0.005765078134658097,-5925.3
2022-12-06 18:00:00,0.287255413729274,7.637234388789473,0.008447874996946325,-5875.0
2022-12-06 19:00:00,0.31742102487239077,7.627057417018934,0.007265849925491175,-5898.9
2022-12-06 20:00:00,0.35921310154476327,7.605392364814935,0.01395216575009961,-5895.2
2022-12-06 21:00:00,0.4681349041315377,7.577121930876679,0.010186215860096048,-5893.7
2022-12-06 22:00:00,0.5419385752408301,7.538494999413465,0.008006052820597631,-5874.3
2022-12-06 23:00:00,0.7182772145096541,7.494430215031565,0.007294666622891022,-5613.0
2022-12-07 00:00:00,0.8110576686314586,7.473637108496206,0.0010124170216094797,-5286.3
2022-12-07 01:00:00,0.6945250140327994,7.421177528595393,0.00884283770533667,-4718.2
2022-12-07 02:00:00,0.601705152096466,7.351799869057777,0.006462379128691964,-4527.2
2022-12-07 03:00:00,0.6285225157432324,7.275172319452771,0.008737848629570166,-4401.7
2022-12-07 04:00:00,0.7082688352554944,7.1770187659099,0.013606819372002477,-4415.4
2022-12-07 05:00:00,0.6478321990825551,7.0630481633881725,0.017110478345179203,-4580.8
2022-12-07 06:00:00,0.5513837163870345,6.947937068614969,0.02071015080158034,-4776.8
2022-12-07 07:00:00,0.6993726349737628,6.829793737512425,0.02219551129686259,-5161.9
2022-12-07 08:00:00,0.7266959566527067,6.720220155135295,0.020560399184851974,-5090.1
2022-12-07 09:00:00,0.6566630504653421,6.6240652277998935,0.019867251714139833,-5027.9
2022-12-07 10:00:00,0.6117140741566676,6.53813982376767,0.012095418916703515,-4956.0
2022-12-07 11:00:00,0.5057755576793932,6.459904454377535,0.008639303194047265,-4880.0
2022-12-07 12:00:00,0.5881819628923628,6.416732282512326,-0.0015234420144389915,-4895.6
2022-12-07 13:00:00,0.5748026700446855,6.421622267806518,0.02173095251681101,-4814.7
2022-12-07 14:00:00,0.7471290255503211,6.413458957167357,0.019783450466905883,-4856.5
2022-12-07 15:00:00,0.8154963716849402,6.439350371100098,0.025199922342288517,-4848.9
2022-12-07 16:00:00,0.8581951876643616,6.450470422144176,0.024658921596688366,-4898.3
2022-12-07 17:00:00,0.8115950983218783,6.395261598115449,0.029660430826009332,-4918.8
2022-12-07 18:00:00,0.8122925518245303,6.315358001522335,0.03120397341264436,-4851.8
2022-12-07 19:00:00,0.8261997135220582,6.249975242259483,0.0328488807719598,-4859.4
2022-12-07 20:00:00,0.8976409513064407,6.236369590203704,0.03500991863440017,-4877.0
2022-12-07 21:00:00,0.6949803274794428,6.2766434893416445,0.035992039943448795,-4759.7
2022-12-07 22:00:00,0.702743913927562,6.331501849893691,0.03362232256525299,-4690.6
2022-12-07 23:00:00,0.7621434518772787,6.396929655216146,0.03457039073837098,-4619.7
2022-12-08 00:00:00,0.9134476982664461,6.331501849893691,0.03710984179745047,-3833.8
2022-12-08 01:00:00,0.8673995375206953,6.436150368369428,0.04303237329231813,-3755.4
2022-12-08 02:00:00,0.8687003945615572,6.520621127558696,0.045068600249934754,-3769.2
2022-12-08 03:00:00,0.9421668123897478,6.566672429803241,0.048627679155635484,-3792.6
2022-12-08 04:00:00,0.9209929079550374,6.6052979209482015,0.05148579296933509,-3791.7
2022-12-08 05:00:00,0.8912429663229178,6.693323668269949,0.05374313643523543,-4007.5
2022-12-08 06:00:00,0.8314899257392332,6.77078942390898,0.05356279204569159,-4750.0
2022-12-08 07:00:00,0.7596051262222296,6.903747257584598,0.053690115325771615,-4963.9
2022-12-08 08:00:00,0.642311048046686,7.018401799069201,0.05219967293746741,-4946.1
2022-12-08 09:00:00,0.5367704819110122,7.149131598557407,0.046870302505443995,-5045.9
2022-12-08 10:00:00,0.41463677674681865,7.242797922793756,0.03847311411688459,-5111.4
2022-12-08 11:00:00,0.38162004533616223,7.307872780763706,0.056511628475091946,-5136.7
2022-12-08 12:00:00,0.17255848746918456,7.356279876550748,0.04009352931884447,-5245.5
2022-12-08 13:00:00,0.1320131148621897,7.387090235656757,0.03745100729669737,-5365.1
2022-12-08 14:00:00,0.21894790315513468,7.409741954080923,0.04109457545957085,-5381.6
2022-12-08 15:00:00,0.25001454119590516,7.4205789054108005,0.04195307342994514,-5391.6
2022-12-08 16:00:00,0.3351168492383847,7.395107546562485,0.04373542491927296,-5374.4
2022-12-08 17:00:00,0.36939347827449076,7.344072850573066,0.04201113972389248,-5346.2
2022-12-08 18:00:00,0.546816344969633,7.292337176173877,0.047669082097290705,-5342.8
2022-12-08 19:00:00,0.6095857295758771,7.261225091971921,0.0521517968846581,-5363.5
2022-12-08 20:00:00,0.6359212738140867,7.255591274253665,0.051019993750343495,-5381.3
2022-12-08 21:00:00,0.695447815336169,7.260522598089852,0.05056305846590892,-5337.5
2022-12-08 22:00:00,0.7806428829325913,7.282761179605593,0.04757173825738814,-5422.6
2022-12-08 23:00:00,0.9217515945845243,7.306531398939505,0.048714055080224306,-5396.3
2022-12-09 00:00:00,1.1102150492889802,7.204892510204673,0.0037896540276136648,-4696.7
2022-12-09 01:00:00,1.0295105814662966,7.192182058713246,0.0005192815749879287,-4255.6
2022-12-09 02:00:00,1.0625188450897625,7.199678345691172,0.00465600982829617,-4188.5
2022-12-09 03:00:00,1.1073446826309645,7.218176838403408,0.006550348354414481,-4222.0
2022-12-09 04:00:00,1.0357810670916976,7.234898420314831,0.006229458895639084,-4269.8
2022-12-09 05:00:00,0.9550039117505671,7.253470382684528,0.0014872536173369255,-4656.4
2022-12-09 06:00:00,0.7976680721693548,7.261225091971921,0.004533911723454409,-5268.7
2022-12-09 07:00:00,0.6075123198865979,7.2633296174768365,0.008726263892032016,-5359.3
2022-12-09 08:00:00,0.6290228711052146,7.257707677160043,0.001348101320007622,-5462.3
2022-12-09 09:00:00,0.667265330523577,7.240649694255466,-0.003760741969442094,-5501.5
2022-12-09 10:00:00,0.7179525303219636,7.213768308118642,-0.012719973040757004,-5522.3
2022-12-09 11:00:00,0.639709302026815,7.180069874302796,-0.014463017397022604,-5489.0
2022-12-09 12:00:00,0.7288716913196414,7.147559271189454,-0.006111343669539693,-5418.1
2022-12-09 13:00:00,0.6924507884308815,7.142827401161621,-0.005828753015419075,-5397.7
2022-12-09 14:00:00,0.6609129685922532,7.166265974133638,0.0039832103103387695,-5373.5
2022-12-09 15:00:00,0.6172846295716594,7.205635176410364,0.0009300616108047777,-5379.9
2022-12-09 16:00:00,0.6123832859070397,7.22983877815125,0.006077171028977091,-5391.7
2022-12-09 17:00:00,0.6424482983486239,7.228388451573604,-0.001436251639947983,-5366.4
2022-12-09 18:00:00,0.7351786115738932,7.236339342754344,-0.00395402103481679,-5290.2
2022-12-09 19:00:00,0.8096287616179643,7.2640301428995295,0.0005526628815690771,-5273.3
2022-12-09 20:00:00,0.8683590720046741,7.30854279753919,0.0002082017125353275,-5259.5
2022-12-09 21:00:00,0.7397011654969932,7.3613754289773485,-0.0013720249338113888,-4967.6
2022-12-09 22:00:00,0.8815209281471645,7.400620577371135,-0.0060449245646898575,-5051.8
2022-12-09 23:00:00,1.0064136780791184,7.419380582918692,-0.013148575319714695,-5047.4
2022-12-10 00:00:00,0.9008611085179137,7.547501682814967,-0.016058711470035902,-5236.3
2022-12-10 01:00:00,0.8797098779895771,7.563200592358071,-0.020692682163926612,-5219.4
2022-12-10 02:00:00,0.9880932928035584,7.5688956634069955,-0.02188390153130282,-5193.2
2022-12-10 03:00:00,1.0723932496781847,7.57198844937744,-0.019688800068845325,-5241.1
2022-12-10 04:00:00,1.1019543881008502,7.56734567601324,-0.015459333663675245,-5202.7
2022-12-10 05:00:00,1.0430468381829705,7.5652752818989315,-0.010679040009348384,-5241.7
2022-12-10 06:00:00,0.9730741099973521,7.552237287560802,0.009722659167841208,-5490.9
2022-12-10 07:00:00,0.7704951545226857,7.520776415062797,0.013727314375760358,-5595.2
2022-12-10 08:00:00,0.7115842145342803,7.469083884921234,0.003939753250073785,-5606.4
2022-12-10 09:00:00,0.6765542730966505,7.424761761823209,0.0004167940416923699,-5613.8
2022-12-10 10:00:00,0.6411925554825677,7.3752557780097545,-0.0066407965167698535,-5614.9
2022-12-10 11:00:00,0.7323943206312986,7.328437352895162,0.017079702274162223,-5570.7
2022-12-10 12:00:00,0.763634493716542,7.306531398939505,0.009312479805449136,-5570.5
2022-12-10 13:00:00,0.7326176416345236,7.326465613840322,-0.013692641790684412,-5603.1
2022-12-10 14:00:00,0.7389310905713851,7.364547014255642,-0.001903042664977761,-5640.2
2022-12-10 15:00:00,0.6971174175530432,7.392031567514591,-0.0014202405772456572,-5644.2
2022-12-10 16:00:00,0.6506055539354278,7.412160334945205,-0.0028156624246289397,-5638.4
2022-12-10 17:00:00,0.5952343421128239,7.415175109613295,-0.01039066677583289,-5610.7
2022-12-10 18:00:00,0.57401803011056,7.413970290190444,-0.013385788049783187,-5529.5
2022-12-10 19:00:00,0.5803191275735822,7.415776975415394,-0.010515559252477047,-5527.5
2022-12-10 20:00:00,0.654211961515454,7.413970290190444,-0.01021508841125307,-5374.9
2022-12-10 21:00:00,0.6367544264322129,7.409136443920128,-0.014048865690400092,-5361.5
2022-12-10 22:00:00,0.7440525166664838,7.3987862754199485,-0.013052950518003037,-5355.2
2022-12-10 23:00:00,0.824205906906962,7.383989457978509,-0.018602983371691195,-5228.3
2022-12-11 00:00:00,0.9240889247430939,7.335633981927201,-0.01828144910111451,-4745.8
2022-12-11 01:00:00,0.765343749298518,7.3453648404168685,-0.023570704046839808,-4738.9
2022-12-11 02:00:00,0.7552176341242083,7.344719054149673,-0.017711471340658314,-4608.8
2022-12-11 03:00:00,0.7273739053128461,7.3427791893318455,-0.015710917014236436,-4607.3
2022-12-11 04:00:00,0.6955678237377878,7.329093736246592,-0.011300730291956995,-4586.8
2022-12-11 05:00:00,0.701046636365211,7.307202314764738,-0.006216970189120374,-4496.9
2022-12-11 06:00:00,0.796353774508507,7.280008252884188,0.011021441159012824,-4620.2
2022-12-11 07:00:00,0.5674000947162963,7.238496840894365,0.018717528440506115,-4768.2
2022-12-11 08:00:00,0.5172785936251056,7.1929342212158,0.018893249749458718,-4789.6
2022-12-11 09:00:00,0.5174189582162976,7.147559271189454,0.021254670667354425,-4802.5
2022-12-11 10:00:00,0.5708873886492993,7.095893221097532,0.018311607861826396,-4767.1
2022-12-11 11:00:00,0.48708291203487164,7.037027614686276,0.036560260424148616,-4758.6
2022-12-11 12:00:00,0.7139306156698195,6.9985096422506015,0.04125407862551356,-4817.4
2022-12-11 13:00:00,0.7073310530575707,7.00033446027523,0.020237207801346635,-4827.8
2022-12-11 14:00:00,0.676663177156918,7.035268599281097,0.022564121962162176,-4891.2
2022-12-11 15:00:00,0.568558045728949,7.07326971745971,0.026345996553829742,-4955.6
2022-12-11 16:00:00,0.4684164493871794,7.099201743553092,0.015581953864486131,-4994.5
2022-12-11 17:00:00,0.3659093912325444,7.105786129481271,0.004144321283702901,-5009.6
2022-12-11 18:00:00,0.35917381970369444,7.118826249062078,0.0027148102213629954,-4994.0
2022-12-11 19:00:00,0.3101666300766306,7.133295954896068,-0.002517868659571043,-5011.1
2022-12-11 20:00:00,0.30734946907496763,7.143617602704121,0.000680212553629822,-5033.3
2022-12-11 21:00:00,0.32699423321925103,7.167809184316444,-0.001075473260293336,-5063.2
2022-12-11 22:00:00,0.4626428439919197,7.180069874302796,8.205774860492454e-05,-5134.8
2022-12-11 23:00:00,0.5286110210799704,7.193685818395112,-0.0031014851370905205,-5070.6
2022-12-12 00:00:00,0.6100709206322987,7.288244401020124,0.007474906634721279,-4872.0
2022-12-12 01:00:00,0.5849725057570891,7.300472814267799,0.0044937983659680825,-4783.8
2022-12-12 02:00:00,0.6187808598776323,7.2991214627108,0.0028852025303880424,-4688.4
2022-12-12 03:00:00,0.6695463742514116,7.286191714702382,0.00314711265647194,-4672.7
2022-12-12 04:00:00,0.5958349789877397,7.293017679772782,0.0059614607212790105,-4680.2
2022-12-12 05:00:00,0.5542991271405766,7.3031700512368,0.005249393212128695,-4817.9
2022-12-12 06:00:00,0.5239605407983889,7.313886831633462,0.005105426538109192,-4971.2
2022-12-12 07:00:00,0.5787390097412848,7.3343293503005365,-0.0025689497820069462,-5238.0
2022-12-12 08:00:00,0.7201420166943571,7.354362330421477,-0.006032509314758627,-5226.4
2022-12-12 09:00:00,0.5923055159163022,7.381501894506707,-0.005690441563473314,-5252.1
2022-12-12 10:00:00,0.5361989219764487,7.4133673356952405,-0.020368026398509542,-5264.8
2022-12-12 11:00:00,0.47937290709522795,7.430707082545968,-0.023828469760453608,-5257.6
2022-12-12 12:00:00,0.4892130155719787,7.43543801981455,-0.023244098804977575,-5323.0
2022-12-12 13:00:00,0.5252886914588437,7.4360278163518485,-0.007137154687069547,-5277.6
2022-12-12 14:00:00,0.5070809614272251,7.443663683115591,-0.009822655165661942,-5316.3
2022-12-12 15:00:00,0.47761913742773565,7.44600149832412,-0.011206015241064016,-5365.0
2022-12-12 16:00:00,0.4216300187054669,7.44600149832412,-0.009952022548352701,-5398.2
2022-12-12 17:00:00,0.4539847597392761,7.451241684987676,-0.004072766004393991,-5452.8
2022-12-12 18:00:00,0.5121405426487753,7.461640392208575,-0.0028089544463458793,-5433.1
2022-12-12 19:00:00,0.5455658125924199,7.489412083508719,-0.0032080010538884096,-5419.0
2022-12-12 20:00:00,0.6376378133230443,7.5310163320779155,-0.002088585631387474,-5400.9
2022-12-12 21:00:00,0.4407015407651844,7.569927655242652,-0.0020962805947597474,-5455.0
2022-12-12 22:00:00,0.5651549844431276,7.608374474380783,-0.0024911119844652774,-5506.5
2022-12-12 23:00:00,0.4984372181724934,7.643482907077201,-0.00040945729170793754,-5377.6
2022-12-13 00:00:00,0.8637094436434287,7.623153068476902,0.016251393286118798,-4867.9
2022-12-13 01:00:00,0.7998188382042963,7.640603826393634,0.025145988896663418,-4718.2
2022-12-13 02:00:00,0.7768998381542982,7.660114319173928,0.02117144880352928,-4608.6
2022-12-13 03:00:00,0.8318266190418484,7.6787889981991535,0.019516998187076418,-4644.9
2022-12-13 04:00:00,0.8815512428312902,7.695757990554761,0.020345746127084396,-4806.2
2022-12-13 05:00:00,0.8392754199641521,7.711996507047669,0.01869799313413001,-4906.9
2022-12-13 06:00:00,0.7224437362227762,7.720905251936779,0.014954661843659345,-5323.0
2022-12-13 07:00:00,0.7557382946273901,7.7226775164680035,0.009533204767906867,-5487.5
2022-12-13 08:00:00,0.7229197385850723,7.71244383427499,0.006204028429199759,-5521.7
2022-12-13 09:00:00,0.7116973745396562,7.711548979629146,0.00464644893140953,-5544.3
2022-12-13 10:00:00,0.7328021070168376,7.701652362642226,-0.005755247921412909,-5508.1
2022-12-13 11:00:00,0.7478145431861449,7.660585461703256,0.006361712429807653,-5462.3
2022-12-13 12:00:00,0.7602949380514943,7.649692623711514,-0.01260361210374672,-5531.2
2022-12-13 13:00:00,0.8709688612836723,7.65728279297819,0.003713213624695122,-5478.9
2022-12-13 14:00:00,0.8320712371227925,7.6624678152002375,0.001182550049026787,-5530.6
2022-12-13 15:00:00,0.8480449940892552,7.674617497364363,0.005418710642748792,-5486.0
2022-12-13 16:00:00,0.7786041829361032,7.677400430514807,0.003394536589971686,-5518.7
2022-12-13 17:00:00,0.7285381300637912,7.6638772587034705,0.006947810383707953,-5507.5
2022-12-13 18:00:00,0.7806848983172747,7.642044402873258,0.010851722308340861,-5431.8
2022-12-13 19:00:00,0.7889990641575455,7.623153068476902,0.011339175313127114,-5446.1
2022-12-13 20:00:00,0.8069271222431826,7.592366128519796,0.021010530117545834,-5322.4
2022-12-13 21:00:00,0.7157190836578167,7.552237287560802,0.020355795029725066,-5021.1
2022-12-13 22:00:00,0.6873178996731264,7.490529402060711,0.022407349063537474,-4884.2
2022-12-13 23:00:00,0.7757966753071655,7.413970290190444,0.026677739087366703,-4700.2
2022-12-14 00:00:00,0.8380633419048422,6.904750769961838,0.0204845204344295,-3213.2
2022-12-14 01:00:00,0.830911751868336,6.786716950605081,0.03041965976441041,-3286.7
2022-12-14 02:00:00,0.8751356663738497,6.669498089857879,0.02858613391244713,-3178.5
2022-12-14 03:00:00,0.9551183043123315,6.53813982376767,0.029830732810137484,-3151.6
2022-12-14 04:00:00,0.9014949717930989,6.421622267806518,0.03159208627136412,-3092.7
2022-12-14 05:00:00,0.8282781213432102,6.302618975744905,0.03173515734863663,-3148.0
2022-12-14 06:00:00,0.8183337131553499,6.192362489474872,0.03063989726389149,-3924.1
2022-12-14 07:00:00,0.9626627695232957,6.073044534100405,0.02730860011586156,-4115.7
2022-12-14 08:00:00,1.0127559687326197,5.961005339623274,0.026384527470840524,-4072.9
2022-12-14 09:00:00,1.0230964717368165,5.87493073085203,0.028447647570493118,-4007.5
2022-12-14 10:00:00,1.0108793261737379,5.823045895483019,0.021060592976583692,-4003.8
2022-12-14 11:00:00,0.9720324871625365,5.796057750765372,0.019542838008150376,-4013.1
2022-12-14 12:00:00,0.9120341924611726,5.802118375377063,0.009780517759413243,-4115.7
2022-12-14 13:00:00,0.9782806456247943,5.82600010738045,0.03264724025634447,-4093.4
2022-12-14 14:00:00,0.9787263200562029,5.8664680569332965,0.03211976728451216,-4091.0
2022-12-14 15:00:00,1.0054304115145545,5.910796644040527,0.03539831101675173,-4096.2
2022-12-14 16:00:00,1.0399648852086179,5.966146739123692,0.03600978126537857,-4206.0
2022-12-14 17:00:00,1.1517899064596113,6.056784013228625,0.04297114265678914,-4319.3
2022-12-14 18:00:00,1.1419270696506265,6.169610732491456,0.047049715588047825,-4448.4
2022-12-14 19:00:00,1.1177797288362,6.284134161070802,0.04934571993364045,-4497.3
2022-12-14 20:00:00,1.073651721624759,6.376726947898627,0.05221378363323215,-4549.7
2022-12-14 21:00:00,0.8865530915295032,6.495265555937008,0.05477576901703429,-4453.7
2022-12-14 22:00:00,0.8824967707360116,6.60934924316738,0.055065229492988976,-4351.4
2022-12-14 23:00:00,0.9493647674298478,6.734591659972948,0.05935965748414063,-4367.1
2022-12-15 00:00:00,0.9277169852194822,6.796823718274855,0.07856886596112567,-4134.5
2022-12-15 01:00:00,0.9020043452299831,6.889591308354466,0.08101162135753448,-4191.7
2022-12-15 02:00:00,0.9040911224098558,6.9985096422506015,0.07961749092265169,-4329.1
2022-12-15 03:00:00,0.9431956946735003,7.141245122350491,0.08036198307827114,-4419.7
2022-12-15 04:00:00,0.9081578091620424,7.256297239690681,0.08012309667452122,-4577.8
2022-12-15 05:00:00,0.8101286188828993,7.311886164077165,0.08133109295406449,-4762.1
2022-12-15 06:00:00,0.39037631992485977,7.355641102974253,0.07660808116357476,-5344.8
2022-12-15 07:00:00,0.35281814085614993,7.363913501405819,0.06912252036458355,-5542.6
2022-12-15 08:00:00,0.35408035016677,7.349873704738337,0.0647880520272599,-5605.0
2022-12-15 09:00:00,0.341473905275647,7.3537223303996315,0.060298472817885695,-5648.5
2022-12-15 10:00:00,0.32659213126668263,7.362645270417825,0.05076205525123623,-5650.9
2022-12-15 11:00:00,0.41841115635167636,7.371489295214277,0.06765915886615215,-5680.7
2022-12-15 12:00:00,0.2623421158606618,7.37650812632622,0.04897218250995028,-5665.8
2022-12-15 13:00:00,0.31950126813608737,7.40184157874383,0.044419676612790226,-5680.8
2022-12-15 14:00:00,0.24531212626049292,7.43955930913332,0.04840089521419966,-5693.4
2022-12-15 15:00:00,0.18720356673462213,7.492760300922379,0.04610951243856576,-5719.6
2022-12-15 16:00:00,0.1714092079224061,7.5406215286571525,0.04600901437914562,-5764.4
2022-12-15 17:00:00,0.06289163145147025,7.575071699507561,0.043536693032729445,-5786.1
2022-12-15 18:00:00,0.13594641049901757,7.605392364814935,0.0503827879688874,-5707.2
2022-12-15 19:00:00,0.1703900339693467,7.635786861395585,0.05333452913370795,-5685.9
2022-12-15 20:00:00,0.13641813802285885,7.658227526161352,0.05262771113844078,-5689.2
2022-12-15 21:00:00,0.17082984756257247,7.673223121121708,0.05261434123646591,-5346.6
2022-12-15 22:00:00,0.2785569257970728,7.683403681053826,0.05306277634148859,-5327.5
2022-12-15 23:00:00,0.3167326084901463,7.690743163541872,0.05526572734730095,-5315.4
2022-12-16 00:00:00,0.19162039744483828,7.77485576666552,0.05935950518242361,-4547.9
2022-12-16 01:00:00,0.08027505837132409,7.7354333524996886,0.05757161712906278,-4466.4
2022-12-16 02:00:00,0.20447783993787016,7.666690200080086,0.06194757768769499,-4428.0
2022-12-16 03:00:00,0.4161179416187242,7.584773077612199,0.062805011568007,-4356.3
2022-12-16 04:00:00,0.36680847303656083,7.492203042618741,0.0603214709933102,-4325.3
2022-12-16 05:00:00,0.23370412924471395,7.403670290012373,0.056685955442142166,-4486.1
2022-12-16 06:00:00,-0.2913933997752931,7.333023014386481,0.05711172780336149,-4741.7
2022-12-16 07:00:00,-0.061911542418000565,7.294377299288821,0.0590438691217674,-5072.4
2022-12-16 08:00:00,-0.060884668698504285,7.286191714702382,0.05380631178458284,-5134.5
2022-12-16 09:00:00,-0.047033044917133005,7.293017679772782,0.049369990214853665,-5146.7
2022-12-16 10:00:00,-0.03172706997249364,7.315218389752975,0.042970625209409086,-5200.2
2022-12-16 11:00:00,-0.12167454612740602,7.346010209913293,0.04260476337085528,-5139.3
2022-12-16 12:00:00,-0.10634864381473363,7.362645270417825,0.04888259181884447,-4997.3
2022-12-16 13:00:00,-0.14701009759667816,7.3537223303996315,0.04614137423051545,-4937.1
2022-12-16 14:00:00,-0.155837985827886,7.3752557780097545,0.05566402650084079,-4928.8
2022-12-16 15:00:00,-0.2107582230025189,7.429520842786462,0.053781477260190336,-4903.2
2022-12-16 16:00:00,-0.22082025977332087,7.473069088032197,0.058221684535232576,-4925.4
2022-12-16 17:00:00,-0.330609857677838,7.519692404116539,0.05213735972235334,-4902.3
2022-12-16 18:00:00,-0.3126178236324222,7.556427969440253,0.04921329784705453,-4796.4
2022-12-16 19:00:00,-0.30362342816099464,7.582738488914411,0.05037616756783603,-4864.8
2022-12-16 20:00:00,-0.2716397669663335,7.575071699507561,0.047816001638309125,-4874.4
2022-12-16 21:00:00,-0.19267160260794203,7.550135342488429,0.04429801189937699,-4342.3
2022-12-16 22:00:00,-0.07384645579812421,7.534228326274089,0.03902181367447355,-4404.8
2022-12-16 23:00:00,0.0801466871691554,7.521859252201629,0.034118768651282494,-4269.0
2022-12-17 00:00:00,0.08671024626477841,7.492203042618741,0.055800552742623744,-4323.0
2022-12-17 01:00:00,0.0918791809808539,7.520234556474628,0.05204071932662924,-4349.3
2022-12-17 02:00:00,0.18634031389304173,7.546974117516527,0.051190405117183424,-4372.2
2022-12-17 03:00:00,0.3649529049881899,7.550135342488429,0.05223603860143733,-4382.4
2022-12-17 04:00:00,0.4050855501769517,7.510977752014095,0.05419666782105104,-4427.5
2022-12-17 05:00:00,0.3156991343236708,7.441906728051625,0.05315214789866385,-4500.4
2022-12-17 06:00:00,0.14713978812123063,7.38025578842646,0.06735942747756685,-4804.0
2022-12-17 07:00:00,0.11429491047015095,7.30854279753919,0.06872867863783316,-4814.4
2022-12-17 08:00:00,0.03386012518269865,7.22402480828583,0.06437710664343044,-4813.6
2022-12-17 09:00:00,0.10759907876681574,7.167809184316444,0.06305873403397744,-4787.3
2022-12-17 10:00:00,0.09617556696829777,7.1252830915107115,0.0541916606947801,-4769.6
2022-12-17 11:00:00,0.15729392358631422,7.067319848653476,0.07835395317524885,-4717.1
2022-12-17 12:00:00,0.10179120946937381,6.98100574072173,0.06868475330541823,-4763.8
2022-12-17 13:00:00,0.08771954543844895,6.875232087276577,0.04460143443524078,-4650.1
2022-12-17 14:00:00,0.20431016078310638,6.794586580876499,0.05929251836194194,-4644.1
2022-12-17 15:00:00,0.117453517647089,6.742880635791903,0.059969355649852396,-4616.8
2022-12-17 16:00:00,0.05528838813507342,6.687108607866515,0.059171323050815516,-4565.3
2022-12-17 17:00:00,-0.00063912950944367,6.595780513961311,0.05248123211096267,-4534.7
2022-12-17 18:00:00,-0.12110314585500603,6.523562306149512,0.04981098395783867,-4472.0
2022-12-17 19:00:00,-0.10570970663689838,6.46302945692067,0.053045922237267895,-4469.2
2022-12-17 20:00:00,-0.06259966954451368,6.4457198193855785,0.05523709199499294,-4407.0
2022-12-17 21:00:00,-0.0157689953103759,6.489204931325317,0.050694265008996986,-4324.1
2022-12-17 22:00:00,0.09692217090919186,6.580639137284949,0.04827070805428679,-4330.7
2022-12-17 23:00:00,0.2338252272805903,6.697034247666484,0.03636111043624979,-4425.0
2022-12-18 00:00:00,0.14179549784441825,7.188412736496954,0.01879596868178446,-4563.0
2022-12-18 01:00:00,-0.12928828351767052,7.3427791893318455,0.01204136774203679,-4580.7
2022-12-18 02:00:00,-0.20656420085451632,7.475905969367397,0.014541386298944303,-4735.3
2022-12-18 03:00:00,-0.2577693373209611,7.600902459542082,0.014156907957652898,-4812.2
2022-12-18 04:00:00,-0.3496711002816033,7.707062655370473,0.017485376426519927,-4950.7
2022-12-18 05:00:00,-0.478706201176867,7.785720896534624,0.02076528971781144,-4995.8
2022-12-18 06:00:00,-0.224302435991528,7.8567067930958405,0.035003405845498214,-5028.7
2022-12-18 07:00:00,-0.3725781744867147,7.906547232368036,0.038948752461686276,-5047.5
2022-12-18 08:00:00,-0.43154565760733643,7.9294865233142895,0.034959695871994434,-5034.1
2022-12-18 09:00:00,-0.49309084587984753,7.926241523170962,0.03245801437734741,-5030.9
2022-12-18 10:00:00,-0.4438477323271357,7.897668150726906,0.02758524464715517,-4970.0
2022-12-18 11:00:00,-0.4858614381107138,7.865187954187467,0.044444663948296714,-4955.4
2022-12-18 12:00:00,-0.27047390035659546,7.87359778968554,0.04913158106860749,-4956.1
2022-12-18 13:00:00,-0.2871193259283755,7.945555428253489,0.022859586926537112,-5086.1
2022-12-18 14:00:00,-0.37974681564078505,8.043342170441608,0.02081892082113157,-5312.7
2022-12-18 15:00:00,-0.5641209967900558,8.131236549696116,0.022079778479096035,-5477.6
2022-12-18 16:00:00,-0.7530688237954939,8.202482446576537,0.013476246621907606,-5573.2
2022-12-18 17:00:00,-0.9472708090816262,8.255048902752295,0.0011938449599524503,-5672.3
2022-12-18 18:00:00,-0.9688375067983905,8.28828304520769,-0.004970966297276114,-5529.6
2022-12-18 19:00:00,-1.0331832792135183,8.311889558230359,-0.013788035630611262,-5494.9
2022-12-18 20:00:00,-1.040409934045984,8.331827004436057,-0.01076861351266345,-5493.3
2022-12-18 21:00:00,-1.0599777494749336,8.351138607086154,-0.00872799766340826,-5558.9
2022-12-18 22:00:00,-1.0410377903604857,8.353732642263202,-0.004522001949583299,-5553.4
2022-12-18 23:00:00,-0.9878191436633053,8.345455428161928,-0.005938366472290291,-5522.8
2022-12-19 00:00:00,-0.8217252694897486,8.284756593190435,0.012248185387378818,-5322.5
2022-12-19 01:00:00,-0.7764937784683204,8.262558973010657,0.011741957665174496,-5209.5
2022-12-19 02:00:00,-0.7645849999020768,8.226840890408578,0.009687949853140587,-5097.3
2022-12-19 03:00:00,-0.6997508746230716,8.181440695719374,0.00945628184973657,-5007.2
2022-12-19 04:00:00,-0.5803961738098113,8.14002395246292,0.013119687421450088,-5188.3
2022-12-19 05:00:00,-0.6658599612619751,8.085486772102845,0.00617105226354564,-5305.5
2022-12-19 06:00:00,-0.7170584416232799,8.006700845440367,0.0038120441633688884,-5401.6
2022-12-19 07:00:00,-0.8302980763457821,7.87777633327726,-0.0050421579676536155,-5520.9
2022-12-19 08:00:00,-0.7533107153886744,7.722234744709607,-0.00725425656508083,-5383.8
2022-12-19 09:00:00,-0.7187213371327292,7.555905093611346,-0.005690441563473314,-5166.1
2022-12-19 10:00:00,-0.7273631805465648,7.365180126021013,-0.01587547238539333,-4902.6
2022-12-19 11:00:00,-0.6491094759793983,7.133295954896068,-0.017717226458725754,-4619.5
2022-12-19 12:00:00,-0.6373436751439563,6.88653164253051,-0.019170773417341636,-4515.3
2022-12-19 13:00:00,-0.5141044725559025,6.643789733147672,-0.007950162861932064,-4374.6
2022-12-19 14:00:00,-0.496295581380763,6.410174881966167,-0.009822655165661942,-4440.1
2022-12-19 15:00:00,-0.5039668314732966,6.267200548541362,-0.01437559000234323,-4390.9
2022-12-19 16:00:00,-0.3597786768897766,6.274762021241939,-0.012728149653519871,-4527.1
2022-12-19 17:00:00,-0.33016127105152027,6.3835066348840055,-0.010488184960594005,-4575.5
2022-12-19 18:00:00,-0.38475368255260545,6.55250788703459,-0.01221790092985664,-4572.9
2022-12-19 19:00:00,-0.38710318384805564,6.720220155135295,-0.016181608424136407,-4727.7
2022-12-19 20:00:00,-0.35509244562093567,6.893656354602635,-0.019190327783531025,-4726.9
2022-12-19 21:00:00,-0.16837714014562533,7.026426808699636,-0.024854374401137136,-4738.7
2022-12-19 22:00:00,-0.06066528443492114,7.136483208590247,-0.0277176749301411,-4907.8
2022-12-19 23:00:00,-0.0049766427259383406,7.2196420401307355,-0.026445330533071854,-4718.2
2022-12-20 00:00:00,-0.057646422069908,7.1276936993473985,-0.017617811109157167,-3724.7
2022-12-20 01:00:00,-0.22228944772686532,7.177782416195197,-0.011644220249864112,-3229.8
2022-12-20 02:00:00,-0.18216908660390363,7.233455418621439,-0.018775411407323084,-3271.1
2022-12-20 03:00:00,-0.3078320142968547,7.305860032684009,-0.02037155833406068,-3020.2
2022-12-20 04:00:00,-0.30127851463799793,7.390798521735676,-0.020024945001717143,-3185.4
2022-12-20 05:00:00,-0.2759794456789564,7.43955930913332,-0.021594560690022746,-3770.3
2022-12-20 06:00:00,0.03612544818017405,7.475905969367397,-0.024469980343025277,-4753.4
2022-12-20 07:00:00,-0.17530070430198386,7.492203042618741,-0.02925053386050891,-5007.4
2022-12-20 08:00:00,-0.44110622695319623,7.490529402060711,-0.032089856168944664,-4847.4
2022-12-20 09:00:00,-0.37113523247050395,7.47477218239787,-0.03341830609295915,-4790.8
2022-12-20 10:00:00,-0.37360996120234446,7.43955930913332,-0.04422152874920915,-4669.4
2022-12-20 11:00:00,-0.37805823905399727,7.355641102974253,-0.030407135357281234,-4642.5
2022-12-20 12:00:00,-0.6598445876827697,7.226936018493289,-0.04775230590740165,-4600.4
2022-12-20 13:00:00,-0.3975225468368082,7.055312843339752,-0.03313090464691548,-4592.4
2022-12-20 14:00:00,-0.3067134602470061,6.840546529288687,-0.03819741145238975,-4560.2
2022-12-20 15:00:00,0.030325025456204635,6.661854740545311,-0.037327961109665075,-4485.4
2022-12-20 16:00:00,0.07873290268600819,6.555356891810665,-0.041931047937294075,-4528.5
2022-12-20 17:00:00,0.1003796325341586,6.440946540632921,-0.04066101873989325,-4489.5
2022-12-20 18:00:00,0.17972829707567595,6.320768294250582,-0.03877913127588428,-4428.7
2022-12-20 19:00:00,0.18492964031679993,6.267200548541362,-0.04038210966516331,-4452.0
2022-12-20 20:00:00,0.2001560685859083,6.226536669287466,-0.03340153063337059,-4469.0
2022-12-20 21:00:00,0.2619701741089786,6.148468295917647,-0.03734834848913593,-4410.6
2022-12-20 22:00:00,0.24090119283064748,6.049733455231958,-0.03878610868616139,-4281.1
2022-12-20 23:00:00,0.2728765071648036,6.018593214496234,-0.04024457340548082,-4262.5
2022-12-21 00:00:00,0.4170201910587048,5.278114659230517,-0.05581558214492244,-3439.0
2022-12-21 01:00:00,0.3983548941671149,5.176149732573829,-0.05124849816831922,-3374.6
2022-12-21 02:00:00,0.44845212750859,5.135798437050262,-0.05741001456358852,-3399.4
2022-12-21 03:00:00,0.45592340140796317,5.209486152841421,-0.05836197922532271,-3397.0
2022-12-21 04:00:00,0.40232425859158294,5.327876168789581,-0.06025062039909823,-3497.4
2022-12-21 05:00:00,0.2858273857424356,5.393627546352362,-0.059886277714433334,-3985.2
2022-12-21 06:00:00,0.28356111194845646,5.6131281063880705,-0.058432061538705504,-4625.7
2022-12-21 07:00:00,0.25112025166038965,5.849324779946859,-0.05866903767607479,-4733.7
2022-12-21 08:00:00,0.16446760418398743,6.061456918928017,-0.057148585142464015,-4801.0
2022-12-21 09:00:00,0.10823002370189183,6.222576268071369,-0.054511931398167235,-4810.5
2022-12-21 10:00:00,0.12078192455576264,6.309918278226516,-0.06267538354660473,-4801.4
2022-12-21 11:00:00,0.11825281029643442,6.3784261836515865,-0.06402401692969573,-4833.0
2022-12-21 12:00:00,0.09635959417210849,6.467698726104354,-0.07511892602707348,-4886.0
2022-12-21 13:00:00,0.14590824472111308,6.546785410760524,-0.05566922853948686,-4939.7
2022-12-21 14:00:00,0.15819578135373824,6.610696044717759,-0.05803132970978453,-4939.3
2022-12-21 15:00:00,0.1643636471351826,6.679599185844383,-0.05705987045694183,-4939.3
2022-12-21 16:00:00,0.15977280584376263,6.756932389247553,-0.059037077304329166,-5069.5
2022-12-21 17:00:00,0.19528149449452048,6.837332814685591,-0.05498704323427539,-5115.1
2022-12-21 18:00:00,0.2688415104103994,6.927557906278317,-0.05541791963827425,-5069.3
2022-12-21 19:00:00,0.2877555080289822,6.993932975223189,-0.0570108333095094,-4962.1
2022-12-21 20:00:00,0.24187259532200045,7.057897937411856,-0.05663467127671762,-5032.8
2022-12-21 21:00:00,0.14521743153548616,7.124478262493424,-0.05680686870310048,-4583.3
2022-12-21 22:00:00,0.16511898327785435,7.201170883281678,-0.05846314297146549,-4634.2
2022-12-21 23:00:00,0.10424962222008727,7.2633296174768365,-0.05713554798781395,-4249.0
2022-12-22 00:00:00,0.2743836444347352,6.974478911025045,-0.06335698803534218,-3321.4
2022-12-22 01:00:00,0.21752759181321846,6.98100574072173,-0.06028210584611138,-3244.9
2022-12-22 02:00:00,0.22157801778948283,6.990256500493881,-0.05967539257701926,-3144.5
2022-12-22 03:00:00,0.23792894513564367,6.985641817639208,-0.058730839164863546,-3253.0
2022-12-22 04:00:00,0.1647999551841588,6.9865664594064265,-0.059286018670427154,-3315.6
2022-12-22 05:00:00,0.24387170106965783,6.994849985833071,-0.05365908913411843,-4012.5
2022-12-22 06:00:00,0.2563005742773292,7.042286171939743,-0.05066226306093835,-4667.4
2022-12-22 07:00:00,0.22345040377604697,7.101675971619444,-0.049857632776206806,-5079.4
2022-12-22 08:00:00,0.16390003064122904,7.172424577124845,-0.05039223270993087,-5202.5
2022-12-22 09:00:00,0.06258524561625123,7.253470382684528,-0.0538232097551834,-5310.4
2022-12-22 10:00:00,-0.016854558197817227,7.3537223303996315,-0.06226133315215954,-5496.1
2022-12-22 11:00:00,0.033481347708408826,7.4413203897176174,-0.042982009553274914,-5715.7
2022-12-22 12:00:00,-0.03846874839752079,7.51479976048867,-0.0580123345304866,-5784.8
2022-12-22 13:00:00,-0.05895008070281449,7.556427969440253,-0.06257111097503376,-5839.7
2022-12-22 14:00:00,-0.10880321887510025,7.592366128519796,-0.05483331728231722,-5856.3
2022-12-22 15:00:00,-0.113772542023729,7.635786861395585,-0.0549866044328029,-5918.2
2022-12-22 16:00:00,-0.11439918911311864,7.6760099320288875,-0.05590886804526374,-6098.1
2022-12-22 17:00:00,-0.14008564001882462,7.7354333524996886,-0.05658688186163641,-6156.9
2022-12-22 18:00:00,-0.09843771375740396,7.771067086065406,-0.05055683502395514,-6106.6
2022-12-22 19:00:00,-0.07956731316085897,7.79934339821592,-0.04774482145130943,-6072.5
2022-12-22 20:00:00,0.06138831638318898,7.826443135456014,-0.050504143021924186,-5557.0
2022-12-22 21:00:00,0.07570410867966615,7.846589975291186,-0.05411322863289314,-5619.3
2022-12-22 22:00:00,0.05857903471029413,7.853216388156072,-0.05727123992623184,-5503.9
2022-12-22 23:00:00,-0.05323542777269541,7.8528278122817445,-0.058010717269416645,-5216.2
2022-12-23 00:00:00,-0.26746013859273177,7.732369222284388,0.0023835136506233923,-4577.4
2022-12-23 01:00:00,-0.3214222768260333,7.719129840906732,-0.008109726905138004,-4535.7
2022-12-23 02:00:00,-0.3026515117866264,7.693937325509272,-0.012264867660041645,-4498.6
2022-12-23 03:00:00,-0.24506643445485476,7.665753431861699,-0.02010497340380546,-4471.3
2022-12-23 04:00:00,-0.2855956738780572,7.64826303090192,-0.023409421917158113,-4629.1
2022-12-23 05:00:00,-0.3291075495877278,7.622663951323595,-0.03581310779587188,-4634.6
2022-12-23 06:00:00,-0.5214591563223241,7.617267813628347,-0.05232211324210034,-4742.0
2022-12-23 07:00:00,-0.5887332943786578,7.629489916393995,-0.05676083106827434,-4665.1
2022-12-23 08:00:00,-0.630571291957005,7.6577552711348655,-0.04639759242144681,-4832.0
2022-12-23 09:00:00,-0.6082676495656418,7.71333788887187,-0.037049207013502006,-4947.1
2022-12-23 10:00:00,-0.5887026681173726,7.789454566086673,-0.04407567712729499,-5078.5
2022-12-23 11:00:00,-0.6850937251565155,7.884199933676039,-0.048477080323948485,-5181.5
2022-12-23 12:00:00,-0.6343950934117979,7.968319500012717,-0.05007907011438206,-5117.5
2022-12-23 13:00:00,-0.6517429305413902,8.03365842788615,-0.058051144409185795,-5244.7
2022-12-23 14:00:00,-0.6534222234509786,8.087332926473351,-0.041934705726863086,-5384.0
2022-12-23 15:00:00,-0.6706902060197963,8.13622555490846,-0.032845801395544605,-5491.3
2022-12-23 16:00:00,-0.6591066922244275,8.1797604936999,-0.020634916474059573,-5579.5
2022-12-23 17:00:00,-0.7018010189094674,8.210939733379021,-0.01912126941373682,-5610.6
2022-12-23 18:00:00,-0.7130365885542176,8.235095497258357,-0.01696028787061543,-5671.7
2022-12-23 19:00:00,-0.686376218323435,8.246695943718557,-0.012300984521812275,-5677.5
2022-12-23 20:00:00,-0.6064547735438488,8.250097752572845,-0.017802388358613364,-5695.4
2022-12-23 21:00:00,-0.4730869689472641,8.249313746260636,-0.018428093699023762,-5626.1
2022-12-23 22:00:00,-0.3462894301455348,8.244596756382498,-0.004220938650884243,-5475.1
2022-12-23 23:00:00,-0.22084213448046075,8.240121298076472,-0.001468928416887394,-5502.7
2022-12-24 00:00:00,-0.3976579682539887,8.277411998949004,0.00025642969319683573,-4692.4
2022-12-24 01:00:00,-0.6892949272748541,8.265650165580329,-0.005036785091372842,-4202.1
2022-12-24 02:00:00,-0.5858596727326457,8.251663923605589,-0.007032143395277579,-4070.8
2022-12-24 03:00:00,-0.8394998745011879,8.233503140233994,-0.00972855836378983,-3952.9
2022-12-24 04:00:00,-0.7361326718873822,8.215006432761575,-0.008024355176157627,-3951.4
2022-12-24 05:00:00,-0.5424160210409208,8.190354403763262,0.0020288533900938432,-3934.2
2022-12-24 06:00:00,-0.3864046637031997,8.16961956172385,0.018298223870237607,-4694.3
2022-12-24 07:00:00,-0.3768766412996438,8.142354276849835,0.03682302917041014,-4745.2
2022-12-24 08:00:00,-0.4433202914360592,8.116118431609365,0.05188502086906599,-4815.8
2022-12-24 09:00:00,-0.47047201287675566,8.098034756176071,0.05338056044751749,-4838.0
2022-12-24 10:00:00,-0.48870160822398123,8.080237416216702,0.04416651407540151,-4850.5
2022-12-24 11:00:00,-0.3892995076964345,8.064007347096661,0.06958745996306703,-4850.0
2022-12-24 12:00:00,-0.3584863319563718,8.048468743668883,0.05987412362326339,-4836.3
2022-12-24 13:00:00,-0.37629780902742915,8.04044688130311,0.028959602101023663,-4798.1
2022-12-24 14:00:00,-0.3473195555395572,8.044305406990638,0.04591998310726453,-4849.4
2022-12-24 15:00:00,-0.4119388302761493,8.041412909393047,0.04848440578295499,-4965.0
2022-12-24 16:00:00,-0.4798085778935528,8.027802848370312,0.04249410105684159,-4966.6
2022-12-24 17:00:00,-0.5771675072898201,8.001689978099135,0.02548572776895064,-4823.4
2022-12-24 18:00:00,-0.6002203427358568,7.970049304976135,0.018075544110447872,-4699.6
2022-12-24 19:00:00,-0.6009407367932447,7.933438387627489,0.028018104749765627,-4627.5
2022-12-24 20:00:00,-0.5534914393351071,7.8928255262511176,0.040140838082241004,-4564.7
2022-12-24 21:00:00,-0.4974182854045477,7.848933726364071,0.05375839522429793,-4711.4
2022-12-24 22:00:00,-0.47172188245954416,7.804659297056102,0.06863440420131806,-4664.1
2022-12-24 23:00:00,-0.3416178685234472,7.764720544771477,0.06946320324148036,-4636.3
2022-12-25 00:00:00,-0.40269297337503396,7.845807502637805,0.08324468693662279,-4449.1
2022-12-25 01:00:00,-0.41212711428191096,7.8009820712577405,0.07785458631160846,-4356.5
2022-12-25 02:00:00,-0.3559499813843683,7.735870319952567,0.07378638039597529,-4263.3
2022-12-25 03:00:00,-0.3238745371507159,7.6487397889562425,0.062035846465604116,-4133.5
2022-12-25 04:00:00,-0.3389837859326894,7.534228326274089,0.05963721038865977,-3952.0
2022-12-25 05:00:00,-0.34692665407482615,7.389563953677635,0.06664706599128589,-3797.2
2022-12-25 06:00:00,-0.27135971799347214,7.27655640271871,0.0790429672563322,-3759.7
2022-12-25 07:00:00,-0.39800698874297336,7.240649694255466,0.09465706505835314,-3938.2
2022-12-25 08:00:00,-0.4657640077376364,7.254884810077338,0.09461953227833053,-3961.5
2022-12-25 09:00:00,-0.5617981477183154,7.313886831633462,0.08073875418527887,-4039.0
2022-12-25 10:00:00,-0.5786954342110882,7.411556287811163,0.07857079938002265,-4267.8
2022-12-25 11:00:00,-0.679515485215342,7.53955882930103,0.08296033602891217,-4475.7
2022-12-25 12:00:00,-0.4835074232340899,7.659171367666058,0.08383199984803369,-4697.2
2022-12-25 13:00:00,-0.5035481473410197,7.767263996757308,0.05633910863182745,-4869.7
2022-12-25 14:00:00,-0.5533015984247607,7.869783902530146,0.07023272080747045,-5071.2
2022-12-25 15:00:00,-0.6357234357834969,7.958576903813898,0.06803606884708469,-5263.4
2022-12-25 16:00:00,-0.7669289662813341,8.031710375322042,0.05477030508187308,-5333.3
2022-12-25 17:00:00,-0.8768101551500367,8.092851027538384,0.038073930927146726,-5296.1
2022-12-25 18:00:00,-0.8940818421591485,8.137980454452139,0.028330319528369508,-5156.0
2022-12-25 19:00:00,-0.9201876365362276,8.16961956172385,0.011606055407435534,-5060.4
2022-12-25 20:00:00,-0.9986222224057695,8.173293438966228,0.013729549531351637,-4879.1
2022-12-25 21:00:00,-0.9857003288754953,8.178077463849608,0.010959439103077173,-4579.1
2022-12-25 22:00:00,-1.0966433436877776,8.186185994226083,0.017838044381232265,-4196.9
2022-12-25 23:00:00,-1.4277704278426384,8.185628891147607,0.01884662913814772,-4057.3
2022-12-26 00:00:00,-1.3872209958601083,8.22121009392507,0.06039657769810525,-3901.4
2022-12-26 01:00:00,-1.3823470039884107,8.210124405164267,0.06290498908446995,-3305.3
2022-12-26 02:00:00,-1.4517669985060837,8.197263371414335,0.0585826523300641,-3036.4
2022-12-26 03:00:00,-1.597192496197923,8.19063168090354,0.05452169775899307,-3018.7
2022-12-26 04:00:00,-1.8279803235453738,8.166500319155052,0.04425579672429247,-2958.2
2022-12-26 05:00:00,-2.049961751044975,8.12651816878071,0.014015024814095334,-3141.0
2022-12-26 06:00:00,-1.995512197972789,8.09559870137819,-0.03747853785945221,-3408.7
2022-12-26 07:00:00,-1.9268002193661675,8.076204527239026,-0.06632688836690104,-3448.9
2022-12-26 08:00:00,-1.5057345329936287,8.065893546964274,-0.06418049749904053,-3574.1
2022-12-26 09:00:00,-1.3102136984850725,8.068716192714781,-0.04921411828322686,-3684.1
2022-12-26 10:00:00,-1.2539334086050893,8.081475040137052,-0.04816342346034208,-3895.8
2022-12-26 11:00:00,-1.3064619916443365,8.103191752285786,-0.04676211034969757,-3991.2
2022-12-26 12:00:00,-1.3150834609782995,8.12058871174027,-0.04610848092767661,-4252.1
2022-12-26 13:00:00,-1.7018462967253845,8.14060704285845,-0.03361921464314577,-4257.0
2022-12-26 14:00:00,-1.6357198418739656,8.153637486385282,-0.03406466066226255,-4419.1
2022-12-26 15:00:00,-1.6261647253495877,8.166216268592143,-0.027750379918559,-4510.6
2022-12-26 16:00:00,-1.2950286246046252,8.184513753033722,-0.013748151267482633,-4655.9
2022-12-26 17:00:00,-1.2331630358134684,8.195609567288775,0.0016921807544978407,-4758.4
2022-12-26 18:00:00,-1.1304368476156221,8.196987927258897,0.012857899501868886,-4589.5
2022-12-26 19:00:00,-1.155284344878862,8.186742787113518,0.011684779092780317,-4345.8
2022-12-26 20:00:00,-1.1304024243387967,8.16735198705607,0.002929676560936123,-4084.3
2022-12-26 21:00:00,-1.1496049620367814,8.148156439921625,-0.0021064178367282693,-3619.0
2022-12-26 22:00:00,-1.4462253631317266,8.125039097367745,0.00254342470436697,-3330.0
2022-12-26 23:00:00,-1.668660873228883,8.09009578318096,0.0037563501925133025,-3121.6
2022-12-27 00:00:00,-1.6682638474112519,8.121480374750751,0.0408067155300742,-3105.9
2022-12-27 01:00:00,-2.2801662471171222,8.09009578318096,0.05187677154594805,-2828.3
2022-12-27 02:00:00,-2.4927077319463025,8.037543185118697,0.039155842658781914,-2638.7
2022-12-27 03:00:00,-2.4927077319463025,7.952966790923131,0.02522314776393042,-2380.7
2022-12-27 04:00:00,-2.126065845252415,7.841492924460013,0.024576069709563164,-2091.7
2022-12-27 05:00:00,-1.8176756803621483,7.697575346802343,0.016880636886548395,-2259.3
2022-12-27 06:00:00,-1.5067335156841857,7.527793987721444,-0.008687101213380899,-2620.5
2022-12-27 07:00:00,-1.0006698376267975,7.334981878871814,-0.024214853894893196,-3667.8
2022-12-27 08:00:00,-0.95253068899087,7.1180162044653335,-0.013574618339166733,-4116.7
2022-12-27 09:00:00,-0.8174511146210621,6.911747300251674,-0.007068490136288297,-4177.7
2022-12-27 10:00:00,-0.8189438307098271,6.728628613084702,-0.021127718925104233,-4183.7
2022-12-27 11:00:00,-0.7093274536243577,6.616065185132817,-0.0025021651051400084,-4300.9
2022-12-27 12:00:00,-0.6954444475242738,6.582025138892826,-0.02228891783821041,-4290.8
2022-12-27 13:00:00,-0.6428456717928848,6.6293632534374485,-0.009231950967341973,-4393.1
2022-12-27 14:00:00,-0.6767977356633805,6.741700694652055,-0.018922670794663254,-4535.8
2022-12-27 15:00:00,-0.5211345369824869,6.878326468291325,-0.024351298883884986,-4942.8
2022-12-27 16:00:00,-0.5957850198445751,7.014814351275545,-0.024440262403472524,-5062.4
2022-12-27 17:00:00,-0.7461539939602888,7.198931240688173,-0.024267208964216636,-5085.0
2022-12-27 18:00:00,-0.9339641495734323,7.421177528595393,-0.02416814290157987,-5142.4
2022-12-27 19:00:00,-0.9484477932376159,7.638679823876112,-0.024245878443667657,-5172.9
2022-12-27 20:00:00,-0.9527405447596831,7.805474625270857,-0.019518444311500183,-5240.4
2022-12-27 21:00:00,-0.9008533570159871,7.933438387627489,-0.02359785461244268,-5233.9
2022-12-27 22:00:00,-0.8609566723537272,8.012680929706839,-0.013318611307085781,-5212.4
2022-12-27 23:00:00,-0.6964607962491369,8.065893546964274,-0.0018503445271713659,-5146.6
2022-12-28 00:00:00,-0.82182682035908,8.085794701281568,-0.016937994102233844,-4146.5
2022-12-28 01:00:00,-1.215332918416315,8.094683648698815,-0.007891953983964584,-3400.0
2022-12-28 02:00:00,-1.1288587561046692,8.108021221376747,-0.019575736055019277,-3368.6
2022-12-28 03:00:00,-1.098698432347251,8.102889134640868,-0.03186705276675017,-3326.8
2022-12-28 04:00:00,-0.8971731107897942,8.081784206935001,-0.03258087097984763,-3601.1
2022-12-28 05:00:00,-0.922383529338568,8.028455164114252,-0.03559358514538946,-3814.3
2022-12-28 06:00:00,-0.933444210610995,7.955074273262696,-0.053046052109134934,-4547.8
2022-12-28 07:00:00,-1.0385235467007536,7.855544677915663,-0.06166625678987092,-4801.6
2022-12-28 08:00:00,-1.0075204502952353,7.719573989259581,-0.04501708308513841,-4769.5
2022-12-28 09:00:00,-1.053080088736376,7.5595594960077,-0.03157036215575992,-4621.8
2022-12-28 10:00:00,-1.0512087694676202,7.38025578842646,-0.03932152817178558,-4493.0
2022-12-28 11:00:00,-1.0919874479969636,7.207118856207756,-0.032933429859665075,-4331.7
2022-12-28 12:00:00,-1.0481003507967497,7.0326242610280065,-0.04232910320408223,-4244.8
2022-12-28 13:00:00,-0.9138692841459681,6.842683282238422,-0.021937110954350025,-4227.8
2022-12-28 14:00:00,-0.880267549109333,6.661854740545311,-0.02828936051104769,-4142.3
2022-12-28 15:00:00,-0.6520111590424955,6.51025834052315,-0.03102097050218422,-4223.3
2022-12-28 16:00:00,-0.5080455477516992,6.406879986069314,-0.024873527130193196,-4251.2
2022-12-28 17:00:00,-0.4233496339223626,6.428105272684596,-0.01616705138469321,-4383.3
2022-12-28 18:00:00,-0.3804443181733381,6.561030665896573,-0.013407167229875228,-4533.1
2022-12-28 19:00:00,-0.5640721224010905,6.754604099487962,-0.008798536824462744,-4439.8
2022-12-28 20:00:00,-0.6942113865479653,6.963189985870238,-0.00870838343707181,-4455.3
2022-12-28 21:00:00,-0.8378599606836081,7.160845906664299,-0.007392316790137521,-4159.9
2022-12-28 22:00:00,-0.8504569231167887,7.3343293503005365,0.002545156122278236,-3903.0
2022-12-28 23:00:00,-1.0250727853006953,7.461640392208575,0.015903182018681683,-3194.4
2022-12-29 00:00:00,-1.4338059144595192,7.560080465021827,0.025665450466666684,-2946.6
2022-12-29 01:00:00,-1.4858334203442265,7.6577552711348655,0.03097844894850521,-2818.3
2022-12-29 02:00:00,-1.508185166637805,7.7102051944325325,0.02167024687693342,-2693.4
2022-12-29 03:00:00,-1.5974445167036975,7.759614150696903,0.012038231723343173,-2537.4
2022-12-29 04:00:00,-1.633812811571591,7.814803429489359,0.010247612597175326,-2560.2
2022-12-29 05:00:00,-1.610365254129408,7.874358824729881,0.004012845170094259,-2758.3
2022-12-29 06:00:00,-1.6231402756088702,7.9208096792886,-0.013678765508525537,-2409.6
2022-12-29 07:00:00,-1.6683544926997103,7.9617188159813645,-0.02431345972878063,-2938.9
2022-12-29 08:00:00,-1.711689175717606,8.015987811027237,-0.014465227624794075,-3243.4
2022-12-29 09:00:00,-1.7181605686008146,8.053887083618223,-0.014865403698621549,-3443.7
2022-12-29 10:00:00,-1.7570693874019896,8.098946748943339,-0.02410956718778312,-3609.6
2022-12-29 11:00:00,-1.694979239574744,8.14002395246292,0.004953818810241373,-3800.0
2022-12-29 12:00:00,-1.8570144936249586,8.173011311724972,-0.006740426171444547,-3665.6
2022-12-29 13:00:00,-1.85860320923154,8.20631072579402,-0.009476091592341973,-3754.7
2022-12-29 14:00:00,-1.899325523526206,8.220672170297252,-0.008351921378249472,-3756.7
2022-12-29 15:00:00,-1.8828755175330816,8.223090551161533,-0.01732353649959517,-3971.9
2022-12-29 16:00:00,-1.7833744657098514,8.207946941048617,-0.01284295544094416,-4193.4
2022-12-29 17:00:00,-1.5549314844512216,8.187021067343505,-0.015326904078817094,-4394.0
2022-12-29 18:00:00,-1.6908023765551032,8.159946655578548,-0.011089076124780384,-4472.0
2022-12-29 19:00:00,-1.6819047704409495,8.12058871174027,-0.007166971814815071,-3946.1
2022-12-29 20:00:00,-1.6901039490071605,8.074960359115858,-0.011214934372194563,-3446.2
2022-12-29 21:00:00,-1.6539574830518449,8.020270472819238,-0.01433144662876007,-3175.6
2022-12-29 22:00:00,-1.5445715481922146,7.973844375944687,-0.00593090995625456,-3089.9
2022-12-29 23:00:00,-1.5982960035452054,7.949444420250626,0.007106622181066058,-2794.8
2022-12-30 00:00:00,-2.1693863687208372,7.944492163932159,0.016356726564041857,-2936.1
2022-12-30 01:00:00,-2.4927077319463025,7.905810312658931,0.018495167690100622,-2569.1
2022-12-30 02:00:00,-2.4927077319463025,7.848153086199526,0.010868694088211228,-2323.7
2022-12-30 03:00:00,-2.4927077319463025,7.688913336864796,-0.0020952386384394117,-1554.1
2022-12-30 04:00:00,-2.4927077319463025,7.613324979540639,-0.005139682986984084,-1373.4
2022-12-30 05:00:00,-2.4927077319463025,7.590346945602565,-0.0021807926778061315,-2055.2
2022-12-30 06:00:00,-2.3905932729439,7.483806687665835,-0.012316778628401082,-1581.1
2022-12-30 07:00:00,-1.8266762979095637,7.396335293800808,-0.016372770162986328,-2007.3
2022-12-30 08:00:00,-1.7276153042871059,7.334981878871814,-0.0022758205038719836,-2684.3
2022-12-30 09:00:00,-1.6679543371289576,7.2875606403097235,0.005893395763648002,-2890.5
2022-12-30 10:00:00,-1.7186384700919657,7.264730177929867,0.0013960104946173502,-2868.2
2022-12-30 11:00:00,-1.8489203602521322,7.253470382684528,0.015269988457311534,-3201.8
2022-12-30 12:00:00,-1.8169736154144465,7.2456550675945355,0.029700167659066246,-3311.6
2022-12-30 13:00:00,-1.809238861266803,7.21890970761906,0.03280784336105036,-3376.3
2022-12-30 14:00:00,-1.7311311381798231,7.201170883281678,0.046321802073412854,-3340.3
2022-12-30 15:00:00,-1.6630382284037233,7.237059026124737,0.051858769496170076,-3378.6
2022-12-30 16:00:00,-1.6151798184026918,7.3310603052186325,0.06167990123818967,-3561.8
2022-12-30 17:00:00,-1.5513563145943796,7.507690077819904,0.05445306897795188,-3800.6
2022-12-30 18:00:00,-1.6267248031942088,7.669028288589683,0.054338481547607564,-3456.4
2022-12-30 19:00:00,-1.6669282710561864,7.8050670442584895,0.06325360910027555,-3210.7
2022-12-30 20:00:00,-1.7999495702685202,7.936660155225426,0.06224031931492302,-3204.9
2022-12-30 21:00:00,-1.8171619963832462,8.073714641109857,0.05529178013158642,-3411.3
2022-12-30 22:00:00,-2.4927077319463025,8.19533366716287,0.052456468610253104,-3231.8
2022-12-30 23:00:00,-2.4927077319463025,8.277411998949004,0.04703366648508123,-3109.7
2022-12-31 00:00:00,-2.4927077319463025,8.172164452111904,-0.02773767633418167,-2555.4
