timestamp,price_ds,wind_log,consump_log_ds,net_exchange
2025-01-01 00:00:00,-0.018620584458844736,5.883322388488279,0.11599621822062733,-2368.5
2025-01-01 01:00:00,0.007304503186188249,5.733341276897746,0.12559228972392766,-1923.6
2025-01-01 02:00:00,0.02313318858043223,5.771441123130016,0.1258587038735488,-1889.2
2025-01-01 03:00:00,0.02834802706845485,5.846438775057725,0.11756575287608673,-1813.6
2025-01-01 04:00:00,0.021876459580951302,5.940171252720432,0.11797767714458196,-1819.3
2025-01-01 05:00:00,0.005981354365819591,6.07073772800249,0.08751400747222338,-2092.4
2025-01-01 06:00:00,-0.08587190823366653,6.2878585601617845,0.04267118455696384,-2413.3
2025-01-01 07:00:00,-0.17000290737954504,6.525029657843462,0.025201981419782804,-2487.2
2025-01-01 08:00:00,-0.1929440470418191,6.906754778648554,0.03554466534333489,-3133.7
2025-01-01 09:00:00,-0.20346708220540366,7.142827401161621,0.04792563130104366,-3565.3
2025-01-01 10:00:00,-0.1529425716252395,7.277247726631484,0.05201853270932766,-4038.1
2025-01-01 11:00:00,-0.13149108645602592,7.4073177104694174,0.0640678596787918,-4301.4
2025-01-01 12:00:00,-0.1306629353466593,7.522400231387125,0.06604241806403355,-4688.5
2025-01-01 13:00:00,-0.12636712252971982,7.62608275807238,0.07682845538862093,-4912.6
2025-01-01 14:00:00,-0.08573174267430383,7.731492029245684,0.08700585308448083,-5173.2
2025-01-01 15:00:00,0.06204772404049663,7.827240901752812,0.09501284407263633,-5658.0
2025-01-01 16:00:00,0.17691450522665875,7.915348169263078,0.10644817007652474,-5878.1
2025-01-01 17:00:00,0.2339937286194207,7.97728198675515,0.11153854278445952,-6074.0
2025-01-01 18:00:00,0.17352432375304927,8.038189179973203,0.11876498246830103,-6341.8
2025-01-01 19:00:00,0.06355243149940559,8.087640287778983,0.11833013222270417,-6316.3
2025-01-01 20:00:00,0.047322649757877144,8.125039097367745,0.10843511680129758,-6354.2
2025-01-01 21:00:00,0.02064025013284221,8.156223323194624,0.10692549245658611,-6359.1
2025-01-01 22:00:00,0.101179208915541,8.173857454773621,0.10953702061995685,-6760.8
2025-01-01 23:00:00,0.09011879800528044,8.163940954755008,0.11439626600407404,-6512.9
2025-01-02 00:00:00,-0.2681063224740461,8.256347772918016,0.03789948196543058,-5782.5
2025-01-02 01:00:00,-0.25707537962582494,8.220672170297252,0.03745515211663619,-5675.6
2025-01-02 02:00:00,-0.24518519138086914,8.185071477532283,0.03881926669650326,-5896.6
2025-01-02 03:00:00,-0.20004230351410168,8.161089512845797,0.03678630252206627,-6161.9
2025-01-02 04:00:00,-0.233881607170217,8.150179269682326,0.04299082690109213,-5981.5
2025-01-02 05:00:00,-0.27161995576181885,8.153349757998892,0.042701280122491525,-5938.9
2025-01-02 06:00:00,-0.33720876323024074,8.170751423757535,0.044339016159430145,-6220.0
2025-01-02 07:00:00,-0.4077425713628138,8.192016914536875,0.04188248574819742,-6100.1
2025-01-02 08:00:00,-0.4946152578532219,8.205764725234456,0.05804440145452627,-6188.5
2025-01-02 09:00:00,-0.49004039760188434,8.232440158470336,0.06537628859122346,-6282.1
2025-01-02 10:00:00,-0.49074064109093474,8.267192185932146,0.07416880805738835,-6359.9
2025-01-02 11:00:00,-0.495175851119519,8.301273485191347,0.0744385209271945,-6501.2
2025-01-02 12:00:00,-0.4565437351349395,8.321664807135,0.08142822170253705,-6513.1
2025-01-02 13:00:00,-0.44672191113154636,8.332548939252638,0.08204133663417679,-6580.8
2025-01-02 14:00:00,-0.4421015537680866,8.348537825386098,0.07807144690788892,-6572.6
2025-01-02 15:00:00,-0.41252437471416714,8.361007108226909,0.07402200620179311,-6559.7
2025-01-02 16:00:00,-0.38009831534537053,8.357024439263416,0.06856376035901057,-6576.7
2025-01-02 17:00:00,-0.3986902070239684,8.344742754417545,0.07216153081381194,-6567.8
2025-01-02 18:00:00,-0.3540507114829303,8.333991247194975,0.06612222142837343,-6624.6
2025-01-02 19:00:00,-0.3205388781420444,8.309676895987726,0.06533844312038983,-6574.0
2025-01-02 20:00:00,-0.29295945519544997,8.272826003650401,0.05989067397714898,-6436.2
2025-01-02 21:00:00,-0.2745742936626865,8.218247926685745,0.057957066798917545,-6283.2
2025-01-02 22:00:00,-0.18639693540769686,8.150756470275551,0.06474074574154187,-6261.8
2025-01-02 23:00:00,-0.13466751880230454,8.06117135969092,0.06842030570895119,-6047.4
2025-01-03 00:00:00,-0.21104453152981595,8.209580483475577,0.062379795365827384,-6688.2
2025-01-03 01:00:00,-0.18126309166653076,8.130942302231878,0.06304533749574137,-6505.9
2025-01-03 02:00:00,-0.1735638364315646,8.034306936339489,0.05782455175366952,-6295.9
2025-01-03 03:00:00,-0.08364375026507975,7.878534196140362,0.05810343219308667,-6297.7
2025-01-03 04:00:00,0.051249356879186525,7.679713639966372,0.06415720581965001,-6088.9
2025-01-03 05:00:00,0.0770146064318169,7.486613313139955,0.0639522449093608,-5779.6
2025-01-03 06:00:00,0.03884536090925739,7.401231264413015,0.06175371095623117,-5514.3
2025-01-03 07:00:00,-0.062287698617821796,7.396948602621014,0.06221889242162515,-5365.7
2025-01-03 08:00:00,-0.1594144462391922,7.461640392208575,0.06875859272891027,-5342.0
2025-01-03 09:00:00,-0.02812193892869086,7.591357046698551,0.08058692650413324,-5472.3
2025-01-03 10:00:00,-0.19137682510685305,7.701200180857446,0.08866290472640692,-5507.9
2025-01-03 11:00:00,-0.07573378284093124,7.785720896534624,0.09620352403280918,-5709.1
2025-01-03 12:00:00,-0.20568693153126105,7.837159650001675,0.10233309043757188,-5766.0
2025-01-03 13:00:00,-0.17714774010915546,7.8928255262511176,0.10818027252820439,-5843.4
2025-01-03 14:00:00,-0.2465880885958378,7.945201132412759,0.11583450204526535,-5902.2
2025-01-03 15:00:00,-0.1905627239921417,7.99598047476376,0.11762969581311289,-5919.7
2025-01-03 16:00:00,-0.15467936557407747,8.061802274538348,0.11169041038065064,-5916.3
2025-01-03 17:00:00,-0.2447733181193974,8.117312461601975,0.1038450086077054,-5933.0
2025-01-03 18:00:00,-0.21790983009854603,8.146129510025405,0.09147496501556063,-5681.2
2025-01-03 19:00:00,-0.18696408793586405,8.169902647359145,0.08975739774158864,-5671.4
2025-01-03 20:00:00,-0.1783330698421639,8.202756381655638,0.09586085449465376,-5511.4
2025-01-03 21:00:00,-0.1553071465511633,8.236420527265391,0.09532600995518337,-5609.9
2025-01-03 22:00:00,-0.1570028101835481,8.252967195000798,0.093100273038349,-5609.3
2025-01-03 23:00:00,-0.13008845475843778,8.313607139317558,0.10254661006350663,-5798.4
2025-01-04 00:00:00,-0.13621556556112369,8.488176242345745,0.07229119241117399,-6728.6
2025-01-04 01:00:00,-0.09970431275795422,8.482601746646619,0.07475054493899158,-6643.3
2025-01-04 02:00:00,-0.08602004523060192,8.475537516147405,0.07335259736735988,-6653.7
2025-01-04 03:00:00,-0.07081527890622219,8.473659189392508,0.0759766017115977,-6672.7
2025-01-04 04:00:00,-0.06411189829651676,8.46779284112111,0.0760891570565354,-6721.2
2025-01-04 05:00:00,-0.048493179073603176,8.453187861440325,0.0868767299906894,-6687.5
2025-01-04 06:00:00,-0.07622765722697533,8.435766192720509,0.09482995429809371,-6779.1
2025-01-04 07:00:00,-0.07277690328192099,8.438799123988225,0.10389882951010421,-6919.6
2025-01-04 08:00:00,-0.1097892796583122,8.420241665339788,0.09834835289102095,-6901.4
2025-01-04 09:00:00,-0.1329902233505491,8.401108712395436,0.09576396150624156,-6915.1
2025-01-04 10:00:00,-0.10907187655912898,8.375629627094451,0.09467550837831062,-6916.0
2025-01-04 11:00:00,-0.084845365160656,8.336150816120663,0.09788770554959658,-6961.0
2025-01-04 12:00:00,-0.044171671581822114,8.283999304248526,0.1015208274151389,-6903.3
2025-01-04 13:00:00,0.015042790313818166,8.246171559857563,0.10626296205555796,-6785.0
2025-01-04 14:00:00,0.1092554863765578,8.229511118964457,0.10323777983866034,-6659.5
2025-01-04 15:00:00,-0.08271774967867174,8.225770799348734,0.10630931407373101,-6624.0
2025-01-04 16:00:00,-0.13336924718180176,8.202208436436448,0.10453043780286642,-6433.1
2025-01-04 17:00:00,-0.13517570528742784,8.173011311724972,0.09454029126512431,-6628.4
2025-01-04 18:00:00,-0.1334042464293459,8.137103389639302,0.0826650392805579,-6456.5
2025-01-04 19:00:00,-0.08722097334303358,8.098338846189057,0.08218775699434655,-6429.4
2025-01-04 20:00:00,-0.04019563679747673,8.065265208897733,0.08908410378302634,-6397.5
2025-01-04 21:00:00,-0.03493047250099135,8.033009498596668,0.09270853505109322,-6271.4
2025-01-04 22:00:00,-0.03555536303278917,8.001689978099135,0.08597260327496326,-6286.9
2025-01-04 23:00:00,-0.008451662908113278,7.99598047476376,0.0886156491578527,-6301.7
2025-01-05 00:00:00,0.19581005251991268,7.769378609513984,0.0965304251573551,-5739.3
2025-01-05 01:00:00,0.2224572581386659,7.728855823852543,0.10353981784932831,-5659.6
2025-01-05 02:00:00,0.22447290181746382,7.706162970199576,0.09577524684091365,-5616.4
2025-01-05 03:00:00,0.1952489169584708,7.686162303492906,0.10599086763191501,-5657.2
2025-01-05 04:00:00,0.18893583603792852,7.67368812926773,0.11415740326101087,-5628.3
2025-01-05 05:00:00,0.1646236248753281,7.642524134232902,0.12008663930106511,-5669.1
2025-01-05 06:00:00,0.1726826228013172,7.600902459542082,0.11924765182156882,-5527.2
2025-01-05 07:00:00,0.1977206231526898,7.55171221535131,0.13258434977722455,-5370.7
2025-01-05 08:00:00,0.16258984326704207,7.4977617006225685,0.1303972443967627,-5316.9
2025-01-05 09:00:00,0.17569719065395706,7.444833273892193,0.13007657609047207,-5224.9
2025-01-05 10:00:00,0.18458418718766634,7.393263094763838,0.13149245060678272,-5206.8
2025-01-05 11:00:00,0.1865023489820965,7.341483852363161,0.13032610691781787,-5155.0
2025-01-05 12:00:00,0.21414633816042894,7.277938572945661,0.13121415521575575,-5087.0
2025-01-05 13:00:00,0.2505420952125803,7.22402480828583,0.1265448697436975,-5012.2
2025-01-05 14:00:00,0.2991108833012537,7.165493475060845,0.1280192113778753,-4945.4
2025-01-05 15:00:00,0.34926426261628096,7.122866658599083,0.12052133025213152,-4886.1
2025-01-05 16:00:00,0.6988738891481621,7.085901464365611,0.11299642507609597,-4844.4
2025-01-05 17:00:00,0.8292461775866498,7.050989447068045,0.10018265356735245,-4791.0
2025-01-05 18:00:00,0.7999311255146679,6.988413181999592,0.099442058616666,-4733.0
2025-01-05 19:00:00,0.6681459381550097,6.895682697747868,0.09136323068618779,-4642.8
2025-01-05 20:00:00,0.5332782976722195,6.7912214627261855,0.08997492670215301,-4551.7
2025-01-05 21:00:00,0.5443699190033273,6.645090969505644,0.09564848998550168,-4491.1
2025-01-05 22:00:00,0.5083829513162641,6.466144724237619,0.09355356429914252,-4400.9
2025-01-05 23:00:00,0.39376688490923106,6.259581464064923,0.10119555068631492,-4273.4
2025-01-06 00:00:00,0.6002038313255831,6.459904454377535,0.17823469215771226,-4105.1
2025-01-06 01:00:00,0.5315123228551175,6.249975242259483,0.17669029924486157,-3795.8
2025-01-06 02:00:00,0.44874852571265844,6.016157159698354,0.17267485931569837,-3662.8
2025-01-06 03:00:00,0.3891634498795775,5.7899601708972535,0.17233940611970322,-3518.3
2025-01-06 04:00:00,0.3540209753680603,5.541263545158426,0.1562918465636267,-3404.2
2025-01-06 05:00:00,0.28424040611027834,5.3230099791384085,0.13086658776832572,-3472.7
2025-01-06 06:00:00,0.4256461336352091,5.1647859739235145,0.08162162924232863,-3720.8
2025-01-06 07:00:00,0.44928576651225915,5.043425116919247,0.05228712295392768,-3970.0
2025-01-06 08:00:00,0.4946409991687881,4.990432586778736,0.055965460244740584,-3948.8
2025-01-06 09:00:00,0.4535869076336523,5.056245805348308,0.06601854777634131,-3973.8
2025-01-06 10:00:00,0.458467874479461,5.220355825078324,0.07752796437785037,-3960.3
2025-01-06 11:00:00,0.3910145423945499,5.459585514144159,0.08350904795544611,-3991.3
2025-01-06 12:00:00,0.332514203992166,5.762051382780177,0.08444562925900811,-4043.8
2025-01-06 13:00:00,0.2906484893084489,6.16541785423142,0.08032700306180462,-4165.7
2025-01-06 14:00:00,0.19927859478910914,6.530877627725885,0.07409612745340333,-4343.6
2025-01-06 15:00:00,0.24954116765539913,6.84587987526405,0.07290863922253266,-4525.0
2025-01-06 16:00:00,0.28807405478995696,7.138866999945524,0.07477853557753367,-4801.5
2025-01-06 17:00:00,0.2760403070995192,7.404279118037268,0.06948876312389984,-5145.7
2025-01-06 18:00:00,0.18028076142349914,7.650644551436897,0.0713006203176274,-5720.9
2025-01-06 19:00:00,0.19537225052563612,7.836764783264067,0.0761314193785978,-6092.2
2025-01-06 20:00:00,0.28485719257297326,7.99699040583765,0.0828327305206411,-6537.7
2025-01-06 21:00:00,0.1066956222947506,8.122371243406553,0.0786895732570061,-6837.0
2025-01-06 22:00:00,0.16155238920362391,8.23031079913502,0.0833220814380482,-7167.2
2025-01-06 23:00:00,0.10333347266973947,8.318254328798846,0.08529948863995873,-7323.5
2025-01-07 00:00:00,-0.10291314849869737,8.294799358992574,0.022587006811472854,-7172.4
2025-01-07 01:00:00,-0.14613132175363397,8.36822903827628,0.02359129727914233,-6999.5
2025-01-07 02:00:00,-0.17133532869484203,8.408493774492896,0.02622123902311202,-6823.0
2025-01-07 03:00:00,-0.1989055297517397,8.43511508038063,0.02350856603219409,-6603.5
2025-01-07 04:00:00,-0.19697626680486913,8.453827315794417,0.024592336749496013,-6744.1
2025-01-07 05:00:00,-0.20581088676898007,8.465689348549121,0.024270379574976353,-6879.2
2025-01-07 06:00:00,-0.18336595123717103,8.471358655072438,0.012684913969674305,-7174.7
2025-01-07 07:00:00,-0.2992219359184296,8.449556542700426,0.010905745313536386,-6864.1
2025-01-07 08:00:00,-0.34313306729063653,8.41316512099219,0.022704757356877714,-6820.4
2025-01-07 09:00:00,-0.37032218992870547,8.403352374992478,0.028144330383207183,-6870.5
2025-01-07 10:00:00,-0.34180348522628856,8.39638057119949,0.015010647458068682,-6859.1
2025-01-07 11:00:00,-0.3717061810475122,8.386172928977834,0.025028045248387976,-6679.1
2025-01-07 12:00:00,-0.3732798624520788,8.374015421739909,0.0188985132312931,-6564.0
2025-01-07 13:00:00,-0.37963520522443783,8.371704884667631,0.02742823285076934,-6514.2
2025-01-07 14:00:00,-0.370748094230525,8.362175469149628,0.02548910402318505,-6569.9
2025-01-07 15:00:00,-0.3565648073409826,8.36287583103188,0.020847075859655284,-6403.6
2025-01-07 16:00:00,-0.35528417685035985,8.36450810375059,0.021210015384442116,-6338.2
2025-01-07 17:00:00,-0.3370767793174769,8.361708288575842,0.021539713666843596,-6178.4
2025-01-07 18:00:00,-0.30072278371657823,8.365905077202456,0.024482917344103683,-6253.3
2025-01-07 19:00:00,-0.30803576195686677,8.354438940114811,0.024986254780900552,-6365.6
2025-01-07 20:00:00,-0.32315685229628954,8.338305731356565,0.022196164501984583,-6047.2
2025-01-07 21:00:00,-0.2948132778237573,8.32117830749028,0.021575459512428452,-6124.2
2025-01-07 22:00:00,-0.3056324659432277,8.301521654940728,0.03225585883419413,-5781.0
2025-01-07 23:00:00,-0.26856968035796136,8.278428259199071,0.04022506735712206,-5386.4
2025-01-08 00:00:00,-0.3543630816476617,8.140315540159985,0.026303899904819517,-3971.3
2025-01-08 01:00:00,-0.2969284807899175,8.09559870137819,0.014591699787878554,-3835.9
2025-01-08 02:00:00,-0.279557751843277,8.04044688130311,0.020011990166592497,-3458.9
2025-01-08 03:00:00,-0.2562436542514632,8.0040315078527,0.015852743044864503,-3635.4
2025-01-08 04:00:00,-0.240635137170496,7.959625305098115,0.013637435331069092,-3854.8
2025-01-08 05:00:00,-0.22225134982311667,7.9102237070973445,0.011226096006811126,-4260.5
2025-01-08 06:00:00,-0.24466841255480576,7.9603236291488395,0.00473930828347946,-5076.6
2025-01-08 07:00:00,-0.2921833745645013,7.90100705199242,0.015591455602156579,-5075.2
2025-01-08 08:00:00,-0.29082104019657695,7.846198815497425,0.013770662965515434,-5102.3
2025-01-08 09:00:00,-0.272692685203451,7.791522819150732,0.019148702506682547,-5199.3
2025-01-08 10:00:00,-0.21581883765687104,7.756623334538858,0.016318278685951704,-5142.2
2025-01-08 11:00:00,-0.1542265361658708,7.736307096548285,0.019658413855323964,-5193.5
2025-01-08 12:00:00,-0.13959573996040708,7.716906135298388,0.017333945483819058,-5169.0
2025-01-08 13:00:00,-0.12271418860504602,7.724888439323074,0.019471150398626236,-5216.8
2025-01-08 14:00:00,-0.13449149748166134,7.7501841622578365,0.026958655869494308,-5242.1
2025-01-08 15:00:00,-0.14234137455994578,7.76004068088038,0.01753090261461665,-5189.6
2025-01-08 16:00:00,-0.17717006488321196,7.773594467360194,0.017943357894493417,-5412.8
2025-01-08 17:00:00,-0.1880024301626828,7.786551806428712,0.0230385433676199,-5512.1
2025-01-08 18:00:00,-0.22046763288009075,7.796057974316123,0.03727601907043265,-5516.8
2025-01-08 19:00:00,-0.18590826249833592,7.791522819150732,0.030303571493595527,-5629.9
2025-01-08 20:00:00,-0.20691574944681657,7.776954403322442,0.027178251012698773,-5454.2
2025-01-08 21:00:00,-0.18792575592169714,7.769800996003896,0.023383442075654237,-5504.2
2025-01-08 22:00:00,-0.13331717706437596,7.764720544771477,0.029321545737868604,-5572.5
2025-01-08 23:00:00,-0.0869094331697382,7.780720886117918,0.030476443196265635,-5633.7
2025-01-09 00:00:00,0.2704703453459709,7.652545692693921,0.008560939999000539,-5213.4
2025-01-09 01:00:00,0.310987377328809,7.659171367666058,0.009178056019774061,-5263.9
2025-01-09 02:00:00,0.31968318168192367,7.6487397889562425,0.014767175862097304,-5299.0
2025-01-09 03:00:00,0.33281064257018,7.644440761556566,0.012279892334243314,-5307.7
2025-01-09 04:00:00,0.34519110877310855,7.617759576608505,0.015566379873391156,-5227.9
2025-01-09 05:00:00,0.49699688565598343,7.569927655242652,0.022907561472598204,-5132.0
2025-01-09 06:00:00,0.2517981580771078,7.498315870766981,0.017894663042022252,-5038.3
2025-01-09 07:00:00,-0.07627850069191355,7.4360278163518485,0.026359786007688513,-5229.9
2025-01-09 08:00:00,0.2472611131253366,7.374001859350161,0.029994257005085068,-5139.7
2025-01-09 09:00:00,0.49378340756675154,7.2991214627108,0.026491140792442636,-5149.9
2025-01-09 10:00:00,0.8119320269180657,7.240649694255466,0.029579138228966073,-5082.2
2025-01-09 11:00:00,1.0884367932402874,7.176254532017144,0.035217807773912924,-5014.3
2025-01-09 12:00:00,1.137496208818848,7.0925737159746784,0.03987691349752076,-4980.5
2025-01-09 13:00:00,1.108496362582363,7.051855622955894,0.044697440767522245,-4918.3
2025-01-09 14:00:00,1.1341341471575754,7.035268599281097,0.04591682705359812,-4872.5
2025-01-09 15:00:00,1.2033991970619304,7.013915474810528,0.048472475357006495,-4836.4
2025-01-09 16:00:00,1.2346535879488805,6.981934677156389,0.04232152429871938,-4971.6
2025-01-09 17:00:00,1.2481711792919654,6.955592608396297,0.04168298115639679,-4972.5
2025-01-09 18:00:00,1.323131474765245,6.918695219020472,0.043929369778207494,-4963.3
2025-01-09 19:00:00,1.2637654361735624,6.892641641172089,0.05113702101422213,-4923.6
2025-01-09 20:00:00,1.2707577362765754,6.855408798609928,0.05185204548071365,-4915.0
2025-01-09 21:00:00,1.1572805721458845,6.826545223556594,0.04175060363375227,-4926.7
2025-01-09 22:00:00,1.1223764000686947,6.796823718274855,0.047341622329465594,-4951.5
2025-01-09 23:00:00,0.8985964797403252,6.774223886357614,0.051840519287113196,-4888.8
2025-01-10 00:00:00,0.8663216564526994,6.569481420414296,0.04707796664801922,-4522.5
2025-01-10 01:00:00,0.774420867008395,6.513230110912307,0.04663658282934868,-4356.7
2025-01-10 02:00:00,0.727044799343517,6.459904454377535,0.052791367941337874,-4303.3
2025-01-10 03:00:00,0.6850771829791276,6.431331081933479,0.05217681352344794,-4244.9
2025-01-10 04:00:00,0.6997957700482891,6.456769655572163,0.04926859332589917,-4268.3
2025-01-10 05:00:00,0.8114429968481085,6.517671272912275,0.049494161734131126,-4411.9
2025-01-10 06:00:00,1.1098596743736913,6.620073206530356,0.06256539931248373,-4572.1
2025-01-10 07:00:00,1.2233081599500544,6.661854740545311,0.06414976770776093,-4568.4
2025-01-10 08:00:00,1.2232858053450508,6.726233402358747,0.06267723609245923,-4598.4
2025-01-10 09:00:00,1.1632285479774334,6.829793737512425,0.06662706954481745,-4669.5
2025-01-10 10:00:00,1.1179490929250147,6.910750787961936,0.0755023462883253,-4775.6
2025-01-10 11:00:00,1.0695205942583002,6.940222469119639,0.07854385036710365,-4759.5
2025-01-10 12:00:00,1.0490056798368714,6.97354301952014,0.07965638176654277,-4783.6
2025-01-10 13:00:00,1.0261893766993468,7.023758954738443,0.0861846948360947,-4852.7
2025-01-10 14:00:00,1.0619441453677796,7.130098510125578,0.08642061683897229,-4936.6
2025-01-10 15:00:00,1.2033670359061723,7.256297239690681,0.08907222023022232,-5107.5
2025-01-10 16:00:00,1.2367709750010478,7.347299700743164,0.0816826022415551,-5230.5
2025-01-10 17:00:00,1.3034883497942005,7.427738840532894,0.08224267880921499,-5256.8
2025-01-10 18:00:00,1.3212633572113548,7.5251007461258,0.08038710529240145,-5119.0
2025-01-10 19:00:00,1.1284144922679262,7.598399329323964,0.08780617761032694,-5168.8
2025-01-10 20:00:00,0.7495790175229082,7.650168700845001,0.087918000980717,-5074.5
2025-01-10 21:00:00,0.6551950790744252,7.707062655370473,0.09898529437997272,-5037.0
2025-01-10 22:00:00,0.5855410617298418,7.781138509845015,0.0926817754386029,-5226.0
2025-01-10 23:00:00,0.4970857216593325,7.859026979751538,0.09785676987518421,-5459.9
2025-01-11 00:00:00,0.19095118683018075,7.81762544305337,0.10777163242658361,-6187.3
2025-01-11 01:00:00,0.002611254495718196,7.902487437162855,0.10877352215061187,-6295.6
2025-01-11 02:00:00,-0.005621039993934485,7.984462732262196,0.11430320098045499,-6327.1
2025-01-11 03:00:00,-0.0051181049865420825,8.040768994367578,0.11503880695236024,-6290.2
2025-01-11 04:00:00,-0.025832816780373857,8.080856419640986,0.11428746535423429,-6304.4
2025-01-11 05:00:00,-0.02254297168749586,8.101071503119543,0.11712814714412811,-6301.6
2025-01-11 06:00:00,-0.0018571145059054217,8.121183242078828,0.10650576261352196,-6206.3
2025-01-11 07:00:00,-0.0205800067463886,8.145259566516865,0.11396180750872542,-6032.9
2025-01-11 08:00:00,-0.07574750049026147,8.174702882469461,0.11152811533543083,-5934.1
2025-01-11 09:00:00,-0.08978146901931261,8.203577736937952,0.11161473027230873,-5935.7
2025-01-11 10:00:00,-0.08357655043928158,8.19891444498699,0.11088331860516387,-5852.3
2025-01-11 11:00:00,-0.08196858516804095,8.17948018535889,0.10763199702427517,-5764.3
2025-01-11 12:00:00,-0.07719054416166804,8.149890544402423,0.10724447345770827,-5869.1
2025-01-11 13:00:00,0.00040217234334471996,8.112827478751374,0.09968669503418148,-5945.0
2025-01-11 14:00:00,0.11964437251038218,8.074337694089515,0.09913941344637767,-6023.8
2025-01-11 15:00:00,-0.062382307807941295,8.031710375322042,0.10390835253619368,-6042.5
2025-01-11 16:00:00,-0.08273343082850326,7.9996785794994505,0.09900774132021528,-6058.9
2025-01-11 17:00:00,-0.1157934649361998,7.9229859587111955,0.09177622237797323,-6009.1
2025-01-11 18:00:00,-0.09193790977904115,7.827639546366422,0.08830794018719512,-6029.4
2025-01-11 19:00:00,-0.062300440523755274,7.728855823852543,0.09239401011353987,-5869.1
2025-01-11 20:00:00,0.05257037202321424,7.628031126930335,0.09527863112772206,-5879.7
2025-01-11 21:00:00,0.01286434889869259,7.56734567601324,0.09944540263585111,-5640.7
2025-01-11 22:00:00,-0.02535592366389583,7.560080465021827,0.09888711767898606,-5498.2
2025-01-11 23:00:00,0.0020487424033572843,7.575584651557793,0.0917068417275253,-5443.0
2025-01-12 00:00:00,-0.027830887513827562,7.71289096149013,0.10321643178909756,-5486.7
2025-01-12 01:00:00,-0.06792519646222317,7.796880342783522,0.10533273630361695,-5396.6
2025-01-12 02:00:00,-0.0780107804284671,7.907651594711089,0.10074476237652163,-5361.2
2025-01-12 03:00:00,-0.07917450583441088,7.98514393119862,0.10329059596416812,-5431.9
2025-01-12 04:00:00,-0.09193885818582759,8.029758520440822,0.09797727499753961,-5380.5
2025-01-12 05:00:00,-0.08559308767939955,7.980365765111246,0.09731271465251279,-5177.8
2025-01-12 06:00:00,-0.09268092669476813,8.049746290952191,0.09038688176093501,-5268.9
2025-01-12 07:00:00,-0.1024721788331564,8.021912778985708,0.09644864344804827,-4959.6
2025-01-12 08:00:00,-0.15980866614250866,8.007034012193408,0.09573100429433712,-4663.3
2025-01-12 09:00:00,-0.2001567141732048,8.0519780789023,0.0941742262266354,-4502.4
2025-01-12 10:00:00,-0.20204752074162702,8.080856419640986,0.08924708748685983,-4613.6
2025-01-12 11:00:00,-0.19536005854723415,8.089789175789319,0.08891826478487452,-4873.6
2025-01-12 12:00:00,-0.2076857474119409,8.09132127353041,0.08595756362763574,-4832.1
2025-01-12 13:00:00,-0.17520150182946725,8.088561805276234,0.08224037715582533,-4763.8
2025-01-12 14:00:00,-0.16338143260069637,8.10349427838097,0.08312800103932272,-4912.6
2025-01-12 15:00:00,-0.2281197038535865,8.11312710422178,0.08620918526335242,-4762.7
2025-01-12 16:00:00,-0.30195906821160046,8.106514516255185,0.08540303074544209,-4859.0
2025-01-12 17:00:00,-0.3498693299305309,8.092239406724211,0.07331418624225616,-4819.9
2025-01-12 18:00:00,-0.34219600094650016,8.070593539949519,0.07382016061938934,-4861.5
2025-01-12 19:00:00,-0.2995421770681559,8.052614818815567,0.06249356968977349,-4821.3
2025-01-12 20:00:00,-0.23831107805570895,8.026823576217629,0.057833717490356484,-4805.1
2025-01-12 21:00:00,-0.23685941090687246,7.9919305198524775,0.05862280506887352,-4717.0
2025-01-12 22:00:00,-0.24924753684287904,7.9617188159813645,0.05128767877069418,-4708.6
2025-01-12 23:00:00,-0.22025951003031574,7.964155718840937,0.0517154934229449,-4828.8
2025-01-13 00:00:00,-0.2511107342942047,7.86940171257709,0.05030792389850092,-5231.9
2025-01-13 01:00:00,-0.24236572668185596,7.843848638152472,0.0453008110419999,-5373.4
2025-01-13 02:00:00,-0.2288166706563155,7.88758403166028,0.0446946720335486,-5604.4
2025-01-13 03:00:00,-0.2438457143962922,7.9966538754626075,0.043143579410283905,-5852.9
2025-01-13 04:00:00,-0.26660099387143976,8.130647968160584,0.03979751462017411,-6017.8
2025-01-13 05:00:00,-0.33554624298292746,8.226840890408578,0.038879766759809975,-6172.1
2025-01-13 06:00:00,-0.384516518629876,8.285008895449879,0.029307468674914183,-6151.0
2025-01-13 07:00:00,-0.481120438798206,8.297045149081827,0.024226154015348556,-5704.6
2025-01-13 08:00:00,-0.5456322496952941,8.294549515143679,0.017494618610310653,-5964.2
2025-01-13 09:00:00,-0.5508532090292628,8.304494897963567,0.006387531682521264,-5884.9
2025-01-13 10:00:00,-0.5327466235528235,8.326516830239528,0.0008352765458505829,-5918.2
2025-01-13 11:00:00,-0.5719434576030689,8.413830678421084,-0.006196426056712667,-6170.1
2025-01-13 12:00:00,-0.5951185663319771,8.453401058328458,-0.013622473349740538,-6330.1
2025-01-13 13:00:00,-0.5894433813091235,8.46884293047519,-0.01919846852957896,-6403.2
2025-01-13 14:00:00,-0.5931076050908191,8.48632152774915,-0.024608662926551617,-6506.4
2025-01-13 15:00:00,-0.5601001491708679,8.51097389160232,-0.03208152954021415,-6598.9
2025-01-13 16:00:00,-0.5450924291227137,8.542080906924017,-0.045323958051387336,-6624.5
2025-01-13 17:00:00,-0.5380030836284964,8.559294367434873,-0.04553493462842528,-6599.7
2025-01-13 18:00:00,-0.4963954287241479,8.566173813637858,-0.044621483736356105,-6653.7
2025-01-13 19:00:00,-0.46592053982210313,8.583355393669907,-0.04315098365966996,-6798.2
2025-01-13 20:00:00,-0.4481446616052125,8.582980931954241,-0.04483708460977187,-6779.0
2025-01-13 21:00:00,-0.4256478106239019,8.575273402492762,-0.054347983967449665,-6663.2
2025-01-13 22:00:00,-0.4127081910381629,8.559294367434873,-0.07441693643635716,-6362.2
2025-01-13 23:00:00,-0.3958120178687312,8.547916364059079,-0.0802562881738158,-5806.0
2025-01-14 00:00:00,-0.4054664674589836,8.440959885416648,-0.07914562199609332,-5244.7
2025-01-14 01:00:00,-0.3780140048412819,8.387312270561717,-0.09324566451291894,-4918.7
2025-01-14 02:00:00,-0.3633445526851471,8.327726166461412,-0.09843793516628985,-4676.7
2025-01-14 03:00:00,-0.3651728323129504,8.328692583545568,-0.10133911950594676,-4741.6
2025-01-14 04:00:00,-0.37556830705685806,8.37309184744198,-0.09966397520379644,-4934.5
2025-01-14 05:00:00,-0.3665316801649823,8.446126742982377,-0.0987083627652856,-5515.1
2025-01-14 06:00:00,-0.37782513378716587,8.479491324232226,-0.09924423875750588,-6554.0
2025-01-14 07:00:00,-0.4375116083830308,8.464846711044029,-0.09549120330550753,-6863.5
2025-01-14 08:00:00,-0.49287370971569144,8.435332164935916,-0.0958217174832523,-6920.1
2025-01-14 09:00:00,-0.5298290689564888,8.42222295382501,-0.09394297907993199,-6873.9
2025-01-14 10:00:00,-0.4959033068208596,8.399085102935908,-0.09588510240210368,-7042.7
2025-01-14 11:00:00,-0.5008317900828798,8.381831553485561,-0.09684701667786566,-7055.2
2025-01-14 12:00:00,-0.49674672234073514,8.379997952238393,-0.09591514507028798,-7033.8
2025-01-14 13:00:00,-0.4819237363397342,8.374476889214643,-0.09513913948183905,-7078.7
2025-01-14 14:00:00,-0.49619934452708714,8.371473537066832,-0.08999105201722113,-7065.7
2025-01-14 15:00:00,-0.46876123628872657,8.371704884667631,-0.0838098956657305,-6968.1
2025-01-14 16:00:00,-0.4865491536619406,8.335191583433202,-0.07433585597928793,-6634.2
2025-01-14 17:00:00,-0.43493554285234826,8.303504798872783,-0.06772815168151869,-6619.1
2025-01-14 18:00:00,-0.3897715128540522,8.280711075662847,-0.06037064587967489,-6642.7
2025-01-14 19:00:00,-0.3794146366966702,8.199738960630786,-0.06202512220872869,-6644.1
2025-01-14 20:00:00,-0.32187644239024493,8.101374671228582,-0.05757030007587183,-6694.4
2025-01-14 21:00:00,-0.13332018671818124,7.9976631270201,-0.06555202778212177,-6675.0
2025-01-14 22:00:00,0.03896054664132009,7.890208213109961,-0.06058020029925171,-6422.9
2025-01-14 23:00:00,0.12015674243224073,7.735870319952567,-0.05660208949267265,-6069.9
2025-01-15 00:00:00,0.1270310781068007,7.343426229147367,-0.05307980361640041,-5621.0
2025-01-15 01:00:00,0.1861186133530044,7.138866999945524,-0.04946960826499769,-5390.0
2025-01-15 02:00:00,0.2122225112544478,7.075808863978387,-0.04439955490579628,-5314.0
2025-01-15 03:00:00,-0.03493395637618901,7.1284959456800365,-0.0450997818344403,-5362.1
2025-01-15 04:00:00,-0.1364238818029344,7.31455283232408,-0.045950502595887954,-5504.7
2025-01-15 05:00:00,-0.2033637731690381,7.555905093611346,-0.04140515394127586,-5415.3
2025-01-15 06:00:00,-0.319397525889038,7.741533589281828,-0.0354160976143616,-4854.2
2025-01-15 07:00:00,-0.4182102885495076,8.049746290952191,-0.039016818028132505,-5492.1
2025-01-15 08:00:00,-0.48124551255963777,8.24800570160062,-0.039894709796238104,-5821.9
2025-01-15 09:00:00,-0.5476747028320466,8.349957272040324,-0.04485662746922969,-5878.4
2025-01-15 10:00:00,-0.5637234679915055,8.38662882139512,-0.04712267973352269,-5991.8
2025-01-15 11:00:00,-0.5478209324124759,8.41604600941128,-0.05376905469949289,-6127.3
2025-01-15 12:00:00,-0.5270672830205592,8.444622498581403,-0.050702362601352746,-5929.8
2025-01-15 13:00:00,-0.5180876393994023,8.439663988907,-0.04972557390729637,-5921.9
2025-01-15 14:00:00,-0.5022162776069785,8.445482343862237,-0.052647846780767615,-6027.5
2025-01-15 15:00:00,-0.4853790840879588,8.444407421690585,-0.059430138521512355,-5988.5
2025-01-15 16:00:00,-0.5306295125470841,8.42989086301344,-0.061669888746029855,-5955.0
2025-01-15 17:00:00,-0.49879794191209914,8.465268118551318,-0.0660287776454469,-5971.6
2025-01-15 18:00:00,-0.4636016361206208,8.480529207044645,-0.06306081251634588,-5935.8
2025-01-15 19:00:00,-0.4354600701675384,8.46863300080086,-0.07659631151670077,-5862.3
2025-01-15 20:00:00,-0.405440377423111,8.476371196895983,-0.07730630506766722,-5865.2
2025-01-15 21:00:00,-0.3949012240602845,8.503905297089302,-0.08507489567110582,-5997.4
2025-01-15 22:00:00,-0.3962272538721576,8.500250470685925,-0.08693227061449882,-6014.1
2025-01-15 23:00:00,-0.3900414558498788,8.517393171418904,-0.09721354885964928,-6042.2
2025-01-16 00:00:00,-0.42719417570541784,8.438582790834326,-0.1054485062737438,-5710.6
2025-01-16 01:00:00,-0.41500060549667817,8.432724034789787,-0.11646321269041149,-5557.8
2025-01-16 02:00:00,-0.4192381381410373,8.446341450444287,-0.12156390448004561,-5535.9
2025-01-16 03:00:00,-0.41700075859010344,8.447628728030327,-0.12781607528678585,-5510.4
2025-01-16 04:00:00,-0.44053273192337494,8.442038517815478,-0.1335701872864421,-5456.6
2025-01-16 05:00:00,-0.4345727533893542,8.434680769841773,-0.12309827694852782,-5467.2
2025-01-16 06:00:00,-0.4972374908416901,8.452121194672523,-0.11764396847911307,-5832.5
2025-01-16 07:00:00,-0.5366556517480348,8.451907724717607,-0.11840865112671306,-5831.2
2025-01-16 08:00:00,-0.6301607498494457,8.42989086301344,-0.11837833714702306,-5710.3
2025-01-16 09:00:00,-0.6218367092011903,8.434680769841773,-0.12153243220963716,-5809.9
2025-01-16 10:00:00,-0.6169219486206208,8.422442854870427,-0.12259095073496251,-5714.3
2025-01-16 11:00:00,-0.624130365131923,8.417814747435958,-0.12602063729303659,-5734.7
2025-01-16 12:00:00,-0.5859675876587067,8.41803561988302,-0.1304627878271063,-5466.5
2025-01-16 13:00:00,-0.5695798533170096,8.4040244933106,-0.131223714895345,-5457.6
2025-01-16 14:00:00,-0.5611533913955657,8.394573477868327,-0.12171007733022865,-5438.1
2025-01-16 15:00:00,-0.5247363653210955,8.412721169819527,-0.11434186504812427,-5492.5
2025-01-16 16:00:00,-0.4971506238958008,8.39479954320217,-0.11016067025409448,-5447.8
2025-01-16 17:00:00,-0.517820869224273,8.377241230988792,-0.10783627395064244,-5348.0
2025-01-16 18:00:00,-0.4756860530386078,8.309184527686298,-0.10570396955760675,-5549.3
2025-01-16 19:00:00,-0.4378729616859136,8.275121630216509,-0.10043454816803532,-5514.7
2025-01-16 20:00:00,-0.4073995059618567,8.202756381655638,-0.09619676138922628,-5406.5
2025-01-16 21:00:00,-0.36596674073810975,8.150179269682326,-0.09112267774622129,-5492.3
2025-01-16 22:00:00,-0.3494045217423647,8.083637203141548,-0.09060262374195727,-5389.3
2025-01-16 23:00:00,-0.3146044096950362,8.035602692918582,-0.09224222695323103,-5202.4
2025-01-17 00:00:00,-0.3570354065805925,8.020270472819238,-0.09916753367212561,-4640.5
2025-01-17 01:00:00,-0.3475019193330211,8.087640287778983,-0.10011202573301947,-4688.2
2025-01-17 02:00:00,-0.35588539322551904,8.120291313968561,-0.09632612807358854,-4740.8
2025-01-17 03:00:00,-0.3444071994303717,8.122074375362217,-0.10334655011578331,-4717.5
2025-01-17 04:00:00,-0.32147473150987427,8.141481041457421,-0.10579159088419932,-4865.3
2025-01-17 05:00:00,-0.2867005235001545,8.109224953089955,-0.1115202669480917,-5639.8
2025-01-17 06:00:00,-0.3224794819984389,8.092851027538384,-0.09626151146160655,-5860.7
2025-01-17 07:00:00,-0.41660330412817226,8.0323601479245,-0.09891397248177913,-5632.1
2025-01-17 08:00:00,-0.5132574453335605,7.949444420250626,-0.1027838298102175,-5348.3
2025-01-17 09:00:00,-0.547004751074267,7.879669914604289,-0.10451105499007785,-5355.7
2025-01-17 10:00:00,-0.5182236866239158,7.876638460975463,-0.1098518132846733,-4930.9
2025-01-17 11:00:00,-0.4952860118314022,7.950502434808851,-0.1103191460453603,-5377.0
2025-01-17 12:00:00,-0.4753319264813656,8.049427057110695,-0.12352340514782156,-5569.2
2025-01-17 13:00:00,-0.4789950805629579,8.17413934342947,-0.1333228367799668,-5653.1
2025-01-17 14:00:00,-0.5020888333644189,8.270269111436624,-0.13071347297894054,-5846.7
2025-01-17 15:00:00,-0.4772677567960959,8.356789669923213,-0.13520063668113913,-5972.4
2025-01-17 16:00:00,-0.4809172563923272,8.423541635334782,-0.1363966974164743,-6062.2
2025-01-17 17:00:00,-0.4760234569665953,8.46884293047519,-0.12771633442274677,-6108.5
2025-01-17 18:00:00,-0.44631809085286367,8.499843553081124,-0.12598136717805986,-6283.7
2025-01-17 19:00:00,-0.36806389747949586,8.492080490601163,-0.12272197107380833,-6297.3
2025-01-17 20:00:00,-0.315449189868072,8.46863300080086,-0.12451753606102134,-6218.2
2025-01-17 21:00:00,-0.3109030293597881,8.421562960400987,-0.12324552425082214,-5774.5
2025-01-17 22:00:00,-0.33925903098714905,8.395929103923198,-0.11395992250976672,-5554.2
2025-01-17 23:00:00,-0.3069337995362207,8.392536586816682,-0.12261940189005394,-5525.5
2025-01-18 00:00:00,-0.3130609103389066,8.348774539791274,-0.1318467560911314,-4989.4
2025-01-18 01:00:00,-0.2779364238421884,8.379539026117442,-0.1319084962539856,-5173.3
2025-01-18 02:00:00,-0.2625345380616113,8.392083380373393,-0.12910604779333745,-5343.4
2025-01-18 03:00:00,-0.24673142534899384,8.409830673087738,-0.1179505012026647,-5486.2
2025-01-18 04:00:00,-0.24128798559426512,8.427487278331744,-0.11682425560915188,-5579.4
2025-01-18 05:00:00,-0.22996068069624132,8.443546651247939,-0.11570284232577155,-5669.0
2025-01-18 06:00:00,-0.2048057152810503,8.443115988019922,-0.1042471153287794,-5718.3
2025-01-18 07:00:00,-0.24255419523001853,8.419580362549237,-0.09602297754821887,-5390.2
2025-01-18 08:00:00,-0.25475893341118416,8.379079889286603,-0.09146387563209046,-5290.0
2025-01-18 09:00:00,-0.2657797761784395,8.277666160851503,-0.08320394607687387,-5119.3
2025-01-18 10:00:00,-0.23516077606223762,8.166784289056151,-0.07595000865245272,-4940.7
2025-01-18 11:00:00,-0.21600167673811654,8.027802848370312,-0.074447164907264,-4668.8
2025-01-18 12:00:00,-0.19925970501622237,7.892452043520352,-0.07222749866832778,-4524.2
2025-01-18 13:00:00,-0.12115521029522114,7.783640596221253,-0.07221510961279165,-4501.0
2025-01-18 14:00:00,-0.020665794023865036,7.741099090035366,-0.059882798194200504,-4570.8
2025-01-18 15:00:00,-0.19888231068984386,7.738052297689316,-0.07409561539655929,-4733.3
2025-01-18 16:00:00,-0.22602185213860526,7.7702232041587855,-0.08125896609821304,-4990.9
2025-01-18 17:00:00,-0.24888967760694625,7.836369760545124,-0.09125733159807137,-5273.6
2025-01-18 18:00:00,-0.2081686498090023,7.898411092811599,-0.092246689795763,-5832.8
2025-01-18 19:00:00,-0.17440228830571236,7.96346006663897,-0.09710188040405399,-6228.1
2025-01-18 20:00:00,-0.12236275263805352,8.084562415235304,-0.09755496220863247,-6592.0
2025-01-18 21:00:00,-0.11440167736640205,8.128880142125638,-0.08733425129227346,-6817.5
2025-01-18 22:00:00,-0.11471826731149681,8.17413934342947,-0.08617557497558703,-7037.9
2025-01-18 23:00:00,-0.08420883414017633,8.193123721512068,-0.09273335992671417,-7149.5
2025-01-19 00:00:00,-0.02814188114096483,8.19450550976564,-0.09839255851460393,-7270.8
2025-01-19 01:00:00,-0.033455686363305315,8.208764045819667,-0.09479076352244586,-7204.6
2025-01-19 02:00:00,-0.07103748303614932,8.244334047856094,-0.10409061960395061,-7029.5
2025-01-19 03:00:00,-0.0926882250011336,8.267448958304849,-0.10320545620144461,-6659.4
2025-01-19 04:00:00,-0.09601772176064882,8.295049140435111,-0.1036504306366286,-6555.1
2025-01-19 05:00:00,-0.10241751886530315,8.312135107648412,-0.09920122009794774,-6527.1
2025-01-19 06:00:00,-0.11708495614148484,8.328934041955529,-0.06999434781695957,-6392.0
2025-01-19 07:00:00,-0.130419486762261,8.335191583433202,-0.07092032746506316,-6098.8
2025-01-19 08:00:00,-0.16296933602569563,8.344505083590521,-0.06381741591114398,-5751.5
2025-01-19 09:00:00,-0.19055664044418563,8.352554369474591,-0.06686285563025596,-5481.3
2025-01-19 10:00:00,-0.19671417476626463,8.367764677924308,-0.06197533256131038,-5405.1
2025-01-19 11:00:00,-0.21693472383508716,8.379768515504566,-0.0670479312173402,-5314.8
2025-01-19 12:00:00,-0.24332025372006605,8.384575666801398,-0.07339743204627158,-5326.7
2025-01-19 13:00:00,-0.2054959209295526,8.383433201236713,-0.07913361854836065,-5364.0
2025-01-19 14:00:00,-0.19140050691055466,8.379539026117442,-0.0798370361760794,-5354.2
2025-01-19 15:00:00,-0.25113402417819763,8.356789669923213,-0.07425846146386483,-5250.7
2025-01-19 16:00:00,-0.3398342634178708,8.31090675716845,-0.06065366208226042,-5135.3
2025-01-19 17:00:00,-0.3580037691255691,8.230044310126114,-0.06520703635636238,-5071.7
2025-01-19 18:00:00,-0.35272980621409866,8.110427237575024,-0.05913209259009289,-5021.6
2025-01-19 19:00:00,-0.3100061720934364,7.943782692458625,-0.061652488909748726,-4841.3
2025-01-19 20:00:00,-0.24526520900140802,7.765993079407675,-0.06925758131943649,-4720.0
2025-01-19 21:00:00,-0.20674077565630844,7.585281078639126,-0.0605006055569719,-4786.4
2025-01-19 22:00:00,-0.1859244183188764,7.417580402414544,-0.06638523079119985,-4621.6
2025-01-19 23:00:00,-0.1546454957633201,7.204892510204673,-0.07305521446648022,-4696.6
2025-01-20 00:00:00,-0.04426956032593177,6.47543271670409,-0.08837165513449552,-4294.7
2025-01-20 01:00:00,-0.01492200307915903,6.364750756851911,-0.08876577024929766,-4336.4
2025-01-20 02:00:00,0.05453226389498367,6.47543271670409,-0.08335212387155444,-4489.9
2025-01-20 03:00:00,0.18514989112206637,6.721425700790643,-0.077688596640618,-4691.0
2025-01-20 04:00:00,0.26457099687830166,6.931471805599453,-0.07310235821113764,-4933.2
2025-01-20 05:00:00,0.17470594517133486,7.072421900537371,-0.05390196669115621,-5079.7
2025-01-20 06:00:00,-0.05698713854519788,7.193685818395112,-0.047602812328211286,-5140.3
2025-01-20 07:00:00,0.18732502497843173,7.274479558773871,-0.046636817995046265,-5303.3
2025-01-20 08:00:00,0.8461845268132242,7.323170717943469,-0.0429554374380281,-5464.7
2025-01-20 09:00:00,0.9804007323259265,7.4073177104694174,-0.05039175320165157,-5623.6
2025-01-20 10:00:00,0.5808715590259306,7.470793774195062,-0.05451481853731366,-5666.8
2025-01-20 11:00:00,0.27545665750072246,7.553286605600419,-0.04756434661755016,-5783.2
2025-01-20 12:00:00,0.25033625866945197,7.627544390488503,-0.04871379316101088,-5922.5
2025-01-20 13:00:00,0.2778495771583902,7.732369222284388,-0.03485353756444454,-6165.7
2025-01-20 14:00:00,0.14905104071958064,7.860185057472165,-0.03473533174448029,-6354.1
2025-01-20 15:00:00,0.16816299904427812,7.983098940710892,-0.042955747944585454,-6621.4
2025-01-20 16:00:00,-0.11283259411839763,8.082402253926244,-0.04323321925927903,-6654.8
2025-01-20 17:00:00,-0.15379198188115906,8.17526610411206,-0.04721702081140933,-6844.8
2025-01-20 18:00:00,-0.2172193754547087,8.203577736937952,-0.04247325519806644,-6980.0
2025-01-20 19:00:00,-0.21424254127723952,8.220941168281389,-0.04184691914102334,-6959.3
2025-01-20 20:00:00,-0.2447570233498424,8.227909837597483,-0.0435087691609759,-6760.5
2025-01-20 21:00:00,-0.23862438579606904,8.21716859576607,-0.03883672407011751,-6637.9
2025-01-20 22:00:00,-0.19157334478503385,8.19863945529737,-0.03935886959707435,-6646.2
2025-01-20 23:00:00,-0.08964942333447823,8.18060094759445,-0.04281349069003948,-6741.5
2025-01-21 00:00:00,-0.10349218731047527,8.158229916959494,-0.03166195475242439,-6828.0
2025-01-21 01:00:00,-0.07333380567061809,8.160232492367689,-0.0258853305642619,-6819.3
2025-01-21 02:00:00,-0.056251932926526305,8.177796683277778,-0.022687079574295055,-6868.3
2025-01-21 03:00:00,-0.06072296595148652,8.190908881182514,-0.026465450530740675,-6897.7
2025-01-21 04:00:00,-0.08602667938363551,8.206583614320753,-0.02741745818137531,-6794.3
2025-01-21 05:00:00,-0.14217857321494698,8.209852481301272,-0.029063119540661653,-6689.1
2025-01-21 06:00:00,-0.15379832023387507,8.20903626577507,-0.038114098352497905,-6494.7
2025-01-21 07:00:00,-0.22028907949400134,8.195609567288775,-0.04837705319436392,-6573.5
2025-01-21 08:00:00,-0.26487092345777663,8.153061946801051,-0.04577864651270236,-6726.9
2025-01-21 09:00:00,-0.30532589812623945,8.160232492367689,-0.04559914386234176,-6623.2
2025-01-21 10:00:00,-0.2753976210793061,8.130059039992796,-0.04654088618022634,-6551.5
2025-01-21 11:00:00,-0.26099006658800583,8.078998258685154,-0.04424944271977882,-6494.3
2025-01-21 12:00:00,-0.24601808284115156,8.026823576217629,-0.03622213007671071,-6455.8
2025-01-21 13:00:00,-0.2588498981560212,8.002694162283937,-0.03475507897628738,-6413.3
2025-01-21 14:00:00,-0.2684478118692928,8.00903068506973,-0.038675255632617755,-6509.9
2025-01-21 15:00:00,-0.2422806407209399,8.017966703493599,-0.042899992921604735,-6460.7
2025-01-21 16:00:00,-0.21922561583509914,7.99699040583765,-0.04621299706739013,-6348.8
2025-01-21 17:00:00,-0.1349609133627494,7.952966790923131,-0.05066289112733191,-6208.9
2025-01-21 18:00:00,-0.10993797070953937,7.8713112033234065,-0.04040470486177039,-6194.9
2025-01-21 19:00:00,-0.11582606967355824,7.779466967458324,-0.046186691692012616,-6060.2
2025-01-21 20:00:00,-0.14683231497470928,7.674152921281675,-0.04065845953509495,-5858.6
2025-01-21 21:00:00,-0.044923909458391975,7.570443252057374,-0.04668788431130899,-5717.0
2025-01-21 22:00:00,0.039661563143915224,7.459914766241105,-0.049200276636489626,-5588.6
2025-01-21 23:00:00,0.027989428864734656,7.356279876550748,-0.04488320537945878,-5444.8
2025-01-22 00:00:00,0.3767016218986954,6.747586526829315,-0.022812050226119318,-4263.3
2025-01-22 01:00:00,0.4069940756931034,6.782192056006791,-0.016433570987974377,-4281.4
2025-01-22 02:00:00,0.3912338032140066,6.78105762593618,-0.005550047883632558,-4256.7
2025-01-22 03:00:00,0.4238097477207323,6.755768921984255,-0.00876834134548421,-4245.2
2025-01-22 04:00:00,0.4375040770396419,6.715383386334681,-0.007446239752572303,-4306.2
2025-01-22 05:00:00,0.5114317782208282,6.639875833826536,-0.007422463071262264,-4399.3
2025-01-22 06:00:00,0.8121841550847115,6.553933404025811,-0.012713141667747507,-4612.3
2025-01-22 07:00:00,1.3223601990083456,6.492239835020471,-0.02709163411732618,-4798.1
2025-01-22 08:00:00,1.2902655278597432,6.39024066706535,-0.027252316381061625,-4882.2
2025-01-22 09:00:00,1.4692405389481857,6.29156913955832,-0.029621461862746834,-4936.2
2025-01-22 10:00:00,1.4571852734965764,6.139884552226255,-0.026363620359198592,-4876.4
2025-01-22 11:00:00,1.4454567119413806,5.905361848054571,-0.020979231876501636,-4756.8
2025-01-22 12:00:00,1.4099314907642126,5.736572297479192,-0.014008826297888355,-4762.7
2025-01-22 13:00:00,1.4387596646219283,5.631211781821365,-0.010740127194343252,-4707.4
2025-01-22 14:00:00,1.4866689349224131,5.627621113690637,-0.009125619793656448,-4729.0
2025-01-22 15:00:00,1.562685541045684,5.707110264748875,-0.020623075839485416,-4734.0
2025-01-22 16:00:00,1.5566227741029053,5.783825182329737,-0.012246095187699702,-4749.2
2025-01-22 17:00:00,1.6335621900213413,5.765191102784844,-0.010412086986190339,-4739.0
2025-01-22 18:00:00,1.5358048741028387,5.703782474656201,0.004245493393950639,-4752.2
2025-01-22 19:00:00,1.4974652924799603,5.529429087511423,0.002225756739055562,-4700.9
2025-01-22 20:00:00,1.338394433596159,5.313205979041787,0.0045072548483453545,-4678.0
2025-01-22 21:00:00,1.302127660578182,5.19295685089021,0.003923368520941217,-4675.8
2025-01-22 22:00:00,1.174829339003578,5.056245805348308,0.003184952762262938,-4673.2
2025-01-22 23:00:00,0.797821073487726,4.912654885736052,0.013203286465301112,-4561.2
2025-01-23 00:00:00,0.6514028646390662,4.143134726391533,0.035142127277239865,-4210.6
2025-01-23 01:00:00,0.5234064500021827,4.189654742026425,0.03606012747747123,-4162.2
2025-01-23 02:00:00,0.49451974450820657,4.219507705176107,0.0480957710667953,-4054.4
2025-01-23 03:00:00,0.4967571240591404,4.290459441148391,0.04605420945284777,-4047.3
2025-01-23 04:00:00,0.4723543476365073,4.442651256490317,0.05075519566302944,-4117.3
2025-01-23 05:00:00,0.4371152611246396,4.718498871295094,0.04314661524452479,-4221.5
2025-01-23 06:00:00,0.9495514389894346,5.030437921392435,0.04226561711682475,-4386.0
2025-01-23 07:00:00,1.2213910222147524,5.247024072160486,0.040696949154096274,-4373.3
2025-01-23 08:00:00,1.2612980796016977,5.375278407684165,0.03236205605924258,-4402.9
2025-01-23 09:00:00,1.167364746572817,5.493061443340548,0.02965820598914437,-4434.7
2025-01-23 10:00:00,1.0130841165068771,5.703782474656201,0.030371845365205097,-4471.4
2025-01-23 11:00:00,0.9822771299640118,5.777652323222656,0.030454003608045177,-4511.1
2025-01-23 12:00:00,0.8850633961576948,5.8944028342648505,0.033911495130949376,-4496.2
2025-01-23 13:00:00,0.42754863425938616,6.259581464064923,0.032334372033808734,-4564.8
2025-01-23 14:00:00,0.2752911978318533,6.5638555265321274,0.028842757320789225,-4700.2
2025-01-23 15:00:00,0.23799174907735576,6.912742820493176,0.02344183731492855,-4765.1
2025-01-23 16:00:00,0.24621184142792618,7.241366283322318,0.021686180448130088,-4924.2
2025-01-23 17:00:00,0.15564136744185575,7.427738840532894,0.020966977477933746,-5049.6
2025-01-23 18:00:00,0.1207271703993067,7.560080465021827,0.019217071954712672,-5063.6
2025-01-23 19:00:00,0.10539887689717498,7.666221925662725,0.01637200019502938,-5138.5
2025-01-23 20:00:00,0.08859135001457696,7.757051142032013,0.019035318879085494,-5350.5
2025-01-23 21:00:00,0.1472216808192197,7.835579246669965,0.01457271006533123,-5438.0
2025-01-23 22:00:00,0.20158828408368334,7.88570539124302,0.021321073627569298,-5684.1
2025-01-23 23:00:00,0.2253992787801673,7.895436006942965,0.01828783039813686,-5848.1
2025-01-24 00:00:00,0.1926942058431509,7.5411524551363085,0.0241411813049206,-5775.5
2025-01-24 01:00:00,0.20271902907613093,7.5443321080536885,0.022920056212032414,-5866.7
2025-01-24 02:00:00,0.19540086945707325,7.532088143541722,0.023938738319555064,-5853.4
2025-01-24 03:00:00,0.20199720761307471,7.469083884921234,0.0205903511149792,-5797.0
2025-01-24 04:00:00,0.18993637236651795,7.425953657077541,0.01646361887297143,-5842.0
2025-01-24 05:00:00,0.21359533971278033,7.393263094763838,0.010802875929313949,-5737.4
2025-01-24 06:00:00,0.18868878353893548,7.340186835320115,-0.0015134573720381184,-5723.9
2025-01-24 07:00:00,0.17262433785389497,7.240649694255466,-0.008653263279703616,-5503.4
2025-01-24 08:00:00,0.11259899180996324,7.098375638590786,-0.018287233164386407,-5419.0
2025-01-24 09:00:00,0.06823600619854986,7.0317412587631285,-0.023567040360529035,-5247.1
2025-01-24 10:00:00,0.04990858950948818,6.9650803456014065,-0.020565122457908203,-5129.1
2025-01-24 11:00:00,0.014108557821408851,6.897704943128636,-0.01600846657411914,-5044.7
2025-01-24 12:00:00,0.11912859385764873,6.840546529288687,-0.01195270447171648,-5007.2
2025-01-24 13:00:00,0.10932618035006003,6.802394763324311,-0.01119818367211689,-4935.1
2025-01-24 14:00:00,0.05641735643426049,6.833031732786201,-0.009923392245877238,-4989.1
2025-01-24 15:00:00,0.08599397400733277,6.903747257584598,-0.019721990857727967,-5008.9
2025-01-24 16:00:00,0.09393189202645846,7.007600613951853,-0.025392641675654914,-5048.8
2025-01-24 17:00:00,0.08504476404914252,7.113956109566034,-0.020777872551769327,-5072.9
2025-01-24 18:00:00,0.08676531187436831,7.270312886079025,-0.01854361538477267,-5370.9
2025-01-24 19:00:00,0.11851406963360045,7.422373700986824,-0.017554338047498952,-5619.5
2025-01-24 20:00:00,0.1554748260049923,7.577633832602728,-0.02687906649710481,-5876.8
2025-01-24 21:00:00,0.09568630596065741,7.711548979629146,-0.025312422297604442,-6032.9
2025-01-24 22:00:00,-0.12359141455068379,7.8050670442584895,-0.025834052713278766,-6182.5
2025-01-24 23:00:00,-0.16852879104269425,7.869783902530146,-0.032992021457628695,-5887.7
2025-01-25 00:00:00,-0.21106174238378506,8.0959035329611,-0.050527072123521144,-6137.8
2025-01-25 01:00:00,-0.19316557497270637,8.135346948906706,-0.05023046523971786,-5938.1
2025-01-25 02:00:00,-0.21398879682026672,8.114922974204593,-0.04811198869669653,-5544.8
2025-01-25 03:00:00,-0.20609902225977406,8.127699852817772,-0.05598616314029847,-5549.6
2025-01-25 04:00:00,-0.20256847609963113,8.130353547431238,-0.05855534748517677,-5524.8
2025-01-25 05:00:00,-0.2008380634499618,8.142645185942795,-0.05664112783450914,-5535.0
2025-01-25 06:00:00,-0.19459575704815268,8.170751423757535,-0.050515183248568185,-5737.6
2025-01-25 07:00:00,-0.17769920683808094,8.22817689595132,-0.044369480414087725,-5995.7
2025-01-25 08:00:00,-0.20584407318822073,8.25582842728183,-0.05359360157668114,-6338.1
2025-01-25 09:00:00,-0.21411576816291777,8.297792626380861,-0.05185341619279793,-6672.9
2025-01-25 10:00:00,-0.20451118025800996,8.322151070212902,-0.05012360909255431,-6685.5
2025-01-25 11:00:00,-0.1943401799569373,8.337827262447915,-0.04955358649813757,-6852.2
2025-01-25 12:00:00,-0.1680239938369148,8.36799688505411,-0.05290322584192442,-6804.4
2025-01-25 13:00:00,-0.11250338992470743,8.379079889286603,-0.05618367567260396,-6700.7
2025-01-25 14:00:00,-0.01886561351971716,8.39660622842712,-0.061328233280839584,-6784.3
2025-01-25 15:00:00,-0.22331759040097054,8.404472321352118,-0.06409315048301245,-6749.7
2025-01-25 16:00:00,-0.2625588674868191,8.424200324567073,-0.05970236755737712,-6714.4
2025-01-25 17:00:00,-0.3132193796159264,8.427487278331744,-0.06501402609283868,-6589.5
2025-01-25 18:00:00,-0.2772344847048367,8.445052513638554,-0.06657988157325789,-6773.0
2025-01-25 19:00:00,-0.2510234823697508,8.451480648050856,-0.06711897681022627,-6731.3
2025-01-25 20:00:00,-0.20821009212451935,8.453614209773367,-0.06561906224613079,-6769.6
2025-01-25 21:00:00,-0.20849720016194828,8.43771698991444,-0.06482767488247365,-6720.6
2025-01-25 22:00:00,-0.22404689359294316,8.42463920980563,-0.05876269093721209,-6413.0
2025-01-25 23:00:00,-0.23852697607952322,8.414717399827001,-0.05526800002966148,-6195.0
2025-01-26 00:00:00,-0.21914800721636007,8.33423142973486,-0.07158130106394633,-5491.6
2025-01-26 01:00:00,-0.20883496219862474,8.305484017727691,-0.06993805273817344,-5473.0
2025-01-26 02:00:00,-0.19675228926888932,8.272570608424903,-0.0751979039138213,-5342.4
2025-01-26 03:00:00,-0.18789636919494201,8.284504227258497,-0.07265207032617482,-5510.9
2025-01-26 04:00:00,-0.1702304992385768,8.303504798872783,-0.07039579918128158,-5764.4
2025-01-26 05:00:00,-0.15029051373541247,8.325548307161398,-0.06781336202956112,-6014.8
2025-01-26 06:00:00,-0.16556201693206107,8.338305731356565,-0.054490161280994265,-5943.8
2025-01-26 07:00:00,-0.1656732710347879,8.336630087637147,-0.049653703196381294,-5959.4
2025-01-26 08:00:00,-0.19332338932344806,8.33110454805304,-0.05340323798102542,-5863.4
2025-01-26 09:00:00,-0.22511731550965264,8.313607139317558,-0.04779603504375185,-5634.4
2025-01-26 10:00:00,-0.2092031863370396,8.27715777243181,-0.05034729456619136,-5850.2
2025-01-26 11:00:00,-0.20874525310488767,8.206037762778815,-0.05876530165047633,-5897.7
2025-01-26 12:00:00,-0.18981248381622873,8.108021221376747,-0.05967172636639706,-5683.6
2025-01-26 13:00:00,-0.13618575571137193,7.998671361015776,-0.05747922911297909,-5563.3
2025-01-26 14:00:00,-0.12549679784764356,7.9287663216266955,-0.052933970750917325,-5508.7
2025-01-26 15:00:00,-0.18771016551571007,7.9017475185201445,-0.04667706496760271,-5423.1
2025-01-26 16:00:00,-0.26209124545851603,7.979338895262328,-0.03238000491094084,-5504.9
2025-01-26 17:00:00,-0.3054328821162309,8.008698182988528,-0.0321798318521882,-5508.2
2025-01-26 18:00:00,-0.3058408312808556,8.01102337918644,-0.018736312091318652,-5720.3
2025-01-26 19:00:00,-0.2738514337751461,8.036249942132116,-0.026770567883120044,-5845.2
2025-01-26 20:00:00,-0.22591422507888037,8.008032846969307,-0.029634593480264648,-5789.7
2025-01-26 21:00:00,-0.22305656927145456,8.047189562170502,-0.0212056092362225,-5971.3
2025-01-26 22:00:00,-0.21725593516951758,8.074960359115858,-0.021804205234641216,-6151.4
2025-01-26 23:00:00,-0.14384519441255073,8.179199798423086,-0.014273354292273055,-7165.9
2025-01-27 00:00:00,-0.18956871947735499,8.144679183447758,-0.006579450503551243,-6180.2
2025-01-27 01:00:00,-0.1843834441435086,8.183118079394745,-0.0016651752554155408,-6294.3
2025-01-27 02:00:00,-0.16646403735061988,8.181160858023409,-0.005857607129282627,-6697.2
2025-01-27 03:00:00,-0.15255429418688493,8.14060704285845,-0.00041439492884620677,-6558.3
2025-01-27 04:00:00,-0.10234104881548678,8.06211758275474,0.0003343478349622231,-6421.5
2025-01-27 05:00:00,-0.07243810510491411,7.957527402230773,0.015553760624469781,-6599.9
2025-01-27 06:00:00,-0.15338205721463583,7.813187267521416,0.013961899000253908,-6261.3
2025-01-27 07:00:00,-0.17191279077797628,7.6290038896529575,0.012487504751652168,-5819.5
2025-01-27 08:00:00,-0.20650951965228792,7.382746449738912,0.005047158157087672,-5477.4
2025-01-27 09:00:00,-0.15196904001751932,7.212294468500341,-0.005365389823541733,-5330.7
2025-01-27 10:00:00,-0.1416702528967586,7.195937226475569,-0.01261509945096595,-5327.9
2025-01-27 11:00:00,-0.27473283894963973,7.300472814267799,-0.023954480978416015,-5456.9
2025-01-27 12:00:00,-0.3190503988981326,7.428333194190806,-0.027848654697049113,-5630.1
2025-01-27 13:00:00,-0.2938293569277959,7.483806687665835,-0.029325137347507635,-5696.9
2025-01-27 14:00:00,-0.3095455563801277,7.465082736399547,-0.03092580332781303,-5635.7
2025-01-27 15:00:00,-0.1649332999602371,7.4318919168078,-0.036667737286939506,-5632.5
2025-01-27 16:00:00,-0.2118698794198428,7.4815557019095165,-0.03077975818799228,-5743.4
2025-01-27 17:00:00,-0.2679704108341032,7.610357618312838,-0.02145739125272872,-5870.2
2025-01-27 18:00:00,-0.2963210362015505,7.778211474512493,-0.01079161921795091,-6091.1
2025-01-27 19:00:00,-0.3168737719130208,7.889084407035514,-0.018235605486720097,-6152.5
2025-01-27 20:00:00,-0.2780631597057597,7.9287663216266955,-0.02509527214547891,-6382.6
2025-01-27 21:00:00,-0.2358867415007011,7.914252278742441,-0.02847860398903279,-6348.5
2025-01-27 22:00:00,-0.1581783259032825,7.884199933676039,-0.03842820410412173,-6541.3
2025-01-27 23:00:00,0.05222355529380529,7.84971375760487,-0.04184684005894468,-6716.9
2025-01-28 00:00:00,0.1510669631168451,7.680637427560936,-0.044571766620690845,-5858.6
2025-01-28 01:00:00,0.1420944189185982,7.6093665379542115,-0.038394875731795786,-5480.2
2025-01-28 02:00:00,0.14732425753183165,7.550135342488429,-0.04375104793246276,-5286.5
2025-01-28 03:00:00,0.16589482163090974,7.480992162869525,-0.04605914443114223,-5152.2
2025-01-28 04:00:00,0.13752746524367154,7.427738840532894,-0.05701580643470994,-5112.4
2025-01-28 05:00:00,0.12118479678774907,7.416378479192928,-0.05733010876654987,-5214.8
2025-01-28 06:00:00,0.2546053735916183,7.428333194190806,-0.05077249522442173,-5064.6
2025-01-28 07:00:00,0.19210446279612725,7.45298232946546,-0.040238220518917345,-5137.9
2025-01-28 08:00:00,0.34382788877742865,7.467942332285852,-0.04790314274411056,-5285.2
2025-01-28 09:00:00,0.4935821755956651,7.496652438168283,-0.04900630218395641,-5506.1
2025-01-28 10:00:00,0.6396358959312716,7.476472381163905,-0.05466927317992187,-5524.4
2025-01-28 11:00:00,0.8249656053705845,7.418780882750794,-0.0640862294379847,-5623.2
2025-01-28 12:00:00,0.7046225552005607,7.3343293503005365,-0.06958021545228643,-5627.9
2025-01-28 13:00:00,0.8809189637451063,7.168579897264035,-0.06647618309116599,-5427.3
2025-01-28 14:00:00,1.053920824433142,6.988413181999592,-0.058537739358892615,-5208.1
2025-01-28 15:00:00,1.0472380030323105,6.853299093186078,-0.06465388979524977,-5061.6
2025-01-28 16:00:00,1.1976509405853673,6.694562058521095,-0.052958385206921754,-5005.2
2025-01-28 17:00:00,1.2313800422632033,6.508769136971682,-0.05066289112733191,-4855.0
2025-01-28 18:00:00,1.1860695437382507,6.234410725718371,-0.032272838950642146,-4767.9
2025-01-28 19:00:00,1.0846483972617955,6.0014148779611505,-0.045750296310878014,-4697.8
2025-01-28 20:00:00,0.8793093724809804,5.749392985908253,-0.043752384655043386,-4633.0
2025-01-28 21:00:00,0.7525225800053992,5.442417710521793,-0.047143776728596265,-4525.0
2025-01-28 22:00:00,0.5834352357930586,5.0369526024136295,-0.048257769497915604,-4492.6
2025-01-28 23:00:00,0.5212021222454801,4.700480365792417,-0.04536876013529678,-4495.8
2025-01-29 00:00:00,0.5494094318690901,4.454347296253507,-0.041061631922755915,-4305.4
2025-01-29 01:00:00,0.5885584582250933,4.8283137373023015,-0.03732985371438691,-4302.6
2025-01-29 02:00:00,0.6013310529799618,5.262690188904886,-0.03983912136226486,-4363.8
2025-01-29 03:00:00,0.6151554968362944,5.62040086571715,-0.043074464686438496,-4400.6
2025-01-29 04:00:00,0.6195523226671344,5.908082938168931,-0.04544735793118537,-4578.9
2025-01-29 05:00:00,0.6026167669514342,6.144185634125646,-0.048244457591517076,-4719.2
2025-01-29 06:00:00,0.43792929095772326,6.272877006546167,-0.03406626613831598,-4837.2
2025-01-29 07:00:00,0.7636949960608668,6.484635235635252,-0.026668353687726132,-4893.7
2025-01-29 08:00:00,0.8160417199264156,6.61472560020376,-0.028090188235693425,-4971.7
2025-01-29 09:00:00,0.4874302204207055,6.799055862058796,-0.027523705691748113,-5076.7
2025-01-29 10:00:00,0.4085269505933473,6.937314081223682,-0.02720254658289889,-5163.5
2025-01-29 11:00:00,0.3182778157450077,7.037905963447182,-0.023916091549812002,-5118.9
2025-01-29 12:00:00,0.43406876431765085,7.156176637480615,-0.01610570272147349,-5236.9
2025-01-29 13:00:00,0.210855912373626,7.272398392570047,-0.02811712727568416,-5255.7
2025-01-29 14:00:00,-0.03647060411102698,7.421775793644647,-0.029370933787648212,-5409.9
2025-01-29 15:00:00,-0.08207769842510526,7.585281078639126,-0.02893222210858415,-5557.8
2025-01-29 16:00:00,-0.1480566706062314,7.701200180857446,-0.026238093005339636,-5750.0
2025-01-29 17:00:00,-0.13858029739008426,7.775695749915245,-0.018229448335379317,-5842.7
2025-01-29 18:00:00,-0.2406054796036412,7.857867559331803,-0.0044990969948006665,-5809.0
2025-01-29 19:00:00,-0.2899294495334921,7.9208096792886,-0.026232311499000183,-5750.4
2025-01-29 20:00:00,-0.2075201616743434,7.969703583278656,-0.022172468744268592,-6027.9
2025-01-29 21:00:00,-0.24300238462318724,8.006367567650246,-0.023973060769976406,-6067.2
2025-01-29 22:00:00,-0.2450159449985665,8.022896869601457,-0.038048556699921576,-6100.4
2025-01-29 23:00:00,-0.21742871318288515,8.03073492409854,-0.04581785316127274,-6083.2
2025-01-30 00:00:00,-0.26676404039331647,7.938445551164788,-0.05786972929060852,-5200.0
2025-01-30 01:00:00,-0.24800730741185406,7.946263643580541,-0.05752980176896294,-5283.5
2025-01-30 02:00:00,-0.24452118073230178,7.978653729082731,-0.05235223854959958,-5401.2
2025-01-30 03:00:00,-0.25463994435868686,7.953318346560431,-0.05531673516214841,-5320.2
2025-01-30 04:00:00,-0.26521576334065244,7.955775781534187,-0.050166696748719986,-5619.7
2025-01-30 05:00:00,-0.29039073342420973,7.954021087278037,-0.04816444792141006,-6109.4
2025-01-30 06:00:00,-0.37300676910601993,7.929846429742503,-0.03225755122305696,-6346.2
2025-01-30 07:00:00,-0.4265255069792473,7.9105906122564775,-0.03484161663548946,-6178.4
2025-01-30 08:00:00,-0.5225300856570803,7.8838232148921525,-0.03320182305750308,-6205.3
2025-01-30 09:00:00,-0.4748020074969519,7.853604813097837,-0.029361972409979842,-6222.2
2025-01-30 10:00:00,-0.4360753183477337,7.804659297056102,-0.030054697813362452,-6228.7
2025-01-30 11:00:00,-0.4178064408119897,7.737616282857904,-0.04258318998742894,-6198.2
2025-01-30 12:00:00,-0.39472012945630786,7.719573989259581,-0.03973633314300251,-6119.9
2025-01-30 13:00:00,-0.385597932706506,7.71289096149013,-0.04567055244278606,-6048.4
2025-01-30 14:00:00,-0.39512055444533933,7.763446388727362,-0.0451111957034529,-6028.2
2025-01-30 15:00:00,-0.39042402771350115,7.848933726364071,-0.040331300235745715,-6105.1
2025-01-30 16:00:00,-0.3898927129376579,7.935229539816907,-0.024197119121880384,-6187.4
2025-01-30 17:00:00,-0.4151487747264424,7.977968093128549,-0.011138508730030416,-5910.8
2025-01-30 18:00:00,-0.3662319320625027,8.0507033814703,-0.004054033296316817,-6108.7
2025-01-30 19:00:00,-0.33435034399075825,8.05579245097777,-0.007775717685330363,-6111.8
2025-01-30 20:00:00,-0.3037987795835231,8.069029328774958,-0.001184409570169187,-6214.6
2025-01-30 21:00:00,-0.2860894727208363,8.0861025356691,-0.0014831783503224116,-6248.3
2025-01-30 22:00:00,-0.2634194979686808,8.098946748943339,-0.004492553708339564,-5922.3
2025-01-30 23:00:00,-0.2126207875706898,8.104099056143582,-0.001005372536542204,-5946.0
2025-01-31 00:00:00,-0.23659456205068796,8.135639903354386,-0.0064854762740704786,-5999.9
2025-01-31 01:00:00,-0.23085460214056486,8.101677747454572,0.002957416114487188,-5792.9
2025-01-31 02:00:00,-0.23284527470153193,8.076204527239026,0.004391036034315121,-5843.8
2025-01-31 03:00:00,-0.22113620462840355,8.046229101075378,-0.005708080551866779,-5877.2
2025-01-31 04:00:00,-0.22357241307025344,8.039157390473237,-0.0025032844639421015,-5912.9
2025-01-31 05:00:00,-0.23065579343054088,8.024534871605695,-0.0002673478249333172,-6061.3
2025-01-31 06:00:00,-0.29977818525446764,8.025516386489008,0.021996922349677206,-6421.6
2025-01-31 07:00:00,-0.4013513562112765,8.068089626278244,0.025206793759153356,-6530.0
2025-01-31 08:00:00,-0.4967002162721057,8.096512917501594,0.0210288740459168,-6640.4
2025-01-31 09:00:00,-0.5412429998354402,8.122074375362217,0.00915571563033879,-6625.1
2025-01-31 10:00:00,-0.5069971696670694,8.145839612936841,5.416474482711209e-05,-6669.0
2025-01-31 11:00:00,-0.4777357807460847,8.127109185346375,-0.006058135720951263,-6646.5
2025-01-31 12:00:00,-0.45310878969665547,8.119993827725105,-0.009024444692628641,-6558.3
2025-01-31 13:00:00,-0.454545645380088,8.10349427838097,-0.030831763550093427,-6472.3
2025-01-31 14:00:00,-0.4562266333242224,8.13505390861157,-0.032511184021284834,-6464.8
2025-01-31 15:00:00,-0.43451580765511144,8.199738960630786,-0.02899302228566114,-6575.1
2025-01-31 16:00:00,-0.43506495516334454,8.232706009860976,-0.014154229946758967,-6561.2
2025-01-31 17:00:00,-0.42709487491335185,8.29254851397576,-0.0025805134998622137,-6552.2
2025-01-31 18:00:00,-0.3955748010625495,8.328692583545568,0.0003764360650029275,-6607.3
2025-01-31 19:00:00,-0.3104172023798464,8.341648618901306,-0.0080510267846714,-6569.9
2025-01-31 20:00:00,-0.24300005138199277,8.336390480591552,-0.014876255138557504,-6557.9
2025-01-31 21:00:00,-0.21924678843055645,8.329416783939319,-0.010713622876451723,-6537.8
2025-01-31 22:00:00,-0.20279192825929115,8.327242607457793,-0.00484937035084787,-6540.2
2025-01-31 23:00:00,-0.1637276844266502,8.33302993974291,-0.00608025799778833,-6564.5
2025-02-01 00:00:00,-0.06641156785287672,8.4252971767117,-0.02499688992073068,-6631.6
2025-02-01 01:00:00,-0.05193587333851557,8.413608875159667,-0.023667360994289233,-6562.9
2025-02-01 02:00:00,-0.06567616061260395,8.403800504061147,-0.024845825559379087,-6179.7
2025-02-01 03:00:00,-0.06905484288609731,8.388905171114706,-0.025323049005428366,-5881.8
2025-02-01 04:00:00,-0.06967691858871783,8.353261499733874,-0.027488366540828757,-5586.8
2025-02-01 05:00:00,-0.04698206159124707,8.343791731996841,-0.02138861377421364,-5581.4
2025-02-01 06:00:00,-0.021222148840504218,8.332308352219117,-0.023750049461580325,-5690.2
2025-02-01 07:00:00,-0.05550545120446593,8.3133619511344,-0.007678018617903071,-5698.8
2025-02-01 08:00:00,-0.05277157192565163,8.282735880201754,-0.0023610048625499758,-5961.6
2025-02-01 09:00:00,-0.06513816822029472,8.234830280442056,0.003950475567112477,-6019.1
2025-02-01 10:00:00,-0.030481534922104814,8.216628493133443,0.005728112996317591,-6174.8
2025-02-01 11:00:00,-0.012591490111648618,8.120291313968561,9.513900124513697e-05,-6058.5
2025-02-01 12:00:00,-0.02677716808147146,8.0519780789023,-0.0007978849779455288,-6165.4
2025-02-01 13:00:00,0.02778381829478871,7.987524479848767,-0.0015719089952677123,-6271.9
2025-02-01 14:00:00,0.11969696852037082,7.952263308657046,0.006069251291404676,-6239.8
2025-02-01 15:00:00,-0.0035606685035549646,7.956476798036782,0.01569455234312933,-6276.4
2025-02-01 16:00:00,0.056780260001327854,7.968665700466235,0.02041285143077065,-5998.8
2025-02-01 17:00:00,0.03741490217515597,7.957877358489813,0.011563715685122489,-6275.8
2025-02-01 18:00:00,0.05965736646000108,7.933079771880415,0.0018016987043845134,-6555.0
2025-02-01 19:00:00,0.045193914126917534,7.892078421248119,0.009809224968753583,-6423.8
2025-02-01 20:00:00,0.07724257663319589,7.843064016692054,0.01107153117809112,-6462.1
2025-02-01 21:00:00,0.0639816760416747,7.789868559054706,0.017575421359675047,-6403.8
2025-02-01 22:00:00,0.07199831324739714,7.731930721948486,0.025516764496434696,-6348.7
2025-02-01 23:00:00,0.0924885224025731,7.666221925662725,0.031118239146451288,-6256.2
2025-02-02 00:00:00,0.10740852272520973,7.652070746116482,0.03383243978618733,-5912.9
2025-02-02 01:00:00,0.09136521192523217,7.58629630715272,0.032704326187977806,-5701.2
2025-02-02 02:00:00,0.093058734622669,7.508787170634276,0.03291410559514052,-5528.4
2025-02-02 03:00:00,0.0982904775538116,7.444833273892193,0.03691384416913657,-5398.5
2025-02-02 04:00:00,0.09864782232195601,7.404887575616125,0.03664401077670476,-5283.9
2025-02-02 05:00:00,0.12351424536314459,7.331714969726466,0.03166813803536517,-5156.8
2025-02-02 06:00:00,0.14210896466968093,7.257002707092073,0.0255393592851485,-5102.2
2025-02-02 07:00:00,0.1576250106532293,7.188412736496954,0.02226009150346897,-5103.9
2025-02-02 08:00:00,0.1643049987898939,7.1204443723924875,0.03140446196687119,-5020.1
2025-02-02 09:00:00,0.2071722848755888,7.036148493750536,0.044777476511796976,-5017.5
2025-02-02 10:00:00,0.2485556219831313,6.918695219020472,0.05228382447416813,-4902.0
2025-02-02 11:00:00,0.3139757242480625,6.7661917146603505,0.060510824180044054,-4766.4
2025-02-02 12:00:00,0.28266965561448076,6.630683385642372,0.05919023524130118,-4751.5
2025-02-02 13:00:00,0.29502430763657594,6.532334292222349,0.051472924288251676,-4834.1
2025-02-02 14:00:00,0.2922318035270828,6.453624998892692,0.061444536518132864,-4771.9
2025-02-02 15:00:00,0.2862041465705132,6.481577129276431,0.05633982558968498,-4789.5
2025-02-02 16:00:00,0.2883238019937062,6.54534966033442,0.049317111565359895,-4779.3
2025-02-02 17:00:00,0.3856021988785021,6.57507584059962,0.03169001098081203,-4836.4
2025-02-02 18:00:00,0.39441505200840776,6.556778356158042,0.02301151185852479,-4877.9
2025-02-02 19:00:00,0.5702386404080455,6.505784060128229,0.02126053143220208,-4948.1
2025-02-02 20:00:00,0.4076202114298617,6.486160788944089,0.012156277251368586,-4856.6
2025-02-02 21:00:00,0.5606512366122605,6.4457198193855785,0.017073969928392607,-4982.3
2025-02-02 22:00:00,0.5909186197910072,6.416732282512326,0.014669933274959135,-5016.8
2025-02-02 23:00:00,0.5469563595410483,6.411818267709897,0.012387717761877859,-5027.0
2025-02-03 00:00:00,0.35471174566596186,6.3835066348840055,0.010995445361659861,-4714.2
2025-02-03 01:00:00,0.34837614996221244,6.342121418721152,0.011393536908754776,-4683.0
2025-02-03 02:00:00,0.3420241438222247,6.368187186350492,0.007332361293867606,-4713.2
2025-02-03 03:00:00,0.3367750787496169,6.484635235635252,0.00920295931074211,-4788.3
2025-02-03 04:00:00,0.45549740544942363,6.591673732008658,0.00931010782560815,-4890.3
2025-02-03 05:00:00,0.700526486862576,6.6039438246004725,0.014116697163993663,-5039.1
2025-02-03 06:00:00,0.7413287235212112,6.568077911411976,0.022217522538549694,-5073.6
2025-02-03 07:00:00,1.0968685785305192,6.566672429803241,0.029348264352314857,-5032.3
2025-02-03 08:00:00,1.0248720110256304,6.558197802812269,0.03469275409611239,-4997.9
2025-02-03 09:00:00,1.100090057822391,6.522092798170152,0.038063782115042244,-5002.0
2025-02-03 10:00:00,0.9597277107149882,6.423246963533519,0.040575171382173814,-4909.8
2025-02-03 11:00:00,1.115319820733542,6.35088571671474,0.051557190266622754,-4901.6
2025-02-03 12:00:00,1.0823797530226038,6.311734809152915,0.05292737613827203,-4875.5
2025-02-03 13:00:00,1.0546975938802206,6.333279628139691,0.0658479770179543,-4893.1
2025-02-03 14:00:00,0.9387163409467041,6.413458957167357,0.06360939297156687,-4902.7
2025-02-03 15:00:00,0.8880665747579055,6.6039438246004725,0.05913117509453958,-4954.4
2025-02-03 16:00:00,0.5401541239518792,6.853299093186078,0.056309540134771296,-4956.7
2025-02-03 17:00:00,0.4959343854859215,7.002155954403621,0.045817427871278404,-4998.3
2025-02-03 18:00:00,0.2251088599431874,7.105786129481271,0.04410358643736423,-5095.7
2025-02-03 19:00:00,0.29344190514560653,7.215975002651466,0.040605039001371246,-5260.3
2025-02-03 20:00:00,0.16709663929684826,7.329749689041512,0.05077937118380582,-5368.6
2025-02-03 21:00:00,0.3253650993691237,7.417580402414544,0.04518727732637284,-5554.7
2025-02-03 22:00:00,0.11693706322412245,7.509883061154913,0.04594287693890475,-5539.6
2025-02-03 23:00:00,0.19137964717578626,7.602900462204755,0.05062367421767622,-5755.1
2025-02-04 00:00:00,0.21637465012019197,7.335633981927201,0.04549221487667943,-5913.8
2025-02-04 01:00:00,0.1484055803949227,7.428333194190806,0.04514802046198785,-6037.6
2025-02-04 02:00:00,0.13595992335975682,7.537430036586509,0.040798858121950055,-6189.4
2025-02-04 03:00:00,0.08747642993207982,7.610357618312838,0.03903698409594725,-6251.8
2025-02-04 04:00:00,0.06619026619203039,7.656810091480378,0.039349804376000996,-6294.8
2025-02-04 05:00:00,0.07091750506895433,7.674152921281675,0.029054357025629862,-6267.2
2025-02-04 06:00:00,0.31050651980526833,7.669028288589683,0.019872943592423198,-6257.3
2025-02-04 07:00:00,0.22294974456804617,7.6838639802564295,0.01430445965934446,-6187.4
2025-02-04 08:00:00,0.31517986202229764,7.703459047867175,0.016080789500170667,-6170.4
2025-02-04 09:00:00,0.19777829963779014,7.710653323501202,0.012978799851764755,-6121.2
2025-02-04 10:00:00,-0.15248709957855322,7.727094484779841,0.023934252742074058,-5933.5
2025-02-04 11:00:00,-0.16974860883470066,7.7306140660637395,0.03454843869232693,-5774.3
2025-02-04 12:00:00,-0.23845543448101347,7.730174795246222,0.049249328279729276,-5795.8
2025-02-04 13:00:00,-0.28967857329076185,7.768110378525988,0.058257605238917876,-5815.8
2025-02-04 14:00:00,-0.3034093761104857,7.840312983320164,0.052686114610840384,-5924.1
2025-02-04 15:00:00,-0.23712544428747284,7.9294865233142895,0.03406256213718084,-5956.6
2025-02-04 16:00:00,-0.14563569744783678,8.012349639327795,0.017505793413831405,-6167.9
2025-02-04 17:00:00,-0.11254176207435718,8.065265208897733,0.0010246434928227188,-6304.3
2025-02-04 18:00:00,-0.11446908322324845,8.128290171607052,-0.008718361400252839,-6257.5
2025-02-04 19:00:00,-0.18631748352771194,8.1786387885907,-0.017916983646521167,-6026.0
2025-02-04 20:00:00,-0.22327727399291897,8.261009786023827,-0.011567760219708845,-5965.7
2025-02-04 21:00:00,-0.22839829455987726,8.245384468120747,-0.027248519895645806,-5862.6
2025-02-04 22:00:00,-0.22219595422488636,8.272315147956022,-0.022895381757066957,-5855.1
2025-02-04 23:00:00,-0.2132925935532901,8.295798110636145,-0.03119681289137244,-5814.5
2025-02-05 00:00:00,-0.18457889849852416,8.131236549696116,-0.023275175218590682,-5464.6
2025-02-05 01:00:00,-0.16550556017854223,8.164225652265827,-0.021078675296429594,-5448.3
2025-02-05 02:00:00,-0.15789254481301507,8.20303024171486,-0.02687838628515493,-5438.2
2025-02-05 03:00:00,-0.14764483935041506,8.214735833382303,-0.03393229731737968,-5431.4
2025-02-05 04:00:00,-0.11962973371059515,8.215006432761575,-0.04066803415003761,-5519.4
2025-02-05 05:00:00,-0.11112442514077614,8.228710798793687,-0.05431909068897678,-5630.2
2025-02-05 06:00:00,-0.16361550209951625,8.21554741194707,-0.05754720710775629,-5772.3
2025-02-05 07:00:00,-0.279285647589238,8.237743803890933,-0.05141049305141543,-5619.9
2025-02-05 08:00:00,-0.2761607952965237,8.202756381655638,-0.04893875721514984,-5357.8
2025-02-05 09:00:00,-0.3062291669347035,8.158516244806831,-0.044812049496589346,-5327.7
2025-02-05 10:00:00,-0.29316656822356624,8.108623268354595,-0.03475059014734683,-5294.2
2025-02-05 11:00:00,-0.2820524016226038,8.103191752285786,-0.01620590677412803,-5361.9
2025-02-05 12:00:00,-0.3284359115546902,8.113426639943654,-0.009684702531980172,-5323.2
2025-02-05 13:00:00,-0.3430249655727895,8.10892415597534,-0.009364806198366438,-5427.5
2025-02-05 14:00:00,-0.3503496532428212,8.097730573664219,-0.012646137278144565,-5434.8
2025-02-05 15:00:00,-0.28003791380140575,8.108021221376747,-0.02540371512627715,-5474.6
2025-02-05 16:00:00,-0.20024804268603713,8.14757773620177,-0.022733123582188597,-5695.5
2025-02-05 17:00:00,-0.15920947701734045,8.167919362957816,-0.03776973102187853,-5824.7
2025-02-05 18:00:00,-0.12209281270688832,8.190354403763262,-0.03243387921925489,-6150.0
2025-02-05 19:00:00,-0.15085098376372308,8.20685642839965,-0.03944248895292546,-5999.8
2025-02-05 20:00:00,-0.15166130509383313,8.224967478914584,-0.03247893469585783,-6175.2
2025-02-05 21:00:00,-0.1858184435998913,8.228710798793687,-0.03813823220477808,-6216.9
2025-02-05 22:00:00,-0.1612708043418114,8.220133957151859,-0.03708675970328734,-6209.8
2025-02-05 23:00:00,-0.13378926337887265,8.292798858200374,-0.03065941236323866,-6177.5
2025-02-06 00:00:00,-0.18189111543314818,8.22817689595132,-0.026505032496280556,-6185.4
2025-02-06 01:00:00,-0.18083937376369041,8.195885391314796,-0.02457375713727128,-6128.2
2025-02-06 02:00:00,-0.1894799374684859,8.15708378502887,-0.0204778270685253,-6053.3
2025-02-06 03:00:00,-0.18674593456876876,8.129469764784231,-0.02385402716617513,-6001.9
2025-02-06 04:00:00,-0.20945019478710813,8.094988759303774,-0.022150480197831612,-5811.6
2025-02-06 05:00:00,-0.2371689185173933,8.017307507688582,-0.03731691658804426,-5512.1
2025-02-06 06:00:00,-0.30139822844190123,7.908754738783246,-0.026580718808303594,-5311.4
2025-02-06 07:00:00,-0.36918896093261777,7.856319571406588,-0.023660847542136487,-5252.2
2025-02-06 08:00:00,-0.42971168303543905,7.796469243086058,-0.02091087277601833,-5217.2
2025-02-06 09:00:00,-0.4384013845116579,7.776954403322442,-0.018468820102250483,-5166.8
2025-02-06 10:00:00,-0.4331338711764219,7.773594467360194,-0.026278666008800577,-5210.4
2025-02-06 11:00:00,-0.44346217910699437,7.77863014732581,-0.033957027793415584,-5404.2
2025-02-06 12:00:00,-0.4517792035166015,7.813591552952433,-0.029585735203101038,-5391.6
2025-02-06 13:00:00,-0.4549449625244977,7.845416036592485,-0.03085448130225199,-5463.4
2025-02-06 14:00:00,-0.45152730172106814,7.875119281040293,-0.030648884469105298,-5520.8
2025-02-06 15:00:00,-0.3505017508381223,7.917171988845776,-0.024625686311087414,-5586.7
2025-02-06 16:00:00,-0.2432476212075434,7.949091499830517,-0.013516700998409625,-5494.0
2025-02-06 17:00:00,-0.24984484277056662,7.94873845481361,-0.01674499290983711,-5331.6
2025-02-06 18:00:00,-0.2018508387736757,7.898039690764619,-0.026000905223188653,-5422.2
2025-02-06 19:00:00,-0.20979597002046324,7.851661177889265,-0.026896128863620916,-5457.6
2025-02-06 20:00:00,-0.2278685536405316,7.791109510610028,-0.018736243219796833,-5075.1
2025-02-06 21:00:00,-0.23037092855626673,7.733245646529795,-0.03019443332996552,-5069.1
2025-02-06 22:00:00,-0.19969871401761896,7.687997166393016,-0.03017863150362743,-4985.7
2025-02-06 23:00:00,-0.1818399774978472,7.640123172695364,-0.03570051337802038,-4856.0
2025-02-07 00:00:00,-0.13728959982120026,7.602900462204755,-0.04764408557092903,-4264.7
2025-02-07 01:00:00,-0.1433678560228624,7.56734567601324,-0.04807364571108419,-4116.2
2025-02-07 02:00:00,-0.15562946308113457,7.519149957669823,-0.044797064925857555,-4036.6
2025-02-07 03:00:00,-0.144091098174568,7.508238774678663,-0.04356822957298423,-4089.9
2025-02-07 04:00:00,-0.14160748935561118,7.618251097876695,-0.04239989585793236,-4348.8
2025-02-07 05:00:00,-0.11708876706596394,7.586803535162581,-0.035155210666042436,-4452.6
2025-02-07 06:00:00,-0.1522792666060333,7.493317248862145,-0.02668591175542545,-4835.3
2025-02-07 07:00:00,-0.2513673663739442,7.370860166536716,-0.015834187615536344,-5166.2
2025-02-07 08:00:00,-0.2724333755181756,7.231287004327616,-0.01621947075983421,-5058.2
2025-02-07 09:00:00,-0.2716092471691258,7.080026499922591,-0.013290046988601034,-5050.7
2025-02-07 10:00:00,-0.25945840075352367,6.911747300251674,-0.015633664925661428,-4962.7
2025-02-07 11:00:00,-0.2530671855608482,6.754604099487962,-0.023810919916039452,-4876.7
2025-02-07 12:00:00,-0.1946018361331614,6.63200177739563,-0.0238198163928125,-4850.6
2025-02-07 13:00:00,-0.17276238851793746,6.502790045915623,-0.03611382782100492,-4901.0
2025-02-07 14:00:00,-0.17933092193954492,6.396929655216146,-0.03162655237333034,-4822.5
2025-02-07 15:00:00,-0.07573131687817458,6.380122536899765,-0.016323936265859373,-4804.8
2025-02-07 16:00:00,0.018815605631173682,6.364750756851911,-0.005601106242954401,-4749.6
2025-02-07 17:00:00,0.06212711877576371,6.3835066348840055,-0.00946533051959797,-4782.7
2025-02-07 18:00:00,0.09116753336484384,6.539585955617669,-0.02036582435387757,-4908.5
2025-02-07 19:00:00,0.08292776929044665,6.80903930604298,-0.026434933471685795,-5128.6
2025-02-07 20:00:00,0.09646364161674459,7.0909098220799835,-0.02785151438249578,-5382.7
2025-02-07 21:00:00,0.06808127494027216,7.344072850573066,-0.031232809988774868,-5594.6
2025-02-07 22:00:00,0.03559806610781857,7.554334823725748,-0.023832997811200407,-5565.3
2025-02-07 23:00:00,-0.006762000190341233,7.7039102096163115,-0.025852115058016878,-5570.6
2025-02-08 00:00:00,-0.002049865741493573,7.842671474979457,-0.017199579460698722,-5320.7
2025-02-08 01:00:00,0.004887812464835051,7.891704659330107,-0.013360521286890581,-5334.6
2025-02-08 02:00:00,0.0189790757310786,7.918264686095274,-0.011018444757576518,-5480.7
2025-02-08 03:00:00,0.02331847724491798,7.931644021454311,-0.013967706057130158,-5512.4
2025-02-08 04:00:00,0.0424459974306135,7.915348169263078,-0.015151669244881205,-5538.6
2025-02-08 05:00:00,0.07655480030827988,7.8713112033234065,-0.017482358807148657,-5723.5
2025-02-08 06:00:00,0.10890177586790051,7.818430272070656,-0.01997111251295447,-5644.6
2025-02-08 07:00:00,0.08531789669599421,7.768956044538332,-0.005847354491078427,-5549.9
2025-02-08 08:00:00,0.059953521994382974,7.720461694599722,-0.002810544092417544,-5617.1
2025-02-08 09:00:00,0.026602440722260923,7.649692623711514,0.007924868080622538,-5464.3
2025-02-08 10:00:00,0.03826280235057311,7.504942068396171,0.007947869734630686,-5278.8
2025-02-08 11:00:00,0.04789508506452389,7.326465613840322,0.009092050790353134,-5296.9
2025-02-08 12:00:00,0.03771992031179572,7.19668657083435,0.0129134815679679,-5211.9
2025-02-08 13:00:00,0.10818282353145614,7.103322062526113,0.012297938868882419,-5174.2
2025-02-08 14:00:00,0.19854300127929658,7.0587581525186645,0.023914611611415282,-5183.2
2025-02-08 15:00:00,0.06236210747526183,7.033506484287697,0.019733148812814072,-5131.2
2025-02-08 16:00:00,0.1333971685938704,7.079184394609668,0.023459643776821082,-5127.6
2025-02-08 17:00:00,0.11442494910622925,7.097548850614793,0.012422084836538616,-5126.8
2025-02-08 18:00:00,0.08726100248962965,7.085064293952548,0.0030950810791248173,-5112.7
2025-02-08 19:00:00,0.09650376466880495,7.076653815443951,-0.0015794219952551813,-5213.2
2025-02-08 20:00:00,0.1397334746288008,7.089243155027514,-0.005479953805319404,-5298.7
2025-02-08 21:00:00,0.08057956745071237,7.098375638590786,-0.0019130721578095589,-5347.9
2025-02-08 22:00:00,0.14531029713971666,7.119635638017636,0.004878563512171752,-5489.1
2025-02-08 23:00:00,0.15971286286940378,7.167809184316444,-0.005522778454229105,-5561.1
2025-02-09 00:00:00,0.08473752656085631,7.3395376954076745,0.0038943521418808302,-5578.1
2025-02-09 01:00:00,0.08569054348173655,7.3752557780097545,0.0063554964912269085,-5663.5
2025-02-09 02:00:00,0.08265674957837632,7.405495663199472,0.0031328460514643552,-5714.8
2025-02-09 03:00:00,0.07592381827170369,7.440733707389261,0.0003888807184591059,-5727.0
2025-02-09 04:00:00,0.08448104989542138,7.473637108496206,-0.0007704250735534046,-5602.4
2025-02-09 05:00:00,0.08848936852721545,7.507690077819904,-0.004612690783027951,-5527.3
2025-02-09 06:00:00,0.08963169116350267,7.5352967024440884,0.002868945867811945,-5378.0
2025-02-09 07:00:00,0.04082574290697849,7.543273346705446,0.009486195182927482,-5203.5
2025-02-09 08:00:00,0.03846035846248341,7.552762084214147,0.008941702586600542,-5148.5
2025-02-09 09:00:00,0.01045017260349912,7.5411524551363085,0.012958619005982719,-5303.2
2025-02-09 10:00:00,0.014125708404233883,7.562161631225652,0.015707815246962298,-5492.1
2025-02-09 11:00:00,0.005325848905168851,7.613324979540639,0.018101642254950256,-5633.8
2025-02-09 12:00:00,-0.037656735227345806,7.664346632098617,0.019881914220778008,-5498.4
2025-02-09 13:00:00,-0.046925583517634095,7.7437032581737535,0.02071518534644401,-5337.4
2025-02-09 14:00:00,-0.07073300390233106,7.805882040228621,0.02461954040697467,-5096.0
2025-02-09 15:00:00,-0.07567851378158519,7.826443135456014,0.020937898538768707,-4898.5
2025-02-09 16:00:00,-0.05605901838614491,7.943072717277933,0.014090101429355073,-5143.3
2025-02-09 17:00:00,-0.13115137853930525,8.008032846969307,0.025815046537791986,-4938.7
2025-02-09 18:00:00,-0.12333933250862783,8.056109659545061,0.023851142470403985,-5152.2
2025-02-09 19:00:00,-0.12928024312459252,8.10832229017324,0.01998637538808712,-5251.1
2025-02-09 20:00:00,-0.1387103889171568,8.12058871174027,0.007804660288587506,-5090.0
2025-02-09 21:00:00,-0.16310041487894145,8.163371316459912,0.007339379782149713,-5205.1
2025-02-09 22:00:00,-0.16007298965644834,8.163371316459912,0.004250812971786644,-5222.8
2025-02-09 23:00:00,-0.1609815590202941,8.182559264068665,0.008204583611771454,-5367.2
2025-02-10 00:00:00,-0.11924735639323991,8.173293438966228,-0.014298196066725666,-4951.1
2025-02-10 01:00:00,-0.14478078425824004,8.18060094759445,-0.017062687470350113,-5005.0
2025-02-10 02:00:00,-0.10852782392888916,8.16763571524637,-0.017360251296503648,-4927.7
2025-02-10 03:00:00,-0.11617240440027032,8.139148678884066,-0.018235585144278588,-5042.6
2025-02-10 04:00:00,-0.09701730668179431,8.162516250140179,-0.02169643046641756,-5189.9
2025-02-10 05:00:00,-0.12372887937747379,8.11552088154677,-0.017922656580623197,-5576.6
2025-02-10 06:00:00,-0.16818862433216442,8.060855752934316,-0.02154208844216665,-5413.2
2025-02-10 07:00:00,-0.27977994029706776,7.978653729082731,-0.015227360236389487,-5627.9
2025-02-10 08:00:00,-0.3279429006077992,7.8407064517494,-0.01860582762824947,-5541.4
2025-02-10 09:00:00,-0.2759750336066613,7.701200180857446,-0.017692899678338314,-5827.8
2025-02-10 10:00:00,-0.2421500889734891,7.532623618788788,-0.020921247845024915,-5650.9
2025-02-10 11:00:00,-0.017723714687984504,7.356279876550748,-0.0162722139570306,-5643.3
2025-02-10 12:00:00,-0.1678218403102565,7.143617602704121,-0.02911943898222713,-5463.2
2025-02-10 13:00:00,-0.018283404591147523,6.9930151229329605,-0.03637035223679952,-5424.0
2025-02-10 14:00:00,-0.008536103160544872,6.982862751468942,-0.03000930480957642,-5437.9
2025-02-10 15:00:00,0.05240390215079138,7.108244139731541,-0.017470976099917657,-5538.3
2025-02-10 16:00:00,-0.048455925105445274,7.275864600546533,-0.009771001354614839,-5571.9
2025-02-10 17:00:00,0.1004535317527715,7.387090235656757,-0.010708188984978939,-5774.5
2025-02-10 18:00:00,-0.05247811489952836,7.445417556701687,-0.014126577764559833,-5477.4
2025-02-10 19:00:00,-0.09229345488125817,7.470793774195062,-0.012519148041442385,-5376.8
2025-02-10 20:00:00,-0.12553593831478915,7.479299637782834,0.0021487475380057575,-5347.6
2025-02-10 21:00:00,-0.11598505917865465,7.465655310134056,-0.00012248615509768968,-5350.2
2025-02-10 22:00:00,-0.09961319431648707,7.442492722794441,0.0015486016011303505,-5393.3
2025-02-10 23:00:00,-0.06052085665668949,7.43543801981455,0.007649176808788738,-5364.8
2025-02-11 00:00:00,0.03414952069239874,7.475905969367397,-0.011322878523086999,-5314.8
2025-02-11 01:00:00,0.05457828911239382,7.450660796211539,-0.005212270664140206,-5341.7
2025-02-11 02:00:00,0.10794084904989854,7.3938782901077555,-0.005024960461065042,-5367.7
2025-02-11 03:00:00,0.09024498098063871,7.329093736246592,-0.005788447284117204,-5336.7
2025-02-11 04:00:00,0.10259803796869704,7.259116128097101,-0.0054717426968586835,-5248.9
2025-02-11 05:00:00,0.014242720391597352,7.213031659834869,-0.005926788158745033,-5124.0
2025-02-11 06:00:00,-0.08608654024713625,7.182352111885263,0.0058463109825348525,-4863.2
2025-02-11 07:00:00,-0.22582131711027031,7.118826249062078,-0.009544047387351817,-4742.4
2025-02-11 08:00:00,-0.23278530869314995,7.069023426578259,-0.0032682840382038947,-4698.7
2025-02-11 09:00:00,-0.25921950788553305,7.020190708311925,-0.0029514454311785343,-4708.0
2025-02-11 10:00:00,-0.20276962999901915,6.922643891475888,-0.0020932425027018198,-4796.0
2025-02-11 11:00:00,-0.19711567339088987,6.8001700683022,-0.0063065858356932125,-4806.3
2025-02-11 12:00:00,-0.21184889103630145,6.705639094860003,-0.0032337342434098915,-4864.3
2025-02-11 13:00:00,-0.17835660680051557,6.692083742506628,-0.011729796414542193,-4878.2
2025-02-11 14:00:00,-0.19327514629277287,6.7580945044277305,-0.015536241877157408,-4890.6
2025-02-11 15:00:00,-0.1445496856924584,6.932447891572509,-0.012361875874272954,-4893.9
2025-02-11 16:00:00,-0.045281370756833805,7.105786129481271,-0.0015501247871814172,-4820.7
2025-02-11 17:00:00,-0.013117130675690092,7.212294468500341,-0.005032310215367097,-4710.5
2025-02-11 18:00:00,-0.06637830129470323,7.260522598089852,0.0002576270568992456,-4649.4
2025-02-11 19:00:00,-0.13836531044239564,7.307872780763706,0.0028134436398543627,-4629.8
2025-02-11 20:00:00,-0.10142091294889966,7.3427791893318455,0.006526568917232467,-4593.5
2025-02-11 21:00:00,-0.10180929107852288,7.387090235656757,0.008237678647423863,-4630.3
2025-02-11 22:00:00,-0.10133977540004135,7.45182223652793,0.01575033334059306,-4671.4
2025-02-11 23:00:00,-0.13409375630045384,7.502186486602924,0.013521400454258092,-4684.7
2025-02-12 00:00:00,-0.11846188016240067,7.647308832356238,0.02643032082252983,-4707.0
2025-02-12 01:00:00,-0.0834867047920338,7.6953031349635665,0.030505980235318475,-4815.6
2025-02-12 02:00:00,-0.07072938820709629,7.77485576666552,0.03437978486852611,-4978.9
2025-02-12 03:00:00,-0.07018451676436488,7.821643126239982,0.033028386246754415,-4940.4
2025-02-12 04:00:00,-0.05044775481006969,7.87777633327726,0.02695403520313544,-5380.7
2025-02-12 05:00:00,-0.06077206576982741,7.878155336503324,0.022695214182549606,-5499.8
2025-02-12 06:00:00,-0.1379903642966931,7.853993087224244,0.028907965406774316,-5488.9
2025-02-12 07:00:00,-0.18690237428788947,7.798523053625206,0.01586573644029521,-5704.7
2025-02-12 08:00:00,-0.16838117750292936,7.689828668736484,0.01326377419889102,-5648.7
2025-02-12 09:00:00,-0.17522412631962903,7.564238475170491,0.013536132478948026,-5510.2
2025-02-12 10:00:00,-0.09669126399151784,7.347299700743164,0.01652166024773649,-5309.1
2025-02-12 11:00:00,0.0025038971235105123,7.018401799069201,0.018365437290960074,-5061.1
2025-02-12 12:00:00,0.1964670398024424,6.656726524178391,0.0186505264771597,-4904.8
2025-02-12 13:00:00,0.0699176350402615,6.448889394146858,0.017247112693210553,-4857.7
2025-02-12 14:00:00,0.004200314798348703,6.304448802421981,0.016954332498146485,-4800.1
2025-02-12 15:00:00,0.056529271547565596,6.3835066348840055,0.014785871008018425,-4862.8
2025-02-12 16:00:00,0.14161478765825208,6.51471269087253,0.01847583854697632,-4903.6
2025-02-12 17:00:00,0.18772464110252374,6.606650186198215,0.018450200275349715,-4929.7
2025-02-12 18:00:00,0.27305778039933637,6.70196036600254,0.016315963182464976,-4987.3
2025-02-12 19:00:00,0.21806368760108308,6.785587645007929,0.02077637104012897,-5043.4
2025-02-12 20:00:00,0.3030038872550902,6.78897174299217,0.02147341402538494,-5005.3
2025-02-12 21:00:00,0.23487652214995602,6.760414691083428,0.027857933413566904,-4989.4
2025-02-12 22:00:00,0.28253343416230203,6.727431724850855,0.029322131017738506,-4938.3
2025-02-12 23:00:00,0.23100353400230356,6.709304340258298,0.02573875449091112,-4697.8
2025-02-13 00:00:00,0.2909333901542288,6.9957661563048505,0.033723202101283434,-4699.6
2025-02-13 01:00:00,0.24458462384895663,7.01571242048723,0.037078320674567955,-4560.2
2025-02-13 02:00:00,0.21070996937902464,7.039660349862076,0.03977568956387856,-4540.3
2025-02-13 03:00:00,0.1812465545049804,7.075808863978387,0.036799107830479016,-4528.3
2025-02-13 04:00:00,0.1659641485939689,7.095064377287131,0.04041335220902553,-4573.6
2025-02-13 05:00:00,0.21957789373962022,7.115582126184454,0.05020246142851281,-4632.2
2025-02-13 06:00:00,0.4028064248362693,7.112327444710911,0.045929808916260306,-4551.3
2025-02-13 07:00:00,0.8637694192880812,7.090076835776092,0.04333467728848728,-4710.2
2025-02-13 08:00:00,0.6544033960932527,7.029087564149662,0.04148599234944683,-4624.9
2025-02-13 09:00:00,1.006083237980607,6.942156705699469,0.04025491205506704,-4838.7
2025-02-13 10:00:00,0.9037346781104079,6.80903930604298,0.03875535004704567,-4827.3
2025-02-13 11:00:00,0.8088053228965455,6.568077911411976,0.0431303038742481,-4815.5
2025-02-13 12:00:00,0.8462693883950108,6.206575926724928,0.0430753928188361,-4718.7
2025-02-13 13:00:00,0.686736183329435,5.991464547107982,0.040258542584242996,-4717.7
2025-02-13 14:00:00,0.5638095649122112,6.0330862217988015,0.040344596566086466,-4707.9
2025-02-13 15:00:00,0.6699030939444635,6.272877006546167,0.04065978038754192,-4734.9
2025-02-13 16:00:00,0.6547202390555871,6.569481420414296,0.0500094772578592,-4827.4
2025-02-13 17:00:00,0.6883474018327425,6.759255270663693,0.05271358735318454,-4964.0
2025-02-13 18:00:00,0.9031354091511599,6.79346613258001,0.047305177993725245,-4941.9
2025-02-13 19:00:00,1.1030041962183894,6.738152494595957,0.05529732751267069,-4780.5
2025-02-13 20:00:00,1.2349810085042652,6.669498089857879,0.05922529824991507,-4797.4
2025-02-13 21:00:00,1.1774448135579831,6.610696044717759,0.06172207805892249,-4869.9
2025-02-13 22:00:00,1.206924591117322,6.573680166960646,0.06338815821153876,-4793.8
2025-02-13 23:00:00,1.0393106429159733,6.561030665896573,0.07475339189890917,-4744.6
2025-02-14 00:00:00,1.0104844661494914,6.376726947898627,0.07101003027990682,-4859.1
2025-02-14 01:00:00,1.0517525571721347,6.450470422144176,0.072791056482707,-4849.5
2025-02-14 02:00:00,1.0201665180734194,6.523562306149512,0.08226181319304793,-4848.7
2025-02-14 03:00:00,0.9756794160008875,6.590301048196686,0.0892232444088279,-4858.2
2025-02-14 04:00:00,0.6733680245267788,6.628041376179533,0.08796192200531117,-4875.1
2025-02-14 05:00:00,0.3663933810273412,6.654152520183219,0.08438993998374045,-4770.6
2025-02-14 06:00:00,0.5922440961528572,6.663132695990803,0.0843592301566467,-4750.3
2025-02-14 07:00:00,0.6223833419951497,6.656726524178391,0.07053361241903211,-4782.9
2025-02-14 08:00:00,0.8865072270216361,6.608000625296087,0.0690043545303487,-4815.6
2025-02-14 09:00:00,0.9715388735423334,6.584791392385716,0.07142076737868219,-4819.3
2025-02-14 10:00:00,1.1459973338423204,6.511745329644728,0.07165281522938916,-4823.5
2025-02-14 11:00:00,1.3442640414702325,6.366470447731438,0.06992599734701432,-4850.0
2025-02-14 12:00:00,1.1198143508880225,6.2324480165505225,0.07468737186574259,-4790.0
2025-02-14 13:00:00,1.178287237379804,6.16541785423142,0.07506527076967817,-4772.5
2025-02-14 14:00:00,1.2058832338363148,6.20050917404269,0.07059715627672603,-4786.6
2025-02-14 15:00:00,0.9954022162028116,6.440946540632921,0.06807090488448786,-4829.5
2025-02-14 16:00:00,0.31104267793609086,6.756932389247553,0.0696707845678679,-4768.1
2025-02-14 17:00:00,0.09175107820905648,6.9865664594064265,0.0688580148046869,-4757.9
2025-02-14 18:00:00,0.013513236281194718,7.205635176410364,0.06772631345704117,-4644.0
2025-02-14 19:00:00,0.035382582928813466,7.368970402194793,0.069150333281498,-4782.8
2025-02-14 20:00:00,0.028962438520444334,7.527255919373784,0.06443050120214089,-4895.7
2025-02-14 21:00:00,0.0037572184704695033,7.659642954564682,0.07253190001864329,-5007.6
2025-02-14 22:00:00,-0.010643856656900486,7.757051142032013,0.08629350794298407,-4990.9
2025-02-14 23:00:00,-0.01197373837153659,7.837554360881084,0.09552234729587461,-5046.7
2025-02-15 00:00:00,0.01373993599114165,7.88570539124302,0.09430705857635946,-5053.2
2025-02-15 01:00:00,0.015212633576519252,7.9868449011613825,0.09438971483809855,-5154.2
2025-02-15 02:00:00,0.023294435124997293,8.044305406990638,0.1042001371676573,-5352.1
2025-02-15 03:00:00,0.05295515403061124,8.084254106307318,0.10354256016955965,-5626.1
2025-02-15 04:00:00,0.04839446176515105,8.115819701211327,0.10399276286976189,-5661.7
2025-02-15 05:00:00,0.06179801506243576,8.14002395246292,0.10268034265581338,-5685.4
2025-02-15 06:00:00,0.05792700354069513,8.138856750696325,0.10319319576205821,-5483.3
2025-02-15 07:00:00,0.021216097654143784,8.131824785007195,0.10934125010300999,-5508.9
2025-02-15 08:00:00,0.08418583538215119,8.068402958569699,0.10775224359047897,-5913.8
2025-02-15 09:00:00,0.057450812978864896,7.99699040583765,0.10607567473255575,-5816.8
2025-02-15 10:00:00,0.10199033354150844,7.917171988845776,0.1074821330600324,-5856.7
2025-02-15 11:00:00,0.11678276536639975,7.836764783264067,0.10712619707073312,-5703.6
2025-02-15 12:00:00,0.1912489028855826,7.751475318021456,0.10313501294679561,-5775.5
2025-02-15 13:00:00,0.27330903812838514,7.707062655370473,0.09593663137987285,-5799.4
2025-02-15 14:00:00,0.3594403170694145,7.735870319952567,0.09649890979587461,-5820.3
2025-02-15 15:00:00,0.2532153498796599,7.822845290279774,0.10056785391071443,-6025.9
2025-02-15 16:00:00,0.3388060205833314,7.957527402230773,0.11000010010787697,-6325.5
2025-02-15 17:00:00,0.1833565629742453,8.078067881815437,0.11041965306667034,-6248.4
2025-02-15 18:00:00,0.13724017306428848,8.14757773620177,0.11737733387713778,-6158.3
2025-02-15 19:00:00,0.08128952508440834,8.193953023563742,0.11473410568176856,-6196.4
2025-02-15 20:00:00,0.05396665287137559,8.21878715560148,0.11864786870419852,-5973.4
2025-02-15 21:00:00,0.03292835556841167,8.245121966478605,0.11092513655961778,-6114.4
2025-02-15 22:00:00,0.018054855447606766,8.259716961021523,0.11780997674879767,-6095.2
2025-02-15 23:00:00,0.019746818034102276,8.279189777195004,0.12231059305565584,-6147.2
2025-02-16 00:00:00,0.0141510292386271,8.256347772918016,0.11646470436645728,-5876.5
2025-02-16 01:00:00,0.007122141045757147,8.27052509505507,0.11394653239691532,-5915.4
2025-02-16 02:00:00,0.006303888482280584,8.276903481267057,0.1098576184011053,-6027.7
2025-02-16 03:00:00,0.005314021095706778,8.290041618704489,0.11670240839548285,-6123.0
2025-02-16 04:00:00,0.009445863952507683,8.296546520300614,0.12232053616849736,-6189.4
2025-02-16 05:00:00,0.03844601096101563,8.323365694436081,0.11742853753581617,-6341.6
2025-02-16 06:00:00,0.048890835837579694,8.293799608846818,0.11810102613612372,-6380.5
2025-02-16 07:00:00,-0.03507391479322752,8.213923595622743,0.11773509741662291,-5627.1
2025-02-16 08:00:00,-0.011091685267461404,8.183955717304954,0.11284727573078879,-5712.2
2025-02-16 09:00:00,0.1072032673458394,8.150756470275551,0.11287100213967083,-6781.5
2025-02-16 10:00:00,0.010204134751052418,8.045908742270779,0.10701128459274756,-6144.0
2025-02-16 11:00:00,0.002097957141858231,7.86172707782398,0.0928540689002686,-5824.7
2025-02-16 12:00:00,0.09009931370559654,7.639161171659173,0.08854063725157513,-5941.2
2025-02-16 13:00:00,0.027774097627209837,7.489412083508719,0.08648744213335302,-5527.8
2025-02-16 14:00:00,0.04659517616285802,7.457609289715606,0.08497503392832684,-5560.9
2025-02-16 15:00:00,0.03516486876425784,7.480428306074208,0.0837858021984319,-5493.4
2025-02-16 16:00:00,0.0610374398316651,7.52456122628536,0.07761696103178028,-5504.5
2025-02-16 17:00:00,0.029018806277246068,7.579678823090456,0.07468537424087529,-5499.1
2025-02-16 18:00:00,0.014616454555641756,7.607878073278507,0.0689777488952199,-5506.9
2025-02-16 19:00:00,0.015594594240143866,7.587310506022615,0.06648707313751512,-5477.9
2025-02-16 20:00:00,0.051127932575206536,7.546974117516527,0.06542330643285599,-5473.3
2025-02-16 21:00:00,0.03930737806361284,7.506591780070841,0.056362424580141735,-5499.7
2025-02-16 22:00:00,0.04220542319380005,7.4673710669175595,0.06305228022670661,-5451.4
2025-02-16 23:00:00,0.08442879306966722,7.427144133408616,0.0608244313665276,-5472.5
2025-02-17 00:00:00,-0.03753439930001523,7.629489916393995,0.05343723945631407,-5639.1
2025-02-17 01:00:00,-0.06415612536904458,7.620705086838262,0.056940442732516416,-5346.7
2025-02-17 02:00:00,-0.07617999006336973,7.6004023345004,0.06041744974618091,-5355.6
2025-02-17 03:00:00,-0.0868823119057156,7.59337419312129,0.06101843452713407,-5330.3
2025-02-17 04:00:00,-0.0663673543378347,7.585281078639126,0.0641433948914445,-5565.1
2025-02-17 05:00:00,-0.15782120971121305,7.566828479208331,0.06676043064941517,-4987.9
2025-02-17 06:00:00,-0.179503220912141,7.556427969440253,0.05541895269396235,-4991.4
2025-02-17 07:00:00,-0.2520321179751073,7.536363938404511,0.04518176755917036,-5432.4
2025-02-17 08:00:00,-0.19984483878403436,7.452402451223638,0.039678382831628056,-5613.1
2025-02-17 09:00:00,-0.17722425704692935,7.3777589082278725,0.03613885370545766,-5554.8
2025-02-17 10:00:00,-0.1200962012315605,7.261927092702751,0.02535536539770522,-5523.1
2025-02-17 11:00:00,-0.08448693084766701,7.047517221357296,0.017213969073011093,-5318.0
2025-02-17 12:00:00,0.2485960966603642,6.827629234502852,0.013974449104243725,-5117.4
2025-02-17 13:00:00,0.32836936375194625,6.7226297948554485,0.009614761005023453,-5008.1
2025-02-17 14:00:00,0.0526950181205863,6.745236349484363,0.011486911140154987,-4981.9
2025-02-17 15:00:00,-0.170629933874483,6.922643891475888,0.011997850639441587,-5025.2
2025-02-17 16:00:00,-0.2219206091753696,7.183870715062453,0.022222008677212912,-4657.3
2025-02-17 17:00:00,-0.21981915336270008,7.395107546562485,0.03305376590871134,-4435.1
2025-02-17 18:00:00,-0.17422023292924083,7.529943370601589,0.04022159398463909,-4451.3
2025-02-17 19:00:00,-0.19586726249386288,7.629489916393995,0.04336583744198297,-4443.7
2025-02-17 20:00:00,-0.24393951386077184,7.643003635560718,0.0471829637110357,-4136.9
2025-02-17 21:00:00,-0.23518912243854206,7.715569534520208,0.046826621955806225,-4331.9
2025-02-17 22:00:00,-0.22916703275101558,7.775695749915245,0.05892735255775783,-4268.1
2025-02-17 23:00:00,-0.2181952213403746,7.85243908535751,0.05581399728836889,-4149.3
2025-02-18 00:00:00,-0.1384422607340241,8.003028666384733,0.04773487112051367,-5403.0
2025-02-18 01:00:00,-0.13745570861716594,8.087640287778983,0.047872817788173094,-5650.8
2025-02-18 02:00:00,-0.147127689693495,8.169336395928386,0.045358829543644674,-5764.3
2025-02-18 03:00:00,-0.17438892934476424,8.23031079913502,0.0526426361517256,-5742.9
2025-02-18 04:00:00,-0.19817037172597773,8.272570608424903,0.05103008092370587,-5818.9
2025-02-18 05:00:00,-0.2266820040401729,8.283999304248526,0.05257460501619793,-5773.9
2025-02-18 06:00:00,-0.24360777308629666,8.296795865770052,0.044155804077082195,-5659.9
2025-02-18 07:00:00,-0.36678216441331335,8.287025025165063,0.032210738014157414,-5474.6
2025-02-18 08:00:00,-0.3056466569580216,8.256866848974312,0.029289994771094285,-6256.6
2025-02-18 09:00:00,-0.34696933246474204,8.228977643358313,0.02045767745911231,-6302.0
2025-02-18 10:00:00,-0.29594096486753285,8.122371243406553,0.005585114073877406,-6363.4
2025-02-18 11:00:00,-0.26868396163985153,7.965198290612176,-0.005893789132204397,-6284.5
2025-02-18 12:00:00,-0.3007300099230852,7.805882040228621,-0.006581017703466863,-6113.4
2025-02-18 13:00:00,-0.29979670345634624,7.684783943522785,-0.0070499325234445465,-6046.7
2025-02-18 14:00:00,-0.29400539356643707,7.598399329323964,-0.004895579658708016,-5979.0
2025-02-18 15:00:00,-0.19785659519829935,7.583247524303362,-0.004403718690615399,-5926.4
2025-02-18 16:00:00,-0.11329457035548796,7.691200097522863,0.004164176476256998,-5907.0
2025-02-18 17:00:00,-0.10676881467526966,7.792348924113037,0.017395542148912924,-6023.7
2025-02-18 18:00:00,-0.11577499264814772,7.8582541821860294,0.02868797031417536,-5982.6
2025-02-18 19:00:00,-0.16822786017086644,7.866338923046544,0.022720662085304433,-6080.4
2025-02-18 20:00:00,-0.16931746987726592,7.850103545175582,0.024299303722733256,-6164.2
2025-02-18 21:00:00,-0.15148786903614564,7.786967002614872,0.023427844141399312,-6156.6
2025-02-18 22:00:00,-0.12745254291081087,7.682482446534506,0.02615354810147874,-5975.8
2025-02-18 23:00:00,-0.05043767522840392,7.56734567601324,0.022498121415815753,-5889.3
2025-02-19 00:00:00,-0.11115773082330938,7.441906728051625,0.043664307456518614,-5417.3
2025-02-19 01:00:00,-0.03751283881571865,7.330405211844402,0.041515265743687024,-5276.6
2025-02-19 02:00:00,-0.009849471474553173,7.194436851100335,0.042179778532106305,-5140.5
2025-02-19 03:00:00,0.027116627783702718,7.033506484287697,0.04308331556696832,-5127.6
2025-02-19 04:00:00,0.06740881296149848,6.859614903654202,0.05312881470272224,-5069.5
2025-02-19 05:00:00,0.25219732639660286,6.703188113240863,0.05844444385330316,-5066.7
2025-02-19 06:00:00,0.3170466284394604,6.569481420414296,0.05944468926685609,-4887.7
2025-02-19 07:00:00,1.4230290911206325,6.436150368369428,0.0534015803794885,-4647.7
2025-02-19 08:00:00,1.4945311461232524,6.336825731146441,0.05154411022200733,-4612.9
2025-02-19 09:00:00,1.1580184629535726,6.293419278846481,0.04935156033691346,-4579.9
2025-02-19 10:00:00,1.0615488594577993,6.270988431858299,0.04178948697498708,-4651.1
2025-02-19 11:00:00,0.2961616534592246,6.220590170099739,0.03362065083920829,-4603.1
2025-02-19 12:00:00,0.21317943810621065,6.19644412779452,0.01741722724581063,-4639.9
2025-02-19 13:00:00,0.32293477103715773,6.220590170099739,0.02140685246838725,-4612.0
2025-02-19 14:00:00,0.5866212838688725,6.315358001522335,0.019866753945181337,-4655.4
2025-02-19 15:00:00,0.31927689110696456,6.51025834052315,0.011497746384985241,-4796.3
2025-02-19 16:00:00,-0.13349243248513964,6.784457062637643,0.02491449258117484,-4647.9
2025-02-19 17:00:00,-0.13681064862950487,6.9650803456014065,0.03703148206081952,-4593.5
2025-02-19 18:00:00,-0.12374926496571348,7.116394144093465,0.05351851217950987,-4576.7
2025-02-19 19:00:00,-0.15997729351568557,7.197435354096591,0.04918396241200185,-4507.2
2025-02-19 20:00:00,-0.16279314546267765,7.249215057114389,0.05961191043873626,-4661.7
2025-02-19 21:00:00,-0.17940708369311853,7.249925536717988,0.058476792018903545,-4774.9
2025-02-19 22:00:00,-0.16430775622887284,7.20414929203594,0.05528656042772706,-4693.9
2025-02-19 23:00:00,-0.1412267554049378,7.170888478512505,0.052137119791388464,-4632.3
2025-02-20 00:00:00,-0.11662457546730032,7.1049654482698426,0.05701131231255019,-4692.0
2025-02-20 01:00:00,-0.10600331631651017,7.089243155027514,0.059196125928187016,-4777.4
2025-02-20 02:00:00,-0.10607026859340962,7.0967213784947605,0.06592686422634486,-4771.0
2025-02-20 03:00:00,-0.07863945357819535,7.143617602704121,0.06779193204054312,-4838.1
2025-02-20 04:00:00,-0.026254893944556823,7.217443431696533,0.07181102306263298,-5084.6
2025-02-20 05:00:00,-0.07628553999058507,7.3453648404168685,0.07398277522496244,-5260.4
2025-02-20 06:00:00,-0.2558895269694301,7.491087593534876,0.07157729876054475,-5018.0
2025-02-20 07:00:00,-0.35860685160208083,7.607381425639791,0.06382875319699988,-4949.9
2025-02-20 08:00:00,-0.38116828012574144,7.700747794511798,0.06044750090818152,-5351.0
2025-02-20 09:00:00,-0.41607519527506653,7.728855823852543,0.0498427132102206,-5165.0
2025-02-20 10:00:00,-0.3878649543752286,7.765569081097317,0.03836419025328475,-5505.0
2025-02-20 11:00:00,-0.3770616616317728,7.779885115070522,0.02922187382811625,-5755.9
2025-02-20 12:00:00,-0.3674099126977306,7.80016307039296,0.023256746171279374,-5875.0
2025-02-20 13:00:00,-0.36259218872031385,7.858640655620791,0.018081042268555336,-5981.4
2025-02-20 14:00:00,-0.39918779974026997,8.01862546504575,0.01654371927050846,-6248.3
2025-02-20 15:00:00,-0.32459804035048423,8.169053149927343,0.013083012617308043,-6405.5
2025-02-20 16:00:00,-0.22741615599086273,8.262816937670928,0.004175593442821146,-6316.3
2025-02-20 17:00:00,-0.2526968946147017,8.324821298768782,0.00801779054662255,-6225.4
2025-02-20 18:00:00,-0.2086232759937654,8.397057390176256,0.004695181933988657,-6426.5
2025-02-20 19:00:00,-0.2037835734825575,8.426173793029069,0.005647418868850451,-6787.9
2025-02-20 20:00:00,-0.2182170041883098,8.447843113281444,0.00584126507025573,-6739.6
2025-02-20 21:00:00,-0.22184814969428412,8.464425125877582,0.009810901283732854,-6978.5
2025-02-20 22:00:00,-0.2122234796413749,8.464425125877582,0.0030231620164187234,-6747.1
2025-02-20 23:00:00,-0.21114212818524125,8.44741429680832,0.005064741943944462,-6344.9
2025-02-21 00:00:00,-0.23563468332067927,8.444192298531748,0.0034776254695900732,-5650.9
2025-02-21 01:00:00,-0.2552264219299647,8.441175704992322,0.00411210745948587,-5529.6
2025-02-21 02:00:00,-0.27484432455974783,8.435332164935916,-0.003478915595126253,-5391.1
2025-02-21 03:00:00,-0.2739536594855525,8.428799040653642,-0.01058754884312485,-5370.5
2025-02-21 04:00:00,-0.27178374523522564,8.420241665339788,-0.0169238725422467,-5254.4
2025-02-21 05:00:00,-0.23799856407160513,8.40737832540903,-0.018029126729116385,-5323.6
2025-02-21 06:00:00,-0.30571181354785093,8.390949464841986,-0.019000135236786342,-5175.2
2025-02-21 07:00:00,-0.41842145103711026,8.344505083590521,-0.021130594374374922,-4917.7
2025-02-21 08:00:00,-0.4601347801824538,8.265650165580329,-0.023117449014216973,-4920.2
2025-02-21 09:00:00,-0.4819988324482609,8.161375023197486,-0.02307007604224065,-4926.1
2025-02-21 10:00:00,-0.44118025737958044,8.022568946988255,-0.017285875132159845,-4788.1
2025-02-21 11:00:00,-0.4278361079998647,7.835579246669965,-0.013739496136429885,-4586.1
2025-02-21 12:00:00,-0.4302503532216053,7.667158255319148,-0.010591545836465599,-4643.4
2025-02-21 13:00:00,-0.4331688392105333,7.566311014772463,-0.0056369370266873275,-4585.3
2025-02-21 14:00:00,-0.4480310048561216,7.550661243105336,-0.012836399365020235,-4410.2
2025-02-21 15:00:00,-0.36251628691041127,7.6255950721324535,-0.016323936265859373,-4182.2
2025-02-21 16:00:00,-0.2637125153603046,7.748028524432376,-0.022890172773407436,-4346.4
2025-02-21 17:00:00,-0.24571200618950195,7.846980982138788,-0.019858273785962943,-4257.4
2025-02-21 18:00:00,-0.2046689740521015,7.899153483343097,-0.024560461376729847,-4578.3
2025-02-21 19:00:00,-0.16261946750998746,7.9561263512135,-0.022982189428687683,-4964.5
2025-02-21 20:00:00,-0.13328628156339217,8.047189562170502,-0.04169411094880182,-5509.1
2025-02-21 21:00:00,-0.12879434955332725,8.142645185942795,-0.04684377899116132,-6144.0
2025-02-21 22:00:00,-0.12477131550255427,8.235095497258357,-0.047772183723606254,-6186.8
2025-02-21 23:00:00,-0.12783993174357722,8.314097335405807,-0.043143612168077716,-6046.3
2025-02-22 00:00:00,-0.10755775447452587,8.339500903005945,-0.04226847642939102,-5880.5
2025-02-22 01:00:00,-0.10431147950015696,8.365905077202456,-0.045109219601471295,-5843.2
2025-02-22 02:00:00,-0.10405725530865073,8.353025845202325,-0.045952136692905654,-5772.4
2025-02-22 03:00:00,-0.08979632719291386,8.35983738064003,-0.05148148215862758,-5759.4
2025-02-22 04:00:00,-0.07861552558952889,8.367764677924308,-0.05262795090492478,-5770.8
2025-02-22 05:00:00,-0.07461638166215057,8.372860820526318,-0.05775625794508876,-5762.1
2025-02-22 06:00:00,-0.05180106483513436,8.371010681238156,-0.06234625344928979,-5732.2
2025-02-22 07:00:00,-0.09171346571581118,8.357259153499912,-0.056972203508673935,-5696.0
2025-02-22 08:00:00,-0.1081302521367995,8.327242607457793,-0.048816817101061005,-5483.9
2025-02-22 09:00:00,-0.13108825284069203,8.301769763117166,-0.03945597673284684,-5356.3
2025-02-22 10:00:00,-0.11199375057500172,8.294549515143679,-0.03509388152393811,-5383.0
2025-02-22 11:00:00,-0.08378975131210797,8.272059622210412,-0.02414570037159436,-5566.8
2025-02-22 12:00:00,-0.11436122235297219,8.246433786160365,-0.013767033872257528,-5517.1
2025-02-22 13:00:00,-0.07090731868950195,8.230577217146454,-0.0175271981938403,-5351.7
2025-02-22 14:00:00,0.007069327533528291,8.213381737034572,-0.008814744407832364,-5145.6
2025-02-22 15:00:00,-0.11544811700656554,8.231642179973411,-0.013504602349133421,-5227.3
2025-02-22 16:00:00,-0.04843280652618098,8.258681496264236,-0.025069798190639148,-5321.4
2025-02-22 17:00:00,-0.0678353538210561,8.286017468404763,-0.0251697540228637,-5410.2
2025-02-22 18:00:00,-0.04911143131634477,8.321421586897879,-0.03242718034622705,-5453.0
2025-02-22 19:00:00,-0.05943103695195484,8.293299358711323,-0.03426646008609335,-5295.6
2025-02-22 20:00:00,-0.04900129699986744,8.278682162970906,-0.04316823775890555,-5302.4
2025-02-22 21:00:00,-0.06574071264303427,8.283999304248526,-0.0554973182919154,-5358.0
2025-02-22 22:00:00,-0.07591259169442299,8.251924713801357,-0.04988398748828615,-5253.7
2025-02-22 23:00:00,-0.11043673082073635,8.243282523048375,-0.043557592193455896,-5116.9
2025-02-23 00:00:00,-0.11285934168907774,8.266935347610456,-0.06189917712488846,-5117.2
2025-02-23 01:00:00,-0.12036929166784027,8.247743887225516,-0.06558902224675567,-5063.6
2025-02-23 02:00:00,-0.12157612010564467,8.19450550976564,-0.07018782780676869,-4934.5
2025-02-23 03:00:00,-0.122907926288506,8.116715624819111,-0.07059884680301387,-4715.8
2025-02-23 04:00:00,-0.11872932947149017,8.01102337918644,-0.07112576598470621,-4397.9
2025-02-23 05:00:00,-0.10040480036759547,7.875499292445208,-0.07718861099573271,-4035.8
2025-02-23 06:00:00,-0.0901614192770932,7.7279755421055585,-0.07242759456140213,-3972.7
2025-02-23 07:00:00,-0.08398784899809231,7.601402334583733,-0.05990029961160559,-3762.1
2025-02-23 08:00:00,-0.051203539976277135,7.455876687491824,-0.051938517544276586,-3776.3
2025-02-23 09:00:00,-0.047097619015685765,7.231287004327616,-0.04671225929514211,-4020.9
2025-02-23 10:00:00,-0.029881392324598632,6.96979066990159,-0.04823244084135592,-4383.9
2025-02-23 11:00:00,-0.04456062982284825,6.656726524178391,-0.047640972947426086,-4314.8
2025-02-23 12:00:00,-0.08684968669025661,6.413458957167357,-0.04797265321611377,-4271.2
2025-02-23 13:00:00,-0.06060842672371303,6.280395838960195,-0.046245498217690084,-4378.1
2025-02-23 14:00:00,-0.055165853664918885,6.300785794663244,-0.04695803045281455,-4414.0
2025-02-23 15:00:00,-0.05345157720776328,6.522092798170152,-0.05047101664578868,-4421.9
2025-02-23 16:00:00,-0.042425542049969955,6.805722553416985,-0.04814819595091535,-4408.6
2025-02-23 17:00:00,-0.08838285566641835,7.064759027791802,-0.04209615907841879,-4366.9
2025-02-23 18:00:00,-0.09156846345720204,7.305188215393037,-0.041611011127136166,-4613.5
2025-02-23 19:00:00,-0.10437978073959053,7.530479995245536,-0.04271221882747689,-4821.9
2025-02-23 20:00:00,-0.07732829787726914,7.719573989259581,-0.04825126000977953,-5257.2
2025-02-23 21:00:00,-0.08665712724921537,7.893945138235959,-0.04843375697692842,-6136.4
2025-02-23 22:00:00,-0.08412305713666468,8.005033344637111,-0.04140220070139211,-6508.9
2025-02-23 23:00:00,-0.09203774441480617,8.131236549696116,-0.04340744369255489,-6712.0
2025-02-24 00:00:00,-0.10334315122093551,8.299037181613066,-0.05071954448830418,-6645.5
2025-02-24 01:00:00,-0.1333152340768926,8.378390788535778,-0.058006998668637344,-6615.6
2025-02-24 02:00:00,-0.1692380658489765,8.417814747435958,-0.06094340725808678,-6421.9
2025-02-24 03:00:00,-0.1991233341218468,8.431853144249223,-0.062642981158616,-6152.2
2025-02-24 04:00:00,-0.19098969364445972,8.457018468380168,-0.0683087353358367,-6167.7
2025-02-24 05:00:00,-0.22970425662039773,8.474703139795285,-0.05971411312542596,-6559.4
2025-02-24 06:00:00,-0.23914522659105852,8.48879371689454,-0.05923278986486835,-7131.8
2025-02-24 07:00:00,-0.3546775705189513,8.4906438561827,-0.06316318859990577,-6913.9
2025-02-24 08:00:00,-0.39677033243848747,8.464635940677562,-0.06254161333288355,-6794.9
2025-02-24 09:00:00,-0.40339886132847314,8.473868066677865,-0.06345795723561842,-6913.8
2025-02-24 10:00:00,-0.3963007688007476,8.473241303887054,-0.06383906694580421,-6802.5
2025-02-24 11:00:00,-0.4368230140719529,8.475120414994329,-0.05479549595336586,-6874.9
2025-02-24 12:00:00,-0.5182114084340279,8.477204183199873,-0.04332850473740191,-6846.7
2025-02-24 13:00:00,-0.5401787216125422,8.470311205516108,-0.035934717291988605,-6560.8
2025-02-24 14:00:00,-0.5552903136868492,8.453614209773367,-0.04262639626511522,-6290.7
2025-02-24 15:00:00,-0.4636287298230486,8.435549202375727,-0.04740052945374895,-6115.2
2025-02-24 16:00:00,-0.33668729721399293,8.453401058328458,-0.05437241971740736,-6052.3
2025-02-24 17:00:00,-0.3153630053260503,8.445697189711167,-0.053497686429694546,-5907.6
2025-02-24 18:00:00,-0.25950410119266953,8.423102268016642,-0.05820506672150394,-5752.6
2025-02-24 19:00:00,-0.26958667890437527,8.400659375160286,-0.05593021949951371,-5738.1
2025-02-24 20:00:00,-0.28637768799767693,8.372860820526318,-0.05871145478915807,-5555.2
2025-02-24 21:00:00,-0.2848271035303136,8.34283980427146,-0.06391736397835945,-5544.8
2025-02-24 22:00:00,-0.26253335669885525,8.306965865368573,-0.06637451551265272,-5376.2
2025-02-24 23:00:00,-0.22989126110356617,8.271804031154709,-0.07685495457549507,-5118.3
2025-02-25 00:00:00,-0.2252973950472117,8.117312461601975,-0.08682111175757701,-4591.2
2025-02-25 01:00:00,-0.21900104617523697,8.074337694089515,-0.09418200065252069,-4545.6
2025-02-25 02:00:00,-0.20482553382516056,8.061486866871327,-0.09351633597966913,-4550.1
2025-02-25 03:00:00,-0.17763627118453318,8.027802848370312,-0.09306034270689967,-4882.5
2025-02-25 04:00:00,-0.1746654024286194,7.969703583278656,-0.09128088682377822,-4982.6
2025-02-25 05:00:00,-0.17209035307515785,7.9102237070973445,-0.08570329058646564,-5168.1
2025-02-25 06:00:00,-0.18098670948006035,7.834788107388194,-0.09229296040752111,-5015.6
2025-02-25 07:00:00,-0.2797086466748673,7.755338812846501,-0.09254096695831926,-4932.1
2025-02-25 08:00:00,-0.2930721497260995,7.699842407396986,-0.0963878824627109,-4917.4
2025-02-25 09:00:00,-0.27432363391920944,7.572502985020384,-0.09365562930830862,-4988.6
2025-02-25 10:00:00,-0.29693450692641044,7.395721608602045,-0.09959649470450227,-4701.4
2025-02-25 11:00:00,-0.28498606471445465,7.222566018822171,-0.09655116989768064,-4759.1
2025-02-25 12:00:00,-0.3019784495359237,7.062191632286556,-0.09001729485205612,-4778.4
2025-02-25 13:00:00,-0.3190879053124438,6.951772164398911,-0.08423171109329264,-4718.1
2025-02-25 14:00:00,-0.3695543886307653,6.93537044601511,-0.08829559615958615,-4607.9
2025-02-25 15:00:00,-0.29741767454359325,6.980075940561763,-0.09243962761572799,-4484.9
2025-02-25 16:00:00,-0.19486843741559712,7.130098510125578,-0.09636922584534613,-4700.4
2025-02-25 17:00:00,-0.1609781773053669,7.282761179605593,-0.0837932691385257,-4677.6
2025-02-25 18:00:00,-0.1302536924344988,7.385851078125209,-0.07085539682959574,-4962.6
2025-02-25 19:00:00,-0.18300402787855496,7.45298232946546,-0.07924880980899651,-5125.9
2025-02-25 20:00:00,-0.1285857146846605,7.506042178518122,-0.07602135927324127,-5264.6
2025-02-25 21:00:00,-0.043915312659620565,7.56734567601324,-0.08249117474233802,-5481.9
2025-02-25 22:00:00,-0.11275789050068363,7.643003635560718,-0.08117334789308117,-5695.1
2025-02-25 23:00:00,-0.10637686762865739,7.693937325509272,-0.08196913826479513,-5673.8
2025-02-26 00:00:00,0.057396538465896985,7.663407664893479,-0.09656986870562356,-5738.4
2025-02-26 01:00:00,0.08218041709678392,7.706162970199576,-0.09829229811007156,-5861.9
2025-02-26 02:00:00,0.0939074971717404,7.7102051944325325,-0.09948067419747986,-5917.7
2025-02-26 03:00:00,0.10847661077003723,7.690286020676768,-0.1025393324993642,-5886.2
2025-02-26 04:00:00,0.125122628093147,7.665753431861699,-0.09805670357470131,-5909.4
2025-02-26 05:00:00,0.10763195160171435,7.65491704784832,-0.09093533647704266,-5714.1
2025-02-26 06:00:00,0.03742770221402747,7.637234388789473,-0.08688806157139428,-5629.3
2025-02-26 07:00:00,-0.14343039208306108,7.597897950521784,-0.08660725916425438,-5364.0
2025-02-26 08:00:00,-0.15389031326033065,7.516433302915632,-0.09047759137760991,-5322.9
2025-02-26 09:00:00,-0.1717468698457636,7.368339686311381,-0.09301415131446689,-5313.7
2025-02-26 10:00:00,-0.1454273755677633,7.191429330036379,-0.09190900398729607,-5148.4
2025-02-26 11:00:00,-0.1257452350939876,7.010311867307229,-0.08780446732242453,-5054.9
2025-02-26 12:00:00,-0.1689523891496254,6.863803391452954,-0.09293768583576512,-4971.5
2025-02-26 13:00:00,-0.1776789103358687,6.761572768804055,-0.08862300432840442,-4907.5
2025-02-26 14:00:00,-0.17246023666820554,6.726233402358747,-0.0870182578848322,-4848.6
2025-02-26 15:00:00,-0.08582325349349862,6.774223886357614,-0.08797919206242621,-4914.6
2025-02-26 16:00:00,-0.04330386656996943,6.92951677076365,-0.08791692368501547,-4855.6
2025-02-26 17:00:00,-0.019244791820755225,7.105786129481271,-0.07693979117353678,-4822.1
2025-02-26 18:00:00,0.022221021102912797,7.242082359256962,-0.06645222944676732,-4885.7
2025-02-26 19:00:00,0.008668836478593622,7.330405211844402,-0.06785970167650213,-5002.2
2025-02-26 20:00:00,0.001098653972169128,7.346655163176539,-0.0657635692821783,-5027.9
2025-02-26 21:00:00,-0.02367195989016624,7.299797366758161,-0.06497632242507834,-4960.0
2025-02-26 22:00:00,-0.03632569688881304,7.208600337960199,-0.06892465480089616,-4745.0
2025-02-26 23:00:00,-0.049532321925930045,7.0909098220799835,-0.07108840235888358,-4442.1
2025-02-27 00:00:00,-0.07578934914573399,7.018401799069201,-0.08190990344834148,-4709.1
2025-02-27 01:00:00,-0.08087312788925427,6.961296045910167,-0.0768895465014321,-4698.0
2025-02-27 02:00:00,-0.04535074400479333,6.949856455000773,-0.07686592375650392,-4808.8
2025-02-27 03:00:00,0.004929579220461555,6.964135612418245,-0.07967319961431585,-4999.4
2025-02-27 04:00:00,0.0030070906044743495,6.993932975223189,-0.08277510201426619,-5027.4
2025-02-27 05:00:00,-0.010415756175816249,7.030857476116121,-0.07702555363487917,-5082.2
2025-02-27 06:00:00,-0.09126458294612672,7.051855622955894,-0.0736534072442705,-4990.8
2025-02-27 07:00:00,-0.16923606217757525,7.022868086082641,-0.07583927923772205,-4801.1
2025-02-27 08:00:00,-0.21510184986384795,6.942156705699469,-0.08138269453103586,-4708.0
2025-02-27 09:00:00,-0.21407756437574044,6.828712071641684,-0.08477978699663691,-4697.4
2025-02-27 10:00:00,-0.14893976877635984,6.729824070489475,-0.0878166848118962,-4790.6
2025-02-27 11:00:00,-0.16501120939108738,6.664409020350408,-0.08153309551670596,-4879.9
2025-02-27 12:00:00,-0.16854332643701442,6.588926477533519,-0.0785697166034911,-4877.1
2025-02-27 13:00:00,-0.2359314790319127,6.481577129276431,-0.07498912332498087,-4830.6
2025-02-27 14:00:00,-0.17551458739672832,6.3835066348840055,-0.06745197388962065,-4778.8
2025-02-27 15:00:00,-0.07860135924604794,6.35088571671474,-0.07722326026917425,-4725.9
2025-02-27 16:00:00,0.034813853257254834,6.453624998892692,-0.08090971435369987,-4785.5
2025-02-27 17:00:00,0.037214038029618646,6.692083742506628,-0.07426613300426155,-4823.1
2025-02-27 18:00:00,0.014234111346535627,6.917705609835305,-0.06801854358405901,-4897.5
2025-02-27 19:00:00,-0.014492939259966864,7.084226422097916,-0.0557215275074423,-5017.4
2025-02-27 20:00:00,-0.02533830295693873,7.20414929203594,-0.05277094182330977,-5161.5
2025-02-27 21:00:00,-0.040883005103696135,7.286191714702382,-0.057174487094512116,-5300.7
2025-02-27 22:00:00,-0.050334925237642825,7.360103972989152,-0.0735319597509001,-5304.6
2025-02-27 23:00:00,-0.06742962632010308,7.426549072397305,-0.07425950698170336,-5322.3
2025-02-28 00:00:00,-0.11011401444223523,7.570443252057374,-0.05551814200183447,-5561.8
2025-02-28 01:00:00,-0.11362715781856991,7.621195162809845,-0.057042315693845325,-5713.0
2025-02-28 02:00:00,-0.132655711385671,7.635303886259415,-0.05577521909384586,-5725.1
2025-02-28 03:00:00,-0.13113931521523803,7.616775808698373,-0.051986204511405454,-5654.7
2025-02-28 04:00:00,-0.12839815249541253,7.562161631225652,-0.05022007256376515,-5499.0
2025-02-28 05:00:00,-0.13795089649529935,7.4821189235521155,-0.04218264647349912,-5410.1
2025-02-28 06:00:00,-0.18189112065267787,7.272398392570047,-0.04180172536815441,-5044.5
2025-02-28 07:00:00,-0.33210766737887454,7.144407180321139,-0.04010023536666285,-4254.9
2025-02-28 08:00:00,-0.3838766977040895,6.983789965258135,-0.05203313562338874,-4387.0
2025-02-28 09:00:00,-0.38325154171837417,7.097548850614793,-0.06360204983251094,-5176.8
2025-02-28 10:00:00,-0.39892044808969773,7.059617628291383,-0.07558785532016632,-4763.0
2025-02-28 11:00:00,-0.379916466454985,7.170119543449628,-0.08467281154891282,-5195.3
2025-02-28 12:00:00,-0.18740756049913454,7.293697720601438,-0.08219182261471936,-5988.2
2025-02-28 13:00:00,-0.36810798847111537,7.352441100243583,-0.08225498381885998,-5913.3
2025-02-28 14:00:00,-0.3435183061206346,7.500529485395295,-0.08090205706277942,-6178.8
2025-02-28 15:00:00,-0.26779321042051407,7.655390644826152,-0.08752838255765027,-6283.5
2025-02-28 16:00:00,-0.21512851550455991,7.704811922932594,-0.09154889580420456,-5724.5
2025-02-28 17:00:00,-0.1273609961578348,7.9211727215870145,-0.08503775806223057,-6588.7
2025-02-28 18:00:00,-0.10929263261488309,7.989221408815276,-0.07720419486215224,-6492.6
2025-02-28 19:00:00,-0.12288383920195312,7.94873845481361,-0.07561427842049984,-5640.1
2025-02-28 20:00:00,-0.09789688434914989,7.975564658495202,-0.0741392689549123,-5767.8
2025-02-28 21:00:00,-0.10104893503609391,7.973155433444133,-0.06270232029780942,-5876.0
2025-02-28 22:00:00,-0.07789048442084612,7.935945103353701,-0.07327272354942771,-5950.8
2025-02-28 23:00:00,-0.05774755492320871,7.8868329989550565,-0.07814841855673649,-6093.1
2025-03-01 00:00:00,0.08603204842208667,7.947325027016463,0.0486770090435682,-6934.2
2025-03-01 01:00:00,0.039247461450147014,7.891704659330107,0.04819711604371424,-6428.3
2025-03-01 02:00:00,0.06509516648273506,7.822444729489319,0.04941221334812074,-6304.5
2025-03-01 03:00:00,0.08017472230778822,7.729735331385051,0.04935770947576401,-6226.7
2025-03-01 04:00:00,0.09687009508424937,7.5953872788539725,0.04481491008057947,-6081.4
2025-03-01 05:00:00,0.18098159870400643,7.45876269238096,0.04558937702264565,-6056.6
2025-03-01 06:00:00,0.32684049938079074,7.349873704738337,0.0672439975774708,-5934.2
2025-03-01 07:00:00,0.3196075596917689,7.266128779556451,0.07432529730280013,-5781.2
2025-03-01 08:00:00,0.2886348144316244,7.207118856207756,0.0833174891334103,-5713.0
2025-03-01 09:00:00,0.314124741026947,7.123672785204607,0.07635168839525264,-5666.7
2025-03-01 10:00:00,0.30734847899851303,6.97354301952014,0.07709169978787855,-5580.8
2025-03-01 11:00:00,0.39421273636148335,6.848005274576363,0.08388860279051258,-5586.2
2025-03-01 12:00:00,0.5475847941170402,6.840546529288687,0.07876583978906382,-5616.2
2025-03-01 13:00:00,0.6189672704265563,6.92951677076365,0.07127435965263462,-5713.4
2025-03-01 14:00:00,0.5884428561715667,7.156176637480615,0.08427722166175222,-5885.7
2025-03-01 15:00:00,0.3560128933591793,7.450079569807499,0.08700570022143683,-6247.4
2025-03-01 16:00:00,0.15292149488875673,7.706612913964197,0.07812630949078514,-6507.3
2025-03-01 17:00:00,0.06313470789616282,7.854381210652365,0.07585068114761295,-6403.2
2025-03-01 18:00:00,0.037299177086082214,7.931284761525891,0.053588667380449984,-6553.0
2025-03-01 19:00:00,0.054399047888995966,8.00836557031292,0.04864299475839129,-6717.6
2025-03-01 20:00:00,0.08880515215350337,8.042699496897637,0.046306236049063365,-6900.0
2025-03-01 21:00:00,0.1058188938829745,8.09437844497296,0.05088839816128932,-7058.8
2025-03-01 22:00:00,0.09437511072564542,8.113726085970747,0.05200090821093095,-7045.0
2025-03-01 23:00:00,0.06935435887561914,8.181720455128108,0.05336350661764122,-6748.2
2025-03-02 00:00:00,0.010326346246961826,8.304989580140361,0.017374491195232267,-6491.8
2025-03-02 01:00:00,-0.0021477027600762533,8.38548870041881,0.02150696149785425,-6618.0
2025-03-02 02:00:00,-0.002834905841683888,8.436200032206706,0.012868607542384503,-6756.8
2025-03-02 03:00:00,-0.024458758991594998,8.447843113281444,0.016908754220794187,-6866.7
2025-03-02 04:00:00,-0.02527448869663429,8.478036476215044,0.013052228253941145,-6821.4
2025-03-02 05:00:00,-0.018440906234085563,8.504513138258863,0.014841538007478228,-6806.3
2025-03-02 06:00:00,0.013736908789647728,8.519989278718239,0.024639430365859027,-6637.4
2025-03-02 07:00:00,0.0020554332054842916,8.53030683056162,0.0389206198095442,-6534.9
2025-03-02 08:00:00,-0.03440371234845463,8.528133131454572,0.04342991873698665,-6478.3
2025-03-02 09:00:00,-0.010364704734898478,8.51398806046729,0.04875112421457839,-6396.0
2025-03-02 10:00:00,-0.0017688596922313948,8.473659189392508,0.03791214116879882,-6172.0
2025-03-02 11:00:00,0.0007219630411521294,8.39366870513074,0.0406955970924292,-5836.2
2025-03-02 12:00:00,0.03369849232572619,8.319229938632326,0.03554990047421658,-5492.2
2025-03-02 13:00:00,0.06512183414477857,8.251663923605589,0.031560364730967905,-5348.3
2025-03-02 14:00:00,0.0410967390733199,8.19478163844336,0.04153852213403031,-5276.4
2025-03-02 15:00:00,0.015104671604802444,8.214735833382303,0.03717604654679896,-5424.5
2025-03-02 16:00:00,-0.05243962086998266,8.239329427901795,0.03987067130583899,-5970.6
2025-03-02 17:00:00,-0.05554914723869153,8.294049640102028,0.040875233690923274,-6996.4
2025-03-02 18:00:00,-0.08564278819556748,8.353261499733874,0.02594190639731142,-7387.5
2025-03-02 19:00:00,-0.06761089114416396,8.39185670010494,0.009124016462097373,-7537.1
2025-03-02 20:00:00,-0.027670764249668522,8.414274137408396,-0.007240511862985244,-7346.2
2025-03-02 21:00:00,-0.01686727660587195,8.432288684325794,-0.006563272836945799,-7415.8
2025-03-02 22:00:00,-0.028841886725056387,8.448914350662942,-0.0046463847473994235,-7177.5
2025-03-02 23:00:00,-0.06369979893913724,8.460834457746854,-0.011403953026775326,-6938.9
2025-03-03 00:00:00,-0.09129412817485472,8.447199819595703,-0.03881536086617743,-6654.3
2025-03-03 01:00:00,-0.1090295353580566,8.453187861440325,-0.0431460409281037,-6488.4
2025-03-03 02:00:00,-0.12660706230437313,8.437283808187935,-0.04804792691443183,-6417.2
2025-03-03 03:00:00,-0.1590372181573314,8.404472321352118,-0.046573875727202285,-6227.9
2025-03-03 04:00:00,-0.1662294965369,8.399535147948004,-0.045050169952382646,-6085.7
2025-03-03 05:00:00,-0.19303192690263637,8.448485993406447,-0.03579290906050936,-6355.5
2025-03-03 06:00:00,-0.18036099025728491,8.461469042643875,-0.021319061303390008,-6789.5
2025-03-03 07:00:00,-0.24958587732629223,8.460622839927844,-0.028843926052520175,-7367.4
2025-03-03 08:00:00,-0.3400430565876076,8.436416881388949,-0.02084217253956311,-7418.4
2025-03-03 09:00:00,-0.2896824471686248,8.399085102935908,-0.016554397189578296,-7495.1
2025-03-03 10:00:00,-0.24963592020564906,8.366370301681654,-0.015721357412434855,-7318.2
2025-03-03 11:00:00,-0.2745991274081363,8.34283980427146,-0.011181825450158556,-6870.2
2025-03-03 12:00:00,-0.2787956091928101,8.330381569349418,-0.005694327608405381,-6253.7
2025-03-03 13:00:00,-0.31336560642817757,8.344267356262645,-0.006038328048225239,-6125.8
2025-03-03 14:00:00,-0.34618327246208214,8.417814747435958,-0.007655760696646752,-6453.2
2025-03-03 15:00:00,-0.31226468502700255,8.422003004412488,-0.0070735512020716484,-6468.2
2025-03-03 16:00:00,-0.2816111345614041,8.452547997922705,-0.010129450924361905,-6567.2
2025-03-03 17:00:00,-0.26539399377079453,8.450839690866216,-0.003996602931377602,-6418.3
2025-03-03 18:00:00,-0.2543620771059607,8.453827315794417,-0.014368431612666654,-6227.9
2025-03-03 19:00:00,-0.2450980847963904,8.457230850243555,-0.0165278022392501,-6270.5
2025-03-03 20:00:00,-0.23787625694554615,8.473032295630468,-0.015109445624751139,-6301.6
2025-03-03 21:00:00,-0.23086252133623208,8.478036476215044,-0.002334390847759771,-6168.6
2025-03-03 22:00:00,-0.24194740159584205,8.494333897270154,-0.0004913677041544773,-6243.3
2025-03-03 23:00:00,-0.2247520540640311,8.47886807709457,0.0009502242878340894,-6138.8
2025-03-04 00:00:00,-0.2451974823166827,8.357259153499912,-0.03601245514956908,-5787.2
2025-03-04 01:00:00,-0.23430079838738527,8.376090350438238,-0.030590799254914813,-5822.8
2025-03-04 02:00:00,-0.21692455907147012,8.295049140435111,-0.03483497282118364,-5600.0
2025-03-04 03:00:00,-0.22231356640094146,8.384575666801398,-0.02971660514823604,-5822.0
2025-03-04 04:00:00,-0.2321823887090555,8.364275084991524,-0.03286163236687667,-5733.6
2025-03-04 05:00:00,-0.21505883106758938,8.349484346990128,-0.028517512716512705,-5951.4
2025-03-04 06:00:00,-0.16911080621077312,8.374015421739909,-0.025217471376715928,-6498.5
2025-03-04 07:00:00,-0.24863893085801259,8.350193650720067,-0.03303231482189517,-6467.9
2025-03-04 08:00:00,-0.30049036198070356,8.324093761450404,-0.02378270126709392,-6651.9
2025-03-04 09:00:00,-0.2748248270747693,8.287025025165063,-0.013346092745479154,-6883.8
2025-03-04 10:00:00,-0.21324975469363983,8.24117615049496,-0.007772997987186336,-6985.5
2025-03-04 11:00:00,-0.1984535578994686,8.18646442942209,-0.0051058275487516624,-6692.7
2025-03-04 12:00:00,-0.14727601298529924,8.101677747454572,-0.0064250526669153984,-6223.2
2025-03-04 13:00:00,-0.14690444763925958,7.963807953231451,-0.00685849386645998,-6194.6
2025-03-04 14:00:00,-0.16248560628696307,7.797291273547472,0.0028191462663587075,-6109.8
2025-03-04 15:00:00,0.014088681876631703,7.622663951323595,-0.00558125477135718,-6025.2
2025-03-04 16:00:00,0.11890826185925851,7.553286605600419,0.0003713487526999515,-5985.1
2025-03-04 17:00:00,0.22020861092346733,7.588829878307813,-0.002845698007868158,-5902.1
2025-03-04 18:00:00,0.19838081955564224,7.7458682297922685,-0.005445620941471496,-6193.1
2025-03-04 19:00:00,0.1637164275792915,7.919356190660617,-0.010009971399481898,-6685.2
2025-03-04 20:00:00,-0.12889463901846998,8.07837810362652,-0.01586422883580063,-6785.2
2025-03-04 21:00:00,-0.1337097495822186,8.187855443695623,-0.016526867609139018,-6650.3
2025-03-04 22:00:00,-0.1485301344119585,8.2960476427647,-0.019297585839949782,-6478.1
2025-03-04 23:00:00,-0.18500636460075137,8.34972083747249,-0.028512348562943934,-6272.0
2025-03-05 00:00:00,-0.25515304849812814,8.355379895253634,-0.02883785732230315,-6031.0
2025-03-05 01:00:00,-0.21927621660990448,8.242493153187626,-0.031035211486360126,-5463.2
2025-03-05 02:00:00,-0.20070969820085915,8.242229891372231,-0.03786907062014411,-5329.9
2025-03-05 03:00:00,-0.19162259486286404,8.21554741194707,-0.03914564847435198,-5187.5
2025-03-05 04:00:00,-0.19379995670856243,8.194229304819817,-0.04380752430204993,-5085.5
2025-03-05 05:00:00,-0.22355813702238647,8.29853954537488,-0.04461606185114597,-5563.3
2025-03-05 06:00:00,-0.21153057291540556,8.294299608857235,-0.04660090394933292,-5690.8
2025-03-05 07:00:00,-0.2609518452282438,8.323608442343572,-0.04205913733411748,-6055.4
2025-03-05 08:00:00,-0.3062583402765595,8.289539484624141,-0.032283096804089695,-6062.0
2025-03-05 09:00:00,-0.30413811642218347,8.255568653283746,-0.02745542450978533,-5830.1
2025-03-05 10:00:00,-0.3186380900790109,8.164510268747042,-0.021701113918893178,-5311.8
2025-03-05 11:00:00,-0.31634417178310903,8.14351740579748,-0.033308210008902606,-5150.0
2025-03-05 12:00:00,-0.26628315760961296,8.130647968160584,-0.027035839857930455,-5095.6
2025-03-05 13:00:00,-0.27333509957149005,8.11969625295725,-0.02542644132284977,-4945.0
2025-03-05 14:00:00,-0.26909301760339055,8.09437844497296,-0.021320291148688497,-4985.8
2025-03-05 15:00:00,-0.21322905613303433,8.114623886420098,-0.026437425632474643,-5407.6
2025-03-05 16:00:00,-0.19295112888269017,8.073091199693154,-0.023751280111963702,-5692.7
2025-03-05 17:00:00,-0.16201729658765318,8.025189321890835,-0.014983509280929397,-5545.4
2025-03-05 18:00:00,-0.15741677168530943,7.96346006663897,-0.018178022451497355,-5705.8
2025-03-05 19:00:00,-0.15912753804110835,7.918264686095274,-0.034738962495008074,-5597.3
2025-03-05 20:00:00,-0.14211339121199806,7.86403565907245,-0.039741311127512446,-5527.4
2025-03-05 21:00:00,-0.11828697999241689,7.829630389150193,-0.03911432888179611,-5585.6
2025-03-05 22:00:00,-0.12166312098478205,7.807916628926408,-0.04342917892114251,-5490.9
2025-03-05 23:00:00,-0.12301056579004177,7.837159650001675,-0.054329004033374595,-5566.2
2025-03-06 00:00:00,-0.14128313156111272,7.720017940432244,-0.06039766688109793,-5322.8
2025-03-06 01:00:00,-0.154420168904279,7.846589975291186,-0.06582198059276845,-5685.9
2025-03-06 02:00:00,-0.15087942413219535,7.99699040583765,-0.07162274960024995,-6106.7
2025-03-06 03:00:00,-0.16297438960174437,8.153925132007862,-0.06919429630386986,-6486.2
2025-03-06 04:00:00,-0.18364318164909,8.264363329731667,-0.07696285535071112,-6791.9
2025-03-06 05:00:00,-0.1786711202712019,8.328209491748732,-0.0762804976286553,-7420.0
2025-03-06 06:00:00,-0.23460134780383424,8.36985260351753,-0.07215227465736618,-7073.7
2025-03-06 07:00:00,-0.34374121024110327,8.384118837190895,-0.0582817266829343,-6527.8
2025-03-06 08:00:00,-0.40652763670375336,8.38548870041881,-0.05600948721674559,-6874.9
2025-03-06 09:00:00,-0.33702656757013116,8.389359819906353,-0.051379631323617225,-7180.9
2025-03-06 10:00:00,-0.2730866871448634,8.440528106480752,-0.04635199793993827,-7485.4
2025-03-06 11:00:00,-0.2703477482180605,8.429672593886743,-0.061260816119677486,-7450.0
2025-03-06 12:00:00,-0.2563030836249385,8.378850241794492,-0.059370340567347135,-6673.9
2025-03-06 13:00:00,-0.2851671982064179,8.348537825386098,-0.05271611949677002,-6421.1
2025-03-06 14:00:00,-0.2487718622267896,8.378620541552298,-0.047804178457972135,-6843.5
2025-03-06 15:00:00,-0.21783394878814688,8.35936910622267,-0.051163013157749404,-6727.8
2025-03-06 16:00:00,-0.17810792679699583,8.3670677328386,-0.04466480807480355,-7005.6
2025-03-06 17:00:00,-0.20585223228626948,8.336390480591552,-0.03840056503735223,-6613.3
2025-03-06 18:00:00,-0.1714255163059928,8.335191583433202,-0.055083614609483966,-6724.4
2025-03-06 19:00:00,-0.15161395751853313,8.28828304520769,-0.05392839588512466,-6711.0
2025-03-06 20:00:00,-0.14819217073932522,8.186185994226083,-0.061174056446245295,-6224.0
2025-03-06 21:00:00,-0.09001442920343194,8.077136638538454,-0.060111150721803064,-6164.7
2025-03-06 22:00:00,-0.06465099152353693,7.9215356321335495,-0.05816300266030616,-5935.5
2025-03-06 23:00:00,-0.014329908377602063,7.761319180947987,-0.06465078745020492,-5851.1
2025-03-07 00:00:00,-0.032885353571246334,7.561121589530238,-0.07209478067827924,-5599.7
2025-03-07 01:00:00,0.006139501463973129,7.367077059881012,-0.068300226632239,-5438.8
2025-03-07 02:00:00,0.09380620372712878,7.161622002939187,-0.07851716140021558,-5298.5
2025-03-07 03:00:00,0.20416080467727094,6.949856455000773,-0.07521810625174563,-5159.0
2025-03-07 04:00:00,0.3562911301525973,6.794586580876499,-0.06367236590298209,-5102.0
2025-03-07 05:00:00,0.4351623887993643,6.81783057145415,-0.06420734739820144,-5108.2
2025-03-07 06:00:00,0.49959986667524126,7.085064293952548,-0.061786731490325764,-5181.7
2025-03-07 07:00:00,0.30898096785305595,7.388327859577107,-0.055606963061705095,-5538.4
2025-03-07 08:00:00,0.23351951913752034,7.593877844605118,-0.05232250871600197,-5870.0
2025-03-07 09:00:00,0.12395581243785259,7.71333788887187,-0.05345133420713477,-6133.4
2025-03-07 10:00:00,0.23306598346135576,7.688455356549944,-0.05728066172761537,-6005.1
2025-03-07 11:00:00,0.3043822003384853,7.631431664576906,-0.06272742340867232,-5956.9
2025-03-07 12:00:00,0.07349208333137192,7.601901959875166,-0.06388333577630245,-5997.5
2025-03-07 13:00:00,-0.04868116836300196,7.590852123688581,-0.06882511671635694,-5985.1
2025-03-07 14:00:00,0.28616059695488305,7.675081857716334,-0.06415680228696186,-6103.3
2025-03-07 15:00:00,0.06472293408100871,7.780720886117918,-0.06781178271956456,-6319.7
2025-03-07 16:00:00,-0.06813877153213133,7.8868329989550565,-0.04974832183204825,-6318.8
2025-03-07 17:00:00,-0.06109546642115715,7.944846711001996,-0.04304327607459513,-6243.1
2025-03-07 18:00:00,-0.09877418327211807,7.9919305198524775,-0.05258431631519045,-6133.2
2025-03-07 19:00:00,-0.043966181181869235,8.021584533455107,-0.05839151917603225,-6181.1
2025-03-07 20:00:00,-0.028150033738744806,8.02059914989697,-0.06198478972330079,-6055.9
2025-03-07 21:00:00,-0.006051080753607607,8.058327306580958,-0.06863314389708197,-6072.3
2025-03-07 22:00:00,-0.004816479091356296,8.100464891029363,-0.06419857953386288,-5994.8
2025-03-07 23:00:00,-0.019349916912665854,8.140898460607852,-0.06984649316419045,-5938.3
2025-03-08 00:00:00,-0.13496890000126216,8.183397369998433,-0.08653819378148597,-5891.2
2025-03-08 01:00:00,-0.12155342619227083,8.189799618728228,-0.08526052754873081,-5847.1
2025-03-08 02:00:00,-0.10462906478336809,8.216088098632316,-0.08803163397741187,-5986.6
2025-03-08 03:00:00,-0.09673437264129481,8.225503097566918,-0.0796044364931685,-6082.2
2025-03-08 04:00:00,-0.09082835408243328,8.242229891372231,-0.08452144419309615,-6115.2
2025-03-08 05:00:00,-0.08405494477912745,8.254008590564844,-0.08459144068496105,-6030.6
2025-03-08 06:00:00,-0.06015175820866148,8.270269111436624,-0.07821097528223397,-5621.9
2025-03-08 07:00:00,-0.08732843188008577,8.177515823846075,-0.07443795070132087,-5261.7
2025-03-08 08:00:00,-0.15144584422230611,8.184513753033722,-0.06427579014768892,-5234.6
2025-03-08 09:00:00,-0.12644552973470002,8.176391596633795,-0.05563030852034068,-5189.9
2025-03-08 10:00:00,-0.041185307356519374,8.284251797621916,-0.05487256138792329,-5665.0
2025-03-08 11:00:00,-0.01556864291704585,8.271292652979412,-0.0565937142105879,-5604.9
2025-03-08 12:00:00,0.06096538308185373,8.240648863374913,-0.061926996066022255,-5501.7
2025-03-08 13:00:00,0.1126222578589604,8.216628493133443,-0.05805788798098632,-5430.7
2025-03-08 14:00:00,0.16858901061130283,8.169053149927343,-0.0517214803812287,-5325.4
2025-03-08 15:00:00,-0.049049070216212076,7.98139158158007,-0.04444942340334723,-4625.0
2025-03-08 16:00:00,-0.0819460811327466,8.031060180240619,-0.03394242490216026,-4628.3
2025-03-08 17:00:00,-0.05339157253636806,8.003697339094368,-0.025848998742676876,-4713.8
2025-03-08 18:00:00,-0.11219953996370613,7.976595409316577,-0.020519304773271685,-4642.8
2025-03-08 19:00:00,-0.06410605546074777,7.934155233536322,-0.02936925536476309,-4621.4
2025-03-08 20:00:00,-0.031100936400024093,7.859026979751538,-0.03813841558475328,-4505.1
2025-03-08 21:00:00,-0.011751507015330453,7.773173680482536,-0.049220772293875115,-4402.6
2025-03-08 22:00:00,0.016949163177741422,7.6787889981991535,-0.04899989744276567,-4404.7
2025-03-08 23:00:00,-0.002337569580497245,7.577633832602728,-0.05771276552535998,-4134.5
2025-03-09 00:00:00,-0.016972892240675996,7.270312886079025,-0.05834335519939238,-3551.7
2025-03-09 01:00:00,-0.003962914730638811,7.086737934510577,-0.05732679982654343,-3452.8
2025-03-09 02:00:00,0.022125695494763953,6.8679744089702925,-0.0650637789833759,-3303.5
2025-03-09 03:00:00,0.05833972031916179,6.683360945766275,-0.05591176214116356,-3383.0
2025-03-09 04:00:00,0.09217681698490399,6.651571873589727,-0.052061170737921714,-3543.7
2025-03-09 05:00:00,0.13351778682975146,6.542471960506805,-0.04944865490986228,-3964.8
2025-03-09 06:00:00,0.17646043045225657,6.48768401848461,-0.04288555094926316,-4350.6
2025-03-09 07:00:00,0.31252999565388917,6.437751649736401,-0.023940892717658535,-4520.5
2025-03-09 08:00:00,0.6966883997756144,6.385194398997726,-0.021642078006728127,-4597.9
2025-03-09 09:00:00,0.4878774813415867,6.270988431858299,-0.013769232766755124,-4576.0
2025-03-09 10:00:00,0.4498086691944643,6.1070228877422545,-0.004493384957100943,-4342.0
2025-03-09 11:00:00,0.13713635976573846,6.0112671744041615,0.004894108176443979,-3876.1
2025-03-09 12:00:00,0.15396664001988336,5.971261839790462,0.016243274180207656,-3567.1
2025-03-09 13:00:00,0.20508319819773435,5.976350909297934,0.019432612604847854,-3785.7
2025-03-09 14:00:00,0.31906167304816746,5.958424693029782,0.02794709493049119,-4223.9
2025-03-09 15:00:00,0.6138603678774959,5.955837369464831,0.026856037514809472,-4363.0
2025-03-09 16:00:00,0.8820366718989519,5.966146739123692,0.02240951427723914,-4405.2
2025-03-09 17:00:00,1.1011039139094692,6.025865973825314,0.017629634944202444,-4353.7
2025-03-09 18:00:00,1.5616303158677791,6.0844994130751715,0.010170970204316454,-4366.5
2025-03-09 19:00:00,1.5527590975736327,6.075346031088684,-0.0020006448208604866,-4395.2
2025-03-09 20:00:00,1.105350817219077,6.09807428216624,-0.0018070581399900476,-4457.0
2025-03-09 21:00:00,0.9038270551568894,6.135564891081739,0.0055397493342983495,-4524.9
2025-03-09 22:00:00,0.806257277030479,6.180016653652572,-0.0010316118983562106,-4595.1
2025-03-09 23:00:00,0.7725725914363588,6.2285110035911835,0.001348610870615552,-4611.8
2025-03-10 00:00:00,0.6699995421033602,6.186208623900494,-0.010752996731230091,-4644.0
2025-03-10 01:00:00,0.6575337971229516,6.220590170099739,-0.013110412694345541,-4698.5
2025-03-10 02:00:00,0.663295992328873,6.280395838960195,-0.016369812683170615,-4667.5
2025-03-10 03:00:00,0.6532793490277804,6.369900982828227,-0.008437173520179364,-4793.9
2025-03-10 04:00:00,0.6741828152171774,6.452048954437226,-0.008583544300861945,-4809.2
2025-03-10 05:00:00,0.6635002800753202,6.551080335043404,-0.012286995265337275,-4828.9
2025-03-10 06:00:00,0.27575663759118063,6.625392368007956,-0.015061519825716907,-4485.1
2025-03-10 07:00:00,0.23987261360613665,6.674561391814426,-0.014501788008616678,-4272.9
2025-03-10 08:00:00,1.0254263328596238,6.673297967767654,-0.00476834770850143,-4282.7
2025-03-10 09:00:00,0.5626000299020735,6.633318433280377,0.010101592812587157,-4252.3
2025-03-10 10:00:00,0.41910279616018276,6.616065185132817,0.013158153102280856,-4225.8
2025-03-10 11:00:00,0.6071501609464418,6.661854740545311,0.02214676975453944,-4236.7
2025-03-10 12:00:00,0.5820889971765952,6.721425700790643,0.032544931247229236,-4322.3
2025-03-10 13:00:00,0.5432847830957828,6.782192056006791,0.046667912078548035,-4365.9
2025-03-10 14:00:00,0.393375533946303,6.80903930604298,0.04695073103082503,-4403.9
2025-03-10 15:00:00,0.46549954409259886,6.79794041297493,0.037777014963279676,-4343.9
2025-03-10 16:00:00,0.5426475118662575,6.802394763324311,0.036086474697544446,-4479.2
2025-03-10 17:00:00,0.644627125089765,6.927557906278317,0.0375713819255985,-4600.8
2025-03-10 18:00:00,0.553551791492608,7.069023426578259,0.03508596373362849,-4651.5
2025-03-10 19:00:00,0.31483162560276234,7.170119543449628,0.02564159872783911,-4698.7
2025-03-10 20:00:00,0.2107610230278274,7.1731917424865985,0.0264367860957746,-4711.2
2025-03-10 21:00:00,0.1213224793645753,7.121252453244542,0.0426223159795418,-4622.9
2025-03-10 22:00:00,0.19316287265584142,7.060476365999801,0.039952633953675765,-4688.6
2025-03-10 23:00:00,0.22446227786660833,7.003065458786462,0.04166959681610649,-4646.9
2025-03-11 00:00:00,0.6304046862202823,6.582025138892826,0.05369378724332208,-3802.3
2025-03-11 01:00:00,0.5341570002920428,6.466144724237619,0.05600681316085154,-3719.5
2025-03-11 02:00:00,0.49942643894411276,6.415096959171596,0.05263518290751179,-3651.0
2025-03-11 03:00:00,0.3939768177896821,6.42648845745769,0.05798059588583282,-3615.0
2025-03-11 04:00:00,0.46772829485678935,6.410174881966167,0.05591257645766223,-3581.2
2025-03-11 05:00:00,0.6393564970884782,6.322565239927284,0.05827671372178678,-3472.3
2025-03-11 06:00:00,0.42998177887488076,6.175867270105761,0.07236503941760652,-3419.7
2025-03-11 07:00:00,0.7080030965397102,5.948034989180646,0.06944031397164174,-3481.9
2025-03-11 08:00:00,1.2164062291051128,5.666426688112432,0.07627868052899078,-3630.4
2025-03-11 09:00:00,1.2466720950972228,5.356586274672012,0.06919795623581049,-3581.8
2025-03-11 10:00:00,1.1331847333684575,4.990432586778736,0.05249169747183213,-3568.6
2025-03-11 11:00:00,1.1290238707794948,4.787491742782046,0.06347406364419683,-3593.3
2025-03-11 12:00:00,1.2979400136946824,4.709530201312334,0.05808328935761686,-3564.8
2025-03-11 13:00:00,1.2842569399724812,4.6443908991413725,0.04744055770507405,-3548.5
2025-03-11 14:00:00,1.1494348841622388,4.634728988229636,0.041816003880145836,-3561.5
2025-03-11 15:00:00,1.225655137280862,4.700480365792417,0.048562351939891,-3538.1
2025-03-11 16:00:00,1.1768793753318736,4.912654885736052,0.06375344045925502,-3578.2
2025-03-11 17:00:00,0.8965446076388481,5.236441962829949,0.06742183128173629,-3500.7
2025-03-11 18:00:00,0.6402481111663487,5.476463551931511,0.06638011362978435,-3495.3
2025-03-11 19:00:00,0.5469837905692021,5.568344503761097,0.06784686472841717,-3500.2
2025-03-11 20:00:00,0.5369992762272888,5.5909869805108565,0.06696379178700607,-3545.5
2025-03-11 21:00:00,0.5411136685117288,5.583496308781699,0.06264776807314298,-3531.0
2025-03-11 22:00:00,0.5598657860994329,5.605802066295998,0.07286648236593152,-3535.3
2025-03-11 23:00:00,0.5479984902504302,5.662960480135946,0.07356060912036,-3567.1
2025-03-12 00:00:00,0.8705447770835151,5.799092654460526,0.10883798530144961,-3822.3
2025-03-12 01:00:00,0.8480622793111046,5.673323267171493,0.10731082693370286,-3759.3
2025-03-12 02:00:00,0.7293677220644339,5.517452896464707,0.10659514998430009,-3732.3
2025-03-12 03:00:00,0.6539421628375051,5.472270673671475,0.10793618018730022,-3714.9
2025-03-12 04:00:00,0.5616051560876092,5.521460917862246,0.10287074886760728,-3735.5
2025-03-12 05:00:00,0.50749245165983,5.579729825986222,0.0997205485634387,-3681.3
2025-03-12 06:00:00,0.616883265807834,5.62040086571715,0.09075222790114701,-3742.9
2025-03-12 07:00:00,0.9853152505516789,5.58724865840025,0.07828994932313904,-3874.5
2025-03-12 08:00:00,0.8793358577145751,5.384495062789089,0.07963481939989503,-3860.2
2025-03-12 09:00:00,1.0883376753546248,5.093750200806762,0.08017523968258011,-3838.1
2025-03-12 10:00:00,0.8761254552517528,4.969813299576001,0.08284450343628258,-3844.4
2025-03-12 11:00:00,0.9789547433322774,4.962844630259907,0.0765696461403671,-3877.3
2025-03-12 12:00:00,1.0391000633027874,4.955827057601261,0.07867149374872362,-3888.5
2025-03-12 13:00:00,0.9923210581595425,4.941642422609304,0.0806362863315302,-3908.0
2025-03-12 14:00:00,1.005908607072052,4.927253685157205,0.07847755512502452,-3903.6
2025-03-12 15:00:00,0.8784828964574345,4.955827057601261,0.0787744905748955,-3960.6
2025-03-12 16:00:00,0.9331351021121099,5.181783550292085,0.08146259722900773,-3910.6
2025-03-12 17:00:00,0.8526744176901468,5.4510384535657,0.08166840069070602,-3878.7
2025-03-12 18:00:00,1.2731404953055403,5.730099782973574,0.08500621378373285,-4010.3
2025-03-12 19:00:00,1.4122214406270546,5.805134968916488,0.08037213227819606,-4026.5
2025-03-12 20:00:00,1.432220630305518,5.739792912179234,0.08972378299776285,-3998.2
2025-03-12 21:00:00,1.2350315161188812,5.583496308781699,0.09283593575308213,-3959.6
2025-03-12 22:00:00,1.26383077760293,5.3981627015177525,0.09531055881051831,-3901.9
2025-03-12 23:00:00,1.3067436793205118,5.220355825078324,0.09210143625578393,-3872.3
2025-03-13 00:00:00,1.2497904226540122,4.867534450455582,0.0951141565167335,-3737.7
2025-03-13 01:00:00,1.209587373557218,4.890349128221754,0.10092576503822137,-3789.7
2025-03-13 02:00:00,1.176970512028876,4.948759890378168,0.09845453713768837,-3797.2
2025-03-13 03:00:00,1.1569767215023568,5.030437921392435,0.09860378716820595,-3784.2
2025-03-13 04:00:00,1.1412458451443737,5.117993812416755,0.09770668734522925,-3786.2
2025-03-13 05:00:00,1.2487059217989476,5.19295685089021,0.10176774266549149,-3784.2
2025-03-13 06:00:00,1.45343326346085,5.241747015059643,0.09447436823823185,-3700.2
2025-03-13 07:00:00,1.5148517722853745,5.236441962829949,0.09641667327303782,-3694.9
2025-03-13 08:00:00,1.288943862447912,5.081404364984463,0.09000377787096259,-3545.7
2025-03-13 09:00:00,0.41435084337669004,4.795790545596741,0.08257540036676314,-3462.1
2025-03-13 10:00:00,-0.1955683877050971,4.663439094112067,0.08293414882202477,-3466.6
2025-03-13 11:00:00,0.4943583583973261,4.718498871295094,0.08140133481819412,-3595.3
2025-03-13 12:00:00,-0.15182693680653347,4.844187086458591,0.07798807548047737,-3382.6
2025-03-13 13:00:00,-0.1459013285987698,5.056245805348308,0.07410903184766937,-3486.9
2025-03-13 14:00:00,-0.18131518011136372,5.3706380281276624,0.0697516102936726,-3517.4
2025-03-13 15:00:00,-0.14492439079164932,5.673323267171493,0.07151744003861538,-3490.5
2025-03-13 16:00:00,-0.12665730212916015,5.945420608606575,0.07201313298353629,-3468.0
2025-03-13 17:00:00,-0.12619121441261782,6.269096283706261,0.0690915278251989,-3604.1
2025-03-13 18:00:00,-0.08645299476880686,6.706862336602747,0.07426024344797533,-3745.8
2025-03-13 19:00:00,-0.1378491152722794,6.96979066990159,0.083072580522491,-3707.7
2025-03-13 20:00:00,-0.10790440181555772,7.3453648404168685,0.08831594739347093,-4100.3
2025-03-13 21:00:00,-0.14622873610839182,7.465082736399547,0.08340113090039925,-3810.3
2025-03-13 22:00:00,-0.14083444355584263,7.650168700845001,0.08940048696554648,-3975.3
2025-03-13 23:00:00,-0.11936033655925105,7.806289289267033,0.09223587219592844,-4459.7
2025-03-14 00:00:00,-0.16976185245568365,7.873217054862741,0.11662017886372311,-4583.3
2025-03-14 01:00:00,-0.2162194283898189,7.924072324923417,0.11430586565943823,-4409.2
2025-03-14 02:00:00,-0.25316269769942723,7.922261058353247,0.10961698024734101,-4310.0
2025-03-14 03:00:00,-0.3136263013730929,7.862112211662748,0.11506708762375428,-4177.6
2025-03-14 04:00:00,-0.35271541364745573,7.797291273547472,0.1205928260995428,-4051.2
2025-03-14 05:00:00,-0.37867962223496,7.762596048540069,0.12621790929304133,-3867.6
2025-03-14 06:00:00,-0.41494862460416293,7.734121303328305,0.1171225628274879,-3715.5
2025-03-14 07:00:00,-0.5045391492033069,7.708859601047175,0.10872503053309135,-3723.8
2025-03-14 08:00:00,-0.5440380297099958,7.784473235736469,0.10100917024647593,-3981.0
2025-03-14 09:00:00,-0.4353896833100719,7.762596048540069,0.09055261877114251,-4195.4
2025-03-14 10:00:00,-0.32536249307836007,7.649692623711514,0.08237338832397789,-4435.7
2025-03-14 11:00:00,-0.31143833701299606,7.650644551436897,0.0844515506206811,-4296.8
2025-03-14 12:00:00,-0.2636911769203101,7.704361167910313,0.08517602148693193,-4368.9
2025-03-14 13:00:00,-0.2927674888876872,7.7651449029361315,0.085175017382352,-4426.6
2025-03-14 14:00:00,-0.3576547565172681,7.77863014732581,0.08010065785403064,-4348.2
2025-03-14 15:00:00,-0.2988638049511452,7.779048644925556,0.07950575619691325,-4351.7
2025-03-14 16:00:00,-0.31873983761773195,7.682943169878292,0.07589197728036101,-3964.8
2025-03-14 17:00:00,-0.3711355446042779,7.6236419465115715,0.0768773909145608,-3649.2
2025-03-14 18:00:00,-0.3909994515266715,7.732369222284388,0.07456355352754329,-3268.1
2025-03-14 19:00:00,-0.5432118575169005,7.801800401908973,0.07869426873488017,-3019.9
2025-03-14 20:00:00,-0.5290627409176314,7.886457270977689,0.08036286137260706,-3207.6
2025-03-14 21:00:00,-0.46390657606369556,7.930565854233965,0.07119821319633868,-3404.8
2025-03-14 22:00:00,-0.31513119009107005,7.982416346827733,0.07657946699668194,-3714.5
2025-03-14 23:00:00,-0.3055921043064589,8.00736706798333,0.07731704825039021,-3848.6
2025-03-15 00:00:00,-0.1882877335717974,8.160803920954665,0.09078849439369474,-4032.4
2025-03-15 01:00:00,-0.18798328901433248,8.175547596021026,0.08916365355027267,-4027.8
2025-03-15 02:00:00,-0.17196814786339498,8.182000136293405,0.08338252662735002,-4027.0
2025-03-15 03:00:00,-0.16498495957079662,8.189244525735901,0.07739931231649688,-4069.5
2025-03-15 04:00:00,-0.1675817490468905,8.133000218583613,0.07080363389010369,-3949.9
2025-03-15 05:00:00,-0.1544482366209894,8.194229304819817,0.0653118873480052,-4051.2
2025-03-15 06:00:00,-0.1272854943728503,8.192570471152173,0.0574925794968566,-3987.1
2025-03-15 07:00:00,-0.18111428229462367,8.11312710422178,0.06810964257945962,-3655.0
2025-03-15 08:00:00,-0.2519523056831656,8.042056410058754,0.07054833951687556,-3472.0
2025-03-15 09:00:00,-0.22376495273054875,8.105911197986508,0.06924770398455404,-3584.8
2025-03-15 10:00:00,-0.1748270204621516,8.105609402299896,0.06653497986741996,-3638.7
2025-03-15 11:00:00,-0.14780880729199097,7.999342952713282,0.07181407792353589,-3417.9
2025-03-15 12:00:00,-0.07440994603026585,8.005700678662542,0.06842855846807439,-3418.3
2025-03-15 13:00:00,-0.025513556399083814,8.00836557031292,0.06275086859193468,-3484.9
2025-03-15 14:00:00,0.042694434276551174,8.0106915391303,0.06336012438775462,-3689.5
2025-03-15 15:00:00,-0.08558093883749063,8.17131687471973,0.06791087281227703,-4116.6
2025-03-15 16:00:00,-0.11042644383977862,8.165932137321585,0.06659880431971743,-4107.3
2025-03-15 17:00:00,-0.11637390752117716,8.249313746260636,0.05660577834999536,-4392.4
2025-03-15 18:00:00,-0.12455768010125245,8.306472160100585,0.05033663199407279,-4667.2
2025-03-15 19:00:00,-0.11228455205242716,8.266164436612492,0.04016437590283939,-4480.9
2025-03-15 20:00:00,-0.09671118695197434,8.173575486634153,0.03716056460018269,-4190.3
2025-03-15 21:00:00,-0.09220889435477186,8.193676665955241,0.03364234371963004,-4268.7
2025-03-15 22:00:00,-0.15070937430613895,8.156223323194624,0.03847025828592976,-3971.7
2025-03-15 23:00:00,-0.20146624469083285,8.06054004653864,0.04109968403106201,-3702.5
2025-03-16 00:00:00,-0.2946193890954887,7.820439515262181,0.045917655125016665,-2817.5
2025-03-16 01:00:00,-0.2629897314220435,7.793174347189205,0.04960316423086031,-2701.5
2025-03-16 02:00:00,-0.20782913865021646,7.836764783264067,0.04367295502793045,-2832.3
2025-03-16 03:00:00,-0.20498820061056833,7.845024417241484,0.06129004711117947,-2866.7
2025-03-16 04:00:00,-0.21629044893295468,7.866722285136729,0.06450714751052278,-2932.2
2025-03-16 05:00:00,-0.19146007036572676,7.90100705199242,0.06315007375659398,-3073.4
2025-03-16 06:00:00,-0.14738244035370363,7.99799931797973,0.0619797926261505,-3212.1
2025-03-16 07:00:00,-0.1361768792076683,8.102889134640868,0.07210019222335973,-3481.5
2025-03-16 08:00:00,-0.13710764117771745,8.122668023346407,0.06126983686531773,-3643.1
2025-03-16 09:00:00,-0.12727463875734202,8.119993827725105,0.06842711559372106,-3588.9
2025-03-16 10:00:00,-0.11978539290962642,8.137103389639302,0.06340714864220498,-3599.7
2025-03-16 11:00:00,-0.05735006934863618,8.239329427901795,0.06137729263293945,-4328.2
2025-03-16 12:00:00,-0.004472578844299857,8.325306029752582,0.0615651396154524,-4514.8
2025-03-16 13:00:00,0.016962205091247018,8.30943074214033,0.07514583293553123,-4462.1
2025-03-16 14:00:00,-0.00309649863890904,8.317033476492403,0.07673725909992335,-4519.0
2025-03-16 15:00:00,-0.06007853904418248,8.298041661371565,0.07939337104269129,-4308.4
2025-03-16 16:00:00,-0.11671429292769586,8.302761580704049,0.08389228934147841,-4832.3
2025-03-16 17:00:00,-0.1711325313644423,8.293299358711323,0.08351462791749231,-4554.9
2025-03-16 18:00:00,-0.21912473339505478,8.304989580140361,0.08128105930440643,-4360.5
2025-03-16 19:00:00,-0.20208094945033395,8.302761580704049,0.08103070823323044,-4376.6
2025-03-16 20:00:00,-0.1324111729191717,8.290041618704489,0.0799772166265198,-4793.5
2025-03-16 21:00:00,-0.12476067233191124,8.27664912542186,0.08129334129200938,-4667.0
2025-03-16 22:00:00,-0.1379182622935291,8.265907334155747,0.08863945521819794,-4361.2
2025-03-16 23:00:00,-0.15670999415802056,8.198089248956116,0.09598658629950574,-4157.3
2025-03-17 00:00:00,-0.17127640741075023,8.225770799348734,0.08982125938161722,-4429.9
2025-03-17 01:00:00,-0.19044329575767804,8.209580483475577,0.08989115845680828,-4339.7
2025-03-17 02:00:00,-0.19001126526740064,8.233768709217097,0.08003386094252551,-4441.8
2025-03-17 03:00:00,-0.22511557980918706,8.103796712981794,0.08222804067611911,-3911.8
2025-03-17 04:00:00,-0.23673637285506688,8.047189562170502,0.08229527766394895,-3790.7
2025-03-17 05:00:00,-0.3052667196666494,8.009695357742922,0.08316397342628434,-3563.0
2025-03-17 06:00:00,-0.3663904805636462,7.99260665240021,0.07042918777647333,-3467.8
2025-03-17 07:00:00,-0.4152185425420232,7.99699040583765,0.06026217997025629,-3630.2
2025-03-17 08:00:00,-0.4610352541117546,8.14757773620177,0.05405913563355469,-4575.6
2025-03-17 09:00:00,-0.3902533539438866,8.086410275323782,0.051848329694822226,-4827.5
2025-03-17 10:00:00,-0.31806303473161357,8.056743774975313,0.0447920606229566,-5295.0
2025-03-17 11:00:00,-0.3084161956696718,8.080856419640986,0.046321265126197275,-5570.7
2025-03-17 12:00:00,-0.29267457558413623,8.128585200374497,0.048170249150309985,-5710.2
2025-03-17 13:00:00,-0.3030143125226128,8.189244525735901,0.05220298156054959,-6009.9
2025-03-17 14:00:00,-0.3680643605365459,8.225770799348734,0.05156115874560818,-5848.5
2025-03-17 15:00:00,-0.3745002431456066,8.299037181613066,0.05016533582023186,-5498.4
2025-03-17 16:00:00,-0.36766114833035024,8.306965865368573,0.036998467464814055,-5061.6
2025-03-17 17:00:00,-0.4970218362740848,8.014666370464942,0.02813098814651216,-3617.0
2025-03-17 18:00:00,-0.4779636087350223,8.076515327552329,0.027977981785832995,-3300.3
2025-03-17 19:00:00,-0.43846947777693046,8.105005537547246,0.027883249520821884,-3443.7
2025-03-17 20:00:00,-0.32502133271203126,8.385716828627851,0.02963240625418173,-4684.2
2025-03-17 21:00:00,-0.24693634616729332,8.412054873292933,0.027703624366135493,-5160.3
2025-03-17 22:00:00,-0.21408182153275357,8.399760094524142,0.01920400059557359,-5270.3
2025-03-17 23:00:00,-0.16565985507173453,8.382747094863314,0.0192527179015638,-5357.6
2025-03-18 00:00:00,-0.22734340758008598,8.421122722665503,0.020017135444893697,-5719.3
2025-03-18 01:00:00,-0.19651590215940518,8.4096079807363,0.018383205341544695,-5810.2
2025-03-18 02:00:00,-0.20416521531771004,8.371473537066832,0.013535552231725312,-5435.2
2025-03-18 03:00:00,-0.21075274399986554,8.366370301681654,0.015355401246007538,-5221.6
2025-03-18 04:00:00,-0.23738552232067667,8.258681496264236,0.01587682683111069,-4694.9
2025-03-18 05:00:00,-0.3195715298030759,8.142063283104147,0.01582095979766862,-3992.2
2025-03-18 06:00:00,-0.47467455537094416,7.85979918056211,0.010238854328473934,-2852.9
2025-03-18 07:00:00,-0.5344098703821891,7.847371836159788,-0.005507641431805155,-2813.1
2025-03-18 08:00:00,-0.4649567924565785,8.075271546297458,-0.010427678919765704,-3573.4
2025-03-18 09:00:00,-0.44206727704160365,8.08886878916199,-0.0036260439888957663,-3795.1
2025-03-18 10:00:00,-0.3562977497982054,8.290794347381356,-0.006832264145465672,-4732.5
2025-03-18 11:00:00,-0.3472607793520459,8.283999304248526,-0.0027265735117838474,-4851.7
2025-03-18 12:00:00,-0.30955189958480656,8.235360643753348,-0.0025696262044867524,-4692.9
2025-03-18 13:00:00,-0.32616008481137904,8.168486417126681,-2.9199031124527153e-05,-4571.9
2025-03-18 14:00:00,-0.43082555667227185,8.158516244806831,-0.0010681278220436852,-4177.7
2025-03-18 15:00:00,-0.3972023752144591,8.159946655578548,-0.0012365701673457963,-4151.5
2025-03-18 16:00:00,-0.345037673686035,8.19533366716287,-0.0020022578684733006,-4187.1
2025-03-18 17:00:00,-0.3253543079026242,8.164510268747042,-0.011280612122928524,-3735.6
2025-03-18 18:00:00,-0.40997375572589023,8.121183242078828,-0.010081697858949745,-3193.1
2025-03-18 19:00:00,-0.3414753784684428,8.249575150000199,-0.009544746920283842,-4159.5
2025-03-18 20:00:00,-0.3426561104993895,8.262042843966942,-0.0016527153748402412,-4020.1
2025-03-18 21:00:00,-0.36424609653663653,8.163371316459912,-0.008224011608538362,-3690.3
2025-03-18 22:00:00,-0.36498469757537144,8.167919362957816,-0.005170206580738856,-3625.0
2025-03-18 23:00:00,-0.42945970250171195,8.030084094267563,-0.0060042012919900856,-3183.0
2025-03-19 00:00:00,-0.3984999778393883,7.913521017283895,-0.007818490098228104,-3405.7
2025-03-19 01:00:00,-0.35131703967564176,7.898039690764619,-0.010832504168840629,-3380.2
2025-03-19 02:00:00,-0.3274614038400028,7.951911381854188,-0.01382419636614074,-3512.9
2025-03-19 03:00:00,-0.25888536211203306,7.945909598613133,-0.00483790045254473,-3482.4
2025-03-19 04:00:00,-0.2725346197220837,7.872073979866873,0.0022885247450350477,-3176.0
2025-03-19 05:00:00,-0.22958104219974285,7.989560449333865,0.003492516468885043,-3425.3
2025-03-19 06:00:00,-0.27599296448040755,7.900266036767701,-0.004514886508369287,-3133.3
2025-03-19 07:00:00,-0.3703171720055827,7.818832443803404,-0.00046349218230012923,-3076.1
2025-03-19 08:00:00,-0.38036631243028163,7.839131648274333,-0.01596952131256657,-3698.3
2025-03-19 09:00:00,-0.3288846485107575,7.886457270977689,-0.01568781401678976,-4489.5
2025-03-19 10:00:00,-0.3386157041565272,7.934513463882263,-0.008846854565910611,-4118.7
2025-03-19 11:00:00,-0.28426004265420035,8.01862546504575,-0.004686319278642159,-4397.2
2025-03-19 12:00:00,-0.2551276634378272,8.070906088787819,-0.0006284373921108255,-4533.4
2025-03-19 13:00:00,-0.27174274254712705,8.075271546297458,0.0037474447550156498,-4584.1
2025-03-19 14:00:00,-0.3035191594550368,8.05579245097777,0.0014079599288674416,-4567.6
2025-03-19 15:00:00,-0.23444418977586867,8.0040315078527,-0.0029414842635446803,-5025.0
2025-03-19 16:00:00,-0.24307713634992645,7.887959336599945,-0.004869092390633156,-4909.4
2025-03-19 17:00:00,-0.20315785006572895,7.808729306744399,-0.005500270833262988,-4472.9
2025-03-19 18:00:00,-0.17671223087913335,7.725330037917135,0.004714825006902679,-4774.9
2025-03-19 19:00:00,-0.2649955391196208,7.628031126930335,0.007580469383904109,-3467.8
2025-03-19 20:00:00,-0.17794667676339992,7.610357618312838,0.02362830280507655,-4150.1
2025-03-19 21:00:00,-0.1690847387784422,7.61085279039525,0.023589851629467695,-4140.3
2025-03-19 22:00:00,-0.1604571826347554,7.602401335665818,0.008960120377665248,-4097.6
2025-03-19 23:00:00,-0.13143706738173888,7.603897968521881,0.012450072069416507,-4102.6
2025-03-20 00:00:00,-0.16534606309516375,7.568379267836522,0.00788453898150987,-4346.2
2025-03-20 01:00:00,-0.16382009350417537,7.5352967024440884,0.00869221490813299,-4317.1
2025-03-20 02:00:00,-0.1320745414540272,7.4798641311650265,0.011530653039317329,-4532.9
2025-03-20 03:00:00,-0.12303269588370647,7.428927194802272,0.01220469972318039,-4594.3
2025-03-20 04:00:00,-0.14730120384116496,7.373374309910049,0.012116774702977118,-4542.1
2025-03-20 05:00:00,-0.16741396574656742,7.360739903058278,0.01222676595255745,-4525.4
2025-03-20 06:00:00,-0.17138016496995334,7.247080584585756,0.01947804818855836,-4291.5
2025-03-20 07:00:00,-0.12038036996793933,7.1204443723924875,0.007574238803522704,-4299.8
2025-03-20 08:00:00,0.07540283889915056,6.921658184151129,-0.002195334402837368,-4456.1
2025-03-20 09:00:00,0.3278814043411069,6.690842277418564,-0.012904213528106112,-4465.8
2025-03-20 10:00:00,0.2902488818930915,6.499787040655854,-0.011599465949098331,-4428.5
2025-03-20 11:00:00,-0.12343426379336453,6.472346294500901,-0.01092952276831749,-4453.5
2025-03-20 12:00:00,-0.1373339295039666,6.53813982376767,-0.019284813491696084,-4389.7
2025-03-20 13:00:00,-0.12333291367091537,6.698268054115413,-0.02034101073438155,-4567.2
2025-03-20 14:00:00,-0.06810476102175311,6.8679744089702925,-0.015113311649113115,-4698.6
2025-03-20 15:00:00,0.09015428620742938,6.957497370876951,-0.024107254629129216,-4855.9
2025-03-20 16:00:00,0.04950116361518875,7.061334366910438,-0.030844252456171617,-4939.1
2025-03-20 17:00:00,-0.16966178311895908,7.195187320178709,-0.022523397258019884,-4133.4
2025-03-20 18:00:00,-0.16654915693921568,7.336936913707618,-0.010547595392857545,-4081.8
2025-03-20 19:00:00,-0.18544382203693788,7.45182223652793,-0.0030498216284220447,-3974.0
2025-03-20 20:00:00,-0.1342352100553068,7.51425465281641,0.007518319220345404,-4366.1
2025-03-20 21:00:00,-0.09035613431524814,7.5443321080536885,0.005584108543591704,-4613.5
2025-03-20 22:00:00,0.042652364358891415,7.4999765409521215,-0.003178694327546694,-5130.4
2025-03-20 23:00:00,0.08848527757519564,7.38770923908104,0.0005724307356835823,-5014.8
2025-03-21 00:00:00,0.11615022558924126,6.898714534329988,0.011988336532262167,-4381.7
2025-03-21 01:00:00,0.18374035712299053,6.551080335043404,0.013623290781082709,-4159.0
2025-03-21 02:00:00,0.27751329859419727,6.1779441140506,0.012404755171535164,-3929.3
2025-03-21 03:00:00,0.32456686744059215,5.840641657373398,0.02159657436813145,-3824.0
2025-03-21 04:00:00,0.4134131214178298,5.54907608489522,0.02204115237104709,-3789.1
2025-03-21 05:00:00,0.2825144893981877,5.313205979041787,0.0396498929845821,-3616.7
2025-03-21 06:00:00,0.3610211447234746,5.111987788356544,0.037774347854967694,-3490.4
2025-03-21 07:00:00,0.9239407288412114,5.0238805208462765,0.022891683424947296,-3515.7
2025-03-21 08:00:00,0.28193422714620553,5.017279836814924,0.007009070053091371,-3668.9
2025-03-21 09:00:00,0.48067400803637383,5.111987788356544,0.00025917189641599947,-3803.7
2025-03-21 10:00:00,0.5921553656686624,5.308267697401205,-0.015962512396884065,-3978.7
2025-03-21 11:00:00,-0.013089744101315137,5.707110264748875,-0.020568936374310454,-4243.2
2025-03-21 12:00:00,-0.033753447022225824,6.1779441140506,-0.02497971803175858,-4293.5
2025-03-21 13:00:00,-0.08512812410944282,6.498282149476434,-0.020486657741686898,-4398.9
2025-03-21 14:00:00,-0.0921789197369205,6.806829360392176,-0.020414300170272348,-4638.4
2025-03-21 15:00:00,0.0368244253578589,7.016609683894219,-0.023747277121348276,-4904.1
2025-03-21 16:00:00,-0.010217475347118032,7.259819610363186,-0.022239710542629076,-5175.9
2025-03-21 17:00:00,-0.139928125282045,7.534762657037537,-0.010492430430421251,-4691.7
2025-03-21 18:00:00,-0.15085333231700782,7.802209316247118,-0.003397987942168612,-4610.5
2025-03-21 19:00:00,-0.16742251755485293,7.9919305198524775,0.012964042882744664,-4112.2
2025-03-21 20:00:00,-0.10859360040118515,8.091933455979893,0.002136549950330746,-4598.8
2025-03-21 21:00:00,-0.11334247169757017,8.152198015861787,-0.00024361209091683378,-4411.4
2025-03-21 22:00:00,-0.08988056013117518,8.196987927258897,-0.0020078367421074717,-4705.6
2025-03-21 23:00:00,-0.12687415501580324,8.202208436436448,0.0009747711528760306,-4618.5
2025-03-22 00:00:00,-0.14452691780736737,8.183118079394745,0.014828424872335155,-4107.8
2025-03-22 01:00:00,-0.13158360055220797,8.075893630298857,0.018328508460713877,-3749.4
2025-03-22 02:00:00,-0.10903347630779825,8.11969625295725,0.016381687671638723,-3857.2
2025-03-22 03:00:00,-0.10033942361157022,8.125630988477065,0.020507032875989317,-3823.8
2025-03-22 04:00:00,-0.09563220639507852,8.134174272137903,0.018132709866987007,-3733.8
2025-03-22 05:00:00,-0.09936547753620895,8.071218539969863,0.01657179703752565,-3402.8
2025-03-22 06:00:00,-0.07916912276206345,8.031710375322042,0.024114636680439006,-3191.0
2025-03-22 07:00:00,-0.11088760435874345,8.022896869601457,0.020972787200530085,-3185.8
2025-03-22 08:00:00,-0.14984006306634035,8.064636475774222,0.014257483276993277,-3477.8
2025-03-22 09:00:00,-0.11249274208644389,7.980023592310645,0.010522417971770892,-3311.2
2025-03-22 10:00:00,-0.0689811856974929,7.949091499830517,0.006392634404678077,-3180.8
2025-03-22 11:00:00,-0.16958825255603083,7.560601162768557,-0.0038649864622275487,-2249.4
2025-03-22 12:00:00,-0.43910675233477114,7.534228326274089,-0.006555220531035744,-2305.0
2025-03-22 13:00:00,-0.34289852071640414,7.549609165154532,-0.010350560950386445,-2363.4
2025-03-22 14:00:00,0.0115617597628348,7.586803535162581,-0.011328714047523114,-2427.7
2025-03-22 15:00:00,-0.03265853738314828,7.976251943745623,-0.006995927768960186,-3385.1
2025-03-22 16:00:00,-0.025411831379044347,8.041412909393047,-0.004466606769206294,-3700.3
2025-03-22 17:00:00,-0.12483658143991105,8.01829613851552,0.005063014084638162,-3363.7
2025-03-22 18:00:00,-0.14277311999259323,8.079927770758275,0.007554442379351656,-3196.4
2025-03-22 19:00:00,-0.14036371114324542,8.119398589612294,0.0074691559842277044,-3289.5
2025-03-22 20:00:00,-0.15386960079192313,8.035926369891792,0.006721297493744061,-3015.3
2025-03-22 21:00:00,-0.13413754274367484,8.03365842788615,0.007457564724562715,-2995.2
2025-03-22 22:00:00,-0.15420894043240363,8.014666370464942,0.006689008417823494,-3001.9
2025-03-22 23:00:00,-0.14448599096639603,7.984121958702927,0.006045087746723965,-2962.2
2025-03-23 00:00:00,-0.1293278820013848,8.01862546504575,0.024853158530781627,-3317.6
2025-03-23 01:00:00,-0.12798813946775,7.99799931797973,0.0268689046392403,-3245.7
2025-03-23 02:00:00,-0.11595848397947295,7.951559331155252,0.015561849138028272,-3101.0
2025-03-23 03:00:00,-0.12089064390512005,7.902487437162855,0.020145003000003214,-2986.1
2025-03-23 04:00:00,-0.12608484138501108,7.81762544305337,0.02802577004410356,-2783.3
2025-03-23 05:00:00,-0.10630226202541948,7.746300662231439,0.02963314419443197,-2676.8
2025-03-23 06:00:00,-0.06720526081820166,7.700747794511798,0.030790141709388763,-3016.9
2025-03-23 07:00:00,-0.04980102813710907,7.720905251936779,0.027271969480887392,-3179.1
2025-03-23 08:00:00,-0.041797461373392686,7.519149957669823,0.023227211419467153,-3536.0
2025-03-23 09:00:00,0.002062355775238167,7.212294468500341,0.015928182777267708,-3554.8
2025-03-23 10:00:00,0.02767750781121281,6.890609120147166,0.013826939004067285,-3395.6
2025-03-23 11:00:00,0.054171205083771046,6.78332520060396,0.013310780692869173,-3442.8
2025-03-23 12:00:00,0.0903634339349284,6.858565034791365,0.012548363668791751,-3359.5
2025-03-23 13:00:00,0.10410728085773213,6.999422467507961,0.018371041379888986,-3456.5
2025-03-23 14:00:00,0.08414605786264051,7.133295954896068,0.001819242349456296,-3645.1
2025-03-23 15:00:00,0.04872432080461664,7.260522598089852,0.005361107712868574,-3935.1
2025-03-23 16:00:00,-0.05424044973770936,7.419979923661835,0.017364094896039184,-4023.6
2025-03-23 17:00:00,-0.10330357853459127,7.6362696033793735,0.02056505779564688,-4218.0
2025-03-23 18:00:00,-0.12087010103431384,7.77485576666552,0.0316156804832195,-4441.0
2025-03-23 19:00:00,-0.13628284232768317,7.829630389150193,0.034297513889819164,-4174.0
2025-03-23 20:00:00,-0.05204067943582569,7.820439515262181,0.02779956925281013,-4422.2
2025-03-23 21:00:00,-0.05143334034273517,7.7886260656250315,0.03127100567162344,-4317.7
2025-03-23 22:00:00,-0.07946256048263667,7.75491027202143,0.024917440108465527,-3879.5
2025-03-23 23:00:00,-0.09337556708525385,7.75190533307861,0.030999677747702847,-3678.6
2025-03-24 00:00:00,-0.15839818064675715,7.81923445385907,0.03640806037140987,-4062.1
2025-03-24 01:00:00,-0.17237524728885223,7.786551806428712,0.032936265529335707,-3961.5
2025-03-24 02:00:00,-0.1578067363168052,7.745002803515839,0.03012533691748054,-3962.1
2025-03-24 03:00:00,-0.1647287531571191,7.717351272185329,0.03610889753377222,-3914.4
2025-03-24 04:00:00,-0.1568185481039528,7.724004656676065,0.04196120703724748,-4125.6
2025-03-24 05:00:00,-0.2512424638736195,7.751475318021456,0.04197040980456901,-3622.5
2025-03-24 06:00:00,-0.23109253947511554,7.783640596221253,0.040923247573830146,-3549.8
2025-03-24 07:00:00,-0.3872984607112162,7.788211557847076,0.02335762303480582,-3111.6
2025-03-24 08:00:00,-0.4393793420663754,7.740229524763182,0.007007150676654028,-3222.4
2025-03-24 09:00:00,-0.38722419600477354,7.698029170272805,-0.004977514014533391,-3338.3
2025-03-24 10:00:00,-0.33780664495708823,7.793586803371584,-0.007719431919274378,-3668.5
2025-03-24 11:00:00,-0.3746457426963796,7.936660155225426,-0.004521477327622314,-3748.7
2025-03-24 12:00:00,-0.35566960297512296,8.0507033814703,-0.006175675391466129,-3663.0
2025-03-24 13:00:00,-0.39019287724773966,8.044626279767337,0.000280040480848065,-3474.3
2025-03-24 14:00:00,-0.47772523979300363,7.975908360165538,-0.0018163280450878005,-3151.5
2025-03-24 15:00:00,-0.4723194410452054,7.972121128921655,0.0020589323612005828,-3090.6
2025-03-24 16:00:00,-0.509692064471174,7.819636302367592,0.009270258491337557,-2593.3
2025-03-24 17:00:00,-0.5467973689479164,7.901377353792616,0.004826300830988117,-2575.1
2025-03-24 18:00:00,-0.7664094481222739,7.925518979786926,0.0068012498950462685,-2497.4
2025-03-24 19:00:00,-0.5851665235979562,7.954723334497908,0.00340333262528425,-2629.3
2025-03-24 20:00:00,-0.3999627540041497,8.16223106548118,0.005179054008689121,-3419.8
2025-03-24 21:00:00,-0.2858793201159009,8.367764677924308,-0.00040015426792905373,-4276.3
2025-03-24 22:00:00,-0.278722129020863,8.210396255104774,-0.010486453412610786,-3653.4
2025-03-24 23:00:00,-0.2909740098049465,8.107418811719974,-0.010401806805360181,-3432.3
2025-03-25 00:00:00,-0.3096826288445431,7.968665700466235,-0.014296075132460118,-3401.2
2025-03-25 01:00:00,-0.29635544340314723,7.92443418488756,-0.01852924952109536,-3285.7
2025-03-25 02:00:00,-0.28500063012748544,7.877017895622398,-0.0189919755077943,-3182.9
2025-03-25 03:00:00,-0.29248137461946655,7.827639546366422,-0.016088702768899843,-3045.9
2025-03-25 04:00:00,-0.3084729959535837,7.6953031349635665,-0.01777513933349617,-2779.7
2025-03-25 05:00:00,-0.2647463442991742,7.9211727215870145,-0.018665216273500818,-3213.5
2025-03-25 06:00:00,-0.1745882710649842,7.94873845481361,-0.028109039656515122,-4145.3
2025-03-25 07:00:00,-0.25764637781501065,7.8013913202914855,-0.02931829012552356,-4028.4
2025-03-25 08:00:00,-0.3050750993361824,7.575071699507561,-0.026103426374574745,-4133.2
2025-03-25 09:00:00,-0.2706897419269665,7.336285660021297,-0.027869655598887988,-4261.5
2025-03-25 10:00:00,-0.20811011685919345,7.101675971619444,-0.021991246989465196,-4266.7
2025-03-25 11:00:00,-0.1860865160478702,6.898714534329988,-0.01998491174106487,-4133.6
2025-03-25 12:00:00,-0.11842622664604807,6.919683849847411,-0.027406549351426612,-4185.5
2025-03-25 13:00:00,-0.14690444763925958,6.639875833826536,-0.0231430876309604,-4002.2
2025-03-25 14:00:00,-0.14099340813957184,6.767343125265392,-0.020238043929763805,-4247.3
2025-03-25 15:00:00,-0.17124107879209616,6.478509642208569,-0.021675237844619666,-3829.9
2025-03-25 16:00:00,-0.08953659603235042,6.666956792429207,-0.022651250835615144,-4197.0
2025-03-25 17:00:00,-0.01597230516036907,6.704414354964107,-0.02645397103544589,-4190.9
2025-03-25 18:00:00,-0.06509624953596127,6.796823718274855,-0.015673511124727924,-4290.9
2025-03-25 19:00:00,0.08934766522980331,6.8690144506657065,-0.010475412413236462,-4452.3
2025-03-25 20:00:00,-0.02261651170813339,6.8966943316227125,0.002103157584965487,-4475.9
2025-03-25 21:00:00,-0.06904276804238973,6.8885724595653635,0.0029006496744194976,-4481.8
2025-03-25 22:00:00,-0.056790755075477595,6.882437470997847,-0.005170206580738856,-4583.2
2025-03-25 23:00:00,-0.02881388082949643,6.883462586413092,0.00018776895593131115,-4652.1
2025-03-26 00:00:00,-0.10678819525434324,6.792344427470809,0.004900282309546533,-4030.2
2025-03-26 01:00:00,-0.0786415976805408,6.728628613084702,0.010558685812477542,-3842.0
2025-03-26 02:00:00,-0.04621317711129169,6.642486801367256,0.00383748830984576,-3894.7
2025-03-26 03:00:00,-0.06041713745289545,6.495265555937008,0.01687330448441493,-3357.5
2025-03-26 04:00:00,-0.05244583840283079,6.38856140554563,0.01736549346999894,-3570.4
2025-03-26 05:00:00,-0.07987032930306981,6.363028103540465,0.01902778255295612,-3640.7
2025-03-26 06:00:00,-0.0711233678214871,6.723832440821209,0.017968496158117908,-4498.2
2025-03-26 07:00:00,-0.14878004673964673,6.859614903654202,0.006753498997923657,-4588.8
2025-03-26 08:00:00,-0.1392586581376838,6.917705609835305,-0.004020849742762067,-4557.8
2025-03-26 09:00:00,-0.22304524974651052,6.875232087276577,-0.006836137307050016,-4290.7
2025-03-26 10:00:00,-0.2140005439547772,6.911747300251674,-0.015015320151093192,-4111.7
2025-03-26 11:00:00,-0.17839907465401383,7.042286171939743,-0.022052891776940697,-4154.5
2025-03-26 12:00:00,-0.14565516982099824,7.259116128097101,-0.0250556411910674,-3885.0
2025-03-26 13:00:00,-0.17585415191039377,7.40184157874383,-0.01792828072402486,-3874.7
2025-03-26 14:00:00,-0.22666015392942507,7.478169694159785,-0.017828144920802202,-3830.5
2025-03-26 15:00:00,-0.23370509144214946,7.528331766707247,-0.02891697066680532,-3685.4
2025-03-26 16:00:00,-0.2529691386089432,7.610357618312838,-0.028650848953121866,-3639.4
2025-03-26 17:00:00,-0.20098786729740636,7.813187267521416,-0.0235960027079285,-4237.7
2025-03-26 18:00:00,-0.2249711865367381,7.98139158158007,-0.014875353726431229,-4009.5
2025-03-26 19:00:00,-0.3475795442218299,7.899524472032198,-0.016180257105239626,-3238.4
2025-03-26 20:00:00,-0.34858916279180496,7.842671474979457,-0.013526217678658803,-3037.0
2025-03-26 21:00:00,-0.34474960152103096,7.845807502637805,-0.0043368549050546434,-3074.8
2025-03-26 22:00:00,-0.3157175352224515,7.884199933676039,-0.014605773383168597,-3259.1
2025-03-26 23:00:00,-0.2182477821854838,7.9865049385539955,-0.016447707597019523,-3974.7
2025-03-27 00:00:00,-0.2578249222669271,8.017307507688582,-0.018656297022793922,-4388.5
2025-03-27 01:00:00,-0.2574245004884892,7.984803389734406,-0.020233208234859745,-4257.8
2025-03-27 02:00:00,-0.30258562517476406,7.805474625270857,-0.02536206334104829,-3689.5
2025-03-27 03:00:00,-0.30660243257759356,7.824445930877619,-0.021407426821143716,-3731.8
2025-03-27 04:00:00,-0.31149288622281324,7.8838232148921525,-0.020965790689456476,-3872.9
2025-03-27 05:00:00,-0.33385148956647637,8.065893546964274,-0.03574161340352777,-4369.9
2025-03-27 06:00:00,-0.32412718425254283,8.039802343736485,-0.04131939962133657,-4792.6
2025-03-27 07:00:00,-0.3765068875147217,7.971085753505607,-0.041642407678970095,-4672.6
2025-03-27 08:00:00,-0.41212793135468484,7.875119281040293,-0.035076277550279755,-5011.4
2025-03-27 09:00:00,-0.3608824957722043,7.7057128238944275,-0.021797321518512547,-4733.3
2025-03-27 10:00:00,-0.3669931703181839,7.477604243197589,-0.01921855042553844,-3780.9
2025-03-27 11:00:00,-0.3572351095815627,7.328437352895162,-0.0176895678260367,-3452.4
2025-03-27 12:00:00,-0.2790271011008212,7.292337176173877,-0.026679473758488115,-3157.4
2025-03-27 13:00:00,-0.25225472866713927,7.370230641807081,-0.026832918677906825,-3469.0
2025-03-27 14:00:00,-0.33955810698114597,7.360103972989152,-0.021566548241114702,-3096.7
2025-03-27 15:00:00,-0.2807802075077275,7.3864708488298945,-0.02559130140162491,-3173.9
2025-03-27 16:00:00,-0.25323847647315434,7.415776975415394,-0.0328069616240203,-3332.0
2025-03-27 17:00:00,-0.17755340067439906,7.578145472419466,-0.03597866993248999,-4585.2
2025-03-27 18:00:00,-0.22632719488786357,7.531552381407289,-0.04352279220840849,-3604.3
2025-03-27 19:00:00,-0.23278342587465994,7.531552381407289,-0.03651983245686008,-3458.2
2025-03-27 20:00:00,-0.23284257289009958,7.487173694213739,-0.03644480420077123,-3346.1
2025-03-27 21:00:00,-0.18116518123878178,7.426549072397305,-0.02523271010239636,-3417.3
2025-03-27 22:00:00,-0.15529788871407657,7.40184157874383,-0.030036148497429416,-3380.3
2025-03-27 23:00:00,-0.1442363176290944,7.408530566894626,-0.029653945413108396,-3332.4
2025-03-28 00:00:00,-0.19999847185407615,7.468513271496337,-0.045292506299024815,-3150.2
2025-03-28 01:00:00,-0.2138692510448652,7.619233416226805,-0.04356596964337989,-3362.5
2025-03-28 02:00:00,-0.2414619388292798,7.734121303328305,-0.04802355083757526,-3621.7
2025-03-28 03:00:00,-0.24127555510506715,7.81762544305337,-0.05151496493246466,-3804.3
2025-03-28 04:00:00,-0.29911572242450113,7.802618063442671,-0.058129114458220776,-3742.9
2025-03-28 05:00:00,-0.32924325448892144,7.886457270977689,-0.06581808600148698,-4009.3
2025-03-28 06:00:00,-0.29183549180892765,8.056743774975313,-0.07130345746038991,-4391.2
2025-03-28 07:00:00,-0.3405625752247574,8.211754397375197,-0.07052184142093587,-4971.3
2025-03-28 08:00:00,-0.4161711859569657,8.263074835802596,-0.06869263836285722,-5214.9
2025-03-28 09:00:00,-0.443366933590716,8.256607344626158,-0.06220199772732027,-5096.7
2025-03-28 10:00:00,-0.43076313634197794,8.222285073872717,-0.05480234571314835,-4991.6
2025-03-28 11:00:00,-0.32269126895993017,8.303752415563412,-0.04914230881836623,-5399.8
2025-03-28 12:00:00,-0.30035675048412314,8.323365694436081,-0.04398979525673141,-5432.2
2025-03-28 13:00:00,-0.3116880375436204,8.32263709695394,-0.04900182804970843,-5412.2
2025-03-28 14:00:00,-0.35805596013348184,8.25608813381491,-0.052130513549738744,-5014.2
2025-03-28 15:00:00,-0.38730110546770824,8.12296471523406,-0.05376733860879046,-4458.4
2025-03-28 16:00:00,-0.3592610350233709,8.109826276018477,-0.0568730339041732,-4365.5
2025-03-28 17:00:00,-0.23711977318607547,8.289288323000317,-0.05897193540243961,-5013.5
2025-03-28 18:00:00,-0.22367202145571463,8.32020459757888,-0.07786447298826893,-4997.6
2025-03-28 19:00:00,-0.17498113252877934,8.304494897963567,-0.06995234157710861,-4914.9
2025-03-28 20:00:00,-0.14963279398523532,8.283999304248526,-0.0686806684618988,-4771.7
2025-03-28 21:00:00,-0.12383411640999098,8.268731832117737,-0.06650661465339436,-4759.8
2025-03-28 22:00:00,-0.11821546563920515,8.262300941787448,-0.07184053812159163,-4768.6
2025-03-28 23:00:00,-0.11293248327261285,8.267705664762426,-0.07265154409179875,-4842.3
2025-03-29 00:00:00,-0.0783390972480249,8.0702808933939,-0.09773783928714241,-4567.6
2025-03-29 01:00:00,-0.08240948552376848,8.0959035329611,-0.10191766461248708,-4541.1
2025-03-29 02:00:00,-0.0919254401898586,8.12355783506165,-0.10173455914373708,-4537.1
2025-03-29 03:00:00,-0.08323138749363057,8.144098463338524,-0.09920708378668142,-4560.7
2025-03-29 04:00:00,-0.07852417027713887,8.154500175151941,-0.0999154722843878,-4546.3
2025-03-29 05:00:00,-0.07015756009963026,8.15708378502887,-0.09924157085581076,-4508.4
2025-03-29 06:00:00,-0.013176389895257046,8.149601735736155,-0.10493989093202849,-4809.9
2025-03-29 07:00:00,-0.025830457870196444,8.111928063310739,-0.09398618557923477,-4700.0
2025-03-29 08:00:00,-0.05427465565229461,8.06777619577889,-0.09188659989168091,-4751.0
2025-03-29 09:00:00,-0.015959672513492063,7.96311205897929,-0.0901448272543055,-4619.8
2025-03-29 10:00:00,0.011824659423602224,7.864419904994565,-0.08528684927869801,-4221.3
2025-03-29 11:00:00,0.038022442086458774,7.803843303538772,-0.08120345730655387,-4107.4
2025-03-29 12:00:00,0.09477574914916609,7.791522819150732,-0.07669160272006614,-4061.3
2025-03-29 13:00:00,0.12043479759575426,7.83399634170946,-0.08279311511570775,-4170.8
2025-03-29 14:00:00,0.2096459951455638,7.86172707782398,-0.08970072844644505,-4331.9
2025-03-29 15:00:00,0.06797233371947575,7.8407064517494,-0.09260372782753912,-4757.4
2025-03-29 16:00:00,0.04731427015254708,7.741533589281828,-0.08265246407655713,-4699.6
2025-03-29 17:00:00,0.03731805670170729,7.6838639802564295,-0.08303768763144692,-4696.9
2025-03-29 18:00:00,0.04002490279410731,7.772752716468742,-0.06913465904801885,-4807.7
2025-03-29 19:00:00,0.045870938894343904,7.753623546559746,-0.06393550296654205,-4770.6
2025-03-29 20:00:00,0.08199545610769476,7.736307096548285,-0.07045910967543101,-4825.6
2025-03-29 21:00:00,0.10241057429179046,7.665284718471351,-0.07714484232404395,-4750.1
2025-03-29 22:00:00,0.10016827737904821,7.615298339825815,-0.0645385008705448,-4708.6
2025-03-29 23:00:00,0.11744546674255352,7.488852955733459,-0.0599854937763622,-4631.7
2025-03-30 00:00:00,0.13093801270114414,7.205635176410364,-0.12099432016105993,-5366.4
2025-03-30 01:00:00,0.15959108935767397,6.992096427415888,-0.12407835547048052,-5201.8
2025-03-30 03:00:00,0.09680600114695759,6.738152494595957,-0.12010170952280852,-4649.2
2025-03-30 04:00:00,0.06014980865257824,6.4457198193855785,-0.11311716792951287,-3808.8
2025-03-30 05:00:00,0.07192930951700971,6.2766434893416445,-0.12364394424329461,-3849.3
2025-03-30 06:00:00,0.09446619390175792,6.09807428216624,-0.12242416860914673,-3442.2
2025-03-30 07:00:00,0.07939893053455238,5.8522024797744745,-0.10662336389809823,-3641.8
2025-03-30 08:00:00,0.06207772166824155,5.634789603169249,-0.09928638346460872,-3822.4
2025-03-30 09:00:00,0.1041847976208854,5.247024072160486,-0.09813999559987518,-4178.5
2025-03-30 10:00:00,0.14267586947248567,4.672828834461906,-0.10441003784230407,-4164.2
2025-03-30 11:00:00,0.15351942606606173,4.3694478524670215,-0.09853132023843791,-3990.6
2025-03-30 12:00:00,0.15465110274338834,4.07753744390572,-0.10101302983376304,-3343.6
2025-03-30 13:00:00,0.1970751473943917,4.060443010546419,-0.10167158186646308,-3525.7
2025-03-30 14:00:00,0.15292096153530954,4.127134385045092,-0.1076917800335968,-3450.4
2025-03-30 15:00:00,0.11341835775512665,4.2626798770413155,-0.11381399339651477,-3550.2
2025-03-30 16:00:00,0.133234830934283,4.564348191467836,-0.1143624385589721,-4229.7
2025-03-30 17:00:00,0.24474732854716752,5.187385805840755,-0.12032111179179239,-4369.1
2025-03-30 18:00:00,0.48327539240216844,5.673323267171493,-0.12473764340638116,-4561.9
2025-03-30 19:00:00,0.3712794098556844,6.0844994130751715,-0.1081180400087911,-4811.1
2025-03-30 20:00:00,0.4107417302981231,6.453624998892692,-0.09844817250600002,-5003.5
2025-03-30 21:00:00,0.4390267711235438,6.740519359606223,-0.0934362893974372,-5247.4
2025-03-30 22:00:00,0.3021873982893424,6.97914527506881,-0.09104655788152272,-5489.5
2025-03-30 23:00:00,0.23786571415087598,7.220373836723949,-0.09676380197793222,-5741.7
2025-03-31 00:00:00,0.1535129918131357,7.141245122350491,-0.09093136200519147,-5746.2
2025-03-31 01:00:00,0.12653202528358998,7.368970402194793,-0.08996187079381812,-6066.0
2025-03-31 02:00:00,0.10874880881478388,7.5256399750415355,-0.09604788954136279,-6343.6
2025-03-31 03:00:00,0.10742237726378523,7.6544432264701125,-0.09092321076542653,-6488.8
2025-03-31 04:00:00,0.08994785739998346,7.771067086065406,-0.09215107436341174,-6656.2
2025-03-31 05:00:00,0.03033049866918658,7.8547691834991324,-0.09737597100649786,-6779.5
2025-03-31 06:00:00,-0.16307356026276443,7.80954132465341,-0.10067795325872186,-5641.1
2025-03-31 07:00:00,-0.24438385415088337,7.822044008185619,-0.0948124844282292,-5741.2
2025-03-31 08:00:00,-0.311362360787935,7.68662133494462,-0.08686327363735646,-5677.9
2025-03-31 09:00:00,-0.05129220791101741,7.45876269238096,-0.086978860484626,-5503.8
2025-03-31 10:00:00,0.07540366114460095,7.238496840894365,-0.08013386254580723,-5221.5
2025-03-31 11:00:00,-0.034587789917725154,7.009408932708637,-0.08290600624860378,-4995.5
2025-03-31 12:00:00,-0.011449494480705535,6.795705775173514,-0.09577278845529236,-4800.3
2025-03-31 13:00:00,0.0007206402201140882,6.650279048587422,-0.10809967091448058,-4757.5
2025-03-31 14:00:00,-0.07030945529646981,6.56244409369372,-0.1103626775484221,-4715.3
2025-03-31 15:00:00,0.0018314486085313497,6.450470422144176,-0.11775966647185587,-4663.7
2025-03-31 16:00:00,0.0012252141227993008,6.371611847231857,-0.11958604380419136,-4662.1
2025-03-31 17:00:00,0.26813701694933734,6.295266001439646,-0.12166304090792313,-4639.6
2025-03-31 18:00:00,0.07502072454476405,6.331501849893691,-0.12491030601249076,-4533.3
2025-03-31 19:00:00,0.19327500056273905,6.539585955617669,-0.10763335076154323,-4665.3
2025-03-31 20:00:00,0.1901270643559636,6.7357800142423265,-0.088777535073433,-4776.5
2025-03-31 21:00:00,0.1398366289287183,6.85751406254539,-0.07770908199653803,-4920.8
2025-03-31 22:00:00,-0.03654267461901384,6.974478911025045,-0.07532637606951731,-5121.7
2025-03-31 23:00:00,-0.05769796940086458,7.135687347028144,-0.07913524126919302,-4993.3
2025-04-01 00:00:00,-0.044913525413852184,7.410347097821024,0.052274531027578064,-5614.1
2025-04-01 01:00:00,-0.02508711462064106,7.597396320212795,0.044199088778656304,-5877.2
2025-04-01 02:00:00,-0.05276513001100014,7.769378609513984,0.04503159768139042,-5688.6
2025-04-01 03:00:00,-0.07725360718026142,7.874739125171811,0.045517210653798656,-5652.5
2025-04-01 04:00:00,-0.11835896240106036,7.857093864902493,0.05488884691512386,-5533.8
2025-04-01 05:00:00,-0.1870995093335761,7.886081401775745,0.06922987992901675,-5493.3
2025-04-01 06:00:00,-0.23322811451210956,7.918992488165245,0.06977218430171028,-5621.6
2025-04-01 07:00:00,-0.36627361123746693,7.9714309977693505,0.07483145120851464,-6436.8
2025-04-01 08:00:00,-0.4479355047182527,7.908019444632471,0.07028233237467063,-6005.4
2025-04-01 09:00:00,-0.402029970252785,7.8160138391590275,0.06307137382016581,-5716.9
2025-04-01 10:00:00,-0.25667687663266836,7.653020413804189,0.05255065540687731,-5698.2
2025-04-01 11:00:00,-0.14318278669384243,7.564757012905729,0.04478173734903379,-5659.1
2025-04-01 12:00:00,-0.12198636826303888,7.57095858316901,0.036898359231098965,-5489.0
2025-04-01 13:00:00,-0.05961818983617251,7.584773077612199,0.0269796259524977,-5156.9
2025-04-01 14:00:00,-0.06530360100698696,7.6577552711348655,0.022074911194303937,-5683.6
2025-04-01 15:00:00,-0.12429493158919591,7.615298339825815,0.01570643363035007,-5065.4
2025-04-01 16:00:00,-0.17609541082769287,7.811163385025279,0.02246345589978649,-5833.2
2025-04-01 17:00:00,-0.25637814691728966,7.880804344674901,0.020655914410260934,-5480.8
2025-04-01 18:00:00,-0.32501081756481254,7.987524479848767,0.022487650496309186,-5103.3
2025-04-01 19:00:00,-0.4378719125137298,8.067149039910106,0.026482562981680502,-4920.7
2025-04-01 20:00:00,-0.44050837582750235,8.135639903354386,0.02417911811388329,-4618.8
2025-04-01 21:00:00,-0.4396851815251108,8.038834757787749,0.015982010914276756,-4282.3
2025-04-01 22:00:00,-0.38809708728202263,8.063377822367027,0.020438108698559,-4309.6
2025-04-01 23:00:00,-0.32662196344591043,8.081475040137052,0.027519001843679725,-4467.8
2025-04-02 00:00:00,-0.36412047249903123,7.731053144007127,-0.0013455438999869784,-3735.0
2025-04-02 01:00:00,-0.30496441384888273,7.714677473800927,0.0035979864282484897,-3764.5
2025-04-02 02:00:00,-0.2991804380168124,7.680637427560936,0.009285284062652721,-3679.3
2025-04-02 03:00:00,-0.2819651028360055,7.671360923190644,0.011971946547087775,-3685.3
2025-04-02 04:00:00,-0.3059948934671701,7.651595573857601,0.02033304347469045,-3676.7
2025-04-02 05:00:00,-0.3347063714855576,7.782807262839695,0.028013558060587584,-3943.4
2025-04-02 06:00:00,-0.39435229533184124,7.7664168980196555,0.04350633108527102,-3807.5
2025-04-02 07:00:00,-0.5686166265364578,7.803026643632217,0.03882025676005085,-3890.3
2025-04-02 08:00:00,-0.563595520496476,7.827639546366422,0.0315514242240198,-4100.8
2025-04-02 09:00:00,-0.4736452062708678,7.75190533307861,0.023717171588670816,-4223.7
2025-04-02 10:00:00,-0.38005091935367874,7.607381425639791,0.019337340662447744,-3992.7
2025-04-02 11:00:00,-0.2600914109752601,7.453561871643373,0.018930501829652613,-3481.8
2025-04-02 12:00:00,-0.23632304659775238,7.470224135899966,0.01632081858937262,-3407.9
2025-04-02 13:00:00,-0.18157805104534708,7.3537223303996315,0.01224100618360957,-3364.6
2025-04-02 14:00:00,-0.1869250391409354,7.482681828154651,0.005090724182604589,-3560.6
2025-04-02 15:00:00,-0.23289335721808424,7.438383530044307,-0.004126651713896479,-3515.0
2025-04-02 16:00:00,-0.2341823167079986,7.4489161025442,-0.007577891656382008,-4173.5
2025-04-02 17:00:00,-0.31250712500114464,7.423568444259167,-0.004265055773507775,-3886.5
2025-04-02 18:00:00,-0.3124605788013741,7.418780882750794,0.0012455582669810283,-4248.0
2025-04-02 19:00:00,-0.37770710117841766,7.454141078146678,-0.009040866073172893,-4066.5
2025-04-02 20:00:00,-0.3398832155893956,7.487173694213739,-0.00384062670365104,-4171.7
2025-04-02 21:00:00,-0.2863423083036851,7.510430556378006,-0.006553951852971807,-4258.9
2025-04-02 22:00:00,-0.2467824882956413,7.529943370601589,-0.008440249699840585,-4166.6
2025-04-02 23:00:00,-0.210238078461233,7.5745584842024805,-0.011386088855432241,-3895.0
2025-04-03 00:00:00,-0.22891206318904178,7.64826303090192,-0.02676670511620216,-3806.8
2025-04-03 01:00:00,-0.24598206181805216,7.6255950721324535,-0.017753557159539746,-3713.7
2025-04-03 02:00:00,-0.26750884696388066,7.579678823090456,-0.005466485408087252,-3683.7
2025-04-03 03:00:00,-0.282901816506159,7.640603826393634,-0.0011564608034335677,-3655.3
2025-04-03 04:00:00,-0.33141191377913914,7.71289096149013,0.006857523909061136,-3729.7
2025-04-03 05:00:00,-0.4111515589292498,7.802618063442671,0.012580055070772644,-3781.1
2025-04-03 06:00:00,-0.5007665266541728,7.874358824729881,0.023690387079684072,-3921.7
2025-04-03 07:00:00,-0.6554461874035593,7.9208096792886,0.02201652678667454,-3950.9
2025-04-03 08:00:00,-0.756937716816616,7.8804263442924,0.01372056920171616,-3683.8
2025-04-03 09:00:00,-0.6411582188807654,7.9420068084898565,0.004006504592310556,-4004.7
2025-04-03 10:00:00,-0.6178138041133758,7.791522819150732,-0.003009852587635642,-3520.6
2025-04-03 11:00:00,-0.46667654935235303,7.906178840394815,-0.007686486901680389,-3923.3
2025-04-03 12:00:00,-0.45196716365230927,7.81923445385907,-0.005234104031585751,-3763.6
2025-04-03 13:00:00,-0.505570178393326,7.793999089503996,-0.004130270969607608,-3665.5
2025-04-03 14:00:00,-0.4072450633215978,7.781138509845015,-0.004874701806528492,-3600.6
2025-04-03 15:00:00,-0.36940701764767425,7.913521017283895,-0.007190614665527839,-3796.5
2025-04-03 16:00:00,-0.681491509718132,7.820439515262181,-0.006636287255611606,-3601.5
2025-04-03 17:00:00,-0.5420204430553599,7.998671361015776,-0.008780137734210491,-3953.3
2025-04-03 18:00:00,-0.5312066631372425,8.123854263105914,-0.006907751678325802,-4041.1
2025-04-03 19:00:00,-0.5841458634728696,8.130647968160584,0.0030587159239328088,-4158.5
2025-04-03 20:00:00,-0.5529423166091867,8.128585200374497,0.0033865211219135105,-4146.0
2025-04-03 21:00:00,-0.4702158039481894,8.137103389639302,0.010463136303878073,-4256.5
2025-04-03 22:00:00,-0.4464607258795463,8.076515327552329,0.01497504206762379,-4115.3
2025-04-03 23:00:00,-0.7387015215125321,7.954723334497908,0.017428243802141807,-3666.8
2025-04-04 00:00:00,-0.564082889321512,7.864419904994565,-0.0027814262877789986,-3644.3
2025-04-04 01:00:00,-0.7069904276937025,7.847371836159788,0.0036287742598508643,-3620.4
2025-04-04 02:00:00,-0.6957662638368687,7.8528278122817445,0.011157270262297736,-3633.4
2025-04-04 03:00:00,-0.5941550482595206,7.881182202227102,0.013877626636042528,-3707.6
2025-04-04 04:00:00,-0.4741841125033157,7.894690850425624,0.01256800472207864,-3730.3
2025-04-04 05:00:00,-0.4541504504613254,7.993957547573565,0.030647166766218703,-3978.3
2025-04-04 06:00:00,-0.4738886761318013,8.083637203141548,0.03308689273490728,-4226.5
2025-04-04 07:00:00,-0.6611126778783563,8.116715624819111,0.04217332112489025,-4415.7
2025-04-04 08:00:00,-0.7164639553896639,8.17948018535889,0.03723149755921984,-4508.1
2025-04-04 09:00:00,-0.6463612993712533,8.196987927258897,0.032094447028841344,-4670.8
2025-04-04 10:00:00,-0.5472736537701985,8.170468578330674,0.03977655354915122,-4531.8
2025-04-04 11:00:00,-0.5122071924142215,7.935945103353701,0.03230724533936247,-3917.5
2025-04-04 12:00:00,-0.33150406944213096,8.150467911624004,0.03785807598736746,-4555.3
2025-04-04 13:00:00,-0.2541694961614125,8.140898460607852,0.03480543206555797,-4543.4
2025-04-04 14:00:00,-0.25952984414647196,8.14060704285845,0.04244424460888574,-4567.3
2025-04-04 15:00:00,-0.2651681383605111,8.153349757998892,0.042944972491330446,-4660.3
2025-04-04 16:00:00,-0.3945102476711151,8.09559870137819,0.04877632714614144,-4352.3
2025-04-04 17:00:00,-0.30439407415670283,8.386172928977834,0.03871566048946118,-5978.9
2025-04-04 18:00:00,-0.3161157923602964,8.328934041955529,0.04425312045402752,-6212.8
2025-04-04 19:00:00,-0.2895823024894266,8.264878262801748,0.041530511991486385,-6365.1
2025-04-04 20:00:00,-0.22950090571052373,8.232706009860976,0.04021881182515408,-6253.2
2025-04-04 21:00:00,-0.1632703286237902,8.193400231952097,0.033252982588937385,-6159.0
2025-04-04 22:00:00,-0.1185305394919447,8.16961956172385,0.037333495422298135,-6113.2
2025-04-04 23:00:00,-0.06395872746614373,8.152198015861787,0.025902691759042362,-6133.4
2025-04-05 00:00:00,0.1015696421011647,8.209852481301272,0.03874099177992818,-7240.7
2025-04-05 01:00:00,0.11190262726890454,8.078998258685154,0.04535495621951213,-6839.0
2025-04-05 02:00:00,0.09205529179148009,8.007700012884026,0.05055820328982463,-6557.9
2025-04-05 03:00:00,0.08651073779339402,7.945909598613133,0.06095299152038525,-6259.2
2025-04-05 04:00:00,0.14052153761133868,7.869783902530146,0.07332833719482235,-6440.2
2025-04-05 05:00:00,0.1580851798729137,7.839131648274333,0.08793562844077929,-6402.4
2025-04-05 06:00:00,0.21878250926725729,7.727094484779841,0.0967664550198597,-6071.4
2025-04-05 07:00:00,0.1011903913716723,7.572502985020384,0.10699645566772453,-5697.1
2025-04-05 08:00:00,0.013858471794860883,7.436617265234227,0.09604599922802404,-5470.2
2025-04-05 09:00:00,-0.014572481823521333,7.3864708488298945,0.07702930543829911,-5287.6
2025-04-05 10:00:00,-0.005930879676613099,7.3777589082278725,0.07442825639898132,-4857.4
2025-04-05 11:00:00,0.0597430386539628,7.328437352895162,0.0797628416113012,-3565.7
2025-04-05 12:00:00,0.05046950678546347,7.16703787691222,0.07752809237267755,-2421.9
2025-04-05 13:00:00,0.07434073441531419,6.948897222313312,0.07453953630371224,-2116.4
2025-04-05 14:00:00,0.145623573117327,6.873163834212518,0.06816978557361342,-2062.3
2025-04-05 15:00:00,-0.0768134198197914,7.105786129481271,0.07393603222470979,-2315.6
2025-04-05 16:00:00,-0.0030720451471357713,7.473069088032197,0.07451161685094654,-3640.6
2025-04-05 17:00:00,-0.009564347916299454,7.620705086838262,0.06321464375993013,-5397.3
2025-04-05 18:00:00,0.13824471231992197,7.60489448081162,0.07076899876992027,-5817.0
2025-04-05 19:00:00,0.1532142660057798,7.5595594960077,0.06856922146759725,-5684.1
2025-04-05 20:00:00,0.1996208752099502,7.62608275807238,0.057618284417045196,-5782.0
2025-04-05 21:00:00,0.2545107075148243,7.741099090035366,0.05025860292096773,-6048.3
2025-04-05 22:00:00,0.2657792312106575,7.850103545175582,0.041873852378826903,-6385.1
2025-04-05 23:00:00,0.15689642222723776,7.943072717277933,0.031486891843389486,-6537.4
2025-04-06 00:00:00,0.19399901793559904,8.087332926473351,0.04780023155110413,-6717.4
2025-04-06 01:00:00,0.1686690894349714,8.09162741160107,0.05749609614961937,-6607.4
2025-04-06 02:00:00,0.1266207252104663,8.166216268592143,0.06172252271067169,-6776.2
2025-04-06 03:00:00,0.14635586890656604,8.22817689595132,0.06262899301413416,-7096.4
2025-04-06 04:00:00,0.05681812064003067,8.251663923605589,0.05982852838400721,-6808.3
2025-04-06 05:00:00,0.050556036906174384,8.278428259199071,0.05605218122369138,-7266.0
2025-04-06 06:00:00,-0.020425128237746115,8.229777750081887,0.06489955326717922,-6537.2
2025-04-06 07:00:00,-0.09055591725910839,8.27052509505507,0.07262414384198657,-6944.4
2025-04-06 08:00:00,-0.04140650472385188,8.315321775377567,0.05867212079169626,-7633.0
2025-04-06 09:00:00,-0.10498736809967024,8.153925132007862,0.05747889363761782,-6175.8
2025-04-06 10:00:00,-0.12169589667359704,8.108021221376747,0.0532744106823424,-4800.2
2025-04-06 11:00:00,-0.1112994158329852,7.941295570906532,0.05807848830533491,-4272.8
2025-04-06 12:00:00,-0.05906484964139347,7.937017489515454,0.053083558032430034,-4149.1
2025-04-06 13:00:00,-0.017328511294665727,7.688455356549944,0.05431036165274694,-3580.8
2025-04-06 14:00:00,-0.18417445269239696,7.669495251007694,0.0558079913124212,-3454.0
2025-04-06 15:00:00,-0.0813372162745063,7.771488760117616,0.06529524089205285,-3717.6
2025-04-06 16:00:00,-0.06637529605015802,8.103796712981794,0.056995655608817586,-5487.3
2025-04-06 17:00:00,-0.037648461330253014,8.21878715560148,0.0507638496195284,-7344.0
2025-04-06 18:00:00,-0.13275109457395695,8.191463051326927,0.06024629000313819,-7036.9
2025-04-06 19:00:00,-0.18374725177250717,8.182838710766026,0.05584055582593095,-6886.1
2025-04-06 20:00:00,-0.13250079017201788,8.188966863648876,0.04044182541268704,-6820.0
2025-04-06 21:00:00,-0.07850440911612822,8.185350223178686,0.03393068708169977,-6884.0
2025-04-06 22:00:00,-0.023037294971353983,8.167919362957816,0.02770215719578939,-7016.4
2025-04-06 23:00:00,0.015734240788867204,8.137688184977605,0.019465549670684368,-6972.2
2025-04-07 00:00:00,0.03381917685480618,8.024862150286411,0.02692017217643894,-6680.9
2025-04-07 01:00:00,0.08020668784643403,7.949444420250626,0.023204902027542218,-6466.6
2025-04-07 02:00:00,0.0703163522465875,7.9215356321335495,0.02391191244341684,-6420.5
2025-04-07 03:00:00,0.06751732251034115,7.824445930877619,0.025405856985718955,-6121.6
2025-04-07 04:00:00,0.08478079226282498,7.721348612617949,0.02899126904111604,-5763.1
2025-04-07 05:00:00,0.34069593317224944,7.594381242551817,0.03307754043853084,-5441.3
2025-04-07 06:00:00,0.5461751743537429,7.461640392208575,0.035382926868644304,-5195.3
2025-04-07 07:00:00,1.5313569995778993,7.266128779556451,0.04390469229356597,-4940.9
2025-04-07 08:00:00,1.2442222806518366,6.9167150203536085,0.042201209206776724,-4465.8
2025-04-07 09:00:00,1.0815576800740425,6.584791392385716,0.03563628773109606,-4137.4
2025-04-07 10:00:00,0.7491123548540948,6.38856140554563,0.028280306780477993,-3959.8
2025-04-07 11:00:00,0.7081031081491025,6.22455842927536,0.029106823811670957,-3991.8
2025-04-07 12:00:00,0.5993501309260809,6.061456918928017,0.037975214139923885,-3796.8
2025-04-07 13:00:00,0.2720392807804406,5.8944028342648505,0.03312329874863984,-3694.6
2025-04-07 14:00:00,0.6102374529323615,5.746203190540153,0.03650429001369293,-3699.2
2025-04-07 15:00:00,0.76646471376442,5.648974238161206,0.036973448076190074,-3577.4
2025-04-07 16:00:00,0.7654893683917194,5.598421958998375,0.034256279385945554,-3642.9
2025-04-07 17:00:00,1.1427767950464087,5.627621113690637,0.03831102789066865,-3593.2
2025-04-07 18:00:00,1.3354951319361383,5.700443573390687,0.040408115349844564,-3743.0
2025-04-07 19:00:00,1.5308926324301053,5.910796644040527,0.03494000659544927,-3839.4
2025-04-07 20:00:00,1.5341706110216862,6.144185634125646,0.03958109825210343,-3940.6
2025-04-07 21:00:00,1.435263677645925,6.315358001522335,0.03394227576643427,-4061.4
2025-04-07 22:00:00,1.3815527772719465,6.436150368369428,0.03274093361130248,-4115.4
2025-04-07 23:00:00,0.9510922578450369,6.511745329644728,0.030174545963246757,-4152.8
2025-04-08 00:00:00,0.5520543719120439,6.2285110035911835,-0.0014526750932928323,-4135.7
2025-04-08 01:00:00,0.5043717736109499,6.274762021241939,-0.006703973415790543,-4142.2
2025-04-08 02:00:00,0.42120633514632555,6.335054251498059,-0.00998520109827794,-4140.8
2025-04-08 03:00:00,0.43667921742847815,6.436150368369428,-0.003954616800379007,-4096.5
2025-04-08 04:00:00,0.2906864463497776,6.565264970035361,-0.002400585595172977,-4085.0
2025-04-08 05:00:00,0.18458418886633687,6.729824070489475,-0.0020513220759470485,-4208.4
2025-04-08 06:00:00,0.19795237122508968,6.8679744089702925,0.0090216099692082,-4242.7
2025-04-08 07:00:00,0.46197605417904253,6.952728644624869,0.00725508395744523,-4450.6
2025-04-08 08:00:00,0.43795524662016927,6.878326468291325,0.0033727949745738783,-4403.9
2025-04-08 09:00:00,0.721627144755935,6.650279048587422,-0.004116155488982365,-4217.3
2025-04-08 10:00:00,0.42474335477110525,6.576469569048224,-0.011546911226661294,-4061.2
2025-04-08 11:00:00,-0.061498312110740194,6.694562058521095,-0.009718928512137737,-4093.1
2025-04-08 12:00:00,-0.1182404078125483,6.7650389767805414,-0.006634085505544007,-3631.2
2025-04-08 13:00:00,-0.01936245847767637,6.990256500493881,-0.017645736965972603,-4082.7
2025-04-08 14:00:00,-0.11645310360480066,7.084226422097916,-0.011579414639312446,-3525.9
2025-04-08 15:00:00,-0.16019713474631558,7.328437352895162,-0.011322238757569103,-3787.9
2025-04-08 16:00:00,-0.21520654094431846,7.5411524551363085,-0.01605651706803002,-4392.4
2025-04-08 17:00:00,-0.24036666667437867,7.813187267521416,-0.016793395631355068,-5132.7
2025-04-08 18:00:00,-0.3111389963351763,7.889084407035514,-0.013083815288558398,-5305.5
2025-04-08 19:00:00,-0.4156366242978846,8.043342170441608,-0.015985522445243205,-5468.5
2025-04-08 20:00:00,-0.4273823670079997,8.140898460607852,-0.01428716271391206,-5276.0
2025-04-08 21:00:00,-0.3665342998894956,8.201111644442758,-0.013790147419393328,-5236.0
2025-04-08 22:00:00,-0.3561199422770218,8.23880116587155,-0.021766933507891828,-5338.1
2025-04-08 23:00:00,-0.31084812779705606,8.158802490694002,-0.022333772531719198,-5151.2
2025-04-09 00:00:00,-0.2769631633675882,8.143226750367445,-0.016721364262096472,-4468.9
2025-04-09 01:00:00,-0.20102966923992716,8.17413934342947,-0.01135891818357937,-4449.2
2025-04-09 02:00:00,-0.27488058983830665,8.016977746762262,-0.012824968292352246,-3875.0
2025-04-09 03:00:00,-0.2903778157243324,7.987184748233473,-0.009993911388813004,-3806.5
2025-04-09 04:00:00,-0.3188070855149818,7.99598047476376,-0.008298769199637235,-3848.6
2025-04-09 05:00:00,-0.310228899685173,8.202482446576537,0.008355525426892108,-4361.6
2025-04-09 06:00:00,-0.38020778794567667,8.239065331769268,0.011288070461207944,-4384.3
2025-04-09 07:00:00,-0.540903055599113,8.346642090221199,0.014304217883356785,-4582.6
2025-04-09 08:00:00,-0.5692978739068622,8.333510708982942,0.02389637280799839,-4619.9
2025-04-09 09:00:00,-0.5390980640221246,8.321907968230423,0.02681955256715174,-4482.4
2025-04-09 10:00:00,-0.5316748668718576,8.086717920303906,0.029847158893377745,-3726.9
2025-04-09 11:00:00,-0.43010234840301287,8.021256180143997,0.038564987718512356,-3417.6
2025-04-09 12:00:00,-0.3846956407498605,7.918992488165245,0.03847789902799548,-3374.6
2025-04-09 13:00:00,-0.2556860231990692,8.104099056143582,0.03536979047635569,-4022.9
2025-04-09 14:00:00,-0.32177316302769254,7.9229859587111955,0.037297838853044496,-3553.9
2025-04-09 15:00:00,-0.5021326860218154,7.913155185928068,0.03378201226800126,-3455.6
2025-04-09 16:00:00,-0.4731486951779611,7.883069351305753,0.040102980046651915,-3377.2
2025-04-09 17:00:00,-0.504856785298307,8.046229101075378,0.035192117360024255,-3726.6
2025-04-09 18:00:00,-0.5344473919877601,8.06777619577889,0.036623397348632736,-3852.1
2025-04-09 19:00:00,-0.45459523210343855,8.336630087637147,0.04337755020691869,-4851.7
2025-04-09 20:00:00,-0.3718536032947126,8.279950715722526,0.04590507903352137,-5084.9
2025-04-09 21:00:00,-0.3008458257695801,8.237479288613633,0.03437798714543305,-5237.1
2025-04-09 22:00:00,-0.2533686811484981,8.161089512845797,0.034423454731942194,-4871.5
2025-04-09 23:00:00,-0.18038511531155166,8.051022208190679,0.030203499296594494,-4816.1
2025-04-10 00:00:00,-0.26335152790634053,7.962763930168115,0.029290000965459306,-4344.4
2025-04-10 01:00:00,-0.1547660535463904,7.813187267521416,0.03290509479748582,-4170.4
2025-04-10 02:00:00,-0.13802768263838106,7.571473648851271,0.03955719596586782,-4309.3
2025-04-10 03:00:00,-0.12603319370169963,7.31986492980897,0.037813285556000054,-4347.7
2025-04-10 04:00:00,-0.007072350483343204,7.079184394609668,0.036642085266588964,-4662.2
2025-04-10 05:00:00,0.6244290415151914,6.824373670043086,0.031511578159788556,-4545.6
2025-04-10 06:00:00,1.329179042418076,6.79794041297493,0.04304751776929283,-4264.3
2025-04-10 07:00:00,1.4714995187422666,7.04141166379481,0.0398060683501722,-4380.1
2025-04-10 08:00:00,1.1664262384085333,7.433666540166168,0.03672183879104196,-4838.6
2025-04-10 09:00:00,0.38404834485349326,7.803026643632217,0.039752346080705436,-5437.5
2025-04-10 10:00:00,-0.048490991502355474,8.08825472712243,0.03981984961133023,-6086.7
2025-04-10 11:00:00,-0.26596794422892023,8.22282213081366,0.04432201671504821,-6118.5
2025-04-10 12:00:00,-0.1840513058688047,8.17413934342947,0.049038573572603994,-5835.4
2025-04-10 13:00:00,-0.09888481387993231,8.213923595622743,0.053467220813728566,-5832.5
2025-04-10 14:00:00,-0.12146322897130579,8.219056661060598,0.05678489214135407,-5519.9
2025-04-10 15:00:00,-0.12345213770296493,8.213110697596676,0.06111787217055209,-6020.2
2025-04-10 16:00:00,-0.1867389084213702,8.273591798199632,0.061603004693040475,-5937.5
2025-04-10 17:00:00,-0.280696220283283,8.31898612539206,0.05816336181982429,-6266.8
2025-04-10 18:00:00,-0.29211714592232685,8.399085102935908,0.04366784593289719,-6643.4
2025-04-10 19:00:00,-0.3333264847070243,8.356319965828153,0.04383746626592888,-6554.9
2025-04-10 20:00:00,-0.3255449481751773,8.368925174747135,0.043370805762976694,-6289.4
2025-04-10 21:00:00,-0.27914161433070594,8.385260520155413,0.04642682167305612,-6050.1
2025-04-10 22:00:00,-0.23707029448051475,8.379539026117442,0.046193939045307886,-5737.0
2025-04-10 23:00:00,-0.1869822028518775,8.355144739461839,0.045771346949209146,-5625.3
2025-04-11 00:00:00,-0.1557296925632743,8.27308133366583,0.04070368565195981,-5977.2
2025-04-11 01:00:00,-0.1116990371375155,8.209580483475577,0.0458193713675481,-5760.5
2025-04-11 02:00:00,-0.1264083818933086,8.118505067587098,0.04294266784473155,-5371.9
2025-04-11 03:00:00,-0.11925449286607659,8.014004994779459,0.04486117215600949,-5242.3
2025-04-11 04:00:00,-0.12791979097317574,7.940583827104244,0.048255734165151054,-5311.7
2025-04-11 05:00:00,-0.14058098879515946,7.845416036592485,0.055662065441993036,-5412.7
2025-04-11 06:00:00,-0.1322988157384808,7.727094484779841,0.05783042311851272,-5272.5
2025-04-11 07:00:00,0.44806660901589535,7.4821189235521155,0.06794283430394188,-5036.8
2025-04-11 08:00:00,0.3961956150664232,7.19668657083435,0.059144724989934616,-4661.7
2025-04-11 09:00:00,0.35424069048515516,6.84587987526405,0.06182704788788218,-4326.3
2025-04-11 10:00:00,0.28726703950954313,6.401917196727186,0.0718485312122299,-4239.9
2025-04-11 11:00:00,0.06755633110334047,6.016157159698354,0.07675900791019608,-4181.2
2025-04-11 12:00:00,-0.022293638125000292,5.720311776607412,0.08445116699954447,-4053.9
2025-04-11 13:00:00,-0.031606785422799266,5.575949103146316,0.08396062635402846,-3799.3
2025-04-11 14:00:00,0.027320281501916455,5.673323267171493,0.0822130531444829,-3974.9
2025-04-11 15:00:00,0.15268603206181375,5.846438775057725,0.08231376641236388,-4083.4
2025-04-11 16:00:00,0.4195840730115621,6.028278520230698,0.07660048699284516,-4163.1
2025-04-11 17:00:00,0.6379715884521397,6.2422232654551655,0.07579617979288145,-4415.4
2025-04-11 18:00:00,0.8660951583895606,6.5722825426940075,0.07562004117431531,-4702.1
2025-04-11 19:00:00,0.9137160373889399,6.92461239604856,0.06408588727986597,-5034.5
2025-04-11 20:00:00,0.41687320356624147,7.268920128193722,0.057555731478431404,-5315.3
2025-04-11 21:00:00,-0.046630172754460464,7.587310506022615,0.05726053731782699,-5790.5
2025-04-11 22:00:00,-0.10191944894085125,7.662937850461535,0.05037715861432801,-5163.5
2025-04-11 23:00:00,-0.06963854394244162,7.850882664809852,0.05337848797360589,-5243.5
2025-04-12 00:00:00,-0.018058412528787926,7.9665866976384025,0.031267545095986726,-5148.1
2025-04-12 01:00:00,-0.02103159957843781,8.130059039992796,0.029652394555530925,-4941.9
2025-04-12 02:00:00,-0.09993713589700848,8.209852481301272,0.030744035246151213,-5157.6
2025-04-12 03:00:00,-0.10333992142956339,8.17244681834278,0.027326634940105343,-4946.1
2025-04-12 04:00:00,-0.12165750165264688,8.20631072579402,0.02851900304201127,-4889.8
2025-04-12 05:00:00,-0.15083838601391397,8.241703159729818,0.02052004434707655,-5004.5
2025-04-12 06:00:00,-0.19918276160513892,8.149312843635345,0.03410614002570078,-4770.0
2025-04-12 07:00:00,-0.29693673028357903,8.113426639943654,0.04010222083769399,-4600.1
2025-04-12 08:00:00,-0.23443644818305032,8.270013062273787,0.037091998268585336,-5506.1
2025-04-12 09:00:00,-0.1541002230187969,8.243282523048375,0.031491176655244146,-5511.5
2025-04-12 10:00:00,-0.06531948641826801,8.22040309993373,0.023684563564150274,-5402.5
2025-04-12 11:00:00,-0.015972900332809736,8.161660452056282,0.015224320473730124,-4880.6
2025-04-12 12:00:00,-0.032319075432564404,7.846980982138788,0.016409277316631332,-3589.4
2025-04-12 13:00:00,-0.35433360660322055,7.700295203420117,0.01118600794638347,-3054.8
2025-04-12 14:00:00,-0.5141721612176848,7.682021510826875,0.012035647148422868,-2890.2
2025-04-12 15:00:00,-0.16653674520405115,7.7102051944325325,0.01579391721488488,-3301.4
2025-04-12 16:00:00,-0.0056670419694420104,8.103796712981794,0.012648254144544957,-4572.7
2025-04-12 17:00:00,-0.0224209614647366,8.20849175174038,0.017518515591412154,-5937.5
2025-04-12 18:00:00,-0.06586085951947895,8.06777619577889,0.017034752635533223,-5544.1
2025-04-12 19:00:00,-0.10247315959758474,7.928406026180535,0.015400553586919052,-5253.4
2025-04-12 20:00:00,-0.05242548357023713,7.8343923029104365,0.01218110592098487,-5171.2
2025-04-12 21:00:00,-0.004839429150283792,7.772331575169614,0.0110598554792114,-4939.9
2025-04-12 22:00:00,0.011743915658788406,7.65491704784832,0.010594646118591733,-4541.9
2025-04-12 23:00:00,0.023193104905308903,7.5126175446745105,0.005648695786545588,-4136.7
2025-04-13 00:00:00,0.03877185906912395,7.526717561352706,0.015605469739424116,-4741.8
2025-04-13 01:00:00,0.04495687429276529,7.558516743045645,0.01377974360300005,-4520.5
2025-04-13 02:00:00,0.03849219390797165,7.604396348796338,0.012788504696497505,-4641.0
2025-04-13 03:00:00,0.029553821772809297,7.627057417018934,0.008817608010044609,-4689.7
2025-04-13 04:00:00,0.003866597354505341,7.579167967396076,0.0035840521552756854,-4644.8
2025-04-13 05:00:00,-0.027768527575214197,7.532623618788788,0.0003505799328227255,-4488.2
2025-04-13 06:00:00,-0.04964459827495071,7.528331766707247,0.005766144224861769,-4596.6
2025-04-13 07:00:00,-0.12603860562001667,7.485491608030754,0.0012905795715862922,-4828.2
2025-04-13 08:00:00,-0.08379238157948121,7.412160334945205,0.00021012190878533232,-5304.1
2025-04-13 09:00:00,-0.027843959309847843,7.148345743900068,-0.0008807215479649244,-4736.4
2025-04-13 10:00:00,-0.04993123406803823,6.831953565565855,-0.008747234627113798,-3512.6
2025-04-13 11:00:00,-0.03433837469685708,6.863803391452954,-0.022682868339123807,-3056.1
2025-04-13 12:00:00,-0.031468107899310205,7.035268599281097,-0.028519821046450566,-2909.5
2025-04-13 13:00:00,0.017794414578649942,7.135687347028144,-0.028147151422611927,-3022.5
2025-04-13 14:00:00,0.04665270333005722,7.307872780763706,-0.026413150730876467,-3324.0
2025-04-13 15:00:00,0.0035723298996792607,7.488852955733459,-0.02662490702576914,-3629.5
2025-04-13 16:00:00,-0.05334107821125089,7.6093665379542115,-0.02553771337717059,-4467.9
2025-04-13 17:00:00,-0.0762899893930662,7.813187267521416,-0.02572512757688905,-6143.9
2025-04-13 18:00:00,-0.20333759189618617,7.850882664809852,-0.020115928365313174,-5540.7
2025-04-13 19:00:00,-0.26958174266654833,7.975564658495202,-0.023125725478867487,-5369.0
2025-04-13 20:00:00,-0.2403690757751904,7.969357742016346,-0.01849685339389051,-4969.8
2025-04-13 21:00:00,-0.20293117501182234,8.00836557031292,-0.024097418072668297,-4897.3
2025-04-13 22:00:00,-0.18424154684527316,7.99699040583765,-0.032051399601543906,-4719.7
2025-04-13 23:00:00,-0.1973867352094456,7.973844375944687,-0.04018242125695615,-4666.7
2025-04-14 00:00:00,-0.129642704150839,7.824445930877619,-0.052543999177807166,-4330.8
2025-04-14 01:00:00,-0.12275723333960942,7.729735331385051,-0.057083222487729124,-4074.2
2025-04-14 02:00:00,-0.1527508894029661,7.675546002537848,-0.06208334017073902,-3983.2
2025-04-14 03:00:00,-0.15863827927386032,7.624130585661289,-0.05050310619960552,-3891.0
2025-04-14 04:00:00,-0.18022457151792626,7.613818684808629,-0.04640327634746022,-3827.6
2025-04-14 05:00:00,-0.2474924995134984,7.610357618312838,-0.037866007436790916,-4021.7
2025-04-14 06:00:00,-0.2863662001171634,7.674152921281675,-0.03702965069983222,-4334.2
2025-04-14 07:00:00,-0.4753369928509814,7.5443321080536885,-0.027926385485270266,-3950.4
2025-04-14 08:00:00,-0.5559331463693731,7.487173694213739,-0.01983418171267637,-3827.2
2025-04-14 09:00:00,-0.44028217304207207,7.5953872788539725,-0.01927946986501894,-4385.3
2025-04-14 10:00:00,-0.3380672785430514,7.604396348796338,-0.009300193815605873,-4680.4
2025-04-14 11:00:00,-0.2608189057157171,7.629975707027789,-0.011693252660165854,-4607.8
2025-04-14 12:00:00,-0.23556744043003564,7.614312146452,-0.0031784003468926514,-4247.9
2025-04-14 13:00:00,-0.16900683913252168,7.6093665379542115,-0.004326011292976162,-4145.3
2025-04-14 14:00:00,-0.20117643923051887,7.661527081358517,-0.010041507787676984,-4034.6
2025-04-14 15:00:00,-0.2290580924665777,7.6984827878809465,-0.018178371998890164,-4117.7
2025-04-14 16:00:00,-0.27307014841007726,7.688455356549944,-0.022362614613562037,-4107.4
2025-04-14 17:00:00,-0.3547432011837066,7.644440761556566,-0.021783511750618878,-4081.7
2025-04-14 18:00:00,-0.40625711544288334,7.537430036586509,-0.02258773666473246,-3406.9
2025-04-14 19:00:00,-0.4919309644810843,7.482681828154651,-0.02636951324687775,-3267.1
2025-04-14 20:00:00,-0.524568848602196,7.383989457978509,-0.01666714896453314,-3076.1
2025-04-14 21:00:00,-0.38500113376085476,7.505492274737424,-0.009461268679070933,-3272.9
2025-04-14 22:00:00,-0.2939656766515406,7.502186486602924,-0.009376311095619094,-3396.4
2025-04-14 23:00:00,-0.21874676071220955,7.465082736399547,-0.007822653328488194,-3353.0
2025-04-15 00:00:00,-0.20887190362413044,7.2196420401307355,-0.012078512969519117,-2870.0
2025-04-15 01:00:00,-0.14751669033302006,7.200424892944957,-0.016354229247951935,-2926.4
2025-04-15 02:00:00,-0.14814371160747886,7.123672785204607,-0.016625732593543496,-2815.5
2025-04-15 03:00:00,-0.14004170178032993,7.130098510125578,-0.012342922427013292,-2906.8
2025-04-15 04:00:00,-0.15909418526088537,7.103322062526113,-0.015457150897600691,-3165.3
2025-04-15 05:00:00,-0.2000753182567263,7.221105098182496,-0.00664375265015682,-3587.4
2025-04-15 06:00:00,-0.2934422051170049,7.193685818395112,-0.01591193099967647,-3156.0
2025-04-15 07:00:00,-0.41894418423602175,7.3427791893318455,-0.01738574333476084,-4104.1
2025-04-15 08:00:00,-0.4608608547307216,7.326465613840322,-0.02085166498949409,-4404.0
2025-04-15 09:00:00,-0.24773308090702617,7.167809184316444,-0.02285833729872344,-5237.6
2025-04-15 10:00:00,-0.15913005979663053,7.105786129481271,-0.03293516827391585,-5191.7
2025-04-15 11:00:00,-0.14779412556357618,7.2682230211595655,-0.03812518267187137,-5168.4
2025-04-15 12:00:00,-0.15776028195746772,7.213768308118642,-0.04114953429600465,-4190.4
2025-04-15 13:00:00,-0.07808239668239159,7.409136443920128,-0.041312065185519664,-4608.0
2025-04-15 14:00:00,-0.06530360100698696,7.560080465021827,-0.04110399042722701,-5330.0
2025-04-15 15:00:00,-0.020262112573070645,7.679713639966372,-0.03558686075720097,-5916.3
2025-04-15 16:00:00,-0.09426294639909916,7.6638772587034705,-0.03559736872719732,-5938.0
2025-04-15 17:00:00,-0.16426285800948381,7.653494909661253,-0.03605744744662864,-5859.7
2025-04-15 18:00:00,-0.24916469252729145,7.688455356549944,-0.034481028023840565,-5848.5
2025-04-15 19:00:00,-0.3732873179812324,7.6586995582682995,-0.03931991450701666,-5374.2
2025-04-15 20:00:00,-0.37370741028596166,7.681099001536359,-0.03297929572606506,-4986.7
2025-04-15 21:00:00,-0.2840282155663454,7.829630389150193,-0.036013284204103435,-5599.2
2025-04-15 22:00:00,-0.2684203678458865,7.768956044538332,-0.03432417613757277,-4889.6
2025-04-15 23:00:00,-0.21488151676679657,7.776954403322442,-0.03892183061561827,-4793.9
2025-04-16 00:00:00,-0.16221665768573246,7.6638772587034705,-0.03354868439462155,-4489.7
2025-04-16 01:00:00,-0.09888459043607511,7.592870287844818,-0.036383110755586756,-4136.3
2025-04-16 02:00:00,-0.09263178412655648,7.546446273746024,-0.03296602142815708,-3946.9
2025-04-16 03:00:00,-0.08490843371441059,7.467942332285852,-0.03737621237992439,-3905.5
2025-04-16 04:00:00,-0.09895931057734497,7.398174092970465,-0.034118276129480485,-4007.2
2025-04-16 05:00:00,-0.14443664484242902,7.487733761436444,-0.02568294958171702,-4463.4
2025-04-16 06:00:00,-0.18936193872517393,7.705262474866325,-0.022002861972097776,-5254.6
2025-04-16 07:00:00,-0.342827040723261,7.67368812926773,-0.01827880109234581,-5726.1
2025-04-16 08:00:00,-0.34485893627214326,7.5480289699350145,-0.019554586709475963,-5699.0
2025-04-16 09:00:00,-0.22150776654479865,7.261927092702751,-0.01967587945271898,-5354.0
2025-04-16 10:00:00,-0.12348476604125835,7.101675971619444,-0.03215059551530963,-5259.6
2025-04-16 11:00:00,-0.013656272260213598,7.183111701743281,-0.033887054009762,-5454.1
2025-04-16 12:00:00,0.024124663429442528,7.3783837129967145,-0.03583566100498903,-5801.1
2025-04-16 13:00:00,0.08767685222826804,7.584773077612199,-0.039198905021152086,-6125.8
2025-04-16 14:00:00,0.06300900374878982,7.715123603632105,-0.03933538716787144,-6289.0
2025-04-16 15:00:00,-0.017781977601138532,7.753194269884341,-0.0347030169516529,-6168.7
2025-04-16 16:00:00,-0.1161988119532551,7.720905251936779,-0.029392763624658258,-6019.9
2025-04-16 17:00:00,-0.1891150025744026,7.706612913964197,-0.03261162492794334,-5928.0
2025-04-16 18:00:00,-0.23208919405010464,7.725771441587952,-0.026276538304937702,-5797.1
2025-04-16 19:00:00,-0.2808404492833363,7.818430272070656,-0.033500117646130256,-5733.8
2025-04-16 20:00:00,-0.28362936987987375,7.752335163302292,-0.03581689015973488,-5051.8
2025-04-16 21:00:00,-0.24612524833931904,7.76004068088038,-0.03895902187488787,-4862.2
2025-04-16 22:00:00,-0.2042988553677909,7.652070746116482,-0.042709736777962526,-4516.1
2025-04-16 23:00:00,-0.15210329476963524,7.539027055823995,-0.045107118822887315,-4208.0
2025-04-17 00:00:00,-0.1453935294291102,7.516433302915632,-0.06409131910428645,-4469.1
2025-04-17 01:00:00,-0.10023624408699394,7.487173694213739,-0.06412971894969033,-4578.1
2025-04-17 02:00:00,-0.09731933093886314,7.470224135899966,-0.060797130725135595,-4804.6
2025-04-17 03:00:00,-0.08263655384907498,7.3453648404168685,-0.06419353948422213,-4824.9
2025-04-17 04:00:00,-0.12794112806363422,7.158513997329321,-0.07677689757083872,-4914.0
2025-04-17 05:00:00,-0.20051992616458758,6.9975959829819265,-0.08661624941808821,-4967.8
2025-04-17 06:00:00,-0.2683562530124193,6.893656354602635,-0.09627410705209805,-5058.9
2025-04-17 07:00:00,-0.18452982547440877,6.818924065275521,-0.10058579530565837,-5156.2
2025-04-17 08:00:00,-0.20799766211210802,6.669498089857879,-0.09948402866484507,-4955.4
2025-04-17 09:00:00,0.22082352196733268,6.484635235635252,-0.08993330657928311,-4796.0
2025-04-17 10:00:00,0.36014833487349307,6.419994928147142,-0.08634448449844445,-4783.7
2025-04-17 11:00:00,0.3284685354825867,6.625392368007956,-0.08548442188923566,-4986.8
2025-04-17 12:00:00,0.047414068782897445,6.86484777797086,-0.0859277020530822,-5119.4
2025-04-17 13:00:00,0.08285585413788565,7.029972911706386,-0.08403182542108745,-5374.7
2025-04-17 14:00:00,0.04262365751508179,7.123672785204607,-0.09018395072562768,-5528.8
2025-04-17 15:00:00,0.1948432578388184,7.170119543449628,-0.08851692802054956,-5590.5
2025-04-17 16:00:00,0.15033698031334897,7.205635176410364,-0.08291959200524257,-5662.0
2025-04-17 17:00:00,-0.10959473294408051,7.232733136177615,-0.07992895687622958,-5737.2
2025-04-17 18:00:00,-0.1723382548402288,7.325807502595773,-0.07483685614811453,-5928.7
2025-04-17 19:00:00,-0.25565961403150217,7.554858521040676,-0.07213092210052974,-6178.1
2025-04-17 20:00:00,-0.26116119670748184,7.83241092718792,-0.07068016198785099,-6064.5
2025-04-17 21:00:00,-0.22482803863096334,7.964850887447313,-0.07493403533121068,-6107.0
2025-04-17 22:00:00,-0.17968772707405778,8.01829613851552,-0.08197672497265351,-6086.8
2025-04-17 23:00:00,-0.13805157938029744,8.016317898503415,-0.0820620245606758,-5838.0
2025-04-18 00:00:00,0.13132935343876628,7.877397186353287,-0.010002261260794398,-5612.4
2025-04-18 01:00:00,0.1710980670289617,7.841492924460013,-0.01409563536346159,-5484.1
2025-04-18 02:00:00,0.1584181432379217,7.802209316247118,-0.022296287090576072,-5419.9
2025-04-18 03:00:00,0.1568117267923137,7.734558844354756,-0.03309576259792113,-5312.1
2025-04-18 04:00:00,0.13729647727469763,7.695757990554761,-0.04154970273136449,-5267.1
2025-04-18 05:00:00,0.10444175274467282,7.578145472419466,-0.05986873739101117,-4997.3
2025-04-18 06:00:00,0.043649290120746365,7.423568444259167,-0.09874644959214951,-5075.3
2025-04-18 07:00:00,-0.10705370632402511,7.132497551660044,-0.11325307953322827,-4960.7
2025-04-18 08:00:00,-0.18167751967051826,6.840546529288687,-0.09450735745527705,-4859.0
2025-04-18 09:00:00,-0.08818465956423394,6.699500340161678,-0.07465556736272738,-4736.6
2025-04-18 10:00:00,0.025166760863314153,6.558197802812269,-0.0605825859673379,-4671.9
2025-04-18 11:00:00,0.13865012125169285,6.499787040655854,-0.05404814306813677,-4676.5
2025-04-18 12:00:00,0.2186634034971453,6.466144724237619,-0.04528836561672289,-4572.3
2025-04-18 13:00:00,0.2896928068076101,6.431331081933479,-0.03995881928158962,-4615.6
2025-04-18 14:00:00,0.29752271287393395,6.38856140554563,-0.03569268413850146,-4595.6
2025-04-18 15:00:00,0.28615609864661984,6.315358001522335,-0.02997951422993328,-4643.6
2025-04-18 16:00:00,0.2967287615102161,6.297109319933935,-0.018829941048514875,-4604.1
2025-04-18 17:00:00,0.4396347542786292,6.274762021241939,-0.010159570999132228,-4637.9
2025-04-18 18:00:00,0.3482116705408993,6.345636360828596,-0.0025000943231683337,-4744.3
2025-04-18 19:00:00,0.19739668553667666,6.594413459749778,0.004468517765593205,-4938.7
2025-04-18 20:00:00,0.1691240063438051,6.933423025730715,0.013322487055336119,-5259.6
2025-04-18 21:00:00,0.21396973556086163,7.186144304522325,0.016226561394192984,-5579.8
2025-04-18 22:00:00,0.24271686819217297,7.365180126021013,0.01601099056885591,-5675.0
2025-04-18 23:00:00,0.2648567025651434,7.455876687491824,0.019253812164532036,-5727.0
2025-04-19 00:00:00,0.06846230855951996,7.460490305825338,-0.0617947303639772,-5705.3
2025-04-19 01:00:00,0.11895393853655678,7.539027055823995,-0.06947514416424827,-5804.5
2025-04-19 02:00:00,0.09501728177997348,7.597396320212795,-0.07533611669931517,-5801.2
2025-04-19 03:00:00,0.08750592779093935,7.652545692693921,-0.0809206429901117,-5758.9
2025-04-19 04:00:00,0.06386918609025605,7.68937110752969,-0.08063509424690629,-5764.4
2025-04-19 05:00:00,0.03967584324002793,7.670428522190693,-0.0742583619802124,-5788.7
2025-04-19 06:00:00,0.023796707339353684,7.5883236773352225,-0.07820689494700694,-5915.8
2025-04-19 07:00:00,-0.0404008281302457,7.453561871643373,-0.07618108234690979,-5836.0
2025-04-19 08:00:00,-0.05446932514899849,7.341483852363161,-0.07510225696780548,-5695.9
2025-04-19 09:00:00,0.06320946825516316,7.265429723253953,-0.06945988303916639,-5583.7
2025-04-19 10:00:00,0.3722110692548455,7.256297239690681,-0.06264351992434758,-5606.4
2025-04-19 11:00:00,0.17781103838644663,7.1693500166706,-0.06138280099846671,-5118.9
2025-04-19 12:00:00,0.1875059853679324,7.046647277848756,-0.056406704993287704,-3640.8
2025-04-19 13:00:00,0.27390666084593196,6.942156705699469,-0.05514711355862456,-3132.0
2025-04-19 14:00:00,0.3780729118669184,6.99117688712121,-0.05332221037255014,-3330.8
2025-04-19 15:00:00,0.18154103753746975,7.191429330036379,-0.051803645769768814,-4221.5
2025-04-19 16:00:00,0.17051096017610723,7.356279876550748,-0.05393932454115724,-5514.0
2025-04-19 17:00:00,0.040893353438336444,7.373374309910049,-0.04830663067247709,-5508.0
2025-04-19 18:00:00,-0.01410286568452479,7.379008127628304,-0.04402124455605794,-5432.4
2025-04-19 19:00:00,-0.06410694568962505,7.451241684987676,-0.04256123446775906,-5491.3
2025-04-19 20:00:00,-0.054734572506496715,7.605392364814935,-0.03363728785928988,-5587.2
2025-04-19 21:00:00,-0.004839429150283792,7.731492029245684,-0.03391122575721983,-5654.8
2025-04-19 22:00:00,0.0174381196225859,7.807916628926408,-0.03672346513748881,-5768.5
2025-04-19 23:00:00,0.028338031363144722,7.767687277186908,-0.03750597964356128,-5535.2
2025-04-20 00:00:00,0.04116788965234974,7.67368812926773,-0.03628288565943727,-5568.9
2025-04-20 01:00:00,0.06999295245409032,7.641084249174914,-0.042739488367951495,-5144.1
2025-04-20 02:00:00,0.06048644758306221,7.585788821732034,-0.05469493254159996,-4944.0
2025-04-20 03:00:00,0.05774430869744274,7.527255919373784,-0.053859544079603694,-4975.5
2025-04-20 04:00:00,0.03549390765214078,7.4770384723196965,-0.05407602794380484,-5164.1
2025-04-20 05:00:00,0.03769942335773724,7.465082736399547,-0.055410810414104006,-5303.6
2025-04-20 06:00:00,0.07185744184405074,7.353081920515432,-0.05708501963638035,-5403.9
2025-04-20 07:00:00,0.037064948273246134,7.238496840894365,-0.056723815489041485,-5304.3
2025-04-20 08:00:00,0.4978461369902307,7.086737934510577,-0.04410482116779324,-5129.4
2025-04-20 09:00:00,0.18856908010689377,6.990256500493881,-0.03449219593673547,-4938.2
2025-04-20 10:00:00,0.03991668543826821,6.901737206656574,-0.03467461288325069,-4503.2
2025-04-20 11:00:00,0.09692488422023926,6.826545223556594,-0.037116755575641314,-3578.0
2025-04-20 12:00:00,0.14994572268631234,6.796823718274855,-0.034246849108254374,-3404.0
2025-04-20 13:00:00,0.25429962741043344,6.748759547491679,-0.03135948955279577,-3347.3
2025-04-20 14:00:00,0.2698824949961809,6.661854740545311,-0.032228999110880174,-3505.5
2025-04-20 15:00:00,0.2351399952457509,6.60934924316738,-0.03435690430909588,-4434.3
2025-04-20 16:00:00,0.4634380114768071,6.55250788703459,-0.03682309960883767,-4835.6
2025-04-20 17:00:00,0.5632347424917112,6.51025834052315,-0.028763720009038707,-4910.9
2025-04-20 18:00:00,0.6575863733656071,6.495265555937008,-0.018929688605807016,-4909.9
2025-04-20 19:00:00,0.5701769315565484,6.576469569048224,-0.026043731634581846,-4819.3
2025-04-20 20:00:00,0.2193930594183482,6.717804695023691,-0.013925416861309436,-4840.8
2025-04-20 21:00:00,0.10964995747448114,6.815639990074331,-0.009128802378747025,-4869.6
2025-04-20 22:00:00,0.05439695095297292,6.86484777797086,-0.013863746601844973,-4905.2
2025-04-20 23:00:00,0.05340406431227818,6.863803391452954,-0.007531395067378099,-4847.3
2025-04-21 00:00:00,0.33611290604983735,6.863803391452954,0.05154922536794171,-5126.3
2025-04-21 01:00:00,0.36166956899977487,6.841615476477592,0.0468968297986363,-5142.1
2025-04-21 02:00:00,0.32345107902580716,6.858565034791365,0.0370337174558415,-5126.9
2025-04-21 03:00:00,0.29943319371030785,6.893656354602635,0.03144697830458654,-5141.9
2025-04-21 04:00:00,0.25566160290078654,6.883462586413092,0.021145503344513372,-5081.0
2025-04-21 05:00:00,0.15844840020518225,6.905753276311464,-0.00932278173925738,-5097.1
2025-04-21 06:00:00,0.050461187928002804,6.900730664045173,-0.05853948251054675,-4973.0
2025-04-21 07:00:00,-0.09640225271186775,6.79794041297493,-0.08540117856954144,-4859.0
2025-04-21 08:00:00,-0.09183917378149742,6.659293919683638,-0.07745868783353149,-4707.0
2025-04-21 09:00:00,0.04264163581097247,6.660575149839686,-0.06400561463743593,-4751.5
2025-04-21 10:00:00,0.06809155415791501,6.728628613084702,-0.05749245110485912,-4887.4
2025-04-21 11:00:00,0.11221199139528037,6.778784897685177,-0.051477512447507756,-4942.7
2025-04-21 12:00:00,0.22557622170280078,6.824373670043086,-0.04405182728439172,-4981.1
2025-04-21 13:00:00,0.26728628586746295,6.858565034791365,-0.04078334145398976,-5002.8
2025-04-21 14:00:00,0.24070541161943515,6.8966943316227125,-0.04144871883912238,-5034.2
2025-04-21 15:00:00,0.25531821671669075,6.93828448401696,-0.038002794738232204,-5174.4
2025-04-21 16:00:00,0.2711068577090572,6.999422467507961,-0.023835607207572274,-5165.1
2025-04-21 17:00:00,0.14459188658354272,7.086737934510577,-0.006436995241928756,-5216.3
2025-04-21 18:00:00,0.021828318338443342,7.134093721192866,0.017166431468223387,-5037.7
2025-04-21 19:00:00,-0.0071691199277093,7.400620577371135,0.019510650033819132,-5366.5
2025-04-21 20:00:00,-0.007947987594878914,7.5310163320779155,0.021229399664673743,-5536.8
2025-04-21 21:00:00,0.08123352363055014,7.638198244285779,0.02431464854898735,-5769.7
2025-04-21 22:00:00,0.10500524285153023,7.650168700845001,0.032817389026816635,-5791.0
2025-04-21 23:00:00,0.1818249275015038,7.592366128519796,0.04448048745289945,-5689.0
2025-04-22 00:00:00,-0.00239413059407223,7.549082710812286,0.001479018592534409,-5701.4
2025-04-22 01:00:00,0.10541818080792398,7.383989457978509,0.010553223671972312,-5315.7
2025-04-22 02:00:00,0.47286149720069215,7.2078598714324755,0.012621353530635204,-5142.1
2025-04-22 03:00:00,0.6502214979537273,7.050989447068045,0.013200491875210218,-5049.6
2025-04-22 04:00:00,0.7920135624691023,6.885509670034818,0.016291547416979135,-4931.8
2025-04-22 05:00:00,0.8535341891106949,6.716594773520978,0.023395343585217,-4773.9
2025-04-22 06:00:00,0.7761069351697447,6.543911845564792,0.02548070199270569,-4731.2
2025-04-22 07:00:00,1.3120379997436462,6.297109319933935,0.012420384697940712,-4473.4
2025-04-22 08:00:00,1.4420792027362808,5.968707559985366,0.018348546067446847,-4462.4
2025-04-22 09:00:00,1.1679497392123643,5.8998973535824915,0.02309640803590174,-4389.1
2025-04-22 10:00:00,1.137305426172377,5.948034989180646,0.02573110054376837,-4431.3
2025-04-22 11:00:00,1.207060332039398,6.082218910376446,0.03011410927678071,-4498.4
2025-04-22 12:00:00,1.18922849677843,6.208590026096629,0.032094506918453725,-4488.6
2025-04-22 13:00:00,1.1019780812679896,6.270988431858299,0.031877594928045205,-4523.9
2025-04-22 14:00:00,1.151900948528569,6.267200548541362,0.025928480510294172,-4466.7
2025-04-22 15:00:00,1.1837736224347397,6.220590170099739,0.020141030698215268,-4453.2
2025-04-22 16:00:00,1.1685918302899791,6.198478716492308,0.018072669482297243,-4548.2
2025-04-22 17:00:00,1.2341972000092776,6.1092475827643655,0.008692748351985635,-4637.4
2025-04-22 18:00:00,1.343803677126159,6.126869184114185,0.01167673439209338,-4600.4
2025-04-22 19:00:00,1.6622716589079563,6.278521424165844,0.0030523111732945196,-4638.7
2025-04-22 20:00:00,1.6641953564689804,6.504288173536645,-0.0007624772520973266,-4894.7
2025-04-22 21:00:00,1.562529455758014,6.655440350367647,0.004718818635566002,-4912.1
2025-04-22 22:00:00,1.400135998256446,6.695798917058491,0.008402952490409454,-4880.4
2025-04-22 23:00:00,1.348144007523353,6.7226297948554485,0.0008960757474092418,-4948.3
2025-04-23 00:00:00,1.1110352025749832,6.7580945044277305,0.007418754093601265,-5245.8
2025-04-23 01:00:00,0.18088583250836576,6.9985096422506015,0.006562708433776265,-5352.4
2025-04-23 02:00:00,0.05521104212553407,7.305860032684009,0.007510660704284078,-5722.9
2025-04-23 03:00:00,0.0007443089463969876,7.581209826196346,0.004900614782979318,-5879.0
2025-04-23 04:00:00,-0.06838233700806207,7.745435610274381,0.006411704956081898,-5757.4
2025-04-23 05:00:00,-0.1626571909559571,7.791522819150732,0.0038074789289881394,-5486.2
2025-04-23 06:00:00,-0.2508987802010023,7.9599745280805365,0.005366115065744026,-5675.9
2025-04-23 07:00:00,-0.4667950834453909,7.827639546366422,0.0049535004009229056,-4883.2
2025-04-23 08:00:00,-0.5032831268767834,7.837554360881084,0.011006274249327319,-4997.1
2025-04-23 09:00:00,-0.43191958161453803,7.839525581704678,0.01278241020083204,-4952.0
2025-04-23 10:00:00,-0.337290782032182,7.785305182539862,0.009249652251492435,-4870.5
2025-04-23 11:00:00,-0.19715916409999945,7.7142311448490855,0.00977835180948805,-4764.0
2025-04-23 12:00:00,-0.1239543523292661,7.6362696033793735,0.009191641150077423,-4807.9
2025-04-23 13:00:00,-0.06326011299589407,7.533158807455563,0.013354592044789726,-4522.1
2025-04-23 14:00:00,-0.07776717705932423,7.403061091090091,0.007345516569693622,-4271.2
2025-04-23 15:00:00,-0.13560493740165347,7.282761179605593,0.00717290354003719,-4007.1
2025-04-23 16:00:00,-0.20047325318286013,7.233455418621439,0.01488234502336816,-4332.5
2025-04-23 17:00:00,-0.24170615567755283,7.15305163493748,0.014561635396436401,-4599.6
2025-04-23 18:00:00,-0.177727984831217,7.048386408721883,0.02099386873307818,-4815.0
2025-04-23 19:00:00,0.17809955590224913,6.829793737512425,0.009458029240754229,-4914.1
2025-04-23 20:00:00,0.4203985708665918,6.7650389767805414,0.01656824492755593,-4968.7
2025-04-23 21:00:00,0.4311637973331077,6.796823718274855,0.02536652939711459,-5097.7
2025-04-23 22:00:00,0.38604773646174806,6.762729506931879,0.02686402348512562,-4969.1
2025-04-23 23:00:00,0.3830618965698207,6.652863029353347,0.029645307822430134,-4848.0
2025-04-24 00:00:00,0.16520450106367424,6.173786103901937,0.025307065401381834,-4673.1
2025-04-24 01:00:00,0.3034930538300813,5.87493073085203,0.022512391557226508,-4592.2
2025-04-24 02:00:00,0.5343078389968783,5.594711379601839,0.025160172170903827,-4552.6
2025-04-24 03:00:00,0.42772446299918965,5.351858133476067,0.028068295855061542,-4571.8
2025-04-24 04:00:00,0.8665362854971859,5.214935757608986,0.02984704213375977,-4564.4
2025-04-24 05:00:00,0.9693356441055139,5.241747015059643,0.024870712580893795,-4585.8
2025-04-24 06:00:00,1.1910573146033165,5.313205979041787,0.018393764527513845,-4519.8
2025-04-24 07:00:00,1.1160194624846822,5.241747015059643,0.014294480692764289,-4433.4
2025-04-24 08:00:00,1.0256076323503267,5.262690188904886,0.018877878208861,-4449.7
2025-04-24 09:00:00,1.0336991722228053,5.545177444479562,0.01658528679917115,-4476.7
2025-04-24 10:00:00,1.0082525878068882,5.966146739123692,0.015191934720978573,-4720.1
2025-04-24 11:00:00,0.8011047348835492,6.3473892096560105,0.01785143994768479,-4855.5
2025-04-24 12:00:00,0.6960780950186196,6.672032945461067,0.021727639178533487,-4785.7
2025-04-24 13:00:00,0.21442425220280725,6.922643891475888,0.02206236598498279,-4905.5
2025-04-24 14:00:00,0.10053844382887878,7.123672785204607,0.023674676300189823,-5122.4
2025-04-24 15:00:00,0.048892964594617006,7.316548177182976,0.031942383036620114,-5420.3
2025-04-24 16:00:00,-0.051535789570558155,7.477604243197589,0.031062190092145947,-5741.4
2025-04-24 17:00:00,-0.23360877508900035,7.578145472419466,0.031170455450614476,-5578.2
2025-04-24 18:00:00,-0.25845767057103375,7.60887062919126,0.029932817542745127,-5421.7
2025-04-24 19:00:00,-0.29057913516749023,7.60489448081162,0.026035949060885244,-5445.2
2025-04-24 20:00:00,-0.26948763948403576,7.6251071482389,0.01936130172964745,-5386.6
2025-04-24 21:00:00,-0.2330472629840954,7.719573989259581,0.028077683004860354,-5287.6
2025-04-24 22:00:00,-0.1376333782552588,7.8567067930958405,0.02855113980255819,-5958.3
2025-04-24 23:00:00,-0.11103227033209384,7.878155336503324,0.03364330413593475,-5858.0
2025-04-25 00:00:00,-0.1478301900843504,7.891330757661889,0.020340991133075192,-5250.9
2025-04-25 01:00:00,-0.11133964809501284,7.853993087224244,0.021183350271489765,-5136.3
2025-04-25 02:00:00,-0.12748616177130456,7.817222785508166,0.027465144775818295,-5075.5
2025-04-25 03:00:00,-0.12742940954966553,7.80710329012598,0.02719186094241799,-5120.8
2025-04-25 04:00:00,-0.15453200570597936,7.768533300926033,0.027450935413789068,-5055.0
2025-04-25 05:00:00,-0.18542848355179453,7.733245646529795,0.01957285646712581,-5097.1
2025-04-25 06:00:00,-0.22739376655370513,7.605890001053122,0.02575317730943727,-5351.1
2025-04-25 07:00:00,-0.28212184322439926,7.280697195384741,0.020863534538139383,-5277.0
2025-04-25 08:00:00,0.29044378654897596,6.917705609835305,0.012765445404813391,-4989.2
2025-04-25 09:00:00,-0.21283823846793126,6.734591659972948,0.011421876224121164,-4735.8
2025-04-25 10:00:00,-0.24230480092250506,6.740519359606223,0.011443073754285216,-4823.3
2025-04-25 11:00:00,-0.13038165557026593,6.842683282238422,0.010398808301036233,-4789.1
2025-04-25 12:00:00,-0.07824789297831458,6.993932975223189,0.007940152463491224,-4904.7
2025-04-25 13:00:00,-0.07364687432986683,7.085064293952548,0.005914533780169151,-4435.5
2025-04-25 14:00:00,-0.07651552667361683,7.20414929203594,0.006726162006806646,-4469.2
2025-04-25 15:00:00,-0.09752010879171769,7.465082736399547,0.007106870686034661,-4967.1
2025-04-25 16:00:00,-0.16636625486586087,7.589841512182657,0.006664841796014898,-5192.8
2025-04-25 17:00:00,-0.20652588089833035,7.758760544157663,0.00802832098766082,-5998.5
2025-04-25 18:00:00,-0.2229128173393793,7.763871287820222,0.005818078399799198,-6219.5
2025-04-25 19:00:00,-0.20003097906799105,7.732369222284388,0.006439192180216047,-6237.6
2025-04-25 20:00:00,-0.12562927685331937,7.738923757439457,0.005165344276507611,-6453.7
2025-04-25 21:00:00,-0.07900998500605061,7.772331575169614,0.010866025266225599,-6368.9
2025-04-25 22:00:00,-0.05971040420136875,7.840312983320164,0.009037571562854119,-6199.6
2025-04-25 23:00:00,-0.0339704273010617,7.851271997109883,0.01619110443393268,-5981.6
2025-04-26 00:00:00,-0.0039615657137712645,7.711101251840158,0.02722012702375398,-5806.5
2025-04-26 01:00:00,0.050895976876107696,7.696667081526462,0.034330765661631624,-5623.8
2025-04-26 02:00:00,0.0506700756286258,7.6624678152002375,0.032508222707538614,-5486.8
2025-04-26 03:00:00,0.0596002676405436,7.599401333415815,0.0308581277215767,-5548.9
2025-04-26 04:00:00,0.04943213829248627,7.535830462798367,0.03145241670313226,-5449.7
2025-04-26 05:00:00,0.035021579519109114,7.356279876550748,0.021110886314043675,-5362.8
2025-04-26 06:00:00,0.09626237332660459,7.107425474110705,0.02424241050336029,-5520.4
2025-04-26 07:00:00,0.43250556077345115,6.588926477533519,0.02163660671656764,-5171.9
2025-04-26 08:00:00,0.5792235971070561,6.093569770045136,0.019919280894841407,-4950.0
2025-04-26 09:00:00,0.4216453572080563,5.662960480135946,0.0194876029773301,-4745.5
2025-04-26 10:00:00,0.0635849984280612,5.111987788356544,0.012634727377564658,-4339.0
2025-04-26 11:00:00,0.10627971026793626,4.634728988229636,0.013452840825348034,-3473.4
2025-04-26 12:00:00,0.10967682784969668,4.31748811353631,0.01460693378277167,-2566.3
2025-04-26 13:00:00,0.22598200263714663,4.3694478524670215,0.017887220961331884,-2400.3
2025-04-26 14:00:00,0.29911933118432366,4.605170185988092,0.021207218623205293,-2300.3
2025-04-26 15:00:00,0.10112623683638411,4.90527477843843,0.0188436298561232,-2853.4
2025-04-26 16:00:00,0.0878192443309933,5.4116460518550396,0.019248938175897123,-3933.2
2025-04-26 17:00:00,0.5601541819674654,5.746203190540153,0.014591969750843425,-4926.3
2025-04-26 18:00:00,0.8594198853083075,5.937536205082426,0.021051974680797336,-5075.1
2025-04-26 19:00:00,0.9556669426196747,6.338594078203183,0.018807711908533697,-5281.4
2025-04-26 20:00:00,0.4513904566862088,6.838405200847344,0.014446112551836698,-5497.7
2025-04-26 21:00:00,0.06711104486341668,7.1853870155804165,0.02298165435838584,-5876.0
2025-04-26 22:00:00,0.06568737345857878,7.426549072397305,0.01635503071057176,-6117.6
2025-04-26 23:00:00,0.0705412132401535,7.57095858316901,0.015710929249221905,-6218.9
2025-04-27 00:00:00,0.09572082290497441,7.555905093611346,0.028608016993496577,-6039.1
2025-04-27 01:00:00,0.12250459775724964,7.5740450053721995,0.026977295684946334,-6022.4
2025-04-27 02:00:00,0.1524636054042472,7.538494999413465,0.020013099636128295,-6050.9
2025-04-27 03:00:00,0.1333953587398602,7.444833273892193,0.016684516963473506,-5832.8
2025-04-27 04:00:00,0.11218882450666001,7.31455283232408,0.011470049954065864,-5699.7
2025-04-27 05:00:00,0.09820693772795641,7.142827401161621,0.0040002190203720644,-5583.8
2025-04-27 06:00:00,-0.018370332994221528,6.8658910748834385,0.006369098720065303,-4496.3
2025-04-27 07:00:00,-0.09254993586597271,6.725033642166843,0.0012905795715862922,-4542.7
2025-04-27 08:00:00,-0.06127676418714545,6.47543271670409,-0.0009946975140655567,-4766.8
2025-04-27 09:00:00,-0.11346498863655752,6.056784013228625,0.005708101330047732,-3639.1
2025-04-27 10:00:00,-0.11172266479484394,5.8944028342648505,0.00336678389609002,-2574.2
2025-04-27 11:00:00,-0.11684668843233226,5.886104031450156,-0.0023306394902249394,-1919.5
2025-04-27 12:00:00,-0.29979652125688894,5.517452896464707,-0.00717563348576622,-1721.6
2025-04-27 13:00:00,-0.4525632596344944,5.58724865840025,-0.008457725266111105,-1592.4
2025-04-27 14:00:00,-0.5649601966650888,5.638354669333745,-0.007900014264568433,-1557.2
2025-04-27 15:00:00,-0.26331130954863413,5.68697535633982,-0.010074561082091371,-1876.4
2025-04-27 16:00:00,-0.07810563583564756,6.304448802421981,-0.01561207357720118,-3248.9
2025-04-27 17:00:00,-0.0714968822777653,6.579251212010101,-0.013662255127614209,-4709.7
2025-04-27 18:00:00,-0.146217152499442,6.499787040655854,-0.010077462018455385,-4693.5
2025-04-27 19:00:00,-0.19908447523980932,6.513230110912307,-0.012690848186288406,-4627.1
2025-04-27 20:00:00,-0.13675681231089332,6.646390514847729,-0.01164751154831567,-4731.4
2025-04-27 21:00:00,-0.10151660144964092,6.803505257608338,-0.011417132896759163,-4647.7
2025-04-27 22:00:00,-0.04827318610120512,6.943122422819428,-0.0144453110264946,-5029.5
2025-04-27 23:00:00,-0.020116522511537838,7.024649030453636,-0.017095126061449584,-5126.4
2025-04-28 00:00:00,-0.0016761561597240515,7.101675971619444,-0.023520659150293888,-5186.5
2025-04-28 01:00:00,0.03745976491659464,7.094234845924755,-0.021353944122126656,-5190.1
2025-04-28 02:00:00,0.0037407556439390532,7.0909098220799835,-0.024319255550880214,-5146.5
2025-04-28 03:00:00,-0.028364449192941787,7.1098794630722715,-0.022507498710178098,-5110.6
2025-04-28 04:00:00,-0.059953353438251256,7.1372784372603855,-0.029761906177151687,-5071.9
2025-04-28 05:00:00,-0.1602701743108721,7.1049654482698426,-0.031312513621342575,-5008.7
2025-04-28 06:00:00,-0.21498014103061447,7.057897937411856,-0.03308487240881597,-5001.7
2025-04-28 07:00:00,-0.38645036416210665,7.01301578963963,-0.030628359569000452,-4839.4
2025-04-28 08:00:00,-0.4305395138335233,6.917705609835305,-0.03542170505439035,-4778.6
2025-04-28 09:00:00,-0.30640397965111177,6.759255270663693,-0.03117793365663335,-4805.7
2025-04-28 10:00:00,-0.1735867881155424,6.7464121285733745,-0.030009380780168016,-4919.3
2025-04-28 11:00:00,-0.27902031824221973,6.6895992691789665,-0.02437608050847473,-3855.3
2025-04-28 12:00:00,-0.3160220460763852,6.827629234502852,-0.02893570334431761,-3196.7
2025-04-28 13:00:00,-0.319317835593929,6.98100574072173,-0.029902853082625747,-2703.7
2025-04-28 14:00:00,-0.29347953382047587,7.222566018822171,-0.03241123896190867,-3124.5
2025-04-28 15:00:00,-0.2717282643319252,7.396335293800808,-0.04605474152714528,-3870.6
2025-04-28 16:00:00,-0.2712654195318591,7.5678626054638825,-0.057821138982294684,-4432.5
2025-04-28 17:00:00,-0.3040816472620924,7.83399634170946,-0.06375575464004601,-5440.5
2025-04-28 18:00:00,-0.32921291076560344,7.804251383528112,-0.06905436914199914,-5432.2
2025-04-28 19:00:00,-0.370894200438455,7.824445930877619,-0.06885678708619469,-5456.5
2025-04-28 20:00:00,-0.35067799615576645,7.85748078694253,-0.0670415367861601,-5573.2
2025-04-28 21:00:00,-0.29914962544948676,7.8868329989550565,-0.05655517242153607,-5514.7
2025-04-28 22:00:00,-0.24220485221666888,7.987864096085687,-0.052178850330379944,-5864.9
2025-04-28 23:00:00,-0.17161474995417603,8.016647877057803,-0.05274746523667595,-6005.8
2025-04-29 00:00:00,-0.1669284759768157,8.098642843759418,-0.05947499001846879,-5760.4
2025-04-29 01:00:00,-0.13524203370897414,8.1101268019411,-0.058439647814979345,-5744.8
2025-04-29 02:00:00,-0.15002659674292973,8.121777419161074,-0.06121516225802992,-5536.7
2025-04-29 03:00:00,-0.18023490532218833,8.07215530818825,-0.05978021153102642,-5213.0
2025-04-29 04:00:00,-0.24709204748391356,8.064007347096661,-0.06631037360923475,-4947.9
2025-04-29 05:00:00,-0.27366752564203534,8.089482474360754,-0.07510249096090327,-5239.1
2025-04-29 06:00:00,-0.2803081235734788,8.050065422915965,-0.07061967935412028,-5454.7
2025-04-29 07:00:00,-0.4116436129612038,8.191740021277457,-0.06299625458681302,-6148.6
2025-04-29 08:00:00,-0.43651064926576355,8.214194414852564,-0.055562307952739864,-6293.9
2025-04-29 09:00:00,-0.39421344787235224,8.166500319155052,-0.05303895444871465,-5967.4
2025-04-29 10:00:00,-0.2722323781141225,8.08825472712243,-0.05026856282227676,-6035.2
2025-04-29 11:00:00,-0.21645690957435004,7.773594467360194,-0.04720583530761768,-4972.8
2025-04-29 12:00:00,-0.20222811769334914,7.640123172695364,-0.048081971071649576,-4376.5
2025-04-29 13:00:00,-0.15365200125223621,7.588829878307813,-0.04248097239050175,-4100.4
2025-04-29 14:00:00,-0.14452128480760695,7.528869256642251,-0.04169170716468518,-4244.3
2025-04-29 15:00:00,-0.150831072042243,7.4949862339505335,-0.03208423020599849,-4581.3
2025-04-29 16:00:00,-0.0835911564808618,7.720905251936779,-0.028656912874167162,-5843.0
2025-04-29 17:00:00,-0.16266413664578705,7.597396320212795,-0.029784258924551388,-5605.9
2025-04-29 18:00:00,-0.19018191463544065,7.382124365737512,-0.030504879644200678,-5377.0
2025-04-29 19:00:00,-0.0246960997806025,7.085064293952548,-0.043826964390017764,-5170.4
2025-04-29 20:00:00,0.2652057899652269,6.891625897052253,-0.04976760272932168,-5181.1
2025-04-29 21:00:00,0.27255613757152375,6.773080375655535,-0.045609745092364484,-5084.2
2025-04-29 22:00:00,-0.014546654767404021,6.725033642166843,-0.035473601551478495,-4891.4
2025-04-29 23:00:00,-0.05455236916594597,6.655440350367647,-0.03772780062301084,-4823.3
2025-04-30 00:00:00,0.015323060946848432,6.466144724237619,-0.04084798687623259,-4993.3
2025-04-30 01:00:00,0.05557660018392774,6.507277712385012,-0.053211180036236705,-4996.6
2025-04-30 02:00:00,0.05646535398644126,6.608000625296087,-0.05163488969918717,-4991.8
2025-04-30 03:00:00,0.034723402757960375,6.771935555839602,-0.05605670577781385,-5075.1
2025-04-30 04:00:00,0.009821473485279064,6.962243464266207,-0.05937369913605295,-5240.4
2025-04-30 05:00:00,-0.06471450136461732,7.098375638590786,-0.06396513615273403,-5336.9
2025-04-30 06:00:00,-0.13108051879317895,7.162397497355718,-0.06915729475753185,-5409.0
2025-04-30 07:00:00,-0.30203067113093685,7.195187320178709,-0.05417172415295202,-5527.1
2025-04-30 08:00:00,-0.3463830944699611,7.282073658093465,-0.04228283778703279,-5641.8
2025-04-30 09:00:00,-0.21863254892287154,7.349230824613334,-0.037684551678605516,-5763.0
2025-04-30 10:00:00,-0.15816695402454828,7.3310603052186325,-0.03828729538744735,-5615.8
2025-04-30 11:00:00,-0.13761982017945984,7.241366283322318,-0.03614949841373161,-4616.6
2025-04-30 12:00:00,-0.11167134125950673,6.9363427358340495,-0.04160934909941538,-3983.0
2025-04-30 13:00:00,-0.07257250121018721,6.771935555839602,-0.04331292786747731,-3381.5
2025-04-30 14:00:00,-0.07096808126622767,6.7357800142423265,-0.0405160248492864,-3497.1
2025-04-30 15:00:00,-0.10621709053942752,6.794586580876499,-0.04589606459019091,-3778.0
2025-04-30 16:00:00,0.029763019611537267,7.029972911706386,-0.047548459986419545,-5362.2
2025-04-30 17:00:00,-0.14876004316810887,6.9930151229329605,-0.0558820176102941,-5081.4
2025-04-30 18:00:00,-0.1335875063095897,6.9440872082295275,-0.05457758970555915,-5067.0
2025-04-30 19:00:00,-0.15099718631854087,6.96979066990159,-0.08015412944893274,-5150.4
2025-04-30 20:00:00,-0.14201110619942314,7.111512116496157,-0.08932404420730577,-5265.2
2025-04-30 21:00:00,0.07521629946375485,7.2813856635702825,-0.07833874823795828,-5698.5
2025-04-30 22:00:00,-0.12439059063015279,7.447751280047908,-0.07458965023870778,-5315.2
2025-04-30 23:00:00,-0.08785161321348012,7.526178913346146,-0.0682365735166579,-5302.7
2025-05-01 00:00:00,0.07696147668763054,7.518064181233078,0.08794802416559211,-4992.9
2025-05-01 01:00:00,0.07501169030880384,7.506042178518122,0.10335995355398175,-4993.6
2025-05-01 02:00:00,0.06467258316295199,7.442492722794441,0.10261250824069545,-5040.3
2025-05-01 03:00:00,0.051564009952829615,7.325148957955575,0.09519694771052922,-4830.7
2025-05-01 04:00:00,0.03073675678781429,7.20414929203594,0.08796609564100688,-4632.2
2025-05-01 05:00:00,-0.04420862874847442,7.026426808699636,0.07162051743941156,-4451.6
2025-05-01 06:00:00,-0.08156930632729775,6.720220155135295,0.030674339041817156,-4547.5
2025-05-01 07:00:00,-0.1125675799918513,6.2166061010848646,-0.004981719352307401,-4450.0
2025-05-01 08:00:00,0.26441297211555215,5.652489180268651,-0.01614851176891463,-4558.4
2025-05-01 09:00:00,0.07064410164517065,5.54907608489522,-0.008286788464106465,-4396.0
2025-05-01 10:00:00,-0.0923998059095208,5.5093883366279774,0.004728953661896185,-2786.7
2025-05-01 11:00:00,-0.08487555975669991,5.834810737062605,0.003999159882431158,-2312.8
2025-05-01 12:00:00,-0.05468558605622942,6.124683390894205,-0.0032883096353923946,-1934.0
2025-05-01 13:00:00,-0.05865734338079598,6.335054251498059,-0.0012129985604447668,-1980.5
2025-05-01 14:00:00,-0.1648948633924685,6.4457198193855785,0.0017090595450239832,-2045.5
2025-05-01 15:00:00,-0.05115185104318787,6.872128101338986,0.000907551651947891,-2301.7
2025-05-01 16:00:00,0.04625129381083948,7.150701457592526,0.009298484304067323,-3527.7
2025-05-01 17:00:00,0.057276770898728735,7.561121589530238,0.014935181140385723,-5742.2
2025-05-01 18:00:00,-0.04869788499405203,7.588829878307813,0.028963508358910595,-5237.6
2025-05-01 19:00:00,-0.09296454186513037,7.693937325509272,0.0407530723455487,-4912.1
2025-05-01 20:00:00,-0.1278762902322046,7.795646536334594,0.04320140254282823,-4493.0
2025-05-01 21:00:00,-0.13492030678063482,7.933438387627489,0.03858103500928678,-4352.0
2025-05-01 22:00:00,-0.1300084624167348,8.00202481821611,0.03853640856645146,-4127.2
2025-05-01 23:00:00,-0.08945818085238821,7.975564658495202,0.034433859300387226,-4075.2
2025-05-02 00:00:00,-0.3125124720055541,8.014666370464942,-0.025825482143782885,-3599.7
2025-05-02 01:00:00,-0.30265869921118416,8.019612794400267,-0.01945902039213454,-3418.5
2025-05-02 02:00:00,-0.33048750809898664,8.002359546252707,-0.015120448824737842,-3422.1
2025-05-02 03:00:00,-0.325078511331649,7.980365765111246,-0.017791885284520248,-3307.0
2025-05-02 04:00:00,-0.32955792457140376,7.969357742016346,-0.013147571587034612,-3320.5
2025-05-02 05:00:00,-0.36445475215317913,7.909122183211411,-0.013522310648692581,-3165.2
2025-05-02 06:00:00,-0.38337293639852055,7.848153086199526,-0.0077726766842154404,-3099.9
2025-05-02 07:00:00,-0.4931732275471101,7.794823152179389,-0.0033868923892663716,-3304.4
2025-05-02 08:00:00,-0.521546420047772,7.711548979629146,-0.0006027016078249403,-3200.6
2025-05-02 09:00:00,-0.4341710255899365,7.646353722445999,0.0014971393240275077,-3159.6
2025-05-02 10:00:00,-0.35089936649897835,7.399398083331354,0.008549752162783086,-2441.8
2025-05-02 11:00:00,-0.3118667224392948,7.3427791893318455,0.01511273641040578,-2313.0
2025-05-02 12:00:00,-0.3028772473865975,7.078341579557671,0.009437695856572503,-1698.4
2025-05-02 13:00:00,-0.3429670983905311,7.095064377287131,0.0072339162890768804,-1664.2
2025-05-02 14:00:00,-0.35346936426594766,7.200424892944957,0.005497952017831764,-1807.6
2025-05-02 15:00:00,-0.26275612504464396,7.404279118037268,0.0018705704430486136,-2113.3
2025-05-02 16:00:00,-0.24563107804142215,7.573017256052546,0.003958009616839675,-2419.4
2025-05-02 17:00:00,-0.25875728571044343,7.92588031673756,0.007528770614887215,-3612.5
2025-05-02 18:00:00,-0.3076506356241939,7.954021087278037,-0.0012924366724593739,-4020.6
2025-05-02 19:00:00,-0.28411537070084814,7.979681302387741,-0.0025200053107292675,-4180.8
2025-05-02 20:00:00,-0.2629449596095137,8.078998258685154,-0.0012112155252790302,-4248.0
2025-05-02 21:00:00,-0.2457002260670076,8.105911197986508,-0.003105050616476035,-4278.1
2025-05-02 22:00:00,-0.2306500082661609,8.181160858023409,-7.665392158973106e-05,-4095.6
2025-05-02 23:00:00,-0.20321714340251873,8.22121009392507,-0.0014024985599956352,-3998.9
2025-05-03 00:00:00,-0.17173106074218403,8.039802343736485,-0.004493443200011882,-4091.2
2025-05-03 01:00:00,-0.17807618374230572,7.989560449333865,-0.0004942529360798531,-3996.9
2025-05-03 02:00:00,-0.18662107246053772,7.947678571301568,0.0022352157387794946,-3843.5
2025-05-03 03:00:00,-0.17005572313668438,7.969357742016346,0.010647495860950151,-3847.8
2025-05-03 04:00:00,-0.1612365602910728,7.947325027016463,0.014928301448718706,-3794.3
2025-05-03 05:00:00,-0.21353280049989998,7.9229859587111955,0.014116221290588982,-3649.0
2025-05-03 06:00:00,-0.22531943312576752,7.909489492673759,0.017320598438488766,-3628.4
2025-05-03 07:00:00,-0.2404181764868425,7.9617188159813645,0.009441258358046767,-3760.4
2025-05-03 08:00:00,-0.2642872595914838,7.988203597022576,0.017168469549846854,-3814.3
2025-05-03 09:00:00,-0.12756551643014102,7.984121958702927,0.01734256691618441,-3886.5
2025-05-03 10:00:00,-0.04551175576077604,7.896924656268864,0.01639784239390263,-3606.4
2025-05-03 11:00:00,0.009993257167319136,7.861341795599989,0.0035229132670950847,-3584.9
2025-05-03 12:00:00,0.03672601971979805,7.752335163302292,0.005162307970516089,-3021.5
2025-05-03 13:00:00,0.07643386179271694,7.685703061234547,0.0033483121739967814,-2882.9
2025-05-03 14:00:00,0.15067769954803323,7.675081857716334,0.0031382452386576887,-2863.8
2025-05-03 15:00:00,-0.002772511983904824,7.762170607138205,0.002239613137594354,-3070.1
2025-05-03 16:00:00,-0.02363554265538692,7.8434564043761155,0.007508072264673871,-3496.8
2025-05-03 17:00:00,-0.08662434025413335,8.038189179973203,0.011268029280321556,-4191.0
2025-05-03 18:00:00,-0.15710955224322287,8.005367067316664,0.023265645704840132,-4334.1
2025-05-03 19:00:00,-0.17553467815826407,7.947678571301568,0.01804178377294363,-4163.1
2025-05-03 20:00:00,-0.15400577947958816,7.922261058353247,0.02240703040422609,-4151.5
2025-05-03 21:00:00,-0.15232267281294387,7.927685045615778,0.02532138298917186,-4107.5
2025-05-03 22:00:00,-0.1540561880642044,7.893572073504902,0.020965406349210625,-3793.1
2025-05-03 23:00:00,-0.14539795195028216,7.947325027016463,0.020558423983005447,-3781.9
2025-05-04 00:00:00,-0.08111294046774953,8.00836557031292,0.035723966172983346,-4098.6
2025-05-04 01:00:00,-0.10490286218204581,8.016977746762262,0.03402538384135578,-4010.7
2025-05-04 02:00:00,-0.16227441531006015,7.990238185720363,0.03834302515932375,-3889.8
2025-05-04 03:00:00,-0.15382945876785348,8.012349639327795,0.043360901724656564,-3842.7
2025-05-04 04:00:00,-0.1636100361901871,7.95892649305011,0.04654159378536882,-3706.6
2025-05-04 05:00:00,-0.19517290097061313,7.939515260662406,0.05305154408152912,-3564.7
2025-05-04 06:00:00,-0.20831613290575923,7.9483852851118995,0.05003709877665852,-3392.3
2025-05-04 07:00:00,-0.2819722136794436,7.893572073504902,0.047459058029280854,-3203.9
2025-05-04 08:00:00,-0.23454433184448398,7.8399193600125825,0.037424141920838316,-2999.3
2025-05-04 09:00:00,-0.16029644971668988,7.6760099320288875,0.0429368953768785,-2615.3
2025-05-04 10:00:00,-0.060758786368815265,7.6760099320288875,0.04375064443122145,-2742.9
2025-05-04 11:00:00,-0.02144016764894907,7.7039102096163115,0.04120128775078147,-2824.7
2025-05-04 12:00:00,0.0009999038123802428,7.726212650507529,0.031924202138682745,-2917.3
2025-05-04 13:00:00,0.020866237983580227,7.665284718471351,0.03440444462089243,-2813.8
2025-05-04 14:00:00,-0.06860216869862379,7.478734825567875,0.04057618651839601,-2433.4
2025-05-04 15:00:00,-0.056251941927169646,7.808729306744399,0.04107303703959797,-3070.6
2025-05-04 16:00:00,-0.12047396329939275,7.952966790923131,0.03846529831737033,-3419.5
2025-05-04 17:00:00,-0.19537420158732877,8.054204897064407,0.0369561457681753,-3795.6
2025-05-04 18:00:00,-0.25569966957560775,8.240121298076472,0.05137746010914945,-4768.8
2025-05-04 19:00:00,-0.2477746034764845,8.214735833382303,0.06385138179415062,-4728.0
2025-05-04 20:00:00,-0.20151918931214707,8.18088094199639,0.06469091131245008,-4791.7
2025-05-04 21:00:00,-0.1680854596757526,8.19946419761216,0.06589915128292834,-5480.6
2025-05-04 22:00:00,-0.14486936798024885,8.182000136293405,0.06776640127068845,-5301.8
2025-05-04 23:00:00,-0.12129406149173327,8.139440521874608,0.07313543182659199,-4964.4
2025-05-05 00:00:00,-0.1349152038246899,8.020927718981577,0.06843224435387363,-4177.9
2025-05-05 01:00:00,-0.18655807994062723,7.7458682297922685,0.07368092160022588,-3388.5
2025-05-05 02:00:00,-0.19590362758423518,7.681560362559537,0.07907337411601567,-3291.9
2025-05-05 03:00:00,-0.15027190238590205,7.762596048540069,0.08430488864068675,-3951.4
2025-05-05 04:00:00,-0.14496740509551387,7.630461261783627,0.0877643777256738,-3747.2
2025-05-05 05:00:00,-0.1755868635214295,7.505492274737424,0.09164492148807302,-4492.3
2025-05-05 06:00:00,-0.11016249895814845,7.370860166536716,0.08500566616574456,-5165.4
2025-05-05 07:00:00,0.4099604308030429,7.366445148327599,0.06994817869656789,-5410.4
2025-05-05 08:00:00,0.3327689597214274,7.501634457883413,0.06271076340787829,-5446.8
2025-05-05 09:00:00,-0.038021474546737544,7.624130585661289,0.06160600685200546,-5591.4
2025-05-05 10:00:00,-0.13399684953774083,7.7702232041587855,0.05359233001716923,-5228.6
2025-05-05 11:00:00,-0.15878750039037115,7.914617709040679,0.05805390145755229,-4890.3
2025-05-05 12:00:00,-0.20143939054173687,8.047509510981422,0.06025755647933284,-4675.3
2025-05-05 13:00:00,-0.18807247981179565,8.129174996911793,0.06513694900421285,-4690.5
2025-05-05 14:00:00,-0.23340171390260966,8.114623886420098,0.06252368752772774,-4513.7
2025-05-05 15:00:00,-0.236891706226511,8.16735198705607,0.05295229404308088,-4643.0
2025-05-05 16:00:00,-0.2088845923576308,8.254528881939745,0.05631923373132075,-5093.1
2025-05-05 17:00:00,-0.28952671081180537,8.352082671352637,0.048143124786949265,-5428.4
2025-05-05 18:00:00,-0.26697164771464443,8.329175442077402,0.0526815655708166,-6309.7
2025-05-05 19:00:00,-0.24241106896048814,8.259199362666282,0.0513723085548623,-6642.6
2025-05-05 20:00:00,-0.2527489978315236,8.19478163844336,0.05337293641528529,-6473.9
2025-05-05 21:00:00,-0.24065475162423944,8.168202930236053,0.06236351350694136,-6232.0
2025-05-05 22:00:00,-0.23568478866984366,8.16763571524637,0.06189333052807999,-5423.1
2025-05-05 23:00:00,-0.2119713109995205,8.153349757998892,0.0639489094242558,-4569.0
2025-05-06 00:00:00,-0.0952551088420357,8.248790733696413,0.06886778160732554,-5374.6
2025-05-06 01:00:00,-0.0746755472907048,8.142645185942795,0.07480974674940111,-4904.2
2025-05-06 02:00:00,-0.07066324708777749,8.01862546504575,0.08097946180160154,-4624.1
2025-05-06 03:00:00,-0.08337401402973788,7.888334500738654,0.08636103912027249,-4302.2
2025-05-06 04:00:00,-0.023888199621242556,7.748460023899697,0.08563367561977131,-4473.6
2025-05-06 05:00:00,0.17738620528013094,7.600902459542082,0.08706806957655555,-5043.4
2025-05-06 06:00:00,0.8547857353273711,7.427738840532894,0.07828589027200383,-5295.6
2025-05-06 07:00:00,0.8989880375005548,7.2868764117507,0.06710958619230212,-5059.2
2025-05-06 08:00:00,0.8406266841732135,7.212294468500341,0.0702051094007583,-4855.1
2025-05-06 09:00:00,0.6832886127122535,7.212294468500341,0.07360301311154238,-4685.0
2025-05-06 10:00:00,0.4444137564042281,7.270312886079025,0.07308763581568467,-4449.6
2025-05-06 11:00:00,0.07926654766619512,7.342131730584722,0.07100402705494879,-4227.5
2025-05-06 12:00:00,0.092479588960241,7.422971251049421,0.06679111602558319,-4284.4
2025-05-06 13:00:00,0.11060039074604777,7.519149957669823,0.07046458903424035,-4372.4
2025-05-06 14:00:00,0.09224619417288293,7.622663951323595,0.07509399879192191,-4640.4
2025-05-06 15:00:00,0.11294952511682865,7.675081857716334,0.07327018575211763,-4942.9
2025-05-06 16:00:00,0.0753039315233468,7.705262474866325,0.07427603006873884,-5076.2
2025-05-06 17:00:00,-0.009625051027867482,7.7025561132685825,0.06638143766361448,-4848.0
2025-05-06 18:00:00,0.1185379355927263,7.615791072035833,0.07807795873085777,-5066.5
2025-05-06 19:00:00,0.5122071903020569,7.444248649496705,0.07106966883668608,-5056.9
2025-05-06 20:00:00,0.7593550519631602,7.324489979348532,0.07059124795773997,-4957.6
2025-05-06 21:00:00,0.8083258950171075,7.27655640271871,0.0749985379225313,-4902.6
2025-05-06 22:00:00,0.4426377330530755,7.280008252884188,0.0769373947886054,-4874.5
2025-05-06 23:00:00,0.28879599776584053,7.315883504509785,0.07895478633544872,-4670.1
2025-05-07 00:00:00,0.28304360433210674,7.140453043101158,0.0818423154143062,-3810.8
2025-05-07 01:00:00,0.15959092954503884,7.1693500166706,0.09153059764804983,-3747.1
2025-05-07 02:00:00,0.12216113699211428,7.215975002651466,0.0900686919475886,-3726.3
2025-05-07 03:00:00,0.09903066549006434,7.232733136177615,0.09163008409982876,-3713.6
2025-05-07 04:00:00,0.23653923267580046,7.210079628170788,0.0938876049742321,-3972.0
2025-05-07 05:00:00,0.8060018387070604,7.1308988302963465,0.09986499673567373,-4333.2
2025-05-07 06:00:00,1.2408478551854563,6.898714534329988,0.09477435939137457,-4765.3
2025-05-07 07:00:00,1.3292557903007038,6.541029999189903,0.0821808677609086,-4603.9
2025-05-07 08:00:00,1.205579453737494,6.343880434126331,0.0773569126977609,-4419.9
2025-05-07 09:00:00,1.0613678736649756,6.447305862541213,0.07197855131619679,-4373.2
2025-05-07 10:00:00,0.8467405997796078,6.618738983517219,0.07069960619611759,-4223.0
2025-05-07 11:00:00,0.988874698414846,6.747586526829315,0.06811297827776297,-3801.9
2025-05-07 12:00:00,0.9162442981079675,6.843749949006225,0.06430984962200004,-3716.1
2025-05-07 13:00:00,0.8914790248219937,6.954638864880987,0.06825026652342636,-3722.6
2025-05-07 14:00:00,0.8869168688796414,7.0630481633881725,0.06577661435745252,-4017.3
2025-05-07 15:00:00,0.8563344317620594,7.176254532017144,0.0629847973968074,-4142.0
2025-05-07 16:00:00,0.4662182455757993,7.2456550675945355,0.06989852584074097,-4269.6
2025-05-07 17:00:00,1.0757852149691756,7.251344983372214,0.07113573272750706,-4495.9
2025-05-07 18:00:00,1.125227974664285,7.129297548929373,0.08193506310803844,-4685.0
2025-05-07 19:00:00,1.1184611333838896,6.93537044601511,0.07200502004491227,-4912.1
2025-05-07 20:00:00,1.12003858333164,6.775366090936392,0.06848439199109713,-4859.6
2025-05-07 21:00:00,1.142685764081092,6.651571873589727,0.0713119338794348,-4766.9
2025-05-07 22:00:00,1.2223150615168397,6.529418838262226,0.07066408584444606,-4677.8
2025-05-07 23:00:00,1.184800995390554,6.376726947898627,0.06964849605037404,-4456.1
2025-05-08 00:00:00,1.223925499575727,5.953243334287785,0.07140638575570879,-3904.8
2025-05-08 01:00:00,1.182099924185139,5.720311776607412,0.07455509419500306,-3733.1
2025-05-08 02:00:00,1.1677140132192134,5.43372200355424,0.07352919227603483,-3607.2
2025-05-08 03:00:00,1.176935762164213,5.19295685089021,0.07247678195433682,-3650.8
2025-05-08 04:00:00,1.1692311840280718,5.030437921392435,0.07371833984731602,-3715.8
2025-05-08 05:00:00,1.2047177579840094,4.927253685157205,0.0771716486371874,-3974.9
2025-05-08 06:00:00,1.2714469460185498,4.812184355372417,0.07633787276996795,-4087.9
2025-05-08 07:00:00,1.279748425280336,4.624972813284271,0.06618310032541075,-4029.3
2025-05-08 08:00:00,1.1062791027335086,4.406719247264253,0.05938721714669981,-3837.4
2025-05-08 09:00:00,1.0589598482358538,4.356708826689592,0.0603195669182659,-3554.1
2025-05-08 10:00:00,1.0807556171087542,4.382026634673881,0.059854205495661006,-3335.3
2025-05-08 11:00:00,1.0157945152676042,4.465908118654584,0.06258752475360563,-3167.9
2025-05-08 12:00:00,0.9574968878709607,4.5217885770490405,0.064856209257532,-3055.5
2025-05-08 13:00:00,0.9836608726641014,4.605170185988092,0.06533965250975449,-3065.4
2025-05-08 14:00:00,1.051292583392585,4.700480365792417,0.06317264110775245,-3174.4
2025-05-08 15:00:00,1.200411777810734,4.844187086458591,0.06785042989977175,-3408.3
2025-05-08 16:00:00,1.221566390493602,5.030437921392435,0.06406126959653857,-3681.7
2025-05-08 17:00:00,1.1898627021119834,5.236441962829949,0.06052682208252946,-3854.0
2025-05-08 18:00:00,1.2340901377973985,5.438079308923196,0.057789776794443526,-4126.5
2025-05-08 19:00:00,1.2880646850483917,5.780743515792329,0.05839278827289274,-4310.4
2025-05-08 20:00:00,1.429269776557251,6.154858094016418,0.05331899104154392,-4566.1
2025-05-08 21:00:00,1.341381842981333,6.405228458030842,0.05549207416242474,-4455.8
2025-05-08 22:00:00,1.2344058033058403,6.606650186198215,0.05456711313561513,-4353.0
2025-05-08 23:00:00,1.1851540907421247,6.731018100482083,0.055381056048884325,-4132.6
2025-05-09 00:00:00,0.7825305088874348,7.142827401161621,0.0402009848979743,-4202.2
2025-05-09 01:00:00,0.7949048216628407,7.198931240688173,0.039400104899701915,-4265.5
2025-05-09 02:00:00,0.7834643143847444,7.232010331664759,0.04261839019293667,-4296.5
2025-05-09 03:00:00,0.6989007329732475,7.284134806195205,0.043140665710637016,-4373.7
2025-05-09 04:00:00,0.5990048181187504,7.337587743538596,0.045989153420939566,-4576.1
2025-05-09 05:00:00,0.7490620909799066,7.313886831633462,0.04870903734245058,-4846.5
2025-05-09 06:00:00,0.332510830482474,7.213768308118642,0.05913217605504162,-4873.9
2025-05-09 07:00:00,0.5645574558588713,7.044905117129371,0.05476252260270709,-5058.3
2025-05-09 08:00:00,0.8935488180719089,6.882437470997847,0.05475177155778432,-5068.9
2025-05-09 09:00:00,0.8886847829084532,6.771935555839602,0.04905855052296637,-4997.1
2025-05-09 10:00:00,0.7965443753825214,6.639875833826536,0.053227807431613705,-4577.6
2025-05-09 11:00:00,0.8127735674346983,6.476972362889683,0.05602753404891292,-4092.2
2025-05-09 12:00:00,0.7829604164611847,6.3473892096560105,0.057946050808977745,-3675.3
2025-05-09 13:00:00,0.7389674464357938,6.253828811575473,0.05605278351108112,-3569.8
2025-05-09 14:00:00,0.6658848565665147,6.192362489474872,0.049500294201208384,-3671.9
2025-05-09 15:00:00,0.7706607825981431,6.124683390894205,0.04310736604773435,-3834.3
2025-05-09 16:00:00,0.8155016048458128,6.035481432524756,0.03900763235732274,-4057.6
2025-05-09 17:00:00,0.8280010997048839,5.966146739123692,0.0361438617000891,-4362.1
2025-05-09 18:00:00,0.7252989046940641,5.8888779583328805,0.033819420604283223,-4308.6
2025-05-09 19:00:00,0.7522157341313402,5.82600010738045,0.038613878179581285,-4376.8
2025-05-09 20:00:00,0.7670823918998755,5.82600010738045,0.03710764877685779,-4172.3
2025-05-09 21:00:00,0.760030975939455,5.877735781779639,0.03837008809042963,-4144.0
2025-05-09 22:00:00,0.6911889930605248,5.918893854273146,0.03356015084041086,-3748.3
2025-05-09 23:00:00,0.5711847612549796,5.902633333401366,0.034337596170766815,-3627.3
2025-05-10 00:00:00,0.6681746581461971,5.4638318050256105,0.04202657243488073,-3669.6
2025-05-10 01:00:00,0.7652628967015955,5.351858133476067,0.041005477970673,-3778.8
2025-05-10 02:00:00,0.8412047228059922,5.236441962829949,0.04337212129926815,-3814.6
2025-05-10 03:00:00,0.8335699579674261,5.159055299214529,0.045896258796216394,-3916.9
2025-05-10 04:00:00,0.7866280973442761,5.087596335232384,0.04449343683254625,-4102.9
2025-05-10 05:00:00,0.8218431651135383,4.990432586778736,0.04452943560198985,-4206.2
2025-05-10 06:00:00,0.8270675541778285,4.852030263919617,0.04361259062062217,-4105.8
2025-05-10 07:00:00,0.9271534654259117,4.718498871295094,0.04060435242338656,-4226.4
2025-05-10 08:00:00,0.785398986110871,4.653960350157523,0.03217813220041155,-4094.5
2025-05-10 09:00:00,0.5159973857063314,4.718498871295094,0.031641846927601414,-3477.6
2025-05-10 10:00:00,0.34176746487512943,4.8283137373023015,0.02206357992958008,-2841.7
2025-05-10 11:00:00,0.3778090663764919,4.919980925828125,0.01885867708144673,-2364.4
2025-05-10 12:00:00,0.36714213316345967,5.0238805208462765,0.020676517006995354,-2096.5
2025-05-10 13:00:00,0.44263905676327475,5.135798437050262,0.014499624843494097,-1946.6
2025-05-10 14:00:00,0.5226041665270507,5.236441962829949,0.010396607688980097,-1974.2
2025-05-10 15:00:00,0.3431560598793433,5.342334251964811,0.010772648175543686,-2401.1
2025-05-10 16:00:00,0.40001188453596814,5.407171771460119,0.017132785638882986,-3288.2
2025-05-10 17:00:00,0.7582415383902452,5.484796933490655,0.008761762304262177,-4183.2
2025-05-10 18:00:00,1.0679633850020762,5.673323267171493,0.015890074470051196,-4596.1
2025-05-10 19:00:00,0.8569601688193975,5.976350909297934,0.012501603397327976,-4665.4
2025-05-10 20:00:00,0.5780133974735806,6.340359303727752,0.00950362556831763,-4505.3
2025-05-10 21:00:00,0.6276276040925888,6.637258031284457,0.0031802571119587952,-4720.0
2025-05-10 22:00:00,0.6942292753868724,6.826545223556594,0.002969264456467613,-4793.5
2025-05-10 23:00:00,0.5090841252524103,6.874198495453294,0.0014981265040656666,-4472.0
2025-05-11 00:00:00,0.5616377810809863,6.776506992372183,0.01800198337357095,-4423.0
2025-05-11 01:00:00,0.6600663940399851,6.717804695023691,0.016633641129486954,-4482.6
2025-05-11 02:00:00,0.7848374003112628,6.634633357861686,0.009205321224934337,-4526.8
2025-05-11 03:00:00,0.7085987653657462,6.52795791762255,0.012888527769681524,-4531.6
2025-05-11 04:00:00,0.7063418934024064,6.418364935936212,0.007448667994091274,-4518.5
2025-05-11 05:00:00,0.6971434069558979,6.311734809152915,0.009992054621082325,-4540.1
2025-05-11 06:00:00,0.8146541201322686,6.173786103901937,0.0002886211654153925,-4419.4
2025-05-11 07:00:00,0.8440390491767804,5.872117789475416,-0.0019336973002959112,-4422.7
2025-05-11 08:00:00,0.18951701590918324,5.579729825986222,-0.011081971685683811,-3423.4
2025-05-11 09:00:00,0.1865607995286247,5.645446897643238,-0.0024528069219318382,-2781.1
2025-05-11 10:00:00,0.24034630641510635,5.780743515792329,-0.0017554445370207006,-2249.3
2025-05-11 11:00:00,0.16452679500467937,5.855071922202427,-0.0013035006036892227,-2099.8
2025-05-11 12:00:00,0.1718668867762001,5.886104031450156,-0.002640699478404507,-1870.2
2025-05-11 13:00:00,0.2391278963534953,5.918893854273146,0.00028039878476437963,-1916.8
2025-05-11 14:00:00,0.19876776329917512,5.8916442118257715,0.0031825219041312636,-1925.2
2025-05-11 15:00:00,0.12288284741411859,5.877735781779639,-0.007334058747444416,-2040.9
2025-05-11 16:00:00,0.1460719082171238,5.921578419643816,-0.012664048205233591,-2464.7
2025-05-11 17:00:00,0.5202779473469565,5.993961427306569,-0.011500538535802463,-3975.0
2025-05-11 18:00:00,0.7448492696411604,6.139884552226255,0.004095926478323797,-4474.4
2025-05-11 19:00:00,0.4758196946850699,6.408528791059498,0.014685424479966791,-4456.5
2025-05-11 20:00:00,0.38895539482930586,6.748759547491679,0.01291464178873003,-4563.2
2025-05-11 21:00:00,0.3791880088569992,7.007600613951853,0.012976749828585987,-4784.3
2025-05-11 22:00:00,0.4144623693922642,7.122059881629142,0.012064799979819796,-4666.0
2025-05-11 23:00:00,0.5489338576321039,7.1098794630722715,0.013651879426319624,-4649.1
2025-05-12 00:00:00,0.6943133625684963,7.131090811866706,0.013800679615833644,-4520.4
2025-05-12 01:00:00,0.8540199978028555,7.151861568717042,0.017765736763315942,-4470.7
2025-05-12 02:00:00,0.9688369898761282,7.172209665314614,0.017467583120146735,-4389.6
2025-05-12 03:00:00,0.9132007047250692,7.192151960442389,0.02116510886414602,-4309.2
2025-05-12 04:00:00,0.877073028438736,7.21170432389779,0.018133547684390017,-4293.8
2025-05-12 05:00:00,0.9054986082259306,7.230881712367113,0.030657704939793362,-4419.0
2025-05-12 06:00:00,0.23305945244765702,7.249698238160355,0.028692808329213726,-3897.5
2025-05-12 07:00:00,0.609497578403003,7.268167231597778,0.022738534284487244,-4082.9
2025-05-12 08:00:00,1.054341243765264,7.286301297739038,0.015095750273744102,-4242.1
2025-05-12 09:00:00,0.807362713132278,7.304112368059574,0.009631900001983773,-4152.3
2025-05-12 10:00:00,0.4683544156439261,7.321611747604871,0.0029343413196460943,-3838.6
2025-05-12 11:00:00,0.48672380623988687,7.338810158089298,-0.0015720461019386178,-3832.0
2025-05-12 12:00:00,0.38712708835856935,7.355717777350992,0.0017881828291868018,-3822.1
2025-05-12 13:00:00,0.11164322966859697,7.372344275526373,-0.002095781217049897,-3544.4
2025-05-12 14:00:00,0.18284702514632434,7.388698848266207,-0.006308140396591888,-3629.4
2025-05-12 15:00:00,0.44868034782580146,7.404790247278903,-0.013974084275484522,-4100.0
2025-05-12 16:00:00,0.5804135883230588,7.420626808455048,-0.015973306758892747,-4328.5
2025-05-12 17:00:00,0.1607335310891913,7.436216477799441,-0.01408893351495788,-4135.7
2025-05-12 18:00:00,0.15178900287476438,7.451566835372592,-0.008186818543762797,-3920.6
2025-05-12 19:00:00,0.20874222331910453,7.466685117422274,-0.010467654487958278,-4164.4
2025-05-12 20:00:00,0.268145360882734,7.48157823686687,-0.004176407844028063,-4201.4
2025-05-12 21:00:00,0.15062276194454238,7.496252802275662,-0.0036445156099897957,-4039.0
2025-05-12 22:00:00,0.2542501241527009,7.510715135476498,-0.003428933581926863,-4081.3
2025-05-12 23:00:00,0.1869589501215505,7.524971287908259,0.0026019008105322428,-4092.5
2025-05-13 00:00:00,-0.029486404410768774,7.539027055823995,-0.03075084172537057,-4571.5
2025-05-13 01:00:00,-0.09147733737464758,7.5745584842024805,-0.0342058651856858,-4059.0
2025-05-13 02:00:00,-0.06597354019652268,7.589841512182657,-0.04038139520266615,-4211.4
2025-05-13 03:00:00,0.03220186323417007,7.594381242551817,-0.04530799793338147,-5065.3
2025-05-13 04:00:00,0.1002721596598044,7.5126175446745105,-0.048996571770661745,-5321.7
2025-05-13 05:00:00,0.06867878238433445,7.43543801981455,-0.043821313585127974,-5420.1
2025-05-13 06:00:00,0.11509771729458818,7.329093736246592,-0.032679641445655605,-5390.2
2025-05-13 07:00:00,0.0103863709721157,7.232010331664759,-0.018784879184311265,-5284.2
2025-05-13 08:00:00,-0.08096574547152047,7.269616749608169,-0.013153471063582778,-5386.0
2025-05-13 09:00:00,0.03162314498693375,7.478734825567875,-0.012100129081429323,-5800.8
2025-05-13 10:00:00,-0.008668516138047977,7.757051142032013,-0.01790986884069312,-5833.4
2025-05-13 11:00:00,-0.09484306377668039,7.903965634032166,-0.021686635861825287,-5047.2
2025-05-13 12:00:00,-0.11089308058564029,7.988882253309227,-0.01704877148249384,-4880.3
2025-05-13 13:00:00,-0.16060150323533318,7.906178840394815,-0.018378849536526687,-3877.1
2025-05-13 14:00:00,-0.17798839990269189,8.104703468371108,-0.014308567554104812,-4682.5
2025-05-13 15:00:00,-0.16257194955351562,8.165079258805068,-0.00872864941396756,-4899.7
2025-05-13 16:00:00,-0.17847658925275312,8.236685322712457,-0.012483552887078808,-5300.1
2025-05-13 17:00:00,-0.20782830178372302,8.414495793177895,-0.015448580584017435,-6310.8
2025-05-13 18:00:00,-0.2900817492639538,8.440312147080279,-0.013153357498645768,-6022.6
2025-05-13 19:00:00,-0.3713949328584403,8.380456667842767,-0.0171307689351341,-5856.1
2025-05-13 20:00:00,-0.35748938426125854,8.481358738407021,-0.013998162101482414,-6470.2
2025-05-13 21:00:00,-0.34787789541456693,8.48920515487607,-0.015326802777653192,-6433.1
2025-05-13 22:00:00,-0.31251623955025654,8.430109084509125,-0.010828073180126907,-6103.1
2025-05-13 23:00:00,-0.26990557404617865,8.350902451694811,-0.00919749208997267,-5406.8
2025-05-14 00:00:00,-0.3285225975649517,7.9215356321335495,-0.017018611739456624,-3781.9
2025-05-14 01:00:00,-0.29059024667269906,7.9211727215870145,-0.02207981748191834,-3728.1
2025-05-14 02:00:00,-0.283700246136096,8.017307507688582,-0.024323760376576686,-3955.2
2025-05-14 03:00:00,-0.2544936894834251,8.013674142832684,-0.021958221926365873,-3925.1
2025-05-14 04:00:00,-0.2809546701456309,7.982757702011113,-0.023529143728860724,-3873.9
2025-05-14 05:00:00,-0.3221692522025932,8.155362120328135,-0.024155288951082987,-4459.2
2025-05-14 06:00:00,-0.3272470937142615,8.372629740224884,-0.006949788623067832,-5572.5
2025-05-14 07:00:00,-0.469502936399961,8.36264243156764,0.004605556474880146,-5444.9
2025-05-14 08:00:00,-0.4634068713555579,8.312135107648412,0.004467907823495487,-5197.9
2025-05-14 09:00:00,-0.33641988097855746,8.480736654405622,0.00489882370720629,-6205.9
2025-05-14 10:00:00,-0.3080229265133849,8.149890544402423,-0.0037848956137622736,-4534.6
2025-05-14 11:00:00,-0.2880291156855548,8.013012110368916,-0.0019812149064089013,-3777.6
2025-05-14 12:00:00,-0.2687903051977174,7.949797216161852,0.003824960915553177,-3445.1
2025-05-14 13:00:00,-0.25620591752037347,7.902487437162855,0.005402362863763166,-3208.5
2025-05-14 14:00:00,-0.2766889344881469,7.903596289614301,0.010352690612122295,-3220.1
2025-05-14 15:00:00,-0.2821580438844853,7.971085753505607,0.010738441226370021,-3370.8
2025-05-14 16:00:00,-0.31692620133883675,8.069029328774958,0.01995988607622934,-3744.3
2025-05-14 17:00:00,-0.24455117835891782,8.54849804124465,0.013815078674343617,-5850.9
2025-05-14 18:00:00,-0.3208429282948475,8.493924564476883,0.014544724747565851,-5956.0
2025-05-14 19:00:00,-0.3452649678688169,8.440528106480752,0.004576482079944988,-5623.8
2025-05-14 20:00:00,-0.3331222069919648,8.46779284112111,0.00031490465935046785,-5872.7
2025-05-14 21:00:00,-0.297426601560419,8.54830418644129,-0.003387929383606547,-6487.4
2025-05-14 22:00:00,-0.2577033141290661,8.536211197252,-0.0022426849636421053,-6430.8
2025-05-14 23:00:00,-0.20999747573563754,8.461257559085935,-0.0007443015514851936,-5919.6
2025-05-15 00:00:00,-0.2176619145832519,8.36474106822456,-0.015445234064478619,-5668.1
2025-05-15 01:00:00,-0.22279472752219975,8.345455428161928,-0.026060454078598028,-5345.5
2025-05-15 02:00:00,-0.23764186758805517,8.335431477880796,-0.02453927913737175,-5453.3
2025-05-15 03:00:00,-0.22309036295699425,8.37378460812088,-0.02175484300878061,-5581.5
2025-05-15 04:00:00,-0.2240748214461914,8.40200678160712,-0.02642781463445143,-5856.8
2025-05-15 05:00:00,-0.2577083364270405,8.396831834745054,-0.026379613490144393,-6471.0
2025-05-15 06:00:00,-0.3728308892582586,8.335431477880796,-0.014158620255709131,-6454.4
2025-05-15 07:00:00,-0.4691348599889027,8.298041661371565,-0.009166336916376139,-6223.0
2025-05-15 08:00:00,-0.46622010862058216,8.282483003730562,-0.011912460438166406,-6357.6
2025-05-15 09:00:00,-0.36604902506472703,8.268731832117737,-0.010958842761682241,-6261.3
2025-05-15 10:00:00,-0.35335909358158313,7.916807490937603,-0.02142621119925181,-4083.3
2025-05-15 11:00:00,-0.35950330405861086,7.891330757661889,-0.02166065622532809,-3798.1
2025-05-15 12:00:00,-0.3266457616278884,7.763021309018518,-0.023779863459099992,-3058.7
2025-05-15 13:00:00,-0.32776860949161524,7.62608275807238,-0.02244113284282978,-2642.0
2025-05-15 14:00:00,-0.3336776115037732,7.619233416226805,-0.020751360783625827,-2649.4
2025-05-15 15:00:00,-0.2951707444143983,7.666221925662725,-0.013647916281208872,-2777.9
2025-05-15 16:00:00,-0.24497400413016734,7.827240901752812,-0.011039472682965012,-3342.9
2025-05-15 17:00:00,-0.2836026656570665,8.114623886420098,-0.011281221462498436,-4812.3
2025-05-15 18:00:00,-0.19442487094719452,8.176110342237342,-0.016403479568958268,-6305.7
2025-05-15 19:00:00,-0.2506684371049368,8.145549631783584,-0.018059251269915144,-6106.9
2025-05-15 20:00:00,-0.24870964966368314,8.154500175151941,-0.02284236992402011,-6234.8
2025-05-15 21:00:00,-0.16896891268105296,8.206583614320753,-0.02617412344257808,-7039.8
2025-05-15 22:00:00,-0.25542923675489027,8.209852481301272,-0.01932346298690213,-5733.2
2025-05-15 23:00:00,-0.2525561507856695,7.995643604287271,-0.022139582191942786,-4559.0
2025-05-16 00:00:00,-0.21024461969056407,8.09925056179696,-0.030990115960624287,-4219.6
2025-05-16 01:00:00,-0.19506012384068017,8.17103418920548,-0.030603022970804084,-4458.4
2025-05-16 02:00:00,-0.20476496368993446,8.165079258805068,-0.033578454729447316,-4493.1
2025-05-16 03:00:00,-0.1856589760819043,8.177515823846075,-0.032294446651147446,-4602.1
2025-05-16 04:00:00,-0.18008080824960082,8.122074375362217,-0.03741901559035643,-4653.6
2025-05-16 05:00:00,-0.2271441021596905,8.0519780789023,-0.042547243980504135,-4747.6
2025-05-16 06:00:00,-0.18912965049963804,7.964850887447313,-0.03151808458501826,-5774.0
2025-05-16 07:00:00,-0.20468675767965339,7.817222785508166,-0.01496779773289525,-6048.8
2025-05-16 08:00:00,-0.09742405433506507,7.6676260915849905,-0.014356500079315992,-5931.6
2025-05-16 09:00:00,-0.18461437593002206,7.611842399580417,-0.019934320963984398,-5565.1
2025-05-16 10:00:00,-0.11409994694832193,7.605890001053122,-0.017821538718235885,-5204.8
2025-05-16 11:00:00,-0.21564925988438466,7.549082710812286,-0.021512739397838487,-3746.5
2025-05-16 12:00:00,-0.21520497552128282,7.247792581767846,-0.017550448861074486,-3089.3
2025-05-16 13:00:00,-0.1884529804346129,7.340186835320115,-0.012858083793611641,-2843.9
2025-05-16 14:00:00,-0.2059077969891132,7.45876269238096,-0.008582476506282077,-3078.3
2025-05-16 15:00:00,-0.18319205804076955,7.659171367666058,-0.01598155032227222,-3575.9
2025-05-16 16:00:00,-0.15049211645513427,7.968665700466235,-0.014962298452205758,-4614.9
2025-05-16 17:00:00,-0.1652624797505382,8.063062911326792,-0.027435610740207395,-5520.6
2025-05-16 18:00:00,-0.177768801848742,8.063062911326792,-0.036447572014323804,-5656.0
2025-05-16 19:00:00,-0.1403085616231592,8.019612794400267,-0.0354498099363143,-5474.3
2025-05-16 20:00:00,-0.14171671710020473,8.002694162283937,-0.04544447050210465,-5135.3
2025-05-16 21:00:00,-0.15874845981925123,8.047509510981422,-0.04763931122802756,-4942.9
2025-05-16 22:00:00,-0.1702837955127081,8.116118431609365,-0.048256131049141615,-4427.9
2025-05-16 23:00:00,-0.170354669920191,7.922623574217286,-0.04828106565086365,-3721.9
2025-05-17 00:00:00,-0.17173106074218403,7.8013913202914855,-0.03321604431863445,-2968.6
2025-05-17 01:00:00,-0.19887348031527718,7.677400430514807,-0.03700677215248138,-2634.4
2025-05-17 02:00:00,-0.19765784196129133,7.7279755421055585,-0.039297880198089,-2671.1
2025-05-17 03:00:00,-0.19045658759346296,7.706612913964197,-0.03814266830848201,-2668.6
2025-05-17 04:00:00,-0.18163742474785138,7.734996194022781,-0.042115004477434326,-2708.0
2025-05-17 05:00:00,-0.21076326361587983,7.6586995582682995,-0.0371079144123323,-2610.6
2025-05-17 06:00:00,-0.15551035327607732,7.580189417944541,-0.03811930664375929,-2832.1
2025-05-17 07:00:00,-0.14209594621252597,7.637716432664798,-0.039542723042344186,-3267.4
2025-05-17 08:00:00,-0.04052278307880863,7.505492274737424,-0.03921186388626108,-3739.3
2025-05-17 09:00:00,-0.032832811717021126,7.273786317844895,-0.038674651489857936,-2825.9
2025-05-17 10:00:00,0.0034450889657549055,6.887552571664617,-0.044779331040963655,-1928.8
2025-05-17 11:00:00,-0.019632608466908508,6.529418838262226,-0.04800764110767197,-1462.4
2025-05-17 12:00:00,0.005131654301580912,6.401917196727186,-0.05733703420588654,-1358.6
2025-05-17 13:00:00,0.10254933559733992,6.297109319933935,-0.051562125834598405,-1350.4
2025-05-17 14:00:00,0.1894934724244708,6.194405391104672,-0.05550159259839127,-1325.8
2025-05-17 15:00:00,0.030706675501980474,6.516193076042964,-0.056121586654486855,-1657.3
2025-05-17 16:00:00,0.03968377224947206,6.569481420414296,-0.057073432818400605,-2255.3
2025-05-17 17:00:00,0.11017450834221121,6.740519359606223,-0.044713134773158636,-3825.1
2025-05-17 18:00:00,0.022597934621094495,6.706862336602747,-0.0392744653384236,-3945.3
2025-05-17 19:00:00,0.1324535568373122,6.716594773520978,-0.04269794595728715,-4470.8
2025-05-17 20:00:00,0.05503235771557824,6.79346613258001,-0.041236490470192955,-4205.1
2025-05-17 21:00:00,0.0420643248827548,6.947937068614969,-0.036787003295107645,-4172.8
2025-05-17 22:00:00,0.05508368853360235,7.0630481633881725,-0.032077329635270324,-4072.7
2025-05-17 23:00:00,0.04079643122219068,7.0909098220799835,-0.037748244451113244,-3596.2
2025-05-18 00:00:00,0.010662791341138345,7.251344983372214,-0.031746494237672174,-3385.7
2025-05-18 01:00:00,0.005544471919905369,7.254177846456518,-0.03401009168926805,-3433.5
2025-05-18 02:00:00,-0.002205085575211818,7.288927694521257,-0.03925638178207702,-3416.3
2025-05-18 03:00:00,-0.0069991737962595835,7.373374309910049,-0.03291072194190381,-3561.4
2025-05-18 04:00:00,-0.04958810995420748,7.40184157874383,-0.03323490864235179,-3477.3
2025-05-18 05:00:00,-0.06704442737656358,7.502738210754851,-0.03640098494862798,-3665.1
2025-05-18 06:00:00,-0.034506371759691845,7.526717561352706,-0.04853510061404709,-3799.9
2025-05-18 07:00:00,-0.070587895278309,7.469083884921234,-0.05529793084390544,-3725.3
2025-05-18 08:00:00,-0.0263468704039731,7.492760300922379,-0.05580487167966197,-3887.1
2025-05-18 09:00:00,0.038892897809502,7.531552381407289,-0.06450912677196907,-3666.6
2025-05-18 10:00:00,0.01867226308025627,7.261225091971921,-0.0730929829832263,-2737.0
2025-05-18 11:00:00,0.04222645955532789,7.180069874302796,-0.07288430436667337,-2418.4
2025-05-18 12:00:00,-0.0045777998911615825,6.759255270663693,-0.06775448005171292,-1721.6
2025-05-18 13:00:00,-0.04568283232541637,6.5722825426940075,-0.06666421895539365,-1457.1
2025-05-18 14:00:00,-0.06860216869862379,6.380122536899765,-0.06815266285048516,-1324.4
2025-05-18 15:00:00,-0.04856426497976729,6.481577129276431,-0.07455714525568435,-1473.5
2025-05-18 16:00:00,-0.05387045509338462,6.731018100482083,-0.0693211412472241,-1866.5
2025-05-18 17:00:00,-0.028709254433589404,6.928537818164665,-0.05574978703844913,-3297.8
2025-05-18 18:00:00,0.0060950338453094055,6.829793737512425,-0.05076476765713789,-4721.5
2025-05-18 19:00:00,0.07503452157676538,6.71295620067707,-0.05443756215907758,-4697.1
2025-05-18 20:00:00,0.08128920413270802,6.675823221634848,-0.04937198841813828,-4513.9
2025-05-18 21:00:00,0.07104585191563295,6.802394763324311,-0.046742484873036005,-4667.2
2025-05-18 22:00:00,0.021980791115042475,7.01301578963963,-0.041122586371934666,-4831.3
2025-05-18 23:00:00,0.024332402882859316,7.234177179749849,-0.03899185405910277,-4907.2
2025-05-19 00:00:00,-0.02680010562698243,7.533693709848633,-0.03599945812764549,-4364.2
2025-05-19 01:00:00,-0.06086129056806566,7.6676260915849905,-0.03268715081790052,-4509.5
2025-05-19 02:00:00,-0.07991495810103055,7.818027938530729,-0.0298474180328423,-4768.4
2025-05-19 03:00:00,-0.11599804358639254,7.913886714856082,-0.0380627253361876,-4933.7
2025-05-19 04:00:00,-0.11749587776218862,7.979338895262328,-0.04440739538280969,-5201.1
2025-05-19 05:00:00,-0.20440000126807112,7.987184748233473,-0.05893518759763339,-5371.3
2025-05-19 06:00:00,-0.24088584528341084,7.927324360309794,-0.046631188474996144,-5423.0
2025-05-19 07:00:00,-0.3073868014553418,7.769800996003896,-0.04830413595478511,-5749.1
2025-05-19 08:00:00,-0.28843014742022133,7.6760099320288875,-0.05513908367328302,-5823.2
2025-05-19 09:00:00,-0.24548927840613866,7.729295674310482,-0.05483095241321756,-5421.8
2025-05-19 10:00:00,-0.19884320506284414,7.786136437783072,-0.05960464058369652,-5007.8
2025-05-19 11:00:00,-0.2128368984137854,7.798933310041217,-0.06997995120777478,-4521.0
2025-05-19 12:00:00,-0.20613108815590886,7.87777633327726,-0.07231978932453487,-4601.6
2025-05-19 13:00:00,-0.18705707948762607,7.930925372483388,-0.07096019230174377,-4723.2
2025-05-19 14:00:00,-0.21014485173834263,7.996317231796746,-0.07181331216525777,-4844.4
2025-05-19 15:00:00,-0.22156573574828453,7.984121958702927,-0.07016864261912659,-4605.8
2025-05-19 16:00:00,-0.21714341424893258,8.053887083618223,-0.06618527928425166,-4932.1
2025-05-19 17:00:00,-0.3079761579285649,8.107720061910534,-0.06344406105113709,-5056.1
2025-05-19 18:00:00,-0.33863127861988174,8.190908881182514,-0.06544972013261763,-5118.5
2025-05-19 19:00:00,-0.34743288859475463,8.236685322712457,-0.07260700828330702,-5341.0
2025-05-19 20:00:00,-0.3693827401767096,8.261009786023827,-0.06898867123542551,-5417.7
2025-05-19 21:00:00,-0.3787245280117797,8.227909837597483,-0.067399030435352,-5081.2
2025-05-19 22:00:00,-0.3520511354976761,8.138856750696325,-0.06122005861033486,-4441.5
2025-05-19 23:00:00,-0.29149992389693224,8.153061946801051,-0.05882925009426909,-4401.6
2025-05-20 00:00:00,-0.2857420593068789,8.0519780789023,-0.07532090549118475,-4010.7
2025-05-20 01:00:00,-0.34769048210179054,7.86940171257709,-0.08262991795331498,-3404.8
2025-05-20 02:00:00,-0.3731837922687049,7.86940171257709,-0.0843445186237819,-3300.3
2025-05-20 03:00:00,-0.3876763811988675,7.865187954187467,-0.08182600673877705,-3287.2
2025-05-20 04:00:00,-0.42950020453466564,7.741967899820685,-0.08131289372235795,-3060.3
2025-05-20 05:00:00,-0.5090510418067806,7.661527081358517,-0.08351707359224037,-2798.4
2025-05-20 06:00:00,-0.5154597018434988,7.765569081097317,-0.07236989038495434,-2909.9
2025-05-20 07:00:00,-0.5642343347476988,7.853993087224244,-0.05194363046849215,-3169.9
2025-05-20 08:00:00,-0.5667479222225218,7.776535028185241,-0.04949979304552077,-3031.5
2025-05-20 09:00:00,-0.4994067931663979,7.675546002537848,-0.049996907866406204,-2851.7
2025-05-20 10:00:00,-0.4187779222289181,7.577633832602728,-0.05405838295700427,-2529.5
2025-05-20 11:00:00,-0.34785415645634377,7.555905093611346,-0.05583629571394422,-2522.5
2025-05-20 12:00:00,-0.31244599930748285,7.553810852008231,-0.051407979549430216,-2646.1
2025-05-20 13:00:00,-0.26560481224531785,7.590852123688581,-0.048787646172809396,-2745.7
2025-05-20 14:00:00,-0.2958596851289159,7.579678823090456,-0.04724102483578463,-2552.3
2025-05-20 15:00:00,-0.3135970842073852,7.540090320145325,-0.04263020108964888,-2454.0
2025-05-20 16:00:00,-0.25456301297822037,7.747164966520335,-0.03880891763166883,-3052.6
2025-05-20 17:00:00,-0.3990244630111528,7.631431664576906,-0.04387504860641833,-2569.1
2025-05-20 18:00:00,-0.3450521090015779,7.912056888179006,-0.03732371842645854,-3927.2
2025-05-20 19:00:00,-0.40794151592216066,7.888334500738654,-0.04426538518105794,-3929.7
2025-05-20 20:00:00,-0.41283672618827394,7.8628820346414905,-0.03919445602037008,-3894.5
2025-05-20 21:00:00,-0.40121916383989387,7.873217054862741,-0.04061412249230312,-3693.9
2025-05-20 22:00:00,-0.3527332995146226,7.8961806086154915,-0.03712124177679499,-3862.4
2025-05-20 23:00:00,-0.28314132441371376,7.902117546276448,-0.03954116016598608,-3910.6
2025-05-21 00:00:00,-0.2118420249223547,8.034306936339489,-0.05293497628744781,-4426.4
2025-05-21 01:00:00,-0.1746593083839536,7.965545573129992,-0.05482581045238977,-4348.4
2025-05-21 02:00:00,-0.17988670526170036,7.883069351305753,-0.051851514011669764,-3944.1
2025-05-21 03:00:00,-0.17179580937930172,7.758760544157663,-0.050790255941939755,-3643.8
2025-05-21 04:00:00,-0.1602995294726992,7.829232537543592,-0.05228405032811079,-3899.9
2025-05-21 05:00:00,-0.1556774557713445,7.784057002639929,-0.045745921543450585,-4811.6
2025-05-21 06:00:00,-0.1865539080621188,7.688455356549944,-0.030826037614197332,-5084.1
2025-05-21 07:00:00,-0.24066136397111348,7.5443321080536885,-0.016788725848407182,-5269.1
2025-05-21 08:00:00,-0.23342958046278284,7.3453648404168685,-0.016210600386132867,-4929.5
2025-05-21 09:00:00,-0.19148037904007298,7.182352111885263,-0.014789131265013467,-4344.5
2025-05-21 10:00:00,-0.1026274893121033,7.047517221357296,-0.00966035317397651,-3983.4
2025-05-21 11:00:00,-0.057751170257470896,6.939253946041508,-0.007308247331946127,-3547.6
2025-05-21 12:00:00,-0.10225943431008666,6.851184927493743,0.0026366066461749327,-2689.2
2025-05-21 13:00:00,-0.09755773832860415,6.721425700790643,0.0035989358646126846,-2491.1
2025-05-21 14:00:00,-0.14143976242844492,6.723832440821209,0.014543058910748918,-2327.5
2025-05-21 15:00:00,-0.11706962219030181,7.045776576879511,0.008948998458385482,-2992.6
2025-05-21 16:00:00,-0.03690623911232738,7.215239978730097,0.01760278421884731,-4419.6
2025-05-21 17:00:00,-0.11320989675947368,7.365812837209472,0.007369114368517948,-4546.2
2025-05-21 18:00:00,-0.11050509868684655,7.475905969367397,0.015130376301640602,-5200.9
2025-05-21 19:00:00,-0.13691963765355686,7.555905093611346,0.002229063161640177,-5337.3
2025-05-21 20:00:00,-0.1623044746794946,7.596894438144544,0.006760868965176137,-5193.1
2025-05-21 21:00:00,-0.2115995576759766,7.615791072035833,0.010137710510281117,-4820.2
2025-05-21 22:00:00,-0.2306520737267923,7.645875825184813,0.009097335096032388,-4297.6
2025-05-21 23:00:00,-0.2372814346841059,7.557472901614746,0.006031209432123319,-3434.0
2025-05-22 00:00:00,-0.26280407978256104,7.340835554123275,0.008545815570820459,-2594.2
2025-05-22 01:00:00,-0.31435706855144474,7.475905969367397,0.004372454572462381,-2652.3
2025-05-22 02:00:00,-0.35317637376060773,7.482681828154651,0.0015378177928271342,-2605.6
2025-05-22 03:00:00,-0.35993571929207135,7.550661243105336,0.006178119551076833,-2623.1
2025-05-22 04:00:00,-0.38048871373660287,7.566828479208331,0.00659558111212899,-2570.9
2025-05-22 05:00:00,-0.4526495884427,7.7336835707759,0.012865929269961107,-2924.1
2025-05-22 06:00:00,-0.4760583453746414,7.874739125171811,0.016925771238582854,-3173.0
2025-05-22 07:00:00,-0.5468638994678865,7.962067308753666,0.028938927153039806,-3562.3
2025-05-22 08:00:00,-0.5766747699151282,8.037220031133012,0.03324193704237732,-3672.1
2025-05-22 09:00:00,-0.46096699673224206,8.021584533455107,0.04228136261031956,-3560.2
2025-05-22 10:00:00,-0.3310720460163008,8.173293438966228,0.046572327899918164,-4077.4
2025-05-22 11:00:00,-0.30426538245480117,8.081784206935001,0.04697092182721185,-3672.7
2025-05-22 12:00:00,-0.2666927081803512,8.117610746466228,0.04967458509005329,-3625.2
2025-05-22 13:00:00,-0.22429511904812927,8.137688184977605,0.05684342468066905,-3681.0
2025-05-22 14:00:00,-0.2393302877528014,8.145839612936841,0.0597654827861378,-3727.2
2025-05-22 15:00:00,-0.2217994205444489,8.157370441186774,0.06220388751156136,-3808.3
2025-05-22 16:00:00,-0.22256828715490018,8.173011311724972,0.06574241316984253,-3776.3
2025-05-22 17:00:00,-0.34316115449754836,8.209852481301272,0.05608237032210628,-3736.1
2025-05-22 18:00:00,-0.383027623341484,8.244334047856094,0.04999897500667583,-3857.2
2025-05-22 19:00:00,-0.36343533899020386,8.259716961021523,0.046703259117108153,-4474.0
2025-05-22 20:00:00,-0.36183401357241696,8.256866848974312,0.042707330446948966,-4444.8
2025-05-22 21:00:00,-0.3454936982304675,8.247220052745229,0.034130947163056646,-4444.4
2025-05-22 22:00:00,-0.3021289630560946,8.225235324101668,0.03516011135678987,-4278.8
2025-05-22 23:00:00,-0.290687736948009,8.188411308079031,0.024609397382130638,-3894.0
2025-05-23 00:00:00,-0.20632094781174715,8.231642179973411,0.03415501726712922,-4342.9
2025-05-23 01:00:00,-0.2064198484110884,8.165079258805068,0.03261623676170444,-4193.7
2025-05-23 02:00:00,-0.22560272984309204,8.113426639943654,0.02394952192190658,-4144.5
2025-05-23 03:00:00,-0.2205057074120722,8.08825472712243,0.027001271315233666,-4097.5
2025-05-23 04:00:00,-0.20719762335455316,8.087025470667701,0.0349325297274401,-4203.5
2025-05-23 05:00:00,-0.2274826835070929,8.09925056179696,0.03547974037395285,-4537.3
2025-05-23 06:00:00,-0.24761849728605156,8.112227958349724,0.04267790411587136,-5311.7
2025-05-23 07:00:00,-0.34578972211443615,8.078998258685154,0.04548551200390527,-5667.8
2025-05-23 08:00:00,-0.394080347622356,8.007034012193408,0.050434441592202894,-5377.4
2025-05-23 09:00:00,-0.3051721936966447,7.9599745280805365,0.051787065176170266,-5372.7
2025-05-23 10:00:00,-0.22207057828047194,7.920446505142607,0.058743541216916384,-4681.5
2025-05-23 11:00:00,-0.20627581857632515,7.764720544771477,0.061026155953748606,-3713.5
2025-05-23 12:00:00,-0.16420242106890992,7.779048644925556,0.06580684367291223,-3582.0
2025-05-23 13:00:00,-0.135725395366443,7.822044008185619,0.06291779903076122,-3659.1
2025-05-23 14:00:00,-0.1537960603242574,7.73718007783463,0.0599170550594641,-3241.2
2025-05-23 15:00:00,-0.16082293787028767,7.6984827878809465,0.05936788691951467,-3097.2
2025-05-23 16:00:00,-0.19281352220200798,7.483806687665835,0.051768826414162916,-2451.3
2025-05-23 17:00:00,-0.24003274419559295,7.759187438507795,0.04872984019654236,-3013.9
2025-05-23 18:00:00,-0.27110744506473505,7.671826797878781,0.040124973167559475,-3056.5
2025-05-23 19:00:00,-0.2388962779408934,7.60688453121963,0.026450391986384325,-2975.0
2025-05-23 20:00:00,-0.22855560594796653,7.492760300922379,0.01547570325973524,-2732.7
2025-05-23 21:00:00,-0.22867853849757713,7.415776975415394,0.013096923959804663,-2635.4
2025-05-23 22:00:00,-0.16170594226495538,7.560080465021827,0.013875650057864064,-3051.9
2025-05-23 23:00:00,-0.0814380984327534,7.658227526161352,0.016010876765202298,-3516.3
2025-05-24 00:00:00,-0.07704137804487843,7.763446388727362,0.02029333578244419,-3829.3
2025-05-24 01:00:00,-0.09573589348644118,7.732369222284388,0.014387936970717163,-3593.0
2025-05-24 02:00:00,-0.12689615657018338,7.752764808851328,0.010729223030783608,-3307.1
2025-05-24 03:00:00,-0.1327038200956019,7.689828668736484,0.009342012646819775,-3186.7
2025-05-24 04:00:00,-0.13101815849675624,7.741967899820685,0.01362281823458833,-3292.1
2025-05-24 05:00:00,-0.19352821106316753,7.776954403322442,0.0180506525954236,-3362.4
2025-05-24 06:00:00,-0.16625318672792666,7.866338923046544,0.018619299919724774,-3490.6
2025-05-24 07:00:00,-0.21289691553611778,8.03398273468322,0.019084534629850936,-3836.4
2025-05-24 08:00:00,-0.18735497433233972,8.049746290952191,0.02657587665174166,-4047.0
2025-05-24 09:00:00,-0.16602447272624943,7.978310969867722,0.03472351346500968,-3507.1
2025-05-24 10:00:00,-0.0667389678913497,7.913886714856082,0.030813635757043656,-3290.1
2025-05-24 11:00:00,-0.00031611249154206433,7.876638460975463,0.022024238446006983,-3346.0
2025-05-24 12:00:00,0.0359282534230001,7.830425617820331,0.016176348692383158,-3110.3
2025-05-24 13:00:00,0.126403306737628,7.851271997109883,0.014499624843494097,-3191.8
2025-05-24 14:00:00,0.2071575206228835,7.869783902530146,0.007103881632004594,-3247.7
2025-05-24 15:00:00,-0.00634181975902548,7.8674885686991285,0.002239613137594354,-3199.1
2025-05-24 16:00:00,-0.07984998771105989,7.911690520708339,0.0029846396728565594,-3206.6
2025-05-24 17:00:00,-0.17857495540978618,8.035602692918582,0.008134212864150392,-3514.7
2025-05-24 18:00:00,-0.19779805620773638,8.056109659545061,0.01032247580094836,-3856.8
2025-05-24 19:00:00,-0.22003509108709274,8.009363076630045,0.0063096331494074676,-3723.7
2025-05-24 20:00:00,-0.2140750986973754,7.987524479848767,0.010739719668846348,-3677.6
2025-05-24 21:00:00,-0.23644963497521587,7.9966538754626075,0.007524043029803806,-3711.5
2025-05-24 22:00:00,-0.23911692551842023,7.981049759665957,0.00547082923816955,-3686.6
2025-05-24 23:00:00,-0.18562555562542649,7.998671361015776,0.0034205878459205863,-3783.1
2025-05-25 00:00:00,-0.14940653839371,7.928045600874777,0.004501296154668211,-3620.2
2025-05-25 01:00:00,-0.14447840546412793,7.912423121473705,0.0068392435371995575,-3591.7
2025-05-25 02:00:00,-0.11561319164019546,7.984803389734406,-0.0006990185702013818,-3851.8
2025-05-25 03:00:00,-0.08486217941899854,7.954021087278037,-0.0017005904064628652,-4204.1
2025-05-25 04:00:00,-0.06812334945750687,7.952615111651,-0.0025681102493795294,-4402.4
2025-05-25 05:00:00,-0.13452543532600858,7.692113339595466,-0.0054600499378389955,-3365.7
2025-05-25 06:00:00,-0.16687321318703852,7.29641326877392,-0.014586568599629146,-2344.2
2025-05-25 07:00:00,-0.21735964315089484,7.329749689041512,-0.02212280833231972,-2347.1
2025-05-25 08:00:00,-0.2092362326451882,7.215975002651466,-0.010419500644562874,-2044.9
2025-05-25 09:00:00,-0.12135071785113727,7.454141078146678,-0.022268514748396306,-2528.6
2025-05-25 10:00:00,-0.04147064658427668,7.591357046698551,-0.026989187118378055,-2669.1
2025-05-25 11:00:00,-0.004845555310098337,7.645397699428633,-0.03135584567009175,-2763.4
2025-05-25 12:00:00,0.020670089548204817,7.602900462204755,-0.03022401565830357,-2481.2
2025-05-25 13:00:00,0.049747643407036524,7.5406215286571525,-0.03712620651852916,-2222.4
2025-05-25 14:00:00,0.02881805895886247,7.4673710669175595,-0.04123885707384023,-2169.6
2025-05-25 15:00:00,-0.060321951615466496,7.443663683115591,-0.04489395343212532,-2125.8
2025-05-25 16:00:00,-0.09208694021708119,7.60688453121963,-0.041940922978946915,-2602.8
2025-05-25 17:00:00,-0.18138294196300642,7.798523053625206,-0.032080042952544296,-3422.8
2025-05-25 18:00:00,-0.23304667094032583,7.901377353792616,-0.02423458014790203,-4326.3
2025-05-25 19:00:00,-0.24088989469898747,7.892452043520352,-0.02305490350288064,-4428.0
2025-05-25 20:00:00,-0.22604122620914113,7.8674885686991285,-0.024616677937530085,-4268.1
2025-05-25 21:00:00,-0.2632965690904845,7.879669914604289,-0.027065556778832267,-3850.4
2025-05-25 22:00:00,-0.28476385724406317,7.790696031174738,-0.032165392767917744,-3388.2
2025-05-25 23:00:00,-0.3726084897726394,7.60489448081162,-0.037674330811861445,-2904.8
2025-05-26 00:00:00,-0.38244589763023606,7.284820912568604,-0.04131861960524574,-1907.0
2025-05-26 01:00:00,-0.349824593175895,7.389563953677635,-0.03875390350013763,-2085.3
2025-05-26 02:00:00,-0.3701545767039285,7.333023014386481,-0.04067296353776495,-1998.5
2025-05-26 03:00:00,-0.4092566435287406,7.199678345691172,-0.046231593089983036,-1758.6
2025-05-26 04:00:00,-0.4184333340874349,7.223295679562314,-0.04372827820900049,-1818.6
2025-05-26 05:00:00,-0.3937490844854352,7.419979923661835,-0.045539139982590626,-2116.7
2025-05-26 06:00:00,-0.3698688073782992,7.555905093611346,-0.035962747158072794,-2958.0
2025-05-26 07:00:00,-0.5061129648874045,7.524021415206125,-0.02740161321517931,-2780.4
2025-05-26 08:00:00,-0.5171257095794202,7.498869733976931,-0.02551606454209132,-2942.3
2025-05-26 09:00:00,-0.4320283164675405,7.419380582918692,-0.021494532145625023,-2398.1
2025-05-26 10:00:00,-0.37782060608948953,7.300472814267799,-0.015126155406872677,-2023.6
2025-05-26 11:00:00,-0.3702098315166502,7.2640301428995295,-0.018686656820224634,-2026.9
2025-05-26 12:00:00,-0.368432688626561,7.297091005160418,-0.022712594561788535,-2017.6
2025-05-26 13:00:00,-0.3578084816483744,7.20934025660291,-0.025754755533696994,-1865.5
2025-05-26 14:00:00,-0.3759703595530741,7.2633296174768365,-0.026436907827205758,-1865.7
2025-05-26 15:00:00,-0.35524528017929535,7.437206366871292,-0.026806524345369453,-2200.1
2025-05-26 16:00:00,-0.35631810683606924,7.388946097618437,-0.02813890692258081,-2154.9
2025-05-26 17:00:00,-0.49347517128825924,7.4377951216719325,-0.02846043835261103,-2111.0
2025-05-26 18:00:00,-0.4180465442399215,7.622663951323595,-0.032154412791963516,-2894.6
2025-05-26 19:00:00,-0.41792657128544297,7.639642287858013,-0.04227351580284999,-3199.0
2025-05-26 20:00:00,-0.43194756136436485,7.636752112435779,-0.04243570647155437,-3102.0
2025-05-26 21:00:00,-0.3934597452073305,7.710653323501202,-0.04201852849160481,-3357.5
2025-05-26 22:00:00,-0.37004978482524864,7.684783943522785,-0.036836230953712246,-3189.5
2025-05-26 23:00:00,-0.3480035017498899,7.659642954564682,-0.03686454277769968,-3003.4
2025-05-27 00:00:00,-0.3169702018544647,7.5406215286571525,-0.050462386637470935,-2517.9
2025-05-27 01:00:00,-0.3068189225149842,7.532623618788788,-0.048961330751605026,-2434.0
2025-05-27 02:00:00,-0.28592506108427695,7.621684998724611,-0.051192311306881955,-2651.3
2025-05-27 03:00:00,-0.2858661398178657,7.61972421378267,-0.055508698421403935,-2743.0
2025-05-27 04:00:00,-0.2526290552823416,7.682943169878292,-0.05919727225868421,-3020.7
2025-05-27 05:00:00,-0.2969355307112109,7.653494909661253,-0.05376504815398331,-3456.6
2025-05-27 06:00:00,-0.3089774175845279,7.606387389772652,-0.04448468689541851,-4120.5
2025-05-27 07:00:00,-0.38608317422747085,7.540090320145325,-0.036411657535818875,-4112.3
2025-05-27 08:00:00,-0.4090364077722546,7.466799475018602,-0.04176856214878466,-3911.2
2025-05-27 09:00:00,-0.4084524832775118,7.274479558773871,-0.03799916346975962,-3100.6
2025-05-27 10:00:00,-0.36763275561242104,7.1785454837637,-0.034616701342418565,-2610.0
2025-05-27 11:00:00,-0.3347230691359129,7.249215057114389,-0.036179643164392594,-2711.3
2025-05-27 12:00:00,-0.29838671972677044,7.333676395657684,-0.03776858645611103,-2599.8
2025-05-27 13:00:00,-0.2675909102169469,7.389563953677635,-0.03813257827275862,-2549.7
2025-05-27 14:00:00,-0.31025993396865603,7.4342573821331355,-0.03655917648892437,-2617.8
2025-05-27 15:00:00,-0.37619574052712945,7.367077059881012,-0.03389106931621022,-2449.5
2025-05-27 16:00:00,-0.4423697997405194,7.253470382684528,-0.029546733479204335,-2046.0
2025-05-27 17:00:00,-0.5281663372095569,7.3752557780097545,-0.03228601984762758,-2125.5
2025-05-27 18:00:00,-0.48411686957175615,7.596894438144544,-0.024561466812607513,-2574.3
2025-05-27 19:00:00,-0.5259482702309013,7.592870287844818,-0.029702020993161327,-2587.9
2025-05-27 20:00:00,-0.6013333582515594,7.515889085215125,-0.027117014530597672,-2405.5
2025-05-27 21:00:00,-0.5639942518157803,7.621195162809845,-0.02969830761530634,-2615.9
2025-05-27 22:00:00,-0.5337597989292147,7.5411524551363085,-0.030328995842851647,-2479.0
2025-05-27 23:00:00,-0.4716034098032722,7.498315870766981,-0.03186848825432609,-2446.5
2025-05-28 00:00:00,-0.45567104988654616,7.424761761823209,-0.04038112790207116,-2303.4
2025-05-28 01:00:00,-0.4694285827187894,7.374629015218945,-0.04535988446350636,-2339.6
2025-05-28 02:00:00,-0.46293501429837924,7.350516171833998,-0.048453617436265084,-2267.4
2025-05-28 03:00:00,-0.4005863079809209,7.360739903058278,-0.055563534694597294,-2326.4
2025-05-28 04:00:00,-0.39203975711788663,7.452402451223638,-0.04889766036659271,-2404.6
2025-05-28 05:00:00,-0.46808470402683744,7.425357887027151,-0.04112697568715529,-2335.1
2025-05-28 06:00:00,-0.5170249511846707,7.364547014255642,-0.02588165176873325,-2529.8
2025-05-28 07:00:00,-0.5681400729639741,7.502186486602924,-0.01562050141648097,-2642.3
2025-05-28 08:00:00,-0.5577175508267991,7.387090235656757,-0.012156149422238194,-2644.7
2025-05-28 09:00:00,-0.47499205521812726,7.224753405767971,-0.009539775378869741,-2472.8
2025-05-28 10:00:00,-0.3344157378697914,7.110696122978827,-0.0020289689114978415,-2400.6
2025-05-28 11:00:00,-0.26366641761150333,7.013915474810528,0.003317590544280158,-2284.7
2025-05-28 12:00:00,-0.24039723069649943,6.902742737158593,-0.00034047206350962256,-2313.5
2025-05-28 13:00:00,-0.2184955552268142,6.769641976852503,-0.0030415956306528713,-2267.1
2025-05-28 14:00:00,-0.2354786658414838,6.645090969505644,-0.010866656614619608,-2185.5
2025-05-28 15:00:00,-0.2009806974103081,6.511745329644728,-0.026291586223674557,-2350.1
2025-05-28 16:00:00,-0.17657828441956847,6.47543271670409,-0.02395694548794758,-2957.4
2025-05-28 17:00:00,-0.19762567933549002,6.45833828334479,-0.017029596676755077,-3226.8
2025-05-28 18:00:00,-0.2366180897365826,6.246106765481563,-0.015183980620312454,-3349.4
2025-05-28 19:00:00,-0.19444914030606286,6.095824562432225,-0.03365995595930649,-3896.3
2025-05-28 20:00:00,-0.18559606208033097,5.988961416889864,-0.037425423323496076,-3820.7
2025-05-28 21:00:00,-0.212531090114088,6.003887067106539,-0.03710575322094112,-3668.8
2025-05-28 22:00:00,-0.1944138801559845,6.035481432524756,-0.03519258462385633,-3455.4
2025-05-28 23:00:00,-0.1634774601007445,6.023447592961033,-0.03213419825956887,-3169.7
2025-05-29 00:00:00,0.031288302624145725,5.910796644040527,0.019754406750760012,-2632.7
2025-05-29 01:00:00,0.05876767830641372,5.872117789475416,0.022901531885682225,-2798.7
2025-05-29 02:00:00,0.03971344605074689,5.820082930352362,0.020212976473628075,-2784.9
2025-05-29 03:00:00,0.05390789182281308,5.75890177387728,0.014890659023842012,-2841.0
2025-05-29 04:00:00,0.042409392237589216,5.575949103146316,0.01366311568635492,-3032.1
2025-05-29 05:00:00,-0.0267019884102635,5.493061443340548,-0.012695362836007362,-3451.6
2025-05-29 06:00:00,-0.09749828282089856,5.424950017481403,-0.06802503624922718,-3587.4
2025-05-29 07:00:00,-0.0883221978263733,5.220355825078324,-0.09420454574196313,-4015.9
2025-05-29 08:00:00,-0.2136038051842295,4.919980925828125,-0.08344427240237184,-3694.7
2025-05-29 09:00:00,-0.1328765814961188,4.804021044733257,-0.08167251295179323,-3241.3
2025-05-29 10:00:00,0.003949537461720443,4.718498871295094,-0.07620234095561074,-3386.2
2025-05-29 11:00:00,-0.037628400495818504,4.584967478670572,-0.06821067819933369,-2344.1
2025-05-29 12:00:00,-0.002493346434234489,4.672828834461906,-0.06306706106123183,-1962.6
2025-05-29 13:00:00,0.044182011208125704,4.852030263919617,-0.06640234952899426,-2014.6
2025-05-29 14:00:00,0.018669701641083503,4.890349128221754,-0.06626193438540273,-1974.1
2025-05-29 15:00:00,0.08574421571060231,5.117993812416755,-0.06558218961688489,-2260.9
2025-05-29 16:00:00,0.12684804881418943,5.10594547390058,-0.046581974090389444,-2604.7
2025-05-29 17:00:00,0.29255006273675876,4.890349128221754,-0.03316642865299535,-3945.6
2025-05-29 18:00:00,0.07594720582435421,4.875197323201151,-0.026096268824116642,-3795.6
2025-05-29 19:00:00,0.055551477463319454,5.030437921392435,-0.020669740280857773,-3890.7
2025-05-29 20:00:00,0.05930882654048819,5.303304908059076,-0.016061336638963475,-3986.5
2025-05-29 21:00:00,0.09051267354583459,5.602118820879701,-0.01599506622718927,-4095.8
2025-05-29 22:00:00,0.09521866413904556,5.872117789475416,-0.023484103356440578,-3985.2
2025-05-29 23:00:00,0.11146311874604287,6.075346031088684,-0.020347239784329396,-3777.5
2025-05-30 00:00:00,-0.10388388961770856,6.546785410760524,-0.0848416107712131,-4172.6
2025-05-30 01:00:00,-0.13047748083851207,6.698268054115413,-0.08408446403834358,-3919.3
2025-05-30 02:00:00,-0.15134181741225028,6.841615476477592,-0.08616824350818053,-3790.1
2025-05-30 03:00:00,-0.15198576097531635,6.974478911025045,-0.0854767121114568,-3924.4
2025-05-30 04:00:00,-0.1573145086068517,7.046647277848756,-0.0808451061053006,-4029.5
2025-05-30 05:00:00,-0.17407513402946195,7.057036981697891,-0.08875566518418498,-4613.5
2025-05-30 06:00:00,-0.16498846604756423,7.00850518208228,-0.08791567017240798,-4739.9
2025-05-30 07:00:00,-0.22171649752445566,6.840546529288687,-0.06696636482956286,-4701.1
2025-05-30 08:00:00,-0.13509329142817972,6.745236349484363,-0.05378496706813429,-4727.0
2025-05-30 09:00:00,-0.0901504514964091,6.84587987526405,-0.04843981396191133,-4679.3
2025-05-30 10:00:00,-0.2522502854291391,6.955592608396297,-0.03579685793687126,-3540.4
2025-05-30 11:00:00,-0.26168771991936035,6.717804695023691,-0.02875914791860623,-2723.1
2025-05-30 12:00:00,-0.26626879807549386,6.687108607866515,-0.02978301729670907,-2579.5
2025-05-30 13:00:00,-0.23531912462510585,6.687108607866515,-0.030228247575147194,-2613.5
2025-05-30 14:00:00,-0.2885618686097873,6.593044534142437,-0.03039699065523127,-2424.3
2025-05-30 15:00:00,-0.2689963949047285,6.470799503782602,-0.03986703531162927,-2412.3
2025-05-30 16:00:00,-0.23365040310197038,6.349138991379798,-0.03739314544038752,-2545.9
2025-05-30 17:00:00,-0.12343366040283232,6.664409020350408,-0.036061665459975245,-4379.0
2025-05-30 18:00:00,-0.006974005403765027,6.643789733147672,-0.04699030532353987,-4528.3
2025-05-30 19:00:00,0.019070888286897958,6.880384082186005,-0.051070246254442786,-4788.7
2025-05-30 20:00:00,0.014329697891952708,7.1929342212158,-0.04733067036971672,-4956.1
2025-05-30 21:00:00,-0.03464663203071616,7.55171221535131,-0.05144159717776642,-5234.9
2025-05-30 22:00:00,0.016221508106534444,7.823645930834952,-0.05210970036513185,-5845.8
2025-05-30 23:00:00,-0.056818440379578394,8.024207485778577,-0.048938744069833895,-6056.7
2025-05-31 00:00:00,-0.10076893920583352,8.126222529458525,-0.04386860843484186,-6063.2
2025-05-31 01:00:00,-0.10833278490998755,8.109224953089955,-0.043110555090499325,-5877.7
2025-05-31 02:00:00,-0.10534281081542307,8.138856750696325,-0.03793082598655584,-5951.6
2025-05-31 03:00:00,-0.1032140310919134,8.102889134640868,-0.03882783448807903,-6019.2
2025-05-31 04:00:00,-0.09439486824630183,8.118505067587098,-0.03866791385281321,-6009.3
2025-05-31 05:00:00,-0.11584826263511294,8.217438537730187,-0.03365606424685463,-6128.1
2025-05-31 06:00:00,-0.14124268852828425,8.14177220465645,-0.03127465295379395,-5722.6
2025-05-31 07:00:00,-0.18325976264689414,8.27052509505507,-0.03076184933147097,-6052.1
2025-05-31 08:00:00,-0.17983479565093985,8.251403065380556,-0.023338514729970505,-5939.1
2025-05-31 09:00:00,-0.1234648583074538,8.11552088154677,-0.023557702427013716,-5212.9
2025-05-31 10:00:00,-0.06832942548307352,7.99260665240021,-0.023530191558837288,-4394.3
2025-05-31 11:00:00,-0.02003902993155604,7.952615111651,-0.026544711255096054,-4331.2
2025-05-31 12:00:00,-0.05683131125711238,7.797291273547472,-0.027953300813980952,-3611.4
2025-05-31 13:00:00,-0.37831502242140624,7.715569534520208,-0.030871732577153033,-3102.3
2025-05-31 14:00:00,-0.05008656754326868,7.7354333524996886,-0.0325918783751078,-3342.2
2025-05-31 15:00:00,-0.08139764479134382,7.8868329989550565,-0.03880213745430616,-3868.9
2025-05-31 16:00:00,-0.06579635347966484,7.9909154630913255,-0.039349724153704635,-4182.7
2025-05-31 17:00:00,-0.11209656945438828,8.114922974204593,-0.02960611511869704,-5074.0
2025-05-31 18:00:00,-0.24370029212322208,8.08794755464267,-0.028253284089085895,-4270.6
2025-05-31 19:00:00,-0.2441963267929066,8.006367567650246,-0.031024661652562457,-4105.4
2025-05-31 20:00:00,-0.24746910551276535,7.8399193600125825,-0.028950529270452385,-3525.1
2025-05-31 21:00:00,-0.24463841148056753,7.779048644925556,-0.03355598271366045,-3465.1
2025-05-31 22:00:00,-0.2288644697833626,7.738923757439457,-0.03272604843842952,-3315.2
2025-05-31 23:00:00,-0.19150677234209468,7.689828668736484,-0.026471176351393844,-3216.8
2025-06-01 00:00:00,0.01892862951991825,7.523481312573497,0.04642886444740402,-3238.8
2025-06-01 01:00:00,0.03467745017543633,7.388946097618437,0.05811429971332149,-3066.4
2025-06-01 02:00:00,0.056320981041807716,7.221835825288449,0.05958120336194561,-2964.9
2025-06-01 03:00:00,0.033623249718952586,7.046647277848756,0.06949052049523452,-2649.8
2025-06-01 04:00:00,0.03284235481025233,6.862757913051401,0.07488757628816156,-2512.5
2025-06-01 05:00:00,0.02742602296022767,6.478509642208569,0.07070563787025197,-2303.2
2025-06-01 06:00:00,0.013886808200340273,6.035481432524756,0.04403428080382099,-2663.4
2025-06-01 07:00:00,0.046543388930275764,5.849324779946859,0.018142620146855748,-3089.6
2025-06-01 08:00:00,0.02549915806919767,5.771441123130016,0.007509307470255244,-2746.6
2025-06-01 09:00:00,-0.009389816708043064,6.135564891081739,-0.009997496229537717,-2649.9
2025-06-01 10:00:00,0.05981525303658586,6.3818160174060985,-0.015673309160448845,-2631.8
2025-06-01 11:00:00,0.03172522089783181,6.68586094706836,-0.02057191771607947,-2565.0
2025-06-01 12:00:00,0.06360832730590449,6.799055862058796,-0.01256474443102551,-2276.9
2025-06-01 13:00:00,0.1736706861523727,7.0326242610280065,-0.014548736911264903,-2464.8
2025-06-01 14:00:00,0.3716158647323775,7.170119543449628,-0.009742958388890166,-2621.9
2025-06-01 15:00:00,0.05660719596444963,7.260522598089852,-0.016341565906237143,-2806.0
2025-06-01 16:00:00,-0.025770770445926683,7.422971251049421,-0.013978615735850575,-3164.8
2025-06-01 17:00:00,-0.0429699266664203,7.685243607975833,0.004243342047941745,-4500.2
2025-06-01 18:00:00,0.007954987959793769,7.9748769005588755,0.0007015530325391595,-6723.7
2025-06-01 19:00:00,-0.054894497528545916,7.875119281040293,0.0020994615824792007,-5552.7
2025-06-01 20:00:00,-0.026212286685031838,7.83399634170946,0.005837526659692394,-5289.2
2025-06-01 21:00:00,-0.05496461337079728,7.824845691026856,0.0037054291585745247,-5023.6
2025-06-01 22:00:00,-0.08644452834510474,7.857093864902493,0.002926619519375784,-4594.4
2025-06-01 23:00:00,-0.10709031523745027,7.8868329989550565,0.003405892641429986,-4487.7
2025-06-02 00:00:00,-0.0041143721230976205,7.594381242551817,-0.0032938891849285667,-3756.9
2025-06-02 01:00:00,-0.01972257350981188,7.4999765409521215,-0.0010367622453584247,-3507.4
2025-06-02 02:00:00,-0.07426284654213111,7.3938782901077555,0.002054137792206312,-3128.9
2025-06-02 03:00:00,-0.09809711363479456,7.262628600974241,0.0033268031706983336,-3026.2
2025-06-02 04:00:00,-0.1092628490774965,7.208600337960199,-0.0016102078519963925,-2906.6
2025-06-02 05:00:00,-0.18898534828472302,7.156176637480615,-0.0021655618527747222,-2695.8
2025-06-02 06:00:00,-0.23418963116266633,7.259819610363186,0.0030368715333297658,-3051.5
2025-06-02 07:00:00,-0.2922715268621814,7.199678345691172,-0.0032151974535477024,-3330.9
2025-06-02 08:00:00,-0.2964239682655454,7.147559271189454,-0.0035694974834923343,-3184.4
2025-06-02 09:00:00,-0.29209244438445126,7.057036981697891,0.0004679258537221287,-2901.1
2025-06-02 10:00:00,-0.20214866043815372,7.030857476116121,0.0013742237281935132,-2898.7
2025-06-02 11:00:00,-0.17704001437286498,7.044032897274685,-0.005210622131159859,-3026.6
2025-06-02 12:00:00,-0.01953670299029664,7.234177179749849,-0.009035367456183607,-3623.7
2025-06-02 13:00:00,0.09247892535568791,7.0925737159746784,-0.008675676442351232,-3336.8
2025-06-02 14:00:00,0.2928519682778661,7.104144092987527,-0.00486844064101799,-3481.2
2025-06-02 15:00:00,-0.09327125166338357,6.96979066990159,-0.005053520730299965,-3431.0
2025-06-02 16:00:00,-0.09315386560068406,7.114769448366463,0.001658537939682958,-3758.5
2025-06-02 17:00:00,-0.17197599079712722,6.883462586413092,0.0018515440689741425,-3391.8
2025-06-02 18:00:00,-0.14357274913605078,7.018401799069201,-0.007993526366978365,-3617.2
2025-06-02 19:00:00,-0.13550018119692275,7.093404625868766,-0.013075994075797404,-4015.3
2025-06-02 20:00:00,-0.15944818362344115,7.278628942320682,-0.0037470177171909924,-4018.1
2025-06-02 21:00:00,-0.14685097482309617,7.500529485395295,-0.002192153865264501,-4179.1
2025-06-02 22:00:00,-0.15213213405007364,7.575584651557793,0.005481609331158488,-4154.1
2025-06-02 23:00:00,-0.10458065244207715,7.686162303492906,0.008193720086381084,-4090.3
2025-06-03 00:00:00,-0.13455314873938962,7.580699752224563,0.011655945532637269,-3692.2
2025-06-03 01:00:00,-0.08745887519206974,7.606387389772652,0.01662343839735314,-3784.2
2025-06-03 02:00:00,-0.07313290829064556,7.506591780070841,0.016114234335595334,-3627.8
2025-06-03 03:00:00,-0.03758439128175617,7.416378479192928,0.029067281307098902,-3581.9
2025-06-03 04:00:00,-0.02637364617557969,7.290292882446597,0.03038311950370165,-3572.3
2025-06-03 05:00:00,-0.020552021741978344,7.124478262493424,0.024794789294314334,-3793.5
2025-06-03 06:00:00,-0.03795976639121168,6.841615476477592,0.026714397237516785,-4139.1
2025-06-03 07:00:00,0.0415774399152995,6.421622267806518,0.02109477481530142,-4338.2
2025-06-03 08:00:00,-0.04725467152356799,5.981414211254481,0.019468773056293465,-3950.7
2025-06-03 09:00:00,0.03639174855258265,5.627621113690637,0.017308744176793844,-3955.6
2025-06-03 10:00:00,-0.0394168424107777,5.501258210544727,0.013568339705947174,-3444.8
2025-06-03 11:00:00,-0.044199537033104086,5.3981627015177525,0.010589485621496308,-2733.2
2025-06-03 12:00:00,0.01483149152827723,5.659482215759621,0.007213869804672868,-2570.1
2025-06-03 13:00:00,0.17314598807124648,5.981414211254481,0.0006740822181479089,-2703.0
2025-06-03 14:00:00,0.3620847012788344,6.403574197934815,0.011168233186177545,-2900.7
2025-06-03 15:00:00,0.019735219250212932,6.7661917146603505,0.01019916828025913,-3644.6
2025-06-03 16:00:00,-0.008429579684947619,7.1180162044653335,0.013169934303737918,-4731.4
2025-06-03 17:00:00,-0.06801833740026275,7.2813856635702825,0.005305523516900834,-4420.6
2025-06-03 18:00:00,-0.10523575601208135,7.425357887027151,0.008298604521510988,-4439.2
2025-06-03 19:00:00,-0.17404848263005057,7.576097340623111,0.002244302680997734,-4665.6
2025-06-03 20:00:00,-0.2068147029380918,7.7102051944325325,0.009403094934147482,-4741.3
2025-06-03 21:00:00,-0.2143110953380587,7.858640655620791,0.012284056366154594,-4645.6
2025-06-03 22:00:00,-0.19613225285808555,7.916807490937603,0.014582990331605927,-4495.3
2025-06-03 23:00:00,-0.19990946702232648,7.908754738783246,0.013903692722127658,-4273.7
2025-06-04 00:00:00,-0.09962141867171859,7.804251383528112,-0.001727354836536854,-4521.1
2025-06-04 01:00:00,-0.09798238482121757,7.647308832356238,0.007216539423474444,-4156.5
2025-06-04 02:00:00,-0.0945363590753252,7.597396320212795,0.008457901719809868,-4060.0
2025-06-04 03:00:00,-0.08357214138782743,7.601901959875166,0.012356959393490463,-3999.5
2025-06-04 04:00:00,-0.08525751021473171,7.688455356549944,0.012486220504936973,-4143.0
2025-06-04 05:00:00,-0.056034313217877774,7.81035268372429,0.018011303260709433,-4574.2
2025-06-04 06:00:00,-0.20498051883068058,7.767263996757308,0.012429743988827902,-4225.3
2025-06-04 07:00:00,-0.2875163609542537,7.797291273547472,0.015162819332864785,-4440.2
2025-06-04 08:00:00,-0.27064635506840196,7.77779262633883,0.017369779333043844,-4607.1
2025-06-04 09:00:00,-0.24116971245975938,7.8407064517494,0.016247190584707916,-4606.2
2025-06-04 10:00:00,-0.13287586764385395,7.9676267393338165,0.014660507030479941,-5047.4
2025-06-04 11:00:00,-0.08458928545578326,7.860570785538664,0.01604415944581028,-4586.4
2025-06-04 12:00:00,-0.0008799901009681754,7.881182202227102,0.018040773904338003,-4427.2
2025-06-04 13:00:00,0.11648115305903817,7.826443135456014,0.014347130568175714,-4206.1
2025-06-04 14:00:00,0.3030138411568908,7.741099090035366,0.021401911682147556,-3941.7
2025-06-04 15:00:00,-0.10007597855797101,7.80016307039296,0.01036062277360461,-4110.9
2025-06-04 16:00:00,-0.18868362972425645,7.789040401657477,0.019987848226482363,-3969.8
2025-06-04 17:00:00,-0.2117949937682666,7.8636512654486515,0.01452482172812175,-3982.9
2025-06-04 18:00:00,-0.21371822877605862,7.825644732219989,0.02134722390259114,-3838.2
2025-06-04 19:00:00,-0.24924412960412212,7.7475968386928855,0.012259271566326113,-3724.0
2025-06-04 20:00:00,-0.2272385776902488,7.722234744709607,0.020934229749212996,-3563.9
2025-06-04 21:00:00,-0.2309332474953254,7.759187438507795,0.016368430382108556,-3710.9
2025-06-04 22:00:00,-0.239951953737493,7.679251425953058,0.00956255110717752,-3550.3
2025-06-04 23:00:00,-0.23239599840035075,7.688913336864796,0.0031555231628423996,-3633.6
2025-06-05 00:00:00,-0.22178369985791058,7.631916513071252,0.0007780676746218518,-3643.2
2025-06-05 01:00:00,-0.20715437013363625,7.613324979540639,-0.0030162884322546546,-3597.5
2025-06-05 02:00:00,-0.22117090053978572,7.583247524303362,-0.004227761657927154,-3540.0
2025-06-05 03:00:00,-0.21744420493630212,7.554334823725748,-0.0012912373294931,-3466.7
2025-06-05 04:00:00,-0.2525436534053651,7.503840746698951,0.008270026352104942,-3449.8
2025-06-05 05:00:00,-0.24581792118690027,7.4798641311650265,0.00908609549151862,-3371.9
2025-06-05 06:00:00,-0.30441306372312793,7.557994958530806,0.015308915281059043,-3497.2
2025-06-05 07:00:00,-0.3981851174416948,7.491087593534876,0.017053072297168015,-3339.5
2025-06-05 08:00:00,-0.4041021295414766,7.358830898342354,0.01943691905314715,-3193.8
2025-06-05 09:00:00,-0.34505395372970904,7.3395376954076745,0.01122451569859706,-3177.5
2025-06-05 10:00:00,-0.2706852638347712,7.29776828253138,0.00928399850846695,-3201.6
2025-06-05 11:00:00,-0.1820434982337642,7.333023014386481,0.01238339926995291,-3637.2
2025-06-05 12:00:00,-0.06820224167594668,7.311886164077165,0.006472474369007664,-3722.4
2025-06-05 13:00:00,0.10660620812767574,7.317212408359839,0.001473794050829369,-3718.3
2025-06-05 14:00:00,0.27292756508301963,7.298445101508147,-0.004246601273909079,-3674.5
2025-06-05 15:00:00,-0.08822238702306251,7.3310603052186325,-0.016963147234178244,-3675.9
2025-06-05 16:00:00,-0.14790868822611314,7.316548177182976,-0.018471596647605004,-3607.6
2025-06-05 17:00:00,-0.18592268772503617,7.482681828154651,-0.013983383113311376,-3968.4
2025-06-05 18:00:00,-0.16281035381512732,7.4977617006225685,-0.024137072442340646,-4124.8
2025-06-05 19:00:00,-0.1669342057453047,7.4360278163518485,-0.025110000439305225,-4356.0
2025-06-05 20:00:00,-0.16646478056410086,7.422971251049421,-0.028165313819211057,-4282.2
2025-06-05 21:00:00,-0.15265854152763003,7.509883061154913,-0.021234040808805865,-4155.8
2025-06-05 22:00:00,-0.14733747919662799,7.5411524551363085,-0.02379537750883376,-3968.1
2025-06-05 23:00:00,-0.1359807005393452,7.609862200913554,-0.011421335578105207,-4109.4
2025-06-06 00:00:00,0.11944772277426585,7.539027055823995,0.05028545930723638,-3736.4
2025-06-06 01:00:00,0.13796110633613123,7.496652438168283,0.053077750756670206,-3622.2
2025-06-06 02:00:00,0.14010512608231318,7.427738840532894,0.048208731682587214,-3477.6
2025-06-06 03:00:00,0.1532100209074554,7.421775793644647,0.04660422520637475,-3407.6
2025-06-06 04:00:00,0.16203324360374216,7.333676395657684,0.04224206164176714,-3408.7
2025-06-06 05:00:00,0.19159551317224777,7.44716835960004,0.021930892839828964,-4047.8
2025-06-06 06:00:00,0.11550812357673435,7.370230641807081,-0.030475521381872817,-4426.1
2025-06-06 07:00:00,0.03542854599643963,7.358830898342354,-0.06852207405970301,-4553.6
2025-06-06 08:00:00,-0.002208973313496898,7.316548177182976,-0.058575942577898665,-4856.9
2025-06-06 09:00:00,0.07242517973559304,7.381501894506707,-0.058422002849306764,-5576.7
2025-06-06 10:00:00,0.09991134382329658,7.254884810077338,-0.05603053956229953,-4531.8
2025-06-06 11:00:00,0.14501522777584963,7.1891677384203225,-0.051697124280322804,-4199.3
2025-06-06 12:00:00,0.25419547299836553,7.119635638017636,-0.05786769007275172,-4053.1
2025-06-06 13:00:00,0.4011475015005561,7.05444965813294,-0.04831178188993057,-3792.9
2025-06-06 14:00:00,0.5897511329940892,7.001245622069476,-0.046792751802317234,-3709.7
2025-06-06 15:00:00,0.20850953184497234,6.942156705699469,-0.036853366741800286,-3514.4
2025-06-06 16:00:00,0.1720514248725622,6.939253946041508,-0.019518587221187822,-3827.7
2025-06-06 17:00:00,0.18932830537497125,7.116394144093465,-0.008347530710048012,-4185.8
2025-06-06 18:00:00,0.2204221864897269,7.025538314638521,-0.004251237157413712,-4803.3
2025-06-06 19:00:00,0.22324726681879703,6.930494765951626,0.012143884781036007,-4372.0
2025-06-06 20:00:00,0.2564544166520384,6.900730664045173,0.023779268765649952,-4296.5
2025-06-06 21:00:00,0.27819335582300697,6.831953565565855,0.0219512107569102,-4133.6
2025-06-06 22:00:00,0.30831397660320325,6.7464121285733745,0.019772154645010254,-4079.1
2025-06-06 23:00:00,0.338072793028084,6.71174039505618,0.02083374754372702,-3571.8
2025-06-07 00:00:00,0.06019827259521637,6.883462586413092,-0.017231542094959806,-3523.3
2025-06-07 01:00:00,0.06304618142643292,6.899723107284872,-0.014231210895901292,-3424.0
2025-06-07 02:00:00,0.035146448599434166,7.002155954403621,-0.017014467837216607,-3514.5
2025-06-07 03:00:00,0.037655259709749256,7.049254841255837,-0.012525829108570363,-3528.8
2025-06-07 04:00:00,0.0367893951567968,7.121252453244542,-0.011908705278575127,-3614.6
2025-06-07 05:00:00,0.04118260150549702,7.153833801578843,-0.0055153191673165125,-3710.6
2025-06-07 06:00:00,0.021735323429000086,7.133295954896068,-0.007684075806027479,-3605.6
2025-06-07 07:00:00,-0.045728657932383676,7.07326971745971,-0.015369691854656864,-3430.8
2025-06-07 08:00:00,-0.039208956919488,6.937314081223682,-0.009809252201201879,-3205.2
2025-06-07 09:00:00,-0.020246655322558205,6.82001636467413,-0.006221924097173925,-3044.8
2025-06-07 10:00:00,0.08591579632127955,6.78332520060396,-0.005811327860476112,-3083.9
2025-06-07 11:00:00,0.15141805287969534,6.881411303642535,-0.010851608814463454,-3147.9
2025-06-07 12:00:00,0.26594388976011984,7.028201432058005,-0.016897214743491595,-3259.1
2025-06-07 13:00:00,0.49529620145076825,7.182352111885263,-0.014998209485304947,-3411.8
2025-06-07 14:00:00,0.7794889897616684,7.266128779556451,-0.016984109314177154,-3553.5
2025-06-07 15:00:00,0.18670848614893387,7.3783837129967145,-0.024089070107818245,-3709.1
2025-06-07 16:00:00,0.0859750495351288,7.477604243197589,-0.018953774296073256,-3926.5
2025-06-07 17:00:00,0.0078929736703639,7.6246189861593985,-0.007236150375960371,-4186.9
2025-06-07 18:00:00,-0.07223252447134332,7.696212639346407,-0.008147354133510198,-4189.3
2025-06-07 19:00:00,-0.06922093624474712,7.696212639346407,-0.001868191968640076,-4358.3
2025-06-07 20:00:00,-0.05965084156349443,7.67786350067821,0.008720374503093709,-4267.5
2025-06-07 21:00:00,-0.026245945760644318,7.668093709082406,0.006966552530442094,-4392.1
2025-06-07 22:00:00,-0.023232616946779583,7.683403681053826,0.007808515012565742,-4445.3
2025-06-07 23:00:00,-0.023821752556892672,7.660114319173928,0.009820057820052241,-4279.3
2025-06-08 00:00:00,0.03222565766340768,7.5569505720129,0.021954495333677215,-3966.1
2025-06-08 01:00:00,0.02838812126787227,7.555905093611346,0.020217928974442856,-3972.2
2025-06-08 02:00:00,0.028943440094507444,7.4999765409521215,0.024951704348111114,-3852.5
2025-06-08 03:00:00,0.051288085898757885,7.54274354536855,0.0291512542509329,-3966.9
2025-06-08 04:00:00,0.05194997454920758,7.543802867501509,0.035202591554981844,-3953.0
2025-06-08 05:00:00,0.044187280686244,7.4570320891223805,0.03405601110352485,-3804.7
2025-06-08 06:00:00,0.06269515435324546,7.4318919168078,0.011991667654600136,-3926.5
2025-06-08 07:00:00,0.05770110580092869,7.45298232946546,0.004087575003211441,-4247.1
2025-06-08 08:00:00,0.004217787435164322,6.97354301952014,0.004739222596439774,-3171.2
2025-06-08 09:00:00,0.026737631348615398,6.804614520062624,-0.010694603263694091,-3014.7
2025-06-08 10:00:00,0.07855957052834084,6.642486801367256,-0.01427372880602551,-2923.1
2025-06-08 11:00:00,0.12322227817013376,6.561030665896573,-0.015661350149398068,-2835.0
2025-06-08 12:00:00,0.22938131859432964,6.478509642208569,-0.010469039856806361,-2787.7
2025-06-08 13:00:00,0.45086027880272717,6.432940092739179,-0.011731833640151734,-2857.4
2025-06-08 14:00:00,0.6486676168824022,6.272877006546167,-0.011865350413041043,-2741.2
2025-06-08 15:00:00,0.19078716714375865,6.073044534100405,-0.012829093029096406,-2612.8
2025-06-08 16:00:00,0.04930777070865178,5.934894195619588,-0.014662844294874411,-2720.9
2025-06-08 17:00:00,0.017527455196497232,6.091309882077698,-0.008966889688864832,-3228.0
2025-06-08 18:00:00,0.013833515665738094,5.932245187448011,-0.009131367883700392,-3890.2
2025-06-08 19:00:00,0.21170481826615672,5.75890177387728,-0.008324085562049,-4392.2
2025-06-08 20:00:00,0.14060146792370443,5.6937321388027,-0.008429900831310455,-4105.0
2025-06-08 21:00:00,0.14593479915300955,5.768320995793772,-0.006076194317138572,-4083.9
2025-06-08 22:00:00,0.09982106586494499,5.805134968916488,-0.01093956501235116,-3976.9
2025-06-08 23:00:00,0.09152688044878099,5.771441123130016,-0.007441671353520363,-3834.3
2025-06-09 00:00:00,0.08815085041730786,5.655991810819852,0.00706889785061815,-3212.2
2025-06-09 01:00:00,0.06325445921729722,5.393627546352362,0.01229209169469847,-3171.5
2025-06-09 02:00:00,0.040550495255627705,5.3706380281276624,0.014757202048460094,-3144.5
2025-06-09 03:00:00,0.040569014466875775,5.4680601411351315,0.010429105752765011,-3165.9
2025-06-09 04:00:00,0.1231860543063168,5.697093486505405,0.009062252038775753,-3870.8
2025-06-09 05:00:00,0.1463433776344112,5.707110264748875,0.00553486121693858,-4045.7
2025-06-09 06:00:00,0.7406463704636845,5.631211781821365,0.00041391920985933695,-4152.1
2025-06-09 07:00:00,0.5428459149681508,5.5909869805108565,-0.004449003902476711,-3843.8
2025-06-09 08:00:00,-0.19382148978617764,5.733341276897746,-0.009048963248117659,-3502.7
2025-06-09 09:00:00,-0.20801529648567785,6.056784013228625,-0.004389400029138457,-3135.8
2025-06-09 10:00:00,-0.1443629333601435,6.142037405587356,0.0013742237281935132,-3142.6
2025-06-09 11:00:00,-0.14979237877486629,6.0473721790462776,-0.005826575338192086,-3003.2
2025-06-09 12:00:00,-0.12851024483315543,6.061456918928017,-0.00468618383768149,-2418.1
2025-06-09 13:00:00,-0.036031622848860856,6.244166900663736,-0.0036631346188071845,-2475.0
2025-06-09 14:00:00,0.16842796771394486,6.429719478039138,-0.0073889208663535655,-2567.8
2025-06-09 15:00:00,-0.13094188012085617,6.576469569048224,-0.0006798805188523716,-2723.2
2025-06-09 16:00:00,-0.13003249598604993,6.959398512133975,0.007827588966398125,-3397.9
2025-06-09 17:00:00,-0.11917980393299832,7.255591274253665,0.0067415293631656326,-3939.7
2025-06-09 18:00:00,-0.05712939261042971,7.293017679772782,0.004941670927760988,-4710.0
2025-06-09 19:00:00,-0.09265039329380187,7.363913501405819,0.0005633990175217818,-4754.4
2025-06-09 20:00:00,-0.13370716686394912,7.461640392208575,0.009204134629887228,-4761.9
2025-06-09 21:00:00,-0.12299975900091642,7.562161631225652,0.009001992877887943,-4594.0
2025-06-09 22:00:00,-0.13575583357621435,7.578656850594762,0.014281163283007103,-4522.1
2025-06-09 23:00:00,-0.11160341277791508,7.534762657037537,0.0166325887322456,-3969.7
2025-06-10 00:00:00,-0.0682326253482497,7.450660796211539,0.02439497131006707,-3965.4
2025-06-10 01:00:00,-0.08049559753992463,7.4377951216719325,0.027545048664778804,-3862.1
2025-06-10 02:00:00,-0.02721324935628422,7.411556287811163,0.02917732831031916,-3899.0
2025-06-10 03:00:00,-0.00807284346714221,7.4109518755836366,0.029755275830281036,-4028.2
2025-06-10 04:00:00,0.013168459869301152,7.441906728051625,0.03244143926985554,-4331.7
2025-06-10 05:00:00,0.022108475400736793,7.23561914106675,0.03560570539853014,-4286.8
2025-06-10 06:00:00,0.049270165948430034,6.841615476477592,0.03430456650419256,-4122.3
2025-06-10 07:00:00,1.082278089964416,6.373319789577012,0.0341668563826536,-3998.0
2025-06-10 08:00:00,1.0943413223493543,5.963579343618446,0.03241774739709591,-3605.7
2025-06-10 09:00:00,0.9899950561603896,5.662960480135946,0.030349830006057843,-3493.9
2025-06-10 10:00:00,0.42536137785634454,5.459585514144159,0.033891812677861566,-3459.5
2025-06-10 11:00:00,0.5047610889405045,5.298317366548036,0.0286840685710521,-3432.5
2025-06-10 12:00:00,0.45648359165254826,5.159055299214529,0.029085944623341575,-3801.5
2025-06-10 13:00:00,0.5744843759158904,5.062595033026967,0.03080239850997213,-3843.6
2025-06-10 14:00:00,0.9501912894021096,5.017279836814924,0.02965304786028078,-3825.8
2025-06-10 15:00:00,0.6940468237739807,5.056245805348308,0.030414251758817734,-3928.7
2025-06-10 16:00:00,0.8740736997571723,5.1647859739235145,0.03321311969585761,-4078.4
2025-06-10 17:00:00,0.9753235866407968,5.241747015059643,0.026486345596347327,-4066.8
2025-06-10 18:00:00,1.0870970675247191,5.278114659230517,0.02889291202025479,-4094.0
2025-06-10 19:00:00,1.1415613947876393,5.3706380281276624,0.025345633954396263,-4144.7
2025-06-10 20:00:00,1.1610373340671396,5.556828061699537,0.03182148307192989,-4136.8
2025-06-10 21:00:00,1.2467919147394042,5.726847747587197,0.03420941699511992,-4225.8
2025-06-10 22:00:00,1.330987075202736,5.796057750765372,0.03261269849603643,-4249.8
2025-06-10 23:00:00,1.2873361789928284,5.820082930352362,0.033196895656806724,-4263.7
2025-06-11 00:00:00,0.5201163170345771,5.493061443340548,0.024581076467418583,-4098.1
2025-06-11 01:00:00,0.35978560887584976,5.267858159063328,0.03521427120750342,-4048.9
2025-06-11 02:00:00,0.341282517057949,5.049856007249537,0.03736562694850054,-4011.4
2025-06-11 03:00:00,0.2173618573306042,4.941642422609304,0.03518742177334655,-3960.4
2025-06-11 04:00:00,0.1957355740862523,4.955827057601261,0.03733221909146778,-3874.2
2025-06-11 05:00:00,0.15246658864228424,5.049856007249537,0.041685050044431904,-3904.4
2025-06-11 06:00:00,0.6557581079601276,5.220355825078324,0.039251275183391776,-4022.6
2025-06-11 07:00:00,1.3074264004833314,5.3471075307174685,0.037891070410420724,-4036.1
2025-06-11 08:00:00,1.1256810815816127,5.655991810819852,0.03862205499270299,-4028.5
2025-06-11 09:00:00,0.9535672586057764,6.113682179832232,0.03583820006187732,-4245.1
2025-06-11 10:00:00,0.28386981130309197,6.47543271670409,0.040371938322350864,-4494.0
2025-06-11 11:00:00,0.027533630563548073,6.677083461247136,0.04303230416345727,-3671.8
2025-06-11 12:00:00,0.05978922778656015,6.786716950605081,0.04396926893050779,-3411.0
2025-06-11 13:00:00,0.15795192797407065,6.692083742506628,0.04003661668348624,-2964.8
2025-06-11 14:00:00,0.3210889894418778,6.879355804460439,0.0488845573759793,-3219.8
2025-06-11 15:00:00,-0.09139399821440586,7.059617628291383,0.04451028262572354,-3429.6
2025-06-11 16:00:00,-0.09401840318317811,7.492760300922379,0.051372439796274705,-4277.7
2025-06-11 17:00:00,-0.07763662675681138,7.79770203551669,0.04225414509832337,-5124.5
2025-06-11 18:00:00,-0.10215088855401788,7.917536353943631,0.047806975598962076,-5310.6
2025-06-11 19:00:00,-0.13210855269486288,7.963807953231451,0.03887911320447923,-5439.9
2025-06-11 20:00:00,-0.14657926572498958,8.028455164114252,0.043244470754178366,-5558.1
2025-06-11 21:00:00,-0.1569905691517266,8.038189179973203,0.04259744237696683,-5468.1
2025-06-11 22:00:00,-0.14271404496403184,8.066835314417336,0.04375923106039714,-5369.5
2025-06-11 23:00:00,-0.1294021476963949,8.045588280803528,0.04371467105259175,-4991.6
2025-06-12 00:00:00,-0.1016875421089547,7.878534196140362,0.030931105845309226,-4653.1
2025-06-12 01:00:00,-0.11657086605431743,7.87777633327726,0.035265898138761465,-4550.9
2025-06-12 02:00:00,-0.14116122178306867,7.8804263442924,0.03450460399928179,-4471.8
2025-06-12 03:00:00,-0.141687830443451,7.847371836159788,0.030722630916371507,-4392.9
2025-06-12 04:00:00,-0.16995443753471662,7.937017489515454,0.022838442180395546,-4675.0
2025-06-12 05:00:00,-0.20622446776714298,7.9294865233142895,0.026122282644085892,-4572.1
2025-06-12 06:00:00,-0.2486069722800326,7.96102146588337,0.03630873247480526,-4939.3
2025-06-12 07:00:00,-0.31332987040145177,8.01565761455734,0.0349961374165737,-5226.7
2025-06-12 08:00:00,-0.32568648281348533,7.945201132412759,0.025368134543111154,-5072.4
2025-06-12 09:00:00,-0.23958220955277598,7.842278779117352,0.027931348200322503,-5036.9
2025-06-12 10:00:00,-0.22362654403100857,7.45298232946546,0.023794531222881332,-4032.6
2025-06-12 11:00:00,-0.24257634746260637,7.180069874302796,0.021493696109759597,-3634.4
2025-06-12 12:00:00,-0.1195748036312132,6.939253946041508,0.019352137232669264,-3316.9
2025-06-12 13:00:00,0.08604188863142648,6.78897174299217,0.021300961525417605,-3261.0
2025-06-12 14:00:00,0.2974875102042076,6.541029999189903,0.022604840219669242,-3019.1
2025-06-12 15:00:00,-0.03508605724973757,6.306275286948016,0.020588198417954118,-2929.0
2025-06-12 16:00:00,-0.02151654061106134,6.342121418721152,0.01828121626592427,-3264.2
2025-06-12 17:00:00,-0.01306822075685865,6.126869184114185,0.015593634230374853,-3880.7
2025-06-12 18:00:00,0.010780152481982608,5.869296913133774,0.01175787023072239,-3919.5
2025-06-12 19:00:00,0.1487039439730662,5.598421958998375,0.015889530634924043,-4003.2
2025-06-12 20:00:00,0.030309173483992424,5.455321115357702,0.01919556186203586,-3954.2
2025-06-12 21:00:00,0.021967894932987342,5.497168225293202,0.020712640706951113,-3850.2
2025-06-12 22:00:00,-0.0006834450532795522,5.62040086571715,0.02642171868917398,-3364.4
2025-06-12 23:00:00,0.006836524643600406,5.739792912179234,0.02513626015569237,-3061.2
2025-06-13 00:00:00,0.03781000836682935,6.1224928095143865,0.022289828007941104,-3268.5
2025-06-13 01:00:00,0.03950720968616084,6.3561076606958915,0.020531626681399295,-3379.4
2025-06-13 02:00:00,-0.0029378499488950105,6.480044561926653,0.024583040212067253,-3480.2
2025-06-13 03:00:00,-0.009693395153991702,6.643789733147672,0.020556804488040648,-3519.9
2025-06-13 04:00:00,0.005025727222161436,6.947937068614969,0.016992866707167487,-3919.2
2025-06-13 05:00:00,0.04478030674940836,7.069874128458572,0.02157543861734812,-4382.3
2025-06-13 06:00:00,-0.05632150562651006,7.117205503164344,0.033628430808545495,-4302.0
2025-06-13 07:00:00,-0.16891034509091307,7.038783541388542,0.03325020118387112,-4324.5
2025-06-13 08:00:00,-0.19402529345790187,6.863803391452954,0.025888810644382865,-4241.4
2025-06-13 09:00:00,-0.17598381162405063,6.86484777797086,0.030098059986526593,-4325.8
2025-06-13 10:00:00,-0.12800855482004847,6.920671504248683,0.030410835025198146,-3925.0
2025-06-13 11:00:00,-0.18331077205535484,6.57507584059962,0.023455207246754206,-3361.0
2025-06-13 12:00:00,-0.07530067926093098,6.573680166960646,0.018262593779323488,-3190.0
2025-06-13 13:00:00,0.07969996316203609,6.674561391814426,0.012326075015999471,-3189.5
2025-06-13 14:00:00,0.2766345518264135,6.744059186311348,0.01360232351913826,-3288.9
2025-06-13 15:00:00,-0.08470581205927097,6.829793737512425,0.009378857733440604,-3360.1
2025-06-13 16:00:00,-0.08746606670974177,6.9865664594064265,0.011014328068329249,-3908.2
2025-06-13 17:00:00,-0.07886094892405238,7.336285660021297,0.011292975670194494,-4479.6
2025-06-13 18:00:00,-0.09927979257211961,7.331714969726466,0.0023561841017585294,-4411.2
2025-06-13 19:00:00,-0.066134687038788,7.414572881350589,-0.006649421884797668,-4491.4
2025-06-13 20:00:00,-0.06260819836265386,7.416979621381154,-0.008610339995369642,-4497.0
2025-06-13 21:00:00,-0.08426776900960453,7.509883061154913,-0.012511819416832992,-4308.5
2025-06-13 22:00:00,-0.08745174928387112,7.61972421378267,-0.014674295916234037,-4369.3
2025-06-13 23:00:00,-0.07844283036461164,7.635786861395585,-0.016641253397585487,-4237.5
2025-06-14 00:00:00,-0.03230301775381372,7.5411524551363085,-0.01864297493336764,-3725.3
2025-06-14 01:00:00,0.01698666065453347,7.53955882930103,-0.02214776897375259,-3717.7
2025-06-14 02:00:00,0.08067783340738766,7.475339236566737,-0.0184732573008759,-3874.4
2025-06-14 03:00:00,0.10850480201418744,7.531552381407289,-0.01913135771387786,-3919.6
2025-06-14 04:00:00,0.11137456699957005,7.387090235656757,-0.01929972192496443,-3721.9
2025-06-14 05:00:00,0.1010988056915556,7.253470382684528,-0.015170054393147225,-3510.8
2025-06-14 06:00:00,0.10358429524985535,7.152268856032539,-0.01278426901086771,-3460.4
2025-06-14 07:00:00,0.09271792198737083,6.833031732786201,-0.014662228082666928,-3273.0
2025-06-14 08:00:00,0.08133211591535439,6.461468176353717,-0.021578166163314982,-2990.5
2025-06-14 09:00:00,-0.0017632642808957932,6.061456918928017,-0.03510976504292174,-2420.4
2025-06-14 10:00:00,0.04169429137431857,5.572154032177765,-0.02989229885374467,-2094.0
2025-06-14 11:00:00,-0.09989637540121077,5.298317366548036,-0.033013180617316173,-2002.4
2025-06-14 12:00:00,-0.6857257692100656,5.176149732573829,-0.03018877103555262,-1490.8
2025-06-14 13:00:00,-1.2411373151830924,5.117993812416755,-0.03121287562486863,-1303.8
2025-06-14 14:00:00,-1.2480552516816465,5.049856007249537,-0.033337122150784104,-1296.0
2025-06-14 15:00:00,0.020115762508945423,5.099866427824199,-0.03542063611736879,-1956.1
2025-06-14 16:00:00,0.062085133273694026,5.771441123130016,-0.036345517007942085,-2265.9
2025-06-14 17:00:00,0.07488634436617936,6.003887067106539,-0.03224590270242533,-2640.3
2025-06-14 18:00:00,0.11973382709468394,6.293419278846481,-0.03633714023237289,-3594.3
2025-06-14 19:00:00,0.17520900683348684,6.405228458030842,-0.02794790475169151,-4380.8
2025-06-14 20:00:00,0.11149741463233509,6.6240652277998935,-0.030028628166848037,-3619.1
2025-06-14 21:00:00,0.12114182169252574,6.858565034791365,-0.0327292074766703,-3739.6
2025-06-14 22:00:00,0.10712065387139091,7.02108396428914,-0.030110719849727907,-3587.8
2025-06-14 23:00:00,0.10617316339102967,7.0192966537150445,-0.02682420804727137,-3416.3
2025-06-15 00:00:00,0.01814091778166871,6.926577033222725,-0.02959239008535519,-3076.5
2025-06-15 01:00:00,0.023248754351813616,6.889591308354466,-0.030188709525257984,-3046.6
2025-06-15 02:00:00,0.048186130835532026,6.841615476477592,-0.030094776288693836,-3055.9
2025-06-15 03:00:00,0.06173911967224077,6.7650389767805414,-0.02779843925263492,-3041.0
2025-06-15 04:00:00,0.06155988898183695,6.688354713946762,-0.02782192475137446,-3081.8
2025-06-15 05:00:00,0.11721786002610601,6.668228248417403,-0.04043858390442345,-3337.4
2025-06-15 06:00:00,0.13999283915523586,6.598509028614515,-0.0514861523565715,-3661.4
2025-06-15 07:00:00,0.10576450174439023,6.289715570908998,-0.053445581205747494,-3859.1
2025-06-15 08:00:00,0.1401990069704171,5.937536205082426,-0.05380711651835757,-3763.7
2025-06-15 09:00:00,0.15275325102330672,5.7745515455444085,-0.047630620095644005,-3208.1
2025-06-15 10:00:00,0.11197371251336241,5.384495062789089,-0.04914029865068592,-2739.3
2025-06-15 11:00:00,0.11610762365337512,5.10594547390058,-0.04982837466997303,-2484.6
2025-06-15 12:00:00,0.16424201642336822,5.2574953720277815,-0.049606016111374274,-2154.8
2025-06-15 13:00:00,0.13678125746665915,5.14166355650266,-0.04679803823536677,-2103.6
2025-06-15 14:00:00,0.45745166009363203,5.327876168789581,-0.0420617496440574,-2140.0
2025-06-15 15:00:00,0.12109164989647114,5.82600010738045,-0.04852167551004882,-2245.0
2025-06-15 16:00:00,0.06950305960102865,6.317164686747284,-0.051613719327586516,-2873.3
2025-06-15 17:00:00,0.07873076341099416,6.822197390620491,-0.05523364459048086,-4262.5
2025-06-15 18:00:00,0.013507835806158663,7.017506142941256,-0.03922390937664488,-4496.9
2025-06-15 19:00:00,-0.01104261499969672,7.212294468500341,-0.0362143395438812,-4613.0
2025-06-15 20:00:00,0.018918357416880305,7.452402451223638,-0.03960987276166872,-4652.4
2025-06-15 21:00:00,-0.014804232348578417,7.5251007461258,-0.040746333412259084,-4609.2
2025-06-15 22:00:00,-0.0404721016215297,7.4821189235521155,-0.04612587413739533,-4260.9
2025-06-15 23:00:00,-0.07399404944875787,7.429520842786462,-0.05204836939404078,-3875.5
2025-06-16 00:00:00,-0.057712105024998905,7.325807502595773,-0.04802978302632077,-3500.5
2025-06-16 01:00:00,-0.05828432779422332,7.272398392570047,-0.053222515415928484,-3423.1
2025-06-16 02:00:00,-0.07662041148478549,7.269616749608169,-0.05493717770998163,-3380.7
2025-06-16 03:00:00,-0.09211742669208256,7.221835825288449,-0.059929575188482076,-3364.0
2025-06-16 04:00:00,-0.09340837508715083,7.205635176410364,-0.05977897792843745,-3387.7
2025-06-16 05:00:00,-0.11313603600128497,7.246368080102461,-0.05705298353226329,-3626.8
2025-06-16 06:00:00,-0.12164603201442592,7.456454555176209,-0.04046279337557923,-4255.1
2025-06-16 07:00:00,-0.20727564277112087,7.359467638255621,-0.019374654119151735,-4453.2
2025-06-16 08:00:00,-0.2328127837513616,7.246368080102461,-0.014558619059087619,-4250.4
2025-06-16 09:00:00,-0.1657109034728359,7.1284959456800365,-0.014790227958650703,-4401.2
2025-06-16 10:00:00,-0.0507988011426872,6.9985096422506015,-0.017065143217606327,-4406.1
2025-06-16 11:00:00,-0.010646555029929061,6.893656354602635,-0.00953028327567651,-4546.3
2025-06-16 12:00:00,-0.010598864185259238,6.870053411798126,-0.007790812223978705,-3543.3
2025-06-16 13:00:00,0.09682833416951553,6.728628613084702,-0.0024139152183755286,-3168.8
2025-06-16 14:00:00,0.29606683084314733,6.940222469119639,0.0014051056562198738,-3475.4
2025-06-16 15:00:00,-0.033478479052936105,7.25063551189868,0.00677357013572788,-3991.3
2025-06-16 16:00:00,-0.02678512378750142,7.372118028337787,0.008442406077680431,-4898.2
2025-06-16 17:00:00,-0.08621875189788542,7.586803535162581,0.0030762839648703633,-5429.8
2025-06-16 18:00:00,-0.11734394226794631,7.7025561132685825,-0.0011970837705641557,-4959.9
2025-06-16 19:00:00,-0.14382662397347667,7.771067086065406,-0.004993886047344631,-5136.5
2025-06-16 20:00:00,-0.17721428124595962,7.847762537473608,-0.007478365330048753,-5203.0
2025-06-16 21:00:00,-0.16143963230784886,7.9291264873067995,-0.011617294324847371,-5142.7
2025-06-16 22:00:00,-0.1528502669355145,7.865187954187467,-0.012996138429878457,-4857.2
2025-06-16 23:00:00,-0.11086184804241173,7.847762537473608,-0.008900713272918637,-4501.0
2025-06-17 00:00:00,-0.04767389832721314,7.734996194022781,-0.012244133691910797,-4776.2
2025-06-17 01:00:00,-0.10192638071163573,7.6638772587034705,-0.01900729542724111,-4447.5
2025-06-17 02:00:00,-0.09353377274742414,7.64826303090192,-0.01695244341718194,-4407.0
2025-06-17 03:00:00,-0.07379951716747257,7.64826303090192,-0.014540190339740633,-4427.4
2025-06-17 04:00:00,-0.04656152208908404,7.597897950521784,-0.016725766498585593,-4315.3
2025-06-17 05:00:00,-0.0411713089447141,7.582738488914411,-0.019656973276519274,-4481.2
2025-06-17 06:00:00,-0.09704868276121825,7.493873886783559,-0.01014719606664194,-4402.7
2025-06-17 07:00:00,-0.21512289492775283,7.509335266016592,-0.001282935497991744,-4452.6
2025-06-17 08:00:00,-0.18887989614271117,7.506042178518122,-0.00148380427858541,-4543.2
2025-06-17 09:00:00,-0.17275705047451595,7.477604243197589,0.0016740300293918153,-4594.2
2025-06-17 10:00:00,-0.06624608408207955,7.412160334945205,0.002028582131877066,-4440.5
2025-06-17 11:00:00,-0.06852649025721558,7.124478262493424,0.0014179141467138834,-3858.3
2025-06-17 12:00:00,-0.010782788441581648,6.966967138613983,-0.002662753691239139,-3274.7
2025-06-17 13:00:00,0.1074439996703771,6.86171134048073,0.0006740822181479089,-3064.1
2025-06-17 14:00:00,0.3175511237243587,6.799055862058796,0.0017960933573144544,-3046.4
2025-06-17 15:00:00,-0.04743287921048278,6.756932389247553,-0.001001944474561256,-3206.0
2025-06-17 16:00:00,-0.027134199819755178,7.005789019253503,0.0026857186281388223,-3775.9
2025-06-17 17:00:00,-0.03051601667149706,6.966967138613983,-0.0002142697066975785,-4253.9
2025-06-17 18:00:00,-0.05673737806268386,6.875232087276577,0.0015438966161536172,-4219.9
2025-06-17 19:00:00,-0.09749396622130524,6.762729506931879,-0.005782909301548678,-4399.2
2025-06-17 20:00:00,-0.1173639777784996,6.70073110954781,-0.010399532362032282,-4103.6
2025-06-17 21:00:00,-0.07995465797681467,6.728628613084702,-0.01391831602786997,-4213.7
2025-06-17 22:00:00,-0.05530728591715439,6.9167150203536085,-0.00954516428021801,-4452.9
2025-06-17 23:00:00,-0.12105652748437867,6.926577033222725,-0.011081170361467052,-3497.6
2025-06-18 00:00:00,-0.14017534415470712,7.529406457837013,-0.019658869777636312,-3689.4
2025-06-18 01:00:00,-0.08766892569294438,7.665753431861699,-0.018740722914907693,-3829.3
2025-06-18 02:00:00,-0.06851928225449067,7.725330037917135,-0.017719751545315354,-3973.2
2025-06-18 03:00:00,-0.03857151680659632,7.762596048540069,-0.023259340743075008,-4090.3
2025-06-18 04:00:00,-0.035986461207949016,7.8724551500639794,-0.022355554723898052,-4411.1
2025-06-18 05:00:00,-0.03610745460282283,7.873978379604501,-0.018939571772002672,-4530.9
2025-06-18 06:00:00,-0.13852710091231746,7.87359778968554,-0.009160888603539696,-4868.0
2025-06-18 07:00:00,-0.24863457341004613,8.01565761455734,-0.0013059883804036332,-5112.3
2025-06-18 08:00:00,-0.23846624546459028,8.05579245097777,0.004156373874652175,-5201.3
2025-06-18 09:00:00,-0.2033755530231809,8.017637159908478,0.004790930225614609,-5198.7
2025-06-18 10:00:00,-0.04456796245403005,8.09040229659332,0.001859356911159793,-5823.8
2025-06-18 11:00:00,-0.07242772041650758,7.726212650507529,0.006883790047146121,-4435.4
2025-06-18 12:00:00,-0.014620664305777353,7.681560362559537,0.010683291297040931,-4139.0
2025-06-18 13:00:00,0.13257571048069616,7.618742377670413,0.009378176244988268,-4019.2
2025-06-18 14:00:00,0.31835941083155106,7.609862200913554,0.01019382424040316,-4013.0
2025-06-18 15:00:00,-0.07734772748041507,7.661527081358517,0.006008735271147536,-4245.7
2025-06-18 16:00:00,-0.09724942376462442,7.740229524763182,0.01260319928310416,-4593.6
2025-06-18 17:00:00,-0.09981805144974887,7.932003152361385,0.00900841178446754,-5319.7
2025-06-18 18:00:00,-0.11245317747655337,7.860956364876389,0.014007741414545194,-5158.9
2025-06-18 19:00:00,-0.10249944737727468,7.8336002236611035,0.0061091906809886964,-5256.7
2025-06-18 20:00:00,-0.1174206570867149,7.748460023899697,0.004953557760863703,-4992.2
2025-06-18 21:00:00,-0.1200730352646393,7.660585461703256,0.006430460391976034,-4834.9
2025-06-18 22:00:00,-0.14089883299346928,7.612336837167746,0.008296728153347033,-4522.8
2025-06-18 23:00:00,-0.16151943713701655,7.61972421378267,0.007744190670273099,-4326.7
2025-06-19 00:00:00,-0.14406676507781624,7.496097345175956,-0.0026290906469927933,-4180.9
2025-06-19 01:00:00,-0.1345964324821889,7.596392304064196,-0.0065066933720236975,-4353.6
2025-06-19 02:00:00,-0.14592881126654156,7.591357046698551,-0.0028183181546932445,-4329.4
2025-06-19 03:00:00,-0.14010304405787943,7.693481640835175,-0.0041241004137964055,-4557.6
2025-06-19 04:00:00,-0.16678862563065033,7.7651449029361315,-0.006513769832131366,-4747.9
2025-06-19 05:00:00,-0.14013435593815293,7.784473235736469,-0.0019713772267069274,-4829.7
2025-06-19 06:00:00,-0.23079388994981054,7.908019444632471,0.018519190911307604,-5008.5
2025-06-19 07:00:00,-0.3025640084748922,8.080237416216702,0.02246987759739305,-5504.6
2025-06-19 08:00:00,-0.3181727862622892,8.111328003286733,0.025368134543111154,-5693.0
2025-06-19 09:00:00,-0.31079404333311667,7.87359778968554,0.024374735085475052,-4720.4
2025-06-19 10:00:00,-0.2888219755239425,7.730174795246222,0.020186589846682423,-4064.4
2025-06-19 11:00:00,-0.27146065024098665,7.62608275807238,0.020888918347147012,-3770.2
2025-06-19 12:00:00,-0.19444528478136025,7.542213463193403,0.015689129473932084,-3565.3
2025-06-19 13:00:00,-0.03140453573568314,7.402451520818244,0.008955125703118405,-3346.2
2025-06-19 14:00:00,0.15383248025525287,7.44600149832412,0.00582905071483264,-3369.2
2025-06-19 15:00:00,-0.19992288279322157,7.57095858316901,0.0013628000704812848,-3614.7
2025-06-19 16:00:00,-0.23481448531805738,7.6708948313621175,0.007210992511677006,-3859.5
2025-06-19 17:00:00,-0.24178626777019474,7.9420068084898565,0.009503481423869253,-4516.8
2025-06-19 18:00:00,-0.20768732122661948,7.97349996402463,0.0025975008320582305,-4629.0
2025-06-19 19:00:00,-0.20978753089206403,7.965545573129992,-0.013760572183398878,-4638.1
2025-06-19 20:00:00,-0.20313616135804313,7.941651252930556,-0.0268898034421996,-4665.2
2025-06-19 21:00:00,-0.18776269443802995,7.924072324923417,-0.032163111340996586,-4767.2
2025-06-19 22:00:00,-0.16718460136478086,7.944492163932159,-0.027714389709569076,-4889.0
2025-06-19 23:00:00,-0.14024344677331158,7.933079771880415,-0.025482497949958827,-4787.8
2025-06-20 00:00:00,-0.06573067057401083,7.959275960116396,-0.011474351595266441,-4995.5
2025-06-20 01:00:00,-0.05539461239112553,7.935229539816907,-0.011217071633180531,-4947.0
2025-06-20 02:00:00,-0.046234655702219296,7.929846429742503,-0.01660951999519522,-5030.1
2025-06-20 03:00:00,-0.04386611321656364,7.884576510596324,-0.02101311170790421,-4883.9
2025-06-20 04:00:00,-0.041163655247212994,7.8013913202914855,-0.02824452825955781,-4833.9
2025-06-20 05:00:00,-0.012953845490921712,7.8628820346414905,-0.0405737028472819,-5324.2
2025-06-20 06:00:00,-0.07288365962851273,7.820439515262181,-0.06350961499901331,-5172.0
2025-06-20 07:00:00,-0.2772514888868769,7.634820677745543,-0.07898773875143394,-4558.5
2025-06-20 08:00:00,-0.32071760080175915,7.552762084214147,-0.06407329141330464,-4402.9
2025-06-20 09:00:00,-0.30996425899589175,7.450079569807499,-0.06303545631169971,-4121.4
2025-06-20 10:00:00,-0.23665910691315917,7.20414929203594,-0.052167862670107645,-3708.5
2025-06-20 11:00:00,-0.3080624770278315,6.883462586413092,-0.05362646842718899,-3224.8
2025-06-20 12:00:00,-0.344498414925698,6.715383386334681,-0.05537472368505014,-2988.1
2025-06-20 13:00:00,-0.23599514551741896,6.626717749249025,-0.056800566787518214,-2937.1
2025-06-20 14:00:00,-0.018412098887575556,6.52649485957079,-0.05678502874977909,-2877.4
2025-06-20 15:00:00,-0.22390546103819542,6.415096959171596,-0.07197746177284436,-2921.9
2025-06-20 16:00:00,-0.038554829836003,6.837332814685591,-0.0602593520816157,-3816.5
2025-06-20 17:00:00,-0.05204070237806668,6.846943139585379,-0.049215769053080116,-4380.7
2025-06-20 18:00:00,0.01988160305438491,6.670766320845874,-0.05257460999546293,-4963.5
2025-06-20 19:00:00,0.07740149210349623,6.416732282512326,-0.04813301087179145,-4736.5
2025-06-20 20:00:00,0.21707169748552468,6.270988431858299,-0.05116995441416616,-4761.7
2025-06-20 21:00:00,0.08335679886830327,6.434546518787453,-0.05298168695104177,-4516.6
2025-06-20 22:00:00,0.13125109340827423,6.79794041297493,-0.04896336939486634,-4824.4
2025-06-20 23:00:00,0.1416043745434279,7.142036574706803,-0.04490925074507057,-5059.0
2025-06-21 00:00:00,0.3361574254487638,7.393263094763838,0.043419945600697396,-4278.8
2025-06-21 01:00:00,0.35925082796821384,7.400009517162692,0.03591142046518847,-4261.5
2025-06-21 02:00:00,0.3575344090861514,7.419979923661835,0.031185861817934146,-4258.1
2025-06-21 03:00:00,0.2718101946263678,7.10002716662926,0.036322466848692336,-3673.9
2025-06-21 04:00:00,0.2721228805928595,7.213768308118642,0.032202842680060684,-3744.5
2025-06-21 05:00:00,0.2921674673175354,7.507690077819904,0.03771173003720829,-4117.9
2025-06-21 06:00:00,0.24970496134693132,7.557472901614746,0.03910317126268659,-4096.1
2025-06-21 07:00:00,0.18402905714245854,7.620214770574455,0.043787179680571775,-4177.4
2025-06-21 08:00:00,0.16859807647756408,7.5406215286571525,0.05470974530209727,-3897.9
2025-06-21 09:00:00,0.12155915853731747,7.560601162768557,0.052971554008938604,-3899.5
2025-06-21 10:00:00,0.19984908494915254,7.356918242356021,0.059540042609091515,-3528.0
2025-06-21 11:00:00,0.29510636054574846,7.440146680662688,0.05649231458005044,-3736.2
2025-06-21 12:00:00,-0.32200412867879225,7.304515946460155,0.05521241766272489,-3338.0
2025-06-21 13:00:00,-1.2480552516816465,6.634633357861686,0.05638257681600667,-2554.7
2025-06-21 14:00:00,-1.2480552516816465,6.502790045915623,0.05718590513650046,-2464.8
2025-06-21 15:00:00,0.2231781197142535,6.9411900550683745,0.05290281885938786,-3051.3
2025-06-21 16:00:00,0.30610402664490444,7.158513997329321,0.0504136943247655,-3526.0
2025-06-21 17:00:00,0.3129329733672672,7.261225091971921,0.0556106985204341,-3810.2
2025-06-21 18:00:00,0.3319092339239411,7.321849713788356,0.06083398214946367,-4067.7
2025-06-21 19:00:00,0.3616400253317362,7.102499355774649,0.06713250606308829,-4654.7
2025-06-21 20:00:00,0.37157959389586237,6.898714534329988,0.06381543981686644,-4242.2
2025-06-21 21:00:00,0.3870964448217311,6.7226297948554485,0.06729667855724308,-4190.0
2025-06-21 22:00:00,0.4396128305932394,6.654152520183219,0.07071830053180239,-4453.3
2025-06-21 23:00:00,0.4358344682719282,6.656726524178391,0.07037038823745423,-4372.2
2025-06-22 00:00:00,0.152164702951469,6.559615237493242,0.004598974662924249,-3516.1
2025-06-22 01:00:00,0.17246115253848915,6.637258031284457,0.006785418770367535,-3466.4
2025-06-22 02:00:00,0.18705138666096754,6.489204931325317,0.007176618508538013,-3357.1
2025-06-22 03:00:00,0.2133010508421771,6.278521424165844,0.0032691481202240524,-3602.9
2025-06-22 04:00:00,0.1746562814895558,5.849324779946859,0.004919094967729798,-3070.5
2025-06-22 05:00:00,0.19894520886913014,5.198497031265826,-0.004734069731323842,-3208.6
2025-06-22 06:00:00,0.1743991439332464,4.584967478670572,-0.014402826468342234,-3440.2
2025-06-22 07:00:00,0.1576029218134254,4.356708826689592,-0.018095803353700646,-3741.9
2025-06-22 08:00:00,0.08013006077720819,4.762173934797756,-0.02983212146864922,-2707.0
2025-06-22 09:00:00,-0.014545489440951354,4.897839799950911,-0.029702567308870442,-2257.4
2025-06-22 10:00:00,-0.07902119181762979,5.159055299214529,-0.029067940161298544,-2156.3
2025-06-22 11:00:00,-0.14844069807066207,5.459585514144159,-0.02268385091922287,-2146.8
2025-06-22 12:00:00,-0.052442506289083646,5.777652323222656,-0.025940515832163946,-2281.4
2025-06-22 13:00:00,0.1594860511604166,6.059123195581797,-0.024470859417581536,-2381.6
2025-06-22 14:00:00,0.15424614645347967,6.306275286948016,-0.030450588716379734,-2480.2
2025-06-22 15:00:00,-0.16039177718556763,6.481577129276431,-0.03552510268286824,-2592.5
2025-06-22 16:00:00,-0.074940854836683,6.8966943316227125,-0.03471190852498296,-3131.5
2025-06-22 17:00:00,-0.05056902239858996,7.242082359256962,-0.03047309490982908,-3903.2
2025-06-22 18:00:00,0.006971864826373242,7.7406644019172415,-0.019727493515195427,-5404.7
2025-06-22 19:00:00,-0.01534227434405011,7.872073979866873,-0.015553824578364406,-5363.7
2025-06-22 20:00:00,0.009250004057141936,7.9714309977693505,-0.017616317140462634,-5423.7
2025-06-22 21:00:00,-0.016532243837839466,7.897668150726906,-0.013310688218071576,-5215.7
2025-06-22 22:00:00,-0.06190798143115828,7.748460023899697,-0.015604685102507787,-4609.4
2025-06-22 23:00:00,-0.10867510162302185,7.60688453121963,-0.02116872286501792,-4209.6
2025-06-23 00:00:00,-0.08045818371842417,7.498315870766981,-0.01868957466290233,-3962.9
2025-06-23 01:00:00,-0.1636880951118389,7.349873704738337,-0.022450856749174797,-3853.5
2025-06-23 02:00:00,-0.17319023560619495,7.357556200910353,-0.025305380103610275,-3781.2
2025-06-23 03:00:00,-0.10290674214482198,7.422971251049421,-0.028536862780619288,-4009.3
2025-06-23 04:00:00,-0.10209721332135091,7.358193752733032,-0.026964698949218935,-3807.9
2025-06-23 05:00:00,-0.11091381286456725,7.524021415206125,-0.026348817188282858,-4227.8
2025-06-23 06:00:00,-0.1464075412254453,7.685243607975833,-0.012139929175517317,-4671.0
2025-06-23 07:00:00,-0.22532426104613368,7.966239776559467,0.004767651202447709,-5443.5
2025-06-23 08:00:00,-0.24850854761654828,7.973844375944687,0.0073001747534116035,-5459.6
2025-06-23 09:00:00,-0.22068452946046202,7.83241092718792,0.012509010528987119,-5442.6
2025-06-23 10:00:00,-0.2327320838102338,7.483806687665835,0.008655809299456863,-3928.4
2025-06-23 11:00:00,-0.15379602379521407,7.4645098346365275,0.013698144958380176,-3972.6
2025-06-23 12:00:00,-0.12045651002605862,7.340186835320115,0.011914258855353133,-3426.5
2025-06-23 13:00:00,0.004839936737945472,7.1372784372603855,0.00999319182867886,-3102.9
2025-06-23 14:00:00,0.20307208532647136,7.077498053569231,0.009502315888838986,-3021.5
2025-06-23 15:00:00,-0.16423364799140394,6.990256500493881,0.014171877617172868,-2990.0
2025-06-23 16:00:00,-0.20158422250279884,6.943122422819428,0.015790877602472442,-2979.6
2025-06-23 17:00:00,-0.24186868238078496,6.835184586147301,0.01403196262584494,-2895.4
2025-06-23 18:00:00,-0.18248005314475835,6.78897174299217,0.015897349588735565,-3415.5
2025-06-23 19:00:00,-0.1736998569140753,6.732210706467206,0.014019259532913608,-3523.1
2025-06-23 20:00:00,-0.14165949505444386,6.78105762593618,0.01226317647696984,-3568.6
2025-06-23 21:00:00,-0.10663606109082302,6.580639137284949,0.007764368957538181,-3593.7
2025-06-23 22:00:00,-0.11513654637347859,6.1092475827643655,0.004218185284385889,-3152.9
2025-06-23 23:00:00,-0.243017506284124,5.645446897643238,0.0036200433778121877,-2797.2
2025-06-24 00:00:00,-0.038630610073647986,5.10594547390058,-0.008106196753112194,-2549.1
2025-06-24 01:00:00,-0.053867930756034355,5.056245805348308,-0.01474894974466423,-2463.2
2025-06-24 02:00:00,-0.06270206231603126,5.293304824724492,-0.020535392431131783,-2538.3
2025-06-24 03:00:00,-0.10055170263890556,5.3981627015177525,-0.019585246085568997,-2525.1
2025-06-24 04:00:00,-0.11285662156771004,5.817111159963204,-0.018887929503081047,-2680.3
2025-06-24 05:00:00,-0.06078327645152504,6.184148890937483,-0.011874832834464222,-3044.2
2025-06-24 06:00:00,-0.07809893398155587,6.716594773520978,-0.0022731396357356104,-3431.6
2025-06-24 07:00:00,-0.16766320622991904,6.853299093186078,0.009060935251577362,-3656.7
2025-06-24 08:00:00,-0.13919647599606444,6.90875477931522,0.014718170297695288,-3808.0
2025-06-24 09:00:00,-0.2538353170925247,6.542471960506805,0.020287596543381525,-2791.2
2025-06-24 10:00:00,-0.21672122469833832,6.597145701886651,0.02497644901990892,-2574.2
2025-06-24 11:00:00,-0.1761895993338367,6.511745329644728,0.02389076999877293,-2495.2
2025-06-24 12:00:00,-0.15357005862510364,6.476972362889683,0.02366261105335088,-2278.8
2025-06-24 13:00:00,0.07710879987430408,6.424869023905388,0.025945072627111543,-2314.3
2025-06-24 14:00:00,0.24376156298982377,6.311734809152915,0.02965304786028078,-2200.2
2025-06-24 15:00:00,-0.12182516035312707,6.230481447578482,0.024331507943048614,-2135.0
2025-06-24 16:00:00,-0.24180063460925894,6.152732694704104,0.02475896306252867,-2042.3
2025-06-24 17:00:00,-0.08817273437211215,6.709304340258298,0.022285919378474794,-2928.9
2025-06-24 18:00:00,-0.05350008161289255,6.954638864880987,0.022276346528125046,-3894.2
2025-06-24 19:00:00,-0.09400577495651419,6.981934677156389,0.016896579467868378,-4088.4
2025-06-24 20:00:00,-0.10900380046862379,7.00669522683704,0.014293080228338972,-4124.7
2025-06-24 21:00:00,-0.11520634985161538,7.029972911706386,0.00920048932216666,-3759.7
2025-06-24 22:00:00,-0.1402719384122868,6.831953565565855,0.015836908991199827,-3590.2
2025-06-24 23:00:00,-0.13470232285178563,6.736966958001855,0.01649772789917492,-3160.8
2025-06-25 00:00:00,-0.20195850043154762,6.646390514847729,-0.005150843288057594,-2533.7
2025-06-25 01:00:00,-0.11771324435783637,6.732210706467206,-0.003925637129767345,-2662.0
2025-06-25 02:00:00,-0.12083204015968585,6.795705775173514,-0.009154388686392068,-2652.6
2025-06-25 03:00:00,-0.12473363684497096,6.853299093186078,-0.008145702933027188,-2754.6
2025-06-25 04:00:00,-0.13029714067919063,6.870053411798126,-0.011560199794551806,-2861.5
2025-06-25 05:00:00,-0.2554220286799356,6.748759547491679,-0.00623650751574889,-2798.8
2025-06-25 06:00:00,-0.22934321690473203,6.824373670043086,0.004632433528796831,-3207.9
2025-06-25 07:00:00,-0.18634964903721585,7.4127640174265625,0.01576759709547737,-4018.0
2025-06-25 08:00:00,-0.16031999199115177,7.38025578842646,0.015578199277839211,-4297.1
2025-06-25 09:00:00,-0.1498978023517079,7.3783837129967145,0.01924030865283921,-3981.3
2025-06-25 10:00:00,-0.10890763031152417,7.063903961472068,0.01949435330079563,-3438.0
2025-06-25 11:00:00,-0.11279194427186834,6.887552571664617,0.01968494016646627,-3237.3
2025-06-25 12:00:00,-0.013084565693437522,6.833031732786201,0.019871717351446883,-2885.5
2025-06-25 13:00:00,0.11410397285876384,6.661854740545311,0.01682237935671793,-2807.7
2025-06-25 14:00:00,0.2898426269996177,6.71174039505618,0.014567464451850753,-2828.7
2025-06-25 15:00:00,-0.1822348092272268,6.7357800142423265,0.00476185231658377,-2844.8
2025-06-25 16:00:00,-0.2325803489964171,6.822197390620491,0.009510094435363214,-3097.4
2025-06-25 17:00:00,-0.1228557195167661,7.38770923908104,0.008393594673185234,-4074.7
2025-06-25 18:00:00,-0.07219744611805723,7.71244383427499,0.017072408232448488,-5126.4
2025-06-25 19:00:00,-0.08950576131528676,7.70796153183549,0.009188959053068047,-5288.8
2025-06-25 20:00:00,-0.08609969307011411,7.707512194600341,0.00742880654940592,-5203.8
2025-06-25 21:00:00,-0.09619741274316773,7.757051142032013,0.008301368327788161,-5323.4
2025-06-25 22:00:00,-0.09033122804270066,7.764296006450518,0.010194862225303858,-5456.9
2025-06-25 23:00:00,-0.05352770272861962,7.737616282857904,0.011008966668412334,-5131.2
2025-06-26 00:00:00,-0.061756174180694234,7.579167967396076,-0.010853948527877577,-4703.3
2025-06-26 01:00:00,-0.039609824918188874,7.545389749611823,-0.010711324654055332,-4579.8
2025-06-26 02:00:00,-0.03591961925933829,7.5126175446745105,-0.015575401155464519,-4558.6
2025-06-26 03:00:00,-0.025403847137799307,7.459914766241105,-0.014819389530544846,-4541.6
2025-06-26 04:00:00,-0.004487025159998215,7.506042178518122,-0.016492469882027905,-4617.7
2025-06-26 05:00:00,-0.019770673688277896,7.242082359256962,-0.011747991411323433,-4569.7
2025-06-26 06:00:00,-0.10519465067390721,6.82001636467413,-0.00024551367459135776,-4323.1
2025-06-26 07:00:00,-0.018515472333263006,6.313548046277095,0.009176630486730453,-4232.1
2025-06-26 08:00:00,0.6127769036842201,5.746203190540153,0.005660121339771784,-4036.0
2025-06-26 09:00:00,0.6121388584455136,5.170483995038151,0.00518949436412619,-3823.6
2025-06-26 10:00:00,0.4531524550034325,4.77912349311153,0.005011791827447709,-3757.4
2025-06-26 11:00:00,0.4148385680092117,4.653960350157523,0.009328095946071535,-3687.2
2025-06-26 12:00:00,0.35492721427724216,4.795790545596741,0.010169336250333672,-3733.7
2025-06-26 13:00:00,0.7098938379214648,5.0238805208462765,0.007712117463521295,-3744.6
2025-06-26 14:00:00,1.0477299234320698,5.293304824724492,0.008332180932950628,-3872.9
2025-06-26 15:00:00,0.7380477630293694,5.501258210544727,-0.0011450382344824206,-3944.5
2025-06-26 16:00:00,0.4888995827397067,5.726847747587197,-0.000861078638969559,-4066.2
2025-06-26 17:00:00,0.6911355834965862,5.991464547107982,-0.0009356677208360864,-4209.0
2025-06-26 18:00:00,0.25883017832843436,6.282266746896006,-0.0035563647423204614,-4368.8
2025-06-26 19:00:00,-0.025921095063832222,6.677083461247136,-0.0050214404099602206,-4513.4
2025-06-26 20:00:00,-0.03847455861079219,7.142036574706803,-0.007324647947359431,-4711.1
2025-06-26 21:00:00,-0.045754123080318454,7.4770384723196965,-0.004117933576275767,-4907.4
2025-06-26 22:00:00,-0.036209423149917264,7.722234744709607,-0.0018731585256821504,-4902.6
2025-06-26 23:00:00,-0.020348295846518205,7.792761720816526,-0.0067778778151508234,-5008.6
2025-06-27 00:00:00,0.03747539233559971,7.750614732770409,-0.02182998435237593,-5437.1
2025-06-27 01:00:00,0.06205569992164639,7.721791776817535,-0.03463069882761616,-5363.9
2025-06-27 02:00:00,0.06727837839321271,7.667158255319148,-0.03895279181182598,-5348.0
2025-06-27 03:00:00,0.07719884202492944,7.579678823090456,-0.04136265112318416,-5205.7
2025-06-27 04:00:00,0.07734638880178757,7.454141078146678,-0.03768884110214543,-4985.5
2025-06-27 05:00:00,0.07719129385628865,7.334981878871814,-0.0269777867996428,-4909.8
2025-06-27 06:00:00,0.019263692893506157,7.144407180321139,-0.007508474751943162,-4740.7
2025-06-27 07:00:00,-0.0633904033665873,6.86484777797086,0.006197153712161452,-4753.6
2025-06-27 08:00:00,0.5080302839071207,6.710523109452428,0.010449074005549619,-4647.2
2025-06-27 09:00:00,0.5522113405309375,6.663132695990803,0.011672575866028545,-4688.4
2025-06-27 10:00:00,0.6642102948408279,6.61338421837956,0.013583514892673065,-4566.9
2025-06-27 11:00:00,0.6474825876603854,6.595780513961311,0.013148962641604811,-4462.2
2025-06-27 12:00:00,0.3575739810721701,6.723832440821209,0.017650411329840132,-4590.9
2025-06-27 13:00:00,0.3007893144965692,6.841615476477592,0.022881901065330723,-4279.7
2025-06-27 14:00:00,0.4192635860693277,7.018401799069201,0.02735254015939592,-4082.9
2025-06-27 15:00:00,0.043623945152488464,7.228388451573604,0.020657172771147536,-4303.0
2025-06-27 16:00:00,-0.03544655587778367,7.274479558773871,0.022208474811481693,-4403.7
2025-06-27 17:00:00,-0.09289026371339171,7.467942332285852,0.02174496138311177,-4774.1
2025-06-27 18:00:00,-0.09824584452205531,7.687997166393016,0.012251131873212806,-5402.5
2025-06-27 19:00:00,-0.0467298228361126,7.776954403322442,0.005341886205629365,-5829.8
2025-06-27 20:00:00,0.004186012711651088,7.8351837552667485,0.0022281467240858888,-6010.2
2025-06-27 21:00:00,0.020239266810896606,7.885329239273191,-0.00409480630588277,-6039.9
2025-06-27 22:00:00,0.030585901268859406,7.909489492673759,-0.005463704485957344,-6020.9
2025-06-27 23:00:00,0.07485815954832553,7.918264686095274,-0.010541607240862838,-5935.3
2025-06-28 00:00:00,0.08231044314129088,7.798112628829788,-0.020763866502504946,-5373.9
2025-06-28 01:00:00,0.09885563412314413,7.674152921281675,-0.019982484836535974,-4910.4
2025-06-28 02:00:00,0.11063988468947894,7.603897968521881,-0.0199341779405513,-4725.3
2025-06-28 03:00:00,0.12626854625618344,7.535830462798367,-0.016924663181053567,-4639.6
2025-06-28 04:00:00,0.13445528865358103,7.4073177104694174,-0.010437034667119427,-4572.3
2025-06-28 05:00:00,0.1610777524322904,7.289610521451167,-0.004776493865883857,-4574.1
2025-06-28 06:00:00,0.1559772293108015,6.851184927493743,-0.004781316148066317,-4498.5
2025-06-28 07:00:00,0.14497709431642125,6.246106765481563,-0.00831747644933234,-4403.9
2025-06-28 08:00:00,0.16173981564133033,5.717027701406222,-0.011186662887296528,-4183.8
2025-06-28 09:00:00,0.09697483737183266,5.480638923341991,-0.019874013265500423,-3412.1
2025-06-28 10:00:00,0.08083666838718173,5.170483995038151,-0.01537424226670936,-2780.8
2025-06-28 11:00:00,0.14119381910383577,5.796057750765372,-0.016346128132104454,-2728.8
2025-06-28 12:00:00,0.23036148316394733,6.152732694704104,-0.009971979310177126,-2571.2
2025-06-28 13:00:00,0.3955430552484063,6.489204931325317,-0.0066416148943631015,-2548.2
2025-06-28 14:00:00,0.696363604934708,6.76849321164863,-0.007159468885658882,-2708.1
2025-06-28 15:00:00,0.1717593485904665,7.050989447068045,-0.014278199543559467,-3028.2
2025-06-28 16:00:00,0.1040004656729292,7.143617602704121,-0.018953774296073256,-3249.4
2025-06-28 17:00:00,0.05507671179152229,7.232733136177615,-0.017974508597093042,-3751.2
2025-06-28 18:00:00,0.10360709944834934,7.438383530044307,-0.01946195071348722,-4950.5
2025-06-28 19:00:00,0.08720177913915039,7.422971251049421,-0.011818522821807953,-4955.4
2025-06-28 20:00:00,0.0830054588380289,7.496097345175956,-0.013142039802118255,-4965.8
2025-06-28 21:00:00,0.04517333646914912,7.418780882750794,-0.019095731140494898,-4597.5
2025-06-28 22:00:00,-0.004939423899454454,7.493317248862145,-0.017764884027428707,-4363.2
2025-06-28 23:00:00,-0.011959217247072829,7.418180822726788,-0.015619609034408732,-4125.5
2025-06-29 00:00:00,0.0737001199329601,6.874198495453294,-0.015203652633255516,-3026.8
2025-06-29 01:00:00,0.03428552385256722,6.848005274576363,-0.02283032459407064,-2865.0
2025-06-29 02:00:00,0.03566150527432077,6.9440872082295275,-0.026378681339679133,-2886.4
2025-06-29 03:00:00,0.037575824034775884,7.047517221357296,-0.021059364702789907,-2861.7
2025-06-29 04:00:00,0.025730511322534788,7.057036981697891,-0.023293615126626754,-2798.2
2025-06-29 05:00:00,0.012376233956228333,7.046647277848756,-0.029669249052059143,-2829.8
2025-06-29 06:00:00,-0.0298189381490781,7.016609683894219,-0.03542462161056292,-2689.1
2025-06-29 07:00:00,-0.091204454073182,6.9985096422506015,-0.03487839353017286,-2663.7
2025-06-29 08:00:00,-0.07711506028736315,7.050122520269059,-0.03848394183916248,-2710.1
2025-06-29 09:00:00,-0.014147954154459796,7.177782416195197,-0.028282112524579794,-2926.2
2025-06-29 10:00:00,0.036601015709818,7.258412150595307,-0.030488394945589192,-2976.2
2025-06-29 11:00:00,0.033880858723292384,7.271008538280992,-0.0311764709648763,-3005.5
2025-06-29 12:00:00,-0.042625842594607555,7.1785454837637,-0.025232049631791043,-2548.1
2025-06-29 13:00:00,-1.2480552516816465,6.907755278982137,-0.01949749215052332,-2187.0
2025-06-29 14:00:00,-1.2480552516816465,6.683360945766275,-0.024695177145758862,-1907.6
2025-06-29 15:00:00,-0.758766267876192,6.9957661563048505,-0.031230178399987985,-2173.2
2025-06-29 16:00:00,-0.0812606567852141,7.3987862754199485,-0.031922506437404685,-2807.6
2025-06-29 17:00:00,-0.133855877539522,7.6577552711348655,-0.03592269967739359,-3170.6
2025-06-29 18:00:00,-0.16621124717021418,7.767263996757308,-0.013091769099797368,-3845.1
2025-06-29 19:00:00,-0.10727731444987709,7.893945138235959,-0.011603852359050038,-4320.4
2025-06-29 20:00:00,-0.07202182271632607,7.97349996402463,-0.011045991270361988,-4567.0
2025-06-29 21:00:00,-0.08451263206156989,8.035278911144667,-0.0047664364350747945,-4547.3
2025-06-29 22:00:00,-0.11740438688067378,8.050065422915965,-0.008946870895640835,-4544.2
2025-06-29 23:00:00,-0.1047178348838198,8.022896869601457,-0.016342791403037182,-4442.7
2025-06-30 00:00:00,-0.07728986423637885,7.934513463882263,-0.02080747167763697,-4174.8
2025-06-30 01:00:00,-0.074768217515913,7.949091499830517,-0.025341032171407818,-4177.6
2025-06-30 02:00:00,-0.09048476507589154,7.826044013518965,-0.025305380103610275,-3982.7
2025-06-30 03:00:00,-0.09052886400694504,7.824445930877619,-0.02486443852835496,-3978.0
2025-06-30 04:00:00,-0.09932438524252252,7.943427767876373,-0.02330303246325638,-4289.0
2025-06-30 05:00:00,-0.12207464300209603,7.9714309977693505,-0.023473186162821236,-4363.4
2025-06-30 06:00:00,-0.16782163572926212,8.039157390473237,-0.015469935582705041,-5275.9
2025-06-30 07:00:00,-0.28903119999457116,8.068402958569699,-0.0032151974535477024,-5318.9
2025-06-30 08:00:00,-0.30707369618220337,8.077136638538454,6.687015989115253e-05,-5440.7
2025-06-30 09:00:00,-0.26255520137870425,8.028129059431759,-0.0007441955068072659,-5236.4
2025-06-30 10:00:00,-0.15292829621906678,8.033009498596668,-0.005347463663166074,-5405.7
2025-06-30 11:00:00,-0.14725292520627775,7.957527402230773,0.00215137430990886,-5138.7
2025-06-30 12:00:00,-0.0815002732844925,7.829232537543592,0.0021102587587327193,-4682.4
2025-06-30 13:00:00,0.06074194439509473,7.7336835707759,0.001946104145703842,-4400.1
2025-06-30 14:00:00,0.28133690761208285,7.7306140660637395,-0.0004728291679798602,-4527.6
2025-06-30 15:00:00,-0.06998522726753675,7.695757990554761,-5.663338119621386e-05,-4833.8
2025-06-30 16:00:00,-0.12041874916249018,7.627057417018934,0.004130727085072117,-4686.5
2025-06-30 17:00:00,-0.19318569360398552,7.503289630675082,-0.0006024448925927572,-4266.0
2025-06-30 18:00:00,-0.1524708229030458,7.419380582918692,-0.0024293698168289524,-4367.6
2025-06-30 19:00:00,-0.1620519006238026,7.174724309836376,-0.009337671965189642,-4164.6
2025-06-30 20:00:00,-0.152698242369266,6.923628628138427,-0.008725248284612519,-4069.2
2025-06-30 21:00:00,-0.13349232437874425,6.876264611890766,-0.007836571484941324,-3973.8
2025-06-30 22:00:00,-0.11271816550919711,6.774223886357614,-0.009785862799629896,-3804.4
2025-06-30 23:00:00,-0.07339610955000442,6.530877627725885,-0.015554097763655683,-3422.3
2025-07-01 00:00:00,-0.21522109256336464,6.309918278226516,0.034753301113040536,-3608.8
2025-07-01 01:00:00,-0.17644759617988814,6.39024066706535,0.04420414561279795,-3692.6
2025-07-01 02:00:00,-0.15139532200196593,6.202535517187923,0.04315000861897467,-3624.8
2025-07-01 03:00:00,-0.16239954273986168,6.251903883165888,0.042773010110696674,-3550.7
2025-07-01 04:00:00,-0.16600014012145348,6.315358001522335,0.03898290383636738,-3614.2
2025-07-01 05:00:00,-0.22299002138667934,6.517671272912275,0.03933178842206253,-3872.8
2025-07-01 06:00:00,-0.24025171991686944,6.612041034833092,0.03805302620535311,-4485.4
2025-07-01 07:00:00,-0.36862575605906844,6.519147287940395,0.04479538497512703,-4496.6
2025-07-01 08:00:00,-0.37590446622592966,6.329720905522696,0.0339552127027023,-4454.9
2025-07-01 09:00:00,-0.34115494442876226,6.428105272684596,0.03659271512516593,-4641.1
2025-07-01 10:00:00,-0.26007446964937486,6.677083461247136,0.033381116963086654,-4945.3
2025-07-01 11:00:00,-0.2244215321069274,6.946013991099227,0.03075322494989763,-5197.5
2025-07-01 12:00:00,-0.2742174899015657,7.168579897264035,0.02825076101913826,-5302.1
2025-07-01 13:00:00,-0.2812766652422649,7.337587743538596,0.029263617585793433,-5252.0
2025-07-01 14:00:00,-0.3034217726988815,7.463363045520021,0.033174135032036034,-5228.8
2025-07-01 15:00:00,-0.3453593265185675,7.4489161025442,0.03022667279253799,-5132.2
2025-07-01 16:00:00,-0.4389689704738955,7.4977617006225685,0.029210991980266776,-4881.7
2025-07-01 17:00:00,-0.4429602691755732,7.45298232946546,0.0331470653058803,-4431.0
2025-07-01 18:00:00,-0.48073349766535767,7.491645473605133,0.02774680910175853,-4295.8
2025-07-01 19:00:00,-0.5404834356335955,7.493873886783559,0.028964386051727686,-4047.0
2025-07-01 20:00:00,-0.5060484637911489,7.51479976048867,0.023819275037567422,-3996.1
2025-07-01 21:00:00,-0.42228677026005235,7.52131798019924,0.023300862495737817,-4034.0
2025-07-01 22:00:00,-0.3798778270837828,7.528869256642251,0.02268591541593068,-4174.9
2025-07-01 23:00:00,-0.2732763852577329,7.6251071482389,0.020590173409742896,-4439.1
2025-07-02 00:00:00,-0.27621934069418597,7.53955882930103,0.022347624110889086,-4005.3
2025-07-02 01:00:00,-0.1993027503204563,7.4821189235521155,0.029432840760590828,-4074.3
2025-07-02 02:00:00,-0.1575009444444726,7.400009517162692,0.029329767697079845,-4083.0
2025-07-02 03:00:00,-0.14501892511021142,7.31455283232408,0.02740617216135366,-4019.4
2025-07-02 04:00:00,-0.11948804306995076,7.165493475060845,0.02298098371215218,-3956.0
2025-07-02 05:00:00,-0.1633478377229216,6.933423025730715,0.03789479052955258,-3908.6
2025-07-02 06:00:00,-0.2568510642747257,6.536691597591305,0.04299973488455233,-3831.8
2025-07-02 07:00:00,-0.4006335201614224,5.971261839790462,0.052159539491109186,-3679.6
2025-07-02 08:00:00,-0.3809446954175466,5.5093883366279774,0.05002689923621251,-3735.7
2025-07-02 09:00:00,-0.29562594046933244,5.303304908059076,0.05194034050870311,-3938.8
2025-07-02 10:00:00,-0.08515376568814537,5.170483995038151,0.048007318428068047,-4048.0
2025-07-02 11:00:00,-0.10592785745798716,5.003946305945459,0.05045717378759207,-4142.0
2025-07-02 12:00:00,-0.17730688530539185,4.897839799950911,0.05473603528802862,-4158.5
2025-07-02 13:00:00,-0.1662779836102115,4.867534450455582,0.05681813229491528,-4136.9
2025-07-02 14:00:00,-0.1190083589869646,4.836281906951478,0.06043504837172442,-4212.3
2025-07-02 15:00:00,-0.04090070761321618,4.927253685157205,0.05232108888691478,-4187.8
2025-07-02 16:00:00,-0.19653567243522518,5.176149732573829,0.054760974174833166,-4192.0
2025-07-02 17:00:00,-0.2986289777384874,5.298317366548036,0.05225209307127443,-3988.7
2025-07-02 18:00:00,-0.34389666078406655,5.424950017481403,0.05010106844132611,-3871.4
2025-07-02 19:00:00,-0.3728793856493686,5.564520407322694,0.04895675781627329,-3638.3
2025-07-02 20:00:00,-0.3403885899628505,5.765191102784844,0.05047360033418613,-3625.0
2025-07-02 21:00:00,-0.2659514094544577,5.991464547107982,0.050701334650379515,-3925.7
2025-07-02 22:00:00,-0.22173370076115972,6.206575926724928,0.04517254917695457,-4079.7
2025-07-02 23:00:00,-0.15656560246493578,6.373319789577012,0.04163991171994663,-4171.4
2025-07-03 00:00:00,-0.16257504806792467,5.497168225293202,0.025709620881460893,-3941.3
2025-07-03 01:00:00,-0.14217401992809053,5.71042701737487,0.031207615734532013,-4023.6
2025-07-03 02:00:00,-0.14372304036749206,6.008813185442595,0.03879220625229696,-4111.3
2025-07-03 03:00:00,-0.1513487419222841,6.246106765481563,0.030171129548702602,-4215.6
2025-07-03 04:00:00,-0.18871947819184998,6.411818267709897,0.025404430329218464,-4094.5
2025-07-03 05:00:00,-0.2531236338116871,6.556778356158042,0.040248169319031746,-4419.8
2025-07-03 06:00:00,-0.3172947752665234,6.677083461247136,0.05015123425827017,-4545.3
2025-07-03 07:00:00,-0.3922310390101549,6.79346613258001,0.06337953032999977,-4624.5
2025-07-03 08:00:00,-0.4325384438749702,6.837332814685591,0.05942768319804692,-4652.4
2025-07-03 09:00:00,-0.4236754733755803,6.993932975223189,0.06080880712306058,-4735.5
2025-07-03 10:00:00,-0.42147706389284556,7.173958319756794,0.06214299626565367,-4267.9
2025-07-03 11:00:00,-0.4212453497112336,7.1204443723924875,0.06204659993474948,-3932.1
2025-07-03 12:00:00,-0.4381095138248714,7.105786129481271,0.06889302785222995,-3626.7
2025-07-03 13:00:00,-0.45714788494266,7.257707677160043,0.07175963904656424,-3501.7
2025-07-03 14:00:00,-0.4451672606616093,7.347943823148687,0.07212428828296513,-3460.1
2025-07-03 15:00:00,-0.45262454941786867,7.529406457837013,0.06563918784377698,-3773.7
2025-07-03 16:00:00,-0.47529403685825056,7.6783263565068856,0.06471985497558919,-4087.7
2025-07-03 17:00:00,-0.4956340248046809,7.902117546276448,0.059436468555692734,-4554.9
2025-07-03 18:00:00,-0.47414731462262605,8.042056410058754,0.050870494119985565,-4748.6
2025-07-03 19:00:00,-0.46236726552382823,8.08794755464267,0.056916651986017364,-4813.1
2025-07-03 20:00:00,-0.4267849164466382,8.100161446936607,0.05982661673392009,-4685.2
2025-07-03 21:00:00,-0.40300047196067235,8.069342366811636,0.059496501043931005,-4482.8
2025-07-03 22:00:00,-0.4175915902065306,7.980023592310645,0.05969305294261584,-4121.0
2025-07-03 23:00:00,-0.34994216775424203,7.96311205897929,0.05990326073608898,-4124.5
2025-07-04 00:00:00,-0.3781177925534118,7.821242083523558,0.058867842456352015,-3865.0
2025-07-04 01:00:00,-0.38236622579607094,7.813591552952433,0.0631520862775119,-3900.3
2025-07-04 02:00:00,-0.3742134923332596,7.793586803371584,0.07521225168278534,-3822.9
2025-07-04 03:00:00,-0.37196114877814157,7.767263996757308,0.07465237840734495,-3752.2
2025-07-04 04:00:00,-0.3540544714604814,7.731053144007127,0.0766884730728723,-3714.2
2025-07-04 05:00:00,-0.38976590394237576,7.671826797878781,0.08239938463323515,-3638.5
2025-07-04 06:00:00,-0.45412266289546466,7.617267813628347,0.09499044855998662,-3464.5
2025-07-04 07:00:00,-0.6009046315568698,7.710653323501202,0.09189871190445498,-3593.4
2025-07-04 08:00:00,-0.6455085853314602,7.587817219993427,0.07730896570327772,-3346.6
2025-07-04 09:00:00,-0.6009371543058393,7.504942068396171,0.07496976714959658,-3296.3
2025-07-04 10:00:00,-0.48039176255436233,7.400620577371135,0.07243879595880198,-3590.4
2025-07-04 11:00:00,-0.43906162105614266,7.23561914106675,0.06462203831174662,-3288.3
2025-07-04 12:00:00,-0.45989112072657923,7.028201432058005,0.06721211041785313,-2847.8
2025-07-04 13:00:00,-0.4757233815394568,6.756932389247553,0.06288072314279436,-2589.1
2025-07-04 14:00:00,-0.4581075073513716,6.54534966033442,0.061374857599598265,-2377.3
2025-07-04 15:00:00,-0.46859250798060614,6.4457198193855785,0.05004652772213003,-2361.1
2025-07-04 16:00:00,-0.4421572251425441,6.366470447731438,0.04751641272201912,-2658.4
2025-07-04 17:00:00,-0.3797326176268463,6.478509642208569,0.045231908421577316,-3747.3
2025-07-04 18:00:00,-0.33804564582474406,6.129050210060545,0.025972398454974233,-4204.8
2025-07-04 19:00:00,-0.01421703199212887,5.8522024797744745,0.025320859333998413,-4356.2
2025-07-04 20:00:00,0.025385186761539114,5.805134968916488,0.024684769630781922,-4360.7
2025-07-04 21:00:00,0.10521165734003235,5.929589143389895,0.02702294343604361,-4452.6
2025-07-04 22:00:00,-0.01013548657992347,6.12029741895095,0.031832604012838495,-4568.3
2025-07-04 23:00:00,0.028921561370601534,6.270988431858299,0.03318249774838122,-4590.1
2025-07-05 00:00:00,-0.048582026390296296,6.093569770045136,0.026015406693186804,-4230.7
2025-07-05 01:00:00,-0.03584481658398708,6.061456918928017,0.03016636117712057,-3852.5
2025-07-05 02:00:00,-0.0056362934959866,5.988961416889864,0.02825676801717325,-3661.5
2025-07-05 03:00:00,0.0016826505672984382,5.934894195619588,0.024590540608857125,-3623.6
2025-07-05 04:00:00,0.01805351015580392,5.902633333401366,0.033022225738457145,-3770.0
2025-07-05 05:00:00,0.017570976461988685,5.877735781779639,0.032694729262029654,-4164.1
2025-07-05 06:00:00,-0.05425163482110085,5.796057750765372,0.029918480596039743,-3489.6
2025-07-05 07:00:00,-0.10246724768307347,5.60947179518496,0.019782101987002143,-3966.6
2025-07-05 08:00:00,-0.11777883047840465,5.631211781821365,0.0016728052498340418,-3814.9
2025-07-05 09:00:00,-0.11394490449119887,5.886104031450156,-0.013234061864725533,-3107.3
2025-07-05 10:00:00,-0.10235753596722441,5.948034989180646,-0.004536003149492096,-2692.0
2025-07-05 11:00:00,-0.07992591649265579,6.093569770045136,-0.00648817447517569,-2432.8
2025-07-05 12:00:00,-0.11045581507926405,6.269096283706261,-0.004101676610819283,-2466.8
2025-07-05 13:00:00,-0.035086615036699964,6.410174881966167,0.0015834859636045806,-2467.8
2025-07-05 14:00:00,0.0738894456847814,6.568077911411976,0.002845524822610912,-2644.9
2025-07-05 15:00:00,-0.13984052266755143,6.648984550024776,-0.002338635761280905,-2795.1
2025-07-05 16:00:00,-0.1911536380849057,6.9985096422506015,0.0008002609309150088,-3286.4
2025-07-05 17:00:00,-0.2191108302985234,7.294377299288821,0.002135869810916624,-4131.5
2025-07-05 18:00:00,-0.21887051449669448,7.285506548522785,-0.004880288877180838,-4873.5
2025-07-05 19:00:00,-0.19809523505251558,7.2640301428995295,0.005986391042145378,-4891.5
2025-07-05 20:00:00,-0.15006859483182033,7.252053951852814,0.0039130137898926165,-4624.9
2025-07-05 21:00:00,-0.09864624222645535,7.268920128193722,0.004251806204599973,-4433.2
2025-07-05 22:00:00,-0.09779343419683872,7.292337176173877,0.004743721806655721,-4242.7
2025-07-05 23:00:00,-0.04569969065243695,7.311886164077165,0.01613725128736032,-4400.3
2025-07-06 00:00:00,-0.06810995752874272,7.27655640271871,0.016233012170999928,-4259.6
2025-07-06 01:00:00,-0.06990014710076675,7.0825485693553,0.015890096437672696,-3839.1
2025-07-06 02:00:00,-0.053645119850691536,6.961296045910167,0.012478760168170844,-3689.6
2025-07-06 03:00:00,-0.06622708716030656,6.86484777797086,0.017044440234894154,-3487.2
2025-07-06 04:00:00,-0.05466279658124762,6.823286122355687,0.01879373470130652,-3465.2
2025-07-06 05:00:00,-0.062419930830457826,6.807934943699926,0.016874379357298963,-3546.2
2025-07-06 06:00:00,-0.08945137779892409,6.966024187106113,0.00695372172396258,-3929.4
2025-07-06 07:00:00,-0.12547791799748342,7.105786129481271,-0.0031934948290945897,-4428.9
2025-07-06 08:00:00,-0.03668529566345935,7.171656822768514,-0.001644555286632432,-4766.2
2025-07-06 09:00:00,-0.001828364143818817,7.186144304522325,0.0011057154071094644,-4753.9
2025-07-06 10:00:00,0.06754745266965312,7.213031659834869,0.004520654216732645,-4776.4
2025-07-06 11:00:00,0.11239616136024289,7.220373836723949,0.007308515525425108,-4777.7
2025-07-06 12:00:00,0.03158807040022005,7.191429330036379,0.011517319158605765,-4547.8
2025-07-06 13:00:00,0.07320440397062855,7.1770187659099,0.015483307831749116,-4485.9
2025-07-06 14:00:00,0.1524942219210148,7.176254532017144,0.015088496895537595,-4623.9
2025-07-06 15:00:00,0.08465609880714675,7.1372784372603855,0.018291084902149812,-4896.8
2025-07-06 16:00:00,0.166124188774893,7.094234845924755,0.016408694358124976,-5103.8
2025-07-06 17:00:00,0.19507586570514102,7.066466970136958,0.01419211651862895,-5218.0
2025-07-06 18:00:00,0.030219065504814235,7.05444965813294,0.01447283880199901,-5183.3
2025-07-06 19:00:00,-0.2231430295486061,7.039660349862076,0.02062844704682565,-5089.3
2025-07-06 20:00:00,-0.21187514749180414,7.044032897274685,0.020670557883961216,-4956.4
2025-07-06 21:00:00,-0.18275909767596454,7.057897937411856,0.02209197624983439,-4865.6
2025-07-06 22:00:00,-0.1632734814883019,7.069874128458572,0.018191370702791865,-4791.6
2025-07-06 23:00:00,-0.12568453200629603,7.085901464365611,0.022524521289288835,-4727.5
2025-07-07 00:00:00,-0.1217757428773858,7.180069874302796,0.028833930892504966,-4609.0
2025-07-07 01:00:00,-0.11488019323540444,7.217443431696533,0.034971856114619726,-4606.3
2025-07-07 02:00:00,-0.10743988440777708,7.267525427828172,0.030300443128407295,-4644.2
2025-07-07 03:00:00,-0.1224997772871439,7.31986492980897,0.02936344907470101,-4699.5
2025-07-07 04:00:00,-0.11840006171550188,7.368970402194793,0.030733930365470563,-4783.1
2025-07-07 05:00:00,-0.20296370373619643,7.411556287811163,0.035407424946774846,-5250.1
2025-07-07 06:00:00,-0.2699733721847011,7.443078374348516,0.032439844266108686,-5632.0
2025-07-07 07:00:00,-0.45856833011245257,7.409741954080923,0.03261220652927488,-4697.7
2025-07-07 08:00:00,-0.46770227845698553,7.400009517162692,0.03612221998041143,-4853.4
2025-07-07 09:00:00,-0.4041581252829478,7.385851078125209,0.03907917468420852,-4686.1
2025-07-07 10:00:00,-0.3482676396908251,7.362645270417825,0.0408020061448191,-4624.8
2025-07-07 11:00:00,-0.3567472979069435,7.300472814267799,0.03341916174318271,-4538.2
2025-07-07 12:00:00,-0.3695965210032979,7.21081845347222,0.0393573924543178,-4527.5
2025-07-07 13:00:00,-0.34997559966504177,7.0825485693553,0.03627671613577377,-4455.3
2025-07-07 14:00:00,-0.3255513319112957,6.939253946041508,0.03156181683550674,-4710.3
2025-07-07 15:00:00,-0.22637945671537985,6.821107472256465,0.029964633123199746,-4791.1
2025-07-07 16:00:00,-0.25653258760624764,6.715383386334681,0.04009307680195384,-4622.2
2025-07-07 17:00:00,-0.38529593932270734,6.637258031284457,0.03524711006538794,-4562.4
2025-07-07 18:00:00,-0.2876511760879721,6.48768401848461,0.02376817825453692,-4681.6
2025-07-07 19:00:00,-0.08598089275803744,6.240275845170769,0.028514251774383936,-4633.0
2025-07-07 20:00:00,0.1635419849741777,5.945420608606575,0.027403421389011307,-4454.2
2025-07-07 21:00:00,0.029585049165242072,5.855071922202427,0.0281649954333556,-4381.9
2025-07-07 22:00:00,-0.24214828263027588,5.908082938168931,0.025712521898749507,-4274.2
2025-07-07 23:00:00,-0.0726247465249914,6.1070228877422545,0.018783914254469458,-4299.4
2025-07-08 00:00:00,-0.1716992975106928,6.327936783729195,0.029859897430311477,-3937.9
2025-07-08 01:00:00,-0.1385044849969339,6.522092798170152,0.03131921430893758,-4033.2
2025-07-08 02:00:00,-0.11718368746276875,6.680854678790215,0.03521632113390183,-3941.1
2025-07-08 03:00:00,-0.13042402949988663,6.818924065275521,0.03112804591381657,-3969.0
2025-07-08 04:00:00,-0.14445716302949618,6.912742820493176,0.03166758225999455,-3979.0
2025-07-08 05:00:00,-0.17424906860477218,6.923628628138427,0.02996235051088547,-4319.6
2025-07-08 06:00:00,-0.18645991435391496,6.821107472256465,0.031291675227309135,-4740.1
2025-07-08 07:00:00,0.3560376410718078,6.520621127558696,0.029729186620483183,-4647.5
2025-07-08 08:00:00,-0.30600702660855106,6.208590026096629,0.03024921710838413,-4137.8
2025-07-08 09:00:00,-0.30245261540972423,6.263398262591624,0.028560543427901486,-4159.9
2025-07-08 10:00:00,-0.2213279523478624,6.440946540632921,0.029645122580255645,-4326.6
2025-07-08 11:00:00,-0.22693015681544582,6.576469569048224,0.023243802927765955,-4151.3
2025-07-08 12:00:00,-0.20725215434579747,6.679599185844383,0.025730280793802685,-3921.5
2025-07-08 13:00:00,-0.22108611402830913,6.692083742506628,0.024812099901001083,-3798.3
2025-07-08 14:00:00,-0.27447326859364285,6.710523109452428,0.026800627159944135,-3629.5
2025-07-08 15:00:00,-0.27742375625406845,6.677083461247136,0.018754271630301744,-3684.2
2025-07-08 16:00:00,-0.32635633411493403,6.645090969505644,0.022255541871682105,-3686.9
2025-07-08 17:00:00,-0.30045187771171733,6.57507584059962,0.0187673239359869,-3667.8
2025-07-08 18:00:00,-0.3348765222666885,6.461468176353717,0.017125028513703455,-4000.3
2025-07-08 19:00:00,-0.11295950072669303,6.499787040655854,0.015110260180811963,-4360.7
2025-07-08 20:00:00,-0.3398428434585363,6.705639094860003,0.013660457512576052,-4179.1
2025-07-08 21:00:00,-0.3326746115703654,7.0317412587631285,0.014959460264648783,-4090.2
2025-07-08 22:00:00,-0.330257442858362,7.1459844677143876,0.020081747277543194,-3751.2
2025-07-08 23:00:00,-0.27823214761271764,7.158513997329321,0.020590173409742896,-3540.0
2025-07-09 00:00:00,-0.22913933163281675,7.324489979348532,0.03148010767416132,-3883.5
2025-07-09 01:00:00,-0.15885093106817783,7.404887575616125,0.03590535526620808,-4040.6
2025-07-09 02:00:00,-0.06548204572422067,7.347299700743164,0.03514796592806757,-4317.4
2025-07-09 03:00:00,0.03329413775235235,7.249925536717988,0.03107320964062321,-4440.0
2025-07-09 04:00:00,0.044154433497315626,7.065613363597717,0.03475448247590229,-4365.6
2025-07-09 05:00:00,-0.03909833589070466,6.825460036255307,0.029230476399411565,-4228.9
2025-07-09 06:00:00,0.11863321162150298,6.406879986069314,0.030113832608393842,-4390.0
2025-07-09 07:00:00,0.20022570364880288,5.7430031878094825,0.02888072800781849,-4268.1
2025-07-09 08:00:00,0.22545663012627237,5.159055299214529,0.0321857615949428,-4176.0
2025-07-09 09:00:00,0.2410178309182065,4.795790545596741,0.03290384301778726,-4175.9
2025-07-09 10:00:00,0.2922462240066439,4.543294782270004,0.030011176535325035,-4180.6
2025-07-09 11:00:00,0.534368022646615,4.356708826689592,0.02873742453570749,-4188.6
2025-07-09 12:00:00,0.5649950104833978,4.248495242049359,0.023444370831715133,-4210.8
2025-07-09 13:00:00,0.5620771849303479,4.330733340286331,0.019483837492945355,-4170.3
2025-07-09 14:00:00,0.2778679209641224,4.48863636973214,0.023053439049681046,-3962.7
2025-07-09 15:00:00,0.5469434219481535,4.700480365792417,0.018826646632867927,-4115.0
2025-07-09 16:00:00,0.4080276271605987,5.0106352940962555,0.027825427816130066,-4141.2
2025-07-09 17:00:00,0.369426453122192,5.278114659230517,0.02485311888316044,-4140.7
2025-07-09 18:00:00,0.27309141335011233,5.4638318050256105,0.01959761414791128,-4199.2
2025-07-09 19:00:00,0.23402804579719128,5.676753802268282,0.01505520614059197,-4261.0
2025-07-09 20:00:00,0.20264133600173917,5.940171252720432,0.013899536511427613,-4189.9
2025-07-09 21:00:00,0.2592941668474982,6.131226489483141,0.01822474597247048,-4124.3
2025-07-09 22:00:00,0.38431460226222214,6.1779441140506,0.016053701161763634,-4353.1
2025-07-09 23:00:00,0.1893945461565143,6.20050917404269,0.020924169248267788,-4239.5
2025-07-10 00:00:00,0.410735832028279,5.652489180268651,0.01796037463522726,-4302.5
2025-07-10 01:00:00,0.4309382340447687,5.501258210544727,0.020388902207364445,-4340.0
2025-07-10 02:00:00,0.35020151362179375,5.288267030694535,0.02281510531628239,-4307.8
2025-07-10 03:00:00,0.34362597941754247,5.0689042022202315,0.02504479096971135,-4254.3
2025-07-10 04:00:00,0.3726607776421629,4.844187086458591,0.02834129000252883,-4296.7
2025-07-10 05:00:00,0.3487917366280593,4.624972813284271,0.023695074555629247,-4298.9
2025-07-10 06:00:00,0.38413046896505776,4.343805421853684,0.021065653363173453,-4264.4
2025-07-10 07:00:00,0.05618210845856986,4.0943445622221,0.021968343626394216,-4091.5
2025-07-10 08:00:00,0.047107290213261876,3.9512437185814275,0.025671793399788534,-4099.2
2025-07-10 09:00:00,0.1565964338098631,4.110873864173311,0.029001844502149154,-4113.9
2025-07-10 10:00:00,0.33405628910319596,4.430816798843313,0.028220533056215302,-4294.5
2025-07-10 11:00:00,0.4145824181268223,4.6913478822291435,0.02117403779293081,-4348.8
2025-07-10 12:00:00,0.4597773904924889,4.820281565605037,0.01785519393356072,-4424.1
2025-07-10 13:00:00,0.4102362615499864,4.890349128221754,0.01592827021602705,-4296.1
2025-07-10 14:00:00,0.3872011938590125,4.948759890378168,0.01672938464434548,-4333.5
2025-07-10 15:00:00,0.4809047154237156,5.075173815233827,0.014022948192641493,-4430.4
2025-07-10 16:00:00,0.3207244785747072,5.262690188904886,0.013458632943274651,-4339.4
2025-07-10 17:00:00,0.19025886206361253,5.529429087511423,0.014157416413918433,-4172.0
2025-07-10 18:00:00,0.07075671111573101,5.8998973535824915,0.001232513028214477,-4169.7
2025-07-10 19:00:00,-0.004686321004765404,6.333279628139691,0.011993315598208376,-4118.5
2025-07-10 20:00:00,0.010525542454760117,6.687108607866515,0.009690804309564705,-4255.4
2025-07-10 21:00:00,-0.1651860098638105,6.955592608396297,0.013918992547612419,-4370.3
2025-07-10 22:00:00,-0.12634868313174064,7.029087564149662,0.013531011179453323,-4410.4
2025-07-10 23:00:00,-0.15071436988028264,6.942156705699469,0.020267953878692957,-4113.6
2025-07-11 00:00:00,-0.18178549868985927,6.984716320118266,0.02021568802207252,-3769.5
2025-07-11 01:00:00,-0.1744914345678854,6.790097235513905,0.019204546583867277,-3474.2
2025-07-11 02:00:00,-0.15149002084039243,6.591673732008658,0.0225310320203862,-3538.3
2025-07-11 03:00:00,-0.1847700171442308,6.102558594613569,0.017288983527424584,-2939.3
2025-07-11 04:00:00,-0.1821392661136696,5.8998973535824915,0.01710860148206006,-2912.2
2025-07-11 05:00:00,-0.20853739275526584,5.736572297479192,0.015354882004238846,-3235.7
2025-07-11 06:00:00,-0.20533466372248643,5.60947179518496,0.011498272133192877,-4235.9
2025-07-11 07:00:00,0.11857269025489225,5.247024072160486,0.009865161447148552,-4401.6
2025-07-11 08:00:00,0.10064639534212061,5.056245805348308,0.011982111848490185,-4345.7
2025-07-11 09:00:00,-0.35385873841053916,5.236441962829949,0.016452160251845704,-4112.9
2025-07-11 10:00:00,-0.3043219670157793,5.529429087511423,0.014397816266285446,-4047.8
2025-07-11 11:00:00,-0.31700622682614643,5.762051382780177,0.01246869322375499,-3771.1
2025-07-11 12:00:00,-0.29809285582959255,5.924255797414532,0.014634294337946052,-3456.0
2025-07-11 13:00:00,-0.2848433344199841,6.0063531596017325,0.008020029007332674,-3398.5
2025-07-11 14:00:00,-0.2745876280653081,6.056784013228625,0.01192658218561693,-3393.8
2025-07-11 15:00:00,-0.29498042825209403,6.091309882077698,0.012695115641123245,-3485.8
2025-07-11 16:00:00,-0.3414946685996272,6.126869184114185,0.00967926057178392,-3547.2
2025-07-11 17:00:00,-0.3435899892968517,6.1779441140506,0.005811674118391785,-3544.4
2025-07-11 18:00:00,-0.32457637406563355,6.222576268071369,-0.009859969861515161,-3677.1
2025-07-11 19:00:00,-0.2704637384207853,6.295266001439646,0.00651965722646608,-3705.6
2025-07-11 20:00:00,-0.24353367870395815,6.499787040655854,0.01031482934782968,-3603.0
2025-07-11 21:00:00,-0.20158192326110225,6.661854740545311,0.006485620087294031,-3436.8
2025-07-11 22:00:00,-0.18699176297893505,6.744059186311348,0.00713999142246724,-3269.5
2025-07-11 23:00:00,-0.15605603948146918,6.579251212010101,0.0029604173997999084,-2820.2
2025-07-12 00:00:00,-0.15937118330326738,6.53813982376767,0.0028929892723326134,-2126.9
2025-07-12 01:00:00,-0.13026106019555206,6.411818267709897,0.0020163542837838833,-1909.2
2025-07-12 02:00:00,-0.12271453444646774,6.448889394146858,-0.0019114323511235654,-1729.2
2025-07-12 03:00:00,-0.12058805155847319,6.556778356158042,-0.002829303652617021,-1804.4
2025-07-12 04:00:00,-0.10783885819430106,6.63200177739563,-0.002257506697016076,-1847.5
2025-07-12 05:00:00,-0.10621321255464355,6.659293919683638,-0.0006287725276168388,-2079.2
2025-07-12 06:00:00,-0.12715560544605653,6.693323668269949,0.0017261372617731752,-2299.4
2025-07-12 07:00:00,-0.16258270970398492,6.610696044717759,-0.0023263887672007044,-2402.0
2025-07-12 08:00:00,-0.14971968661920343,6.568077911411976,0.0002349904802061431,-2622.6
2025-07-12 09:00:00,-0.10604786774293373,6.590301048196686,-0.00465645387668534,-2738.9
2025-07-12 10:00:00,-0.028738743931649324,6.621405651764134,-0.013845057127215732,-3057.0
2025-07-12 11:00:00,-0.01541053520074298,6.56244409369372,-0.016516911823292624,-2604.9
2025-07-12 12:00:00,-0.05908500431634067,6.421622267806518,-0.01202964606300938,-2030.1
2025-07-12 13:00:00,-0.010775172643434416,6.439350371100098,-0.012179860598818593,-1852.9
2025-07-12 14:00:00,0.12199567219527108,6.450470422144176,-0.00877406851037943,-1986.8
2025-07-12 15:00:00,-0.06758085609071074,6.5998704992128365,-0.01538229895331078,-2591.5
2025-07-12 16:00:00,-0.07505730728248494,6.699500340161678,-0.012699055966010064,-3578.2
2025-07-12 17:00:00,-0.10019695657070926,6.733401891837359,-0.015267980537844394,-3760.7
2025-07-12 18:00:00,-0.09841500191519659,6.70073110954781,-0.01311078801369625,-3951.0
2025-07-12 19:00:00,-0.040199583148730955,6.698268054115413,0.003246663301025521,-4058.5
2025-07-12 20:00:00,-0.02447688600847364,6.745236349484363,-0.003691585595326785,-3994.1
2025-07-12 21:00:00,-0.030361429360934,6.831953565565855,-0.01113311263487926,-3832.3
2025-07-12 22:00:00,-0.06683739275091405,6.962243464266207,-0.009988217724175463,-3719.5
2025-07-12 23:00:00,-0.04704694582422242,7.069023426578259,-0.01540658263534933,-3397.2
2025-07-13 00:00:00,0.1363141438600457,7.292337176173877,-0.006722457125385439,-4794.7
2025-07-13 01:00:00,0.026366512929515196,7.285506548522785,-0.008445705286839633,-4332.1
2025-07-13 02:00:00,0.011003819218863953,7.255591274253665,-0.012175801395769348,-3961.0
2025-07-13 03:00:00,0.004001349754942929,7.240649694255466,-0.009334125701414564,-3850.0
2025-07-13 04:00:00,0.01601132463573407,7.261225091971921,-0.0038723391979180732,-3952.1
2025-07-13 05:00:00,0.04618819126456675,7.249215057114389,-0.0020835343873146783,-4278.6
2025-07-13 06:00:00,0.13513990049249047,7.183870715062453,0.0022588774197549455,-4492.8
2025-07-13 07:00:00,0.11809887706136246,6.992096427415888,-0.0016737376976792007,-4329.1
2025-07-13 08:00:00,0.10716998030269931,6.721425700790643,-0.004596586950714077,-4050.1
2025-07-13 09:00:00,0.08671428542107273,6.6895992691789665,-0.014228648592997217,-3758.7
2025-07-13 10:00:00,-0.10285037117669127,6.333279628139691,-0.017330178731375767,-2165.6
2025-07-13 11:00:00,-0.18078180301646718,6.154858094016418,-0.01876102744352348,-1625.8
2025-07-13 12:00:00,-0.09949838962591784,6.284134161070802,-0.015266764748210981,-1818.9
2025-07-13 13:00:00,-0.12269870200804966,6.234410725718371,-0.01356739159034337,-1480.9
2025-07-13 14:00:00,-0.18159626145970664,6.126869184114185,-0.012650507898607444,-1385.3
2025-07-13 15:00:00,-0.22947655948288048,6.052089168924417,-0.01860279198096837,-1383.4
2025-07-13 16:00:00,-0.26673039364250917,6.255750041753367,-0.02170459896990895,-2135.7
2025-07-13 17:00:00,0.06485171250398558,6.602587892189336,-0.018191009355761345,-3803.5
2025-07-13 18:00:00,0.1945361005609394,6.602587892189336,-0.019405739947274903,-4180.9
2025-07-13 19:00:00,0.1891714204051329,6.594413459749778,-0.017981157190488872,-4174.2
2025-07-13 20:00:00,0.22230412280025602,6.665683717782408,-0.015131982649069897,-4228.4
2025-07-13 21:00:00,0.21445649986302273,6.78105762593618,-0.012593581738054915,-4280.3
2025-07-13 22:00:00,0.23464777012015148,6.854354502255021,-0.01473341399367456,-4242.1
2025-07-13 23:00:00,0.19613278768368358,6.900730664045173,-0.018441658942412786,-4296.9
2025-07-14 00:00:00,0.049480617195190923,7.2485040723706105,-0.024482821299396385,-4185.6
2025-07-14 01:00:00,0.02387011526491012,7.1929342212158,-0.032570688794685054,-4067.2
2025-07-14 02:00:00,0.11783189330163513,7.1372784372603855,-0.03512212109016666,-4144.8
2025-07-14 03:00:00,0.10497494854724643,7.152268856032539,-0.03404075388832695,-4116.9
2025-07-14 04:00:00,0.012124814530415584,7.205635176410364,-0.03593188274112702,-4070.6
2025-07-14 05:00:00,-0.024829942350641065,7.229113877793302,-0.04143759681398773,-4343.1
2025-07-14 06:00:00,-0.03749849344160694,7.186901020411631,-0.03460465836288762,-4900.5
2025-07-14 07:00:00,0.1103063320171267,7.01301578963963,-0.028210721750618006,-4791.8
2025-07-14 08:00:00,-0.008822984392133026,6.811244378601294,-0.023540141605117526,-4722.1
2025-07-14 09:00:00,0.03710131466850575,6.816735880594968,-0.022848378912642353,-4732.8
2025-07-14 10:00:00,-0.06552095723950302,6.911747300251674,-0.02525374817905668,-4656.9
2025-07-14 11:00:00,-0.11848876695198607,7.057897937411856,-0.020648059527093032,-4810.9
2025-07-14 12:00:00,-0.1367425522053396,7.170888478512505,-0.01944548812688307,-4691.7
2025-07-14 13:00:00,0.03507722200702901,7.2254814727822945,-0.02591949173413255,-4744.9
2025-07-14 14:00:00,0.060732717345024945,7.246368080102461,-0.027835738110157493,-4899.9
2025-07-14 15:00:00,0.012179206021044386,7.271703706887368,-0.02790006106504972,-4964.3
2025-07-14 16:00:00,-0.12233521763539068,7.282073658093465,-0.026062661830590805,-5066.4
2025-07-14 17:00:00,-0.13952111235196485,7.247080584585756,-0.030570315514324875,-4943.6
2025-07-14 18:00:00,0.011865354010812013,7.193685818395112,-0.03382931352880014,-4875.7
2025-07-14 19:00:00,-0.01578458586519238,7.15305163493748,-0.02809249878683051,-4698.7
2025-07-14 20:00:00,0.0643840792024526,7.147559271189454,-0.030903247045107385,-4754.8
2025-07-14 21:00:00,0.15262555788737409,7.161622002939187,-0.028806219094939856,-4701.7
2025-07-14 22:00:00,0.09971061907472434,7.163946684342547,-0.03148391692361674,-4659.0
2025-07-14 23:00:00,0.032942481375365595,7.130098510125578,-0.028893508917034794,-4499.6
2025-07-15 00:00:00,0.19437340888681076,6.345636360828596,-0.023390091875737262,-3796.1
2025-07-15 01:00:00,0.26112263770294986,6.073044534100405,-0.02575444299411256,-3717.5
2025-07-15 02:00:00,0.2725066347301577,5.916202062607435,-0.03294933491967278,-3675.5
2025-07-15 03:00:00,0.25781965012657393,5.948034989180646,-0.03077850996701237,-3763.1
2025-07-15 04:00:00,0.13524320788182287,6.045005314036012,-0.031990269511982916,-3880.7
2025-07-15 05:00:00,0.23949315057938492,6.111467339502679,-0.03665411855585976,-4318.3
2025-07-15 06:00:00,0.17519177901077132,6.0844994130751715,-0.03750737902868373,-4644.9
2025-07-15 07:00:00,0.30029765412135845,5.793013608384144,-0.03628628383082866,-4555.7
2025-07-15 08:00:00,0.4691283875304215,5.2832037287379885,-0.03165251937688307,-4421.3
2025-07-15 09:00:00,0.4738662755188985,5.2574953720277815,-0.028233026743509804,-4421.6
2025-07-15 10:00:00,0.5355688246700483,5.37989735354046,-0.034768640276322316,-4417.8
2025-07-15 11:00:00,0.5250485531059814,5.5909869805108565,-0.03628217638626108,-4389.0
2025-07-15 12:00:00,0.4877265285576158,5.749392985908253,-0.033397039824815344,-4444.6
2025-07-15 13:00:00,0.4905192786781507,5.831882477283517,-0.03426019012123138,-4418.9
2025-07-15 14:00:00,0.4378973742200518,5.869296913133774,-0.033144877482682134,-4423.2
2025-07-15 15:00:00,0.43832505486676077,5.846438775057725,-0.03253902275724929,-4429.6
2025-07-15 16:00:00,0.4415269593229043,5.82600010738045,-0.036546503268438,-4474.9
2025-07-15 17:00:00,0.029173286327987213,5.966146739123692,-0.03093635559835395,-4606.2
2025-07-15 18:00:00,-0.1789648135437094,6.052089168924417,-0.03377162410226919,-4311.0
2025-07-15 19:00:00,-0.2775537202039078,6.115892125483034,-0.03361649445814674,-4097.9
2025-07-15 20:00:00,-0.22806041546087652,6.222576268071369,-0.031371620766280195,-4082.0
2025-07-15 21:00:00,-0.13988752273674931,6.2285110035911835,-0.02849701520081105,-4015.2
2025-07-15 22:00:00,-0.04647299779111247,6.192362489474872,-0.025941713198490923,-3938.7
2025-07-15 23:00:00,-0.028891118559276396,6.077642243349034,-0.019332540474367832,-3756.8
2025-07-16 00:00:00,-0.16486018022825188,5.736572297479192,-0.020917955744922168,-3437.9
2025-07-16 01:00:00,-0.09465423184471966,5.680172609017068,-0.023913139944702344,-3447.4
2025-07-16 02:00:00,-0.03398588414244985,5.68697535633982,-0.029245533093376963,-3603.5
2025-07-16 03:00:00,-0.011090505769398629,5.783825182329737,-0.030054833160791716,-3599.2
2025-07-16 04:00:00,-0.022952238122023516,5.934894195619588,-0.03413389034331171,-3667.2
2025-07-16 05:00:00,-0.07613960757105387,6.082218910376446,-0.03361742726025252,-3776.6
2025-07-16 06:00:00,-0.17501628730614227,6.095824562432225,-0.031108237269169337,-4210.2
2025-07-16 07:00:00,-0.17161904595163202,5.998936561946683,-0.028764568109870936,-4481.4
2025-07-16 08:00:00,-0.1395971872579227,5.872117789475416,-0.025959007741708895,-4437.9
2025-07-16 09:00:00,-0.200512979874798,5.973809611869261,-0.02385349886082988,-4412.6
2025-07-16 10:00:00,-0.18051682896375354,6.184148890937483,-0.0253440094069477,-4386.9
2025-07-16 11:00:00,-0.17540841488486558,6.437751649736401,-0.02672488624655145,-4465.9
2025-07-16 12:00:00,-0.10523555143270835,6.630683385642372,-0.024742034123964807,-4318.8
2025-07-16 13:00:00,-0.10773633739725152,6.75110146893676,-0.022655379223438743,-4296.8
2025-07-16 14:00:00,-0.0811042120564518,6.794586580876499,-0.0225140346090269,-4393.2
2025-07-16 15:00:00,-0.1366247304734709,6.777646593635117,-0.02922471596753695,-4336.7
2025-07-16 16:00:00,-0.22463600515301252,6.745236349484363,-0.02698280867886549,-4418.2
2025-07-16 17:00:00,-0.22001395570176419,6.690842277418564,-0.02299052368224075,-4309.3
2025-07-16 18:00:00,-0.13000922819455196,6.62273632394984,-0.024997820391331693,-4378.0
2025-07-16 19:00:00,-0.21546818777217647,6.580639137284949,-0.024012262050317368,-4225.3
2025-07-16 20:00:00,-0.18487201490875016,6.586171654854675,-0.02272980368910904,-4106.5
2025-07-16 21:00:00,-0.2996092181226948,6.587550014824796,-0.018023044419869905,-3445.5
2025-07-16 22:00:00,-0.23140495602633715,6.5722825426940075,-0.015292646572980573,-3596.5
2025-07-16 23:00:00,-0.175863012409756,6.587550014824796,-0.014118921765578385,-3498.6
2025-07-17 00:00:00,-0.19295465039417703,6.432940092739179,-0.018040633417882646,-2748.0
2025-07-17 01:00:00,-0.20073217296417578,6.35088571671474,-0.02031223908898383,-2466.3
2025-07-17 02:00:00,-0.22414621384446054,6.07993319509559,-0.02210262497807669,-2013.5
2025-07-17 03:00:00,-0.21952628519448059,6.208590026096629,-0.021545152290117997,-2108.9
2025-07-17 04:00:00,-0.2327764579640128,6.2324480165505225,-0.024342073340033465,-2272.0
2025-07-17 05:00:00,-0.27216546521254603,6.363028103540465,-0.03150163453137633,-2784.1
2025-07-17 06:00:00,-0.3082392879376026,6.269096283706261,-0.029613734210592213,-3622.1
2025-07-17 07:00:00,-0.26882215685258926,6.028278520230698,-0.02794352565223779,-4011.4
2025-07-17 08:00:00,-0.20288575986688473,5.726847747587197,-0.02884635487998377,-4049.5
2025-07-17 09:00:00,-0.3244562257398367,5.583496308781699,-0.026585764068602913,-3765.2
2025-07-17 10:00:00,-0.36293828318564314,5.616771097666572,-0.022610608350476014,-3610.3
2025-07-17 11:00:00,-0.34184926346339584,5.683579767338681,-0.021440544332350875,-3456.1
2025-07-17 12:00:00,-0.3126858354691442,5.736572297479192,-0.020548483990691757,-3551.0
2025-07-17 13:00:00,-0.23843789590187026,5.7745515455444085,-0.024893724304228648,-3692.4
2025-07-17 14:00:00,-0.22155761751887315,5.84354441703136,-0.0262524379293394,-3845.4
2025-07-17 15:00:00,-0.19596251481036742,6.016157159698354,-0.022823325193325417,-3951.0
2025-07-17 16:00:00,-0.23822196529288764,6.184148890937483,-0.02046503748800621,-4120.3
2025-07-17 17:00:00,-0.16221254160314702,6.2422232654551655,-0.019394117757314255,-4463.5
2025-07-17 18:00:00,-0.18575802856286838,6.391917113392602,-0.031090921539306038,-4542.9
2025-07-17 19:00:00,-0.11449918149479421,6.60934924316738,-0.026385378189910824,-4702.3
2025-07-17 20:00:00,-0.17840921392150033,6.854354502255021,-0.023634723245796074,-4566.5
2025-07-17 21:00:00,-0.18738612241551467,7.027314514039777,-0.014992350946807953,-4434.6
2025-07-17 22:00:00,-0.1640776185436832,7.1098794630722715,-0.013740382929206874,-4139.4
2025-07-17 23:00:00,-0.13652058320372973,7.121252453244542,-0.009830077278586202,-4042.4
2025-07-18 00:00:00,-0.18278934685848114,7.013915474810528,-0.012691429974356794,-3207.2
2025-07-18 01:00:00,-0.15997641179822875,6.917705609835305,-0.016197380467048106,-3076.4
2025-07-18 02:00:00,-0.11194615370142635,6.8308742346461795,-0.01394491344479487,-3171.6
2025-07-18 03:00:00,-0.1121750359159499,6.725033642166843,-0.016485333591179874,-3182.5
2025-07-18 04:00:00,-0.058791172246194456,6.602587892189336,-0.02057483235233537,-3207.2
2025-07-18 05:00:00,-0.0004068635872425119,6.431331081933479,-0.02409943507465151,-3454.3
2025-07-18 06:00:00,0.021096425831646393,6.104793232414985,-0.027252613603925724,-3889.0
2025-07-18 07:00:00,-0.14257960442120066,5.69035945432406,-0.026406536453563945,-4120.6
2025-07-18 08:00:00,-0.15404071741742476,5.220355825078324,-0.022681178805206592,-4388.1
2025-07-18 09:00:00,-0.19237126851942676,5.081404364984463,-0.018034015819323734,-4453.0
2025-07-18 10:00:00,-0.324708434381213,5.14166355650266,-0.015281781573359687,-3937.4
2025-07-18 11:00:00,-0.21270587559308796,5.303304908059076,-0.008788145801659653,-3927.1
2025-07-18 12:00:00,-0.20970228241688682,5.455321115357702,-0.004834198555988323,-3790.0
2025-07-18 13:00:00,-0.21168692766302355,5.560681631015528,-0.007842828400717927,-3766.2
2025-07-18 14:00:00,-0.1540730562525896,5.60947179518496,-0.006678605645418223,-3892.1
2025-07-18 15:00:00,-0.16468488163709338,5.627621113690637,-0.009867221665963655,-4037.2
2025-07-18 16:00:00,-0.1788301657447544,5.697093486505405,-0.01815553842166029,-4167.2
2025-07-18 17:00:00,-0.1788509485205485,5.817111159963204,-0.02180349291458139,-4397.9
2025-07-18 18:00:00,-0.07333109012356198,5.978885764901122,-0.03894331511807447,-4537.2
2025-07-18 19:00:00,-0.11599972630207134,6.309918278226516,-0.020679366039844993,-4607.2
2025-07-18 20:00:00,-0.13794390665460599,6.693323668269949,-0.017705682984345827,-4660.7
2025-07-18 21:00:00,-0.07297033115350082,6.990256500493881,-0.014482344585344364,-4476.8
2025-07-18 22:00:00,-0.12073355096183747,7.158513997329321,-0.015409648704209467,-4214.8
2025-07-18 23:00:00,-0.09052067493189453,7.198931240688173,-0.016758531389155173,-3933.2
2025-07-19 00:00:00,-0.1142613507339112,6.794586580876499,-0.011834817437910594,-3044.2
2025-07-19 01:00:00,-0.0788221630121706,6.499787040655854,-0.013123980347628184,-2731.4
2025-07-19 02:00:00,-0.03732077742010009,6.473890696352274,-0.013463351340857521,-2765.6
2025-07-19 03:00:00,-0.012345635595889526,6.222576268071369,-0.01760981388151972,-2727.2
2025-07-19 04:00:00,0.019708865607467985,5.961005339623274,-0.014036205889628839,-2793.4
2025-07-19 05:00:00,-0.0003769681995753338,5.631211781821365,-0.010925893213860505,-2757.2
2025-07-19 06:00:00,-0.04959737110018203,5.099866427824199,-0.012281873894337103,-2842.8
2025-07-19 07:00:00,0.009650050437632451,4.553876891600541,-0.021890594413565445,-3028.6
2025-07-19 08:00:00,0.02045689962981534,4.143134726391533,-0.02379237580966187,-3096.5
2025-07-19 09:00:00,0.07803911563216204,4.02535169073515,-0.028424227358700982,-3023.9
2025-07-19 10:00:00,0.132607754312152,4.0943445622221,-0.02833806442978215,-3071.1
2025-07-19 11:00:00,0.021725396099460337,4.31748811353631,-0.03394654695857646,-2612.1
2025-07-19 12:00:00,-0.021863001880814803,4.418840607796598,-0.02954834227198333,-2144.1
2025-07-19 13:00:00,0.04591716911638688,4.727387818712341,-0.03281434363789515,-2088.9
2025-07-19 14:00:00,0.19953182734306107,5.298317366548036,-0.026460601762888558,-2514.5
2025-07-19 15:00:00,0.08142791090241364,5.726847747587197,-0.03155912230786928,-2926.8
2025-07-19 16:00:00,0.21771542894124174,5.961005339623274,-0.024209974432150005,-3450.0
2025-07-19 17:00:00,0.5757752444749968,5.950642552587727,-0.021608262432427416,-3849.4
2025-07-19 18:00:00,0.6062190370460874,5.863631175598097,-0.02698063587784638,-4128.1
2025-07-19 19:00:00,0.6505617987916485,5.780743515792329,-0.014048821439406112,-4151.9
2025-07-19 20:00:00,0.6379671041805004,5.780743515792329,-0.012754038695319103,-4125.9
2025-07-19 21:00:00,0.5964896695159645,5.802118375377063,-0.016786837942107447,-4148.8
2025-07-19 22:00:00,0.5729615621601933,5.840641657373398,-0.01921796020697819,-4200.0
2025-07-19 23:00:00,0.4377606170597721,5.814130531825066,-0.021250280784260056,-4104.0
2025-07-20 00:00:00,0.23113888056026566,5.771441123130016,-0.011979697923356625,-4138.5
2025-07-20 01:00:00,0.18650849608160236,5.598421958998375,-0.00998653764099533,-4098.3
2025-07-20 02:00:00,0.18227860681697905,5.4638318050256105,-0.008283231280257652,-4069.6
2025-07-20 03:00:00,0.19085605600000877,5.327876168789581,-0.006978412008955992,-4066.7
2025-07-20 04:00:00,0.2008691346500795,5.220355825078324,-0.0030821376554177604,-4039.5
2025-07-20 05:00:00,0.1237417423948517,5.135798437050262,-0.0012864040142970268,-3884.7
2025-07-20 06:00:00,0.1706017296633604,4.976733742420574,-9.683627270362649e-05,-3867.7
2025-07-20 07:00:00,0.13114707888709276,4.727387818712341,-0.0039542403964043515,-3712.9
2025-07-20 08:00:00,0.20884725054422937,4.499809670330265,-0.012015018598264149,-3546.8
2025-07-20 09:00:00,0.2802897483217768,4.574710978503383,-0.020873191311665096,-3412.7
2025-07-20 10:00:00,0.21044427713181602,4.836281906951478,-0.02249814888981838,-2869.1
2025-07-20 11:00:00,0.010848331630598729,5.099866427824199,-0.026124830969268764,-2469.4
2025-07-20 12:00:00,-0.07366468083053945,4.836281906951478,-0.02559134023698828,-1934.5
2025-07-20 13:00:00,0.00546755107040342,5.402677381872279,-0.022449759389273183,-2192.3
2025-07-20 14:00:00,0.08155597336833997,5.771441123130016,-0.017101553822866933,-2761.6
2025-07-20 15:00:00,0.17346111129715114,5.926926025970411,-0.025257160343585383,-3058.0
2025-07-20 16:00:00,0.30471571670961506,6.003887067106539,-0.026753293429887748,-3298.1
2025-07-20 17:00:00,-0.020248957579905635,6.07073772800249,-0.0202940595525396,-3977.5
2025-07-20 18:00:00,0.07907515142515154,6.202535517187923,-0.02493443405759166,-4258.6
2025-07-20 19:00:00,0.1919781584145035,6.453624998892692,-0.017290787815468,-4503.0
2025-07-20 20:00:00,0.06543406047926403,6.675823221634848,-0.012384728173930881,-4610.3
2025-07-20 21:00:00,0.0013135813778752947,6.799055862058796,-0.0077609868998465,-4489.6
2025-07-20 22:00:00,-0.007324495369779527,6.827629234502852,-0.010558042583193483,-4407.8
2025-07-20 23:00:00,0.025839280638778384,6.705639094860003,-0.009827104591762392,-4038.0
2025-07-21 00:00:00,0.1214696480263564,6.47543271670409,-0.020738900789932124,-3495.3
2025-07-21 01:00:00,0.18436270161745272,6.2766434893416445,-0.025607411142540393,-3369.1
2025-07-21 02:00:00,0.23788594791052242,6.075346031088684,-0.031199008957695007,-3343.3
2025-07-21 03:00:00,0.25394505911626775,5.69035945432406,-0.031677617696043825,-3331.0
2025-07-21 04:00:00,0.16292428478701826,5.5254529391317835,-0.03197774552114652,-3369.2
2025-07-21 05:00:00,0.3246129496732686,5.5134287461649825,-0.03752981536591182,-3856.4
2025-07-21 06:00:00,0.39695415153981006,5.521460917862246,-0.03826096956599834,-4175.3
2025-07-21 07:00:00,0.23303550794789007,5.407171771460119,-0.030911601177749937,-4374.9
2025-07-21 08:00:00,0.22745427987214928,5.278114659230517,-0.025504135689777385,-4372.5
2025-07-21 09:00:00,0.23418788220090914,5.652489180268651,-0.02350048196802934,-4449.6
2025-07-21 10:00:00,0.04285387871124602,6.089044875446846,-0.02525374817905668,-4540.3
2025-07-21 11:00:00,0.06546156223999544,6.3818160174060985,-0.019994678255890186,-4479.6
2025-07-21 12:00:00,0.03465089724388193,6.60934924316738,-0.021422424520339156,-4631.3
2025-07-21 13:00:00,0.12304599495298607,6.709304340258298,-0.023916152165956994,-4392.8
2025-07-21 14:00:00,0.07840140689056296,6.784457062637643,-0.02380888703112216,-4502.8
2025-07-21 15:00:00,0.048538786423639735,6.818924065275521,-0.02790006106504972,-4639.8
2025-07-21 16:00:00,0.049837721948585045,6.816735880594968,-0.02672689300745379,-4644.5
2025-07-21 17:00:00,-0.050209456482626535,6.803505257608338,-0.031231035723362943,-4854.3
2025-07-21 18:00:00,-0.12190616347979422,6.818924065275521,-0.03382931352880014,-4877.4
2025-07-21 19:00:00,-0.12814282595897009,6.834108738813838,-0.02412948171103846,-4898.4
2025-07-21 20:00:00,-0.05248544026684332,6.854354502255021,-0.02028602720423578,-4992.8
2025-07-21 21:00:00,-0.043235737456066126,6.880384082186005,-0.01874914471966793,-4968.8
2025-07-21 22:00:00,-0.04162323874069074,6.834108738813838,-0.023983029385495236,-4816.1
2025-07-21 23:00:00,0.0013566460205365338,6.661854740545311,-0.02184129351171027,-4159.1
2025-07-22 00:00:00,0.11656035654054353,6.400257445308821,-0.019701411927883328,-3970.8
2025-07-22 01:00:00,0.04710654844741935,6.142037405587356,-0.017398906346181242,-3690.7
2025-07-22 02:00:00,0.06274851470904785,5.7745515455444085,-0.018328066365490336,-3453.0
2025-07-22 03:00:00,0.04366149452134449,5.572154032177765,-0.014555674460124735,-3383.1
2025-07-22 04:00:00,0.0732589665493486,5.501258210544727,-0.016462007185428007,-3445.1
2025-07-22 05:00:00,0.05099201887438376,5.54907608489522,-0.02053092859561101,-3541.7
2025-07-22 06:00:00,0.0777857285992396,5.556828061699537,-0.029544977207141443,-4225.2
2025-07-22 07:00:00,0.013719456381515727,5.393627546352362,-0.026202164764202784,-4463.9
2025-07-22 08:00:00,0.07628631304484479,5.111987788356544,-0.02574505224619017,-4341.1
2025-07-22 09:00:00,0.09599202198887813,5.521460917862246,-0.02364736525219069,-4478.6
2025-07-22 10:00:00,0.10913224211672246,6.008813185442595,-0.022206491607665413,-4571.4
2025-07-22 11:00:00,0.09599479652701026,6.272877006546167,-0.020408827229970505,-4468.2
2025-07-22 12:00:00,0.2042037316936467,6.406879986069314,-0.023406946749728874,-4143.2
2025-07-22 13:00:00,-0.0937707168713251,6.4457198193855785,-0.02416928713926847,-3970.9
2025-07-22 14:00:00,-0.11389716743462008,6.450470422144176,-0.023013078552275523,-3896.5
2025-07-22 15:00:00,-0.05853910019442443,6.418364935936212,-0.02180066453611662,-4115.6
2025-07-22 16:00:00,0.1681253302463861,6.354370040797351,-0.019862766273402777,-4489.7
2025-07-22 17:00:00,0.30800648227319805,6.263398262591624,-0.01909411194203159,-4532.7
2025-07-22 18:00:00,0.3079833838837853,6.171700597410915,-0.021291987590088546,-4700.1
2025-07-22 19:00:00,0.22822811400222154,6.135564891081739,-0.022361824186453383,-4676.9
2025-07-22 20:00:00,0.1346635493921382,6.194405391104672,-0.018108826887869967,-4772.8
2025-07-22 21:00:00,0.07610724916379308,6.313548046277095,-0.013137781710666374,-4753.8
2025-07-22 22:00:00,0.07359271507760967,6.336825731146441,-0.013055810922332434,-4661.2
2025-07-22 23:00:00,0.10498590017037035,6.230481447578482,-0.01094088283811967,-4495.1
2025-07-23 00:00:00,-0.0018549876525755238,5.886104031450156,-0.017974612928325584,-3658.7
2025-07-23 01:00:00,0.0758455859840681,5.594711379601839,-0.01708717487430178,-3586.8
2025-07-23 02:00:00,0.06606774681803795,5.455321115357702,-0.015420428101534434,-3347.6
2025-07-23 03:00:00,0.0664078225367768,5.402677381872279,-0.011550064580212016,-3224.9
2025-07-23 04:00:00,0.08049061084208953,5.4116460518550396,-0.012427611761448354,-3315.5
2025-07-23 05:00:00,0.09800342648911053,5.442417710521793,-0.015254248676575877,-3616.0
2025-07-23 06:00:00,0.3106331815673742,5.4510384535657,-0.019564097522303925,-4325.3
2025-07-23 07:00:00,-0.07251325160728994,5.298317366548036,-0.016700078614340974,-4145.7
2025-07-23 08:00:00,0.3340332076467556,4.919980925828125,-0.01353648774315186,-4290.4
2025-07-23 09:00:00,0.3706687198816523,4.6913478822291435,-0.016010321399804184,-4256.1
2025-07-23 10:00:00,0.08086247840405125,4.820281565605037,-0.01743361878452543,-4273.9
2025-07-23 11:00:00,0.0744483118988728,4.997212273764115,-0.016827081919291054,-4166.9
2025-07-23 12:00:00,0.02071517126255973,5.153291594497779,-0.015445818438206693,-3839.7
2025-07-23 13:00:00,0.03453251919764533,5.247024072160486,-0.01595294126396496,-3908.9
2025-07-23 14:00:00,0.04265499966013708,5.262690188904886,-0.015109086602449473,-3963.7
2025-07-23 15:00:00,0.16371171182351496,5.209486152841421,-0.02183469241270597,-4115.6
2025-07-23 16:00:00,0.23608369078620495,5.204006687076795,-0.01564557487570184,-4377.0
2025-07-23 17:00:00,0.23765278436465742,5.209486152841421,-0.011140483764744857,-4411.4
2025-07-23 18:00:00,0.27461206921465475,5.123963979403259,-0.015787228961055,-4406.7
2025-07-23 19:00:00,0.2467625652533787,5.10594547390058,-0.014101378150863653,-4393.6
2025-07-23 20:00:00,0.1623543079390708,5.236441962829949,-0.011467677366995943,-4435.0
2025-07-23 21:00:00,0.0625012423140916,5.402677381872279,-0.0040274810866351984,-4362.1
2025-07-23 22:00:00,0.04282454715780126,5.641907070938114,-0.00786770527324343,-4187.5
2025-07-23 23:00:00,0.07361500297029,5.7745515455444085,-0.005762327174636539,-3968.5
2025-07-24 00:00:00,0.037656800676339586,5.746203190540153,-0.018774040124757363,-3802.1
2025-07-24 01:00:00,0.03143358790706996,5.739792912179234,-0.017295645549558536,-3693.0
2025-07-24 02:00:00,0.03740227899383397,5.717027701406222,-0.015995735769897657,-3698.8
2025-07-24 03:00:00,0.03205977150042738,5.733341276897746,-0.013882279544549014,-3688.1
2025-07-24 04:00:00,0.0859311769263571,5.634789603169249,-0.01971600495125081,-3742.2
2025-07-24 05:00:00,0.10721764509553733,5.424950017481403,-0.019306361437558373,-3963.9
2025-07-24 06:00:00,0.09151062822301093,5.153291594497779,-0.023854179052225533,-4149.9
2025-07-24 07:00:00,0.3472564788084922,4.727387818712341,-0.023240796125332253,-4200.3
2025-07-24 08:00:00,0.07118235426727582,4.248495242049359,-0.025555795806884163,-4295.4
2025-07-24 09:00:00,0.026246092061954496,4.1588830833596715,-0.023961090645832073,-4344.0
2025-07-24 10:00:00,0.10086240193548468,4.3694478524670215,-0.02525436402120551,-4372.7
2025-07-24 11:00:00,0.24834215467481968,4.61512051684126,-0.02938760602488255,-4265.9
2025-07-24 12:00:00,0.43511109730308917,4.90527477843843,-0.027874524082765362,-4293.9
2025-07-24 13:00:00,0.43915393918956624,5.187385805840755,-0.030960476986465757,-4340.7
2025-07-24 14:00:00,0.30057384440119606,5.455321115357702,-0.03031473193821821,-4416.4
2025-07-24 15:00:00,0.1750389424223595,5.730099782973574,-0.025507890563994273,-4420.6
2025-07-24 16:00:00,0.19799114544086782,5.8971538676367405,-0.02378840379042213,-4443.3
2025-07-24 17:00:00,0.2535566246996135,6.016157159698354,-0.023997874655374396,-4468.8
2025-07-24 18:00:00,0.12466197595193362,6.163314804034641,-0.034381480612405646,-4356.7
2025-07-24 19:00:00,0.04226241918117468,6.447305862541213,-0.02572246798996325,-4494.5
2025-07-24 20:00:00,0.006599893723240768,6.841615476477592,-0.021643351860870297,-4683.9
2025-07-24 21:00:00,-0.0697693847988603,7.164720378771857,-0.014325906403647615,-4756.4
2025-07-24 22:00:00,-0.09113480178421263,7.365180126021013,-0.015765358308978072,-4712.2
2025-07-24 23:00:00,-0.07502962236857247,7.390798521735676,-0.0147030420204608,-4430.6
2025-07-25 00:00:00,0.25657731292536434,7.00850518208228,-0.01925839994429257,-4051.8
2025-07-25 01:00:00,0.04121206331456717,6.897704943128636,-0.02297706745242678,-3599.5
2025-07-25 02:00:00,0.0201302229037279,6.747586526829315,-0.025382323675510854,-3340.4
2025-07-25 03:00:00,0.012646382464734263,6.6052979209482015,-0.02645856546993297,-3229.5
2025-07-25 04:00:00,0.017523269469764458,6.489204931325317,-0.025965680987211748,-3169.4
2025-07-25 05:00:00,0.05702905823284121,6.359573868672378,-0.022581984100617625,-3362.3
2025-07-25 06:00:00,0.06661384476997956,6.144185634125646,-0.024383171175973217,-3928.8
2025-07-25 07:00:00,0.20853127593855536,5.765191102784844,-0.02238508331278677,-4035.3
2025-07-25 08:00:00,0.2677004800052867,5.375278407684165,-0.02202822416235417,-4143.3
2025-07-25 09:00:00,0.23554376202795968,5.3612921657094255,-0.01738445425052859,-4107.5
2025-07-25 10:00:00,0.01551377839670165,5.575949103146316,-0.017248350545400193,-4190.2
2025-07-25 11:00:00,0.022064334157575693,5.765191102784844,-0.012702045122796157,-4092.0
2025-07-25 12:00:00,0.014289908094765824,5.948034989180646,-0.01272897640299675,-3805.9
2025-07-25 13:00:00,-0.013099859591343854,6.113682179832232,-0.01654144464114271,-3681.1
2025-07-25 14:00:00,-0.05210963417999315,6.329720905522696,-0.009364973950001243,-3650.5
2025-07-25 15:00:00,-0.06694495206355366,6.51025834052315,-0.012555395327764174,-3701.4
2025-07-25 16:00:00,-0.013935726214863386,6.618738983517219,-0.012125369395068475,-3895.9
2025-07-25 17:00:00,0.04434684596581562,6.606650186198215,-0.013174166216527006,-3914.1
2025-07-25 18:00:00,0.1012158891232624,6.464588303689961,-0.03092724012983794,-4100.4
2025-07-25 19:00:00,0.2085869030851608,6.304448802421981,-0.010642480175920177,-4026.1
2025-07-25 20:00:00,0.08088738349510782,6.2324480165505225,-0.011634838032337669,-3836.7
2025-07-25 21:00:00,0.046221501525140596,6.375024819828097,-0.013799051084212088,-3709.6
2025-07-25 22:00:00,0.11775557002703252,6.565264970035361,-0.01956477933617151,-3897.7
2025-07-25 23:00:00,0.1084880623614426,6.648984550024776,-0.02103508815641586,-3810.6
2025-07-26 00:00:00,0.26819821158213797,6.498282149476434,-0.0192808682219896,-3680.6
2025-07-26 01:00:00,0.24777136635168118,6.486160788944089,-0.025403489977690263,-3472.5
2025-07-26 02:00:00,0.1912872683661888,6.448889394146858,-0.02593428459497371,-3140.9
2025-07-26 03:00:00,0.22992099571198166,6.416732282512326,-0.022323098333617786,-3184.1
2025-07-26 04:00:00,0.22959925100683032,6.349138991379798,-0.01958077454940277,-3120.6
2025-07-26 05:00:00,0.19112197191894253,6.1903154058531475,-0.012519519049138061,-2951.7
2025-07-26 06:00:00,0.25118262738694463,5.953243334287785,-0.012281873894337103,-3132.9
2025-07-26 07:00:00,0.3781142021308286,5.680172609017068,-0.020371991236375564,-3172.8
2025-07-26 08:00:00,0.2955966682521822,5.579729825986222,-0.017181995513795734,-3161.2
2025-07-26 09:00:00,0.3062338993443281,5.717027701406222,-0.02261025749328116,-3003.0
2025-07-26 10:00:00,0.24104046900694875,5.8664680569332965,-0.022515631678349024,-2801.7
2025-07-26 11:00:00,0.18576490805596624,5.934894195619588,-0.020845922912878123,-2647.7
2025-07-26 12:00:00,0.2312628784194084,5.877735781779639,-0.02002097082831078,-2578.1
2025-07-26 13:00:00,0.3016646005234125,5.739792912179234,-0.015833500030397296,-2550.3
2025-07-26 14:00:00,0.3774517421374526,5.655991810819852,-0.010236057074878957,-2546.2
2025-07-26 15:00:00,0.2293818241921608,5.560681631015528,-0.011015479786970594,-2786.6
2025-07-26 16:00:00,0.2545265784853825,5.602118820879701,-0.005571442041778063,-3065.2
2025-07-26 17:00:00,0.4753932025727119,5.66988092298052,-0.0034004765102437773,-3381.4
2025-07-26 18:00:00,0.5154812993442031,5.662960480135946,-0.010359754641806163,-3774.7
2025-07-26 19:00:00,0.1941509099134615,5.765191102784844,0.0004994088258865048,-3635.2
2025-07-26 20:00:00,0.22751897330391158,5.8888779583328805,0.0025346538197714708,-3510.9
2025-07-26 21:00:00,0.30549084443818986,6.0330862217988015,-0.0027120102384712297,-3773.7
2025-07-26 22:00:00,0.4124234850763795,6.19644412779452,-0.01211060974832634,-3906.3
2025-07-26 23:00:00,0.4676135802094534,6.244166900663736,-0.016864308841006093,-3989.6
2025-07-27 00:00:00,0.6291651958692333,6.280395838960195,-0.012732993627528444,-3932.9
2025-07-27 01:00:00,0.6295429619159929,6.186208623900494,-0.01152974782380145,-3893.9
2025-07-27 02:00:00,0.4682148078102495,6.1903154058531475,-0.013737081962721831,-3878.3
2025-07-27 03:00:00,0.39428081544473326,6.180016653652572,-0.009334125701414564,-3788.3
2025-07-27 04:00:00,0.3645712845712463,6.139884552226255,-0.009421303099153455,-3672.9
2025-07-27 05:00:00,0.47266312780013564,6.063785208687608,-0.007681309900144484,-3771.7
2025-07-27 06:00:00,0.39671957677549674,5.948034989180646,-0.0008833089833171215,-3889.0
2025-07-27 07:00:00,0.3469523891471833,5.950642552587727,-0.00853090742381557,-3839.6
2025-07-27 08:00:00,0.5483022071590451,5.976350909297934,-0.014997869430329658,-3796.2
2025-07-27 09:00:00,0.6424256031833595,5.986452005284438,-0.021614206536384906,-3829.4
2025-07-27 10:00:00,0.5788013812728581,6.104793232414985,-0.01880401834967671,-3790.2
2025-07-27 11:00:00,0.5031041879354405,6.269096283706261,-0.016562419009320983,-3749.8
2025-07-27 12:00:00,0.5817836165110548,6.453624998892692,-0.014533358041336264,-3598.0
2025-07-27 13:00:00,0.2791928466092495,6.61472560020376,-0.012094637274069342,-3412.0
2025-07-27 14:00:00,0.19352408233183693,6.759255270663693,-0.01191058925589683,-3183.1
2025-07-27 15:00:00,0.2314183535646146,6.895682697747868,-0.020077718502036213,-3763.5
2025-07-27 16:00:00,0.3055093675449245,6.994849985833071,-0.02170459896990895,-4120.5
2025-07-27 17:00:00,0.08772966005252991,7.00850518208228,-0.011908266176265947,-4154.3
2025-07-27 18:00:00,0.048282892678056744,6.954638864880987,-0.011169591811338364,-4288.8
2025-07-27 19:00:00,0.007130892177574122,6.902742737158593,-0.010413181613365019,-4031.5
2025-07-27 20:00:00,0.04743332785694765,6.898714534329988,-0.0028283414537133567,-4000.6
2025-07-27 21:00:00,0.06665481470085055,6.9874902470009905,0.0011523391665795302,-4020.0
2025-07-27 22:00:00,0.0318962177835016,7.077498053569231,-0.005017862207578716,-3990.2
2025-07-27 23:00:00,-0.023266571805455882,7.085901464365611,-0.011973795934926201,-3586.5
2025-07-28 00:00:00,-0.00332935727959649,7.0326242610280065,-0.017753823946478064,-3137.8
2025-07-28 01:00:00,0.0004635463894198111,6.893656354602635,-0.017162063441840125,-2971.2
2025-07-28 02:00:00,0.006637521869272245,6.762729506931879,-0.02651150037459793,-2977.9
2025-07-28 03:00:00,0.033604633117971794,6.637258031284457,-0.02306025140488277,-3045.2
2025-07-28 04:00:00,0.044102189858006735,6.448889394146858,-0.025683468249758867,-2844.6
2025-07-28 05:00:00,0.030747370683295028,6.186208623900494,-0.027440478712889238,-3142.9
2025-07-28 06:00:00,0.16857553434859662,5.91350300563827,-0.024437541007443997,-3856.6
2025-07-28 07:00:00,0.22528286338110792,5.68697535633982,-0.02350166494904471,-3997.8
2025-07-28 08:00:00,0.1457513345009822,5.575949103146316,-0.016371652126505154,-3923.1
2025-07-28 09:00:00,0.06989113749149656,5.638354669333745,-0.011827197663304645,-3946.4
2025-07-28 10:00:00,0.14246425967468168,5.768320995793772,-0.008972046924546007,-3936.0
2025-07-28 11:00:00,0.12832174591298884,5.869296913133774,-0.00508354298598146,-3936.3
2025-07-28 12:00:00,0.07736741856644214,5.948034989180646,-0.008316077015038559,-3920.0
2025-07-28 13:00:00,0.19951002768708825,5.961005339623274,-0.01132069231297983,-4001.7
2025-07-28 14:00:00,0.41147017487987725,5.942799375126701,-0.0158035073873366,-3990.7
2025-07-28 15:00:00,0.4204251208514709,5.8971538676367405,-0.01790996798996325,-3890.4
2025-07-28 16:00:00,0.4579835203928546,5.863631175598097,-0.012214764971797187,-4125.3
2025-07-28 17:00:00,0.48282357375640306,5.820082930352362,-0.012245195388444152,-4098.5
2025-07-28 18:00:00,0.49724387895258815,5.802118375377063,-0.019440576076700467,-4203.9
2025-07-28 19:00:00,0.5217530189927189,5.924255797414532,-0.01038131099398143,-4245.1
2025-07-28 20:00:00,0.5175080039112947,6.0867747269123065,-0.005218595082116195,-4246.6
2025-07-28 21:00:00,0.5321909367581306,6.186208623900494,-0.007472076619948531,-4375.4
2025-07-28 22:00:00,0.4950326468950408,6.175867270105761,-0.01451710339661183,-3976.2
2025-07-28 23:00:00,0.15205336213456544,6.156978985585555,-0.013443763407840592,-3623.5
2025-07-29 00:00:00,0.16533873666439458,6.0867747269123065,-0.018229741316427628,-3630.7
2025-07-29 01:00:00,-0.005714718214981485,6.169610732491456,-0.010614108362700492,-3272.5
2025-07-29 02:00:00,-0.07002814590880524,6.317164686747284,-0.011476117212938064,-2783.2
2025-07-29 03:00:00,-0.10138866747537856,6.556778356158042,-0.007682795172363477,-2650.7
2025-07-29 04:00:00,-0.10889933826481313,6.814542897259958,-0.00878737243231864,-2886.6
2025-07-29 05:00:00,-0.1419673758740152,7.0630481633881725,-0.011433064478084454,-3272.1
2025-07-29 06:00:00,-0.19705191369109487,7.258412150595307,-0.016650815754126747,-3557.8
2025-07-29 07:00:00,-0.24611051109847049,7.478169694159785,-0.014895093849511376,-4492.5
2025-07-29 08:00:00,-0.2353278140811632,7.68937110752969,-0.010804858796117145,-4891.0
2025-07-29 09:00:00,-0.055640763949718064,7.89989532313973,0.0008858212716811309,-5577.1
2025-07-29 10:00:00,-0.08007334423095047,8.043984431221553,0.010116942959855102,-5606.3
2025-07-29 11:00:00,-0.1722517037288709,8.116417072794205,0.0093283348657911,-5144.6
2025-07-29 12:00:00,-0.16185767815065244,8.118207049405783,0.009190463540198479,-4957.3
2025-07-29 13:00:00,-0.27525859291670196,8.05356916913454,0.006805182488084149,-4123.1
2025-07-29 14:00:00,-0.31648486667360576,7.826842098158293,0.007432687981888897,-3363.2
2025-07-29 15:00:00,-0.2608205651471134,7.878912912297133,0.007148725509993348,-3871.6
2025-07-29 16:00:00,-0.23485197636815647,7.789454566086673,0.009483976192194099,-4014.2
2025-07-29 17:00:00,-0.11326288463949519,7.67275789664251,0.006092883039259256,-4167.4
2025-07-29 18:00:00,-0.09959228592998448,7.555905093611346,-0.001259007469148088,-4599.5
2025-07-29 19:00:00,0.10349667150025299,7.492203042618741,-0.0015141636056874574,-4785.0
2025-07-29 20:00:00,0.042639984436068534,7.437206366871292,-0.0024222307201702264,-4517.6
2025-07-29 21:00:00,-0.021678398264838084,7.356279876550748,-0.0012799352598831248,-4151.9
2025-07-29 22:00:00,-0.09939822912845342,7.326465613840322,-0.0063398689568954225,-3886.4
2025-07-29 23:00:00,-0.1242842664071242,7.303843225277705,-0.0067713146013943515,-3316.9
2025-07-30 00:00:00,-0.018522040137787243,7.653494909661253,-0.015039907960731291,-3984.8
2025-07-30 01:00:00,0.05066636853426676,7.602401335665818,-0.02011518627194331,-3736.3
2025-07-30 02:00:00,-0.11043343358648716,7.490529402060711,-0.016947145955334086,-3268.4
2025-07-30 03:00:00,-0.10421104999778841,7.469654172932128,-0.013079116865890583,-3264.3
2025-07-30 04:00:00,-0.04133627410487506,7.4798641311650265,-0.01089504441167044,-3382.2
2025-07-30 05:00:00,0.2406537181960524,7.508238774678663,-0.015254248676575877,-3780.2
2025-07-30 06:00:00,0.2628623277529165,7.473637108496206,-0.013128608740312409,-4581.3
2025-07-30 07:00:00,0.17951571761148521,7.454719949364001,-0.014038733064826836,-5027.0
2025-07-30 08:00:00,0.15145756967249735,7.3777589082278725,-0.005769458405492145,-4972.1
2025-07-30 09:00:00,0.19181083772419072,7.326465613840322,0.001415095314055037,-4978.8
2025-07-30 10:00:00,0.2549381114132103,7.252762418053187,0.003359852933646934,-4890.8
2025-07-30 11:00:00,0.28828725117181797,7.192182058713246,0.004609269923883552,-4721.5
2025-07-30 12:00:00,0.2105461500786463,7.134093721192866,0.004836198358159294,-3992.1
2025-07-30 13:00:00,0.08960577677007642,7.0925737159746784,0.00388897953503875,-3504.8
2025-07-30 14:00:00,-0.05836639036450997,7.030857476116121,0.005469137054443962,-3390.6
2025-07-30 15:00:00,0.23252191822638935,6.939253946041508,0.007191091960120133,-4179.1
2025-07-30 16:00:00,0.38129456496352976,6.848005274576363,0.009887727129462398,-4737.7
2025-07-30 17:00:00,0.4119990578437278,6.747586526829315,0.011506876930265975,-4676.9
2025-07-30 18:00:00,0.45797422346164307,6.635946555686647,0.010070708176333376,-4547.3
2025-07-30 19:00:00,0.47039808691872853,6.558197802812269,0.00993355602053736,-4520.8
2025-07-30 20:00:00,0.5011899723443598,6.630683385642372,0.011970895605021958,-4583.5
2025-07-30 21:00:00,0.4704313031416092,6.732210706467206,0.016281110763899598,-4616.4
2025-07-30 22:00:00,0.5138126706991502,6.745236349484363,0.010126782263995437,-4611.3
2025-07-30 23:00:00,0.39407859711320237,6.650279048587422,0.00252501307393338,-4404.7
2025-07-31 00:00:00,0.07335640129604082,6.555356891810665,-0.0034843356436757844,-4143.7
2025-07-31 01:00:00,0.015642353153476396,6.342121418721152,-0.009046629894765346,-3594.0
2025-07-31 02:00:00,0.021222027470354288,6.156978985585555,-0.005397604778074161,-3512.3
2025-07-31 03:00:00,0.013142140855044726,6.059123195581797,-0.0055203912174208725,-3464.9
2025-07-31 04:00:00,0.024687551685638187,6.075346031088684,-0.005206395683564402,-3530.8
2025-07-31 05:00:00,-0.01122912336062587,6.19644412779452,-0.009506056839265753,-3932.3
2025-07-31 06:00:00,-0.0613209275888944,6.2766434893416445,-0.013854095717642068,-4503.2
2025-07-31 07:00:00,0.18020239414532568,6.2766434893416445,-0.011911118121188835,-4619.4
2025-07-31 08:00:00,0.3601543928059776,6.29156913955832,-0.004105509615181191,-4688.6
2025-07-31 09:00:00,0.1858999419996925,6.4457198193855785,-0.0012843819748020735,-4787.9
2025-07-31 10:00:00,0.22798440937482312,6.645090969505644,0.0028062046336474467,-4912.7
2025-07-31 11:00:00,0.1593571518539174,6.829793737512425,0.0033164203929247904,-4927.5
2025-07-31 12:00:00,0.16933420280477218,6.959398512133975,0.0024108715060870978,-5065.0
2025-07-31 13:00:00,0.25140198749506615,7.036148493750536,-0.0029586474379730276,-5049.2
2025-07-31 14:00:00,0.20268016066867256,7.0909098220799835,-0.0009008467319251423,-5180.0
2025-07-31 15:00:00,0.12965739698180556,7.1284959456800365,-0.0016023697104392554,-5269.0
2025-07-31 16:00:00,0.11146138117512283,7.163946684342547,-0.00010308604891307027,-5294.9
2025-07-31 17:00:00,0.13044161354196282,7.1770187659099,0.0026703724267873596,-5414.5
2025-07-31 18:00:00,0.08582214263566978,7.150701457592526,-0.01028392903334474,-5417.5
2025-07-31 19:00:00,-0.08607764654959515,7.102499355774649,-0.006036792918933109,-5220.6
2025-07-31 20:00:00,-0.08695338517144657,7.081708586105575,-0.00650650477108794,-4835.1
2025-07-31 21:00:00,0.02049640345815318,7.095893221097532,-0.0010894457778167776,-5204.2
2025-07-31 22:00:00,0.0647709447166891,7.07326971745971,-0.0030092269645409786,-5179.2
2025-07-31 23:00:00,0.10402354685214465,6.98100574072173,-0.007748911074761722,-4674.5
2025-08-01 00:00:00,-0.1389423885581671,6.792344427470809,-0.0353372831149974,-3639.8
2025-08-01 01:00:00,-0.12057503474491105,6.617402977974478,-0.04219263498364967,-3465.0
2025-08-01 02:00:00,-0.1190306680160238,6.403574197934815,-0.04002909635658103,-3369.0
2025-08-01 03:00:00,-0.1030938067388969,6.198478716492308,-0.04824182183202552,-3216.9
2025-08-01 04:00:00,-0.11535587711520501,5.973809611869261,-0.0597304751923291,-3144.1
2025-08-01 05:00:00,-0.12569195860629634,5.817111159963204,-0.06357308014171004,-3336.4
2025-08-01 06:00:00,-0.16399036679238943,5.545177444479562,-0.06777138054232346,-3926.4
2025-08-01 07:00:00,-0.2628340198649308,5.365976015021851,-0.06831833062747084,-3924.6
2025-08-01 08:00:00,-0.42349324445645564,5.262690188904886,-0.05708696174586603,-3914.4
2025-08-01 09:00:00,-0.3457870551729858,5.332718793265369,-0.051815928316353066,-3972.0
2025-08-01 10:00:00,-0.26547343269151735,5.459585514144159,-0.051802519293207894,-4067.7
2025-08-01 11:00:00,-0.14892468830161443,5.54907608489522,-0.05360940816127879,-4113.5
2025-08-01 12:00:00,-0.04666209095781371,5.634789603169249,-0.050804335042470505,-4091.9
2025-08-01 13:00:00,-0.006930149234061211,5.733341276897746,-0.047931635470432,-4239.6
2025-08-01 14:00:00,-0.030922948779627646,5.7899601708972535,-0.04857798683146353,-4286.8
2025-08-01 15:00:00,-0.07816642456957812,5.831882477283517,-0.05969564276345096,-4265.7
2025-08-01 16:00:00,-0.16555968453399705,5.834810737062605,-0.054438228022003265,-4199.0
2025-08-01 17:00:00,-0.2256881209125816,5.8998973535824915,-0.060730597638152695,-4149.9
2025-08-01 18:00:00,-0.19950651419136411,5.955837369464831,-0.0722832983261199,-4064.6
2025-08-01 19:00:00,-0.15247850380353567,5.983936280687191,-0.06386104617530908,-4033.5
2025-08-01 20:00:00,-0.17896529630368407,6.100318952020064,-0.06460205105029893,-3659.4
2025-08-01 21:00:00,-0.11736966885866718,6.423246963533519,-0.05816677062234721,-3583.9
2025-08-01 22:00:00,-0.08813789601378774,6.637258031284457,-0.04561758100253943,-3509.7
2025-08-01 23:00:00,-0.08156122337466964,6.755768921984255,-0.0436979730417244,-3355.7
2025-08-02 00:00:00,-0.0760472643933836,6.413458957167357,-0.05923285855815852,-3361.7
2025-08-02 01:00:00,-0.08355209093745986,6.508769136971682,-0.06853312007052281,-3128.7
2025-08-02 02:00:00,-0.06023889776568536,6.625392368007956,-0.07493752797492359,-3253.7
2025-08-02 03:00:00,-0.05555539226723427,6.720220155135295,-0.0851718161715933,-3200.4
2025-08-02 04:00:00,-0.061494283033584285,6.804614520062624,-0.08943496945043172,-3222.7
2025-08-02 05:00:00,-0.0720335769154774,6.814542897259958,-0.08599398968418459,-3393.7
2025-08-02 06:00:00,-0.07314761885831533,6.774223886357614,-0.08043876365286273,-3719.4
2025-08-02 07:00:00,-0.06526530376281237,6.734591659972948,-0.08231029233512022,-4026.4
2025-08-02 08:00:00,-0.17310187947423294,6.7650389767805414,-0.08020539994883791,-4209.4
2025-08-02 09:00:00,-0.09072070470415783,6.846943139585379,-0.08501690560221409,-4385.9
2025-08-02 10:00:00,-0.01442074612516464,6.894670039433482,-0.08399183218674722,-4527.2
2025-08-02 11:00:00,0.02039612915747835,6.8658910748834385,-0.08096803022779842,-3787.8
2025-08-02 12:00:00,0.05868506530149986,6.837332814685591,-0.07126582456983943,-2677.7
2025-08-02 13:00:00,0.11464084204066749,6.608000625296087,-0.07227963640503532,-2286.5
2025-08-02 14:00:00,0.18826113493751206,6.621405651764134,-0.06658810808472282,-2511.7
2025-08-02 15:00:00,-0.040599214888296764,6.698268054115413,-0.07015334644106552,-2715.1
2025-08-02 16:00:00,-0.12271271956217689,6.634633357861686,-0.06997306190612296,-3223.2
2025-08-02 17:00:00,-0.14771561991539572,6.434546518787453,-0.06944047687085142,-3810.7
2025-08-02 18:00:00,-0.2352271409553226,6.284134161070802,-0.06384844980700866,-4050.5
2025-08-02 19:00:00,-0.22785177910774568,6.192362489474872,-0.06218494220776627,-4063.1
2025-08-02 20:00:00,-0.14581314605909457,6.202535517187923,-0.06323656633126795,-4105.9
2025-08-02 21:00:00,-0.06282563813197495,6.255750041753367,-0.06194216944811082,-4000.7
2025-08-02 22:00:00,0.00036680173789394033,6.324358962381311,-0.06024241539345354,-4004.2
2025-08-02 23:00:00,0.0019020080987992571,6.342121418721152,-0.057787601492925944,-3673.6
2025-08-03 00:00:00,-0.02513341726787699,6.716594773520978,-0.05512506672447959,-4218.9
2025-08-03 01:00:00,-0.07526317142589756,6.71174039505618,-0.05544523257397316,-3774.9
2025-08-03 02:00:00,-0.07614041062841448,6.709304340258298,-0.061060922027297515,-3738.5
2025-08-03 03:00:00,-0.06867710687847861,6.7226297948554485,-0.06407110225235702,-3693.1
2025-08-03 04:00:00,-0.07762867418273567,6.7661917146603505,-0.06707083447818984,-3678.7
2025-08-03 05:00:00,-0.09137193489184803,6.812345094177479,-0.06408246925550021,-3884.8
2025-08-03 06:00:00,-0.08400044627498371,6.824373670043086,-0.06029858741169569,-3614.5
2025-08-03 07:00:00,-0.12207266591316035,6.816735880594968,-0.06362791896817654,-3611.9
2025-08-03 08:00:00,-0.23927052780200375,6.818924065275521,-0.06556512219554467,-3281.2
2025-08-03 09:00:00,-0.22328769819148464,6.673297967767654,-0.06722248960526134,-2460.5
2025-08-03 10:00:00,-0.2189222196644911,6.652863029353347,-0.07231335846370257,-2170.0
2025-08-03 11:00:00,-0.16638105936709735,6.812345094177479,-0.06799406166480626,-2146.8
2025-08-03 12:00:00,-0.10733787763384761,6.981934677156389,-0.06655040386119548,-2317.3
2025-08-03 13:00:00,-0.034287101065907155,7.1204443723924875,-0.06636830921895065,-2458.0
2025-08-03 14:00:00,-0.042667171313533814,7.275864600546533,-0.06465851482322194,-2702.3
2025-08-03 15:00:00,-0.1371676433597897,7.418780882750794,-0.07199876715852405,-3034.7
2025-08-03 16:00:00,-0.27246760164396155,7.597897950521784,-0.07614246789896484,-3740.3
2025-08-03 17:00:00,-0.3758100868826233,7.763871287820222,-0.06739191791974974,-4182.2
2025-08-03 18:00:00,-0.4130832845491037,7.76004068088038,-0.05483533358279136,-4688.1
2025-08-03 19:00:00,-0.4412888331698879,7.704811922932594,-0.0549943354426663,-4250.3
2025-08-03 20:00:00,-0.3497056106472436,7.628031126930335,-0.05587846137187835,-4093.9
2025-08-03 21:00:00,-0.27460418962396904,7.660585461703256,-0.045268070529380644,-4154.1
2025-08-03 22:00:00,-0.19713390305514178,7.76004068088038,-0.04007753447925122,-4309.7
2025-08-03 23:00:00,-0.14577388323773688,7.732369222284388,-0.03748567105008682,-4432.6
2025-08-04 00:00:00,-0.24408692684662325,7.2078598714324755,-0.04187211972968541,-3220.1
2025-08-04 01:00:00,-0.24910087336390907,7.112327444710911,-0.06011994517802144,-3048.1
2025-08-04 02:00:00,-0.2565504632482898,7.00669522683704,-0.0650827319926437,-2896.3
2025-08-04 03:00:00,-0.2743904199628191,6.842683282238422,-0.06732279543800956,-2575.1
2025-08-04 04:00:00,-0.2870758496334078,6.80128303447162,-0.07273564971946644,-2550.9
2025-08-04 05:00:00,-0.34359932672304705,6.745236349484363,-0.07776247375214229,-2863.0
2025-08-04 06:00:00,-0.35211720361303867,7.029972911706386,-0.07364372176726608,-3582.5
2025-08-04 07:00:00,-0.45858960034893803,7.009408932708637,-0.06945069863355258,-3446.9
2025-08-04 08:00:00,-0.5801334469420318,6.966967138613983,-0.05146407902713701,-3473.6
2025-08-04 09:00:00,-0.49715168177072533,6.841615476477592,-0.0488846337116966,-3209.1
2025-08-04 10:00:00,-0.4648469399426598,6.6052979209482015,-0.04564216118590281,-2853.4
2025-08-04 11:00:00,-0.420488641661926,6.587550014824796,-0.046051236029610365,-2883.3
2025-08-04 12:00:00,-0.3631548892627081,6.695798917058491,-0.047132462279482645,-3019.6
2025-08-04 13:00:00,-0.33047696567397056,6.848005274576363,-0.04950487854359409,-3200.8
2025-08-04 14:00:00,-0.3979546288674314,6.818924065275521,-0.05178127886083139,-3092.8
2025-08-04 15:00:00,-0.4041973954163782,7.132497551660044,-0.05507476058782057,-3492.3
2025-08-04 16:00:00,-0.4754568293724013,7.284820912568604,-0.05195594956083571,-3661.6
2025-08-04 17:00:00,-0.5525571538598024,7.266128779556451,-0.05194461162181163,-3513.2
2025-08-04 18:00:00,-0.5614136621205934,7.448333860897476,-0.046282498450318954,-3694.8
2025-08-04 19:00:00,-0.576056381727303,7.5485559791698735,-0.04767605663983421,-3552.1
2025-08-04 20:00:00,-0.5470534996530132,7.563200592358071,-0.05138436677181346,-3368.3
2025-08-04 21:00:00,-0.49078244733439824,7.6246189861593985,-0.05044836164637445,-3203.4
2025-08-04 22:00:00,-0.4351871989079985,7.661527081358517,-0.04738776812953471,-3256.0
2025-08-04 23:00:00,-0.3772392324666849,7.6093665379542115,-0.03619345008132058,-3133.9
2025-08-05 00:00:00,-0.385953788482126,7.752764808851328,-0.043074273461141566,-3292.5
2025-08-05 01:00:00,-0.37612665647345533,7.761744984658913,-0.050987211770380014,-3167.9
2025-08-05 02:00:00,-0.36123543983044515,7.711996507047669,-0.05359615032158782,-2946.0
2025-08-05 03:00:00,-0.354823190491107,7.752335163302292,-0.05475815885438173,-3040.4
2025-08-05 04:00:00,-0.3776009861039604,7.7501841622578365,-0.057935727972601825,-3014.4
2025-08-05 05:00:00,-0.4315779955615371,7.749753406274437,-0.06381469537473716,-2962.1
2025-08-05 06:00:00,-0.4011797343821031,7.869783902530146,-0.0664653235660051,-3165.2
2025-08-05 07:00:00,-0.5059875064464188,7.892452043520352,-0.06677346893750169,-3218.6
2025-08-05 08:00:00,-0.6124852855336691,7.944492163932159,-0.05172526263574184,-3567.8
2025-08-05 09:00:00,-0.5613843283656905,7.859413154693583,-0.047072652510524726,-3218.5
2025-08-05 10:00:00,-0.5643484988976128,7.73718007783463,-0.04834836850189994,-2738.1
2025-08-05 11:00:00,-0.4981537410834709,7.57095858316901,-0.04380765400218323,-2484.5
2025-08-05 12:00:00,-0.5056915734484182,7.486613313139955,-0.041903225989381454,-2289.8
2025-08-05 13:00:00,-0.4873594360542217,7.429520842786462,-0.03665435645141102,-2293.3
2025-08-05 14:00:00,-0.5436863022041241,7.459338895220296,-0.03259301087129085,-2336.4
2025-08-05 15:00:00,-0.5622760070725428,7.59488438721652,-0.0366211109157879,-2501.4
2025-08-05 16:00:00,-0.5797714042621993,7.698029170272805,-0.032263489600167006,-2780.9
2025-08-05 17:00:00,-0.5735227390007775,7.887208585813932,-0.03749003322050637,-3192.4
2025-08-05 18:00:00,-0.5977555942465562,7.927324360309794,-0.03777423343943909,-3910.4
2025-08-05 19:00:00,-0.6146489454935704,7.972121128921655,-0.042061288545649056,-4424.8
2025-08-05 20:00:00,-0.5605124194753195,7.968319500012717,-0.044049469602104985,-4398.6
2025-08-05 21:00:00,-0.4664369787746536,7.908387159290043,-0.04098028158840972,-4184.2
2025-08-05 22:00:00,-0.41256533129488693,7.893572073504902,-0.03049020922957535,-3983.4
2025-08-05 23:00:00,-0.39166855317781746,7.847762537473608,-0.027466748081473646,-3840.6
2025-08-06 00:00:00,-0.4136258963713635,7.822044008185619,-0.03768043698231427,-3467.7
2025-08-06 01:00:00,-0.3634687045202991,7.725330037917135,-0.03931026346948041,-3156.3
2025-08-06 02:00:00,-0.34655239699772356,7.643003635560718,-0.03845354483875063,-2964.2
2025-08-06 03:00:00,-0.3491160616862463,7.5406215286571525,-0.0387391702965143,-2706.7
2025-08-06 04:00:00,-0.33357697901004846,7.554334823725748,-0.04165454094676857,-2709.6
2025-08-06 05:00:00,-0.3923933954467147,7.568379267836522,-0.04567920867978614,-2787.7
2025-08-06 06:00:00,-0.44373158211114117,7.563200592358071,-0.04585993195361038,-3010.2
2025-08-06 07:00:00,-0.5088358394502137,7.501634457883413,-0.040766581912104805,-2961.0
2025-08-06 08:00:00,-0.6173041080591246,7.402451520818244,-0.03197901172854767,-2766.7
2025-08-06 09:00:00,-0.5802902681271545,7.340186835320115,-0.03062669005130747,-2549.2
2025-08-06 10:00:00,-0.571013290028521,7.238496840894365,-0.028916120509983045,-2453.5
2025-08-06 11:00:00,-0.5126274630873282,7.10002716662926,-0.026172195768253026,-2111.5
2025-08-06 12:00:00,-0.4828106003073378,7.060476365999801,-0.02121429005695674,-1938.5
2025-08-06 13:00:00,-0.501589726714422,6.9985096422506015,-0.021417533457001703,-1875.6
2025-08-06 14:00:00,-0.5204543560832273,7.1785454837637,-0.016373781779282837,-2037.7
2025-08-06 15:00:00,-0.5163708222938221,7.315218389752975,-0.023017025473473396,-2174.2
2025-08-06 16:00:00,-0.582309613169012,7.513709247839705,-0.014586483335391698,-2580.3
2025-08-06 17:00:00,-0.573817196409725,7.601402334583733,-0.012436510400815948,-2703.3
2025-08-06 18:00:00,-0.5559179065533315,7.6638772587034705,-0.009285959755419348,-3257.3
2025-08-06 19:00:00,-0.5683788153695679,7.622663951323595,-0.0197808683592271,-3302.3
2025-08-06 20:00:00,-0.5085533227497208,7.586803535162581,-0.025201294103548655,-3217.5
2025-08-06 21:00:00,-0.44291683101933765,7.602401335665818,-0.02215182597728038,-3239.5
2025-08-06 22:00:00,-0.3699552157440005,7.596894438144544,-0.008839252017715182,-3197.3
2025-08-06 23:00:00,-0.31283707446260367,7.629975707027789,-0.011399296780514767,-3188.5
2025-08-07 00:00:00,-0.4131626979409373,7.491087593534876,-0.012509748768792406,-2848.0
2025-08-07 01:00:00,-0.4044544120083189,7.4821189235521155,-0.016543391699131327,-2781.0
2025-08-07 02:00:00,-0.40846629952914437,7.462214939768189,-0.015825931571050944,-2691.3
2025-08-07 03:00:00,-0.39638656615164747,7.462214939768189,-0.01708686585695318,-2713.4
2025-08-07 04:00:00,-0.4263973475438072,7.451241684987676,-0.018882590381953612,-2671.2
2025-08-07 05:00:00,-0.4134198640939757,7.485491608030754,-0.026749197000797587,-2964.6
2025-08-07 06:00:00,-0.4457740049958181,7.765569081097317,-0.02777594356504931,-3685.5
2025-08-07 07:00:00,-0.5170403460841189,7.658227526161352,-0.023122729158638222,-3530.8
2025-08-07 08:00:00,-0.6416245206021989,7.570443252057374,-0.01964549762501111,-3608.8
2025-08-07 09:00:00,-0.5624840597491274,7.471363088187097,-0.020107192765004278,-3310.6
2025-08-07 10:00:00,-0.49590772353432966,7.331714969726466,-0.02125546104209608,-3161.0
2025-08-07 11:00:00,-0.4742118557072823,6.8679744089702925,-0.023015313013274863,-2367.8
2025-08-07 12:00:00,-0.4101321177445545,6.588926477533519,-0.02043807308803469,-2095.5
2025-08-07 13:00:00,-0.3868717185713395,6.601230118728877,-0.019845270927113745,-2114.6
2025-08-07 14:00:00,-0.3874585271855957,6.70073110954781,-0.018187256690010756,-2340.5
2025-08-07 15:00:00,-0.3840381638751875,6.678342114654332,-0.022666073325035896,-2397.3
2025-08-07 16:00:00,-0.4018522283616379,6.946975992135418,-0.02128066843476084,-2892.0
2025-08-07 17:00:00,-0.45292205421649356,6.901737206656574,-0.02310036806887883,-3497.6
2025-08-07 18:00:00,-0.44818331715288195,6.86171134048073,-0.02762702593793076,-4157.4
2025-08-07 19:00:00,-0.4326766636570518,6.920671504248683,-0.02411544125209719,-4367.3
2025-08-07 20:00:00,-0.3951752660674823,7.101675971619444,-0.02749123485014504,-4326.2
2025-08-07 21:00:00,-0.32643575264033053,7.384610383176974,-0.026456324231621586,-4290.4
2025-08-07 22:00:00,-0.27331376186707823,7.4999765409521215,-0.017921917440195223,-4115.0
2025-08-07 23:00:00,-0.23268527448625376,7.549082710812286,-0.015438741125655575,-4053.3
2025-08-08 00:00:00,-0.27243013497881163,7.630946580890459,-0.011637789709606494,-4423.6
2025-08-08 01:00:00,-0.2449445995356081,7.660114319173928,-0.02065448343251841,-4539.7
2025-08-08 02:00:00,-0.2468088275117606,7.650168700845001,-0.01905454467115053,-4577.5
2025-08-08 03:00:00,-0.23343265167573302,7.634820677745543,-0.024888594812821907,-4603.7
2025-08-08 04:00:00,-0.2388747775540394,7.753194269884341,-0.03318359960824324,-4764.8
2025-08-08 05:00:00,-0.23504972738306673,7.697121317282625,-0.029266956800754862,-5072.4
2025-08-08 06:00:00,-0.3035937746030779,7.564238475170491,-0.028385136448172865,-4694.1
2025-08-08 07:00:00,-0.4147544227710602,7.440146680662688,-0.02170667696273121,-4591.3
2025-08-08 08:00:00,-0.5444578228716925,7.3758821482150125,-0.018290363259588105,-4623.0
2025-08-08 09:00:00,-0.49471435542659137,7.347299700743164,-0.02203862530138334,-4619.1
2025-08-08 10:00:00,-0.3891672026196491,7.3783837129967145,-0.028121412668457246,-4721.2
2025-08-08 11:00:00,-0.2857187265609533,7.4377951216719325,-0.025366195847883688,-4957.3
2025-08-08 12:00:00,-0.3002093504712713,7.277938572945661,-0.02361819473831428,-3793.7
2025-08-08 13:00:00,-0.3092732866383736,7.1252830915107115,-0.02565024187512055,-3449.5
2025-08-08 14:00:00,-0.3503509273691101,7.113142108707088,-0.025436458269768814,-3485.4
2025-08-08 15:00:00,-0.34355833854928,7.316548177182976,-0.03501949907567514,-4006.2
2025-08-08 16:00:00,-0.3517769689648951,7.4999765409521215,-0.037908926070792326,-4878.2
2025-08-08 17:00:00,-0.4366202117478015,7.598399329323964,-0.03841996094453304,-4951.8
2025-08-08 18:00:00,-0.4593093083446864,7.62608275807238,-0.04383281839381059,-5107.7
2025-08-08 19:00:00,-0.4260989628406642,7.671826797878781,-0.034661891483047214,-5009.7
2025-08-08 20:00:00,-0.3520512820645565,7.791522819150732,-0.034549705983896395,-5065.6
2025-08-08 21:00:00,-0.2704367648730597,7.83399634170946,-0.030490350048967052,-5279.6
2025-08-08 22:00:00,-0.18680478375243492,7.944846711001996,-0.02846450177629034,-5296.1
2025-08-08 23:00:00,-0.15541685506930714,7.867105500316739,-0.030265462837649082,-5019.1
2025-08-09 00:00:00,-0.19941989657360137,7.581719640125308,-0.03372509901094567,-4168.3
2025-08-09 01:00:00,-0.1741319551084315,7.507141079727608,-0.03988230243273261,-3977.9
2025-08-09 02:00:00,-0.15915268507330893,7.4133673356952405,-0.04183757954857903,-3835.5
2025-08-09 03:00:00,-0.12431098768236426,7.31986492980897,-0.04620068185532222,-3756.5
2025-08-09 04:00:00,-0.10266356007165545,7.254884810077338,-0.04926892772509728,-3772.2
2025-08-09 05:00:00,-0.08167621189546326,7.149131598557407,-0.0432282959241137,-3883.6
2025-08-09 06:00:00,-0.05234738894355884,6.803505257608338,-0.04254946431693174,-4343.0
2025-08-09 07:00:00,0.10133421912595653,6.267200548541362,-0.04729910607981935,-4265.6
2025-08-09 08:00:00,0.48047831469465496,5.60947179518496,-0.05290750426848678,-4430.9
2025-08-09 09:00:00,0.026513483518030956,5.153291594497779,-0.06167521860118441,-3960.3
2025-08-09 10:00:00,-0.1818626961485057,5.0106352940962555,-0.060718054414447664,-2605.4
2025-08-09 11:00:00,-0.17519923550295502,5.209486152841421,-0.05918067604289057,-2040.7
2025-08-09 12:00:00,-0.061066390691780104,5.583496308781699,-0.04947847038493158,-1772.0
2025-08-09 13:00:00,-0.004820268639656344,5.71042701737487,-0.046702794615385734,-1769.8
2025-08-09 14:00:00,0.0494466925255681,6.278521424165844,-0.041011266295073234,-1992.5
2025-08-09 15:00:00,-0.1442748101812037,6.4967749901858625,-0.04827063519155761,-2186.3
2025-08-09 16:00:00,-0.260456008904149,6.833031732786201,-0.05201925828952714,-2381.4
2025-08-09 17:00:00,-0.23162680436685257,7.368970402194793,-0.054646265515578385,-4290.2
2025-08-09 18:00:00,-0.225657689939172,7.513163545234075,-0.05130473132847868,-5053.1
2025-08-09 19:00:00,-0.26498631642618653,7.660114319173928,-0.05031743818016565,-5190.1
2025-08-09 20:00:00,-0.22816550138342606,7.81035268372429,-0.04855612092705286,-5210.3
2025-08-09 21:00:00,-0.16447683712076966,7.911690520708339,-0.04712708366297047,-5313.5
2025-08-09 22:00:00,-0.12611042883309143,7.8009820712577405,-0.04519376164428213,-4855.4
2025-08-09 23:00:00,-0.10787572762251418,7.721791776817535,-0.048211101049717264,-4529.2
2025-08-10 00:00:00,-0.12019173962218677,7.697121317282625,-0.05052735747584958,-4464.6
2025-08-10 01:00:00,-0.11900092495773062,7.650168700845001,-0.04683461185840443,-4309.9
2025-08-10 02:00:00,-0.10731265542127,7.61085279039525,-0.04525031600065521,-4300.8
2025-08-10 03:00:00,-0.0905583217548207,7.61972421378267,-0.04261616725109718,-4256.1
2025-08-10 04:00:00,-0.11061002148483023,7.543273346705446,-0.045426702978603295,-4013.2
2025-08-10 05:00:00,-0.10493606282787438,7.599401333415815,-0.0431139590703431,-4135.5
2025-08-10 06:00:00,-0.08433228633112311,7.447751280047908,-0.0436249180846362,-3892.8
2025-08-10 07:00:00,-0.06894573620252631,7.19668657083435,-0.04824300012869731,-3791.5
2025-08-10 08:00:00,-0.14761824599737228,6.93537044601511,-0.04912230031999609,-3487.0
2025-08-10 09:00:00,-0.20746002964777954,6.498282149476434,-0.053215625884889484,-2364.3
2025-08-10 10:00:00,-0.2698591560272452,6.315358001522335,-0.05612463111378396,-2007.0
2025-08-10 11:00:00,-0.313024865084115,6.1779441140506,-0.050462568090383186,-1620.4
2025-08-10 12:00:00,-0.8336372655106934,6.267200548541362,-0.05043283884012695,-1498.7
2025-08-10 13:00:00,-1.2241432101623735,6.29156913955832,-0.04725007986134333,-1477.0
2025-08-10 14:00:00,-1.0129428842342247,6.736966958001855,-0.043263379282729275,-1773.9
2025-08-10 15:00:00,-0.3963577600172643,6.912742820493176,-0.04919527814094771,-2007.4
2025-08-10 16:00:00,-0.4513253517187281,7.316548177182976,-0.052442974493573935,-2543.5
2025-08-10 17:00:00,-0.42190763366830986,7.719573989259581,-0.04304288890946317,-3935.5
2025-08-10 18:00:00,-0.3462203393199772,8.026823576217629,-0.03431477768289515,-6159.7
2025-08-10 19:00:00,-0.3968220937009188,8.029107054619736,-0.02787402922347315,-5910.0
2025-08-10 20:00:00,-0.313103761447286,8.014335737299424,-0.025521998891284703,-5666.3
2025-08-10 21:00:00,-0.272534509685443,7.946263643580541,-0.019556234632537084,-5257.4
2025-08-10 22:00:00,-0.19747843363563833,7.934513463882263,-0.0119838746084584,-5173.9
2025-08-10 23:00:00,-0.1471330407694289,7.94873845481361,-0.005781712462153976,-5153.4
2025-08-11 00:00:00,-0.2312981202180664,7.543802867501509,-0.0038280292315580056,-4112.9
2025-08-11 01:00:00,-0.2483809309282048,7.382124365737512,-0.0027023632661284935,-3747.1
2025-08-11 02:00:00,-0.25331013638067956,7.313220387090301,-0.0061746895023579995,-3547.9
2025-08-11 03:00:00,-0.24290600289097952,7.261927092702751,-0.004659059002705135,-3450.4
2025-08-11 04:00:00,-0.24013905965911286,7.290292882446597,-0.00987971422159628,-3602.0
2025-08-11 05:00:00,-0.3104085071312994,7.383989457978509,-0.012103285944308873,-3760.5
2025-08-11 06:00:00,-0.19669792151757237,7.319202458767849,-0.0191169416653727,-4601.0
2025-08-11 07:00:00,-0.2634560004659754,7.0317412587631285,-0.00799345380844585,-4161.9
2025-08-11 08:00:00,-0.4777947337131221,6.652863029353347,-0.006675767204753491,-3720.0
2025-08-11 09:00:00,-0.361520947568192,6.398594934535208,-0.0038206886913796367,-3705.4
2025-08-11 10:00:00,-0.2818331020549443,6.295266001439646,-0.0049479703593480195,-3663.2
2025-08-11 11:00:00,-0.3877435605673156,6.302618975744905,-0.0009308007491410919,-3133.7
2025-08-11 12:00:00,-0.4334531314262593,6.037870919922137,-0.010279499001775605,-2349.7
2025-08-11 13:00:00,-0.41214048837497375,6.161207321695077,-0.014797024591644004,-2283.9
2025-08-11 14:00:00,-0.42075063615815855,6.309918278226516,-0.014919685556672668,-2631.1
2025-08-11 15:00:00,-0.34217224116877887,6.703188113240863,-0.017602676220555225,-3492.6
2025-08-11 16:00:00,-0.2399161436025694,6.778784897685177,-0.012960916269092237,-3992.2
2025-08-11 17:00:00,-0.26140767155396194,6.726233402358747,-0.011432742704911014,-3973.6
2025-08-11 18:00:00,-0.1985531314491502,6.639875833826536,-0.00890088912827558,-4072.9
2025-08-11 19:00:00,-0.14947957067912299,6.70196036600254,-0.010199457545219559,-4137.0
2025-08-11 20:00:00,-0.07190156580709761,6.843749949006225,-0.0061969147419187465,-4291.5
2025-08-11 21:00:00,-0.2414287630954477,7.0192966537150445,-0.004018359063434396,-4249.3
2025-08-11 22:00:00,-0.2078370510658214,7.170119543449628,-0.0037589057403284443,-4221.5
2025-08-11 23:00:00,-0.16058374908801287,7.239214973779806,-0.00273180996735789,-4172.7
2025-08-12 00:00:00,-0.1722146951958945,7.368339686311381,-0.019783555455045843,-4334.2
2025-08-12 01:00:00,-0.18166783406866394,7.452402451223638,-0.020215553103626327,-4212.9
2025-08-12 02:00:00,-0.1826229878319241,7.605890001053122,-0.01805365678751425,-4246.8
2025-08-12 03:00:00,-0.1960966192796878,7.693025748417888,-0.016903525561928312,-4276.6
2025-08-12 04:00:00,-0.23096143752669818,7.759614150696903,-0.016310346825691546,-4306.6
2025-08-12 05:00:00,-0.27771091518032476,7.769378609513984,-0.022656622881229715,-4328.7
2025-08-12 06:00:00,-0.25202986297621965,7.728855823852543,-0.026389662002286762,-4732.0
2025-08-12 07:00:00,-0.3605870801205362,7.6624678152002375,-0.01721965448277185,-4474.9
2025-08-12 08:00:00,-0.423430506235305,7.57353126274595,-0.01627851363999433,-4423.9
2025-08-12 09:00:00,-0.39283743285732653,7.589335823170617,-0.01308574382911587,-4580.1
2025-08-12 10:00:00,-0.3168211199267805,7.546974117516527,-0.017947040505681855,-4526.4
2025-08-12 11:00:00,-0.24573059148802212,7.478734825567875,-0.016564917608309138,-4390.8
2025-08-12 12:00:00,-0.16694751563090104,7.4109518755836366,-0.01703742459916935,-4281.2
2025-08-12 13:00:00,-0.23724719108273007,7.3310603052186325,-0.01614081661830813,-3694.8
2025-08-12 14:00:00,-0.2666576623949348,7.31986492980897,-0.013312207935785025,-3918.7
2025-08-12 15:00:00,-0.23772869390684237,7.325148957955575,-0.012909650783420545,-4303.0
2025-08-12 16:00:00,-0.29179140241748014,7.292337176173877,-0.008822441628737465,-4350.8
2025-08-12 17:00:00,-0.26746039511511865,7.226936018493289,-0.006100136512422694,-4525.2
2025-08-12 18:00:00,-0.2315161467374307,7.057036981697891,-0.0049222582810539706,-4502.8
2025-08-12 19:00:00,-0.09956477113643825,6.873163834212518,-0.011621398697621466,-4275.8
2025-08-12 20:00:00,0.07853737890590118,6.7650389767805414,-0.01098860734121665,-4179.0
2025-08-12 21:00:00,-0.07773579950135323,6.78105762593618,-0.005055956719684396,-4100.9
2025-08-12 22:00:00,-0.18041271003831127,6.744059186311348,-0.005488907024157719,-3918.7
2025-08-12 23:00:00,-0.1650445363979638,6.646390514847729,-0.0042891597687679806,-3812.2
2025-08-13 00:00:00,-0.16187099766092494,6.6895992691789665,-0.005977493740835449,-3808.7
2025-08-13 01:00:00,-0.14223476549867664,6.555356891810665,-0.003803575012570448,-3736.1
2025-08-13 02:00:00,-0.06317442007490337,6.461468176353717,-0.005590243930565286,-3767.2
2025-08-13 03:00:00,-0.029694888631790484,6.400257445308821,-0.003674033636387186,-3748.4
2025-08-13 04:00:00,-0.028237234460234628,6.364750756851911,-0.004364612701295734,-3773.0
2025-08-13 05:00:00,-0.033933622080275505,6.306275286948016,-0.007382923602506253,-3761.9
2025-08-13 06:00:00,-0.1614036232040874,6.198478716492308,-0.012523511686018729,-3648.0
2025-08-13 07:00:00,0.04198223778167964,5.991464547107982,0.00217497221942331,-3704.6
2025-08-13 08:00:00,0.3905901538896428,5.605802066295998,0.0005035442307566029,-3736.2
2025-08-13 09:00:00,0.4636254330216971,5.308267697401205,-0.001350229776861056,-3674.8
2025-08-13 10:00:00,0.48958390763811543,5.342334251964811,-0.007612056640415865,-3713.3
2025-08-13 11:00:00,0.14467358569948097,5.4638318050256105,-0.007339247435160345,-3730.8
2025-08-13 12:00:00,0.0049002271467464276,5.529429087511423,-0.005446066789014381,-3578.0
2025-08-13 13:00:00,-0.01175027460079292,5.594711379601839,-0.008028745632053358,-3524.4
2025-08-13 14:00:00,0.09398387665010466,5.66988092298052,-0.008696200880248917,-3637.8
2025-08-13 15:00:00,0.2443345092774143,5.752572638825633,-0.009004057321777559,-3705.7
2025-08-13 16:00:00,0.31728810698458254,5.846438775057725,-0.0026178365261984027,-3681.2
2025-08-13 17:00:00,0.36066670054931027,5.799092654460526,0.0012708693300638174,-3748.1
2025-08-13 18:00:00,-0.019971556207266872,5.703782474656201,-0.001132888565785528,-3740.3
2025-08-13 19:00:00,-0.06519932388493288,5.823045895483019,-0.00905859597210501,-3759.0
2025-08-13 20:00:00,0.0849605498697441,6.102558594613569,-0.006852155435352003,-3825.2
2025-08-13 21:00:00,0.04800616045014028,6.369900982828227,0.00020617975405912148,-3875.2
2025-08-13 22:00:00,-0.0730667733432444,6.590301048196686,-0.0068791076462408896,-3917.8
2025-08-13 23:00:00,-0.05504228401700306,6.723832440821209,-0.01412038689487538,-3909.0
2025-08-14 00:00:00,-0.06432286194870862,7.011213987350367,-0.01322225325208759,-4181.4
2025-08-14 01:00:00,-0.07206242586260414,7.095064377287131,-0.013615131920043488,-4339.1
2025-08-14 02:00:00,-0.07790249959409801,7.161622002939187,-0.015086012928340331,-4326.8
2025-08-14 03:00:00,-0.08109239532348145,7.179307969504034,-0.01412828381720832,-4301.3
2025-08-14 04:00:00,-0.10323033197317466,7.1372784372603855,-0.011513360275405837,-4192.7
2025-08-14 05:00:00,-0.1588001806777486,7.029087564149662,-0.015087257252955233,-3868.2
2025-08-14 06:00:00,-0.18625295394406294,6.88653164253051,-0.018831955494150954,-3900.6
2025-08-14 07:00:00,-0.20020021923799725,6.665683717782408,-0.00527649389096041,-3734.3
2025-08-14 08:00:00,0.2149387932307949,6.298949246855942,-0.006573416057658932,-3631.4
2025-08-14 09:00:00,0.26736563971336746,5.950642552587727,-0.01078166668067837,-3551.3
2025-08-14 10:00:00,0.3574691829292558,5.883322388488279,-0.014365361751578654,-3669.6
2025-08-14 11:00:00,0.014018846364182824,6.023447592961033,-0.01295866006033286,-3800.7
2025-08-14 12:00:00,0.011210277504518196,6.270988431858299,-0.01411294131106633,-3936.6
2025-08-14 13:00:00,-0.024593670702797166,6.466144724237619,-0.019206497350618967,-4061.1
2025-08-14 14:00:00,-0.039882560023333014,6.621405651764134,-0.02268453378490687,-4235.7
2025-08-14 15:00:00,-0.17413509942413974,6.726233402358747,-0.018824839408559058,-4222.6
2025-08-14 16:00:00,-0.1543049923302875,6.796823718274855,-0.016210949084510595,-4326.7
2025-08-14 17:00:00,-0.3032908928568179,6.844815479208263,-0.014311862035799372,-4300.3
2025-08-14 18:00:00,-0.2392298655752838,6.8885724595653635,-0.01816621743370117,-4364.1
2025-08-14 19:00:00,-0.1054198330845808,7.078341579557671,-0.020315563342323095,-4580.3
2025-08-14 20:00:00,-0.07201275360029191,7.356279876550748,-0.01733886338612667,-5047.6
2025-08-14 21:00:00,-0.33139362100111747,7.591861714889934,-0.012972973894334494,-5036.9
2025-08-14 22:00:00,-0.25962429414982857,7.687538766201629,-0.023860569007777777,-4654.2
2025-08-14 23:00:00,-0.20632231865894424,7.698029170272805,-0.032591820351904666,-4529.0
2025-08-15 00:00:00,-0.2200550237315535,7.720461694599722,-0.029540165430671728,-4667.5
2025-08-15 01:00:00,-0.24114821878963344,7.761319180947987,-0.02654985791319664,-4453.5
2025-08-15 02:00:00,-0.23038135336981247,7.8156105320351905,-0.025002517597227936,-4717.7
2025-08-15 03:00:00,-0.2156726220285412,7.848543482456679,-0.026378908054381256,-4853.3
2025-08-15 04:00:00,-0.2388747775540394,7.8898337513942955,-0.028702636173206564,-4928.2
2025-08-15 05:00:00,-0.2603170290414285,7.937017489515454,-0.03367548708552093,-5198.2
2025-08-15 06:00:00,-0.28715684964788757,7.971085753505607,-0.03322441308892188,-5673.2
2025-08-15 07:00:00,-0.4066650727215042,7.986164860332727,-0.01978421562087629,-5824.8
2025-08-15 08:00:00,-0.5975275378248432,7.952263308657046,-0.02266673785938611,-5489.1
2025-08-15 09:00:00,-0.5408688405813109,7.918992488165245,-0.020167717365571214,-5335.2
2025-08-15 10:00:00,-0.4616204782963478,7.862497197230545,-0.018052101662917153,-5225.2
2025-08-15 11:00:00,-0.4122938005649126,7.549082710812286,-0.01466417365388395,-3756.4
2025-08-15 12:00:00,-0.3928176685051721,7.383989457978509,-0.012189498914691121,-2468.4
2025-08-15 13:00:00,-0.3874380594877098,7.404279118037268,-0.01085421768753303,-2354.9
2025-08-15 14:00:00,-0.4534108589334327,7.469654172932128,-0.009228648042915566,-2321.8
2025-08-15 15:00:00,-0.43700303952470865,7.699389406256737,-0.019332902907975402,-2776.3
2025-08-15 16:00:00,-0.4526205562736063,8.017966703493599,-0.027471779792189288,-4061.9
2025-08-15 17:00:00,-0.4821669607407135,8.28828304520769,-0.03259658635135576,-5272.1
2025-08-15 18:00:00,-0.5068490198848279,8.252446090246952,-0.04122695372702889,-5345.3
2025-08-15 19:00:00,-0.4590783242492611,8.281470857895167,-0.03793736116551738,-5335.3
2025-08-15 20:00:00,-0.37687158411433686,8.304247465078474,-0.034549705983896395,-5170.1
2025-08-15 21:00:00,-0.2738886150385378,8.335671314792847,-0.023854625633568993,-5500.7
2025-08-15 22:00:00,-0.18818838826233453,8.336150816120663,-0.030507403406090816,-5517.8
2025-08-15 23:00:00,-0.14382761210067052,8.355144739461839,-0.026060831555617447,-5408.5
2025-08-16 00:00:00,-0.21492408310956668,8.049107721326406,-0.03150534227263346,-3321.9
2025-08-16 01:00:00,-0.20043003746306454,8.089175678837561,-0.03455301688464907,-3188.6
2025-08-16 02:00:00,-0.2525513356136351,7.9909154630913255,-0.030276757147502664,-2821.3
2025-08-16 03:00:00,-0.2324432334852906,7.998335395952982,-0.02612278731879325,-2863.5
2025-08-16 04:00:00,-0.18253261141064048,8.077136638538454,-0.022849364691135854,-3217.0
2025-08-16 05:00:00,-0.1754840126508177,8.149890544402423,-0.021352423567389422,-3536.1
2025-08-16 06:00:00,-0.1591742591854053,8.204124932574041,-0.015045820831367074,-3780.0
2025-08-16 07:00:00,-0.209514912607359,8.202208436436448,-0.02950768053029673,-3737.5
2025-08-16 08:00:00,-0.3150145100473516,8.232971790593437,-0.027043993678566913,-3850.1
2025-08-16 09:00:00,-0.24240529203622252,8.187855443695623,-0.02904821108784361,-3619.2
2025-08-16 10:00:00,-0.1905458187219664,8.151044945685024,-0.021248519706406732,-3488.6
2025-08-16 11:00:00,-0.07601891541332106,8.192570471152173,-0.021121114218545678,-3682.4
2025-08-16 12:00:00,-0.06454196862563988,8.05356916913454,-0.016966772998304513,-2881.0
2025-08-16 13:00:00,0.0019191027552749595,8.063377822367027,-0.01545025111128151,-2876.6
2025-08-16 14:00:00,0.05300471169719234,8.073714641109857,-0.01607231794782127,-2947.4
2025-08-16 15:00:00,-0.19295274720277078,8.074649075066652,-0.02122272296948502,-2875.2
2025-08-16 16:00:00,-0.26119839943564793,8.136518252115291,-0.02187326711171167,-3056.0
2025-08-16 17:00:00,-0.32535554796235777,8.295049140435111,-0.0216308872613844,-3590.7
2025-08-16 18:00:00,-0.37444642662504446,8.31898612539206,-0.021288835388213023,-3750.1
2025-08-16 19:00:00,-0.3714517848795089,8.323122887587735,-0.0236126674215269,-3776.3
2025-08-16 20:00:00,-0.29622837316104,8.299037181613066,-0.025913644177292916,-3711.3
2025-08-16 21:00:00,-0.21748785308727347,8.292298107063221,-0.02018244841951855,-3665.1
2025-08-16 22:00:00,-0.1652892287885992,8.236420527265391,-0.02060523801537073,-3665.0
2025-08-16 23:00:00,-0.1331843814089173,8.229511118964457,-0.01859535768527909,-3457.2
2025-08-17 00:00:00,-0.20581903334587803,8.124743020385568,-0.00713984936225831,-3326.9
2025-08-17 01:00:00,-0.22463314283160152,8.098338846189057,-0.0011297799508032114,-3233.3
2025-08-17 02:00:00,-0.23836179487232068,8.034631032923107,-0.0007644534144723991,-3023.6
2025-08-17 03:00:00,-0.22899035037834548,7.993282328101591,0.001972310064634719,-2897.2
2025-08-17 04:00:00,-0.23703137794188756,8.029107054619736,0.007095019769722377,-3020.6
2025-08-17 05:00:00,-0.2561321950513151,7.9599745280805365,0.008219238750903024,-2861.7
2025-08-17 06:00:00,-0.29445117079077443,7.860570785538664,0.0032887208578387117,-2604.1
2025-08-17 07:00:00,-0.3586157768737541,7.812782818577581,-0.0034593975017234158,-2459.1
2025-08-17 08:00:00,-0.41805851201464694,7.832014180505469,-0.011299610190745213,-2441.3
2025-08-17 09:00:00,-0.3139314801921218,7.898782356970309,-0.010930573312873726,-2605.9
2025-08-17 10:00:00,-0.21741845998262477,7.962067308753666,-0.007682111654962576,-2868.8
2025-08-17 11:00:00,-0.136190087087952,7.92443418488756,-0.005161120953142806,-2795.3
2025-08-17 12:00:00,-0.10733787763384761,7.853604813097837,-0.008448729139693967,-2612.9
2025-08-17 13:00:00,-0.0652253768112967,7.769378609513984,-0.0023867360211449196,-2402.7
2025-08-17 14:00:00,-0.060214756157638494,7.764296006450518,0.0030907300888216582,-2393.0
2025-08-17 15:00:00,-0.13428163847065466,7.79934339821592,-0.004395749960626638,-2549.1
2025-08-17 16:00:00,-0.24643873493268398,8.103191752285786,-0.011422277217793209,-3779.9
2025-08-17 17:00:00,-0.3402716503782157,8.100161446936607,-0.019272669575551404,-4224.3
2025-08-17 18:00:00,-0.4051362228565716,8.005700678662542,-0.016199555704489832,-4157.8
2025-08-17 19:00:00,-0.38015776427141157,7.953669778649798,-0.01326553569972777,-4464.9
2025-08-17 20:00:00,-0.2871538737333741,7.969703583278656,-0.010355206347794521,-4511.6
2025-08-17 21:00:00,-0.22082779284316523,8.005033344637111,-0.006284639703634021,-4651.7
2025-08-17 22:00:00,-0.15365612031750908,8.016317898503415,-0.004578926601880973,-4550.2
2025-08-17 23:00:00,-0.12327839040363964,7.991592282068092,-0.007169637737002077,-4296.5
2025-08-18 00:00:00,-0.17769545776464524,7.912056888179006,0.006172054103025459,-3999.6
2025-08-18 01:00:00,-0.17219318192169952,7.846198815497425,0.0140435686458531,-4112.6
2025-08-18 02:00:00,-0.17387591994428364,7.75491027202143,0.016595299021623156,-4206.3
2025-08-18 03:00:00,-0.16382289609714373,7.661997558901893,0.013690079665490629,-4424.7
2025-08-18 04:00:00,-0.1390227496742682,7.615298339825815,0.011436785674401762,-4501.9
2025-08-18 05:00:00,-0.20949083599802965,7.5595594960077,0.005993480087711944,-4638.6
2025-08-18 06:00:00,-0.2917740737055703,7.445417556701687,0.0006721722086000526,-4628.8
2025-08-18 07:00:00,-0.14958905373034925,7.319202458767849,0.007735086856819784,-4786.0
2025-08-18 08:00:00,0.7891064964818382,7.2485040723706105,0.009843421528987761,-4810.8
2025-08-18 09:00:00,-0.05731438628383678,7.346655163176539,0.01076037158391241,-4858.5
2025-08-18 10:00:00,-0.3723106870210602,7.455298485683291,0.013289617190432423,-4752.3
2025-08-18 11:00:00,-0.3402325778962636,7.566828479208331,0.011854761547830606,-4830.1
2025-08-18 12:00:00,-0.31603984988760336,7.673223121121708,0.010097865551363938,-4217.9
2025-08-18 13:00:00,-0.3012459242825063,7.789040401657477,0.009541150202702298,-4244.6
2025-08-18 14:00:00,-0.35419658814196975,7.885329239273191,0.008920841308802885,-4231.8
2025-08-18 15:00:00,-0.37865837296376004,7.957877358489813,0.010532971491764798,-4382.9
2025-08-18 16:00:00,-0.44242382932728574,8.029107054619736,0.007517615074448258,-4600.9
2025-08-18 17:00:00,-0.5093898741590581,8.121777419161074,0.0057878550467593826,-4677.8
2025-08-18 18:00:00,-0.5335396617272492,8.130059039992796,0.0046879549336207305,-4525.0
2025-08-18 19:00:00,-0.5262507270803067,8.146998697389993,-0.0027460068906393076,-4886.1
2025-08-18 20:00:00,-0.46869706309461323,8.17948018535889,-0.006819385972724135,-5135.9
2025-08-18 21:00:00,-0.4069958191513967,8.152198015861787,0.0016366984199107648,-4153.3
2025-08-18 22:00:00,-0.3410131407908876,8.043020885298283,-0.003112284314629399,-3418.7
2025-08-18 23:00:00,-0.2948960866956072,8.00469951054955,-0.006769500513435389,-3246.0
2025-08-19 00:00:00,-0.3335300880025427,7.83241092718792,-0.0026647351232655936,-2892.0
2025-08-19 01:00:00,-0.32404159640717056,7.831617276352611,0.0060441614799300325,-2645.3
2025-08-19 02:00:00,-0.3396532797941205,7.847371836159788,0.0018072387757834818,-2645.5
2025-08-19 03:00:00,-0.33403405190792057,7.851271997109883,0.005866462962052843,-2654.8
2025-08-19 04:00:00,-0.355622079385185,7.909489492673759,0.009303933144167331,-2809.5
2025-08-19 05:00:00,-0.34311207286091294,7.977968093128549,0.0026795133808441562,-3275.8
2025-08-19 06:00:00,-0.37333910840916174,8.003697339094368,0.003483570938311864,-3328.0
2025-08-19 07:00:00,-0.43920132949229185,8.333991247194975,0.01285780075450571,-4881.0
2025-08-19 08:00:00,-0.5599622011405088,8.387312270561717,0.010111480541222129,-5079.1
2025-08-19 09:00:00,-0.49305125676338424,8.385716828627851,0.011969034516406296,-5137.0
2025-08-19 10:00:00,-0.42844650065875367,8.32263709695394,0.009738517354183074,-4881.5
2025-08-19 11:00:00,-0.35444073128711384,8.237214703349489,0.008127694982062117,-4650.6
2025-08-19 12:00:00,-0.283581257976087,8.283999304248526,0.010293469117802267,-4540.2
2025-08-19 13:00:00,-0.26007223240235655,8.27715777243181,0.008923152044907567,-4658.5
2025-08-19 14:00:00,-0.3163990985522589,8.27715777243181,0.0074759422350538784,-4592.1
2025-08-19 15:00:00,-0.3509466501861178,8.336150816120663,0.010871194538044193,-4708.8
2025-08-19 16:00:00,-0.4129312723774148,8.333991247194975,0.017746930974493758,-5012.5
2025-08-19 17:00:00,-0.41449162000861106,8.36474106822456,0.015905641452777175,-5614.8
2025-08-19 18:00:00,-0.48455943826185965,8.353968130313271,0.021451548807485565,-5919.2
2025-08-19 19:00:00,-0.456424940278676,8.352082671352637,0.018525455200290253,-6409.6
2025-08-19 20:00:00,-0.4099356693320835,8.36287583103188,0.02282955540846565,-6366.0
2025-08-19 21:00:00,-0.372683425710866,8.375860015299594,0.027184901497736114,-6027.4
2025-08-19 22:00:00,-0.29696332158486394,8.388450315523512,0.020169973392604845,-5739.9
2025-08-19 23:00:00,-0.2552194718627865,8.288534459413917,0.02296410554541861,-5165.2
2025-08-20 00:00:00,-0.29171007839831997,8.109826276018477,0.01854212343348305,-4772.6
2025-08-20 01:00:00,-0.24833889408714116,8.023879992734878,0.02767255708944738,-4505.7
2025-08-20 02:00:00,-0.23513753320407105,7.9748769005588755,0.028360290135956312,-4338.0
2025-08-20 03:00:00,-0.2044875839441369,7.970049304976135,0.03232697441672272,-4366.9
2025-08-20 04:00:00,-0.20874172794834012,8.001355025826703,0.035109475265069356,-4507.0
2025-08-20 05:00:00,-0.24569970193160362,8.149890544402423,0.030196826298904078,-4949.0
2025-08-20 06:00:00,-0.26205748406431084,8.127109185346375,0.03613653733132072,-5487.2
2025-08-20 07:00:00,-0.11659649356131041,8.039157390473237,0.037309556789391074,-5434.1
2025-08-20 08:00:00,-0.16869412401456563,7.926602599181384,0.031964094089259376,-5237.1
2025-08-20 09:00:00,-0.13377669057986408,7.8528278122817445,0.036003510519673654,-5143.8
2025-08-20 10:00:00,-0.2057640991196541,7.776954403322442,0.03070214627640322,-4895.3
2025-08-20 11:00:00,-0.02654623452829652,7.6953031349635665,0.02749470524047215,-4749.4
2025-08-20 12:00:00,0.06016003766933098,7.639161171659173,0.030206141829970612,-4721.6
2025-08-20 13:00:00,0.03736915103814464,7.607381425639791,0.034134970289945166,-4594.0
2025-08-20 14:00:00,-0.009453232141285905,7.580699752224563,0.03250812971807271,-4594.8
2025-08-20 15:00:00,0.43710253528206344,7.549082710812286,0.03250081593816745,-4681.3
2025-08-20 16:00:00,0.8117760985738673,7.52131798019924,0.042078920669589515,-4936.2
2025-08-20 17:00:00,0.5666699559441124,7.496652438168283,0.04130047078191712,-4951.8
2025-08-20 18:00:00,0.3758031453357633,7.434847875211999,0.04584128546465127,-4747.0
2025-08-20 19:00:00,0.3844505393734865,7.4073177104694174,0.042893201755275,-4740.7
2025-08-20 20:00:00,0.41173378138240757,7.478734825567875,0.04506790174300779,-4886.4
2025-08-20 21:00:00,0.4180477174895909,7.599901959208498,0.05070952228759129,-5041.8
2025-08-20 22:00:00,0.3587985891836034,7.68662133494462,0.038423694662775176,-5179.7
2025-08-20 23:00:00,0.033936235059013775,7.724446645633537,0.03181114746926017,-5113.4
2025-08-21 00:00:00,0.056545262845540734,7.706612913964197,0.03546608310808175,-4823.8
2025-08-21 01:00:00,-0.022758616286439715,7.697575346802343,0.04114437044399377,-4789.6
2025-08-21 02:00:00,-0.017378435875188725,7.69484807238461,0.04240107798934112,-4810.3
2025-08-21 03:00:00,0.010129514202491752,7.691656822810547,0.0439733909042932,-4850.9
2025-08-21 04:00:00,-0.026195409479917497,7.691200097522863,0.04764175356166955,-4911.9
2025-08-21 05:00:00,0.08959920486943185,7.684324067681155,0.0480916443685766,-4954.0
2025-08-21 06:00:00,0.333104556981227,7.616283561580385,0.0480582503188991,-5197.4
2025-08-21 07:00:00,0.49083292708315174,7.473637108496206,0.051214890487194076,-4809.7
2025-08-21 08:00:00,0.5314914319334711,7.347943823148687,0.04641911408285182,-4694.3
2025-08-21 09:00:00,0.27433224315065097,7.31455283232408,0.043415822289905925,-4760.7
2025-08-21 10:00:00,0.23513033073701184,7.288927694521257,0.04147438583211649,-4812.5
2025-08-21 11:00:00,0.3955418109603501,7.294377299288821,0.040614709651681125,-4897.9
2025-08-21 12:00:00,0.5537692167446471,7.332369205929062,0.03869245013878775,-4967.5
2025-08-21 13:00:00,0.7148993319625898,7.359467638255621,0.0366739610438378,-4987.7
2025-08-21 14:00:00,0.4380551968978228,7.367708572374371,0.03608237324404673,-4967.1
2025-08-21 15:00:00,0.19891795631555365,7.396948602621014,0.04070916723048246,-5008.0
2025-08-21 16:00:00,0.18141209983367057,7.388946097618437,0.04508274312078431,-5128.5
2025-08-21 17:00:00,0.30434662269251866,7.442492722794441,0.04572435140826059,-5085.7
2025-08-21 18:00:00,0.4314209438300187,7.440733707389261,0.04389749247080044,-5218.4
2025-08-21 19:00:00,0.43782223741150705,7.424165281042028,0.051622818374385204,-5188.4
2025-08-21 20:00:00,0.42342903703123014,7.4073177104694174,0.0562729539571194,-5178.7
2025-08-21 21:00:00,0.5461163274441043,7.417580402414544,0.05839801999758443,-5242.6
2025-08-21 22:00:00,0.4483679633478692,7.425357887027151,0.04270270437623935,-5188.8
2025-08-21 23:00:00,0.48184844665466553,7.382746449738912,0.036908419518431046,-5073.3
2025-08-22 00:00:00,0.8703504982368977,7.362645270417825,0.05361020290149909,-5086.7
2025-08-22 01:00:00,0.8262078811694566,7.285506548522785,0.05638819368879755,-4995.6
2025-08-22 02:00:00,1.0104790355818967,7.2196420401307355,0.06275429364235041,-4917.4
2025-08-22 03:00:00,1.0127120282277886,7.158513997329321,0.06274309111053711,-4904.1
2025-08-22 04:00:00,0.9996771417652317,7.085901464365611,0.060355824438147465,-4849.5
2025-08-22 05:00:00,1.0196811000615416,7.005789019253503,0.06310636333025954,-4742.7
2025-08-22 06:00:00,1.0724560459977708,6.853299093186078,0.06567033804725586,-4672.3
2025-08-22 07:00:00,1.0521073246687402,6.634633357861686,0.05601429676595426,-4467.5
2025-08-22 08:00:00,0.8560744381576733,6.410174881966167,0.05099358667505971,-4287.1
2025-08-22 09:00:00,0.8137740779905327,6.320768294250582,0.044954745394432116,-4230.9
2025-08-22 10:00:00,0.7621154869116813,6.184148890937483,0.043860871794002776,-4070.3
2025-08-22 11:00:00,0.46031556007108954,6.091309882077698,0.03838087293337544,-3956.1
2025-08-22 12:00:00,0.32569012734199543,6.016157159698354,0.033469264406178034,-3729.5
2025-08-22 13:00:00,0.27564496467995303,5.993961427306569,0.026744195869474297,-3674.5
2025-08-22 14:00:00,-0.046362219219624023,6.045005314036012,0.023664893081262406,-3571.4
2025-08-22 15:00:00,0.10984034618870675,6.186208623900494,0.02382100094725903,-3794.5
2025-08-22 16:00:00,0.47524241876963824,6.3473892096560105,0.01695176806466936,-4141.7
2025-08-22 17:00:00,0.7702507634909113,6.551080335043404,0.027496584972366733,-4495.5
2025-08-22 18:00:00,0.8797042856066275,6.621405651764134,0.036962278149768935,-4564.9
2025-08-22 19:00:00,0.5696271402703061,6.795705775173514,0.027462009806928478,-4626.0
2025-08-22 20:00:00,0.4882177018223892,7.136483208590247,0.03654621569983352,-4888.6
2025-08-22 21:00:00,0.5524441168836214,7.438971592395862,0.037703267365865045,-5305.0
2025-08-22 22:00:00,0.32843555367465926,7.645875825184813,0.029033990284926148,-5547.3
2025-08-22 23:00:00,0.1827192335000296,7.795646536334594,0.02771190395827894,-5708.2
2025-08-23 00:00:00,0.035178370716840934,7.950854857719988,0.05007123873103936,-5397.4
2025-08-23 01:00:00,-0.023489326753335593,8.052614818815567,0.05473367394211692,-5474.3
2025-08-23 02:00:00,-0.03664756292828697,8.115819701211327,0.06468505128942503,-5479.2
2025-08-23 03:00:00,-0.03973436352114801,8.15708378502887,0.060251281638303844,-5566.5
2025-08-23 04:00:00,-0.04463716596716161,8.18060094759445,0.06798903572179515,-5600.9
2025-08-23 05:00:00,0.0016252067251891766,8.200837258379849,0.07297371173495115,-5780.2
2025-08-23 06:00:00,0.003326774661906562,8.16194579946869,0.06250116599599131,-5838.8
2025-08-23 07:00:00,0.017357310745162557,8.064007347096661,0.052285599349617407,-5819.9
2025-08-23 08:00:00,0.01204926120122174,7.9976631270201,0.050704759195810745,-5811.3
2025-08-23 09:00:00,-0.0013202086250609923,8.027802848370312,0.044910213447145075,-5687.3
2025-08-23 10:00:00,0.11111871057142197,8.08886878916199,0.042987606025270075,-5827.9
2025-08-23 11:00:00,-0.0257991584342947,8.11312710422178,0.04380633542590484,-4628.8
2025-08-23 12:00:00,0.03445404246861239,7.97728198675515,0.03914798097999572,-3861.5
2025-08-23 13:00:00,0.08889755414030542,7.891704659330107,0.03500353014455104,-3423.6
2025-08-23 14:00:00,0.1442166724428029,7.904703913873747,0.036029938374706916,-3501.3
2025-08-23 15:00:00,-0.05726343319157401,8.235625719964311,0.036754643826443,-4748.3
2025-08-23 16:00:00,0.008876924879435144,8.31996102188653,0.04102371406590155,-6180.4
2025-08-23 17:00:00,-0.07278063186340011,8.3670677328386,0.04636915955806753,-6494.2
2025-08-23 18:00:00,-0.1832516971506033,8.414717399827001,0.04689725912879883,-6682.6
2025-08-23 19:00:00,-0.2736806233266771,8.459775920546287,0.04996427573036133,-6632.6
2025-08-23 20:00:00,-0.19144006265436753,8.483843211734683,0.04795200359983465,-6693.0
2025-08-23 21:00:00,-0.13998307781047536,8.50045386741194,0.0419246939529323,-6544.1
2025-08-23 22:00:00,-0.08438070810450427,8.506334448081361,0.036051855026619783,-6214.9
2025-08-23 23:00:00,-0.07417650511327212,8.42726848388825,0.0367821117836753,-5699.6
2025-08-24 00:00:00,-0.1285367115543674,8.278174290943738,0.060778750816729676,-5100.0
2025-08-24 01:00:00,-0.11865170197530972,8.269244521183056,0.06512915171968103,-5051.6
2025-08-24 02:00:00,-0.11850941340319432,8.226305988015508,0.05893303648415671,-4830.9
2025-08-24 03:00:00,-0.10483184519676891,8.21716859576607,0.058253145963224284,-4864.6
2025-08-24 04:00:00,-0.11026079850240933,8.250358951477294,0.06199354564223292,-5034.1
2025-08-24 05:00:00,-0.11972567032179171,8.242756345714477,0.07209415840419897,-5121.1
2025-08-24 06:00:00,-0.12739708612760836,8.23031079913502,0.07082799443464793,-5056.4
2025-08-24 07:00:00,-0.1873169033820674,8.156797046675651,0.05053098639481579,-4585.5
2025-08-24 08:00:00,-0.2557431034293485,8.133000218583613,0.05163162423595402,-4806.0
2025-08-24 09:00:00,-0.17549945156859703,8.19891444498699,0.053607947824697355,-4983.5
2025-08-24 10:00:00,-0.20658330821077575,7.905441649060286,0.05889709360264117,-3180.0
2025-08-24 11:00:00,-0.18377280207896662,7.816416983691801,0.051997292886805546,-2762.2
2025-08-24 12:00:00,-0.11630654761660786,7.801800401908973,0.04315810493932393,-2609.5
2025-08-24 13:00:00,-0.0652253768112967,7.798112628829788,0.04254934669476551,-2564.9
2025-08-24 14:00:00,-0.10056605168120614,7.803026643632217,0.04605676597226438,-2575.0
2025-08-24 15:00:00,-0.20093574843460127,7.87777633327726,0.04247191038487674,-2740.3
2025-08-24 16:00:00,-0.29563466092549584,8.09346227450118,0.05192343471300287,-3946.3
2025-08-24 17:00:00,-0.3888642056150813,8.233503140233994,0.05320405911324766,-5293.8
2025-08-24 18:00:00,-0.45102821611322685,8.259716961021523,0.05314786285229811,-5592.3
2025-08-24 19:00:00,-0.4412888331698879,8.349011198176003,0.05489200567336372,-5819.7
2025-08-24 20:00:00,-0.3476366443919643,8.344980368770571,0.05426511772654763,-5808.5
2025-08-24 21:00:00,-0.272534509685443,8.292298107063221,0.049481169374294254,-5700.5
2025-08-24 22:00:00,-0.20023895988834228,8.275885669474356,0.048958661691658634,-5488.7
2025-08-24 23:00:00,-0.16358867434728896,8.275376374836407,0.04426253589526841,-5482.1
2025-08-25 00:00:00,-0.1887973379804908,8.327242607457793,0.056078459699436145,-5636.8
2025-08-25 01:00:00,-0.18022804269097836,8.312135107648412,0.06197381359469656,-5673.0
2025-08-25 02:00:00,-0.19027796129050278,8.293049139768444,0.067561742613651,-5606.4
2025-08-25 03:00:00,-0.1928782043099222,8.271036865792954,0.06334567011135217,-5481.2
2025-08-25 04:00:00,-0.21490875987877267,8.2482674474469,0.0673014336671951,-5306.3
2025-08-25 05:00:00,-0.28899004429873987,8.215817791832453,0.0685573124945682,-5300.0
2025-08-25 06:00:00,-0.3641510431767623,7.984462732262196,0.07362117185476791,-4578.7
2025-08-25 07:00:00,-0.4743217989652284,7.900636613018005,0.05884109779031643,-4305.0
2025-08-25 08:00:00,-0.570892457088302,7.8567067930958405,0.05260528086706895,-4642.0
2025-08-25 09:00:00,-0.336584891831333,7.789868559054706,0.04921527241660151,-4941.8
2025-08-25 10:00:00,-0.07520347410969608,7.700747794511798,0.05285781398652212,-4846.3
2025-08-25 11:00:00,0.08602812840155272,7.644919344958857,0.049841524624282485,-4798.6
2025-08-25 12:00:00,-0.1692421443656036,7.598399329323964,0.05316672273718748,-4600.8
2025-08-25 13:00:00,-0.26963175488408453,7.547501682814967,0.05650944557165083,-4223.7
2025-08-25 14:00:00,-0.28868360003324467,7.585788821732034,0.056736303349762096,-4328.6
2025-08-25 15:00:00,-0.11456012193369203,7.605890001053122,0.055735002050632865,-4775.8
2025-08-25 16:00:00,0.06607814194090356,7.631916513071252,0.053730458229580336,-4869.3
2025-08-25 17:00:00,0.40690085771509654,7.59337419312129,0.04816960812070903,-4976.7
2025-08-25 18:00:00,0.5876125271427819,7.507690077819904,0.053185935025005904,-5000.2
2025-08-25 19:00:00,0.6446693246849353,7.504391559161238,0.05145148207994499,-5034.0
2025-08-25 20:00:00,-0.01147396115149446,7.610357618312838,0.04947384119250131,-5031.8
2025-08-25 21:00:00,-0.23067128182981644,7.749322464660356,0.05173880743730752,-5012.3
2025-08-25 22:00:00,-0.23590132390683705,7.83241092718792,0.04915015891311292,-5046.6
2025-08-25 23:00:00,-0.19824990134853993,7.8674885686991285,0.047049260322886255,-4918.5
2025-08-26 00:00:00,-0.15194899773631176,7.857093864902493,0.04160251992836361,-4588.2
2025-08-26 01:00:00,-0.11757773429161622,7.8434564043761155,0.04695254535706983,-4550.3
2025-08-26 02:00:00,-0.09591579335414568,7.83241092718792,0.04806237128880486,-4435.3
2025-08-26 03:00:00,-0.07820086311368835,7.823245690685523,0.0492125025143908,-4451.5
2025-08-26 04:00:00,0.007013326524013319,7.80994708647679,0.053127199685262916,-4408.7
2025-08-26 05:00:00,0.03931844660001005,7.784057002639929,0.05150371488923966,-4430.8
2025-08-26 06:00:00,-0.14443185237820177,7.631431664576906,0.05370605810267737,-4175.9
2025-08-26 07:00:00,-0.0958797510255045,7.404887575616125,0.05219721531453825,-3977.5
2025-08-26 08:00:00,0.5464038321892666,7.042286171939743,0.04814339622113373,-3885.4
2025-08-26 09:00:00,0.7321524735153311,6.80128303447162,0.05450350277313465,-3717.2
2025-08-26 10:00:00,0.7744552883460232,6.684611727667927,0.0495891664848056,-3775.8
2025-08-26 11:00:00,0.7203692436181388,6.582025138892826,0.05284453376385834,-3682.7
2025-08-26 12:00:00,0.7195255641889728,6.403574197934815,0.049349198827976615,-3513.6
2025-08-26 13:00:00,0.5895366308572685,6.131226489483141,0.04895275349676087,-3327.3
2025-08-26 14:00:00,0.8745324554623286,5.82600010738045,0.053173810886134376,-3383.3
2025-08-26 15:00:00,0.9627622020220121,5.521460917862246,0.05384301011684034,-3318.8
2025-08-26 16:00:00,0.9669538915625742,5.209486152841421,0.05250177702754222,-3408.9
2025-08-26 17:00:00,0.818935992722774,4.9344739331306915,0.0521221254691806,-3389.5
2025-08-26 18:00:00,1.1294406163703643,4.770684624465665,0.056542868618755904,-3493.5
2025-08-26 19:00:00,1.4589891703950766,4.859812404361672,0.05541244500735143,-3566.8
2025-08-26 20:00:00,1.4561504221640584,5.062595033026967,0.05437040261926995,-3597.7
2025-08-26 21:00:00,1.2414501072685642,5.181783550292085,0.05248745616252215,-3593.9
2025-08-26 22:00:00,1.192867588443164,5.420534999272286,0.04950124924471844,-3708.8
2025-08-26 23:00:00,1.17204896346741,5.5909869805108565,0.05140816923693858,-3689.6
2025-08-27 00:00:00,1.0210431504507635,5.7745515455444085,0.056564354520411975,-3231.9
2025-08-27 01:00:00,0.9860899296206531,6.045005314036012,0.06227808626692255,-3053.0
2025-08-27 02:00:00,0.8054750510347821,6.248042874508429,0.06119593302356208,-3068.0
2025-08-27 03:00:00,0.7581942975853515,6.349138991379798,0.06228393415540978,-3082.4
2025-08-27 04:00:00,0.8075119853933783,6.386879319362645,0.0669681253109502,-3061.4
2025-08-27 05:00:00,1.0867178742081265,6.395261598115449,0.06708625498461718,-3364.2
2025-08-27 06:00:00,1.1772126930333444,6.376726947898627,0.07317780901166948,-3529.2
2025-08-27 07:00:00,1.1145913563165317,6.297109319933935,0.063020988081262,-3596.7
2025-08-27 08:00:00,0.9844737267954464,6.0473721790462776,0.056090006819217386,-3492.7
2025-08-27 09:00:00,0.9719759068155174,5.765191102784844,0.058804849112918056,-3420.8
2025-08-27 10:00:00,0.9543526440915082,5.662960480135946,0.05603487061722401,-3341.3
2025-08-27 11:00:00,1.0056177132878563,5.746203190540153,0.0553318595276151,-3271.4
2025-08-27 12:00:00,0.8990211683726104,5.863631175598097,0.05466307211899224,-3088.9
2025-08-27 13:00:00,0.9789882254737057,5.877735781779639,0.05694508289876676,-3116.9
2025-08-27 14:00:00,1.0253046919298976,5.82600010738045,0.06084888691961243,-3194.2
2025-08-27 15:00:00,0.9543467886916233,5.860786223465865,0.06121092182059851,-3307.2
2025-08-27 16:00:00,0.9315329302833444,5.942799375126701,0.06399273805322991,-3523.4
2025-08-27 17:00:00,0.9941401149036571,5.958424693029782,0.06305963563187245,-3612.2
2025-08-27 18:00:00,1.1344938456632656,6.144185634125646,0.06823467848540776,-3835.1
2025-08-27 19:00:00,1.2442589882869806,6.480044561926653,0.06527340557521022,-3985.0
2025-08-27 20:00:00,1.140217306869923,6.745236349484363,0.062182512461293804,-4220.1
2025-08-27 21:00:00,1.1848809152129318,6.836259277277067,0.05669756413221361,-4304.8
2025-08-27 22:00:00,0.9232965719798951,6.792344427470809,0.04711940163032935,-4255.5
2025-08-27 23:00:00,0.7580895778467944,6.6895992691789665,0.04666450417424706,-4072.8
2025-08-28 00:00:00,1.1399279904813402,6.687108607866515,0.04020703340361198,-3880.0
2025-08-28 01:00:00,1.0986548026741065,6.525029657843462,0.045288022781648785,-3711.7
2025-08-28 02:00:00,1.076215471439217,6.349138991379798,0.04449385866247191,-3558.8
2025-08-28 03:00:00,1.0767219916358304,6.182084906716632,0.04467001231874068,-3472.4
2025-08-28 04:00:00,1.0688926464656623,6.023447592961033,0.0483335557338469,-3377.2
2025-08-28 05:00:00,1.0733082887273468,5.8805329864007,0.0514872333697145,-3480.2
2025-08-28 06:00:00,1.1118439770620592,5.768320995793772,0.06015645582447959,-3711.8
2025-08-28 07:00:00,1.24868978306111,5.572154032177765,0.06367426257987585,-3661.9
2025-08-28 08:00:00,1.1061867665227139,5.170483995038151,0.05634040935291029,-3485.1
2025-08-28 09:00:00,1.07034791514032,4.700480365792417,0.05911838395388713,-3510.6
2025-08-28 10:00:00,1.0426481938400247,4.653960350157523,0.057868195607793105,-3477.1
2025-08-28 11:00:00,1.0891390027781709,4.90527477843843,0.05765890715362065,-3499.4
2025-08-28 12:00:00,1.147736077214959,5.1647859739235145,0.05294447284598913,-3514.2
2025-08-28 13:00:00,1.175858143050272,5.332718793265369,0.052252466631526495,-3577.9
2025-08-28 14:00:00,1.139962487630962,5.37989735354046,0.05711048359929993,-3578.0
2025-08-28 15:00:00,1.1145337234012151,5.402677381872279,0.0574259744249872,-3621.4
2025-08-28 16:00:00,1.0301658000121394,5.4638318050256105,0.05631549498375232,-3624.7
2025-08-28 17:00:00,1.1860146306653991,5.638354669333745,0.05334678643801549,-3722.4
2025-08-28 18:00:00,1.3531466150777973,5.983936280687191,0.0515378470047656,-3749.9
2025-08-28 19:00:00,1.3904806134565364,6.516193076042964,0.05279859746339799,-4058.0
2025-08-28 20:00:00,1.26861157068641,6.914730892718563,0.05333609428380903,-4336.6
2025-08-28 21:00:00,1.2062784792094323,7.060476365999801,0.04404370654590117,-4234.4
2025-08-28 22:00:00,1.1399231204453306,7.033506484287697,0.033371376947354925,-4096.7
2025-08-28 23:00:00,0.997068323775304,6.932447891572509,0.031081274509237033,-4042.3
2025-08-29 00:00:00,0.9233739209241523,6.79794041297493,0.04358673107572297,-3824.6
2025-08-29 01:00:00,1.0598869012039165,6.579251212010101,0.04750532011122033,-3725.6
2025-08-29 02:00:00,1.0452013972894205,6.401917196727186,0.04553030600846153,-3609.5
2025-08-29 03:00:00,0.8460452908262805,6.324358962381311,0.04137033685766234,-3721.8
2025-08-29 04:00:00,0.9562029972030288,6.311734809152915,0.04038958457615838,-3744.7
2025-08-29 05:00:00,1.0798099879337348,6.306275286948016,0.04284908724243408,-3865.9
2025-08-29 06:00:00,1.182010350644485,6.313548046277095,0.050489780870239365,-4092.4
2025-08-29 07:00:00,1.1003799505243244,6.259581464064923,0.04587403689818448,-4012.8
2025-08-29 08:00:00,0.9341194777725121,6.113682179832232,0.04104907652672107,-3892.2
2025-08-29 09:00:00,0.939364271556526,6.194405391104672,0.038512556203632364,-3921.5
2025-08-29 10:00:00,0.8779781357059022,6.452048954437226,0.03558659290853239,-4083.7
2025-08-29 11:00:00,1.0111847204560425,6.728628613084702,0.028234560881897686,-4051.7
2025-08-29 12:00:00,1.0665580997616537,6.8501261661455,0.03226226365614249,-3680.1
2025-08-29 13:00:00,0.9143757706628364,6.921658184151129,0.031039998732183882,-3803.1
2025-08-29 14:00:00,0.938611912912803,6.964135612418245,0.02863076300050693,-3884.7
2025-08-29 15:00:00,1.0145058670242122,6.967909201801884,0.02506246603532336,-4118.0
2025-08-29 16:00:00,0.9118801975739146,6.9440872082295275,0.02313990662337151,-4284.0
2025-08-29 17:00:00,0.5492261180376081,6.934397209928558,0.025672321772619355,-4383.7
2025-08-29 18:00:00,0.5108857283876356,6.93828448401696,0.029109625293973984,-4295.5
2025-08-29 19:00:00,0.31901854039653266,7.057897937411856,0.025000470102481742,-4210.2
2025-08-29 20:00:00,0.3673070764580544,7.182352111885263,0.02607491583253818,-4248.2
2025-08-29 21:00:00,0.34294047117765736,7.2485040723706105,0.020769654836425566,-4293.8
2025-08-29 22:00:00,0.17304520426715486,7.2399325913204695,0.014803478472225073,-4153.9
2025-08-29 23:00:00,0.13208858574728888,7.190676034332207,0.010331787328361486,-3940.0
2025-08-30 00:00:00,0.4587765114151492,6.651571873589727,0.008340566274566363,-3897.1
2025-08-30 01:00:00,0.37855909842241386,6.525029657843462,0.00781675415436478,-3807.9
2025-08-30 02:00:00,0.3291836731227882,6.448889394146858,0.013208354792236143,-3602.9
2025-08-30 03:00:00,0.3078410974318251,6.434546518787453,0.00844113413628289,-3472.1
2025-08-30 04:00:00,0.22092395974309742,6.4425401664681985,0.015515626136067162,-3260.9
2025-08-30 05:00:00,0.20030974865660145,6.505784060128229,0.026922409490406807,-3226.2
2025-08-30 06:00:00,0.14254624905914248,6.595780513961311,0.02411692298767587,-3194.5
2025-08-30 07:00:00,0.27864191134591865,6.543911845564792,0.028303634663132016,-3513.1
2025-08-30 08:00:00,0.6482495466263041,6.415096959171596,0.03282940736884754,-3720.9
2025-08-30 09:00:00,0.9305971539265858,6.369900982828227,0.035141330810450455,-3748.8
2025-08-30 10:00:00,0.6273048403389359,6.408528791059498,0.03974190372769826,-3730.9
2025-08-30 11:00:00,0.17783559996120646,6.418364935936212,0.04121061690162353,-2987.7
2025-08-30 12:00:00,0.2287337147073818,6.401917196727186,0.044393894649765286,-2594.7
2025-08-30 13:00:00,0.27897598215380537,6.361302477572996,0.042290743578234924,-2452.8
2025-08-30 14:00:00,0.4497499865123613,6.318968113746434,0.038698385588539885,-2615.1
2025-08-30 15:00:00,0.4652223410918168,6.295266001439646,0.03741711486756394,-3207.1
2025-08-30 16:00:00,0.4615832891874758,6.272877006546167,0.04037499526274235,-3618.4
2025-08-30 17:00:00,0.9465311493680106,6.261491684321042,0.03811776396350108,-3894.5
2025-08-30 18:00:00,1.0880164255597675,6.326149473155099,0.0323538475611036,-3866.8
2025-08-30 19:00:00,1.0455710056841738,6.556778356158042,0.030312296219944024,-3996.9
2025-08-30 20:00:00,0.45254663404942264,6.77078942390898,0.026295106222112175,-4094.2
2025-08-30 21:00:00,0.2908992698648456,6.92461239604856,0.016623311859131462,-4038.5
2025-08-30 22:00:00,0.289893893163244,6.931471805599453,0.013504480749845449,-3944.6
2025-08-30 23:00:00,0.3012717508639371,6.849066282633458,0.016373240152468327,-3843.2
2025-08-31 00:00:00,0.32687068563464905,6.705639094860003,0.022433167621395356,-3585.2
2025-08-31 01:00:00,0.3836882998504021,6.517671272912275,0.027496027853574745,-3587.3
2025-08-31 02:00:00,0.38730720486349046,6.352629396319567,0.025153324589314074,-3542.9
2025-08-31 03:00:00,0.3829390245169835,6.2285110035911835,0.030873914137283798,-3497.2
2025-08-31 04:00:00,0.43225023596101764,6.137727054086234,0.03382266867553696,-3528.1
2025-08-31 05:00:00,0.38086059953891116,6.049733455231958,0.04396392275753769,-3520.3
2025-08-31 06:00:00,0.47987207608310234,5.910796644040527,0.03944168061397679,-3551.9
2025-08-31 07:00:00,0.7401361473457939,5.58724865840025,0.033090711773206216,-3594.2
2025-08-31 08:00:00,0.27203149710274843,5.293304824724492,0.03813614276106936,-3206.9
2025-08-31 09:00:00,0.12420819098825131,5.087596335232384,0.04302583849416042,-2616.0
2025-08-31 10:00:00,-0.032408309328523455,5.19295685089021,0.04579932941257692,-2182.7
2025-08-31 11:00:00,0.05844689629605693,5.5053315359323625,0.04478178109609754,-2199.1
2025-08-31 12:00:00,0.059268185038879206,5.883322388488279,0.041833601434433376,-2314.8
2025-08-31 13:00:00,0.14892261159433495,6.09807428216624,0.04055001247328338,-2436.5
2025-08-31 14:00:00,0.24566235988537155,6.29156913955832,0.044052087719886224,-2632.2
2025-08-31 15:00:00,0.14598830567772136,6.416732282512326,0.043135260326282676,-2855.2
2025-08-31 16:00:00,0.3004429805648505,6.476972362889683,0.044865336756433116,-3727.3
2025-08-31 17:00:00,0.4385272876553197,6.536691597591305,0.04568522669922093,-4272.9
2025-08-31 18:00:00,0.2462540495945209,6.668228248417403,0.040663306190053206,-4208.9
2025-08-31 19:00:00,-0.06648774226057386,6.9930151229329605,0.03310465148845676,-4218.5
2025-08-31 20:00:00,-0.059610160020126646,7.340835554123275,0.027530544452148753,-4234.5
2025-08-31 21:00:00,-0.16236133434320132,7.5595594960077,0.01845620556116856,-4265.0
2025-08-31 22:00:00,-0.18378896591838867,7.652545692693921,0.0192790638520135,-4185.7
2025-08-31 23:00:00,-0.13563866134369373,7.685243607975833,0.018200252224331415,-4079.4
2025-09-01 00:00:00,-0.02054762089788742,7.581719640125308,-0.022460669524797083,-3872.5
2025-09-01 01:00:00,-0.02355801449669448,7.528331766707247,-0.019669942442534172,-3807.8
2025-09-01 02:00:00,-0.040054853291195514,7.4815557019095165,-0.02487209097131693,-3756.0
2025-09-01 03:00:00,-0.05267068298084299,7.4360278163518485,-0.029539945724367023,-3783.5
2025-09-01 04:00:00,-0.0430594741584871,7.38770923908104,-0.032069747670271376,-3745.6
2025-09-01 05:00:00,-0.09376938513577304,7.336936913707618,-0.04113083621549318,-3583.0
2025-09-01 06:00:00,-0.13874743847678106,7.256297239690681,-0.04405097881388542,-3823.4
2025-09-01 07:00:00,-0.17318381198040944,7.1853870155804165,-0.03309085434614012,-4224.3
2025-09-01 08:00:00,-0.1256165199750514,6.97166860472579,-0.0312529317036061,-4305.6
2025-09-01 09:00:00,0.022697936932999596,6.704414354964107,-0.023201596301480443,-4252.2
2025-09-01 10:00:00,0.2744315438171574,6.679599185844383,-0.023816335471165573,-4208.8
2025-09-01 11:00:00,-0.05597999343652971,6.863803391452954,-0.024609370224475846,-4300.7
2025-09-01 12:00:00,0.2660515424524412,7.0909098220799835,-0.014276978931047957,-4600.6
2025-09-01 13:00:00,0.09015812214492058,7.261927092702751,-0.006052068405117517,-4724.0
2025-09-01 14:00:00,-0.0003512563227521248,7.338238150065589,-0.007971965749518084,-4750.1
2025-09-01 15:00:00,-0.15062490059217737,7.340186835320115,-0.007766747859259127,-4478.9
2025-09-01 16:00:00,-0.2627580155678908,7.334981878871814,-0.011683075493031936,-4271.3
2025-09-01 17:00:00,-0.21383462466464698,7.324489979348532,-0.01659596564518484,-4245.8
2025-09-01 18:00:00,-0.14976452547265895,7.4205789054108005,-0.029002492474918817,-4131.5
2025-09-01 19:00:00,-0.3029882498297063,7.615791072035833,-0.030400611663395694,-4010.1
2025-09-01 20:00:00,-0.2858189412097536,7.80954132465341,-0.0247661425236938,-4090.1
2025-09-01 21:00:00,-0.27011251560548155,7.789040401657477,-0.02882269177419783,-3956.4
2025-09-01 22:00:00,-0.2197583892245185,7.8351837552667485,-0.020744297185824045,-3907.9
2025-09-01 23:00:00,-0.13577271740722008,7.841099765422119,-0.0279748068998229,-3937.7
2025-09-02 00:00:00,-0.07973384510199999,7.836369760545124,-0.032727923685671456,-4041.1
2025-09-02 01:00:00,-0.050516995611597615,7.785305182539862,-0.030553273741362297,-3968.8
2025-09-02 02:00:00,-0.05738915996379568,7.741099090035366,-0.03383347777695089,-3850.3
2025-09-02 03:00:00,-0.08644209100462819,7.7406644019172415,-0.03297761840422897,-3770.2
2025-09-02 04:00:00,-0.08706932837465597,7.762170607138205,-0.037102220678487896,-3882.3
2025-09-02 05:00:00,-0.16787885375450573,7.755338812846501,-0.04307292994890677,-3810.3
2025-09-02 06:00:00,-0.23619440075303233,7.716460800176355,-0.050003566945876265,-4247.7
2025-09-02 07:00:00,-0.1501198491125968,7.641564441260972,-0.036093587422326934,-4330.2
2025-09-02 08:00:00,-0.3435722299114081,7.5745584842024805,-0.03160886286973952,-4365.6
2025-09-02 09:00:00,-0.3695174986881846,7.59890045687141,-0.019611836854309672,-4463.5
2025-09-02 10:00:00,-0.18894744894615512,7.6362696033793735,-0.017739784072612785,-4752.0
2025-09-02 11:00:00,-0.013550119117549109,7.659642954564682,-0.01270962889072802,-4829.0
2025-09-02 12:00:00,-0.04222625111450551,7.641564441260972,-0.012828851130743502,-4728.5
2025-09-02 13:00:00,0.018704200443381502,7.613818684808629,-0.009572686188950463,-4771.7
2025-09-02 14:00:00,-0.038710222984563725,7.5595594960077,-0.006226867925767543,-4565.4
2025-09-02 15:00:00,-0.00342800344815819,7.501634457883413,-0.005538037948574548,-4701.7
2025-09-02 16:00:00,-0.0710631654003997,7.446585099157725,-0.010581855642246119,-4583.8
2025-09-02 17:00:00,-0.007277344864038415,7.385851078125209,-0.016752108220575934,-4660.2
2025-09-02 18:00:00,-0.041867334317637894,7.385230923066573,-0.028622637590853373,-4332.8
2025-09-02 19:00:00,-0.1110961132571,7.410347097821024,-0.029950477386051944,-4231.8
2025-09-02 20:00:00,-0.15723976994876,7.44600149832412,-0.020952720453068174,-4142.8
2025-09-02 21:00:00,-0.11028792858485703,7.461065514354283,-0.022439105092830758,-4117.7
2025-09-02 22:00:00,0.02745382131254681,7.478169694159785,-0.021774979468331068,-4146.6
2025-09-02 23:00:00,-0.04047462676327518,7.491087593534876,-0.021497201245256115,-4107.9
2025-09-03 00:00:00,0.09099001401648099,7.665753431861699,-0.03744810825782352,-4635.8
2025-09-03 01:00:00,0.0963251626373669,7.698936199813447,-0.03678641414905215,-4669.4
2025-09-03 02:00:00,0.0979909112495938,7.741099090035366,-0.03610086495227005,-4673.1
2025-09-03 03:00:00,0.07913092078700146,7.769378609513984,-0.03960421984065654,-4660.1
2025-09-03 04:00:00,0.023866075804266362,7.783640596221253,-0.04421326903671652,-4468.3
2025-09-03 05:00:00,-0.053595364807025536,7.77779262633883,-0.041650061042997955,-4456.6
2025-09-03 06:00:00,-0.04103898283458163,7.763446388727362,-0.04176413220970154,-4290.8
2025-09-03 07:00:00,-0.17384123176555732,7.720461694599722,-0.024528867297384238,-4292.7
2025-09-03 08:00:00,-0.16370336429144539,7.603897968521881,-0.014114090386432743,-4266.8
2025-09-03 09:00:00,-0.14392798093189363,7.5406215286571525,-0.004116926015268696,-4268.2
2025-09-03 10:00:00,0.062322090209435466,7.468513271496337,-0.004776720216217889,-4479.8
2025-09-03 11:00:00,-0.20766751663711647,7.355641102974253,-0.0025648085132292664,-3942.3
2025-09-03 12:00:00,-0.16224889700162715,7.205635176410364,0.0020089036715278397,-3612.5
2025-09-03 13:00:00,-0.17801302328796176,7.01301578963963,0.007429112592252096,-3301.1
2025-09-03 14:00:00,-0.16256466491270816,6.8885724595653635,0.005665443634455869,-3287.4
2025-09-03 15:00:00,-0.014420820685217883,6.818924065275521,0.0006881081904657194,-3498.6
2025-09-03 16:00:00,0.1063335148570621,6.771935555839602,-0.002593128746205764,-3961.2
2025-09-03 17:00:00,-0.07092214334119351,6.748759547491679,-0.007552702859232596,-3540.9
2025-09-03 18:00:00,-0.08229610076508642,6.837332814685591,-0.018656938625584374,-3305.7
2025-09-03 19:00:00,-0.04342632373408106,7.069023426578259,-0.02001806856734678,-3533.9
2025-09-03 20:00:00,-0.0326702392834175,7.4205789054108005,-0.010111144714321618,-3685.5
2025-09-03 21:00:00,0.016187188687467824,7.656810091480378,-0.011577328925795882,-3920.4
2025-09-03 22:00:00,-0.029307573159324196,7.763446388727362,-0.010307593737376664,-4119.5
2025-09-03 23:00:00,-0.0301643002222729,7.818430272070656,-0.011870328199108826,-4134.0
2025-09-04 00:00:00,-0.11407382401550104,7.7437032581737535,-0.031955784462657455,-3897.4
2025-09-04 01:00:00,-0.12973949229693726,7.7284157798410416,-0.0357000836978969,-3673.0
2025-09-04 02:00:00,-0.1459490946528943,7.757478766584179,-0.0375009672618134,-3649.8
2025-09-04 03:00:00,-0.17629744343976483,7.769800996003896,-0.03977396742090189,-3435.7
2025-09-04 04:00:00,-0.21322467651619892,7.860570785538664,-0.041172537292760936,-3734.8
2025-09-04 05:00:00,-0.26769918260204717,8.01102337918644,-0.048577933681817065,-4192.9
2025-09-04 06:00:00,-0.3874263927190431,8.089789175789319,-0.046652385862478774,-4267.6
2025-09-04 07:00:00,-0.46980895249534926,8.132706489693264,-0.03051505614351857,-4237.5
2025-09-04 08:00:00,-0.524177221918174,8.114922974204593,-0.022126424582493698,-4250.7
2025-09-04 09:00:00,-0.5258007188335849,8.104401307921613,-0.013171860161823368,-4206.6
2025-09-04 10:00:00,-0.3845544783187962,8.128880142125638,-0.013534080337261223,-4764.6
2025-09-04 11:00:00,-0.40767809003942723,8.128290171607052,-0.010850656302464401,-4378.3
2025-09-04 12:00:00,-0.3381762515673956,8.131530710604252,-0.006254640832971781,-4147.3
2025-09-04 13:00:00,-0.297069446727527,8.155936337972394,-0.005068153631333949,-4249.6
2025-09-04 14:00:00,-0.20084352913432957,8.172729104865471,-0.008903390460226035,-4726.4
2025-09-04 15:00:00,-0.22327992762247328,8.12058871174027,-0.007951111089830043,-4486.4
2025-09-04 16:00:00,-0.2198661595889746,8.105911197986508,-0.014503530197109704,-4473.2
2025-09-04 17:00:00,-0.3728960587983785,7.991592282068092,-0.016739609484045737,-3596.6
2025-09-04 18:00:00,-0.3913922433166439,7.984462732262196,-0.03306607722520827,-3206.3
2025-09-04 19:00:00,-0.37178781411963024,7.888709524182015,-0.027304700546230798,-2654.7
2025-09-04 20:00:00,-0.3244270541653047,7.917900586327916,-0.020286025040879174,-2598.6
2025-09-04 21:00:00,-0.2655320236311396,7.959275960116396,-0.020161741939586086,-2739.3
2025-09-04 22:00:00,-0.20662816678193963,7.951559331155252,-0.02114464961396223,-2785.3
2025-09-04 23:00:00,-0.1422787538638488,7.937731775260109,-0.016532314232201806,-2778.1
2025-09-05 00:00:00,-0.08250969552608822,7.918264686095274,-0.025544601198078,-3413.6
2025-09-05 01:00:00,-0.07594192918330389,7.806289289267033,-0.02469667819832022,-3099.9
2025-09-05 02:00:00,-0.07243320351117122,7.723120092266331,-0.024755091306903232,-2987.3
2025-09-05 03:00:00,-0.035323116354339934,7.6577552711348655,-0.021414923962225885,-3055.9
2025-09-05 04:00:00,-0.04713302180427226,7.578656850594762,-0.030637429340483635,-2946.0
2025-09-05 05:00:00,-0.17596524170214956,7.438971592395862,-0.03915315603852143,-2433.2
2025-09-05 06:00:00,-0.24726251755481155,7.347299700743164,-0.04342522039804564,-3109.4
2025-09-05 07:00:00,-0.2224287455409244,7.2640301428995295,-0.03776934858823022,-3589.4
2025-09-05 08:00:00,-0.016634309690082283,7.026426808699636,-0.04070752392390009,-4202.1
2025-09-05 09:00:00,-0.07363059498425395,6.776506992372183,-0.035377044488712706,-4249.1
2025-09-05 10:00:00,-0.11002484824295289,6.704414354964107,-0.03929113475419577,-4201.1
2025-09-05 11:00:00,-0.03656817680143343,6.785587645007929,-0.04205770710888057,-4178.6
2025-09-05 12:00:00,0.004338189610532339,6.913737350659685,-0.037670695980567714,-4097.3
2025-09-05 13:00:00,-0.002888780957294834,7.022868086082641,-0.039144617177214514,-4197.8
2025-09-05 14:00:00,-0.03188525781020912,7.1049654482698426,-0.043802017040867725,-4242.9
2025-09-05 15:00:00,-0.019809328979359275,7.117205503164344,-0.045549148388523975,-4078.4
2025-09-05 16:00:00,-0.12751517539714907,7.046647277848756,-0.050484232781696115,-4049.2
2025-09-05 17:00:00,0.037707959657999,6.962243464266207,-0.04818609509451033,-4365.3
2025-09-05 18:00:00,0.06273324867445584,6.961296045910167,-0.05991923342774097,-4272.5
2025-09-05 19:00:00,0.06068086355990587,7.095064377287131,-0.05039508347134625,-4071.3
2025-09-05 20:00:00,0.025221228896227466,7.172424577124845,-0.03936403275832756,-3730.0
2025-09-05 21:00:00,0.06498590557171635,7.13966033596492,-0.0317752572189427,-3472.1
2025-09-05 22:00:00,0.05582413385764662,7.023758954738443,-0.033445021771453476,-3185.7
2025-09-05 23:00:00,0.07296727547305037,6.8501261661455,-0.023663999722394635,-3007.5
2025-09-06 00:00:00,0.10287048862890602,6.386879319362645,-0.038853878574632184,-2739.8
2025-09-06 01:00:00,0.17470066382932803,6.194405391104672,-0.05018367331309914,-2692.0
2025-09-06 02:00:00,0.20157005922402993,6.059123195581797,-0.04618997506191924,-2722.8
2025-09-06 03:00:00,0.1293138625834236,5.978885764901122,-0.0468583160426137,-2593.4
2025-09-06 04:00:00,0.13074856964003345,5.932245187448011,-0.04731531075527862,-2687.5
2025-09-06 05:00:00,0.17577266208658804,5.921578419643816,-0.05395327694680585,-2836.8
2025-09-06 06:00:00,0.1300384471308651,5.8971538676367405,-0.052052975242797395,-3321.5
2025-09-06 07:00:00,0.19003833691672423,5.768320995793772,-0.05435391471291595,-3653.0
2025-09-06 08:00:00,0.2878450764927267,5.556828061699537,-0.04288511162632069,-3896.4
2025-09-06 09:00:00,0.711433014146885,5.4680601411351315,-0.03406202257766733,-4139.9
2025-09-06 10:00:00,0.3467839933724881,5.4510384535657,-0.030091582642201686,-4163.6
2025-09-06 11:00:00,0.12157874845747463,5.43372200355424,-0.030150586787866196,-3648.2
2025-09-06 12:00:00,0.1995797481810726,5.5093883366279774,-0.0334895475105057,-3317.0
2025-09-06 13:00:00,0.276410458702014,5.6131281063880705,-0.03739246268837171,-3287.8
2025-09-06 14:00:00,0.32232705040739074,5.71042701737487,-0.038304028869792894,-3333.8
2025-09-06 15:00:00,0.15497840576892719,5.802118375377063,-0.042863692241594364,-3668.3
2025-09-06 16:00:00,0.5175550489335472,5.942799375126701,-0.03569000107019793,-4492.2
2025-09-06 17:00:00,0.2279305452302438,6.089044875446846,-0.03667792723777108,-4282.1
2025-09-06 18:00:00,0.15911036389139355,6.306275286948016,-0.05333289485628612,-4298.6
2025-09-06 19:00:00,0.15450932398816875,6.556778356158042,-0.04889894653959548,-4334.9
2025-09-06 20:00:00,0.19706077307152325,6.738152494595957,-0.03914262667093382,-4346.8
2025-09-06 21:00:00,0.23080571462207766,6.870053411798126,-0.035752832170853566,-4294.4
2025-09-06 22:00:00,0.10618049720658096,6.947937068614969,-0.03324399041717285,-4008.8
2025-09-06 23:00:00,0.08648475364277841,7.00033446027523,-0.03372529682361591,-3822.7
2025-09-07 00:00:00,0.09480754690636939,6.617402977974478,-0.03200743996230049,-3273.6
2025-09-07 01:00:00,0.0998421203634745,6.522092798170152,-0.04378939759050304,-3210.8
2025-09-07 02:00:00,0.11052692780103257,6.453624998892692,-0.05304700638221593,-3007.4
2025-09-07 03:00:00,0.09974190541810968,6.380122536899765,-0.04299581385377227,-2914.8
2025-09-07 04:00:00,0.08935764841761662,6.324358962381311,-0.05226464472098247,-2894.8
2025-09-07 05:00:00,0.10669320012647843,6.313548046277095,-0.05107590725890887,-2901.6
2025-09-07 06:00:00,0.038527761914458836,6.336825731146441,-0.04923297783879299,-3073.0
2025-09-07 07:00:00,0.16657423573992736,6.35088571671474,-0.04341942671702981,-3356.5
2025-09-07 08:00:00,0.08984242005033583,6.298949246855942,-0.02825869408254711,-3275.3
2025-09-07 09:00:00,-0.0812723077018469,6.198478716492308,-0.019050490307423118,-2813.5
2025-09-07 10:00:00,-0.03796462048297089,6.037870919922137,-0.017597417946638494,-2881.3
2025-09-07 11:00:00,0.040292788590714945,5.902633333401366,-0.02149883401736208,-2570.7
2025-09-07 12:00:00,-0.004838289370066029,5.3612921657094255,-0.027614430542138635,-2036.8
2025-09-07 13:00:00,0.05821223007155174,5.4638318050256105,-0.02783268045131937,-2101.8
2025-09-07 14:00:00,0.06290000411057584,5.459585514144159,-0.026890889142832997,-2143.5
2025-09-07 15:00:00,0.08392845070206123,5.4116460518550396,-0.026973561401513635,-2810.2
2025-09-07 16:00:00,0.24495599677534763,5.241747015059643,-0.025099612743652244,-3666.1
2025-09-07 17:00:00,0.3267136445652228,5.123963979403259,-0.028193881464115833,-4184.9
2025-09-07 18:00:00,0.6811123359479136,5.247024072160486,-0.040258811998879374,-4043.2
2025-09-07 19:00:00,0.8192746475174335,5.442417710521793,-0.035598822372330474,-4071.3
2025-09-07 20:00:00,0.428608518772545,5.6937321388027,-0.02799946858204727,-4022.7
2025-09-07 21:00:00,0.2867652843209809,5.937536205082426,-0.028456883828772206,-3970.6
2025-09-07 22:00:00,0.25957360550610487,6.102558594613569,-0.02839989312519453,-3963.3
2025-09-07 23:00:00,0.2248330303026984,6.137727054086234,-0.03158475374880698,-3933.7
2025-09-08 00:00:00,0.29294496229069056,6.163314804034641,-0.03671607842951907,-3874.0
2025-09-08 01:00:00,0.34025077628826894,6.102558594613569,-0.03201129690393412,-3910.0
2025-09-08 02:00:00,0.35671311186935517,6.0473721790462776,-0.032939608141123955,-3946.6
2025-09-08 03:00:00,0.5642779323294613,6.028278520230698,-0.03688751735476181,-3929.0
2025-09-08 04:00:00,0.5404136904735211,5.973809611869261,-0.03570743811309551,-3909.5
2025-09-08 05:00:00,0.9741930515398023,5.926926025970411,-0.04042186773489309,-3949.0
2025-09-08 06:00:00,1.168296043342564,5.8888779583328805,-0.04669648300230911,-4242.1
2025-09-08 07:00:00,1.265048905699956,5.817111159963204,-0.035535843339206785,-4370.2
2025-09-08 08:00:00,1.095781792747844,5.768320995793772,-0.028268745663278416,-4248.7
2025-09-08 09:00:00,0.9345627360255166,5.568344503761097,-0.024388540061009323,-4112.1
2025-09-08 10:00:00,0.8417949452511193,5.459585514144159,-0.022629391711636693,-3926.8
2025-09-08 11:00:00,0.8349204272812898,5.697093486505405,-0.025206563434221785,-3975.0
2025-09-08 12:00:00,0.7963064103925248,6.016157159698354,-0.014276978931047957,-3991.8
2025-09-08 13:00:00,0.7725741467402001,6.298949246855942,-0.014470638870712982,-4270.2
2025-09-08 14:00:00,0.8348031431216008,6.490723534502507,-0.017628045604463516,-4365.1
2025-09-08 15:00:00,0.9475143287927832,6.650279048587422,-0.015572251313462182,-4543.0
2025-09-08 16:00:00,1.0465692198217598,6.785587645007929,-0.01943736427303744,-4693.2
2025-09-08 17:00:00,1.2419364077723412,6.900730664045173,-0.02014626523235208,-4858.5
2025-09-08 18:00:00,1.3234046808179087,7.00850518208228,-0.0295971995991966,-4992.4
2025-09-08 19:00:00,1.6641953564689804,7.224753405767971,-0.02800969599962233,-5174.6
2025-09-08 20:00:00,1.6641953564689804,7.368970402194793,-0.02536982500505136,-5218.7
2025-09-08 21:00:00,1.4127193206675637,7.419380582918692,-0.024486977332735194,-5125.6
2025-09-08 22:00:00,1.1959874153639243,7.400620577371135,-0.02202225263131563,-4995.1
2025-09-08 23:00:00,0.6248683432952866,7.349230824613334,-0.023303460400529552,-4796.1
2025-09-09 00:00:00,0.27846412664495857,7.3031700512368,-0.013866030231211468,-4972.7
2025-09-09 01:00:00,0.2365903877721931,7.226936018493289,-0.014804916773223376,-4841.9
2025-09-09 02:00:00,0.3455315582546241,7.1308988302963465,-0.017220600222604077,-4796.5
2025-09-09 03:00:00,0.6439156488375675,7.004881989712859,-0.019962250292158146,-4724.3
2025-09-09 04:00:00,1.0117579909361485,6.882437470997847,-0.019885152635493064,-4686.3
2025-09-09 05:00:00,1.2052760251894448,6.773080375655535,-0.027666462752219623,-4844.5
2025-09-09 06:00:00,1.1439919214631473,6.616065185132817,-0.03235028078503266,-4918.6
2025-09-09 07:00:00,1.6641953564689804,6.541029999189903,-0.021591822708800557,-4705.7
2025-09-09 08:00:00,1.581542062681419,6.327936783729195,-0.017382185456973787,-4528.0
2025-09-09 09:00:00,1.159230490956129,6.144185634125646,-0.009011030867668524,-4412.5
2025-09-09 10:00:00,0.9893544469739863,6.206575926724928,-0.011244337556583162,-4342.0
2025-09-09 11:00:00,0.9832164396168741,6.3561076606958915,-0.008571284232080423,-4432.9
2025-09-09 12:00:00,0.7942088213317451,6.525029657843462,-0.006865804242496942,-4356.9
2025-09-09 13:00:00,0.5299959160378984,6.668228248417403,-0.004162393460702241,-4316.5
2025-09-09 14:00:00,0.3278380499924456,6.7464121285733745,-0.003221154812274918,-4284.7
2025-09-09 15:00:00,0.19295544000237275,6.75343791859778,-0.0013551815361658726,-4292.0
2025-09-09 16:00:00,0.06965639122062806,6.714170529909472,-0.006423845493582547,-4238.3
2025-09-09 17:00:00,0.10713300631370615,6.634633357861686,-0.01438804092569601,-4241.2
2025-09-09 18:00:00,0.08869801274257183,6.672032945461067,-0.02208472425815966,-4385.3
2025-09-09 19:00:00,0.25776103241971704,6.889591308354466,-0.01805265708286541,-4585.4
2025-09-09 20:00:00,0.1579112924447088,7.072421900537371,-0.016153671050602725,-4824.6
2025-09-09 21:00:00,0.2391176668928443,7.115582126184454,-0.019363126044936507,-4797.5
2025-09-09 22:00:00,0.545771310836833,7.0909098220799835,-0.01602232697888173,-4754.3
2025-09-09 23:00:00,0.23085872995137358,7.037905963447182,-0.013539599571942063,-4498.8
2025-09-10 00:00:00,0.16138153860787963,6.914730892718563,-0.017117930311489005,-4506.2
2025-09-10 01:00:00,0.13808017033932307,6.8308742346461795,-0.01951979812812077,-4410.3
2025-09-10 02:00:00,0.16528086414249454,6.769641976852503,-0.017273371814296112,-4414.3
2025-09-10 03:00:00,0.09366606040611503,6.70808408385307,-0.01643156820275493,-4270.3
2025-09-10 04:00:00,0.10716293538948074,6.652863029353347,-0.021886090218931287,-4316.7
2025-09-10 05:00:00,0.10248041186957924,6.642486801367256,-0.029036018526901408,-4387.9
2025-09-10 06:00:00,0.08076967582460748,6.660575149839686,-0.02870058914887874,-4552.8
2025-09-10 07:00:00,0.3251301752172999,6.646390514847729,-0.01909898970301427,-4643.6
2025-09-10 08:00:00,0.14414342680764358,6.591673732008658,-0.013524641504054635,-4646.0
2025-09-10 09:00:00,-0.04331286567391546,6.62273632394984,-0.00646021941324193,-4666.9
2025-09-10 10:00:00,-0.21827054727185757,6.74993119378857,-0.003603011161288805,-4577.3
2025-09-10 11:00:00,-0.18901964757088052,6.9865664594064265,0.002721547409919367,-4548.1
2025-09-10 12:00:00,-0.01626808783609679,7.21081845347222,0.003784577414204904,-4538.9
2025-09-10 13:00:00,-0.10332581779127636,7.37650812632622,0.00802523779619424,-4509.9
2025-09-10 14:00:00,-0.14043504126060036,7.506042178518122,0.011036987436367163,-4582.4
2025-09-10 15:00:00,-0.17292919738341128,7.6004023345004,0.007229909694405734,-4518.4
2025-09-10 16:00:00,-0.16904649927016724,7.668093709082406,0.0033310591961237535,-4916.8
2025-09-10 17:00:00,-0.07643179915216303,7.70796153183549,-0.003421684886520282,-5096.8
2025-09-10 18:00:00,0.05328185179606226,7.710653323501202,-0.013903513157156766,-5188.2
2025-09-10 19:00:00,0.04237940378122396,7.794411205726601,-0.01288367445347216,-5339.6
2025-09-10 20:00:00,-0.2579026697642428,7.839131648274333,-0.007121605865955338,-4223.9
2025-09-10 21:00:00,-0.22082267985411708,7.869783902530146,-0.009123339964228983,-4298.7
2025-09-10 22:00:00,-0.2154894611202578,7.715123603632105,-0.009036945535920715,-3729.1
2025-09-10 23:00:00,-0.15815452217558157,7.671360923190644,-0.011210479940261031,-3653.0
2025-09-11 00:00:00,-0.15820370063847555,7.642524134232902,-0.022861632944340293,-3912.7
2025-09-11 01:00:00,-0.1749449290649845,7.60887062919126,-0.028505808063870042,-3792.4
2025-09-11 02:00:00,-0.19986285931272585,7.577633832602728,-0.027333849906369778,-3744.9
2025-09-11 03:00:00,-0.2026841986129595,7.6953031349635665,-0.030322788381734966,-4023.2
2025-09-11 04:00:00,-0.2520028873114657,7.744136627627991,-0.029669894292037924,-4042.8
2025-09-11 05:00:00,-0.30303365168385143,7.820439515262181,-0.03873256582928786,-4249.5
2025-09-11 06:00:00,-0.4065673981906497,7.890582534656536,-0.0381305381577155,-4227.6
2025-09-11 07:00:00,-0.4718793466096578,7.991592282068092,-0.02263861433308101,-4550.8
2025-09-11 08:00:00,-0.5544877323175905,8.008698182988528,-0.016205744172766323,-4401.9
2025-09-11 09:00:00,-0.5809407357482845,8.009695357742922,-0.011993309642379657,-4469.0
2025-09-11 10:00:00,-0.5774520948182134,8.065893546964274,-0.006450225448856983,-4786.4
2025-09-11 11:00:00,-0.4608534697799618,8.066521490469993,0.0021288769468883473,-4708.6
2025-09-11 12:00:00,-0.33783172098689906,8.18060094759445,0.004427953336999302,-4903.0
2025-09-11 13:00:00,-0.2946593921955212,8.198089248956116,0.007495577288264776,-5023.9
2025-09-11 14:00:00,-0.30544329922484703,8.129174996911793,0.0078936451273659,-4641.6
2025-09-11 15:00:00,-0.28221897894143577,8.188966863648876,0.006987917858675807,-4921.7
2025-09-11 16:00:00,-0.385963171694919,7.897296472595885,0.00035558420664028034,-3577.2
2025-09-11 17:00:00,-0.40412118814306774,8.07246736935477,-0.010232635918659305,-3971.7
2025-09-11 18:00:00,-0.42121378314707725,8.133000218583613,-0.025927438938406766,-3922.7
2025-09-11 19:00:00,-0.4222186677465225,8.11552088154677,-0.02073947254841535,-3524.7
2025-09-11 20:00:00,-0.3604768343792757,8.136518252115291,-0.018479339815929308,-3473.1
2025-09-11 21:00:00,-0.31059778870958965,8.125926802707886,-0.025112247099442264,-3475.6
2025-09-11 22:00:00,-0.29889872313823673,8.115819701211327,-0.028216360216101855,-3513.9
2025-09-11 23:00:00,-0.23493758434655376,8.063062911326792,-0.025834706894515058,-3415.0
2025-09-12 00:00:00,-0.18968606893425743,7.942362237674335,-0.04879327070378636,-3323.1
2025-09-12 01:00:00,-0.15690695277347766,7.920446505142607,-0.049228933012332554,-3374.6
2025-09-12 02:00:00,-0.17389947735427302,7.878534196140362,-0.0495196489312999,-3474.6
2025-09-12 03:00:00,-0.16073442905772728,7.96346006663897,-0.05191837825564072,-3669.0
2025-09-12 04:00:00,-0.17058613624825458,7.978653729082731,-0.05301295685531926,-3814.7
2025-09-12 05:00:00,-0.17562995251208502,8.036573409707312,-0.0489777964670397,-4059.8
2025-09-12 06:00:00,-0.28514327256370864,7.851271997109883,-0.048674576284189364,-4213.8
2025-09-12 07:00:00,-0.3852317256016091,7.832014180505469,-0.03166804839205373,-4248.8
2025-09-12 08:00:00,-0.430999667268511,7.716906135298388,-0.03110360856971983,-4479.3
2025-09-12 09:00:00,-0.46612400665133036,7.622663951323595,-0.030577995086247256,-4594.0
2025-09-12 10:00:00,-0.4966256110253586,7.572502985020384,-0.029617540575817003,-4107.7
2025-09-12 11:00:00,-0.40247484646980514,7.581719640125308,-0.02445482466395177,-3550.7
2025-09-12 12:00:00,-0.30581673869330706,7.60339933974067,-0.014470632231640579,-3139.8
2025-09-12 13:00:00,-0.27877335363626,7.530479995245536,-0.018012693473787422,-3038.8
2025-09-12 14:00:00,-0.3102649375996762,7.466799475018602,-0.02433515426499433,-2691.5
2025-09-12 15:00:00,-0.26840162388184874,7.67786350067821,-0.02608228561265058,-3298.9
2025-09-12 16:00:00,-0.3105126362384647,7.794411205726601,-0.029286431572429272,-3480.4
2025-09-12 17:00:00,-0.30089068059964497,7.791935956938058,-0.03278696110879231,-3772.3
2025-09-12 18:00:00,-0.356048837636727,7.798112628829788,-0.05187712389165888,-3553.0
2025-09-12 19:00:00,-0.27332101607376913,7.765569081097317,-0.04044475261817837,-3471.7
2025-09-12 20:00:00,-0.21135285445899932,7.754481547470383,-0.03496842128528943,-3294.3
2025-09-12 21:00:00,-0.16502565871996477,7.720017940432244,-0.03755747699121059,-3162.6
2025-09-12 22:00:00,-0.09599652483763954,7.822044008185619,-0.04478982145844412,-3494.3
2025-09-12 23:00:00,-0.04392523645784774,7.783640596221253,-0.044890404336279666,-3489.0
2025-09-13 00:00:00,-0.022455418053562326,7.521859252201629,-0.0489915468590878,-3550.0
2025-09-13 01:00:00,0.025065321948278818,7.563719668414366,-0.05541342001037641,-3731.6
2025-09-13 02:00:00,0.07764107411405252,7.496097345175956,-0.048446463420652286,-3704.8
2025-09-13 03:00:00,0.10911115526590409,7.489970898834801,-0.050627638258905705,-3876.7
2025-09-13 04:00:00,0.12264406782809445,7.51479976048867,-0.045813808971681524,-3926.0
2025-09-13 05:00:00,0.11252074644633225,7.54274354536855,-0.04719902988124147,-4064.2
2025-09-13 06:00:00,0.10123461252685262,7.564757012905729,-0.04331929527404288,-4217.9
2025-09-13 07:00:00,0.07693423077992634,7.554334823725748,-0.05223452147875296,-4326.9
2025-09-13 08:00:00,0.06054466731532493,7.544861068658458,-0.048349606098399,-4542.1
2025-09-13 09:00:00,0.02007412761878502,7.5953872788539725,-0.04008009490323072,-4791.0
2025-09-13 10:00:00,-0.015884974506454874,7.665753431861699,-0.03673612536087045,-4632.8
2025-09-13 11:00:00,-0.041514728599914896,7.680637427560936,-0.034142608057403656,-3966.1
2025-09-13 12:00:00,0.037578193878075705,7.652070746116482,-0.040255473185807134,-3992.1
2025-09-13 13:00:00,0.11877424031632167,7.61972421378267,-0.044939668323754844,-3898.4
2025-09-13 14:00:00,0.20551133862840532,7.616283561580385,-0.041736919299113495,-3873.0
2025-09-13 15:00:00,0.06231668233273391,7.739359202689098,-0.04765986450508741,-4200.4
2025-09-13 16:00:00,0.069359425882483,7.7226775164680035,-0.03237324844420364,-4722.6
2025-09-13 17:00:00,0.058891252909234915,7.669028288589683,-0.032133940191645394,-5063.4
2025-09-13 18:00:00,-0.03290525709879377,7.690286020676768,-0.04169734018353832,-4696.2
2025-09-13 19:00:00,-0.10722110639585969,7.829232537543592,-0.03209182822321388,-4438.1
2025-09-13 20:00:00,-0.08027994558552543,7.92588031673756,-0.027431367250033034,-4626.2
2025-09-13 21:00:00,-0.04265235392146938,7.954723334497908,-0.03309502329733238,-4421.9
2025-09-13 22:00:00,-0.006333682563558707,7.936302693201959,-0.02915957357494836,-4393.5
2025-09-13 23:00:00,0.05253850523442072,7.869783902530146,-0.03512979143651496,-4191.5
2025-09-14 00:00:00,0.06338106544651811,7.827240901752812,-0.01973734737048538,-4042.7
2025-09-14 01:00:00,0.10337967028191875,7.725771441587952,-0.020049410287430014,-3881.8
2025-09-14 02:00:00,0.12155587211351104,7.640603826393634,-0.020774036673695484,-3791.2
2025-09-14 03:00:00,0.13152980020501248,7.556427969440253,-0.021247675098834407,-3783.3
2025-09-14 04:00:00,0.13136017058437233,7.479299637782834,-0.024411884505815884,-3775.7
2025-09-14 05:00:00,0.13764629760349179,7.393263094763838,-0.026346284361162375,-3874.3
2025-09-14 06:00:00,0.1145440045565067,7.267525427828172,-0.023656136049143406,-4125.9
2025-09-14 07:00:00,0.1250300061992755,7.16703787691222,-0.02224714679097417,-4254.0
2025-09-14 08:00:00,0.15441568210750267,7.005789019253503,-0.01462521774637171,-4321.2
2025-09-14 09:00:00,0.2937927471771027,6.915723448631314,-0.009013604443498302,-4558.1
2025-09-14 10:00:00,0.4724485471006412,6.970730078143525,-0.005660936700704333,-4727.9
2025-09-14 11:00:00,0.2387437273145534,7.065613363597717,-0.013498791350285977,-4611.4
2025-09-14 12:00:00,0.1923042877686405,7.108244139731541,-0.02220901197523073,-4177.2
2025-09-14 13:00:00,0.2516783514185712,7.122866658599083,-0.021703958509945664,-4151.5
2025-09-14 14:00:00,0.2490345581543827,7.144407180321139,-0.018038260678636675,-4135.7
2025-09-14 15:00:00,0.19289167849942457,7.135687347028144,-0.014852200869168719,-4260.1
2025-09-14 16:00:00,0.117215532807041,7.1049654482698426,-0.0011424941665776345,-4746.4
2025-09-14 17:00:00,0.25269539203772906,7.122866658599083,0.00026203790456769127,-4934.1
2025-09-14 18:00:00,0.24299152989999984,7.246368080102461,-0.016298018790783964,-5053.4
2025-09-14 19:00:00,0.13431943787207645,7.3833681469923835,-0.01116917025432862,-5145.2
2025-09-14 20:00:00,0.030381304742524318,7.459338895220296,-0.01040001998096951,-4591.5
2025-09-14 21:00:00,0.058361986129912946,7.450660796211539,-0.018788745355717396,-4584.3
2025-09-14 22:00:00,0.09142993499564067,7.3938782901077555,-0.02374408158900021,-4558.1
2025-09-14 23:00:00,0.17557764165406864,7.3453648404168685,-0.028824227496103028,-4846.5
2025-09-15 00:00:00,0.28811053179689106,7.422971251049421,-0.041032631894493576,-4968.5
2025-09-15 01:00:00,0.07650973326461452,7.448333860897476,-0.03787211954091685,-3927.0
2025-09-15 02:00:00,-0.05830656286942437,7.484930283289661,-0.04404671973652796,-3777.3
2025-09-15 03:00:00,-0.1355184415819881,7.347299700743164,-0.039102357684314804,-3410.8
2025-09-15 04:00:00,-0.16166290247735038,7.367077059881012,-0.03716622757675481,-3444.0
2025-09-15 05:00:00,-0.2352569534784017,7.463363045520021,-0.03547311249563467,-3666.3
2025-09-15 06:00:00,-0.20026819144436248,7.679251425953058,-0.03157953393946489,-4222.7
2025-09-15 07:00:00,-0.3090344943960228,7.687997166393016,-0.014342195097320598,-4026.4
2025-09-15 08:00:00,-0.35613133290424015,7.660585461703256,-0.017009367456203073,-3848.9
2025-09-15 09:00:00,-0.3376496612783959,7.6246189861593985,-0.01493220481897417,-3908.6
2025-09-15 10:00:00,-0.44527908465150867,7.530479995245536,-0.020851613465637797,-3295.0
2025-09-15 11:00:00,-0.39094535465488267,7.424761761823209,-0.020438973950748895,-3053.2
2025-09-15 12:00:00,-0.34748541113602593,7.2909747781429814,-0.008915035789662795,-2595.1
2025-09-15 13:00:00,-0.3396160830457169,7.146772179452637,-0.014470638870712982,-2456.5
2025-09-15 14:00:00,-0.3634063543090349,6.960347729101308,-0.012185032468821966,-2330.8
2025-09-15 15:00:00,-0.32841643831438194,6.876264611890766,-0.015572251313462182,-2294.1
2025-09-15 16:00:00,-0.36417135743536466,6.84587987526405,-0.017045018634417097,-2320.0
2025-09-15 17:00:00,-0.33858035783002505,6.895682697747868,-0.021332504991858237,-2566.8
2025-09-15 18:00:00,-0.18660798788994448,6.963189985870238,-0.018946211335880037,-3528.0
2025-09-15 19:00:00,-0.13177881317489648,7.204892510204673,-0.015550323906940555,-3922.8
2025-09-15 20:00:00,-0.14368411151967475,7.424165281042028,-0.016951254539455896,-3840.2
2025-09-15 21:00:00,-0.22530124555601594,7.544861068658458,-0.025723835870131495,-3754.3
2025-09-15 22:00:00,-0.24495216400318842,7.321188556739478,-0.03101396382327959,-2985.7
2025-09-15 23:00:00,-0.25182893515911076,7.138866999945524,-0.03670848686857742,-2412.1
2025-09-16 00:00:00,-0.24471164827000536,6.88653164253051,-0.03202295361770169,-2297.5
2025-09-16 01:00:00,-0.2204403511774391,6.811244378601294,-0.0312750348697719,-2195.0
2025-09-16 02:00:00,-0.23818718451856435,6.602587892189336,-0.03894484341418636,-2008.2
2025-09-16 03:00:00,-0.2635229976405471,6.4457198193855785,-0.03516341162420922,-1942.5
2025-09-16 04:00:00,-0.28277031447177814,6.466144724237619,-0.030611033082660555,-2016.5
2025-09-16 05:00:00,-0.266797651800021,6.39024066706535,-0.030450041445865494,-2049.2
2025-09-16 06:00:00,-0.26153787575905074,6.5998704992128365,-0.023960428409856682,-2797.9
2025-09-16 07:00:00,-0.20131267921152896,6.498282149476434,-0.012633864926701044,-3548.5
2025-09-16 08:00:00,-0.149342365680889,6.401917196727186,-0.013856917411288805,-3703.1
2025-09-16 09:00:00,-0.2022550975684223,6.320768294250582,-0.013708631990176912,-3777.0
2025-09-16 10:00:00,-0.19816882576506156,6.163314804034641,-0.016555651311396247,-3627.6
2025-09-16 11:00:00,-0.1335920217836608,6.068425588244111,-0.015082109244358932,-3420.8
2025-09-16 12:00:00,-0.08146834343806209,5.998936561946683,-0.016423822048603043,-3305.7
2025-09-16 13:00:00,-0.08318024914520361,5.934894195619588,-0.015012409484768341,-3189.4
2025-09-16 14:00:00,-0.09468624020556904,5.905361848054571,-0.017122859501794707,-3180.7
2025-09-16 15:00:00,0.0023071530435005982,5.877735781779639,-0.015769845538351035,-3574.8
2025-09-16 16:00:00,0.04683645434238759,5.849324779946859,-0.014159676990129988,-3868.6
2025-09-16 17:00:00,0.1608270497370854,5.820082930352362,-0.017936240981792473,-3958.9
2025-09-16 18:00:00,0.1713591049370371,5.811140992976701,-0.018536524202063198,-4017.6
2025-09-16 19:00:00,0.15538703928196673,5.762051382780177,-0.013332884309512849,-3972.0
2025-09-16 20:00:00,0.2284572525809878,5.683579767338681,-0.010782127248691431,-3973.3
2025-09-16 21:00:00,0.10957923318480578,5.438079308923196,-0.02059238249966633,-3850.5
2025-09-16 22:00:00,0.034628025060547074,5.153291594497779,-0.021774979468331068,-3571.0
2025-09-16 23:00:00,0.058099928245697985,5.0369526024136295,-0.022163201935874177,-3306.6
2025-09-17 00:00:00,0.06609710512505051,4.624972813284271,-0.028985434339089622,-2974.0
2025-09-17 01:00:00,0.10835279904140771,4.882801922586371,-0.026678024828290958,-2985.9
2025-09-17 02:00:00,0.1200769947123792,5.214935757608986,-0.03537013784631693,-3083.0
2025-09-17 03:00:00,0.12155631438794723,5.517452896464707,-0.03157790896642787,-3285.0
2025-09-17 04:00:00,0.11906619011951447,5.739792912179234,-0.032627332050343405,-3498.6
2025-09-17 05:00:00,0.12144448194940072,5.926926025970411,-0.021405041503586908,-3696.7
2025-09-17 06:00:00,0.6413241861236179,6.095824562432225,-0.009419786213372916,-4005.1
2025-09-17 07:00:00,0.4889750643417017,6.154858094016418,-0.001209424952239857,-3841.3
2025-09-17 08:00:00,0.5024923011207942,6.144185634125646,-0.007649183943840399,-3962.4
2025-09-17 09:00:00,0.4989348388578021,6.133398042996649,-0.007633928468171014,-4081.4
2025-09-17 10:00:00,0.6359554892241697,6.192362489474872,-0.008306135644679635,-4144.3
2025-09-17 11:00:00,0.3362466603499046,6.29156913955832,-0.004333155569971048,-4138.3
2025-09-17 12:00:00,0.01965759285682589,6.359573868672378,-0.005125490442346781,-3938.8
2025-09-17 13:00:00,-0.03974755882255954,6.467698726104354,-0.005172314285752044,-3774.0
2025-09-17 14:00:00,-0.011344753465905466,6.610696044717759,-0.005770130880014435,-3976.0
2025-09-17 15:00:00,0.16259711452593217,6.732210706467206,-0.01192088504039912,-4349.8
2025-09-17 16:00:00,0.5620647407957318,6.852242569051878,-0.00974879434161835,-4423.6
2025-09-17 17:00:00,0.1273194589782798,7.01211529430638,-0.011107208971350424,-4345.2
2025-09-17 18:00:00,0.09424694877792428,7.273786317844895,-0.009762720491125698,-4524.3
2025-09-17 19:00:00,0.008396136068725024,7.615791072035833,-0.002862959891757555,-5072.2
2025-09-17 20:00:00,-0.06997571712740402,7.843064016692054,-0.0011692073386599944,-5399.0
2025-09-17 21:00:00,-0.11955145832484115,7.978310969867722,0.0030570785926418154,-5263.2
2025-09-17 22:00:00,-0.12158674108381273,8.049746290952191,0.007336216201060175,-5292.9
2025-09-17 23:00:00,-0.06073993042506576,8.069655306886165,0.009031804430487789,-5320.0
2025-09-18 00:00:00,-0.10267195669831786,7.859026979751538,0.009343959585422112,-5022.2
2025-09-18 01:00:00,-0.09345817781921406,7.822845290279774,0.008092224312147955,-4954.6
2025-09-18 02:00:00,-0.10137723360116224,7.766840537085513,0.009549763524185018,-4930.4
2025-09-18 03:00:00,-0.1078602818865364,7.662937850461535,0.011482803290171262,-4988.7
2025-09-18 04:00:00,-0.13573869762435198,7.53955882930103,0.013008845744862718,-4815.5
2025-09-18 05:00:00,-0.16523598469320033,7.362645270417825,0.007755640660473517,-4512.1
2025-09-18 06:00:00,0.08007497023983223,7.095064377287131,0.008419147105864333,-4536.9
2025-09-18 07:00:00,-0.12217162266019477,6.677083461247136,0.015839053228032363,-4078.2
2025-09-18 08:00:00,0.270785116092525,6.021023349349527,0.011161320383423323,-3832.3
2025-09-18 09:00:00,0.4377056560612891,5.030437921392435,0.009563015867287916,-3697.4
2025-09-18 10:00:00,0.5960970506268461,4.430816798843313,0.01277553422244182,-3656.5
2025-09-18 11:00:00,0.4237621536144376,4.51085950651685,0.009138251439464007,-3706.6
2025-09-18 12:00:00,-0.03825035134569754,4.875197323201151,0.009139387258319864,-3668.7
2025-09-18 13:00:00,-0.16095607487359231,5.308267697401205,0.0063058091526757565,-3467.8
2025-09-18 14:00:00,-0.14986161572391765,5.605802066295998,0.008488352251643683,-3514.2
2025-09-18 15:00:00,-0.09210904238191153,5.730099782973574,0.00817345445277784,-3572.0
2025-09-18 16:00:00,0.03882154237775115,5.831882477283517,0.004476873525409708,-3968.7
2025-09-18 17:00:00,0.7261766880337319,5.831882477283517,0.003237553112341196,-4014.6
2025-09-18 18:00:00,0.8044243335815748,5.82600010738045,-0.005392836496699083,-4029.5
2025-09-18 19:00:00,0.8779158005720351,5.8916442118257715,0.0062574721896471175,-4038.1
2025-09-18 20:00:00,0.9329237798479184,5.940171252720432,0.005890365431365119,-4061.8
2025-09-18 21:00:00,0.7665971868589452,5.968707559985366,0.00963675349581905,-4148.7
2025-09-18 22:00:00,0.16071532895507756,5.978885764901122,0.009762887849114499,-4077.8
2025-09-18 23:00:00,0.14469510326087986,5.986452005284438,0.008934292204859418,-3832.7
2025-09-19 00:00:00,0.17309040082099214,5.594711379601839,0.005986455049784567,-3754.6
2025-09-19 01:00:00,0.08103030149842061,5.697093486505405,0.013070047894423453,-3670.1
2025-09-19 02:00:00,0.06674353034891656,5.726847747587197,0.010584275138405985,-3687.7
2025-09-19 03:00:00,0.03416590994308777,5.700443573390687,0.010959472696789874,-3680.5
2025-09-19 04:00:00,0.02791321070914199,5.655991810819852,0.018118744923947716,-3708.5
2025-09-19 05:00:00,0.04945606232189981,5.583496308781699,0.020485110281209806,-3820.7
2025-09-19 06:00:00,0.28197862170061416,5.429345628954441,0.02242134539954055,-3990.3
2025-09-19 07:00:00,0.7409601828825787,5.225746673713202,0.02047646511420176,-3867.6
2025-09-19 08:00:00,0.6863796455732496,4.890349128221754,0.015579313312987786,-3730.3
2025-09-19 09:00:00,0.5819489861623781,4.477336814478207,0.023016658716229266,-3779.1
2025-09-19 10:00:00,0.33622682417412175,4.174387269895637,0.011060039184997983,-3827.7
2025-09-19 11:00:00,-0.09295895415630806,4.204692619390966,0.006936559520694274,-3750.2
2025-09-19 12:00:00,-0.19725886071174958,4.30406509320417,0.004657267149596578,-3321.0
2025-09-19 13:00:00,-0.1718962238727615,4.5217885770490405,0.010482717405280617,-3353.3
2025-09-19 14:00:00,-0.17796887558314678,4.927253685157205,0.00929687518902167,-3432.8
2025-09-19 15:00:00,0.027687463857074324,5.420534999272286,0.003935282075000046,-3918.1
2025-09-19 16:00:00,0.30132328389632423,5.877735781779639,0.0016908403365416547,-4240.6
2025-09-19 17:00:00,0.601529463464102,6.411818267709897,0.0038207869627422397,-4496.6
2025-09-19 18:00:00,0.15906206969959058,7.02197642307216,-0.0014159686118091486,-4568.1
2025-09-19 19:00:00,-0.15734348577695956,7.501634457883413,0.008463273535007865,-4818.3
2025-09-19 20:00:00,-0.141327652159144,7.813187267521416,0.0019361356501610416,-5022.7
2025-09-19 21:00:00,-0.12293980955934947,7.962763930168115,-0.0046013893079148716,-4791.9
2025-09-19 22:00:00,-0.0908106878052739,7.9211727215870145,-0.007248369824883305,-4676.9
2025-09-19 23:00:00,-0.03629161160277672,7.946971357693591,-0.00686817324935074,-4586.6
2025-09-20 00:00:00,-0.017624490783896718,8.083328608786376,0.003465553304279112,-4909.3
2025-09-20 01:00:00,0.009343877157632186,8.01829613851552,0.002784819232611646,-4407.2
2025-09-20 02:00:00,-0.00398891412841218,7.708410667257367,0.0022065657999306154,-3602.2
2025-09-20 03:00:00,-0.022213997219129755,7.549609165154532,0.00518714084749039,-3177.5
2025-09-20 04:00:00,-0.04033591180818297,7.418780882750794,0.008213927963998557,-2933.0
2025-09-20 05:00:00,-0.060187063524062445,7.30854279753919,0.006671344869629614,-2757.0
2025-09-20 06:00:00,-0.08624340711643486,7.29776828253138,-0.002149535144300607,-2834.2
2025-09-20 07:00:00,-0.1125578715806661,7.358830898342354,-0.008734394411272994,-3116.4
2025-09-20 08:00:00,-0.15011122646582908,7.431299675155903,-0.010710754598464156,-3365.8
2025-09-20 09:00:00,-0.19977633619695556,7.355641102974253,-0.011648427740767353,-3299.0
2025-09-20 10:00:00,-0.20090125528865688,7.256297239690681,-0.013670852429874536,-3066.7
2025-09-20 11:00:00,-0.09855383205375245,6.990256500493881,-0.0215554925519319,-2364.3
2025-09-20 12:00:00,-0.03573433875339216,6.974478911025045,-0.02609952395567472,-2437.0
2025-09-20 13:00:00,0.038091197318056214,6.97354301952014,-0.026515400997696226,-2469.0
2025-09-20 14:00:00,0.14043897041373432,6.934397209928558,-0.024689114681778257,-2461.0
2025-09-20 15:00:00,-0.0011109816971055508,7.00850518208228,-0.025248060577709452,-2889.0
2025-09-20 16:00:00,-0.0336273750997238,7.1569563646156364,-0.014000028187584945,-3981.4
2025-09-20 17:00:00,-0.06264883162486079,7.01301578963963,-0.0027763755620897612,-4261.9
2025-09-20 18:00:00,-0.041960379581853946,6.948897222313312,-0.00386180584083462,-4448.8
2025-09-20 19:00:00,0.09817108958979981,6.9440872082295275,0.005031025210838536,-4558.7
2025-09-20 20:00:00,0.10882013962716375,6.911747300251674,-0.004412448069801123,-4395.1
2025-09-20 21:00:00,0.07302336089146255,6.838405200847344,-0.010135667800553527,-4230.6
2025-09-20 22:00:00,0.14932269247494467,6.812345094177479,-0.008318483110794972,-4286.9
2025-09-20 23:00:00,0.1577649187061807,6.742880635791903,-0.003315213352490076,-4134.7
2025-09-21 00:00:00,0.16180035320837893,6.418364935936212,0.000149671672231122,-3899.6
2025-09-21 01:00:00,0.02632873746520481,6.39024066706535,0.0038561105661241157,-2763.7
2025-09-21 02:00:00,0.011343604325080303,6.472346294500901,-0.0090264713237449,-2784.8
2025-09-21 03:00:00,-0.07116805994890818,6.2878585601617845,-0.005058947748915799,-2406.2
2025-09-21 04:00:00,-0.0766231717240653,6.413458957167357,-0.007481042094008572,-2531.0
2025-09-21 05:00:00,-0.07646703161030244,6.529418838262226,-0.005832744528059486,-2681.8
2025-09-21 06:00:00,-0.07843937533428802,6.748759547491679,-0.012178248204456565,-2689.9
2025-09-21 07:00:00,-0.10780734073158094,6.844815479208263,-0.019457744703395896,-2920.0
2025-09-21 08:00:00,-0.14955253964653226,6.641182169740591,-0.01462521774637171,-2505.2
2025-09-21 09:00:00,-0.2694324722863808,6.539585955617669,-0.01703503782807303,-2275.4
2025-09-21 10:00:00,-0.3328399052090196,6.532334292222349,-0.022278135285530354,-2114.5
2025-09-21 11:00:00,-0.22210196414641636,6.590301048196686,-0.025522984317087882,-1813.5
2025-09-21 12:00:00,-0.1943109163158896,6.741700694652055,-0.024232621434757462,-1896.2
2025-09-21 13:00:00,-0.11245338399404137,6.895682697747868,-0.025104165798115474,-1991.1
2025-09-21 14:00:00,-0.04882886681650289,7.0587581525186645,-0.019395112989926133,-2659.4
2025-09-21 15:00:00,-0.11546393609908723,7.176254532017144,-0.015521769022741161,-2806.3
2025-09-21 16:00:00,-0.31148518531930236,7.288244401020124,-0.004988652754056133,-2762.6
2025-09-21 17:00:00,-0.39203052319393894,7.485491608030754,0.006477098308002027,-2644.1
2025-09-21 18:00:00,-0.45074976890694884,7.660585461703256,0.0028324628077918135,-3148.0
2025-09-21 19:00:00,-0.41491914456062684,7.713784616598755,0.00843930113404845,-2969.1
2025-09-21 20:00:00,-0.35615754959293033,7.753194269884341,0.003828491017399571,-2979.5
2025-09-21 21:00:00,-0.2970581255285576,7.772752716468742,0.0021577519908344556,-3086.9
2025-09-21 22:00:00,-0.26346492917860775,7.79770203551669,0.003744560201372593,-3170.9
2025-09-21 23:00:00,-0.20297280708007115,7.848153086199526,0.0030536836968737546,-3284.6
2025-09-22 00:00:00,-0.21916755942496158,7.579167967396076,0.02656537151800098,-2985.1
2025-09-22 01:00:00,-0.20938289641918173,7.628031126930335,0.028226535901081817,-3124.4
2025-09-22 02:00:00,-0.22877632636426748,7.669961995473577,0.030539810371718268,-3206.3
2025-09-22 03:00:00,-0.26026032496366147,7.703459047867175,0.03151520952963871,-3221.8
2025-09-22 04:00:00,-0.2802816724188899,7.8628820346414905,0.03260492977495133,-3600.7
2025-09-22 05:00:00,-0.3759692609516576,7.736743682453495,0.03333168300806566,-3107.0
2025-09-22 06:00:00,-0.4075965625954696,7.936302693201959,0.039541968425735874,-3485.8
2025-09-22 07:00:00,-0.4867844734498705,7.962763930168115,0.03362021352669675,-3392.0
2025-09-22 08:00:00,-0.5558667933204351,7.940227765145702,0.025108192877445035,-3491.6
2025-09-22 09:00:00,-0.6217253902562518,7.886081401775745,0.03217587316747306,-3270.9
2025-09-22 10:00:00,-0.6468350963178806,7.844240718141811,0.0389019433316955,-3123.1
2025-09-22 11:00:00,-0.555636680072567,7.8434564043761155,0.03337788742587389,-3105.3
2025-09-22 12:00:00,-0.4886046036964973,7.884952945759814,0.03297590591949717,-3049.2
2025-09-22 13:00:00,-0.4670145774015424,7.841099765422119,0.02635135564954183,-3006.4
2025-09-22 14:00:00,-0.4800716391074604,7.85979918056211,0.0297461175192284,-3048.3
2025-09-22 15:00:00,-0.4466656843248411,7.855544677915663,0.03382050401611458,-3061.8
2025-09-22 16:00:00,-0.4580011520692553,7.932362154339751,0.03645611148006722,-3422.5
2025-09-22 17:00:00,-0.4307352499140107,8.094988759303774,0.034076935511341055,-3841.2
2025-09-22 18:00:00,-0.47601396404860896,8.037866234709618,0.03322956582698833,-3607.8
2025-09-22 19:00:00,-0.4008320657931841,8.115819701211327,0.03503517288116598,-3863.3
2025-09-22 20:00:00,-0.38432711922286433,8.007700012884026,0.02755257644929099,-3540.7
2025-09-22 21:00:00,-0.30732284569591384,8.051340933292979,0.036064930431677134,-3558.1
2025-09-22 22:00:00,-0.2876658592530932,7.976938756959434,0.03995544764458181,-3363.5
2025-09-22 23:00:00,-0.2216220887073157,7.913886714856082,0.044890157014302545,-3240.1
2025-09-23 00:00:00,-0.1716369792871868,7.985065616930231,0.0620692382800323,-3995.8
2025-09-23 01:00:00,-0.22590271356927927,7.889095651350108,0.06305008493042052,-3362.4
2025-09-23 02:00:00,-0.23620345048179914,7.760386037016335,0.06853640871437072,-3004.7
2025-09-23 03:00:00,-0.26193632535209943,7.750287516089772,0.07652278768529097,-3012.8
2025-09-23 04:00:00,-0.27885488268810477,7.857589098291344,0.08148447973223316,-3279.6
2025-09-23 05:00:00,-0.2708188599238013,7.921931054669442,0.09266139787500371,-3659.4
2025-09-23 06:00:00,-0.32111496292708797,7.897017623312115,0.07740755183948256,-3765.0
2025-09-23 07:00:00,-0.43825652901867684,7.8297059630645,0.056834517743722834,-3534.0
2025-09-23 08:00:00,-0.45888656390843074,7.950435460412433,0.04866343957004471,-3971.8
2025-09-23 09:00:00,-0.4744434279484109,8.142758617554561,0.04847278729001214,-4959.6
2025-09-23 10:00:00,-0.49118332678079124,8.0675410584184,0.04539075580304974,-4548.4
2025-09-23 11:00:00,-0.377298326394381,8.017277833657808,0.042043313816509276,-4347.9
2025-09-23 12:00:00,-0.3148784234506321,7.996226318573354,0.04186773638851449,-4019.6
2025-09-23 13:00:00,-0.30295980630540154,7.912500013427732,0.04325649863920766,-3685.7
2025-09-23 14:00:00,-0.32558811364793083,7.948321701317268,0.039663536815220723,-3777.7
2025-09-23 15:00:00,-0.3107349412189375,7.9873410391115005,0.039538366774681144,-3883.1
2025-09-23 16:00:00,-0.3753211772439373,7.9884411791167915,0.03707387845657362,-3779.5
2025-09-23 17:00:00,-0.3704312549004798,7.990769887160525,0.03737739700225973,-3558.7
2025-09-23 18:00:00,-0.40652998888787284,8.107138567574264,0.04271294576189355,-3997.3
2025-09-23 19:00:00,-0.3944041082249381,8.14906721971323,0.04607921722187225,-4117.8
2025-09-23 20:00:00,-0.34510342613763445,8.109396366969184,0.04872141821714404,-4063.3
2025-09-23 21:00:00,-0.3118351763310363,7.944765176306279,0.05803007213013611,-3504.8
2025-09-23 22:00:00,-0.2772613836954747,7.914500785873682,0.06475551268394764,-3428.0
2025-09-23 23:00:00,-0.2253201160737719,7.849378418734003,0.062124059401129195,-3123.6
2025-09-24 00:00:00,-0.24924620357909166,7.663407664893479,0.0825358400933176,-3025.5
2025-09-24 01:00:00,-0.13651666256380235,7.670428522190693,0.07825136342471062,-3179.9
2025-09-24 02:00:00,-0.12856623236874398,7.655864017616056,0.09073786001392126,-3147.6
2025-09-24 03:00:00,-0.13635534607528133,7.643003635560718,0.08942989568897008,-3224.5
2025-09-24 04:00:00,-0.1750574248044363,7.66105638236183,0.09431291215835103,-3108.3
2025-09-24 05:00:00,-0.2006184307100516,7.699389406256737,0.09645477842741457,-3230.5
2025-09-24 06:00:00,-0.3192319329893438,7.688913336864796,0.09390173294345416,-3466.9
2025-09-24 07:00:00,-0.397330624342076,7.771067086065406,0.07171581495243284,-3758.8
2025-09-24 08:00:00,-0.3611771260844838,7.830822995135316,0.06083584527581376,-4476.1
2025-09-24 09:00:00,-0.3493847329848201,7.704811922932594,0.053853848752553724,-4611.3
2025-09-24 10:00:00,-0.35277422971531935,7.669495251007694,0.051729037289376834,-4516.6
2025-09-24 11:00:00,0.02078013841420212,7.704361167910313,0.05243186723421989,-4942.0
2025-09-24 12:00:00,-0.1631830399934242,7.7025561132685825,0.05170139138514962,-4543.3
2025-09-24 13:00:00,-0.16896903399474317,7.669028288589683,0.05003841768660244,-4430.2
2025-09-24 14:00:00,-0.15315430688674558,7.696212639346407,0.044978220864400065,-4705.8
2025-09-24 15:00:00,-0.15698388534008823,7.687997166393016,0.039311984560885804,-4667.2
2025-09-24 16:00:00,-0.23136271212503967,7.6638772587034705,0.03986745125805058,-4606.3
2025-09-24 17:00:00,-0.22050451919807168,7.638198244285779,0.04374059152831844,-4428.9
2025-09-24 18:00:00,-0.22845489993295898,7.7142311448490855,0.04981961932844037,-4673.1
2025-09-24 19:00:00,-0.16810761360953252,7.80016307039296,0.05302387359394256,-4918.5
2025-09-24 20:00:00,-0.18037967300781865,7.850103545175582,0.05311663754071283,-4665.5
2025-09-24 21:00:00,-0.08716481967889145,7.861341795599989,0.05667817003173958,-4907.6
2025-09-24 22:00:00,-0.07194333454179658,7.8504931808711405,0.05965958575031394,-4819.1
2025-09-24 23:00:00,-0.004768076241079111,7.826842098158293,0.05883724396517742,-4669.3
2025-09-25 00:00:00,-0.09008067040157819,7.843848638152472,0.06889704642483885,-4160.6
2025-09-25 01:00:00,-0.08913851667469785,7.839525581704678,0.06778141138828175,-4116.5
2025-09-25 02:00:00,-0.11567982233179919,7.8343923029104365,0.07099331913464813,-4010.4
2025-09-25 03:00:00,-0.15669908537113608,7.8399193600125825,0.0714132216771306,-3893.6
2025-09-25 04:00:00,-0.17923092070048607,7.856319571406588,0.07476095419116735,-4044.9
2025-09-25 05:00:00,-0.19422352156645228,7.88570539124302,0.08052671421935376,-4362.2
2025-09-25 06:00:00,-0.2915209841256652,7.86403565907245,0.08283859722503895,-4820.4
2025-09-25 07:00:00,-0.3285942942599971,7.794823152179389,0.060694713416312496,-4832.2
2025-09-25 08:00:00,-0.3225311247875653,7.6577552711348655,0.0472622513822154,-4884.3
2025-09-25 09:00:00,-0.16618603735392767,7.4067107301776405,0.04132972554703951,-4758.1
2025-09-25 10:00:00,-0.11828280773818811,7.1693500166706,0.03953488779296688,-4608.1
2025-09-25 11:00:00,-0.04495786994981321,7.050122520269059,0.03612811826266071,-4430.0
2025-09-25 12:00:00,-0.15252919431752687,6.961296045910167,0.03179501789318895,-4058.2
2025-09-25 13:00:00,-0.18439345874608515,6.889591308354466,0.03099842174304701,-3806.1
2025-09-25 14:00:00,-0.20521171080708234,6.828712071641684,0.027917871318789977,-3768.4
2025-09-25 15:00:00,-0.05432645968765781,6.883462586413092,0.022875277620994616,-4203.5
2025-09-25 16:00:00,-0.05699103579118825,6.81783057145415,0.02079425188391415,-4165.9
2025-09-25 17:00:00,-0.09223338342491916,6.824373670043086,0.025102635916589122,-3972.3
2025-09-25 18:00:00,-0.09862461062185002,7.020190708311925,0.028295761805286368,-4018.0
2025-09-25 19:00:00,-0.07620757752367968,7.252053951852814,0.042645796103680134,-4210.6
2025-09-25 20:00:00,-0.12326876787970464,7.394493107219038,0.039948491264801156,-4183.1
2025-09-25 21:00:00,-0.10077679055508426,7.462789157412448,0.04726611954959026,-4194.6
2025-09-25 22:00:00,-0.10570224819197893,7.487733761436444,0.04455431262139964,-3999.2
2025-09-25 23:00:00,-0.0798442144558611,7.478734825567875,0.040038037256192816,-3818.8
2025-09-26 00:00:00,-0.0656581485621075,7.409136443920128,0.05535482102775102,-3528.1
2025-09-26 01:00:00,-0.06295257086536754,7.3427791893318455,0.06130444762828091,-3482.8
2025-09-26 02:00:00,-0.05777257278956771,7.273786317844895,0.06201644877067647,-3504.3
2025-09-26 03:00:00,-0.034083190591019275,7.226936018493289,0.061594655839791734,-3600.0
2025-09-26 04:00:00,-0.0449959426822617,7.1853870155804165,0.06590487668567047,-3653.7
2025-09-26 05:00:00,-0.006978341098446972,7.129297548929373,0.07614386217839986,-4015.8
2025-09-26 06:00:00,0.035845552161705374,7.02108396428914,0.07842168151886142,-4431.7
2025-09-26 07:00:00,-0.06532062235240499,6.899723107284872,0.06176024675880232,-4317.8
2025-09-26 08:00:00,0.4415646861574931,6.738152494595957,0.04479487435779017,-4376.9
2025-09-26 09:00:00,0.918080327775951,6.484635235635252,0.045451699521676936,-4276.8
2025-09-26 10:00:00,0.7939673594877998,6.095824562432225,0.03446961517381553,-4204.8
2025-09-26 11:00:00,0.8483305996230488,5.736572297479192,0.02999233582062022,-4130.6
2025-09-26 12:00:00,0.9330763819379104,5.5909869805108565,0.024007035329472792,-4128.3
2025-09-26 13:00:00,0.9054120009257813,5.545177444479562,0.024726281652683646,-4174.2
2025-09-26 14:00:00,0.8904220510612886,5.545177444479562,0.023625478542061984,-4229.5
2025-09-26 15:00:00,0.8228322591658968,5.53338948872752,0.015933026471646627,-4202.2
2025-09-26 16:00:00,0.48184025533154085,5.556828061699537,0.015353066506444968,-4127.2
2025-09-26 17:00:00,-0.05625783276033225,5.726847747587197,0.019605972952153827,-3848.2
2025-09-26 18:00:00,-0.15509931880737104,5.986452005284438,0.024033640879602025,-3560.4
2025-09-26 19:00:00,-0.10871445717415762,6.171700597410915,0.03635584293730876,-3500.8
2025-09-26 20:00:00,0.012353918497809424,6.244166900663736,0.02933510983827592,-3683.3
2025-09-26 21:00:00,0.09665521885562578,6.2285110035911835,0.03990458408883413,-3685.6
2025-09-26 22:00:00,0.19073188678500452,6.137727054086234,0.03638801868309116,-3831.3
2025-09-26 23:00:00,0.17229787201178848,6.035481432524756,0.03743874785021983,-3635.4
2025-09-27 00:00:00,0.20655122989771124,5.765191102784844,0.061812640379915074,-3878.6
2025-09-27 01:00:00,0.2778104733648048,5.641907070938114,0.07173057535759053,-4001.8
2025-09-27 02:00:00,0.34495584374139954,5.501258210544727,0.07467703886704857,-4042.0
2025-09-27 03:00:00,0.389110731545669,5.37989735354046,0.07351312334673832,-4060.2
2025-09-27 04:00:00,0.36925923934090576,5.327876168789581,0.07753841941751105,-4021.9
2025-09-27 05:00:00,0.37827360285489275,5.3706380281276624,0.08239793143844665,-4099.0
2025-09-27 06:00:00,0.27489810657769276,5.4510384535657,0.07800015300540064,-3975.9
2025-09-27 07:00:00,0.2393388353661785,5.5254529391317835,0.06106895935697576,-4042.9
2025-09-27 08:00:00,0.21155637565687702,5.572154032177765,0.047583044936731156,-4128.5
2025-09-27 09:00:00,0.06653166941457744,5.627621113690637,0.0373279735090053,-4120.8
2025-09-27 10:00:00,0.04546352259936448,5.5053315359323625,0.029051615177132284,-4051.8
2025-09-27 11:00:00,0.15518349177821555,5.153291594497779,0.017184019107936876,-3918.1
2025-09-27 12:00:00,0.2459931198998997,4.882801922586371,0.011987811094726908,-3801.5
2025-09-27 13:00:00,0.30202646260322963,4.927253685157205,0.012601286357092789,-3789.7
2025-09-27 14:00:00,0.3989095057290819,5.099866427824199,0.016376257927537274,-3812.3
2025-09-27 15:00:00,0.18462977810345516,5.3981627015177525,0.020691775796057854,-3787.9
2025-09-27 16:00:00,0.12741270892787382,5.8664680569332965,0.034232670576720636,-3933.8
2025-09-27 17:00:00,0.06994108909582009,6.424869023905388,0.043915151950420395,-4089.0
2025-09-27 18:00:00,-0.027395601287824256,6.8658910748834385,0.042095495244293346,-3899.3
2025-09-27 19:00:00,-0.04247667565187818,7.1180162044653335,0.04558121009500393,-3798.5
2025-09-27 20:00:00,0.01826728883825446,7.2305631534092925,0.035853133780240576,-3840.7
2025-09-27 21:00:00,0.009364068542908388,7.266827347520591,0.030530672582878893,-3551.7
2025-09-27 22:00:00,0.042472683940629974,7.267525427828172,0.02440695028491735,-3615.3
2025-09-27 23:00:00,0.07376649970538152,7.252762418053187,0.024874572746372614,-3618.7
2025-09-28 00:00:00,0.10442917341018054,7.192182058713246,0.052216225386209736,-3737.4
2025-09-28 01:00:00,0.09564518119248167,7.19668657083435,0.058187020083082075,-3699.6
2025-09-28 02:00:00,0.08028982205289648,7.172424577124845,0.05665191087420851,-3592.0
2025-09-28 03:00:00,0.05583163081239961,7.10085190894405,0.05788158195169846,-3484.0
2025-09-28 04:00:00,0.058100170796312245,6.990256500493881,0.0547738516524241,-3440.1
2025-09-28 05:00:00,0.04748972369302651,6.917705609835305,0.05602815582162002,-3370.3
2025-09-28 06:00:00,0.020961438196559712,6.90975328164481,0.05738507395398251,-3479.3
2025-09-28 07:00:00,-0.02848230782271033,6.974478911025045,0.04590738456024912,-3475.1
2025-09-28 08:00:00,-0.07670646100503564,7.027314514039777,0.04388637627299641,-3569.5
2025-09-28 09:00:00,-0.12804572752522736,7.010311867307229,0.0359012014880431,-3625.7
2025-09-28 10:00:00,-0.12596725041701395,6.79346613258001,0.021648953008540417,-3592.2
2025-09-28 11:00:00,0.0008037467575867652,6.508769136971682,0.015299010203167818,-3482.3
2025-09-28 12:00:00,0.06850346551122488,6.376726947898627,0.01027644316925791,-3396.0
2025-09-28 13:00:00,0.12522613319743536,6.495265555937008,0.01167697792258604,-3482.0
2025-09-28 14:00:00,0.10870443394575657,6.672032945461067,0.018571484933924687,-3528.7
2025-09-28 15:00:00,0.06571758637036851,6.840546529288687,0.018067164022790294,-3738.8
2025-09-28 16:00:00,-0.12087792320182844,6.990256500493881,0.02661954114945786,-3628.2
2025-09-28 17:00:00,-0.16371488953255398,7.27931883541462,0.039386832396799853,-3872.8
2025-09-28 18:00:00,-0.20783466501572434,7.534762657037537,0.044729673696724426,-4235.3
2025-09-28 19:00:00,-0.14238964757663508,7.744569809354496,0.041855298053891765,-4468.4
2025-09-28 20:00:00,-0.137158223024747,7.837948916025283,0.02570056583606828,-4292.8
2025-09-28 21:00:00,-0.1301596417183979,7.877397186353287,0.026972921110558268,-4323.1
2025-09-28 22:00:00,-0.11987915867156618,7.752335163302292,0.01975514876185258,-3874.2
2025-09-28 23:00:00,-0.11645699479655436,7.549082710812286,0.02026125586630112,-3247.1
2025-09-29 00:00:00,-0.14287743411406684,7.305860032684009,0.05119224004996781,-2645.4
2025-09-29 01:00:00,-0.1503721401602025,7.249215057114389,0.05268427674712228,-2551.3
2025-09-29 02:00:00,-0.15713934968797805,7.189922170745808,0.05241354645103424,-2550.9
2025-09-29 03:00:00,-0.17454254485077625,7.124478262493424,0.0512908284126965,-2595.1
2025-09-29 04:00:00,-0.17405024898264854,7.261927092702751,0.04881055114026456,-3011.7
2025-09-29 05:00:00,-0.23491158997989015,7.459914766241105,0.05482388115545689,-3642.5
2025-09-29 06:00:00,-0.297197099033351,7.666221925662725,0.0665139360873006,-4151.6
2025-09-29 07:00:00,-0.40208716237925257,7.652545692693921,0.047796804792960224,-4255.2
2025-09-29 08:00:00,-0.42105087900355587,7.633369649679584,0.039133668231949414,-4452.6
2025-09-29 09:00:00,-0.46395435686778486,7.586803535162581,0.04167049908725229,-4394.0
2025-09-29 10:00:00,-0.4662037173949214,7.591357046698551,0.04833859398643359,-4521.9
2025-09-29 11:00:00,-0.3762319945737356,7.647308832356238,0.04402522813509879,-4610.8
2025-09-29 12:00:00,-0.33616327886624653,7.669495251007694,0.03638887851573713,-4669.2
2025-09-29 13:00:00,-0.3076644832391149,7.645875825184813,0.03500941839265703,-4668.6
2025-09-29 14:00:00,-0.3335736334596895,7.583756300707112,0.034937937661275065,-4480.8
2025-09-29 15:00:00,-0.2743135352543038,7.4949862339505335,0.04125123269115605,-4504.3
2025-09-29 16:00:00,-0.20829057337032353,7.370230641807081,0.041539432225678574,-4769.1
2025-09-29 17:00:00,-0.26883532384051945,7.255591274253665,0.04190695314405879,-4429.1
2025-09-29 18:00:00,-0.42296050516658656,7.313220387090301,0.05094874481209111,-3409.3
2025-09-29 19:00:00,-0.3688515857938377,7.454141078146678,0.046737730508191966,-3606.3
2025-09-29 20:00:00,-0.22794759306666368,7.558516743045645,0.03724202244761354,-4357.3
2025-09-29 21:00:00,-0.18874533951232086,7.599901959208498,0.04012879669220126,-4376.4
2025-09-29 22:00:00,-0.13594839935154113,7.614805364711073,0.04055622867797215,-4413.7
2025-09-29 23:00:00,-0.08292515278189772,7.612336837167746,0.03865183360161062,-4023.0
2025-09-30 00:00:00,-0.1141153913012456,7.452402451223638,0.0517532215854164,-3731.5
2025-09-30 01:00:00,-0.09963551309213914,7.313886831633462,0.055796508781528864,-3506.8
2025-09-30 02:00:00,-0.08938380681221236,7.374001859350161,0.055299948088539885,-3560.1
2025-09-30 03:00:00,-0.11511668168251266,7.319202458767849,0.056093741137556385,-3474.1
2025-09-30 04:00:00,-0.09030034895610273,7.2485040723706105,0.059391313415527947,-3674.2
2025-09-30 05:00:00,-0.08788698879903212,7.254177846456518,0.06707497868801138,-3951.9
2025-09-30 06:00:00,-0.10592156471530956,7.167809184316444,0.06219368320365515,-4462.0
2025-09-30 07:00:00,-0.31583610779087534,7.087573705557973,0.04792080969983292,-3868.5
2025-09-30 08:00:00,-0.3677157152081221,6.906754778648554,0.043692426848024546,-3810.1
2025-09-30 09:00:00,-0.16969524665701874,6.7464121285733745,0.04125654726026973,-4098.5
2025-09-30 10:00:00,0.010354733690062456,6.580639137284949,0.038694302207928466,-4124.2
2025-09-30 11:00:00,0.10607638277644416,6.660575149839686,0.03810961950548464,-4267.6
2025-09-30 12:00:00,-0.0029233146426448364,6.733401891837359,0.03618912941967167,-4463.7
2025-09-30 13:00:00,0.00461946056164253,6.919683849847411,0.03809741582918047,-4712.4
2025-09-30 14:00:00,-0.011463464072633212,6.8679744089702925,0.03793691768123342,-4678.0
2025-09-30 15:00:00,0.015477130358711566,6.85751406254539,0.03839289127715251,-4594.0
2025-09-30 16:00:00,-0.0259272990927637,6.829793737512425,0.03820830852718604,-4501.1
2025-09-30 17:00:00,-0.09876968528870389,6.90975328164481,0.04408133272445003,-4398.6
2025-09-30 18:00:00,0.319656606073778,7.141245122350491,0.05265777910405944,-4635.7
2025-09-30 19:00:00,-0.25209501182540084,7.351158226430694,0.0516102047734055,-4656.5
2025-09-30 20:00:00,-0.12550906258473216,7.48324441607385,0.04591321642785395,-5061.1
2025-09-30 21:00:00,-0.09119565065001689,7.5310163320779155,0.047169719601153126,-5188.7
2025-09-30 22:00:00,-0.06905707906829717,7.518607216815252,0.05649100283405417,-5109.8
2025-09-30 23:00:00,0.0007776471378693195,7.496652438168283,0.052896064049100744,-4973.5
2025-10-01 00:00:00,-0.016459260342355453,7.4798641311650265,-0.02358413960420247,-4580.475
2025-10-01 01:00:00,0.0002978376498607993,7.463936604468925,-0.022852193609907978,-4471.15
2025-10-01 02:00:00,0.026322293404343444,7.45298232946546,-0.024412504859848028,-4408.05
2025-10-01 03:00:00,0.029692456100398168,7.563719668414366,-0.020828380645377287,-4347.55
2025-10-01 04:00:00,0.039883725760153865,7.498869733976931,-0.025680099651110844,-4429.950000000001
2025-10-01 05:00:00,0.007229944187647774,7.43543801981455,-0.037463170148100744,-4506.325
2025-10-01 06:00:00,-0.14032022680202916,7.5352967024440884,-0.022853285674742096,-3923.975
2025-10-01 07:00:00,-0.23065366550970978,7.461065514354283,-0.025765342545896353,-3956.475
2025-10-01 08:00:00,-0.1587818715458318,7.3632795869630385,-0.032728937072297626,-4210.675
2025-10-01 09:00:00,-0.06513024742952433,7.244941546337007,-0.036037863466604314,-4452.9
2025-10-01 10:00:00,0.08757463996356396,7.035268599281097,-0.03901340779193152,-4364.7
2025-10-01 11:00:00,0.02502605611238584,6.945051063725834,-0.03986565362683958,-4441.0
2025-10-01 12:00:00,-0.1441655323931439,7.171656822768514,-0.03423711855270373,-4392.4
2025-10-01 13:00:00,-0.21585819770872572,7.313886831633462,-0.03587533714377589,-4401.075
2025-10-01 14:00:00,-0.2354535117886738,7.4127640174265625,-0.040842975711346874,-4497.725
2025-10-01 15:00:00,-0.167932113760219,7.428927194802272,-0.05441869319550374,-4569.025
2025-10-01 16:00:00,-0.1326393838452553,7.402451520818244,-0.0563740685667824,-4573.375
2025-10-01 17:00:00,-0.16285051177710663,7.37650812632622,-0.052951159237943024,-4071.075
2025-10-01 18:00:00,-0.18253029282599753,7.621684998724611,-0.04477375525417404,-3950.975
2025-10-01 19:00:00,-0.21724061154695207,7.681560362559537,-0.03255206153114454,-3576.575
2025-10-01 20:00:00,-0.18838155811123558,7.853993087224244,-0.026324828682859902,-3813.9
2025-10-01 21:00:00,-0.19222379626141306,7.9269635448629785,-0.023312543882175518,-4217.225
2025-10-01 22:00:00,-0.17728064022110734,7.949797216161852,-0.026652638959293817,-4215.0
2025-10-01 23:00:00,-0.14633978452996654,7.881182202227102,-0.02472742815830209,-4164.3
2025-10-02 00:00:00,-0.15550101276502826,7.884952945759814,-0.030355059099855808,-4101.5
2025-10-02 01:00:00,-0.16193258911718056,7.887208585813932,-0.03402945923862699,-4041.475
2025-10-02 02:00:00,-0.15319836230751038,7.8961806086154915,-0.027273527809066778,-4138.55
2025-10-02 03:00:00,-0.16860831231603557,7.842671474979457,-0.025236582041361366,-4031.325
2025-10-02 04:00:00,-0.18806531946235205,7.844632644464681,-0.033802548771007856,-4027.425
2025-10-02 05:00:00,-0.2474587493547551,7.85979918056211,-0.03913736396150114,-4040.875
2025-10-02 06:00:00,-0.3212570383555775,7.826842098158293,-0.02932682509583362,-3990.5
2025-10-02 07:00:00,-0.3524378480189938,7.893572073504902,-0.02961979927980618,-4209.15
2025-10-02 08:00:00,-0.4005367273208549,7.941651252930556,-0.02814008579496985,-4268.424999999999
2025-10-02 09:00:00,-0.3715903232834439,7.919719760924575,-0.034134668657439526,-4308.049999999999
2025-10-02 10:00:00,-0.38055447720857316,7.8252452914317745,-0.0327904841891149,-4139.775
2025-10-02 11:00:00,-0.4022423311222849,7.642524134232902,-0.03762260961303898,-3867.5
2025-10-02 12:00:00,-0.3719847833154293,7.653969180478774,-0.03707033070189514,-3867.375
2025-10-02 13:00:00,-0.38309251080600504,7.629489916393995,-0.042800869082928905,-3811.0
2025-10-02 14:00:00,-0.39035796497908226,7.729295674310482,-0.04630700499912965,-3957.325
2025-10-02 15:00:00,-0.32478345171915635,7.619233416226805,-0.0563626359154048,-3834.925
2025-10-02 16:00:00,-0.2820995243158433,7.597396320212795,-0.06109820170168945,-3775.8
2025-10-02 17:00:00,-0.04103540936651662,7.930925372483388,-0.06583603226472778,-5641.075
2025-10-02 18:00:00,-0.13903558799506177,8.014004994779459,-0.06343120453105744,-6058.875
2025-10-02 19:00:00,-0.16641017109650047,8.098642843759418,-0.049600680702227784,-6013.875
2025-10-02 20:00:00,-0.15208768725005006,8.101980731853192,-0.04286729843281023,-6104.349999999999
2025-10-02 21:00:00,-0.06560722401022234,8.116715624819111,-0.04311882496789199,-6700.7
2025-10-02 22:00:00,-0.05220125658673069,8.166784289056151,-0.04059093144477366,-6696.175
2025-10-02 23:00:00,-0.11233361723978552,8.090708716083997,-0.04234219144609419,-6079.025
2025-10-03 00:00:00,-0.21192261798938672,7.711101251840158,-0.04863288531150012,-3317.15
2025-10-03 01:00:00,-0.22430067892795558,7.676473646389156,-0.04849256360544896,-3169.025
2025-10-03 02:00:00,-0.2146768230290026,7.665284718471351,-0.04626246559122915,-3213.35
2025-10-03 03:00:00,-0.20361101453375152,7.664346632098617,-0.045058604563525506,-3213.975
2025-10-03 04:00:00,-0.23287046399392608,7.642524134232902,-0.048670100365399094,-3120.75
2025-10-03 05:00:00,-0.245321851075472,7.641084249174914,-0.05998107106611794,-3183.625
2025-10-03 06:00:00,-0.26794688998300664,7.656337166430183,-0.05136824781772997,-3454.3
2025-10-03 07:00:00,-0.33052705306506036,7.711548979629146,-0.045322572543073036,-3876.475
2025-10-03 08:00:00,-0.41356239531466166,7.668093709082406,-0.04719705808926644,-3445.25
2025-10-03 09:00:00,-0.4296589647987066,7.60489448081162,-0.04613240768582738,-3400.5
2025-10-03 10:00:00,-0.43002448129390913,7.559038255443384,-0.049037840854861514,-3202.45
2025-10-03 11:00:00,-0.40363632377187564,7.643961949002529,-0.05393193037744215,-3456.7
2025-10-03 12:00:00,-0.3691356834089605,7.666690200080086,-0.059800704064930876,-3680.675
2025-10-03 13:00:00,-0.3651838652131447,7.8628820346414905,-0.06419706482061827,-4109.575
2025-10-03 14:00:00,-0.3981569412247552,7.762170607138205,-0.0651256921606187,-3600.275000000001
2025-10-03 15:00:00,-0.3418259659454912,7.682021510826875,-0.07832643325449062,-3284.275
2025-10-03 16:00:00,-0.3137860893179365,7.723120092266331,-0.07726307938245736,-3282.650000000001
2025-10-03 17:00:00,-0.2999972286468595,7.739359202689098,-0.07846542749357344,-3285.225
2025-10-03 18:00:00,-0.2927085495516626,7.781138509845015,-0.08168504144076927,-3372.125
2025-10-03 19:00:00,-0.22644022136738284,7.80710329012598,-0.061150272704650455,-3295.425
2025-10-03 20:00:00,-0.19849520971829637,7.828834527588089,-0.05998848307561744,-3173.125
2025-10-03 21:00:00,-0.17200142832816567,7.836369760545124,-0.05676052676011345,-3454.725
2025-10-03 22:00:00,-0.14212477364759968,7.855544677915663,-0.053786167530366136,-3731.375
2025-10-03 23:00:00,-0.11177950993957797,7.891704659330107,-0.04628301017654035,-3804.875
2025-10-04 00:00:00,-0.11649901469682966,7.864419904994565,-0.039139929556297304,-3029.575
2025-10-04 01:00:00,-0.09651205213067815,7.8083230503910555,-0.04224124942237939,-2773.55
2025-10-04 02:00:00,-0.08508002078902743,7.81923445385907,-0.04391274499480957,-2750.6
2025-10-04 03:00:00,-0.0928931676127438,7.8351837552667485,-0.038767340809155115,-2659.175
2025-10-04 04:00:00,-0.10967422708449037,7.67693714581808,-0.04086761508641157,-2241.3
2025-10-04 05:00:00,-0.12244968261178091,7.65728279297819,-0.051751160007506236,-2171.875
2025-10-04 06:00:00,-0.10268048697586396,7.71333788887187,-0.053562514015121465,-2412.55
2025-10-04 07:00:00,-0.09973709132621966,7.784057002639929,-0.04520895205842024,-2523.75
2025-10-04 08:00:00,-0.08464369192801335,7.859413154693583,-0.04273284905569419,-2694.475
2025-10-04 09:00:00,-0.10425161941825767,7.857867559331803,-0.04318293352939584,-2623.45
2025-10-04 10:00:00,-0.09273450142530626,7.853216388156072,-0.0414842404222977,-2713.9
2025-10-04 11:00:00,-0.09734012278012338,7.828038032125829,-0.04372531881692954,-2577.4
2025-10-04 12:00:00,-0.09587516964599274,7.7354333524996886,-0.03858089499787809,-2473.375
2025-10-04 13:00:00,-0.012970384535080814,7.78155595923534,-0.04023414122896174,-2654.075
2025-10-04 14:00:00,0.07835799549128408,7.77485576666552,-0.04813658993373782,-2665.525000000001
2025-10-04 15:00:00,-0.08326662718546185,7.771067086065406,-0.051303670232432985,-2654.125
2025-10-04 16:00:00,-0.08564073378699222,7.859026979751538,-0.04887151156090663,-2810.65
2025-10-04 17:00:00,-0.11912362809376598,7.8547691834991324,-0.05027533705112841,-2842.4
2025-10-04 18:00:00,-0.12188994254175922,7.910957382845589,-0.05191126805628432,-3110.2
2025-10-04 19:00:00,-0.06302190420396014,8.07402621612406,-0.054003840986602825,-3950.400000000001
2025-10-04 20:00:00,-0.03862920553077487,8.003363058629947,-0.05738407949304758,-3380.4
2025-10-04 21:00:00,-0.07114125164437057,7.897296472595885,-0.060452136623154296,-2898.0
2025-10-04 22:00:00,-0.10281787220055527,7.857093864902493,-0.05636468372630432,-2778.974999999999
2025-10-04 23:00:00,-0.11395660635906424,7.757906208351747,-0.05239229122233269,-2638.8
2025-10-05 00:00:00,-0.09149486063161838,7.9017475185201445,-0.03498941272207734,-2924.875
2025-10-05 01:00:00,-0.12180250097545331,7.779885115070522,-0.03444655334487301,-2679.6
2025-10-05 02:00:00,-0.10824446266552679,7.7752758464868625,-0.03699462960903421,-2622.525
2025-10-05 03:00:00,-0.11328068237562139,7.765569081097317,-0.03968085591407178,-2623.325
2025-10-05 04:00:00,-0.10897489489595857,7.7336835707759,-0.044262956031199785,-2513.7
2025-10-05 05:00:00,-0.11625275210973696,7.701200180857446,-0.05552861259573838,-2475.625
2025-10-05 06:00:00,-0.10320148882728031,7.664346632098617,-0.054810890113691,-2478.325
2025-10-05 07:00:00,-0.08661505242157119,7.605392364814935,-0.047118635989518154,-2591.0
2025-10-05 08:00:00,-0.0609366973163592,7.680637427560936,-0.039524988633586666,-2573.7
2025-10-05 09:00:00,-0.03307533096967896,7.616283561580385,-0.03942859823278777,-2551.425
2025-10-05 10:00:00,-0.05552795860558524,7.623153068476902,-0.044123476500927516,-2631.525
2025-10-05 11:00:00,-0.05457750412577278,7.59488438721652,-0.05091405024482487,-2747.3
2025-10-05 12:00:00,-0.05517068461832464,7.571473648851271,-0.0501342588673781,-2991.925
2025-10-05 13:00:00,-0.04694220120175219,7.395721608602045,-0.0517275484061166,-2505.95
2025-10-05 14:00:00,-0.04279014778603596,7.313220387090301,-0.05412311166837647,-2538.3
2025-10-05 15:00:00,-0.04920765724460141,7.24422751560335,-0.06259767918637937,-2669.775
2025-10-05 16:00:00,-0.10474599977233767,7.16703787691222,-0.060096571494993256,-2864.45
2025-10-05 17:00:00,-0.13743160448435976,7.093404625868766,-0.05481928403543712,-3158.0
2025-10-05 18:00:00,-0.17020820266057335,7.099201743553092,-0.05517946228078063,-3289.725
2025-10-05 19:00:00,-0.13475824113345913,6.914730892718563,-0.05643732870920992,-2929.875
2025-10-05 20:00:00,-0.05573511710968804,6.803505257608338,-0.06257527165914212,-3079.375
2025-10-05 21:00:00,-0.05255020477380068,6.62273632394984,-0.06141227150827788,-3098.474999999999
2025-10-05 22:00:00,-0.04476180469997182,6.428105272684596,-0.05599386071723611,-2993.0
2025-10-05 23:00:00,-0.06276897891808231,6.202535517187923,-0.04724726195037565,-2651.25
2025-10-06 00:00:00,-0.0033453184199125907,5.707110264748875,-0.04059796212423983,-3220.625
2025-10-06 01:00:00,0.0008527394202495486,5.44673737166631,-0.039285651243130104,-3380.9
2025-10-06 02:00:00,0.06374616148496504,5.288267030694535,-0.041240383485980026,-3461.275
2025-10-06 03:00:00,0.09691132735219998,5.308267697401205,-0.04077331381447635,-3610.075
2025-10-06 04:00:00,0.09079076936566244,5.384495062789089,-0.04078097276014869,-3692.425
2025-10-06 05:00:00,0.03412420590331777,5.529429087511423,-0.050950667489633616,-3847.7
2025-10-06 06:00:00,-0.13747532203132096,5.707110264748875,-0.03806132930855188,-3532.3
2025-10-06 07:00:00,-0.08400982105028287,5.771441123130016,-0.02909499621304068,-3611.2
2025-10-06 08:00:00,-0.25929430687288013,5.739792912179234,-0.029068812624383433,-3403.525
2025-10-06 09:00:00,-0.17353235044949678,5.645446897643238,-0.02507096456263902,-3501.4
2025-10-06 10:00:00,0.028241756617320757,5.337538079701318,-0.023615247084455504,-3630.275
2025-10-06 11:00:00,0.06713071761329514,5.099866427824199,-0.026550469579125213,-3682.25
2025-10-06 12:00:00,0.26092403806697195,4.9344739331306915,-0.032030740258790935,-3677.225
2025-10-06 13:00:00,0.2947885299286721,4.68213122712422,-0.03832822712523498,-3630.8
2025-10-06 14:00:00,0.14058720070878028,4.394449154672439,-0.04116056293594994,-3619.775
2025-10-06 15:00:00,0.11530975323932369,4.23410650459726,-0.0456942587015412,-3582.35
2025-10-06 16:00:00,0.11895943491721672,4.31748811353631,-0.040785253042833425,-3339.3
2025-10-06 17:00:00,0.05307002442714692,4.61512051684126,-0.04336292872031411,-3104.225
2025-10-06 18:00:00,-0.031395093846088074,5.1298987149230735,-0.04322438865478162,-3121.95
2025-10-06 19:00:00,-0.03259051470024943,5.659482215759621,-0.03718822974147873,-3217.55
2025-10-06 20:00:00,-0.09955758670823878,6.111467339502679,-0.04047861386511542,-3336.075
2025-10-06 21:00:00,-0.15352332486985798,6.461468176353717,-0.03292525404052604,-3370.6
2025-10-06 22:00:00,-0.1387291000601687,6.778784897685177,-0.03025401787130466,-3579.775
2025-10-06 23:00:00,-0.09471484333771141,7.00033446027523,-0.028778768840862057,-3706.875
2025-10-07 00:00:00,-0.13835630483143602,7.534228326274089,-0.03928059162981512,-4353.5
2025-10-07 01:00:00,-0.140399993434269,7.585788821732034,-0.04615559922849943,-4364.925
2025-10-07 02:00:00,-0.12852187211562027,7.62608275807238,-0.04705668484528758,-4371.425
2025-10-07 03:00:00,-0.15026235159873025,7.622663951323595,-0.04131086772093351,-4275.95
2025-10-07 04:00:00,-0.1600328551798853,7.593877844605118,-0.037525169851083895,-4209.575
2025-10-07 05:00:00,-0.22028554294535319,7.6290038896529575,-0.05273318532391347,-4056.15
2025-10-07 06:00:00,-0.2463240662262529,7.589841512182657,-0.04828651709873455,-3626.225
2025-10-07 07:00:00,-0.3007535838235875,7.56734567601324,-0.046887400790163625,-3749.725
2025-10-07 08:00:00,-0.3080587455854853,7.635303886259415,-0.048299505599032067,-3799.4
2025-10-07 09:00:00,-0.3183520846884682,7.614312146452,-0.05372381512732183,-3824.225
2025-10-07 10:00:00,-0.307110957097418,7.534228326274089,-0.05324759630712528,-3758.2
2025-10-07 11:00:00,-0.32419995108637467,7.414572881350589,-0.052017899344940055,-3817.5
2025-10-07 12:00:00,-0.3147588140669435,7.348587530927593,-0.05614650862423787,-3871.325
2025-10-07 13:00:00,-0.3247122358030299,7.441906728051625,-0.056499289438593614,-4010.825
2025-10-07 14:00:00,-0.34647373635771483,7.466227556215481,-0.06062198045013911,-4104.775
2025-10-07 15:00:00,-0.30251414146066313,7.4977617006225685,-0.07032661335216783,-4078.5
2025-10-07 16:00:00,-0.2840489638438948,7.5352967024440884,-0.07572547634018978,-4055.225
2025-10-07 17:00:00,-0.2734635858664167,7.469654172932128,-0.07950678524866284,-3915.45
2025-10-07 18:00:00,-0.2930603416528794,7.45298232946546,-0.07865348009618778,-3851.95
2025-10-07 19:00:00,-0.2946162569473101,7.365812837209472,-0.06978506796802364,-3796.875
2025-10-07 20:00:00,-0.2541629719878564,7.275172319452771,-0.06833760635601305,-3835.575
2025-10-07 21:00:00,-0.24195687620560946,7.166265974133638,-0.06602622206089404,-3715.275
2025-10-07 22:00:00,-0.2457725223212095,7.0192966537150445,-0.06861396479001058,-3459.275
2025-10-07 23:00:00,-0.20997448462161739,6.866933284461882,-0.07058131511302257,-3213.65
2025-10-08 00:00:00,-0.19243486679889488,6.777646593635117,-0.06352398161526729,-2728.95
2025-10-08 01:00:00,-0.15546018444655818,6.82001636467413,-0.07160976378640971,-2710.4
2025-10-08 02:00:00,-0.1235120948469488,6.85751406254539,-0.07152754423495278,-2713.5
2025-10-08 03:00:00,-0.10885339448650022,6.881411303642535,-0.0705698168027018,-2792.099999999999
2025-10-08 04:00:00,-0.08706978859024339,6.954638864880987,-0.07087051288855228,-2967.1
2025-10-08 05:00:00,-0.1281434409248594,6.884486652042782,-0.07849456682596312,-3073.7
2025-10-08 06:00:00,-0.19049639257933837,6.78105762593618,-0.06546328173447868,-3481.0
2025-10-08 07:00:00,-0.06405160203466131,6.693323668269949,-0.05669274423697512,-3675.95
2025-10-08 08:00:00,-0.1752793163191395,6.413458957167357,-0.05447498495762382,-3436.475
2025-10-08 09:00:00,-0.08290136914010482,6.133398042996649,-0.05338095550489541,-3380.7
2025-10-08 10:00:00,-0.11700807944391745,5.872117789475416,-0.053094181127520734,-3290.1
2025-10-08 11:00:00,-0.1933990014636522,5.68697535633982,-0.055185102160352884,-3147.425
2025-10-08 12:00:00,-0.22275913794123836,5.484796933490655,-0.04795161922349056,-3259.95
2025-10-08 13:00:00,-0.2432683483404734,5.60947179518496,-0.052614544733631696,-3237.975
2025-10-08 14:00:00,-0.2852339851569572,5.793013608384144,-0.05940499357140627,-3080.775
2025-10-08 15:00:00,-0.23807908595091343,6.056784013228625,-0.07117724778412349,-3191.55
2025-10-08 16:00:00,-0.2345140388934368,6.373319789577012,-0.06492844066344095,-3337.5
2025-10-08 17:00:00,-0.21889541038849902,6.755768921984255,-0.05964387802904891,-3536.4
2025-10-08 18:00:00,-0.2508569128218263,7.141245122350491,-0.05474061516956574,-3433.15
2025-10-08 19:00:00,-0.24714346395561737,7.371489295214277,-0.046460491577276386,-3505.45
2025-10-08 20:00:00,-0.21814775712915457,7.455876687491824,-0.04385425690158051,-3741.45
2025-10-08 21:00:00,-0.19836170185066582,7.519149957669823,-0.03597822845428311,-4199.175
2025-10-08 22:00:00,-0.17684887992771126,7.527255919373784,-0.04223114454698251,-4250.224999999999
2025-10-08 23:00:00,-0.13768471924949965,7.502186486602924,-0.040289522485776885,-4205.5
2025-10-09 00:00:00,-0.16169946990618156,7.374001859350161,-0.03164538185952637,-3809.475
2025-10-09 01:00:00,-0.17450694692703062,7.280697195384741,-0.03863624593147197,-3595.725
2025-10-09 02:00:00,-0.16796786155343657,7.234898420314831,-0.03386985779561957,-3400.425
2025-10-09 03:00:00,-0.17735047581190155,7.323170717943469,-0.03779043042673802,-3338.75
2025-10-09 04:00:00,-0.20100302761505118,7.513163545234075,-0.04231881380249991,-3550.875
2025-10-09 05:00:00,-0.2817980415667276,7.63433723562832,-0.049839386155500875,-3707.475
2025-10-09 06:00:00,-0.36583850576701593,7.761319180947987,-0.04160409126306597,-3563.825
2025-10-09 07:00:00,-0.4263633464366001,7.80057265467065,-0.030731528132497132,-3344.125
2025-10-09 08:00:00,-0.47412318707683765,7.8160138391590275,-0.03198730131239458,-3504.3
2025-10-09 09:00:00,-0.4468542036512462,7.8343923029104365,-0.04413475199202299,-3785.15
2025-10-09 10:00:00,-0.4474699654503902,7.845416036592485,-0.04847708035681464,-3962.5
2025-10-09 11:00:00,-0.40966220440037704,7.865187954187467,-0.056908516499622586,-4148.425
2025-10-09 12:00:00,-0.42768068542020066,7.5411524551363085,-0.047930683230878124,-3704.725
2025-10-09 13:00:00,-0.4280459609746723,7.388327859577107,-0.04740917216912344,-3365.325
2025-10-09 14:00:00,-0.42475759781516453,7.254884810077338,-0.053239441774774576,-3162.675
2025-10-09 15:00:00,-0.3362412473405372,7.160069207596127,-0.06154548656121328,-3150.525
2025-10-09 16:00:00,-0.27814730503321927,7.183870715062453,-0.06679622281632724,-3171.075
2025-10-09 17:00:00,-0.3064983925596385,7.105786129481271,-0.06751717583803174,-3001.724999999999
2025-10-09 18:00:00,-0.29140457012416165,7.243512974665482,-0.068992954129242,-2977.425
2025-10-09 19:00:00,-0.2761731493960027,7.338238150065589,-0.052965798852540935,-3095.65
2025-10-09 20:00:00,-0.27517743116145077,7.352441100243583,-0.047991135432678966,-3134.25
2025-10-09 21:00:00,-0.27093039853090994,7.415175109613295,-0.04137615824746099,-3158.625
2025-10-09 22:00:00,-0.26661617651214664,7.547501682814967,-0.0442032171306872,-3272.375
2025-10-09 23:00:00,-0.24637369999821113,7.6004023345004,-0.03733905405548654,-3198.15
2025-10-10 00:00:00,-0.25284242636994403,7.7057128238944275,-0.03820933816697192,-3300.4
2025-10-10 01:00:00,-0.2432499305766025,7.796057974316123,-0.03791045427491202,-3456.925
2025-10-10 02:00:00,-0.2375294737963749,7.8399193600125825,-0.032973233472546326,-3537.25
2025-10-10 03:00:00,-0.24412869125023695,7.80057265467065,-0.03376655498576042,-3500.925
2025-10-10 04:00:00,-0.26340793273157814,7.754481547470383,-0.03489487434149563,-3263.35
2025-10-10 05:00:00,-0.27765589403224444,7.7501841622578365,-0.04102914565025095,-3520.0
2025-10-10 06:00:00,-0.3246812518068971,7.738052297689316,-0.03841927347692753,-3332.7
2025-10-10 07:00:00,-0.40850085176500617,7.70210434005105,-0.029662297244314573,-3294.475
2025-10-10 08:00:00,-0.4710402296527527,7.636752112435779,-0.031710022888104206,-3404.474999999999
2025-10-10 09:00:00,-0.48602919913046705,7.577121930876679,-0.03779671062847445,-3344.15
2025-10-10 10:00:00,-0.4652524297437539,7.517520850603031,-0.049037840854861514,-3305.425
2025-10-10 11:00:00,-0.4453798725063689,7.455876687491824,-0.044275507713994244,-3329.025000000001
2025-10-10 12:00:00,-0.39713014503121524,7.496652438168283,-0.043596645810207946,-3484.625
2025-10-10 13:00:00,-0.4198150333276631,7.492760300922379,-0.047755120730942124,-3538.6
2025-10-10 14:00:00,-0.45734245400823603,7.60339933974067,-0.05097451261437502,-3464.75
2025-10-10 15:00:00,-0.382997346132842,7.717796211013582,-0.06530849793616955,-3737.75
2025-10-10 16:00:00,-0.357796030314379,7.827639546366422,-0.05695486766589308,-3957.425
2025-10-10 17:00:00,-0.3496957230037201,7.890582534656536,-0.06476658313541162,-4026.35
2025-10-10 18:00:00,-0.3609092484476033,7.904334842085095,-0.07087412533655346,-3803.825
2025-10-10 19:00:00,-0.300012013895238,7.818027938530729,-0.058842135499899584,-3424.675
2025-10-10 20:00:00,-0.24973300307023383,7.853993087224244,-0.05880575082656847,-3329.025
2025-10-10 21:00:00,-0.22611568296862616,7.830425617820331,-0.050131999929205584,-3676.5
2025-10-10 22:00:00,-0.21045618195393123,7.9215356321335495,-0.043249968419123874,-3785.55
2025-10-10 23:00:00,-0.19747907163181821,7.9211727215870145,-0.03672575361313335,-3633.05
2025-10-11 00:00:00,-0.1808054932629548,7.831220214604293,-0.0220679456576498,-3133.85
2025-10-11 01:00:00,-0.15465898214488183,7.822845290279774,-0.021580734456862594,-3172.625
2025-10-11 02:00:00,-0.12947983665716656,7.783224016336037,-0.019652795117326427,-3203.675
2025-10-11 03:00:00,-0.12687463617490602,7.824046010856292,-0.005297014387259047,-3173.2
2025-10-11 04:00:00,-0.10679937999917355,7.950854857719988,-0.006852998794180998,-3657.575
2025-10-11 05:00:00,-0.11638935906122505,7.870165946469845,-0.025879070181910713,-3456.55
2025-10-11 06:00:00,-0.11053458113546233,7.805474625270857,-0.023129605364061057,-3331.4
2025-10-11 07:00:00,-0.13161823621299273,7.7475968386928855,-0.015544422834940619,-3185.525
2025-10-11 08:00:00,-0.13505019132753793,7.893198869544609,-0.02230502636559617,-3531.0
2025-10-11 09:00:00,-0.13519697082299498,7.840312983320164,-0.0217950116233947,-3540.0
2025-10-11 10:00:00,-0.13741846513496858,7.807916628926408,-0.022552377276632285,-3503.225
2025-10-11 11:00:00,-0.12294996732550612,7.841885928984623,-0.027124876123894914,-3598.45
2025-10-11 12:00:00,-0.11766768024646934,7.67368812926773,-0.026753804131850245,-3316.6
2025-10-11 13:00:00,-0.07375553478768904,7.7025561132685825,-0.025224478578397047,-3147.575
2025-10-11 14:00:00,0.024751275757174174,7.602900462204755,-0.02741371335917897,-3226.175
2025-10-11 15:00:00,-0.12387888559650229,7.641084249174914,-0.029610845621173887,-3284.0
2025-10-11 16:00:00,-0.13317083478655078,7.6128310304073565,-0.029547238734503267,-3222.7
2025-10-11 17:00:00,-0.12097479485712848,7.772331575169614,-0.023388854866544406,-3910.25
2025-10-11 18:00:00,-0.1239874308854092,7.742402021815782,-0.024781176976812702,-4001.3
2025-10-11 19:00:00,-0.08522805782747422,7.703007682479236,-0.026232484600529737,-4052.0
2025-10-11 20:00:00,-0.03247923588934887,7.774015077250727,-0.02655661569778811,-4268.225
2025-10-11 21:00:00,-0.03516977167708557,7.769800996003896,-0.027723065296187954,-4363.199999999999
2025-10-11 22:00:00,-0.05219421001863633,7.77779262633883,-0.022891397581793704,-4320.1
2025-10-11 23:00:00,-0.058471251238271016,7.806696372521179,-0.02310285616194996,-4164.5
2025-10-12 00:00:00,-0.03906312002797385,7.676473646389156,-0.006614034876244013,-3585.35
2025-10-12 01:00:00,-0.0735238949811059,7.785305182539862,-0.0011323466608885724,-3523.6
2025-10-12 02:00:00,-0.07152705140416904,7.8724551500639794,-0.000773366174716017,-3635.1
2025-10-12 03:00:00,-0.09561584619581609,7.9420068084898565,0.008091429623371837,-3627.1
2025-10-12 04:00:00,-0.09365344020152522,7.962067308753666,0.0027887332936797904,-3642.525
2025-10-12 05:00:00,-0.1061203551582417,7.953669778649798,-0.005667836615445232,-3604.925
2025-10-12 06:00:00,-0.09080219594283445,7.930206206684683,-0.008442806292092264,-3663.075
2025-10-12 07:00:00,-0.10856810966185826,7.784473235736469,0.003912844022927686,-3249.875
2025-10-12 08:00:00,-0.10501803367745666,7.853216388156072,-0.005071220644995655,-3343.099999999999
2025-10-12 09:00:00,-0.09353928256140343,7.779885115070522,-0.014536211540159272,-3439.225
2025-10-12 10:00:00,-0.12364988965106072,7.808729306744399,-0.017986332133235194,-3353.85
2025-10-12 11:00:00,-0.14506674417146392,7.727535110475448,-0.023360647826923042,-3187.5
2025-10-12 12:00:00,-0.15091315665892857,7.618742377670413,-0.02609768103913712,-3097.575
2025-10-12 13:00:00,-0.13006930459598065,7.532623618788788,-0.0288403446816643,-2903.5
2025-10-12 14:00:00,-0.13203699208181296,7.532623618788788,-0.02742095306138026,-2947.075
2025-10-12 15:00:00,-0.1528830855234662,7.618251097876695,-0.03056982392396357,-3037.925
2025-10-12 16:00:00,-0.1991330417218009,7.562681246721884,-0.023882596168062875,-3453.0
2025-10-12 17:00:00,-0.20386157757294665,7.788211557847076,-0.011397122585159458,-4050.275
2025-10-12 18:00:00,-0.24999360941927184,7.789040401657477,-0.0128874454454726,-4150.15
2025-10-12 19:00:00,-0.195872356334025,7.836369760545124,-0.006210321964894128,-4461.775000000001
2025-10-12 20:00:00,-0.17384548673939682,7.786551806428712,-0.006156080325219193,-4058.5
2025-10-12 21:00:00,-0.2012734628656938,7.773594467360194,0.004165450692736883,-3828.375
2025-10-12 22:00:00,-0.2202763431736856,7.655864017616056,0.011063553439819351,-3487.025
2025-10-12 23:00:00,-0.215659651075224,7.630946580890459,0.01741284712582214,-3276.975
2025-10-13 00:00:00,-0.15531718797758653,7.767263996757308,0.003450609472609223,-3419.05
2025-10-13 01:00:00,-0.16062253021587747,7.773173680482536,0.009759810349184939,-3352.95
2025-10-13 02:00:00,-0.14810117712293458,7.7336835707759,0.012684580155490899,-3332.65
2025-10-13 03:00:00,-0.1502726206591185,7.710653323501202,0.013116202339201521,-3422.224999999999
2025-10-13 04:00:00,-0.15171490692229161,7.716460800176355,0.013005881227152294,-3508.075
2025-10-13 05:00:00,-0.20371580945564993,7.694392802629421,0.017743205639581205,-3785.5
2025-10-13 06:00:00,-0.21194975040228492,7.633369649679584,0.019784741123158867,-4104.55
2025-10-13 07:00:00,-0.2136614803892165,7.613324979540639,0.02394773977144027,-4511.775
2025-10-13 08:00:00,-0.24388127433426554,7.421177528595393,0.023729372942587368,-4268.275
2025-10-13 09:00:00,-0.17651742729294995,7.2305631534092925,0.017647757037908995,-4435.925
2025-10-13 10:00:00,-0.16407311137431435,6.946013991099227,0.010231658289400869,-4211.975
2025-10-13 11:00:00,-0.18366962139754106,6.726233402358747,0.008635839545918955,-4076.575
2025-10-13 12:00:00,-0.17207539580523168,6.511745329644728,0.012469873097328943,-4227.05
2025-10-13 13:00:00,-0.09863238578508726,6.380122536899765,0.012652340710704202,-4286.25
2025-10-13 14:00:00,-0.11068475570972813,6.263398262591624,0.013116323918488604,-4262.875
2025-10-13 15:00:00,-0.07553846382989748,6.20455776256869,0.008699813364257736,-4271.225
2025-10-13 16:00:00,-0.011038570836973793,6.102558594613569,0.006288625802008951,-4263.525000000001
2025-10-13 17:00:00,0.08380855643411422,6.063785208687608,0.011764966033667612,-4222.125
2025-10-13 18:00:00,0.09307683108359388,6.028278520230698,0.024027838354386155,-4176.375
2025-10-13 19:00:00,0.16352625290895872,5.929589143389895,0.025799502767901217,-4201.425
2025-10-13 20:00:00,0.2935999070140687,5.8289456176102075,0.016585686756561913,-4222.025
2025-10-13 21:00:00,0.5430853202048427,5.700443573390687,0.017966353255863154,-4327.75
2025-10-13 22:00:00,0.7156879583209408,5.556828061699537,0.02062400643641915,-4332.424999999999
2025-10-13 23:00:00,0.5491488861452973,5.407171771460119,0.024213761299648695,-4347.2
2025-10-14 00:00:00,0.8604471826463547,4.844187086458591,0.02084507606085584,-4155.125
2025-10-14 01:00:00,0.8691665576851557,4.804021044733257,0.019091949528290186,-4199.049999999999
2025-10-14 02:00:00,0.8409248703957193,4.8283137373023015,0.020457592380751954,-4204.049999999999
2025-10-14 03:00:00,0.8462603163983538,5.017279836814924,0.024105781805248583,-4214.875
2025-10-14 04:00:00,0.825609476980663,5.25227342804663,0.02495531392703043,-4249.674999999999
2025-10-14 05:00:00,0.6727498424151976,5.545177444479562,0.019780144489022433,-4141.974999999999
2025-10-14 06:00:00,0.17157697892337165,5.736572297479192,0.020272591886098645,-3639.825
2025-10-14 07:00:00,-0.10584945832806358,5.998936561946683,0.015786334345309072,-3621.425
2025-10-14 08:00:00,-0.05557032455898847,6.102558594613569,0.013308303790457998,-3632.425
2025-10-14 09:00:00,-0.09241339403894511,6.144185634125646,0.01053345161379493,-3729.15
2025-10-14 10:00:00,-0.18153474035223383,6.1903154058531475,0.007044633948995127,-3659.0
2025-10-14 11:00:00,-0.18167842008973611,6.230481447578482,0.014398822816088064,-3713.599999999999
2025-10-14 12:00:00,-0.223968353359985,6.375024819828097,0.009185119732526559,-3542.2
2025-10-14 13:00:00,-0.2827922306629298,6.618738983517219,0.0021420867286439105,-3342.5
2025-10-14 14:00:00,-0.32114505886728084,6.878326468291325,-0.010611559875478349,-3397.15
2025-10-14 15:00:00,-0.283303866925257,6.946013991099227,-0.016626229943672577,-3335.45
2025-10-14 16:00:00,-0.29949776866135114,6.985641817639208,-0.017065824495704263,-3030.125
2025-10-14 17:00:00,-0.2761765555173943,7.218176838403408,-0.013801712199809302,-3106.675
2025-10-14 18:00:00,-0.31012529239334485,7.344719054149673,-0.00567609031275218,-3145.8
2025-10-14 19:00:00,-0.3285178086229914,7.507141079727608,-0.010098846917549587,-3187.4
2025-10-14 20:00:00,-0.30080378144658315,7.638198244285779,-0.012438211616080608,-3527.5
2025-10-14 21:00:00,-0.27662903601987665,7.661527081358517,-0.012395613927135507,-3884.650000000001
2025-10-14 22:00:00,-0.260821240646151,7.6708948313621175,-0.008062057025598257,-4001.375
2025-10-14 23:00:00,-0.2217244390379256,7.687997166393016,-0.008589639085054834,-4063.275
2025-10-15 00:00:00,-0.1925256727013407,7.562161631225652,-0.004511724227815428,-3984.725
2025-10-15 01:00:00,-0.16266003327457135,7.527793987721444,-0.010542352388422493,-3970.5
2025-10-15 02:00:00,-0.144712356570329,7.533158807455563,-0.00488063394260152,-3930.475
2025-10-15 03:00:00,-0.13803985848014255,7.539027055823995,-0.00715184053952278,-3940.6
2025-10-15 04:00:00,-0.13065497912119461,7.588829878307813,-0.0095663123847336,-4087.175
2025-10-15 05:00:00,-0.16123877384297058,7.677400430514807,-0.00714844546233806,-4393.75
2025-10-15 06:00:00,-0.18741201031474652,7.834788107388194,0.005703766234000263,-4941.275
2025-10-15 07:00:00,-0.2573604747671454,7.907651594711089,0.0036966901844195377,-5197.425
2025-10-15 08:00:00,-0.2923241868649833,7.8050670442584895,-0.0012388215530592106,-4860.150000000001
2025-10-15 09:00:00,-0.33336235372410083,7.708859601047175,-0.015724236066890995,-4519.15
2025-10-15 10:00:00,-0.32022205630335465,7.651595573857601,-0.024025616826439666,-4555.3
2025-10-15 11:00:00,-0.3095433518724433,7.553810852008231,-0.023114843202024282,-4352.4
2025-10-15 12:00:00,-0.31199027166918114,7.530479995245536,-0.01958896931536902,-4301.1
2025-10-15 13:00:00,-0.34770114772106986,7.535830462798367,-0.027325840781707633,-4058.7
2025-10-15 14:00:00,-0.3426472085281609,7.526178913346146,-0.03168959372485958,-4255.75
2025-10-15 15:00:00,-0.29295872934027445,7.520234556474628,-0.036246699677380256,-4322.475
2025-10-15 16:00:00,-0.2942900354841096,7.566311014772463,-0.03446923317873196,-4372.85
2025-10-15 17:00:00,-0.26898385589216467,7.629975707027789,-0.03150409027284429,-4448.25
2025-10-15 18:00:00,-0.2886573857540191,7.734558844354756,-0.02513318937962783,-4081.125
2025-10-15 19:00:00,-0.2908488185798741,7.771488760117616,-0.030344555115934035,-3824.55
2025-10-15 20:00:00,-0.3071846366110478,7.7025561132685825,-0.03363850403998114,-3273.05
2025-10-15 21:00:00,-0.352974969867045,7.75190533307861,-0.03250801097527578,-2998.325
2025-10-15 22:00:00,-0.3183173626533047,7.765993079407675,-0.032017778505363914,-3401.725
2025-10-15 23:00:00,-0.2777871194359589,7.776535028185241,-0.03403559340947737,-3445.95
2025-10-16 00:00:00,-0.24684170977342434,7.990576881743923,-0.039422478737798805,-4025.05
2025-10-16 01:00:00,-0.251361808407081,7.99699040583765,-0.0472484223808145,-3988.275
2025-10-16 02:00:00,-0.24403301503697872,7.975564658495202,-0.045854022529169036,-3992.825
2025-10-16 03:00:00,-0.2507559828298156,7.9672801789422,-0.039121102612443615,-4015.125
2025-10-16 04:00:00,-0.267660571938126,7.960672608388117,-0.033802548771007856,-4008.85
2025-10-16 05:00:00,-0.297611554877534,7.974532844130228,-0.021141222068758125,-4150.85
2025-10-16 06:00:00,-0.38637233450445585,7.925518979786926,-0.012045289021521022,-3806.875
2025-10-16 07:00:00,-0.41966868185915196,7.88570539124302,-0.004927186689434926,-3710.975
2025-10-16 08:00:00,-0.4888293344665331,7.908754738783246,-0.0005483976752653774,-3585.05
2025-10-16 09:00:00,-0.4488103311437954,7.891704659330107,-0.006870166331290228,-3718.1
2025-10-16 10:00:00,-0.42502593261062627,7.993619994827744,-0.007000303076851289,-4332.575000000001
2025-10-16 11:00:00,-0.4300838724515117,8.045588280803528,-0.012655986882577963,-4496.375
2025-10-16 12:00:00,-0.38352098366499465,8.130942302231878,-0.011255204672472097,-4493.349999999999
2025-10-16 13:00:00,-0.3902952069308432,8.057060681965766,-0.01502917778278512,-4302.299999999999
2025-10-16 14:00:00,-0.4039943346788939,8.014004994779459,-0.024102847688118878,-4192.625
2025-10-16 15:00:00,-0.32108325346283495,8.011355109161286,-0.021925137515310666,-4282.425
2025-10-16 16:00:00,-0.2741213546166663,8.037866234709618,-0.015560072918634482,-4428.725
2025-10-16 17:00:00,-0.2886471509418609,8.04237800517328,-0.007123519955148261,-4488.775000000001
2025-10-16 18:00:00,-0.2783126968010059,8.036573409707312,-0.004733334123028676,-4932.275
2025-10-16 19:00:00,-0.2613029869165513,8.014996894348302,0.006468425362837316,-4778.25
2025-10-16 20:00:00,-0.25307605796772004,7.908019444632471,0.011289580792428033,-4357.575000000001
2025-10-16 21:00:00,-0.23331534458518277,7.934513463882263,0.013393385295450422,-4614.875
2025-10-16 22:00:00,-0.21301858462203205,7.883069351305753,0.016634253670196664,-4573.1
2025-10-16 23:00:00,-0.18127805554030818,7.848543482456679,0.0231754739976493,-4507.025
2025-10-17 00:00:00,-0.17225058019063244,7.8547691834991324,0.03307082689642993,-4527.2
2025-10-17 01:00:00,-0.15270044254116844,7.853604813097837,0.0362445092559005,-4698.625
2025-10-17 02:00:00,-0.12946283279106963,7.843848638152472,0.04141758410803664,-4902.7
2025-10-17 03:00:00,-0.12389974045764607,7.815207062189088,0.047393301029218904,-4997.1
2025-10-17 04:00:00,-0.123051754427276,7.830822995135316,0.0476003483880012,-5085.775
2025-10-17 05:00:00,-0.1441490259383844,7.793586803371584,0.04295303384886662,-4996.125
2025-10-17 06:00:00,-0.18599715126580696,7.691200097522863,0.04727544762795599,-4998.075
2025-10-17 07:00:00,-0.23682608323849808,7.716015266642587,0.048756964094962996,-5125.849999999999
2025-10-17 08:00:00,-0.18533379169276154,7.656810091480378,0.04435619999910401,-5310.15
2025-10-17 09:00:00,-0.2220597679222971,7.570443252057374,0.03990192965597572,-5291.075
2025-10-17 10:00:00,-0.12291580033485028,7.443663683115591,0.03330426695108457,-5150.025
2025-10-17 11:00:00,-0.07715075731388366,7.359467638255621,0.027163963280752768,-5030.9
2025-10-17 12:00:00,-0.0010477291376504994,7.29641326877392,0.028910899221432196,-4936.575
2025-10-17 13:00:00,-0.12966990544348445,7.310550158534422,0.023060976041405112,-4940.125
2025-10-17 14:00:00,-0.2749721986825322,7.3833681469923835,0.015282379053701334,-4787.85
2025-10-17 15:00:00,-0.21578647075136503,7.438971592395862,0.00942915750767348,-4875.549999999999
2025-10-17 16:00:00,-0.20385271181497622,7.48605261786314,0.0171941309704291,-4848.775
2025-10-17 17:00:00,-0.1848497540597136,7.59488438721652,0.024651193203580668,-5062.85
2025-10-17 18:00:00,-0.1922933059883185,7.755338812846501,0.025618665089700343,-5085.825
2025-10-17 19:00:00,-0.14488979438703442,7.846198815497425,0.03620602412737206,-5132.55
2025-10-17 20:00:00,-0.09192748515297255,7.879669914604289,0.04229036604480019,-5117.85
2025-10-17 21:00:00,-0.08692808966233612,7.8160138391590275,0.04980844825928088,-5066.400000000001
2025-10-17 22:00:00,-0.07981778174314247,7.790282380703483,0.0608767407897739,-4980.75
2025-10-17 23:00:00,-0.05867602746899969,7.773594467360194,0.06106017377811135,-4943.425
2025-10-18 00:00:00,-0.02804608308589085,7.698936199813447,0.08172884802399327,-4765.725
2025-10-18 01:00:00,-0.01163770407622744,7.68662133494462,0.0769624003276439,-4697.575000000001
2025-10-18 02:00:00,0.014808407412903346,7.679713639966372,0.0767462481422303,-4714.725
2025-10-18 03:00:00,0.019510850405068947,7.68017564043659,0.08226281871220831,-4638.275
2025-10-18 04:00:00,0.030954918872506898,7.674617497364363,0.08875519919145791,-4656.25
2025-10-18 05:00:00,0.023510381302300765,7.682482446534506,0.07849864441400722,-4758.825
2025-10-18 06:00:00,0.03633199484656968,7.659171367666058,0.08839807864682037,-4741.325
2025-10-18 07:00:00,0.026805124420045345,7.6638772587034705,0.09391217004488883,-4839.45
2025-10-18 08:00:00,0.004061324909435893,7.656810091480378,0.07567538199460788,-4844.700000000001
2025-10-18 09:00:00,0.002181528889147355,7.68662133494462,0.06833523705283984,-4818.049999999999
2025-10-18 10:00:00,0.032378563490413015,7.669961995473577,0.07039015557742534,-4823.95
2025-10-18 11:00:00,0.05116972914939755,7.6128310304073565,0.06540983700839487,-4723.475
2025-10-18 12:00:00,0.06828599238960908,7.5480289699350145,0.066529119656634,-4689.275
2025-10-18 13:00:00,0.1266302538416637,7.604396348796338,0.05867840974096605,-4729.875
2025-10-18 14:00:00,0.20839733605601918,7.621684998724611,0.05372797428496501,-4772.7
2025-10-18 15:00:00,0.055073662858278194,7.601402334583733,0.04934652112520954,-4797.725
2025-10-18 16:00:00,0.025948591306107716,7.633853559681768,0.046438668243418135,-4670.699999999999
2025-10-18 17:00:00,-0.028481589597719736,7.7336835707759,0.05051313133469115,-4675.675
2025-10-18 18:00:00,-0.04418351241130791,7.8674885686991285,0.04398387812915505,-4594.825000000001
2025-10-18 19:00:00,-0.03341217274150532,7.81156848934518,0.03589929650647594,-4296.375
2025-10-18 20:00:00,0.004603018221837729,7.8826922062890254,0.036306395413626014,-4264.2
2025-10-18 21:00:00,0.0007675259939898815,7.894690850425624,0.03182886360085302,-4430.049999999999
2025-10-18 22:00:00,-0.001328279665359755,7.906547232368036,0.03736779393640255,-4622.825
2025-10-18 23:00:00,0.0075968296555237735,7.9017475185201445,0.0348392288611965,-4681.125
2025-10-19 00:00:00,-0.0019074203919209332,7.920446505142607,0.06129388478463227,-4444.975
2025-10-19 01:00:00,-0.029892967789033165,7.877017895622398,0.06663653446517426,-4212.975
2025-10-19 02:00:00,-0.009405612147009634,7.874358824729881,0.06549291054506767,-4200.375
2025-10-19 03:00:00,-0.019321549838278163,7.8567067930958405,0.06987484487937579,-4110.125
2025-10-19 04:00:00,-0.005546172691258455,7.862497197230545,0.0632974780169544,-4201.05
2025-10-19 05:00:00,-0.010783482231398356,7.8636512654486515,0.05044521188229378,-4205.35
2025-10-19 06:00:00,-0.0009749014723037241,7.8336002236611035,0.05341983410268103,-4346.625
2025-10-19 07:00:00,0.01224902897512159,7.813187267521416,0.05778365951824238,-4395.325
2025-10-19 08:00:00,0.0325538184080254,7.822044008185619,0.05584313027675414,-4565.724999999999
2025-10-19 09:00:00,0.03403654505728637,7.789454566086673,0.05146098706614044,-4525.725
2025-10-19 10:00:00,0.014766459338740212,7.753194269884341,0.03930857252791764,-4469.25
2025-10-19 11:00:00,-0.005141136379734235,7.659171367666058,0.03190867238763495,-4106.75
2025-10-19 12:00:00,-0.00786516155436301,7.628031126930335,0.028627218650109754,-4218.55
2025-10-19 13:00:00,0.025216771322594145,7.633853559681768,0.01782250973134314,-4276.0
2025-10-19 14:00:00,0.04380572248718284,7.642044402873258,0.01435416300385306,-4437.1
2025-10-19 15:00:00,0.01803368120354376,7.577633832602728,0.014741460590735223,-4584.025000000001
2025-10-19 16:00:00,-0.06373051530855856,7.634820677745543,0.02977896457209983,-4546.900000000001
2025-10-19 17:00:00,-0.1297075702022754,7.704361167910313,0.02858599326256872,-4538.799999999999
2025-10-19 18:00:00,-0.17261287575335826,7.722234744709607,0.034115741839188196,-4600.1
2025-10-19 19:00:00,-0.1101957518876091,7.791935956938058,0.030820712152813456,-4815.025
2025-10-19 20:00:00,-0.03475737237343779,7.77485576666552,0.032515031275343276,-5050.625
2025-10-19 21:00:00,-0.04532935752980549,7.688913336864796,0.028111862886647465,-5021.174999999999
2025-10-19 22:00:00,-0.04244353904836018,7.5740450053721995,0.03437463230826676,-4832.950000000001
2025-10-19 23:00:00,-0.03568477612696963,7.449498005382849,0.03667894574955888,-4554.3
2025-10-20 00:00:00,-0.01326995711015222,7.3427791893318455,0.03893519139814394,-4730.85
2025-10-20 01:00:00,0.10966291943990125,7.212294468500341,0.04425680266852261,-4785.975
2025-10-20 02:00:00,0.18997181560675314,7.0967213784947605,0.046671488836899755,-4749.65
2025-10-20 03:00:00,0.22391492705854166,7.014814351275545,0.044604950042933744,-4765.15
2025-10-20 04:00:00,0.2608481061532526,6.950814768442584,0.04345247033571997,-4699.1
2025-10-20 05:00:00,0.5426464049255921,6.90975328164481,0.04604698180243272,-4580.125
2025-10-20 06:00:00,0.8189299611591991,6.86484777797086,0.050472080624959226,-4250.525
2025-10-20 07:00:00,0.6767072613834406,6.852242569051878,0.0550867372325019,-3952.1
2025-10-20 08:00:00,0.7075768953340695,6.906754778648554,0.0549259708258214,-3874.224999999999
2025-10-20 09:00:00,0.756964006519782,6.9411900550683745,0.053585916117452115,-4041.475
2025-10-20 10:00:00,0.8019218375063275,6.9167150203536085,0.04348147447615425,-4121.125
2025-10-20 11:00:00,0.7202289456114368,6.892641641172089,0.042111768742308264,-4181.475
2025-10-20 12:00:00,0.6227736960075116,6.887552571664617,0.03950571006642445,-4214.875
2025-10-20 13:00:00,0.6440620814266955,6.85751406254539,0.029792556794359548,-4177.65
2025-10-20 14:00:00,0.6707285620680876,6.877296071497429,0.027035178177983177,-4215.775
2025-10-20 15:00:00,0.7453415740303129,6.977281341630747,0.025667346620960707,-4446.400000000001
2025-10-20 16:00:00,0.8076742863661277,7.122059881629142,0.03391613224273193,-4575.125
2025-10-20 17:00:00,0.7735636535114834,7.273786317844895,0.03722458964498809,-4730.725
2025-10-20 18:00:00,0.7630330113599992,7.405495663199472,0.041656096408005716,-4770.85
2025-10-20 19:00:00,0.5225046215914073,7.507690077819904,0.04425210219869591,-4905.949999999999
2025-10-20 20:00:00,0.3291698689635756,7.575071699507561,0.04446022352254175,-4956.7
2025-10-20 21:00:00,0.2636728283179335,7.616775808698373,0.04273875626344825,-5012.375
2025-10-20 22:00:00,0.04275179011704333,7.655390644826152,0.04237005432174534,-5010.925
2025-10-20 23:00:00,-0.060044167852463026,7.688455356549944,0.050835703867883275,-4977.5
2025-10-21 00:00:00,-0.13228569387213351,7.70850496007255,0.04391835222515805,-4520.1
2025-10-21 01:00:00,-0.11803275836847948,7.78044098061553,0.03890683931534955,-4775.650000000001
2025-10-21 02:00:00,-0.08194097627469032,7.7684529594323575,0.03911484998529424,-4892.725
2025-10-21 03:00:00,-0.06500117874336953,7.75332736536337,0.04089200126166226,-5061.825
2025-10-21 04:00:00,-0.07888260040075057,7.724442226710827,0.04028833434586154,-4915.925
2025-10-21 05:00:00,-0.1550973295263285,7.624638517218666,0.02921974260574256,-4471.2
2025-10-21 06:00:00,-0.13176518443141827,7.690944240216741,0.03234738184239028,-4812.2
2025-10-21 07:00:00,-0.17986539394321444,7.737873554601511,0.02838492618163091,-5387.225
2025-10-21 08:00:00,-0.19027570992910192,7.742332574959961,0.02684312779546616,-5433.55
2025-10-21 09:00:00,-0.26221620834707293,7.767056523923861,0.021548511844472706,-4988.425
2025-10-21 10:00:00,-0.2860868137653454,7.775951804452063,0.02287609916567579,-4614.85
2025-10-21 11:00:00,-0.29398986602268673,7.7830823396337,0.025489509510245867,-4648.325
2025-10-21 12:00:00,-0.29958480104884844,7.8003269242357,0.027927301542267635,-4824.975
2025-10-21 13:00:00,-0.24167596506338507,7.875677847931799,0.027021682611267472,-5426.025
2025-10-21 14:00:00,-0.19408858932193418,7.881405071232045,0.015108052075450296,-5430.674999999999
2025-10-21 15:00:00,-0.22902632436557635,7.858551779955856,0.0035324477859566272,-4978.9
2025-10-21 16:00:00,-0.256173507854236,7.822989452895453,0.004936672970781153,-4728.950000000001
2025-10-21 17:00:00,-0.2280895185674625,7.853057090309559,0.0024929978750245496,-4824.525
2025-10-21 18:00:00,-0.24363180347315172,7.965864966562923,0.003212857104494482,-4600.949999999999
2025-10-21 19:00:00,-0.27362598105547464,7.890709772070496,-0.0036817125969159648,-4178.725
2025-10-21 20:00:00,-0.28977610076952054,7.8157557413385215,-0.011340516665026001,-3637.125
2025-10-21 21:00:00,-0.31001157331096074,7.7786217755871245,-0.01746176605177041,-3267.875
2025-10-21 22:00:00,-0.2697588286403487,7.804740859798287,-0.00864395986424693,-3570.4
2025-10-21 23:00:00,-0.22372662390772602,7.835792747008818,-0.009196988025680142,-3711.3
2025-10-22 00:00:00,-0.19625583214634768,7.738148195444946,0.023431726935569053,-3593.55
2025-10-22 01:00:00,-0.16083238038530956,7.745046092622142,0.009222396837262004,-3604.575
2025-10-22 02:00:00,-0.1361230634035806,7.744569809354496,-0.012647663280261234,-3570.425
2025-10-22 03:00:00,-0.14176044690378564,7.735800417990041,-0.00715184053952278,-3482.475
2025-10-22 04:00:00,-0.11773383715313201,7.766950653851749,-0.008927130515736792,-3632.65
2025-10-22 05:00:00,-0.20862262016920274,7.723810119629409,-0.0041061553154140285,-3330.9
2025-10-22 06:00:00,-0.23350892815537527,7.787170385833137,-0.01362599990566693,-3857.85
2025-10-22 07:00:00,-0.27624291527286404,7.88415850155597,-0.006570895289748968,-4514.725
2025-10-22 08:00:00,-0.2953872444386145,7.918250124649613,-0.0028435290383601597,-4651.15
2025-10-22 09:00:00,-0.3126232533928368,7.924672940753588,0.02056576533830956,-4571.0
2025-10-22 10:00:00,-0.32128635795592553,7.918268326423559,0.02437092403541108,-4520.425
2025-10-22 11:00:00,-0.30491000133981405,7.903008750959343,0.029727638172355242,-4459.825
2025-10-22 12:00:00,-0.3043239834539251,7.901388460728342,0.04064078576345764,-4434.575
2025-10-22 13:00:00,-0.31260982790979996,7.8900472117560785,0.0300217341294573,-4430.1
2025-10-22 14:00:00,-0.3274724105089257,7.855777209017746,0.047651974568506894,-4424.75
2025-10-22 15:00:00,-0.2935837572636535,7.835357790754605,0.037499441608221495,-4327.424999999999
2025-10-22 16:00:00,-0.27288989689581955,7.860088602203222,0.022750907151158906,-4653.400000000001
2025-10-22 17:00:00,-0.28069348689465246,7.856412518287512,0.017855889240038003,-4278.25
2025-10-22 18:00:00,-0.27699701505327035,7.857906228344394,0.007813467487127745,-4407.65
2025-10-22 19:00:00,-0.2363104686533175,7.843169976541219,0.010697922262672854,-4599.424999999999
2025-10-22 20:00:00,-0.19534719358941777,7.80810766758793,0.01054317075068223,-4653.424999999999
2025-10-22 21:00:00,-0.2005319357855,7.781468309317403,0.0060018437866000696,-4653.65
2025-10-22 22:00:00,-0.2271294056236135,7.653428493793529,0.006098826333150065,-3904.95
2025-10-22 23:00:00,-0.21060018023117388,7.530662382045529,-0.00576081494131131,-3547.875
2025-10-23 00:00:00,-0.17812222996626037,7.4581803903111705,-0.008039820081601867,-3977.0
2025-10-23 01:00:00,-0.16368175870781565,7.365863436814806,-0.019040582986422194,-4095.3
2025-10-23 02:00:00,-0.14165860473344027,7.355526080384968,-0.026616281646727913,-4146.275
2025-10-23 03:00:00,-0.1265983477841086,7.328693393652997,-0.027866432340750258,-4325.7
2025-10-23 04:00:00,-0.09249904541394649,7.205308471229181,-0.026652697058100472,-4496.025
2025-10-23 05:00:00,-0.0587822006784231,7.053957308969705,-0.021756417412675866,-4480.125
2025-10-23 06:00:00,0.07269908687708693,6.893220154004312,-0.02642574966399991,-4682.775000000001
2025-10-23 07:00:00,0.28497126710585796,6.721835255465894,-0.01418399114996749,-4618.7
2025-10-23 08:00:00,0.5688488398580898,6.561525592904943,-0.010738885432097334,-4591.049999999999
2025-10-23 09:00:00,0.7279134489009378,6.413196627680018,-0.008485240706588293,-4583.625
2025-10-23 10:00:00,0.7507330292713679,6.21967523875521,-0.005376486752523668,-4554.2
2025-10-23 11:00:00,0.7629250570640886,6.021799746904055,-0.007736600082759892,-4453.275
2025-10-23 12:00:00,0.7775692880525256,5.837817906898077,-0.009594534487331607,-4428.0
2025-10-23 13:00:00,0.7772115577728194,5.723062089388157,-0.008343916115547856,-4412.25
2025-10-23 14:00:00,0.752153469671331,5.636324139451677,0.0003700088306066718,-4388.175
2025-10-23 15:00:00,0.8665327410156252,5.622391636440687,0.007062399357941729,-4372.575
2025-10-23 16:00:00,0.9107232378010419,5.725902675740284,-0.000473579885253983,-4554.7
2025-10-23 17:00:00,0.8987614074394568,5.927885565465111,0.004425164829633843,-4612.3
2025-10-23 18:00:00,0.9082199325288363,6.0879104453762345,-0.009451560438225926,-4658.65
2025-10-23 19:00:00,0.9205108926883234,6.159053104299872,0.005409103229878198,-4714.724999999999
2025-10-23 20:00:00,0.6494540069679111,6.164198623877111,0.0021028098862361233,-4662.325000000001
2025-10-23 21:00:00,0.6098636057627296,6.144292924507166,0.006778146176730893,-4624.975
2025-10-23 22:00:00,0.6084927838995746,6.134503722180521,0.00521860458652057,-4604.675
2025-10-23 23:00:00,0.5217187505759808,6.1204952015884775,-0.01269208862777127,-4573.375
2025-10-24 00:00:00,0.15746924415489527,6.271043250771594,-0.0025594776961783694,-4253.924999999999
2025-10-24 01:00:00,0.027415976426138133,6.271834009984118,-0.01193496787165138,-4212.349999999999
2025-10-24 02:00:00,-0.05846691251769931,6.248240630582035,-0.021162072544201216,-3919.75
2025-10-24 03:00:00,-0.1003973981822468,6.323218527386222,-0.022600593325470264,-3583.925
2025-10-24 04:00:00,-0.12658791749800136,6.201533497114823,-0.018739434119209974,-3369.900000000001
2025-10-24 05:00:00,-0.061323794924796005,6.480544820212192,-0.01508575115822719,-4184.049999999999
2025-10-24 06:00:00,0.26470088010766446,6.659231097197526,-0.02102753076505781,-4773.150000000001
2025-10-24 07:00:00,0.6727024908076729,6.701997834588053,-0.012060082596187627,-4821.175000000001
2025-10-24 08:00:00,0.6024375034284377,6.75183628661141,-0.011606112986563666,-4846.599999999999
2025-10-24 09:00:00,0.607747066415981,6.7744798535952055,-0.009426013499258978,-4847.75
2025-10-24 10:00:00,0.26851956730144044,6.757287849319949,-0.007561063574898164,-4736.8
2025-10-24 11:00:00,0.06973780985359435,6.72604063797753,0.008571130204136246,-4633.425
2025-10-24 12:00:00,-0.04866964686266906,6.712246045782109,0.010591421381664468,-4716.975
2025-10-24 13:00:00,0.2142861184859859,6.727346391868783,0.015435666762448008,-4539.15
2025-10-24 14:00:00,0.24934851489060383,6.783080266872883,0.013637190857012982,-4613.75
2025-10-24 15:00:00,0.11946492216227123,6.912472385919092,0.029948235942057977,-4815.95
2025-10-24 16:00:00,0.17303140976459863,7.0682346049019324,0.034116798166336615,-5092.700000000001
2025-10-24 17:00:00,-0.12475199118536251,7.199356785407707,0.03752801290057928,-5154.650000000001
2025-10-24 18:00:00,0.2180253773640506,7.324835832520585,0.017880684772264566,-5468.65
2025-10-24 19:00:00,-0.047875208007778,7.426198862271373,0.03620602412737206,-5529.975
2025-10-24 20:00:00,-0.018589248279122117,7.517166983651681,0.043891647411774315,-5631.125
2025-10-24 21:00:00,-0.029352196384384133,7.5909242170493885,0.04381224604711598,-5624.175
2025-10-24 22:00:00,-0.02280928097807111,7.6504793379802,0.039539603401641976,-5684.675
2025-10-24 23:00:00,0.01947300732453705,7.708936124151523,0.02594831650136875,-5762.05
2025-10-25 00:00:00,0.0002276515294985515,7.811198635619528,0.021874176198848794,-5580.0
2025-10-25 01:00:00,-0.021164885094000496,7.826355442065969,0.011506941696841189,-5240.075000000001
2025-10-25 02:00:00,-0.033662924541433714,7.787718173300531,-0.004455938399893888,-4872.924999999999
2025-10-25 03:00:00,-0.07026582388767588,7.7570923088493196,-0.017884129892730805,-4311.825000000001
2025-10-25 04:00:00,-0.07140089609501832,7.783249849335696,-0.03612987356789432,-4279.45
2025-10-25 05:00:00,-0.07782029668430868,7.7915254017920255,-0.005781148969849603,-4378.225
2025-10-25 06:00:00,-0.04973970908011882,7.820250215933106,-0.01804053585658938,-4764.125
2025-10-25 07:00:00,-0.010130518464170901,7.931510122404026,-0.022408724358840004,-5439.625
2025-10-25 08:00:00,-0.003030290039530481,7.9928431063623355,-0.0010856791388542675,-5873.0
2025-10-25 09:00:00,-0.0035204304039648804,7.958113509750165,0.030616158312989583,-5687.125
2025-10-25 10:00:00,-0.0019231269437574028,7.928375214895061,0.0447047680999324,-5736.949999999999
2025-10-25 11:00:00,0.016467533472149132,7.9177607367824905,0.04689598422176644,-5876.674999999999
2025-10-25 12:00:00,0.08852511986999723,7.94349982775781,0.017428873594909078,-6347.575
2025-10-25 13:00:00,0.12464284013682558,7.869692954565694,0.062097216489751084,-5861.125
2025-10-25 14:00:00,0.19624570921038176,7.788280792597891,0.0718999678030885,-5528.749999999999
2025-10-25 15:00:00,0.06018876352504865,7.720222091806759,0.06731443854137176,-5545.174999999999
2025-10-25 16:00:00,0.03765822973196764,7.663609147647542,0.07485588096699569,-5224.35
2025-10-25 17:00:00,-0.015975656328062637,7.602742141289427,0.06908623089830446,-4855.475
2025-10-25 18:00:00,-0.027715010645832816,7.544880238226175,0.04875715688181348,-4892.425
2025-10-25 19:00:00,-0.021058923086477055,7.47699517766433,0.0527337967042687,-4709.15
2025-10-25 20:00:00,0.028129474648376007,7.446892957248807,0.06223888308534331,-4727.275
2025-10-25 21:00:00,0.03411674244888685,7.429513127623169,0.04603768463182334,-4850.8
2025-10-25 22:00:00,0.008387630134012891,7.412952593489276,0.04552159566333547,-4696.15
2025-10-25 23:00:00,0.023730364185142072,7.3823338957447415,0.05461811756673551,-4685.450000000001
2025-10-26 00:00:00,-0.006135011680461933,7.039990488173747,0.047829789099751,-3971.5
2025-10-26 01:00:00,0.0008187693748715752,7.083484738904338,0.03364256751572192,-4167.35
2025-10-26 02:00:00,0.001115169630689472,7.142395687433298,0.009711657796910522,-3998.125
2025-10-26 02:00:00,0.001115169630689472,7.142395687433298,0.009711657796910522,-3998.125
2025-10-26 02:00:00,0.001115169630689472,7.142395687433298,0.009711657796910522,-3998.125
2025-10-26 02:00:00,0.001115169630689472,7.142395687433298,0.009711657796910522,-3998.125
2025-10-26 02:00:00,-0.027585464357220868,7.1918155506243275,0.0057926455961752055,-3731.575
2025-10-26 02:00:00,-0.027585464357220868,7.1918155506243275,0.0057926455961752055,-3731.575
2025-10-26 02:00:00,-0.027585464357220868,7.1918155506243275,0.0057926455961752055,-3731.575
2025-10-26 02:00:00,-0.027585464357220868,7.1918155506243275,0.0057926455961752055,-3731.575
2025-10-26 03:00:00,-0.07063856310961869,7.224649795156585,0.012680097130802537,-3483.875
2025-10-26 04:00:00,-0.07981205385539036,7.24706331235682,0.004756592242920021,-3495.75
2025-10-26 05:00:00,-0.07499581165431168,7.2732289503392105,0.0059377095048631645,-3621.475
2025-10-26 06:00:00,-0.03887340670340267,7.295038765254574,-0.005257075658961163,-3859.3
2025-10-26 07:00:00,-0.01471829737239494,7.363233929611309,-0.012388457388385454,-4230.224999999999
2025-10-26 08:00:00,-0.007064038766983138,7.415560044547041,-0.003840451258863453,-4380.3
2025-10-26 09:00:00,-0.010290339464604337,7.388170766224368,-0.0017116082897796758,-4386.8
2025-10-26 10:00:00,-0.009374881787762135,7.382152834529535,0.012859778381820064,-4662.5
2025-10-26 11:00:00,-0.005141136379734235,7.429994321182324,0.024281765366733765,-4980.799999999999
2025-10-26 12:00:00,-0.006577773486585503,7.438497053012096,0.034526940777297455,-5091.299999999999
2025-10-26 13:00:00,0.0419274310862896,7.40394202531798,0.039775334369809734,-5272.225
2025-10-26 14:00:00,0.06551174610395094,7.366117344921989,0.05039942411638876,-5355.424999999999
2025-10-26 15:00:00,0.05764281929858983,7.281011884157047,0.06316590661225074,-5378.425
2025-10-26 16:00:00,-0.017456126368381675,7.235820669749835,0.07105029632750437,-5088.075
2025-10-26 17:00:00,-0.07360411404802214,7.213264130969062,0.058086657659266905,-5042.875
2025-10-26 18:00:00,-0.08247512127402112,7.1322339386424245,0.038909359540424404,-5105.200000000001
2025-10-26 19:00:00,0.0760221585798968,6.990147148290469,0.034070985870115145,-5081.525000000001
2025-10-26 20:00:00,0.06721472774969461,6.802270588948326,0.02644939370934285,-4909.175
2025-10-26 21:00:00,0.08156410829858896,6.609499164543164,0.01564004589836543,-4853.25
2025-10-26 22:00:00,0.03234351819719672,6.434362713774356,0.01047375690252128,-4714.450000000001
2025-10-26 23:00:00,0.030181660095173868,6.298393945645937,0.002098612152779289,-4651.35
2025-10-27 00:00:00,-0.018473220882051056,6.530110569763735,-0.008663022875433413,-4227.925
2025-10-27 01:00:00,-0.039394141088343826,6.528628745198989,0.021811970187957108,-4025.275000000001
2025-10-27 02:00:00,-0.04744885051049241,6.516208238649905,0.008835954494196052,-3797.5
2025-10-27 03:00:00,-0.04728808416173225,6.501813932490474,0.011835792433156911,-3895.325
2025-10-27 04:00:00,-0.045854379890153396,6.488067506587483,0.026168089422478502,-4047.725
2025-10-27 05:00:00,0.031261575217446325,6.483700447712092,0.053576701710539965,-4408.5
2025-10-27 06:00:00,0.10182822348337384,6.497357399738009,0.03634141071760588,-4675.349999999999
2025-10-27 07:00:00,0.2540403730507439,6.472687812683882,0.010147096110515008,-4579.475
2025-10-27 08:00:00,0.20654735071380959,6.410338931009387,0.004321472926148928,-4481.55
2025-10-27 09:00:00,-0.05810346631387242,6.374450549344557,0.010828952752188314,-4431.475
2025-10-27 10:00:00,-0.03859406529175491,6.285186312589097,0.01760011268049677,-4382.7
2025-10-27 11:00:00,0.25548018920406035,6.214567097581669,0.026036753162176574,-4371.625
2025-10-27 12:00:00,0.20741056482042275,6.103636313442237,0.03688722205549677,-4368.15
2025-10-27 13:00:00,-0.08842300665352232,6.016327267180475,0.0382537389494928,-4412.575
2025-10-27 14:00:00,-0.016922101767251174,5.930550117676376,0.047035844884653066,-4372.575
2025-10-27 15:00:00,0.05053444871191193,5.942283494051442,0.059779181127823655,-4407.975
2025-10-27 16:00:00,-0.06543946090639263,5.992590163364242,0.06180133573226776,-4416.925
2025-10-27 17:00:00,0.19262598759491434,6.06505475131444,0.050211785171798695,-4413.75
2025-10-27 18:00:00,0.15820816957530415,6.102285067275491,0.025551067894907575,-4406.3
2025-10-27 19:00:00,-0.014080953719973088,6.107626825602327,0.0278666869665658,-4373.825
2025-10-27 20:00:00,0.008677250911034218,6.103959737833434,0.025082817010508407,-4448.35
2025-10-27 21:00:00,-0.06042215004055684,6.097227856633466,0.014689452453548135,-4443.299999999999
2025-10-27 22:00:00,0.010075001238266434,6.136585474005874,0.00012214939223209598,-4556.125
2025-10-27 23:00:00,0.11529545007437303,6.180988748303215,-0.0061547528343322,-4587.85
2025-10-28 00:00:00,0.20822964171622038,6.3548134207508,-0.00026061115146891467,-4969.6
2025-10-28 01:00:00,0.2434759955258321,6.389598682513869,0.0020622096834879144,-4974.15
2025-10-28 02:00:00,0.03154293678369413,6.413207696095741,-0.00626155435275777,-4939.35
2025-10-28 03:00:00,0.09838531451145016,6.465221280887714,0.001276635644080315,-5075.575
2025-10-28 04:00:00,0.11072230978431197,6.482841643377059,0.01564136891814627,-5042.174999999999
2025-10-28 05:00:00,0.4425456701724557,6.528344173425529,0.04089529847098383,-5138.85
2025-10-28 06:00:00,0.6074865740938664,6.519532538205757,0.022478880701636506,-5147.5
2025-10-28 07:00:00,0.5964540001439973,6.488681618129055,-0.0018000501567669858,-4800.9
2025-10-28 08:00:00,0.7410790652219879,6.444213526766086,0.0027707984876723657,-4742.05
2025-10-28 09:00:00,0.7886164730211238,6.427174710605265,0.00842151841065153,-4715.625
2025-10-28 10:00:00,0.8949196639034387,6.380227616124513,0.015519260939966806,-4612.875
2025-10-28 11:00:00,0.9349377320958911,6.297620699286137,0.022860004971221315,-4555.65
2025-10-28 12:00:00,0.8856632581069581,6.234523954601857,0.028987747028706323,-4544.725
2025-10-28 13:00:00,0.7748296639479157,6.188040792191277,0.037120094232188094,-4501.375
2025-10-28 14:00:00,0.7250205370393212,6.156379229496636,0.04909964111669929,-4473.775000000001
2025-10-28 15:00:00,0.8540500609480368,6.143199096154903,0.05862111960469729,-4502.325
2025-10-28 16:00:00,0.858425443149252,6.190577154380898,0.05160143782789994,-4555.049999999999
2025-10-28 17:00:00,0.9219656462349013,6.242472261690383,0.050339273651270666,-4602.175
2025-10-28 18:00:00,0.9075407511766471,6.303272150658107,0.03144157264375025,-4648.75
2025-10-28 19:00:00,0.890380850808242,6.30714078820613,0.03397964203939452,-4693.75
2025-10-28 20:00:00,0.8107980677062825,6.308631541645052,0.03423156066454247,-4745.675
2025-10-28 21:00:00,0.8211364101103271,6.317837294431031,0.0191074056988354,-4770.7
2025-10-28 22:00:00,0.7774122951359281,6.3055291144699765,0.018345906958949776,-4827.700000000001
2025-10-28 23:00:00,0.7498682704994524,6.270257068068673,0.020137650551855124,-4817.6
2025-10-29 00:00:00,0.8424759445034447,6.176625298737765,0.019750741184141773,-4845.0
2025-10-29 01:00:00,0.8200995789378096,6.149024231100632,0.030459922081327306,-4869.375
2025-10-29 02:00:00,0.8490305578727977,6.105994519509201,0.02934323844497566,-4838.225
2025-10-29 03:00:00,0.8681022702782899,6.032991493091556,0.03651216596986728,-4836.875
2025-10-29 04:00:00,0.9119050905100332,5.928711098446764,0.04517372059093283,-4756.099999999999
2025-10-29 05:00:00,0.9870296255246025,5.778445352345174,0.0605842376426331,-4691.75
2025-10-29 06:00:00,0.9752987554794332,5.618907903978098,0.04868558880768514,-4582.6
2025-10-29 07:00:00,0.8419698849059536,5.446762155841938,0.023920902647046383,-4441.15
2025-10-29 08:00:00,0.9529710110529122,5.33228391611131,0.029808134071783066,-4315.975
2025-10-29 09:00:00,0.9655346172194275,5.215352790204021,0.03461751879396058,-4306.7
2025-10-29 10:00:00,0.9411026838976859,5.000416593901924,0.03740891837354088,-4317.0
2025-10-29 11:00:00,0.9067229613221803,4.733233531052031,0.0365321658666895,-4243.924999999999
2025-10-29 12:00:00,0.9407854803814217,4.508964855656052,0.03694782456299528,-4254.875
2025-10-29 13:00:00,0.9178074874340618,4.448966566989178,0.04280146077585645,-4280.125
2025-10-29 14:00:00,0.9012362199384096,4.485350076905783,0.05289857632035133,-4278.8
2025-10-29 15:00:00,0.8933093971986876,4.550666480583585,0.06228129836431506,-4189.650000000001
2025-10-29 16:00:00,0.8755479079813,4.646184961924815,0.08380750774564039,-4300.675
2025-10-29 17:00:00,0.9191889636883532,4.712179841067677,0.07521567528842521,-4336.875
2025-10-29 18:00:00,0.9539495288159738,4.799813434652351,0.06766905962726,-4358.4
2025-10-29 19:00:00,0.9533772679365757,4.859690303884457,0.07325034542861442,-4390.525
2025-10-29 20:00:00,0.9659451844160074,4.935198490719319,0.07081815888429688,-4488.575
2025-10-29 21:00:00,0.9708031154960421,4.941962014391552,0.060069065056875814,-4545.025
2025-10-29 22:00:00,0.8807603374604911,4.931195182602944,0.05767976634327887,-4599.875
2025-10-29 23:00:00,0.8015735945992297,4.925705385710708,0.052508093182664695,-4648.825
2025-10-30 00:00:00,0.9584842360478922,4.85408284343626,0.047155058765633306,-4638.625
2025-10-30 01:00:00,0.8755761823530559,4.969155096897024,0.06467732127482684,-4700.325000000001
2025-10-30 02:00:00,0.8064196445775993,5.122093182935249,0.061981659124568544,-4752.45
2025-10-30 03:00:00,0.7391353589796612,5.265618539584797,0.06390646747802098,-4773.425
2025-10-30 04:00:00,0.7200569057392938,5.417813378666598,0.0654729544903132,-4796.525000000001
2025-10-30 05:00:00,0.710774449023523,5.548716097928698,0.08716697442641053,-4792.525
2025-10-30 06:00:00,0.9089491154853979,5.6749988385623995,0.0732989842930456,-4812.175
2025-10-30 07:00:00,0.9899856938106044,5.76261883181341,0.051960187712616346,-4785.275000000001
2025-10-30 08:00:00,0.9838648681652629,5.873849387984545,0.06202046885033141,-4736.975
2025-10-30 09:00:00,0.8416095884419565,5.985703609728443,0.06273216616006039,-4749.35
2025-10-30 10:00:00,0.6409927877923796,6.111087555642254,0.07262561636075127,-4866.725
2025-10-30 11:00:00,0.5325162590213086,6.2814458493040926,0.061256271404191764,-4969.625
2025-10-30 12:00:00,0.49374608811376586,6.502393790505273,0.06293190958093131,-5028.55
2025-10-30 13:00:00,0.4601344827217879,6.737057997748478,0.06548639395114808,-5282.6
2025-10-30 14:00:00,0.3411937240060947,6.9893085375067585,0.06936288031755833,-5452.675
2025-10-30 15:00:00,-0.088418467599368,7.188952054784921,0.07630681153292596,-5753.525000000001
2025-10-30 16:00:00,-0.1399651572233016,7.3493321056578695,0.08211627184649828,-5704.8
2025-10-30 17:00:00,-0.21614546261092338,7.483095220467798,0.07007215281039958,-5540.974999999999
2025-10-30 18:00:00,-0.22122310304081738,7.581359483533589,0.04574896203827716,-5358.474999999999
2025-10-30 19:00:00,-0.2075152811860801,7.6258933203349635,0.054022604559879284,-4951.9
2025-10-30 20:00:00,-0.20030516363071404,7.607243313767962,0.053938845128358004,-4770.275
2025-10-30 21:00:00,-0.22799114304448098,7.579169117114373,0.04209830766869782,-4478.925
2025-10-30 22:00:00,-0.1517470544435331,7.7200401328180375,0.044615933776996464,-5150.025
2025-10-30 23:00:00,-0.12041842362804012,7.729930587046698,0.0435190991602985,-5201.3
2025-10-31 00:00:00,-0.12535734988120018,7.658073713577373,0.038487632196654964,-5133.45
2025-10-31 01:00:00,-0.12548847431621235,7.65771240295104,0.06751584869256533,-5123.875
2025-10-31 02:00:00,-0.12546073940342994,7.6259728056602105,0.05782633877442844,-5023.5
2025-10-31 03:00:00,-0.13520519176996615,7.559140440003385,0.06370293467868038,-4869.3
2025-10-31 04:00:00,-0.1487780478746119,7.503151804198398,0.07948026184874646,-4635.575
2025-10-31 05:00:00,-0.13670896083210726,7.478539750044707,0.0923457891784425,-4926.725
2025-10-31 06:00:00,-0.12955794460290182,7.462140698069206,0.07584882007201177,-5687.324999999999
2025-10-31 07:00:00,-0.017455746608459943,7.342299786410736,0.060488799749983,-6070.25
2025-10-31 08:00:00,0.013597512117772492,7.220294279792007,0.062501859167158,-5875.6
2025-10-31 09:00:00,-0.05894422419249157,7.074481482975234,0.07165062797055644,-5740.549999999999
2025-10-31 10:00:00,-0.03525265583162396,6.89024893321236,0.08251531175755478,-5480.15
2025-10-31 11:00:00,0.04683404343107567,6.683412258592427,0.08045526033097605,-5354.2
2025-10-31 12:00:00,0.08327863197474938,6.471715879447774,0.07991050393006383,-5238.95
2025-10-31 13:00:00,0.13238862876306445,6.2583809349226955,0.08461077059614475,-5178.35
2025-10-31 14:00:00,0.31476046537419844,6.036633878251853,0.09831324155690524,-5099.849999999999
2025-10-31 15:00:00,0.4759225405552927,5.884632115379661,0.10508644762218022,-5037.35
2025-10-31 16:00:00,0.4962795557335644,5.803453586305119,0.11709979594529152,-5000.4
2025-10-31 17:00:00,0.5072289186107932,5.733950314697538,0.10241831453075356,-4955.475
2025-10-31 18:00:00,0.6421866940784868,5.65167305785765,0.0747513536673452,-4977.525
2025-10-31 19:00:00,0.6808297465427726,5.567546475497565,0.0872896529307603,-5025.375
2025-10-31 20:00:00,0.47029484027019164,5.549927862107811,0.08771712695180423,-4840.799999999999
2025-10-31 21:00:00,0.3996225448796573,5.5889120681742925,0.0845248852170517,-4851.575
2025-10-31 22:00:00,0.3414500817142785,5.67383945694668,0.08176809982114985,-4920.225
2025-10-31 23:00:00,0.28756617379239424,5.827637409337613,0.08267648757847912,-4999.65
2025-11-01 00:00:00,0.33479939012354176,5.858589804730701,0.011200150216894578,-5087.7
2025-11-01 01:00:00,0.480134389333458,5.888612843199754,0.031423939688477454,-5202.025
2025-11-01 02:00:00,0.4372906320328447,5.917760710313531,0.03586222501339709,-5255.5
2025-11-01 03:00:00,0.3751470893021418,5.9460829866855045,0.033329635173687144,-5399.65
2025-11-01 04:00:00,0.29768682221441534,5.973625155433594,0.032583607657227454,-5509.2
2025-11-01 05:00:00,0.2279589246855731,6.000429041608264,0.02443543085858213,-5656.849999999999
2025-11-01 06:00:00,0.17742804484721786,6.026533194248436,0.022452102239717497,-5872.4
2025-11-01 07:00:00,0.19707012035610827,6.051973219825629,0.011164566082731753,-6067.549999999999
2025-11-01 08:00:00,0.09278843337068254,6.076782074314792,0.006554911855357837,-6066.675000000001
2025-11-01 09:00:00,0.07708548605680043,6.100990319903201,0.0022340827538771535,-6237.175
2025-11-01 10:00:00,0.049543022346647536,6.1246263513538475,0.01074585973400577,-6348.375000000001
2025-11-01 11:00:00,0.08549849022610756,6.147716596228654,0.019990180983927353,-6631.174999999999
2025-11-01 12:00:00,0.014368993669453989,6.170285692512254,0.0261533458638743,-6346.075000000001
2025-11-01 13:00:00,0.05556859302786732,6.192356646629874,0.018141487378778187,-6255.925
2025-11-01 14:00:00,0.08768518375285739,6.213950974400221,0.031397402833452936,-5501.975
2025-11-01 15:00:00,-0.11656116381131243,6.235088827088195,0.02771614490922847,-5394.7
2025-11-01 16:00:00,-0.16192088943832106,6.255789104408485,0.017174329083973205,-5148.575
2025-11-01 17:00:00,-0.20345047566050178,6.276069556068261,0.0027529030891129125,-4925.9
2025-11-01 18:00:00,-0.21109475277597856,6.295946873216103,-0.0027682191038973514,-4879.924999999999
2025-11-01 19:00:00,-0.1952577961683355,6.315436770977787,-0.007441913528424493,-4672.625
2025-11-01 20:00:00,-0.1809943838698711,6.334554063101495,-0.01672767205492054,-4464.875
2025-11-01 21:00:00,-0.18375315622539512,6.353312729600704,-0.02238034894242258,-4375.9
2025-11-01 22:00:00,-0.18535256543879663,6.371725978168525,-0.037823398947155695,-4455.325000000001
2025-11-01 23:00:00,-0.17782686173806006,6.3898063000392815,-0.038451391991775274,-4443.674999999999
2025-11-02 00:00:00,-0.45301687587400075,6.4075655208891105,-0.12544574601118086,-4021.225
2025-11-02 01:00:00,-0.4638851504602113,6.425014847295066,-0.15396254296313927,-3943.15
2025-11-02 02:00:00,-0.48362215810966047,6.442164909209817,-0.14992541879728272,-3861.7
2025-11-02 03:00:00,-0.4565379570749166,6.459025798855099,-0.14989847749784424,-3819.15
2025-11-02 04:00:00,-0.4690909354666135,6.475607106390252,-0.17123675795054627,-3790.775
2025-11-02 05:00:00,-0.44382466961051303,6.491917952671503,-0.12645023480624573,-3759.575
2025-11-02 06:00:00,-0.5015536771409592,6.507967019382167,-0.11744633944768257,-3614.625
2025-11-02 07:00:00,-0.5033848701847212,6.523762576782973,-0.11390693636091864,-3481.675
2025-11-02 08:00:00,-0.4655277322653082,6.5393125093045885,-0.12061031410191436,-3389.0
2025-11-02 09:00:00,-0.5014635899824107,6.5546243391805925,-0.12088892739131385,-3282.425
2025-11-02 10:00:00,-0.46486570621975654,6.569705248298249,-0.11787398349589395,-3256.4
2025-11-02 11:00:00,-0.46344488305163445,6.584562098425945,-0.10845329498222966,-3210.15
2025-11-02 12:00:00,-0.4041888934593274,6.599201449959912,-0.09858982614691936,-3429.35
2025-11-02 13:00:00,-0.34908820349970604,6.613629579318426,-0.10150253416956634,-3670.075
2025-11-02 14:00:00,-0.31875064005040743,6.627852495098915,-0.14984828837183528,-3978.425
2025-11-02 15:00:00,-0.3420970189658239,6.641875953102078,-0.13693897775824748,-4635.174999999999
2025-11-02 16:00:00,-0.409801378889898,6.655705470317035,-0.14009928389205495,-4612.0
2025-11-02 17:00:00,-0.4109285895493242,6.669346337952553,-0.12469064871183377,-4879.975
2025-11-02 18:00:00,-0.426147152771001,6.682803633591375,-0.11805851359200048,-4792.75
2025-11-02 19:00:00,-0.3618746232742387,6.69608223253753,-0.11113373117143954,-4825.5
2025-11-02 20:00:00,-0.30857620972503064,6.709186818420076,-0.13458177189696308,-4841.9
2025-11-02 21:00:00,-0.3354815253868826,6.722121893110987,-0.12662598481372012,-4380.8
2025-11-02 22:00:00,-0.33025913086179726,6.734891786009756,-0.13392731998807594,-4249.275000000001
2025-11-02 23:00:00,-0.36438476788908636,6.747500662742603,-0.09974851734441526,-3768.275
2025-11-03 00:00:00,-0.34371130499571745,6.7599525333200425,-0.13131239113246362,-3869.825
2025-11-03 01:00:00,-0.368657664061359,6.66753773052222,-0.12443468290144732,-3599.425
2025-11-03 02:00:00,-0.3601373175782254,6.790412427680404,-0.1246313065732565,-3755.15
2025-11-03 03:00:00,-0.3630094011317233,6.97900769577281,-0.12426209030598656,-3997.650000000001
2025-11-03 04:00:00,-0.37385326203345315,7.131939288831591,-0.11244584163138072,-4174.0
2025-11-03 05:00:00,-0.4277058964293272,7.331527124859592,-0.08343291675394227,-4588.075000000001
2025-11-03 06:00:00,-0.4579989222255727,7.53034036639917,-0.07820934336542251,-5150.025000000001
2025-11-03 07:00:00,-0.5287835403355126,7.608227317151704,-0.07387003888389732,-5486.225
2025-11-03 08:00:00,-0.5687661077500246,7.667888335025921,-0.06419702713386677,-5763.1
2025-11-03 09:00:00,-0.5902685882126453,7.689749754369396,-0.06984236436406999,-5700.9
2025-11-03 10:00:00,-0.6044483681110426,7.691754192499189,-0.07687962236346291,-5518.425
2025-11-03 11:00:00,-0.6533898633253323,7.674489644323884,-0.07535303498274093,-5408.375
2025-11-03 12:00:00,-0.6778334800221923,7.669311760785037,-0.07822365598182035,-5425.775
2025-11-03 13:00:00,-0.6866846152286135,7.6345869626644305,-0.07901711301307035,-5572.0
2025-11-03 14:00:00,-0.6796270530150452,7.615274929004716,-0.07949299656581488,-5746.050000000001
2025-11-03 15:00:00,-0.637863911630927,7.639709625658113,-0.08227917447841548,-5812.0
2025-11-03 16:00:00,-0.616839054766678,7.715775041712457,-0.07756652121227603,-5845.925
2025-11-03 17:00:00,-0.6212877243002457,7.781801233827525,-0.07377172162994938,-5482.275
2025-11-03 18:00:00,-0.6029621749698433,7.818080552840737,-0.06601225624191542,-5276.674999999999
2025-11-03 19:00:00,-0.587942058754523,7.778664993935068,-0.0657549162439528,-4945.5
2025-11-03 20:00:00,-0.6163206966316319,7.7153646539705365,-0.06799354750110354,-4504.475
2025-11-03 21:00:00,-0.6096461923761267,7.729134931400827,-0.07167617007688687,-4393.25
2025-11-03 22:00:00,-0.5555647717356877,7.803960133448587,-0.08193455429553076,-4669.75
2025-11-03 23:00:00,-0.4524848950852016,7.920548933605315,-0.08961839226917512,-5266.175
2025-11-04 00:00:00,-0.39461080845143215,7.977466424103807,-0.08320007029840593,-5828.9
2025-11-04 01:00:00,-0.39772418720653846,7.909749374435906,-0.08801796732458378,-5457.025000000001
2025-11-04 02:00:00,-0.3930504786222113,7.903049594211725,-0.09232759613165342,-5350.575000000001
2025-11-04 03:00:00,-0.3924625627519127,7.953911140946139,-0.10685477426105194,-5480.275
2025-11-04 04:00:00,-0.40848863312041317,7.99168260275225,-0.1039578540101429,-5503.574999999999
2025-11-04 05:00:00,-0.4325038775320267,8.073461414909332,-0.09363123456909328,-5817.15
2025-11-04 06:00:00,-0.49738237472963487,7.965825308306014,-0.08755245781664467,-5235.075
2025-11-04 07:00:00,-0.670475827667186,7.762847718272243,-0.09482403108691173,-4170.125
2025-11-04 08:00:00,-0.6894601609927147,7.799417401217688,-0.0973267161923479,-4148.924999999999
2025-11-04 09:00:00,-0.7458823344385004,7.781429907885526,-0.10542245471551936,-4024.35
2025-11-04 10:00:00,-0.7372394147692529,7.771048739207942,-0.1022473661405181,-4017.599999999999
2025-11-04 11:00:00,-0.7344066863882928,7.786293363566793,-0.09688290843188163,-4125.525
2025-11-04 12:00:00,-0.7274687154893811,7.759345983343935,-0.09860337525832108,-4128.55
2025-11-04 13:00:00,-0.7897218955452328,7.629509109601447,-0.09845700265884183,-3693.3
2025-11-04 14:00:00,-0.8152344410823851,7.49048208100809,-0.09820908510045534,-3421.0
2025-11-04 15:00:00,-0.7849243283802498,7.415126643658587,-0.10850663372418534,-3264.525
2025-11-04 16:00:00,-0.8075741363479789,7.367209236868559,-0.11405074100792945,-3080.275
2025-11-04 17:00:00,-0.8245907851889056,7.261777081451626,-0.11900458934092928,-2657.6
2025-11-04 18:00:00,-0.7939669863475984,7.349387403994015,-0.10464622437340232,-2805.65
2025-11-04 19:00:00,-0.7463328989560423,7.510244578494059,-0.10915009011123189,-3112.475
2025-11-04 20:00:00,-0.7011068142708017,7.57865391091764,-0.11592417664226584,-3305.15
2025-11-04 21:00:00,-0.6588674217286545,7.627557413772736,-0.1327056783611127,-3490.65
2025-11-04 22:00:00,-0.6302845324867619,7.615181157011434,-0.1447955637787297,-3628.85
2025-11-04 23:00:00,-0.5983139481221635,7.608208455637655,-0.15513694750015627,-3601.925
2025-11-05 00:00:00,-0.5844680184444861,7.43904742726283,-0.15968091911459847,-3296.2
2025-11-05 01:00:00,-0.5335674880388406,7.4174731894602335,-0.1518319934886181,-3275.45
2025-11-05 02:00:00,-0.5103577524121001,7.37985857737902,-0.15323787200288752,-3213.775
2025-11-05 03:00:00,-0.47647634003232486,7.346663706015613,-0.1534581239106938,-3163.275
2025-11-05 04:00:00,-0.47991264738561945,7.3021931432411,-0.1439905110421078,-3117.7
2025-11-05 05:00:00,-0.47823589669426614,7.511924513759367,-0.1288525688008253,-3504.875
2025-11-05 06:00:00,-0.5669953464969608,7.530197364107402,-0.12116346968367075,-3573.05
2025-11-05 07:00:00,-0.7241733237749752,7.349665296133312,-0.12136664449034118,-3113.625
2025-11-05 08:00:00,-0.6156465405490072,7.689392503181809,-0.1137438720905557,-4269.900000000001
2025-11-05 09:00:00,-0.6519451009303125,7.696913189358481,-0.12270008198532523,-4312.075000000001
2025-11-05 10:00:00,-0.6518541866630252,7.7639071835226074,-0.12554393879684866,-4567.55
2025-11-05 11:00:00,-0.6495689707660581,7.706649687916906,-0.1347773904671481,-4430.724999999999
2025-11-05 12:00:00,-0.6281652961740853,7.764879381901523,-0.1399511105227882,-4613.299999999999
2025-11-05 13:00:00,-0.6438913121893917,7.726396577129706,-0.13216104176586807,-4475.925
2025-11-05 14:00:00,-0.6646550989666067,7.699099491104453,-0.12737536109539516,-4313.575000000001
2025-11-05 15:00:00,-0.6581264483133062,7.689162504537901,-0.12597050668716214,-4186.125
2025-11-05 16:00:00,-0.6742466286095392,7.717903078078894,-0.10687901784161546,-3962.675
2025-11-05 17:00:00,-0.7737358248000881,7.370985709316685,-0.102194025168866,-2848.025
2025-11-05 18:00:00,-0.7200854437202486,7.429343675757999,-0.09101096237621942,-2652.725
2025-11-05 19:00:00,-0.7084553711885362,7.382033042339282,-0.09525751497036428,-2648.025
2025-11-05 20:00:00,-0.6995072092389103,7.343706914201825,-0.10416006509751519,-2617.375
2025-11-05 21:00:00,-0.6632601916718763,7.371705309617335,-0.12330827734762995,-2683.075
2025-11-05 22:00:00,-0.6662939836873547,7.336528844130426,-0.1314974626236145,-2742.275
2025-11-05 23:00:00,-0.6020263020708643,7.430149725117204,-0.14819322455358375,-2895.725
2025-11-06 00:00:00,-0.5188078347868115,7.415342163690292,-0.14725163389230111,-3338.675
2025-11-06 01:00:00,-0.4800798078037132,7.407524151537634,-0.13790539022946557,-3413.5
2025-11-06 02:00:00,-0.4682867532020305,7.3647955584134825,-0.14046869241194226,-3351.875
2025-11-06 03:00:00,-0.46654108008269146,7.293599313312284,-0.14038448264359626,-3238.8
2025-11-06 04:00:00,-0.48095028019104236,7.222864696841187,-0.13608534466259492,-3142.6
2025-11-06 05:00:00,-0.5364793077826904,7.144265497040654,-0.12455605007611492,-2959.375
2025-11-06 06:00:00,-0.608721426344569,7.246924767603616,-0.10606374541381136,-3237.35
2025-11-06 07:00:00,-0.5909132569273514,7.39389996883956,-0.10244541057284362,-3794.35
2025-11-06 08:00:00,-0.6520671895064818,7.393111083210667,-0.1001371820372059,-3983.95
2025-11-06 09:00:00,-0.637838658185085,7.321758665360692,-0.10758156375107308,-4297.05
2025-11-06 10:00:00,-0.6363101673899831,7.2300483576372105,-0.10891670779404183,-4324.85
2025-11-06 11:00:00,-0.6419387934608234,7.128527019776222,-0.10351575988189321,-4440.775
2025-11-06 12:00:00,-0.6042483735585749,7.028028544773433,-0.10138039106672903,-4418.925
2025-11-06 13:00:00,-0.6082827635320989,6.961081330917424,-0.0991275180642619,-4360.75
2025-11-06 14:00:00,-0.6172607059380635,6.939527164527892,-0.09802803982994224,-4196.2
2025-11-06 15:00:00,-0.5780036017231085,6.9293575115072255,-0.09826074018676412,-4090.875
2025-11-06 16:00:00,-0.5361024923834172,6.897503407670214,-0.09568710741305608,-4186.4
2025-11-06 17:00:00,-0.5387299892822095,6.815756485481461,-0.09493534241394208,-4208.15
2025-11-06 18:00:00,-0.4999506827578899,6.689167272896933,-0.10449084570658584,-4198.35
2025-11-06 19:00:00,-0.44201316268938795,6.547949367246618,-0.10391563967880746,-4155.650000000001
2025-11-06 20:00:00,-0.4193686783095636,6.390024200685173,-0.11284929222759299,-3997.825
2025-11-06 21:00:00,-0.3960693124048653,6.219810542213216,-0.12107947982858569,-3857.475
2025-11-06 22:00:00,-0.37871372808673387,6.040246973152237,-0.12188081199850398,-3467.45
2025-11-06 23:00:00,-0.3453283558737219,5.805272760627594,-0.12632476817742422,-3235.8
2025-11-07 00:00:00,-0.3354988377313557,5.923354321688644,-0.13545034168367653,-3135.7
2025-11-07 01:00:00,-0.30547385687610973,5.777962646584409,-0.1367593428870295,-3235.975
2025-11-07 02:00:00,-0.2942037871880121,5.719090539397442,-0.13726531859974234,-3398.2
2025-11-07 03:00:00,-0.2858439896587259,5.753074893626952,-0.1356119654554382,-3527.15
2025-11-07 04:00:00,-0.2940523108793833,5.819311861641922,-0.13187680413776093,-3668.5
2025-11-07 05:00:00,-0.314117539740673,5.883309157202974,-0.12650739807956413,-3797.0
2025-11-07 06:00:00,-0.15495686306193202,5.9315645845376,-0.11883709424780609,-4274.25
2025-11-07 07:00:00,0.061000765837420534,5.900324659534572,-0.11020915661943143,-4429.525000000001
2025-11-07 08:00:00,0.18420857547278757,5.823041457603349,-0.10814099361604512,-4414.075000000001
2025-11-07 09:00:00,0.3879761349579782,5.683817834236604,-0.10964051649888074,-4100.3
2025-11-07 10:00:00,0.410071151150742,5.435995617806763,-0.10550920911646866,-4049.55
2025-11-07 11:00:00,0.4163059420165185,5.231159417703239,-0.10248124418079829,-4090.525
2025-11-07 12:00:00,0.42908502023248385,5.133709492017163,-0.10219512418327792,-4213.8
2025-11-07 13:00:00,0.4114125837182785,5.184921879009814,-0.09576029359009475,-4297.3
2025-11-07 14:00:00,0.32100350518153764,5.333637453293605,-0.09976206072158966,-4383.875
2025-11-07 15:00:00,0.2404902499151289,5.52988929905816,-0.1019554737173296,-4402.950000000001
2025-11-07 16:00:00,0.15314684067430306,5.7045222009912,-0.09748867627866797,-4415.75
2025-11-07 17:00:00,0.25454641368185715,5.874708796113978,-0.08337070421857096,-4483.975
2025-11-07 18:00:00,0.20124977815774603,6.02000037483316,-0.08982420958499837,-4594.675
2025-11-07 19:00:00,-0.058386678884128074,6.1315927267579085,-0.08219992744936544,-4588.025000000001
2025-11-07 20:00:00,0.045889982184908806,6.1802630001183845,-0.0750449616700859,-4621.85
2025-11-07 21:00:00,0.06541863196391473,6.176222196716848,-0.08550579898598976,-4611.925
2025-11-07 22:00:00,0.0162614238489609,6.160453873367197,-0.09071777702807715,-4577.45
2025-11-07 23:00:00,-0.04726832836471573,6.1262915063734935,-0.0995915161923353,-4561.05
2025-11-08 00:00:00,0.19894161282353995,5.952901717501856,-0.08990866028845268,-4551.75
2025-11-08 01:00:00,0.26666841875822156,5.992920985985789,-0.08774423736700498,-4463.299999999999
2025-11-08 02:00:00,0.32519798289914803,6.0671533672770614,-0.08973144743616857,-4531.4
2025-11-08 03:00:00,0.24147347006904818,6.1604053124078755,-0.09163396504462717,-4607.5
2025-11-08 04:00:00,0.22586452570243232,6.2378415982445965,-0.08185922097182807,-4663.725
2025-11-08 05:00:00,0.2649935877015821,6.266828088294815,-0.09172108645600208,-4703.7
2025-11-08 06:00:00,0.29814492722780583,6.272745865872134,-0.08306779507144135,-4691.400000000001
2025-11-08 07:00:00,0.3014154366693149,6.248074305349098,-0.0818928831357244,-4679.075000000001
2025-11-08 08:00:00,0.3431901478757302,6.212849052207153,-0.06756849660048125,-4752.875
2025-11-08 09:00:00,0.3300145528154852,6.213727210554372,-0.05455386959419428,-4718.125
2025-11-08 10:00:00,0.2354129016473343,6.211066835545823,-0.05409551676334878,-4631.0
2025-11-08 11:00:00,0.2455139130965045,6.185013465538738,-0.049051321960717154,-4583.625
2025-11-08 12:00:00,0.3435033223467352,6.130672531729046,-0.040277157637926386,-4622.924999999999
2025-11-08 13:00:00,0.42418616300598355,6.1163782104151165,-0.04356283228754165,-4703.025
2025-11-08 14:00:00,0.5374504271617733,6.186928015282214,-0.044376237599797363,-4706.375
2025-11-08 15:00:00,0.39474482914086284,6.351842501433124,-0.05108875756533848,-4749.55
2025-11-08 16:00:00,0.44386653543210475,6.565476919403492,-0.04083695608569826,-4852.975
2025-11-08 17:00:00,0.3217586262636116,6.755044561910705,-0.044034343979601154,-4992.974999999999
2025-11-08 18:00:00,0.23002923507865214,6.928944689348058,-0.04625000769497323,-5068.975
2025-11-08 19:00:00,0.0320843217292901,7.045414359718852,-0.05912581607298062,-5075.6
2025-11-08 20:00:00,0.02824337080090711,7.137134348978737,-0.0571845639934061,-5159.325
2025-11-08 21:00:00,-0.029527674445267493,7.185782581273385,-0.06974400666332148,-5230.975
2025-11-08 22:00:00,-0.1929293032870647,7.199728755174887,-0.07840335126602849,-5108.925
2025-11-08 23:00:00,-0.1939472005480085,7.196237406304652,-0.0836790861388863,-4596.075
2025-11-09 00:00:00,-0.1594334842195959,7.076058621459256,-0.08155532318591163,-4323.625
2025-11-09 01:00:00,-0.16912105217091877,7.0716784096278555,-0.07802357148802219,-4055.925
2025-11-09 02:00:00,-0.17311325567301683,7.022173772018628,-0.08205000992715217,-3657.275
2025-11-09 03:00:00,-0.20228088327908722,6.901504785282622,-0.08262529689041997,-3286.05
2025-11-09 04:00:00,-0.21088178353353726,6.832876278893526,-0.07681533542587538,-3220.075
2025-11-09 05:00:00,-0.2013234450574024,6.89345273346758,-0.0772259486417175,-3318.55
2025-11-09 06:00:00,-0.24232084469106097,6.837430181189954,-0.07117161223231872,-3310.775
2025-11-09 07:00:00,-0.23510785232151266,6.91229520789179,-0.04511190838039969,-3479.525
2025-11-09 08:00:00,-0.22608319686466105,6.965336922692132,-0.02986659473635722,-3672.525
2025-11-09 09:00:00,-0.22391614909352953,6.969446625762785,-0.025111591262799493,-3982.025
2025-11-09 10:00:00,-0.19977727705119008,6.882054833698968,-0.03325579410586155,-4136.175
2025-11-09 11:00:00,-0.1330221865456349,6.682401161165162,-0.02725548225822827,-4253.275
2025-11-09 12:00:00,-0.12988076800268145,6.468138070572226,-0.026577917721600564,-4365.925
2025-11-09 13:00:00,-0.11283867211118626,6.362041410021925,-0.023886547145394843,-4298.275
2025-11-09 14:00:00,-0.1993506515716179,6.363591306980594,-0.014156601107203848,-4243.925
2025-11-09 15:00:00,-0.2629327271449782,6.448764386333706,-0.007911629057411496,-4185.825000000001
2025-11-09 16:00:00,-0.3416763961259832,6.555045676958759,-0.008522926103335493,-4172.125
2025-11-09 17:00:00,-0.3824451533517723,6.5978436165413035,-0.014537458741589404,-4127.85
2025-11-09 18:00:00,-0.37456472033408206,6.545879692256473,-0.01867191917471711,-4239.125
2025-11-09 19:00:00,-0.3275188965196185,6.4606314983112405,-0.02504286184099591,-4159.1
2025-11-09 20:00:00,-0.27022052180410006,6.37608090592511,-0.025174660243141744,-4138.45
2025-11-09 21:00:00,-0.26105209595742185,6.272491083030663,-0.02378119375314114,-4123.875
2025-11-09 22:00:00,-0.2486340417636428,6.168856263851136,-0.022458331466660653,-4098.0
2025-11-09 23:00:00,-0.24996718445838662,6.084566039557172,-0.01917176426432743,-3932.45
2025-11-10 00:00:00,-0.271679833891346,6.047060664809716,-0.018679116145557728,-3900.8
2025-11-10 01:00:00,-0.2585196917866619,5.991246398315265,-0.002776068707208701,-3984.0
2025-11-10 02:00:00,-0.25541464421274274,5.978481885884617,-0.0008158972634308981,-3989.7
2025-11-10 03:00:00,-0.25949842089750685,6.003808668971757,-0.002321894609392139,-4036.475
2025-11-10 04:00:00,-0.2593720212027577,6.020464333906204,0.00022243313191872005,-4317.425
2025-11-10 05:00:00,-0.13833190632407621,6.040265425505731,-0.009285677327523167,-4479.75
2025-11-10 06:00:00,0.08650696363751331,6.045663272889056,-0.005431846683298325,-4556.75
2025-11-10 07:00:00,0.020801497634644228,6.059463091081804,-0.01034904708808515,-4219.700000000001
2025-11-10 08:00:00,0.0029886078288505757,6.049403801845647,-0.015201923933078731,-4265.5
2025-11-10 09:00:00,0.1366042270553356,6.020591824217113,-0.016477813269262676,-4356.95
2025-11-10 10:00:00,0.32770586624847997,5.951029847371085,-0.018899090861351553,-4413.725
2025-11-10 11:00:00,0.490540961914923,5.834068502610425,-0.015883586922995185,-4424.775
2025-11-10 12:00:00,0.5660723302873931,5.66928678099588,-0.01762752054177774,-4574.85
2025-11-10 13:00:00,0.5309534447359168,5.562360029408907,-0.013419830527256593,-4545.950000000001
2025-11-10 14:00:00,0.49520597537244626,5.523875001615846,-0.013872809557502919,-4466.075000000001
2025-11-10 15:00:00,0.5182750439067592,5.594561740153627,-0.024597282638762152,-4427.95
2025-11-10 16:00:00,0.6554501426946793,5.702548380141388,-0.02325453185853643,-4480.175
2025-11-10 17:00:00,0.7994981522013278,5.784746296435395,-0.022409081519268348,-4509.775000000001
2025-11-10 18:00:00,0.9233102110248543,5.887083412810735,-0.024368169825280006,-4577.0
2025-11-10 19:00:00,0.46234370568255745,6.033242684378037,-0.026039348650251704,-4665.400000000001
2025-11-10 20:00:00,0.5428759805730357,6.176690216215988,-0.0244147104570267,-4795.225
2025-11-10 21:00:00,0.5825709679855882,6.307424261660193,-0.02276545862263646,-4890.900000000001
2025-11-10 22:00:00,0.6678330163774078,6.432097696222201,-0.016833426620193492,-5021.25
2025-11-10 23:00:00,0.643792608793003,6.526936197013359,-0.013049026995360258,-5117.775
2025-11-11 00:00:00,0.7691755799594095,6.291150996593179,-0.006726198611562317,-5178.225
2025-11-11 01:00:00,0.6162681693734315,6.337316761014019,-0.0050106974475054855,-5168.049999999999
2025-11-11 02:00:00,0.5119674031936352,6.388744161953904,-0.013241760925358115,-5236.575
2025-11-11 03:00:00,0.4918447520738738,6.463249791459585,-0.013777650040035283,-5262.775
2025-11-11 04:00:00,0.46658679966030014,6.5694088371350325,-0.01914702070906138,-5300.05
2025-11-11 05:00:00,0.43002914846166007,6.691725737984005,-0.017712594729181852,-5312.425
2025-11-11 06:00:00,0.6156108591524223,6.827604315449147,-0.016558136336202622,-5346.225
2025-11-11 07:00:00,0.481066352161176,6.95199845458283,-0.025697701705727383,-5452.75
2025-11-11 08:00:00,0.43740593877981304,7.047436565930822,-0.02728142074454709,-5542.625
2025-11-11 09:00:00,0.3648319400396005,7.127254999601435,-0.028773005726124623,-5720.150000000001
2025-11-11 10:00:00,0.38796251946604166,7.19082768070822,-0.03155158619907983,-5853.75
2025-11-11 11:00:00,0.38413284793244173,7.240726573020648,-0.028545130319160172,-5894.875
2025-11-11 12:00:00,0.33840836956532705,7.28035381687786,-0.026905213612337775,-6060.75
2025-11-11 13:00:00,0.20721250327322505,7.345892622354985,-0.031414190456872326,-6034.075000000001
2025-11-11 14:00:00,-0.07142089666153995,7.441150580579454,-0.03158121274500214,-6143.225
2025-11-11 15:00:00,-0.08372752288383767,7.548380911159324,-0.0377677146503661,-6242.7
2025-11-11 16:00:00,-0.4509404857156074,7.667436761221595,-0.035013339199567284,-6193.0
2025-11-11 17:00:00,-0.5269638490386579,7.744825406829596,-0.03851475445225283,-5663.325
2025-11-11 18:00:00,-0.5473896015411088,7.830969388868972,-0.03137402326707672,-5404.4
2025-11-11 19:00:00,-0.5483685650916339,7.871453791402188,-0.0329455693864924,-5324.75
2025-11-11 20:00:00,-0.585131457811424,7.833888613134668,-0.029854862840537066,-4696.599999999999
2025-11-11 21:00:00,-0.5969759812543214,7.814984277083772,-0.034467238777699194,-4444.025
2025-11-11 22:00:00,-0.6213786848612428,7.780009062238253,-0.03306398380570119,-4295.0
2025-11-11 23:00:00,-0.6028491032875545,7.796448889260499,-0.04053356476115244,-4302.25
2025-11-12 00:00:00,-0.48230669194730824,7.8033595130616416,-0.051609706873343875,-4038.475
2025-11-12 01:00:00,-0.45877009841555116,7.795981871050126,-0.06362714413149995,-4057.475
2025-11-12 02:00:00,-0.4293755900475995,7.81259004109752,-0.06869751438261851,-4060.55
2025-11-12 03:00:00,-0.4193062732858497,7.812243130091686,-0.06644674692106367,-4119.35
2025-11-12 04:00:00,-0.4291351647225996,7.8107227490616165,-0.06940355954065502,-4150.8
2025-11-12 05:00:00,-0.46085943449439615,7.735911275863534,-0.06517204857389114,-3966.525
2025-11-12 06:00:00,-0.5676791072073613,7.577681298211121,-0.05199111331783879,-3630.875
2025-11-12 07:00:00,-0.6146277287699444,7.625460916792565,-0.05054942607811164,-3600.525
2025-11-12 08:00:00,-0.6387726568718421,7.604245116633877,-0.05737021165410905,-3510.125
2025-11-12 09:00:00,-0.6462532574027713,7.7348759419305235,-0.060501334893969805,-3953.2
2025-11-12 10:00:00,-0.6570025519163201,7.680024127804397,-0.0657221835544135,-3841.4
2025-11-12 11:00:00,-0.6459575547788416,7.750042894743445,-0.06264736848394303,-4012.25
2025-11-12 12:00:00,-0.6548669990217535,7.7042142905779265,-0.06881446725253948,-3954.025
2025-11-12 13:00:00,-0.6845630159333687,7.715401776356861,-0.07165771293278311,-3927.55
2025-11-12 14:00:00,-0.7143705516906249,7.720592897172412,-0.06609136565998508,-3913.125
2025-11-12 15:00:00,-0.7177349199186178,7.7397171055475935,-0.08093748017384783,-3943.775
2025-11-12 16:00:00,-0.7767963897930068,7.558760062423869,-0.08441690260896806,-3470.55
2025-11-12 17:00:00,-0.8048187675160481,7.575061181237775,-0.07892059285902953,-3358.3
2025-11-12 18:00:00,-0.756173419240715,7.592835887051504,-0.083762803077013,-3287.125
2025-11-12 19:00:00,-0.7175377020754778,7.546814870008819,-0.09525751497036428,-3210.95
2025-11-12 20:00:00,-0.6488067859940325,7.75523544417938,-0.1036492094031356,-3624.625
2025-11-12 21:00:00,-0.647869710745804,7.786305202104098,-0.1131613278038941,-3815.95
2025-11-12 22:00:00,-0.6398157501194128,7.758367533548845,-0.1264709231376795,-3814.8
2025-11-12 23:00:00,-0.553018260281922,7.736419972273651,-0.1517498376684312,-3904.8
2025-11-13 00:00:00,-0.5029763695701308,7.697191478309021,-0.14542958662235606,-3547.474999999999
2025-11-13 01:00:00,-0.48693014092654385,7.608798577984523,-0.1372935823180601,-3335.225
2025-11-13 02:00:00,-0.4827713633352828,7.540778048536858,-0.1398485373533065,-3137.175
2025-11-13 03:00:00,-0.4923358735279688,7.527896994788277,-0.13546139577722727,-3117.925
2025-11-13 04:00:00,-0.49362544042830736,7.595075138640016,-0.12649294497115537,-3252.6
2025-11-13 05:00:00,-0.5164730834209066,7.719271101475412,-0.096621272744561,-3490.325
2025-11-13 06:00:00,-0.6191537793169006,7.873029775331594,-0.07330802260616842,-3949.15
2025-11-13 07:00:00,-0.6793002130233381,7.895379208309469,-0.0631857103047988,-3932.475
2025-11-13 08:00:00,-0.7376267185558718,8.041781042460574,-0.05685301241183538,-4433.225
2025-11-13 09:00:00,-0.7079413392686527,8.14920911100884,-0.052939013612186336,-5024.4
2025-11-13 10:00:00,-0.7035787197303511,8.161043895014915,-0.03747488250678632,-5293.9
2025-11-13 11:00:00,-0.7149187339100469,8.203271724056199,-0.030756405599464465,-5531.724999999999
2025-11-13 12:00:00,-0.6782638573118178,8.205268220237645,-0.023181851735125214,-5524.1
2025-11-13 13:00:00,-0.7009299324021501,8.134590729848536,-0.022111226783088078,-4952.475
2025-11-13 14:00:00,-0.7312990563675164,8.081080791126238,-0.022090240999143695,-4530.125
2025-11-13 15:00:00,-0.7392636991181774,8.051201025482117,-0.024875921011404678,-4118.325
2025-11-13 16:00:00,-0.7153218831703869,7.971282988887684,-0.023621063548449506,-3749.65
2025-11-13 17:00:00,-0.7455752513086176,7.937266654612731,-0.017377108068068026,-3397.875
2025-11-13 18:00:00,-0.7187003783912003,7.906659841128721,-0.01578105753590897,-3124.8
2025-11-13 19:00:00,-0.7019068983347334,7.8312854428184275,-0.006889961282126045,-2918.7
2025-11-13 20:00:00,-0.7063837194261628,7.8291760297791315,0.0006444686018367562,-2941.375
2025-11-13 21:00:00,-0.6695347101505189,7.826334190974293,0.004617138731563664,-2983.1
2025-11-13 22:00:00,-0.6696575518919654,7.7299276205886045,0.012893588865615868,-2841.625
2025-11-13 23:00:00,-0.6483813983663009,7.64635885860099,0.006484654882852325,-2678.125
2025-11-14 00:00:00,-0.6273426367401149,7.292874812424872,0.011915410667728388,-2252.975
2025-11-14 01:00:00,-0.5860118642123449,7.3587224529719215,0.013636365929942329,-2402.625
2025-11-14 02:00:00,-0.5655402848650506,7.382206814112043,0.01899952691985174,-2447.55
2025-11-14 03:00:00,-0.5579005326313138,7.438378382972238,0.02681510434265366,-2587.575
2025-11-14 04:00:00,-0.5575645081763945,7.452473649385045,0.029174861543307173,-2661.275
2025-11-14 05:00:00,-0.4732687030053113,7.619297601697557,0.023590427047190943,-3375.825
2025-11-14 06:00:00,-0.47577877584115225,7.785885679299676,0.021876135336992952,-4453.799999999999
2025-11-14 07:00:00,-0.489729344428397,7.755899816551321,0.012098773635242033,-5810.025
2025-11-14 08:00:00,-0.4071375818051588,7.682845974920101,0.01307713877512029,-6062.5
2025-11-14 09:00:00,-0.3881696708362772,7.612592242018255,0.015347280145715736,-5830.725
2025-11-14 10:00:00,-0.3027764232569776,7.567066552263484,0.013812795734502892,-5760.8
2025-11-14 11:00:00,-0.24923829860973967,7.57254310767225,0.01038696257459737,-5722.8
2025-11-14 12:00:00,-0.25822062785770195,7.636077017268292,0.0073150862026798436,-5873.95
2025-11-14 13:00:00,-0.2785603642211121,7.702123205666134,0.013490695327373459,-6006.35
2025-11-14 14:00:00,-0.40254666456910915,7.797776057417659,0.01668675192165736,-6343.15
2025-11-14 15:00:00,-0.5136817548160955,7.94087169951335,0.017244069939456708,-6603.5
2025-11-14 16:00:00,-0.5810126493777497,8.05863651510019,0.021047007120357897,-6023.924999999999
2025-11-14 17:00:00,-0.5693007739585867,8.13051924336133,0.022084863955841527,-5677.075000000001
2025-11-14 18:00:00,-0.575977672973981,8.106673053144727,0.017618480032847827,-5124.6
2025-11-14 19:00:00,-0.4850181580693347,8.131380699353128,0.02761493855784103,-5116.5
2025-11-14 20:00:00,-0.4417055387472213,8.075119543457497,0.03562060621743335,-4909.425
2025-11-14 21:00:00,-0.4363668997942809,8.061055464682516,0.04133394644719779,-4662.775
2025-11-14 22:00:00,-0.4642380845867353,7.981308187808989,0.05066375318264704,-4385.725
2025-11-14 23:00:00,-0.4682459887244699,7.930438733605038,0.05431409562732448,-4010.075
2025-11-15 00:00:00,-0.43659114659243814,7.821127857184495,0.06516002502785234,-3417.2
2025-11-15 01:00:00,-0.40344650173536767,7.7990783979568015,0.07020535800785233,-3277.125
2025-11-15 02:00:00,-0.36592511033884456,7.773177047480234,0.07314842774319974,-3195.75
2025-11-15 03:00:00,-0.35700130195078117,7.764049479249898,0.0685083444508976,-3184.125
2025-11-15 04:00:00,-0.34503700493069944,7.811501050862264,0.06629659140614397,-3281.7
2025-11-15 05:00:00,-0.3419043597714877,7.9263897606483935,0.05952007720762431,-3572.075
2025-11-15 06:00:00,-0.36787824188286145,7.927328328555888,0.05074878221207957,-3613.6
2025-11-15 07:00:00,-0.37447940385551837,7.922731306724914,0.04548942837553405,-3520.6
2025-11-15 08:00:00,-0.3966542817064034,7.941388149331797,0.03752171225748313,-3518.025
2025-11-15 09:00:00,-0.4528806160135108,7.919582346903548,0.03761987272000056,-3371.65
2025-11-15 10:00:00,-0.4578336775509313,7.821664276778136,0.03351923049843286,-3242.175
2025-11-15 11:00:00,-0.4646630073082436,7.804333489500451,0.028329855152868788,-3156.575
2025-11-15 12:00:00,-0.4533557677757729,7.833597252182837,0.031911428129991926,-3128.05
2025-11-15 13:00:00,-0.40619561915516744,7.826371704333443,0.03017574087413255,-3131.8
2025-11-15 14:00:00,-0.32379720454335104,7.869398750034475,0.02800420577628948,-3197.325
2025-11-15 15:00:00,-0.4982909120655252,7.945212383235365,0.01662641629310002,-3372.525
2025-11-15 16:00:00,-0.5156309788631468,7.970065032470846,0.021772392619464398,-3446.55
2025-11-15 17:00:00,-0.538255859513082,8.045402927088128,0.012477866283741257,-3456.925
2025-11-15 18:00:00,-0.5509954178504715,8.034949193581369,0.0056787815444589995,-3371.6
2025-11-15 19:00:00,-0.5022841846869284,8.027866631001736,0.0060454162530501065,-3402.8
2025-11-15 20:00:00,-0.4764829595164297,8.023488825508524,0.010841656862450755,-3423.525
2025-11-15 21:00:00,-0.4441691781059527,8.044187620850016,0.016774152067234205,-3544.825
2025-11-15 22:00:00,-0.4525591192165219,8.045473210080582,0.020645528391622037,-3549.3
2025-11-15 23:00:00,-0.4644188262143576,7.9672646675567345,0.021912216503578996,-3430.3
2025-11-16 00:00:00,-0.44458165769585234,7.790426764156397,0.020682675426933805,-3391.225
2025-11-16 01:00:00,-0.42031734556527445,7.845040574572764,0.019877563020619604,-3628.075
2025-11-16 02:00:00,-0.39591834023835304,7.782256326191588,0.021924838129375956,-3471.325
2025-11-16 03:00:00,-0.3512448745739989,7.746263912745118,0.031133588466238038,-3489.025
2025-11-16 04:00:00,-0.31521473916803044,7.8079598190506125,0.029907618614664955,-3763.1
2025-11-16 05:00:00,-0.27713143672929696,7.843684507036638,0.025527003609028043,-3930.95
2025-11-16 06:00:00,-0.30186064818911573,7.855857129097708,0.028966360062139707,-4661.875
2025-11-16 07:00:00,-0.2435287756424751,7.969627940722117,0.033181987825656734,-5168.8
2025-11-16 08:00:00,-0.20998192777973923,8.008242392400817,0.03553637437205914,-5832.3
2025-11-16 09:00:00,-0.19247906210334875,7.946236917559688,0.03138351089728886,-6091.4
2025-11-16 10:00:00,-0.12132316041758884,7.85191124389642,0.03948542682389,-6087.4
2025-11-16 11:00:00,-0.08878825313930605,7.750323902709017,0.03971722110746878,-6099.55
2025-11-16 12:00:00,-0.10694525034658975,7.657329341989286,0.045874394457524836,-6141.424999999999
2025-11-16 13:00:00,-0.05955599175976367,7.620717586760137,0.047660604146653185,-6145.475
2025-11-16 14:00:00,-0.03232563878867767,7.627164206251003,0.053492635646194664,-6232.175
2025-11-16 15:00:00,-0.06689950317628846,7.656437563471593,0.058842471844392286,-6439.775000000001
2025-11-16 16:00:00,-0.14703173811363435,7.643081053465121,0.05329579202138035,-6406.275
2025-11-16 17:00:00,-0.20175396841074988,7.628546809028621,0.045811991778978545,-6329.375
2025-11-16 18:00:00,-0.1881573300952608,7.626317128460201,0.04278712540868135,-6343.099999999999
2025-11-16 19:00:00,-0.11662669472666032,7.602217219865822,0.04526768109369783,-6295.75
2025-11-16 20:00:00,-0.027216772757022945,7.560816261965185,0.0472830596093079,-6302.675
2025-11-16 21:00:00,0.04280531837085366,7.506515403527853,0.04248756769025075,-6292.25
2025-11-16 22:00:00,0.10452773979576158,7.459656097210572,0.049357164179272495,-6230.55
2025-11-16 23:00:00,0.18435361866941546,7.404692148979005,0.0548980712457956,-6052.775
2025-11-17 00:00:00,0.22030988794287065,7.492130018770848,0.05968995096994956,-5777.125
2025-11-17 01:00:00,0.28039494573939727,7.449645609381222,0.07450663219607723,-5604.0
2025-11-17 02:00:00,0.320774631874547,7.359567728726988,0.07294053298482872,-5408.8
2025-11-17 03:00:00,0.3639789428071367,7.274281167647281,0.07813924061951916,-5278.025
2025-11-17 04:00:00,0.4099805462839283,7.213439277558088,0.08447739527002085,-5197.8
2025-11-17 05:00:00,0.49957280336440046,7.168538293933297,0.07768316004708353,-5191.549999999999
2025-11-17 06:00:00,0.7247727602647993,7.165442275914025,0.06733594211146787,-5139.075
2025-11-17 07:00:00,0.7787995604241198,7.160928977747963,0.06537723544078666,-5177.325
2025-11-17 08:00:00,0.6870599713216423,7.161989080631628,0.05978388295148385,-5178.424999999999
2025-11-17 09:00:00,0.7518588102663868,7.125737533690765,0.05837225000212953,-5178.224999999999
2025-11-17 10:00:00,0.7247660401566653,7.001541798605604,0.05282401439129547,-5063.475
2025-11-17 11:00:00,0.595890858705145,6.8331642671065875,0.05169496357830905,-4871.775
2025-11-17 12:00:00,0.4965370717537887,6.712455163878972,0.04935786783646723,-5030.974999999999
2025-11-17 13:00:00,0.4902217523270167,6.712073976881162,0.04771153228869984,-5070.849999999999
2025-11-17 14:00:00,0.5492614563152847,6.808727171241265,0.047705252661685016,-5154.975
2025-11-17 15:00:00,0.5826842093459517,6.928928779927,0.05160559585165192,-5290.025
2025-11-17 16:00:00,0.5442729662620005,6.997082368472032,0.05305366120478805,-5362.299999999999
2025-11-17 17:00:00,0.604102271333077,7.0179254098753,0.056112250537529995,-5393.200000000001
2025-11-17 18:00:00,0.6487596435120109,7.033875684202622,0.05488120182886025,-5401.05
2025-11-17 19:00:00,0.7009910595412601,7.012949630835523,0.0527692915571123,-5381.675
2025-11-17 20:00:00,0.6742250375261172,6.981988529002545,0.05223387949705671,-5335.15
2025-11-17 21:00:00,0.8459160615785821,6.9412035946285515,0.05824110454720621,-5326.35
2025-11-17 22:00:00,0.8543072822070119,6.904432765542207,0.06781784741691155,-5236.025
2025-11-17 23:00:00,0.8695737641466232,6.877325710233454,0.07991538584074487,-5215.65
2025-11-18 00:00:00,0.9300716014975055,6.917158925777337,0.10064500611988869,-5026.725
2025-11-18 01:00:00,0.9427919642846652,6.890291165230495,0.1092978244396825,-4734.75
2025-11-18 02:00:00,0.937340913422708,6.853363505050344,0.11397873134632608,-4653.65
2025-11-18 03:00:00,0.9204695078071046,6.807554484594207,0.11497133270427273,-4617.125
2025-11-18 04:00:00,0.9280841068425829,6.753878603278986,0.11519180030006204,-4578.975
2025-11-18 05:00:00,0.9302686010745491,6.682252070866279,0.10663823715529208,-4750.125
2025-11-18 06:00:00,0.8945325251643714,6.584592132203233,0.09000821571517292,-4791.650000000001
2025-11-18 07:00:00,0.9463057690653027,6.460036683506552,0.085159124775112,-4623.025
2025-11-18 08:00:00,1.0628461986256434,6.329355419846112,0.0865566345157136,-4524.075
2025-11-18 09:00:00,0.930147222875795,6.164116587783287,0.08666488483302714,-4400.625
2025-11-18 10:00:00,0.8133729163127805,5.903019187911688,0.08506010150946608,-4242.35
2025-11-18 11:00:00,0.7650804961980375,5.5851866087427915,0.07465709460118841,-4090.3
2025-11-18 12:00:00,0.7738949754152964,5.33141238472967,0.06260150989353086,-3686.7
2025-11-18 13:00:00,0.8716056316120468,5.237256790342295,0.06140858318710585,-3703.25
2025-11-18 14:00:00,0.9708111527634591,5.292320672263579,0.06406375112672791,-3737.525
2025-11-18 15:00:00,1.0539049314042783,5.383326949617807,0.06609914875067702,-3737.425
2025-11-18 16:00:00,1.2365391788749847,5.36597484679687,0.06891566507485525,-3840.55
2025-11-18 17:00:00,1.2599316974108739,5.270442445781983,0.08100521124553683,-3786.525
2025-11-18 18:00:00,1.3181792746545575,5.180572142676779,0.08801802319500762,-3996.8
2025-11-18 19:00:00,1.1758650002770858,5.096525487238552,0.0959025155539388,-4133.875
2025-11-18 20:00:00,1.0061986951798927,5.043160565799653,0.10196677492359285,-4113.65
2025-11-18 21:00:00,0.9308524543988526,5.004097301256503,0.10495563433931565,-4087.375
2025-11-18 22:00:00,0.9709177305644294,4.984751514014158,0.11652395046313835,-4107.9
2025-11-18 23:00:00,0.9574029055255604,4.983806944108218,0.12041832015358889,-4097.349999999999
2025-11-19 00:00:00,0.9827146500481283,4.58112848650781,0.13660071493286008,-3960.75
2025-11-19 01:00:00,1.021405835649766,4.558251519473924,0.13257368941861625,-3885.875
2025-11-19 02:00:00,1.0360867111690224,4.5108018125448925,0.12303723265551625,-3854.575
2025-11-19 03:00:00,1.0391521013140865,4.435238556068951,0.1196989063112941,-3836.575
2025-11-19 04:00:00,1.0403427463141064,4.381854744901681,0.12398649033034115,-3824.325
2025-11-19 05:00:00,1.0185828767742784,4.333722289975058,0.12036322282315925,-3858.85
2025-11-19 06:00:00,1.0962373671648677,4.3151954874764265,0.10488377781495117,-3867.0
2025-11-19 07:00:00,1.2241452010870626,4.257224884742883,0.09815277653047705,-3881.025
2025-11-19 08:00:00,1.2712423747037374,4.194133334506206,0.0948720706473889,-3827.45
2025-11-19 09:00:00,1.1669855813401888,4.135274550910776,0.09202001667059889,-3787.225
2025-11-19 10:00:00,1.069576254983704,4.131527945016308,0.08672717904325733,-3741.975
2025-11-19 11:00:00,1.0199996984698831,4.125992604429358,0.08137456337634053,-3747.05
2025-11-19 12:00:00,1.0120753544748746,4.207360698690804,0.07715138502751362,-3933.35
2025-11-19 13:00:00,1.0157016436918793,4.3748068848886765,0.07518833251558821,-3976.075
2025-11-19 14:00:00,1.0426884041485511,4.593517557047343,0.07745680520800846,-4027.575
2025-11-19 15:00:00,1.2669069729968907,4.881566311047897,0.0744299915293567,-4076.725
2025-11-19 16:00:00,1.3042860860955674,5.1228502642145735,0.08952051901713443,-4192.05
2025-11-19 17:00:00,1.318347230545653,5.267653241161873,0.09357190898262413,-4235.025000000001
2025-11-19 18:00:00,1.2165176072974715,5.403979461726188,0.095987645117531,-4276.025000000001
2025-11-19 19:00:00,1.1586615895910928,5.52986252530972,0.09715146897733096,-4331.575
2025-11-19 20:00:00,1.042067488608354,5.636146717587042,0.10280840528948065,-4282.75
2025-11-19 21:00:00,1.0051710738291488,5.755160557115808,0.1050818195416916,-4323.725
2025-11-19 22:00:00,1.0130559179454597,5.883941277716771,0.11138284200368087,-4362.65
2025-11-19 23:00:00,0.9831546802252387,5.994575328606161,0.11462610249286342,-4384.525
2025-11-20 00:00:00,1.003317774231899,6.45314693188096,0.12140562418990175,-4300.85
2025-11-20 01:00:00,0.9846213081637041,6.580978885389268,0.10679124142778651,-4178.075000000001
2025-11-20 02:00:00,0.9720975345295688,6.697949877732022,0.11346155618065712,-4253.700000000001
2025-11-20 03:00:00,0.965587016236185,6.786590531779344,0.11517071806672696,-4306.075
2025-11-20 04:00:00,0.938121775446497,6.863309800482467,0.12023660534893388,-4351.6
2025-11-20 05:00:00,0.919484404102767,6.916305372534719,0.11287586942835848,-4446.15
2025-11-20 06:00:00,0.9242635732118636,6.93769992910491,0.10559764700637864,-4160.55
2025-11-20 07:00:00,1.1495853405152463,6.911241943496791,0.10300580422106709,-4168.525
2025-11-20 08:00:00,1.1518623654761022,6.866951513462399,0.10130133713421952,-4062.825
2025-11-20 09:00:00,1.1306745816185515,6.818709561396893,0.10033733451865601,-4018.85
2025-11-20 10:00:00,1.0607579276227428,6.700364498688825,0.09536214601160697,-3903.4
2025-11-20 11:00:00,0.9829388081052404,6.595038435410431,0.09408079211045628,-3828.85
2025-11-20 12:00:00,0.9869235259736922,6.533430125347862,0.0962918013991656,-3779.2
2025-11-20 13:00:00,0.9746375215684511,6.560808929858094,0.09013162849768008,-3836.925
2025-11-20 14:00:00,1.015465430386456,6.696652384642623,0.0885579157504699,-3997.225
2025-11-20 15:00:00,1.150536713906031,6.8568269179982915,0.08365912951602983,-4104.25
2025-11-20 16:00:00,1.3128465312061923,6.956792079401016,0.07859012261956266,-4176.1
2025-11-20 17:00:00,1.3192003443328675,7.02116409500716,0.07401447741412337,-4272.225
2025-11-20 18:00:00,1.2958438691508638,7.050851222610805,0.06528676555287216,-4327.1
2025-11-20 19:00:00,1.2938725957349373,7.070269458468631,0.06782997642737243,-4397.35
2025-11-20 20:00:00,1.2007256797946804,7.085939538954572,0.06801597442163754,-4388.099999999999
2025-11-20 21:00:00,1.1116501348889924,7.090189746068152,0.06974372222068936,-4448.2
2025-11-20 22:00:00,1.0694359232577781,7.08977241444462,0.0742567841326629,-4379.125
2025-11-20 23:00:00,1.004407636444168,7.107825066662638,0.08145892798593035,-4483.174999999999
2025-11-21 00:00:00,1.0622068776148792,7.144726584712597,0.12289609116137434,-4346.825
2025-11-21 01:00:00,1.0411844169457876,7.141475499612087,0.10870791072537855,-4342.9
2025-11-21 02:00:00,1.0137681912974115,7.146519391598968,0.12081628407574829,-4355.45
2025-11-21 03:00:00,1.0100165168832564,7.15873673516732,0.12491349984239619,-4389.575
2025-11-21 04:00:00,1.0136865734922793,7.149836966380596,0.12619709321990413,-4349.275
2025-11-21 05:00:00,1.0568738829931679,7.1522649405980925,0.11703816118877519,-4336.825000000001
2025-11-21 06:00:00,1.1759182215816697,7.162414163883497,0.1080368104463103,-4428.525
2025-11-21 07:00:00,1.3706383993874889,7.157058658681939,0.11211773478822273,-4643.299999999999
2025-11-21 08:00:00,1.404752287030706,7.155133581986851,0.11600106002775412,-4578.725
2025-11-21 09:00:00,1.2544165382379333,7.054249508570675,0.12132137341844462,-4558.975
2025-11-21 10:00:00,1.075410008942261,7.003248169366595,0.113666083022121,-4439.825
2025-11-21 11:00:00,1.0520683789834662,6.873167198596092,0.1009350364425714,-4131.85
2025-11-21 12:00:00,1.031442655699804,6.758858440196758,0.08711597679238814,-3928.6
2025-11-21 13:00:00,1.0442239585661222,6.692652439328726,0.08355825794409011,-3911.1
2025-11-21 14:00:00,1.1011580763724327,6.690722705052681,0.08588728616503971,-4061.575
2025-11-21 15:00:00,1.3555587265508953,6.749439855302988,0.08257169602811221,-4127.025
2025-11-21 16:00:00,1.586539680022761,6.862417635498289,0.07624496416772786,-4258.1
2025-11-21 17:00:00,1.6220581837250299,7.012784889897027,0.08185368768838064,-4410.05
2025-11-21 18:00:00,1.4509134447067513,7.212368949502373,0.06895530851848797,-4904.275
2025-11-21 19:00:00,1.3999936009154528,7.411167541564267,0.08714091787186806,-5172.6
2025-11-21 20:00:00,1.2794253557850945,7.5807769176145845,0.09504402668823353,-5305.275
2025-11-21 21:00:00,1.0162372576960026,7.721776823227663,0.10006807905037185,-5485.55
2025-11-21 22:00:00,1.1346000294848082,7.841307077789074,0.10575752720397169,-5723.525
2025-11-21 23:00:00,1.0910356147173879,7.955990695324958,0.1082265061534251,-6059.25
2025-11-22 00:00:00,0.6155076012376317,8.105164917778191,0.10730246869261162,-6989.925
2025-11-22 01:00:00,0.1505231072276061,8.224458576340892,0.11711595826097465,-7062.749999999999
2025-11-22 02:00:00,-0.008259857201260434,8.319593292893959,0.10929694185951089,-7098.75
2025-11-22 03:00:00,-0.1281827447465056,8.379565247944866,0.10124861448777267,-7034.575000000001
2025-11-22 04:00:00,-0.1369349695344142,8.41428350335877,0.09188113210678317,-7070.975
2025-11-22 05:00:00,-0.1558895819877888,8.428002295545408,0.07242348204353188,-7073.049999999999
2025-11-22 06:00:00,-0.17446053283392304,8.429700644137295,0.061667004815952886,-7023.1
2025-11-22 07:00:00,-0.13654128879113392,8.41892320068993,0.051920318705824364,-7005.6
2025-11-22 08:00:00,-0.11287931211943114,8.38759206516641,0.04576018870652199,-6883.375
2025-11-22 09:00:00,-0.008243050619924475,8.364476416389277,0.056012279890897076,-6840.4
2025-11-22 10:00:00,-0.0007108616738999984,8.339488420844908,0.05415786174465431,-6642.15
2025-11-22 11:00:00,0.012870457762435894,8.321762990544425,0.05004931138631363,-6536.875
2025-11-22 12:00:00,0.007528969728836543,8.294973525688276,0.05704910461780344,-6603.45
2025-11-22 13:00:00,0.00614282687967016,8.26926649685138,0.054844923560917636,-6460.025
2025-11-22 14:00:00,0.05548093807604637,8.239977554236587,0.052568501821233404,-6388.35
2025-11-22 15:00:00,-0.086417007947726,8.215542814857,0.041744015824391134,-6452.975
2025-11-22 16:00:00,-0.17603526345718956,8.188177882671283,0.04180037202927345,-6571.8
2025-11-22 17:00:00,-0.1178726865118156,8.160486175534635,0.028376452351539072,-6483.65
2025-11-22 18:00:00,-0.07566768292622683,8.09095447326068,0.03134471833992336,-6339.95
2025-11-22 19:00:00,0.03394322551166429,8.038637174539229,0.0331879341527328,-6341.525
2025-11-22 20:00:00,0.11086548317695577,7.990963616975916,0.03094764770424341,-6221.0
2025-11-22 21:00:00,0.2063962027391666,7.928643745670765,0.028544763687614605,-6112.400000000001
2025-11-22 22:00:00,0.1771699420078079,7.857233754498291,0.028681734372225876,-6002.9
2025-11-22 23:00:00,0.1647136131893534,7.788271361199782,0.025540103353838717,-5835.150000000001
2025-11-23 00:00:00,-0.19764418129509487,8.092796990615254,0.007317066143564865,-5785.025000000001
2025-11-23 01:00:00,-0.14002483068848148,8.015315581169665,0.012301769212162306,-5982.475
2025-11-23 02:00:00,-0.05555592817694155,7.920157051703967,0.012657941614466317,-5830.1
2025-11-23 03:00:00,0.028122291088477525,7.808801501538779,0.009393601829832399,-5650.85
2025-11-23 04:00:00,0.17643784300676657,7.68855166432631,0.006186829867861121,-5594.225
2025-11-23 05:00:00,0.22503339460493166,7.557946940676506,0.001747811842914615,-5451.700000000001
2025-11-23 06:00:00,0.3295867110013142,7.411430146925222,0.008562827245448545,-5377.025
2025-11-23 07:00:00,0.4657597454330631,7.255778756677737,0.016652685874446682,-5264.099999999999
2025-11-23 08:00:00,0.6364451906568203,7.092843421911652,0.021985351452743274,-5157.525
2025-11-23 09:00:00,0.8258897638771305,6.939693045359725,0.02350557749057991,-5044.05
2025-11-23 10:00:00,0.8307746543163033,6.789452483273897,0.03273516011202382,-4900.125
2025-11-23 11:00:00,0.8197500816738659,6.655536549086606,0.040676453794929124,-4815.85
2025-11-23 12:00:00,0.8271615156591254,6.5274274406872275,0.05017342185720164,-4733.825
2025-11-23 13:00:00,0.8225690923061828,6.4100979875625,0.05383199805119521,-4668.575000000001
2025-11-23 14:00:00,0.8528232027958351,6.302294289340345,0.05912380960682562,-4661.55
2025-11-23 15:00:00,0.8792914860291905,6.215855819694161,0.06564059455821347,-4607.425
2025-11-23 16:00:00,0.813106487265066,6.154557093306236,0.06609102504618658,-4562.549999999999
2025-11-23 17:00:00,0.8088339748304838,6.103114927527461,0.05676020711287677,-4499.5
2025-11-23 18:00:00,0.8159443408452152,6.067843242787979,0.054726245780150506,-4512.825000000001
2025-11-23 19:00:00,0.889306664872132,6.050938507167021,0.0479618901773895,-4519.925
2025-11-23 20:00:00,0.8885405481841087,6.075616684114022,0.052295601432851946,-4542.450000000001
2025-11-23 21:00:00,0.8595744223694455,6.121822628853135,0.05373944448768597,-4589.9
2025-11-23 22:00:00,0.8705784905386915,6.168114320538324,0.06416517299887392,-4636.375
2025-11-23 23:00:00,0.8514785299140586,6.212502884012545,0.0573739328720011,-4617.275
2025-11-24 00:00:00,0.8494573404817274,6.107123662174363,0.06069447139595496,-4460.925
2025-11-24 01:00:00,0.8563588391246411,6.138276579095623,0.06896366008010446,-4335.1
2025-11-24 02:00:00,0.8695628938372009,6.18231731772363,0.07294053298482872,-4354.950000000001
2025-11-24 03:00:00,0.8672718887736259,6.246029727630503,0.07260184917352674,-4371.0
2025-11-24 04:00:00,0.8552179883026305,6.311047186224574,0.07414011394903142,-4372.725
2025-11-24 05:00:00,0.8401729718620699,6.34932472587833,0.06496813119804834,-4575.475
2025-11-24 06:00:00,0.8167555420760353,6.38425466584988,0.0664414876690067,-4763.85
2025-11-24 07:00:00,0.7370621695789854,6.421210394380416,0.06794793094388751,-4720.225
2025-11-24 08:00:00,0.6809711398288067,6.40702601501053,0.06945391836305603,-4618.875
2025-11-24 09:00:00,0.7382803095563428,6.352749598154269,0.06547484931961645,-4604.275
2025-11-24 10:00:00,0.7041435349485461,6.253845157595722,0.06325598882092631,-4570.75
2025-11-24 11:00:00,0.7323209942561419,6.139711045795575,0.0659270999953172,-4560.599999999999
2025-11-24 12:00:00,0.6474441619841782,6.047109142091025,0.07086407305743148,-4502.65
2025-11-24 13:00:00,0.5520854882535104,6.014735417794819,0.06881826770971511,-4475.7
2025-11-24 14:00:00,0.5561644098647642,6.024496074589016,0.06949078120120333,-4486.200000000001
2025-11-24 15:00:00,0.6267325709946077,6.042261030605437,0.0659295567387117,-4459.25
2025-11-24 16:00:00,0.6872067072910504,6.015434337549745,0.062397625187431416,-4455.0
2025-11-24 17:00:00,0.5582198861301784,5.972520613528803,0.06741636767917303,-4425.6
2025-11-24 18:00:00,0.642933739938127,5.926932025952411,0.06640870699992796,-4473.8
2025-11-24 19:00:00,0.6791524961505502,5.8599760663173415,0.0678956303872642,-4470.474999999999
2025-11-24 20:00:00,0.6061975947910474,5.834798310084806,0.06645519222013263,-4486.875
2025-11-24 21:00:00,0.6006107973960866,5.841886521743008,0.06533019050502542,-4506.35
2025-11-24 22:00:00,0.585672679933884,5.867271558402122,0.0796040219316172,-4503.450000000001
2025-11-24 23:00:00,0.5849309504242282,5.889671272384924,0.0850688289631627,-4502.6
2025-11-25 00:00:00,0.30519263084268244,6.107123662174363,0.10728324766118202,-4562.225
2025-11-25 01:00:00,0.310662158689631,6.138276579095623,0.0981946449623381,-4599.125
2025-11-25 02:00:00,0.3096563830745116,6.18231731772363,0.09452286473096017,-4612.1
2025-11-25 03:00:00,0.3142796104839798,6.246029727630503,0.09267278398181666,-4644.950000000001
2025-11-25 04:00:00,0.2865073185336895,6.311047186224574,0.09329658959740517,-4615.275
2025-11-25 05:00:00,0.2976697725757731,6.34932472587833,0.08795462235721097,-4656.200000000001
2025-11-25 06:00:00,0.2852730630185274,6.38425466584988,0.07778632634816329,-4683.325
2025-11-25 07:00:00,0.03639681741205569,6.421210394380416,0.07928908695531689,-4648.775
2025-11-25 08:00:00,-0.09470940938662187,6.40702601501053,0.08326580472562473,-4661.725
2025-11-25 09:00:00,-0.1605929599611695,6.352749598154269,0.08911186810948024,-4622.525
2025-11-25 10:00:00,-0.06851164662716824,6.253845157595722,0.09034574097526615,-4674.925
2025-11-25 11:00:00,-0.18942530597130824,6.139711045795575,0.08699277734037647,-4593.349999999999
2025-11-25 12:00:00,-0.3000616936276166,6.047109142091025,0.08676935283029774,-4456.45
2025-11-25 13:00:00,-0.2764262808974447,6.014735417794819,0.0855965847549216,-4596.2
2025-11-25 14:00:00,-0.3076244456455308,6.024496074589016,0.08804174983338875,-4703.925
2025-11-25 15:00:00,-0.2404966821245802,6.042261030605437,0.08667683671217663,-4817.474999999999
2025-11-25 16:00:00,-0.2763934477169325,6.015434337549745,0.08767494598026815,-4950.1
2025-11-25 17:00:00,-0.27533055337199475,5.972520613528803,0.08496404460274132,-4983.675
2025-11-25 18:00:00,-0.19532811056078314,5.926932025952411,0.08399063152502517,-5212.4
2025-11-25 19:00:00,-0.1423350813855837,5.8599760663173415,0.08734674936863396,-5418.2
2025-11-25 20:00:00,-0.15987488699395058,5.834798310084806,0.0907517041034529,-5659.275
2025-11-25 21:00:00,-0.1433819293263099,5.841886521743008,0.09258610149138669,-5883.6
2025-11-25 22:00:00,-0.22989140005013953,5.867271558402122,0.09806188762340362,-5811.275
2025-11-25 23:00:00,-0.2897439856205204,5.889671272384924,0.09895140766347499,-5671.825000000001
2025-11-26 00:00:00,-0.28086367170590787,6.107123662174363,0.0992131828612397,-5205.9
2025-11-26 01:00:00,-0.2556946423375246,6.138276579095623,0.1006586206268496,-4995.325
2025-11-26 02:00:00,-0.22710670433002988,6.18231731772363,0.1081079883611622,-4819.5
2025-11-26 03:00:00,-0.20603698598737719,6.246029727630503,0.10818246424973488,-4866.799999999999
2025-11-26 04:00:00,-0.19800301133043297,6.311047186224574,0.10942198575570483,-4915.15
2025-11-26 05:00:00,-0.21492521811891985,6.34932472587833,0.10146927346319767,-5097.225
2025-11-26 06:00:00,-0.3122691100617181,6.38425466584988,0.08798928891618996,-5037.875
2025-11-26 07:00:00,-0.3954083402388484,6.421210394380416,0.08141598417495288,-5241.4
2025-11-26 08:00:00,-0.46736052458404487,6.40702601501053,0.07669726222934337,-5158.424999999999
2025-11-26 09:00:00,-0.5322008957887059,6.352749598154269,0.08177612459149852,-5073.950000000001
2025-11-26 10:00:00,-0.5519680877775217,6.253845157595722,0.08057835868664398,-5007.7
2025-11-26 11:00:00,-0.5331536492293156,6.139711045795575,0.07723890818484591,-5134.0
2025-11-26 12:00:00,-0.541736169413721,6.047109142091025,0.07338332530438141,-5197.475
2025-11-26 13:00:00,-0.565731831486378,6.014735417794819,0.056583144684553055,-5123.575
2025-11-26 14:00:00,-0.5784700951314621,6.024496074589016,0.06365771524803865,-5081.125
2025-11-26 15:00:00,-0.5656485584864939,6.042261030605437,0.07077516512597981,-5144.475
2025-11-26 16:00:00,-0.557062646466548,6.015434337549745,0.06865298813713139,-5493.0
2025-11-26 17:00:00,-0.5244407017568529,5.972520613528803,0.0824474398692745,-5391.425
2025-11-26 18:00:00,-0.5207246381123767,5.926932025952411,0.08425374556805387,-5198.725
2025-11-26 19:00:00,-0.48606904510086624,5.8599760663173415,0.09019135899669095,-5108.450000000001
2025-11-26 20:00:00,-0.48710028672272543,5.834798310084806,0.09613893496473302,-4955.0
2025-11-26 21:00:00,-0.4683023875445169,5.841886521743008,0.09261658184304977,-5305.875
2025-11-26 22:00:00,-0.44669117617333365,5.867271558402122,0.0954462497408688,-5252.75
2025-11-26 23:00:00,-0.3942605751585275,5.889671272384924,0.09903660749566878,-5438.65
2025-11-27 00:00:00,-0.39875087826255884,6.107123662174363,0.11112996161169697,-5685.675
2025-11-27 01:00:00,-0.4034749554514043,6.138276579095623,0.10246950600975868,-5469.025000000001
2025-11-27 02:00:00,-0.403694307720301,6.18231731772363,0.09647497933910643,-5455.3
2025-11-27 03:00:00,-0.41098411743584284,6.246029727630503,0.08657657222923287,-5462.8
2025-11-27 04:00:00,-0.4397937237276581,6.311047186224574,0.07151636880443846,-5484.575
2025-11-27 05:00:00,-0.4639563286878774,6.34932472587833,0.06622818063657387,-6007.950000000001
2025-11-27 06:00:00,-0.5701291516119871,6.38425466584988,0.05245671459067669,-6045.775
2025-11-27 07:00:00,-0.6170412910435212,6.421210394380416,0.041736112650225365,-6221.225
2025-11-27 08:00:00,-0.6672432669608823,6.40702601501053,0.03451187602499228,-6350.3
2025-11-27 09:00:00,-0.6558287806754426,6.352749598154269,0.021841001577581842,-6499.675
2025-11-27 10:00:00,-0.6525211786411642,6.253845157595722,0.01875760534108384,-6430.825
2025-11-27 11:00:00,-0.6679927805435799,6.139711045795575,0.024039519339288162,-6194.925
2025-11-27 12:00:00,-0.6362582734796081,6.047109142091025,0.02060758605158952,-5996.700000000001
2025-11-27 13:00:00,-0.6329273311523691,6.014735417794819,0.021579576942927226,-5923.45
2025-11-27 14:00:00,-0.6369541986712188,6.024496074589016,0.023036915411551284,-5760.474999999999
2025-11-27 15:00:00,-0.5869795241947422,6.042261030605437,0.020646161687295717,-5593.25
2025-11-27 16:00:00,-0.5577148921406847,6.015434337549745,0.019289094678074825,-5429.35
2025-11-27 17:00:00,-0.5499203809835613,5.972520613528803,0.021792952083590222,-5292.025
2025-11-27 18:00:00,-0.5009920574664917,5.926932025952411,0.014424784521156475,-5129.225
2025-11-27 19:00:00,-0.44017367722648215,5.8599760663173415,0.018935160486613256,-5165.225
2025-11-27 20:00:00,-0.43820132219227625,5.834798310084806,0.018818526294634985,-4928.9
2025-11-27 21:00:00,-0.40186689688604726,5.841886521743008,0.01631317849475522,-5203.875
2025-11-27 22:00:00,-0.37928855873282297,5.867271558402122,0.018193528999835173,-5070.875
2025-11-27 23:00:00,-0.3506577048184343,5.889671272384924,0.016545101908693738,-4919.5
2025-11-28 00:00:00,-0.30438009362869867,6.107123662174363,0.02883455304354765,-5066.5
2025-11-28 01:00:00,-0.3219893711438577,6.138276579095623,0.019915821414785206,-5152.650000000001
2025-11-28 02:00:00,-0.3517791323227546,6.18231731772363,0.00838371597219556,-5118.25
2025-11-28 03:00:00,-0.3579824849118052,6.246029727630503,0.0004422678481859066,-5432.099999999999
2025-11-28 04:00:00,-0.3643246242390372,6.311047186224574,-0.01243280407600178,-5931.525
2025-11-28 05:00:00,-0.3806694644521982,6.34932472587833,-0.015162559250041951,-6581.449999999999
2025-11-28 06:00:00,-0.4470513313021445,6.38425466584988,-0.011609662458992531,-6767.525
2025-11-28 07:00:00,-0.5512656209611682,6.421210394380416,-0.00980990730763498,-6434.25
2025-11-28 08:00:00,-0.6222900187860905,6.40702601501053,-0.017473305423305163,-6223.0
2025-11-28 09:00:00,-0.6686606147497858,6.352749598154269,-0.024908602543205483,-6064.15
2025-11-28 10:00:00,-0.654915785918075,6.253845157595722,-0.03249801925528928,-6057.975
2025-11-28 11:00:00,-0.6565906853084509,6.139711045795575,-0.04188578666143261,-6109.2
2025-11-28 12:00:00,-0.6647985717617373,6.047109142091025,-0.045231563438631106,-5503.8
2025-11-28 13:00:00,-0.7016396397806361,6.014735417794819,-0.04129861055777173,-5367.299999999999
2025-11-28 14:00:00,-0.6978629496843043,6.024496074589016,-0.03491108840197299,-5611.825
2025-11-28 15:00:00,-0.6615697507003273,6.042261030605437,-0.03093652395812807,-5610.525
2025-11-28 16:00:00,-0.5960682346553243,6.015434337549745,-0.02830221268966948,-6879.275
2025-11-28 17:00:00,-0.5303580952670144,5.972520613528803,-0.030154355143578115,-7441.625000000001
2025-11-28 18:00:00,-0.5258940757357555,5.926932025952411,-0.035578419163344144,-7193.45
2025-11-28 19:00:00,-0.4393313623490478,5.8599760663173415,-0.028132706179089695,-6967.475
2025-11-28 20:00:00,-0.3994656492924529,5.834798310084806,-0.02081777879025548,-6504.525
2025-11-28 21:00:00,-0.39998605630713024,5.841886521743008,-0.02156174928175858,-5835.975
2025-11-28 22:00:00,-0.3865455542581526,5.867271558402122,-0.005627103057235239,-5551.15
2025-11-28 23:00:00,-0.40896571126260284,5.889671272384924,-0.008396032680131782,-5072.975
2025-11-29 00:00:00,-0.32578961677404994,6.107123662174363,-0.01830863126501381,-4880.75
2025-11-29 01:00:00,-0.3188118493084935,6.138276579095623,-0.009205597796798415,-4660.725
2025-11-29 02:00:00,-0.3437286381765148,6.18231731772363,-0.020016814820808193,-4433.924999999999
2025-11-29 03:00:00,-0.33012521504309644,6.246029727630503,-0.02480689875994635,-4460.5
2025-11-29 04:00:00,-0.34313766912704713,6.311047186224574,-0.03130279199231545,-4098.125
2025-11-29 05:00:00,-0.34595795175738075,6.34932472587833,-0.03688960793011731,-4214.625
2025-11-29 06:00:00,-0.36895704353703973,6.38425466584988,-0.0368071088122397,-4452.775
2025-11-29 07:00:00,-0.3100256813515285,6.421210394380416,-0.03832381971988941,-4878.475
2025-11-29 08:00:00,-0.33776426570217666,6.40702601501053,-0.03669856266462013,-5020.125
2025-11-29 09:00:00,-0.325372178429983,6.352749598154269,-0.027267749485874404,-5596.25
2025-11-29 10:00:00,-0.3221425909123332,6.253845157595722,-0.020521661471279984,-5858.700000000001
2025-11-29 11:00:00,-0.3099385381606754,6.139711045795575,-0.021582656990574378,-5977.0
2025-11-29 12:00:00,-0.27827544523397973,6.047109142091025,-0.015294976439803598,-6332.2
2025-11-29 13:00:00,-0.21929770109319158,6.014735417794819,-0.014014070156237679,-6482.174999999999
2025-11-29 14:00:00,-0.1464431010732934,6.024496074589016,-0.01001206801255261,-6361.375
2025-11-29 15:00:00,-0.3259279714377783,6.042261030605437,-0.01010548572838843,-6521.924999999999
2025-11-29 16:00:00,-0.3397211341859325,6.015434337549745,-0.0010139920014271553,-6768.75
2025-11-29 17:00:00,-0.3615823040853918,5.972520613528803,-0.001353612864720688,-6719.65
2025-11-29 18:00:00,-0.36089329333592257,5.926932025952411,-0.004118357700524378,-6462.150000000001
2025-11-29 19:00:00,-0.29666319096805793,5.8599760663173415,0.0012902955480393885,-6433.375
2025-11-29 20:00:00,-0.2643786371790844,5.834798310084806,0.008420934305382488,-6297.825
2025-11-29 21:00:00,-0.2558953741960339,5.841886521743008,0.013809723018855635,-6249.175
2025-11-29 22:00:00,-0.25170915056513943,5.867271558402122,0.015589905894441536,-6196.275
2025-11-29 23:00:00,-0.23127058547544577,5.889671272384924,0.016184525760253976,-6019.125
2025-11-30 00:00:00,-0.2087257987369111,6.107123662174363,0.021213601906089785,-5934.3
2025-11-30 01:00:00,-0.18571513734302236,6.138276579095623,0.01825900318520901,-5974.599999999999
2025-11-30 02:00:00,-0.15541367857361577,6.18231731772363,0.030568868180997022,-5926.449999999999
2025-11-30 03:00:00,-0.099424808420157,6.246029727630503,0.033818153836906895,-5875.75
2025-11-30 04:00:00,-0.03690206954783459,6.311047186224574,0.032567902173481045,-5684.924999999999
2025-11-30 05:00:00,-0.10596658245490209,6.34932472587833,0.02813456701610928,-5395.025000000001
2025-11-30 06:00:00,-0.19276571114479024,6.38425466584988,0.02948409240608818,-5339.075
2025-11-30 07:00:00,-0.10354773901692127,6.421210394380416,0.034206053455346996,-5337.525
2025-11-30 08:00:00,-0.04504537311893664,6.40702601501053,0.03304074043391125,-5211.775
2025-11-30 09:00:00,-0.0046220986063669756,6.352749598154269,0.033832691646429325,-5069.725
2025-11-30 10:00:00,0.09759568803935093,6.253845157595722,0.039004773125619785,-4924.225
2025-11-30 11:00:00,0.19024984420147595,6.139711045795575,0.048792993936911166,-4899.25
2025-11-30 12:00:00,0.2572955907759984,6.047109142091025,0.05492854256221236,-4788.3
2025-11-30 13:00:00,0.31284492557866805,6.014735417794819,0.05477807191551687,-4652.45
2025-11-30 14:00:00,0.3584710649627514,6.024496074589016,0.06192754976125503,-4555.0
2025-11-30 15:00:00,0.43805464581116826,6.042261030605437,0.060205798572256164,-4563.75
2025-11-30 16:00:00,0.5016017900034466,6.015434337549745,0.04705969163366941,-4689.325
2025-11-30 17:00:00,0.6452385950728461,5.972520613528803,0.03607740163273565,-4786.25
2025-11-30 18:00:00,0.4352120149564156,5.926932025952411,0.031603828359296315,-4875.75
2025-11-30 19:00:00,0.4697021473740355,5.8599760663173415,0.02757613325291519,-5091.200000000001
2025-11-30 20:00:00,0.4039326983735334,5.834798310084806,0.016668423789701237,-5237.4
2025-11-30 21:00:00,0.3404727728165513,5.841886521743008,0.022486900983581748,-5432.575
2025-11-30 22:00:00,0.26497154015202273,5.867271558402122,0.025494332345914472,-5541.275
2025-11-30 23:00:00,0.10714521350493955,5.889671272384924,0.027251173416892094,-5349.55
2025-12-01 00:00:00,0.02816859215443257,7.400583618838452,-0.002185120694613296,-5018.625
2025-12-01 01:00:00,0.025712300502447327,7.334880275536854,0.030354968271207206,-4849.625
2025-12-01 02:00:00,0.04629256541830973,7.203503172565034,0.018752210011575343,-4666.7
2025-12-01 03:00:00,0.07506582261870554,7.054882638649323,0.02355289611040501,-4492.725
2025-12-01 04:00:00,0.040974646480354426,6.914898207419784,0.024163586090924838,-4347.0
2025-12-01 05:00:00,0.1557033395088836,6.749069288497051,0.014777142654912367,-4570.325
2025-12-01 06:00:00,0.13499065790551246,6.582105814308838,0.0297644483080175,-4519.8
2025-12-01 07:00:00,0.23879178926036282,6.368308534047597,0.029324169303542647,-4335.3
2025-12-01 08:00:00,0.5325072095123771,6.149244170063119,0.03378057482677299,-4277.299999999999
2025-12-01 09:00:00,0.5988699492403287,6.005493800310504,0.030191669777527963,-4246.275
2025-12-01 10:00:00,0.6293894570482346,5.915496962330629,0.027961125164699396,-4173.25
2025-12-01 11:00:00,0.5736956846709598,5.877756089696681,0.03365216177538066,-4161.25
2025-12-01 12:00:00,0.5290041040758169,5.834151162866214,0.03773724103723364,-4234.875
2025-12-01 13:00:00,0.5327192019106208,5.803887956780187,0.043909973954901815,-4195.725
2025-12-01 14:00:00,0.4986178893099984,5.828636746384989,0.04820364368627761,-4221.6
2025-12-01 15:00:00,0.5345408635085445,5.931689993568609,0.05276326609590409,-4225.45
2025-12-01 16:00:00,0.5773192377773384,6.041193556138909,0.05632073041416774,-4261.0
2025-12-01 17:00:00,0.5883358821020224,6.063718927421286,0.0580231189984195,-4300.0
2025-12-01 18:00:00,0.5742296081669407,6.112539381068701,0.059321128591434125,-4268.950000000001
2025-12-01 19:00:00,0.5449112262050564,6.242748419366502,0.046997031434042214,-4313.55
2025-12-01 20:00:00,0.5238609359851374,6.485131677273204,0.04521086922998396,-4479.375
2025-12-01 21:00:00,0.40563612434483876,6.7179014255325695,0.04453311236903623,-4611.474999999999
2025-12-01 22:00:00,0.2771601431797466,6.938471663394025,0.03755160699593141,-4783.375
2025-12-01 23:00:00,0.23100505234516788,7.164963002081994,0.027566301536755766,-5017.575
2025-12-02 00:00:00,0.13957769641420636,7.534131314620455,0.020073288168967807,-5471.75
2025-12-02 01:00:00,0.11870774853492216,7.758810820434353,0.013923072926476543,-5775.55
2025-12-02 02:00:00,0.07256923619672584,7.9246165126932,0.007900464182949207,-6065.95
2025-12-02 03:00:00,0.013432216353314264,8.03993781167183,0.010679588598631717,-6230.150000000001
2025-12-02 04:00:00,-0.02992613808860556,8.12141189349925,0.008410784502277835,-6352.450000000001
2025-12-02 05:00:00,-0.0662044517728888,8.189758621772437,0.011308291426059824,-6703.675
2025-12-02 06:00:00,0.008599294967684745,8.228164746344804,0.03521917250320161,-7121.25
2025-12-02 07:00:00,-0.06943544841770244,8.236140297326683,0.04122109871077839,-7127.275
2025-12-02 08:00:00,-0.0945154332352165,8.240355109790515,0.03992224601145189,-7076.549999999999
2025-12-02 09:00:00,-0.1449767550636354,8.264985335576332,0.04051434064660864,-7275.275
2025-12-02 10:00:00,-0.10074405882588344,8.299818281947395,0.035897111116200975,-7446.450000000001
2025-12-02 11:00:00,-0.17172647488629078,8.32730107007772,0.03146606493585846,-7567.325000000001
2025-12-02 12:00:00,-0.21211823262510476,8.361060532097934,0.02199245265503258,-7137.975
2025-12-02 13:00:00,-0.2762051756240096,8.400285878452781,0.022189171231937088,-7128.0
2025-12-02 14:00:00,-0.4341724492971495,8.44345908013706,0.029111914777538495,-6966.725
2025-12-02 15:00:00,-0.458871264215154,8.48870060556393,0.0316910645021764,-7021.2
2025-12-02 16:00:00,-0.5521941503111538,8.520304944885645,0.03237267675539002,-6864.675
2025-12-02 17:00:00,-0.539134024299841,8.549772185564812,0.030760655748661492,-6787.15
2025-12-02 18:00:00,-0.5830099174807293,8.552732762472044,0.02503352423066829,-6620.2
2025-12-02 19:00:00,-0.6187994888751263,8.548156734702262,0.012946115549395287,-6600.099999999999
2025-12-02 20:00:00,-0.6043345797304993,8.54338589781527,0.010596884633913284,-6341.45
2025-12-02 21:00:00,-0.5756699448548548,8.540295124913012,0.008930909729541803,-6284.05
2025-12-02 22:00:00,-0.5402334114283636,8.503839020065303,0.005663299927016752,-6024.275
2025-12-02 23:00:00,-0.48556141335966796,8.454144866051864,0.0015319347190878574,-5773.45
2025-12-03 00:00:00,-0.49629116174585297,8.20513686569238,0.012232377538907713,-4888.425
2025-12-03 01:00:00,-0.4091768079591662,8.149226954364766,0.03359861294453914,-4691.475
2025-12-03 02:00:00,-0.3784291807601554,8.098209543211363,0.043727449185682055,-4433.7
2025-12-03 03:00:00,-0.33828471739217214,8.157349804688375,0.047189421420602784,-4750.049999999999
2025-12-03 04:00:00,-0.33048338955352774,8.22248804816863,0.03217851826535689,-4976.3
2025-12-03 05:00:00,-0.37445032706004566,8.270977961525515,-0.004455246731388307,-5194.6
2025-12-03 06:00:00,-0.45918165926614085,8.28014719743293,-0.055192628606421046,-5380.674999999999
2025-12-03 07:00:00,-0.519064968202887,8.250365676448153,-0.08937275985344328,-5724.775
2025-12-03 08:00:00,-0.5039465115432185,8.174154774539272,-0.1104944333057647,-5658.275
2025-12-03 09:00:00,-0.4642140004009292,8.097323889214781,-0.11633916427009083,-5641.625
2025-12-03 10:00:00,-0.34733623200366015,8.012532856472262,-0.12440043933633582,-5433.900000000001
2025-12-03 11:00:00,-0.18555681742865726,7.912444999667184,-0.12280787447394204,-5478.85
2025-12-03 12:00:00,-0.18160548413158262,7.7955854233561235,-0.11624114973951372,-5619.424999999999
2025-12-03 13:00:00,-0.16257594163501699,7.679186467763802,-0.11214273968454158,-5511.35
2025-12-03 14:00:00,-0.17830675452108524,7.570534613863138,-0.11890307113127463,-5287.049999999999
2025-12-03 15:00:00,-0.1455893404738382,7.4794342983938344,-0.1369846763099316,-5197.15
2025-12-03 16:00:00,-0.05138909731146901,7.40101497118205,-0.13780545930767651,-5078.3
2025-12-03 17:00:00,0.049925138937050306,7.319841088465164,-0.13705002495655538,-5111.725
2025-12-03 18:00:00,0.1234398124023599,7.233473469000046,-0.113758042480959,-5064.025000000001
2025-12-03 19:00:00,0.34843492665405584,7.139619891055045,-0.11029887776080916,-5009.075000000001
2025-12-03 20:00:00,0.11801088172602903,7.021114097763694,-0.09167137226985034,-4881.45
2025-12-03 21:00:00,0.18249197338503098,6.886309196953738,-0.06121732021035431,-4888.3
2025-12-03 22:00:00,0.16373558018885248,6.790819134612072,-0.03901716896783469,-4776.875
2025-12-03 23:00:00,0.12821658827522997,6.764978998049904,-0.008335245780356715,-4684.5
2025-12-04 00:00:00,0.07454964741347636,6.687828735046351,-0.0009165777049222612,-4135.725
2025-12-04 01:00:00,0.1359786740573563,6.833026614238618,-0.002971917358424392,-4082.8
2025-12-04 02:00:00,0.2034217817065107,6.863394216843349,-0.002862840659662247,-4025.475
2025-12-04 03:00:00,0.29537593178915866,6.796020602567664,-0.0017783155797514993,-3948.0
2025-12-04 04:00:00,0.42111919449089275,6.759974559477264,-0.00122671850578282,-4003.375
2025-12-04 05:00:00,0.6388440656318375,6.796447111054409,0.012210550131024789,-4293.925
2025-12-04 06:00:00,0.6531670632167961,6.859615428313036,0.027632885396787543,-4627.775000000001
2025-12-04 07:00:00,0.8960961704886765,6.887190771528964,0.04456294952726836,-4883.424999999999
2025-12-04 08:00:00,0.9748758456202156,6.884681361847114,0.04042080983680485,-4881.275
2025-12-04 09:00:00,0.7945681115116763,6.875257655131534,0.0371881909924916,-4887.6
2025-12-04 10:00:00,0.949705160796146,6.834886961216235,0.03321682969971729,-4894.549999999999
2025-12-04 11:00:00,1.0285507784318835,6.765124613252043,0.02523069157282265,-4860.25
2025-12-04 12:00:00,1.029498232179355,6.665432412322486,0.028655758644468676,-4797.9
2025-12-04 13:00:00,1.0458253048227517,6.583368419113331,0.037328437152687854,-4764.075000000001
2025-12-04 14:00:00,1.07012480323103,6.531786835262671,0.030835779483185277,-4740.025
2025-12-04 15:00:00,1.086004072857854,6.4999945379238,0.027298566191640283,-4705.475
2025-12-04 16:00:00,1.0944421293580104,6.457475842584131,0.027282780697237996,-4671.875
2025-12-04 17:00:00,1.0741413019776855,6.400389496390358,0.023956347678381285,-4615.05
2025-12-04 18:00:00,1.0969994594383792,6.325576410954117,0.019625904020334595,-4668.375
2025-12-04 19:00:00,1.0687139326854584,6.209995476619975,0.012233596803572944,-4629.9
2025-12-04 20:00:00,0.9994800070421821,6.0549949430705885,0.011314733331393434,-4571.475
2025-12-04 21:00:00,0.9080945635313764,5.862107287797936,0.011900870659594887,-4548.725
2025-12-04 22:00:00,0.8745156375383942,5.64146282333859,-0.003934991645617281,-4510.2
2025-12-04 23:00:00,0.8224867701121203,5.4534154545852305,-0.009344092698803763,-4501.125
2025-12-05 00:00:00,0.8066109999456241,5.188399258604422,-0.01759813510409014,-4130.174999999999
2025-12-05 01:00:00,0.8536786825625242,5.070454886080758,-0.001685261383480352,-4131.450000000001
2025-12-05 02:00:00,0.8719087694206724,4.86051951863852,0.001202120556646591,-4066.975
2025-12-05 03:00:00,0.8752180163920702,4.668135595434035,0.002736098142482213,-4038.25
2025-12-05 04:00:00,0.8646249589095225,4.527667998458662,0.0038878714010275317,-4047.15
2025-12-05 05:00:00,0.8279475168443264,4.4156245986048,0.01792229338964013,-4209.475
2025-12-05 06:00:00,0.9698062270961891,4.306524903227225,0.038194812209051854,-4449.975
2025-12-05 07:00:00,1.2014293570228007,4.256665347090525,0.04568872772932053,-4366.825000000001
2025-12-05 08:00:00,1.2373282109418708,4.238383576753918,0.03729274911415903,-4309.95
2025-12-05 09:00:00,1.2065401881652331,4.200452298640947,0.033673111137062506,-4328.425
2025-12-05 10:00:00,1.1746688678230273,4.151551585991679,0.03191166548781421,-4332.55
2025-12-05 11:00:00,1.1698610445758266,4.182237148055367,0.032264209389201604,-4334.325
2025-12-05 12:00:00,1.1575650808346882,4.1788810040848485,0.035386562375601116,-4407.950000000001
2025-12-05 13:00:00,1.1223376871466666,4.299330931751855,0.0410692013239613,-4430.375
2025-12-05 14:00:00,1.1172088300909238,4.534224516173879,0.041934801670678645,-4438.825
2025-12-05 15:00:00,1.16596116174218,4.8030656704757835,0.045083505540182145,-4439.45
2025-12-05 16:00:00,1.2121613779422553,5.068235739855329,0.04690503474652008,-4449.150000000001
2025-12-05 17:00:00,1.1740818136693747,5.267066608756624,0.044475581817419396,-4516.325
2025-12-05 18:00:00,1.1174037540644708,5.463667596628895,0.0422379096101384,-4616.925
2025-12-05 19:00:00,1.0050902301399844,5.663533232748516,0.04628744045428235,-4697.6
2025-12-05 20:00:00,0.8399830039560641,5.853948798898826,0.05029247656065383,-4723.7
2025-12-05 21:00:00,0.8765420381536257,6.0304490544822595,0.053129790927194165,-4712.5
2025-12-05 22:00:00,0.8218310728716149,6.197525518440916,0.041122031985551644,-4765.825
2025-12-05 23:00:00,0.7680083512917424,6.351467571837021,0.034378810121382664,-4882.875
2025-12-06 00:00:00,0.6148458860742667,6.354476991599649,0.022459434473320883,-4952.825
2025-12-06 01:00:00,0.38978944263603843,6.529296203005603,0.027059224585000763,-5054.85
2025-12-06 02:00:00,0.24941842134317138,6.7059490223477125,0.028662837041396827,-5093.475
2025-12-06 03:00:00,0.31661532580201923,6.895745701835943,0.023903138080370034,-5350.35
2025-12-06 04:00:00,0.34421292752593535,7.080605456873791,0.006901100691554696,-5564.0
2025-12-06 05:00:00,0.416906135304302,7.24393908115299,-0.011860614062300101,-5864.125
2025-12-06 06:00:00,0.2702607123704781,7.369178451169011,-0.024977781160369084,-5912.2
2025-12-06 07:00:00,0.18966263317847165,7.47536658880037,-0.032343875843301007,-5984.9
2025-12-06 08:00:00,0.10756124136249978,7.550357437760324,-0.06642409528179893,-5955.9
2025-12-06 09:00:00,0.06358631630961353,7.663415180130623,-0.08798750353027351,-6053.049999999999
2025-12-06 10:00:00,0.04245552141726039,7.717551964105883,-0.10219731932156328,-6091.225
2025-12-06 11:00:00,0.09743077816579282,7.744103698143013,-0.10271039610378985,-6114.75
2025-12-06 12:00:00,0.0961273857087277,7.763618600842332,-0.09304960680175789,-5914.424999999999
2025-12-06 13:00:00,0.10213086914765768,7.791800879661879,-0.08917782300757171,-5880.225
2025-12-06 14:00:00,0.08106959188394525,7.8141420279290426,-0.09281279189194791,-5684.25
2025-12-06 15:00:00,-0.13874557161671275,7.823095859605522,-0.10552213250972198,-5655.2
2025-12-06 16:00:00,-0.18482778558385338,7.820465709218594,-0.11428153556882226,-5565.075
2025-12-06 17:00:00,-0.23778248490647025,7.798621940816133,-0.11908839420758888,-5441.175
2025-12-06 18:00:00,-0.20962409436031537,7.784166176530368,-0.10083384034872012,-5025.575
2025-12-06 19:00:00,-0.23191857919996695,7.752593832036313,-0.08150758412426651,-4838.075
2025-12-06 20:00:00,-0.23235109384505748,7.7124185656194255,-0.05147655037530896,-4630.974999999999
2025-12-06 21:00:00,-0.2567669199173972,7.668614027176401,-0.012018151488631723,-4479.225
2025-12-06 22:00:00,-0.26976557058282546,7.631427299872908,0.017427090525488076,-4300.025
2025-12-06 23:00:00,-0.26334052498457305,7.580527415946948,0.05765471852159898,-4127.2
2025-12-07 00:00:00,0.07226877964386436,7.610936945269971,0.0042110739271672415,-4821.975
2025-12-07 01:00:00,0.07903647158525118,7.59124484959197,0.008564356170978726,-4800.25
2025-12-07 02:00:00,0.0883230780378188,7.552139776245047,0.0025498365728777728,-4711.675
2025-12-07 03:00:00,0.06301625680236445,7.48321081033483,0.007487923604836411,-4615.7
2025-12-07 04:00:00,0.10894963791107548,7.400224347385761,0.011684335978433324,-4527.075
2025-12-07 05:00:00,0.08762552633468257,7.318394146750885,0.022559836252006527,-4417.025
2025-12-07 06:00:00,0.13471858215135235,7.238222377945499,0.020523650673172078,-4690.825
2025-12-07 07:00:00,0.21804148983320149,7.175462743099847,0.019611009670710722,-4778.95
2025-12-07 08:00:00,0.21331301563567395,7.13878128198613,0.02123833235185746,-4818.925
2025-12-07 09:00:00,0.19624091684104572,7.0971457503568125,0.027265506602067724,-4688.75
2025-12-07 10:00:00,0.18466230596839184,7.063599809148872,0.030382357720217357,-4689.65
2025-12-07 11:00:00,0.23921593518624684,7.028861010587544,0.03718179816105849,-4859.625
2025-12-07 12:00:00,0.27201914727488896,6.998217818852377,0.03498331299819046,-4878.925
2025-12-07 13:00:00,0.3230784114302674,6.967674475574106,0.03385646340850812,-4875.7
2025-12-07 14:00:00,0.3953706391607099,6.9436449696657245,0.03480249649265499,-4863.05
2025-12-07 15:00:00,0.36583501924402206,6.913613088466297,0.038328169802696266,-4924.85
2025-12-07 16:00:00,0.3403748726215108,6.895136749149907,0.03513215891523647,-4904.1
2025-12-07 17:00:00,0.29172147747615185,6.881246248953998,0.030905298106185697,-4912.875
2025-12-07 18:00:00,0.23422541291793664,6.874769170229657,0.03627957253978753,-4896.225
2025-12-07 19:00:00,0.18804335419242246,6.835661622884817,0.028665540394541722,-4855.975
2025-12-07 20:00:00,0.25200620832423404,6.757791903480273,0.03179104372679298,-4803.2
2025-12-07 21:00:00,0.2861254133566158,6.666194415379666,0.028811347454659852,-4855.0
2025-12-07 22:00:00,0.2998494916464507,6.596370845146046,0.0208129491782012,-4924.775000000001
2025-12-07 23:00:00,0.20284930465980544,6.554471008778226,0.006968679446740289,-4896.475
2025-12-08 00:00:00,-0.01599557442925903,6.396765475072658,0.024358987600224147,-4223.4
2025-12-08 01:00:00,-0.1564531217031755,6.433540394836928,0.013488168059311079,-4028.975
2025-12-08 02:00:00,-0.17217780022989615,6.485150751589027,0.00673267920278775,-3801.8
2025-12-08 03:00:00,-0.20912213896467335,6.51753943261168,0.01155816921071473,-3701.400000000001
2025-12-08 04:00:00,-0.1441657735742412,6.532332836617214,0.00542857051267287,-3785.125
2025-12-08 05:00:00,0.036639027670005486,6.5714188831341485,0.012814433487063681,-4265.425
2025-12-08 06:00:00,0.25291430522285197,6.63706436902068,0.020111420008123382,-4834.075
2025-12-08 07:00:00,0.46127056860794813,6.676336645926052,0.021898255433977276,-5001.6
2025-12-08 08:00:00,0.4754046569131214,6.730698240263044,0.01930479002085761,-5035.875
2025-12-08 09:00:00,0.4711738354342474,6.811944298798233,0.011426965191629002,-5037.525
2025-12-08 10:00:00,0.4622935337303291,6.889152311805914,0.005336453486633808,-5147.3
2025-12-08 11:00:00,0.4832445365915259,6.936230241654533,-0.0009340370788395447,-5215.674999999999
2025-12-08 12:00:00,0.4469284400917921,6.9649252344221475,-0.0009243064444159899,-5243.9
2025-12-08 13:00:00,0.4171646717762547,6.9925476123813475,-0.0005801962360081347,-5288.925
2025-12-08 14:00:00,0.34403894395156875,7.020743057972899,-0.005973812936587386,-5253.924999999999
2025-12-08 15:00:00,0.4380037633037981,7.0391440027303345,-0.0068108412562146725,-5242.85
2025-12-08 16:00:00,0.45214173721846773,7.085738061894816,-0.0006699725589216499,-5266.7
2025-12-08 17:00:00,0.5004978364741293,7.099121021880652,0.0026333480669293863,-5256.725
2025-12-08 18:00:00,0.3677346863335842,7.078593655709609,0.004723348260950111,-5296.599999999999
2025-12-08 19:00:00,0.32007491941249366,7.052610749031833,-0.004430137736161299,-5371.025
2025-12-08 20:00:00,0.18735005127410087,6.9951551638261495,-0.011361773731495717,-5330.925
2025-12-08 21:00:00,0.18083945460066442,6.906186549168689,-0.013203974747095337,-5273.775
2025-12-08 22:00:00,0.17138474033747997,6.808917885868317,-0.017629906141960916,-5182.375
2025-12-08 23:00:00,0.1640816000529779,6.719184637265771,-0.016250700197206314,-4957.975
2025-12-09 00:00:00,0.18885951864073203,6.426138881800133,-0.006594958913193949,-4790.3
2025-12-09 01:00:00,0.2892906524681793,6.2512075907142135,-0.009360568137804393,-4641.675
2025-12-09 02:00:00,0.16957951931150683,6.092239879360389,-0.019156337204564444,-4434.65
2025-12-09 03:00:00,0.14946171371070305,5.964269336880804,-0.018962850696749634,-4358.299999999999
2025-12-09 04:00:00,0.17209511239361497,5.859485520368376,-0.02771198554209242,-4485.025
2025-12-09 05:00:00,0.375829229146583,5.775706158225677,-0.021465247536678334,-4627.15
2025-12-09 06:00:00,0.6450750169161523,5.728555571812481,-0.018716320015202292,-4686.325
2025-12-09 07:00:00,0.7410049661584939,5.661618434161636,-0.013617690326954701,-4567.299999999999
2025-12-09 08:00:00,0.8349339972085312,5.545072946832374,-0.009714381032033259,-4333.8
2025-12-09 09:00:00,0.8495831141442682,5.446999190836955,-0.01211794077429218,-4275.425
2025-12-09 10:00:00,0.787317270101445,5.430992298765028,-0.014662988397529553,-4213.549999999999
2025-12-09 11:00:00,0.7545479202727536,5.4857798527568296,-0.012517353127651454,-4258.75
2025-12-09 12:00:00,0.7328712233230261,5.542667461167786,-0.010578001337950838,-4249.25
2025-12-09 13:00:00,0.7419968497195812,5.613455607498252,-0.010495994154596566,-4298.1
2025-12-09 14:00:00,0.7452945649535083,5.731738050669533,-0.011683359278848116,-4354.25
2025-12-09 15:00:00,0.8512807681511916,5.809797276222312,-0.006328184905463274,-4500.75
2025-12-09 16:00:00,0.8300901706621433,5.819877419622235,0.001568329269844071,-4543.625
2025-12-09 17:00:00,0.8504804523958649,5.862536116011873,0.010250369162976725,-4727.425
2025-12-09 18:00:00,0.7553038576863065,5.956843339990707,0.01919756256818772,-4718.674999999999
2025-12-09 19:00:00,0.6114067698416745,6.060471001836014,0.011409173760407398,-4757.225
2025-12-09 20:00:00,0.6339511270127911,6.175103464967356,0.006327694911905546,-4813.0
2025-12-09 21:00:00,0.5883473631564238,6.272793984231986,0.01020265971307488,-4899.0
2025-12-09 22:00:00,0.5652452676195594,6.31483480862293,0.005663299927016752,-4930.225
2025-12-09 23:00:00,0.38627755594365354,6.33142444476276,0.015549132133474863,-5007.35
2025-12-10 00:00:00,0.35172131385148786,6.430222577269945,0.006223547529235596,-4884.35
2025-12-10 01:00:00,0.30081554541882216,6.360024459182747,0.009296940098357354,-4871.299999999999
2025-12-10 02:00:00,0.2836019652455346,6.472105925583695,0.003747621034684734,-4913.375
2025-12-10 03:00:00,0.28915069435853225,6.692330920392382,0.008563958190650034,-5037.1
2025-12-10 04:00:00,0.25762034562194636,6.9537410382911675,0.005541799646189283,-5131.299999999999
2025-12-10 05:00:00,0.22092519799489452,7.21694312314415,0.01750649344782218,-5471.424999999999
2025-12-10 06:00:00,0.26056339087886204,7.429335810832311,0.03188872071104498,-5819.025000000001
2025-12-10 07:00:00,0.2400176429646681,7.587774412592907,0.04389389886749839,-6049.175
2025-12-10 08:00:00,0.24854027038722037,7.716053590328903,0.039408005691282,-6215.424999999999
2025-12-10 09:00:00,0.2424647883067239,7.81743812679902,0.03572679550994984,-6454.5
2025-12-10 10:00:00,0.1963177079548437,7.90042447491994,0.02512244548334408,-6565.674999999999
2025-12-10 11:00:00,0.14214825774147766,7.969307931021389,0.016611046817649466,-6838.8
2025-12-10 12:00:00,0.1629950319058029,8.02203124915852,0.0071432538959950165,-6993.549999999999
2025-12-10 13:00:00,0.12472116642121556,8.01870424034263,0.0066178678079440445,-6960.625
2025-12-10 14:00:00,0.07790571167354532,7.9572270421114375,-0.005014433775007099,-6722.725
2025-12-10 15:00:00,0.10928716595798083,7.9109813099520725,-0.011688895451927195,-6643.725
2025-12-10 16:00:00,0.05856034186693382,7.932555782398085,-0.010626147610161674,-6711.125
2025-12-10 17:00:00,0.07962262175821344,7.987100901701122,-0.006673226829808421,-6793.2
2025-12-10 18:00:00,0.0702353247661236,8.033689160466121,-0.0038542564572487947,-6882.475
2025-12-10 19:00:00,0.004279574167403322,8.02668738144387,-0.011192886926105317,-6837.5
2025-12-10 20:00:00,-0.04016324444553465,7.978972475399042,-0.01859827802072278,-6454.225
2025-12-10 21:00:00,-0.10911385934117002,7.913404880328116,-0.01609239735716983,-6195.375
2025-12-10 22:00:00,-0.17846252057085055,7.84709805894414,-0.028596544284818393,-5912.525
2025-12-10 23:00:00,-0.16708082628195697,7.765184040905912,-0.030566765290138243,-5687.025
2025-12-11 00:00:00,-0.03943780887987325,7.4972155426362646,-0.02320444469135996,-4681.224999999999
2025-12-11 01:00:00,0.01562323267145338,7.338022099420137,-0.016767017839190324,-4371.85
2025-12-11 02:00:00,0.06470393995540036,7.166219447954787,-0.015900834997792046,-4238.525
2025-12-11 03:00:00,0.12903662047690734,7.012271363208076,-0.010255705768793533,-4311.925
2025-12-11 04:00:00,0.12807721716538634,6.908870406995717,-0.008408077914447531,-4321.35
2025-12-11 05:00:00,0.11671664614482058,6.825128548094421,0.0026866686197690726,-4588.400000000001
2025-12-11 06:00:00,0.1447879691954137,6.734753656363309,0.021805296488224712,-4852.174999999999
2025-12-11 07:00:00,0.138982614131681,6.6347302651239755,0.033420164365378646,-4841.4
2025-12-11 08:00:00,0.1574121472377028,6.520788639301017,0.029681875017486092,-4708.175
2025-12-11 09:00:00,0.20592240983871513,6.431925108363389,0.02669334204302043,-4733.775
2025-12-11 10:00:00,0.1506729645788596,6.399970028593311,0.02510492696178801,-4695.875
2025-12-11 11:00:00,0.12629937904401434,6.389290131556959,0.02651824539876646,-4662.75
2025-12-11 12:00:00,0.20538460525479252,6.379263693623167,0.031342921007388114,-4724.475
2025-12-11 13:00:00,0.17183310335737012,6.364297556065234,0.03829095260050597,-4707.224999999999
2025-12-11 14:00:00,0.28619460314431056,6.3652347188972245,0.03467783330219554,-4775.200000000001
2025-12-11 15:00:00,0.4533772085023413,6.398940132850907,0.03289372462576079,-4853.95
2025-12-11 16:00:00,0.4809572965718836,6.458995199189763,0.036824137485345965,-4893.475
2025-12-11 17:00:00,0.45709280497380433,6.498447421962762,0.04321387634070195,-4897.025
2025-12-11 18:00:00,0.44865834610320565,6.598058654731858,0.04373888281763616,-4922.625
2025-12-11 19:00:00,0.46634137527801034,6.716044077121357,0.044632551717173286,-5078.15
2025-12-11 20:00:00,0.48820589244031165,6.828964474850249,0.03748901228663826,-5059.725
2025-12-11 21:00:00,0.3838570581511709,6.905972440669955,0.0432549752648157,-5159.674999999999
2025-12-11 22:00:00,0.31187827526105316,6.958515406261362,0.03758040403497542,-5193.375
2025-12-11 23:00:00,0.27847597235852994,7.023788785103843,0.0371702425218734,-5183.525000000001
2025-12-12 00:00:00,0.36227614384195483,6.812998346108502,0.03243706570090499,-5205.175
2025-12-12 01:00:00,0.37688111428647275,6.9760249556934415,0.03724087203475612,-5410.275
2025-12-12 02:00:00,0.35568954966893873,7.098323984364169,0.037744526385258936,-5460.225
2025-12-12 03:00:00,0.3067188483149552,7.160055221484336,0.043418817974139046,-5397.375
2025-12-12 04:00:00,0.3047806256639971,7.1989904691284545,0.05035023851891207,-5544.825000000001
2025-12-12 05:00:00,0.2948212463870288,7.245561446949777,0.06085847905639952,-5594.200000000001
2025-12-12 06:00:00,0.26670512128386914,7.259236458647378,0.06700886235199732,-5627.625
2025-12-12 07:00:00,0.23524430744857483,7.23645668648125,0.08104164274965786,-5713.1
2025-12-12 08:00:00,0.26635973157161175,7.235692265194269,0.08678975107849762,-5713.95
2025-12-12 09:00:00,0.4554326144981564,7.235568527393968,0.08814433200883354,-5745.824999999999
2025-12-12 10:00:00,0.3892174794199734,7.2318252096862015,0.08987944437488427,-5770.15
2025-12-12 11:00:00,0.5011517255053493,7.199827326377913,0.08579285517857205,-5739.35
2025-12-12 12:00:00,0.3315021081306462,7.166536593883467,0.08975855329317906,-5612.174999999999
2025-12-12 13:00:00,0.29866689850136297,7.171750136387014,0.09739121498132608,-5662.824999999999
2025-12-12 14:00:00,0.2722912447266719,7.1979746921606,0.09853405447552976,-5727.450000000001
2025-12-12 15:00:00,0.22842030027949,7.305378049523936,0.09297403427768725,-5862.625
2025-12-12 16:00:00,0.2627448581823151,7.455251925894947,0.09171236584325637,-6070.975
2025-12-12 17:00:00,0.19699471742713826,7.595691782513165,0.09640875538405069,-6274.325
2025-12-12 18:00:00,0.1383427204839176,7.71234722853546,0.09218834382515873,-6508.225
2025-12-12 19:00:00,0.13238258636955802,7.780368275921491,0.09460704193065261,-6562.425
2025-12-12 20:00:00,0.1459774044581903,7.794080495918351,0.08937266940532584,-6378.275
2025-12-12 21:00:00,0.21168167297045581,7.833116152476346,0.09280644846316033,-6493.525
2025-12-12 22:00:00,0.23015424171834908,7.90667696612536,0.0873850277642454,-6694.049999999999
2025-12-12 23:00:00,0.20181174203650531,7.984760473282173,0.07444617029917655,-6861.6
2025-12-13 00:00:00,0.31950094087691694,7.717115040457486,0.08041335753297663,-6338.800000000001
2025-12-13 01:00:00,0.30913117940419177,7.794215986837447,0.08500375784327652,-6424.275
2025-12-13 02:00:00,0.36184461875656204,7.84702114943215,0.07764814220081284,-6505.575
2025-12-13 03:00:00,0.35615530173689924,7.890653265687972,0.07881494249011745,-6330.325
2025-12-13 04:00:00,0.39469452848921716,7.925987608669436,0.07482883269296536,-6291.925
2025-12-13 05:00:00,0.38262544377430485,7.954943212042971,0.07912263591426694,-6302.15
2025-12-13 06:00:00,0.42119692433694933,7.987094275231638,0.06319340044936972,-6259.25
2025-12-13 07:00:00,0.4156245107845331,8.001701783119879,0.06456332319851033,-6295.35
2025-12-13 08:00:00,0.410790101655504,8.004045707551414,0.07713960418754962,-6292.75
2025-12-13 09:00:00,0.37621250343864077,7.998796059320566,0.07793471909920857,-6430.425
2025-12-13 10:00:00,0.30504645357008053,7.966172026172859,0.06388858143464304,-6529.475
2025-12-13 11:00:00,0.28671647116432775,7.903412120458198,0.06121947544843742,-6416.65
2025-12-13 12:00:00,0.376492978178244,7.804482690923821,0.06445678087247231,-6282.925
2025-12-13 13:00:00,0.44179259536619053,7.665275927996709,0.05708583710787707,-6107.724999999999
2025-12-13 14:00:00,0.5149400710389047,7.517820262296615,0.052628229393669734,-5924.55
2025-12-13 15:00:00,0.3466570087005394,7.323863876993153,0.04129220347507889,-5646.924999999999
2025-12-13 16:00:00,0.36469684005766734,7.123254889679256,0.04054703378840685,-5408.8
2025-12-13 17:00:00,0.35439141878315983,6.907136587632108,0.041220285261867495,-5206.450000000001
2025-12-13 18:00:00,0.3932175561656992,6.6365208658046315,0.03600720194344653,-5043.375
2025-12-13 19:00:00,0.3883428944027427,6.384195586691387,0.029840127093780033,-4923.950000000001
2025-12-13 20:00:00,0.43495721923118413,6.172597376812433,0.034120857858145115,-4849.299999999999
2025-12-13 21:00:00,0.4137210983158006,6.004176531380553,0.04105477694016901,-4831.25
2025-12-13 22:00:00,0.3904607258206152,5.941156293723994,0.04059414980702236,-4836.65
2025-12-13 23:00:00,0.3570119233086597,6.020842507755952,0.034222890525417604,-4759.625
2025-12-14 00:00:00,0.3367844999554248,6.234636680580806,0.028504796494393858,-4646.025
2025-12-14 01:00:00,0.378661037555009,6.508740448035568,0.034974908928719906,-4701.125
2025-12-14 02:00:00,0.3718848315165797,6.886651145093574,0.02664738815193779,-4849.325
2025-12-14 03:00:00,0.3371213064892693,7.2017011304461205,0.03842092724362356,-4975.125
2025-12-14 04:00:00,0.3046578005733416,7.47265437136731,0.043186065829631026,-5003.875
2025-12-14 05:00:00,0.24638309254825552,7.681539259938354,0.05362808028678856,-4950.975
2025-12-14 06:00:00,0.21104176646470618,7.83691919472273,0.0515643387885758,-4912.275
2025-12-14 07:00:00,0.2018935034252194,7.9501989872928736,0.04431620095654587,-5078.9
2025-12-14 08:00:00,0.23256583522223728,7.999681431844375,0.05239273278059908,-5157.975
2025-12-14 09:00:00,0.2419587665851357,8.018999942171012,0.05291874691603127,-5301.175
2025-12-14 10:00:00,0.2375294950200657,7.993937635124217,0.057742554934094414,-5434.375
2025-12-14 11:00:00,0.2228415310639229,7.948707469164068,0.060915887035420724,-5373.425
2025-12-14 12:00:00,0.2281433790328391,7.858294479016157,0.054874511982720975,-5461.05
2025-12-14 13:00:00,0.248952925558926,7.709180465184161,0.045576041167910475,-5302.3
2025-12-14 14:00:00,0.25846140931579065,7.544988109768722,0.04316483248513059,-5070.425
2025-12-14 15:00:00,0.20471847875886517,7.400231375190967,0.03774996799416286,-5005.925
2025-12-14 16:00:00,0.12527703489301212,7.2966534094293705,0.01938919175120457,-4888.75
2025-12-14 17:00:00,0.09425720770600687,7.262809159707595,0.014968255510881434,-4929.674999999999
2025-12-14 18:00:00,0.07654529433474755,7.291182152685748,0.01186307151150956,-5003.65
2025-12-14 19:00:00,0.08701577605719013,7.323715948816053,0.0052975706144025025,-5102.275000000001
2025-12-14 20:00:00,0.1321633522268697,7.374392153313579,0.003938634440780575,-5136.0
2025-12-14 21:00:00,0.14288794098207136,7.46366778967174,0.004097997595119196,-5375.175
2025-12-14 22:00:00,0.1432383017446166,7.609011368294984,0.0010782889859699551,-5560.700000000001
2025-12-14 23:00:00,0.1342393731995526,7.709353195546886,-0.010134481553434327,-5545.025
2025-12-15 00:00:00,0.07755303022493365,7.9313019191221406,-0.018637933985230504,-5794.25
2025-12-15 01:00:00,0.12227196553416553,7.978390671867984,-0.04280545728031626,-5729.325
2025-12-15 02:00:00,0.09103671649200473,8.039220856201181,-0.05135161457612902,-5776.775
2025-12-15 03:00:00,0.03632535614047816,8.127139539390857,-0.05260846485515902,-5987.275
2025-12-15 04:00:00,-0.029571949800511366,8.241614641586702,-0.05311568749396045,-6344.450000000001
2025-12-15 05:00:00,-0.07102472433189488,8.309711783392936,-0.06146356974497014,-6906.625
2025-12-15 06:00:00,-0.05346065820242352,8.35535403082322,-0.046492357785721694,-7482.3
2025-12-15 07:00:00,-0.17571161473263697,8.35110430897732,-0.02864001493545132,-7185.225
2025-12-15 08:00:00,-0.25640926224196203,8.321712106600021,-0.0369834910689546,-6864.549999999999
2025-12-15 09:00:00,-0.31894425744125554,8.281670331669837,-0.045462533335813404,-6578.325
2025-12-15 10:00:00,-0.3698801446068334,8.256981139277384,-0.05052780014948244,-6403.800000000001
2025-12-15 11:00:00,-0.4530721338554766,8.236263933967166,-0.0545884716689784,-6299.325
2025-12-15 12:00:00,-0.43657159188141037,8.208269028137577,-0.058251134791729164,-6244.775000000001
2025-12-15 13:00:00,-0.49776102276106826,8.17872534488949,-0.05983236145043147,-6136.3
2025-12-15 14:00:00,-0.5480825028064702,8.138966963600762,-0.05964301937708694,-6104.174999999999
2025-12-15 15:00:00,-0.47967611056038173,8.061781776062723,-0.05782921525439555,-5964.424999999999
2025-12-15 16:00:00,-0.39887849837258793,7.939342045376401,-0.046215084195945444,-5697.2
2025-12-15 17:00:00,-0.3389198586573672,7.777794092613415,-0.0281383105998243,-5455.35
2025-12-15 18:00:00,-0.23493898085735143,7.588242155025028,-0.022045618373627285,-5334.025
2025-12-15 19:00:00,-0.1802802056189119,7.396711756672099,-0.01994652729202606,-5217.25
2025-12-15 20:00:00,-0.1386492751129187,7.205249058817911,-0.023464970292077503,-5065.875
2025-12-15 21:00:00,-0.05501403452858833,7.026556684812437,-0.033174743102178716,-5056.475
2025-12-15 22:00:00,-0.007153607493132874,6.892866742738383,-0.0523125995841891,-5006.725
2025-12-15 23:00:00,0.05826708766851185,6.780282637855769,-0.04678254740965215,-5029.525
2025-12-16 00:00:00,0.11940282525307211,6.526180022313424,-0.04600765816323005,-5189.625
2025-12-16 01:00:00,0.19565504743418716,6.628556124626198,-0.047215401172690186,-5257.25
2025-12-16 02:00:00,0.24218755039220108,6.8397114213247905,-0.04805080320427901,-5443.099999999999
2025-12-16 03:00:00,0.2295785971065598,7.110318296509354,-0.047190531321617435,-5736.974999999999
2025-12-16 04:00:00,0.1747679487317062,7.352145543750552,-0.04634193220661498,-6187.95
2025-12-16 05:00:00,0.11605594481187875,7.523520209710025,-0.05079060908214039,-6525.225
2025-12-16 06:00:00,0.0630352045496898,7.634304473969806,-0.027213768070017075,-6494.275
2025-12-16 07:00:00,0.006271454628037798,7.659418506935953,-0.015796965147122144,-6518.0
2025-12-16 08:00:00,0.04419536271473401,7.639486070750551,-0.020848725381163113,-6445.700000000001
2025-12-16 09:00:00,0.03740689617599102,7.653474392372976,-0.024815453917202746,-6540.1
2025-12-16 10:00:00,-0.04665768405810988,7.672500883626801,-0.037463998636549256,-6530.174999999999
2025-12-16 11:00:00,-0.06637699742614789,7.702790277358614,-0.045703242680107614,-6602.025
2025-12-16 12:00:00,-0.061224778569406,7.74175532837965,-0.040562710784991296,-6591.425
2025-12-16 13:00:00,-0.06424635934839262,7.751448005820525,-0.035988792565062155,-6657.25
2025-12-16 14:00:00,-0.10375307715748283,7.7383208971842965,-0.03579720373873485,-6678.05
2025-12-16 15:00:00,-0.12078782942050825,7.713513029923415,-0.03455832103902434,-6676.525
2025-12-16 16:00:00,-0.1533759908568939,7.677712216087126,-0.03088354275412808,-6587.425
2025-12-16 17:00:00,-0.13048774602046542,7.645809259871878,-0.029406243295921897,-6484.699999999999
2025-12-16 18:00:00,-0.15509228512904194,7.6480800146323356,-0.02139413113754607,-6409.474999999999
2025-12-16 19:00:00,-0.2125520830069041,7.610520433190515,-0.02825989301952081,-6237.450000000001
2025-12-16 20:00:00,-0.22505482770622542,7.5558423301354845,-0.04105049650859094,-5807.075
2025-12-16 21:00:00,-0.19705401630626485,7.494399485972114,-0.05065306910693046,-5663.625
2025-12-16 22:00:00,-0.19289482787407985,7.442028057150506,-0.052028484688436905,-5455.65
2025-12-16 23:00:00,-0.18294789360656516,7.379585832135653,-0.0487452185719226,-5242.924999999999
2025-12-17 00:00:00,0.028771635418001207,6.693139946313559,-0.03447382863457449,-4793.200000000001
2025-12-17 01:00:00,0.09287908286904356,6.72630054638751,-0.03351115239352698,-4886.675
2025-12-17 02:00:00,0.12556703894287669,6.778084994106729,-0.03305506037219885,-4900.1
2025-12-17 03:00:00,0.1472928358281007,6.799253445659387,-0.03370419927763724,-4962.650000000001
2025-12-17 04:00:00,0.1658604244431059,6.809895175884965,-0.03212009850190878,-5035.775
2025-12-17 05:00:00,0.15834479413078428,6.817417192808339,-0.033959420311246546,-5054.85
2025-12-17 06:00:00,0.158517894178563,6.820981782787537,-0.010557043875556005,-4749.5
2025-12-17 07:00:00,0.15549615102640235,6.794194286693957,-0.0013838420028315923,-4758.775
2025-12-17 08:00:00,0.15480886216831102,6.873611973948536,-0.007703345870225142,-4796.975
2025-12-17 09:00:00,0.10326149190512979,7.016210949701786,-0.01298324366444703,-4893.175
2025-12-17 10:00:00,0.06447306867587788,7.189037918673349,-0.015221916300614424,-4910.975
2025-12-17 11:00:00,-0.025936988719836407,7.402926408041456,-0.015521999455359037,-5164.674999999999
2025-12-17 12:00:00,-0.047105292457072956,7.600518260747176,-0.008837554518366098,-5405.75
2025-12-17 13:00:00,-0.08525654834483909,7.707927726232641,0.002515184224344935,-5550.925
2025-12-17 14:00:00,-0.11137314471595916,7.723108034671515,0.007478128228180836,-5769.125
2025-12-17 15:00:00,-0.08773439251854542,7.674029888620531,0.013733440519827056,-5781.35
2025-12-17 16:00:00,-0.11224674874702245,7.605861393678761,0.02816764051692644,-5667.450000000001
2025-12-17 17:00:00,-0.08248978187156064,7.526088930849567,0.03590921587688989,-5502.0
2025-12-17 18:00:00,-0.09458299907447287,7.433497347366877,0.03778646961178467,-5573.575
2025-12-17 19:00:00,-0.10897920663479299,7.4054514372975095,0.032210360821467,-5481.675
2025-12-17 20:00:00,-0.1391817229912542,7.426396679833767,0.02549977591138486,-5319.425
2025-12-17 21:00:00,-0.14678415552318436,7.528488340470441,0.029590447864659808,-5430.75
2025-12-17 22:00:00,-0.1306801275542231,7.69429637266144,0.02738485222860021,-5511.775
2025-12-17 23:00:00,-0.10962906650356086,7.880821067891076,0.024947736523833974,-5825.5
2025-12-18 00:00:00,-0.39559715600388357,8.17162081382799,0.026384234648096694,-6754.175
2025-12-18 01:00:00,-0.3673994718773317,8.270125667969378,0.023062663132489725,-7212.875
2025-12-18 02:00:00,-0.32685266118869416,8.364041312621119,0.026997742089151622,-7696.4
2025-12-18 03:00:00,-0.32628638229628715,8.434550765735654,0.025002707097891097,-8062.849999999999
2025-12-18 04:00:00,-0.3342414267315843,8.492249979928586,0.026123905627928323,-8357.7
2025-12-18 05:00:00,-0.41860379053449703,8.533057829904669,0.01621273848202165,-8514.2
2025-12-18 06:00:00,-0.5261066914204835,8.550332275820946,0.02420900622452482,-8484.849999999999
2025-12-18 07:00:00,-0.5873664313166693,8.552601647141493,0.03528593892846654,-8305.849999999999
2025-12-18 08:00:00,-0.6672107356629571,8.553521408024142,0.026220915473686546,-8118.8
2025-12-18 09:00:00,-0.6204476212049088,8.56166872761752,0.01956280189121884,-8030.900000000001
2025-12-18 10:00:00,-0.6173211462375559,8.566390034785234,0.014546759500393414,-7885.925000000001
2025-12-18 11:00:00,-0.6378094952507061,8.581737931284472,0.011610331839488452,-7816.25
2025-12-18 12:00:00,-0.616099417174865,8.586467123401986,0.007554257825217903,-7396.05
2025-12-18 13:00:00,-0.6536319128171941,8.566074732363065,0.003043096143115598,-7172.775000000001
2025-12-18 14:00:00,-0.6928478038241823,8.48932778207527,-0.0034271837667629867,-6770.05
2025-12-18 15:00:00,-0.6752706445085224,8.46613423798975,-0.005523016610602838,-6368.325
2025-12-18 16:00:00,-0.6783303783995871,8.388573317512597,-0.008538743641374857,-5869.725
2025-12-18 17:00:00,-0.7127608970122989,8.352581662193392,-0.010007153173487104,-5387.15
2025-12-18 18:00:00,-0.6711464323771685,8.412950217742354,-0.013419531022312192,-5092.825
2025-12-18 19:00:00,-0.6674266690837278,8.342959737555367,-0.01421441021603087,-4811.2
2025-12-18 20:00:00,-0.6398135860621337,8.311912949410614,-0.03821173960387014,-4724.325000000001
2025-12-18 21:00:00,-0.5849663572307544,8.384163330146693,-0.03723681740560281,-5371.775
2025-12-18 22:00:00,-0.53229909718518,8.349426753089437,-0.03736326486282504,-5221.15
2025-12-18 23:00:00,-0.47783179487171923,8.292497373459293,-0.03465549204938245,-5128.575
2025-12-19 00:00:00,-0.4423105984521989,8.175749095561018,-0.033987746533075125,-5283.875
2025-12-19 01:00:00,-0.4218349313067775,7.947978632323294,-0.03226947750381637,-4484.075
2025-12-19 02:00:00,-0.3974330575269982,7.769120866119344,-0.03378801773028339,-4054.4
2025-12-19 03:00:00,-0.4041086513547314,7.516142047229513,-0.0423664828114374,-3483.9
2025-12-19 04:00:00,-0.39050216702636975,7.489315935789973,-0.04697164864247849,-3657.575
2025-12-19 05:00:00,-0.39811142935646116,7.5863838223490285,-0.04731552004442552,-4211.75
2025-12-19 06:00:00,-0.48350319396631036,7.7520773948013675,-0.018712307132262573,-5016.849999999999
2025-12-19 07:00:00,-0.5623850802266506,8.041431415819806,0.0019314010803572756,-5831.9
2025-12-19 08:00:00,-0.6121994634898451,8.25105464831156,-0.0031465247919202355,-6546.75
2025-12-19 09:00:00,-0.6533951627901393,8.362227604642488,-0.00591448526187488,-6837.325
2025-12-19 10:00:00,-0.635922044953853,8.431150109114322,-0.01124016866180444,-6927.9
2025-12-19 11:00:00,-0.6313855122885887,8.470377541609679,-0.014418203225464055,-7002.174999999999
2025-12-19 12:00:00,-0.6070838049693785,8.515906764323608,-0.011378626414059845,-7087.0
2025-12-19 13:00:00,-0.6368517982673088,8.522014450446395,-0.0064801979240103336,-6947.549999999999
2025-12-19 14:00:00,-0.6760333898388589,8.499740322274782,-0.01409085264624288,-6793.35
2025-12-19 15:00:00,-0.6628374584025161,8.475914321711073,-0.01839358242249567,-6526.449999999999
2025-12-19 16:00:00,-0.6738017286801754,8.47407084478032,-0.01998524289240411,-6411.1
2025-12-19 17:00:00,-0.663651350081798,8.493835102952291,-0.014635233601621778,-6248.424999999999
2025-12-19 18:00:00,-0.6217274609552805,8.500096573571792,-0.022471712563010726,-6030.2
2025-12-19 19:00:00,-0.5763916512865142,8.46338347032328,-0.02269767635950881,-5776.35
2025-12-19 20:00:00,-0.5288628391832493,8.371744150609645,-0.033613916398491206,-5237.525
2025-12-19 21:00:00,-0.5186674812433272,8.344666646483388,-0.04338964784010102,-4995.5
2025-12-19 22:00:00,-0.49633246392304686,8.337300682096343,-0.04698213590767342,-4679.3
2025-12-19 23:00:00,-0.4774095490622634,8.328384216758858,-0.04339531241879779,-4501.849999999999
2025-12-20 00:00:00,-0.46831784698992696,8.172902107116768,-0.04184659417769243,-4133.575000000001
2025-12-20 01:00:00,-0.40005570542122815,8.104196240054689,-0.032034087978781045,-4054.3
2025-12-20 02:00:00,-0.37431410422828204,8.056718735042166,-0.03192176252265977,-3840.95
2025-12-20 03:00:00,-0.3567925356778172,8.019768374402334,-0.03214400384792526,-3726.3
2025-12-20 04:00:00,-0.38876230056749916,7.97091058277737,-0.025151646543460693,-3471.125
2025-12-20 05:00:00,-0.41853818627843564,7.942323946251817,-0.021005201012705754,-3444.724999999999
2025-12-20 06:00:00,-0.39714502113932015,7.982319380706391,-0.013374275442061823,-3596.825
2025-12-20 07:00:00,-0.3815624305242644,7.979739072030238,-0.0007491917857498365,-3780.625
2025-12-20 08:00:00,-0.38238562975577217,7.940572524085576,0.013988366509464889,-3971.875
2025-12-20 09:00:00,-0.3769201715378969,7.978370532715006,0.026581817523013918,-4200.375
2025-12-20 10:00:00,-0.3595573220310895,8.084564804258344,0.02682378338711633,-4627.950000000001
2025-12-20 11:00:00,-0.32842865397063026,8.15323068616192,0.021121403769753577,-4965.225
2025-12-20 12:00:00,-0.329495113721356,8.274483337378996,0.018654382778242606,-5681.499999999999
2025-12-20 13:00:00,-0.26365421719369264,8.382930388519279,0.012880396092734614,-6163.15
2025-12-20 14:00:00,-0.1756486206685075,8.47353885627017,0.0046492002536533406,-6706.75
2025-12-20 15:00:00,-0.35941271160600197,8.56552410729017,0.00623358477564917,-7470.299999999999
2025-12-20 16:00:00,-0.37609680324369865,8.640666495631955,0.014110751448645154,-8080.925
2025-12-20 17:00:00,-0.411606241204967,8.684518277816654,0.016929422520663984,-7996.05
2025-12-20 18:00:00,-0.41369349791195775,8.686916387752607,0.017584574390410168,-7938.5
2025-12-20 19:00:00,-0.39482094832439385,8.693853629271803,0.006040590344569274,-7924.875
2025-12-20 20:00:00,-0.34644455609427816,8.696242065487967,0.0125917556899795,-7854.525
2025-12-20 21:00:00,-0.3412692054548141,8.687517189465309,0.005699092987075716,-7903.9
2025-12-20 22:00:00,-0.3149508588092629,8.681115727896692,0.002056591109548478,-7870.5
2025-12-20 23:00:00,-0.29853601688823383,8.634605891840327,-0.007566629545882719,-7400.924999999999
2025-12-21 00:00:00,-0.30437948992870556,8.463885975712998,-0.033707538955421334,-6528.525
2025-12-21 01:00:00,-0.2786813753141919,8.416552575044083,-0.0296229485740076,-6224.125
2025-12-21 02:00:00,-0.24727235010985948,8.38656979504052,-0.03789113298563329,-6083.9
2025-12-21 03:00:00,-0.23811394101924277,8.396629581042532,-0.03132818557567685,-6106.925000000001
2025-12-21 04:00:00,-0.23866403380617118,8.444372305995525,-0.02179495578319024,-6306.775000000001
2025-12-21 05:00:00,-0.24456704088711945,8.484337144733828,-0.013102044472915075,-6617.799999999999
2025-12-21 06:00:00,-0.28484836052356943,8.4761542983752,0.007180619629465035,-6671.075
2025-12-21 07:00:00,-0.2799345160662674,8.533826979711838,0.009763819449886135,-6936.05
2025-12-21 08:00:00,-0.27891104223007357,8.518277902903963,0.014209308808916354,-6849.75
2025-12-21 09:00:00,-0.2877520601189918,8.528930340799533,0.024210949886549926,-6874.4
2025-12-21 10:00:00,-0.2960463229440511,8.51150142399633,0.02354410901076509,-6847.449999999999
2025-12-21 11:00:00,-0.3082443085147921,8.500171287323179,0.02850727403839759,-6832.025
2025-12-21 12:00:00,-0.31331082614640593,8.464485054505609,0.0285432191834607,-6962.35
2025-12-21 13:00:00,-0.2754667064054481,8.46611276910666,0.02932130824311674,-6954.675
2025-12-21 14:00:00,-0.2676243290684166,8.453182957377127,0.035275477463989624,-7228.6
2025-12-21 15:00:00,-0.3174803407802509,8.431446450800468,0.04386196303435508,-7291.125
2025-12-21 16:00:00,-0.39479562060270323,8.412866585533893,0.040212610147655425,-7189.25
2025-12-21 17:00:00,-0.4230902455006391,8.390748854750626,0.038612680577137404,-7109.224999999999
2025-12-21 18:00:00,-0.4418481342982754,8.344821470425824,0.041787370423367776,-7253.9
2025-12-21 19:00:00,-0.3959103809368516,8.294605173264902,0.038402936173513424,-7129.299999999999
2025-12-21 20:00:00,-0.31003083687375943,8.241172658132509,0.04560168382565344,-6914.150000000001
2025-12-21 21:00:00,-0.26191008748063815,8.177538787065565,0.0350720731198404,-6899.099999999999
2025-12-21 22:00:00,-0.2100076498239103,8.107852282084725,0.03203749524347366,-6775.925
2025-12-21 23:00:00,-0.15505066415504043,8.03138565572301,0.021417074518356394,-6559.825
2025-12-22 00:00:00,-0.18391911737629174,8.10202412685224,0.025723667422463237,-6813.525
2025-12-22 01:00:00,-0.05792523389579385,8.012480429316492,0.024173933139771897,-6684.9
2025-12-22 02:00:00,-0.04606138301436857,7.902140945928682,0.020292646773185652,-6387.525
2025-12-22 03:00:00,0.04173825201740744,7.778186243875945,0.018282622326671216,-6430.25
2025-12-22 04:00:00,0.07907782276031128,7.6437965857139165,0.023532073597565706,-6321.7
2025-12-22 05:00:00,0.16262015101906924,7.492895807061342,0.02526120796360498,-6286.775
2025-12-22 06:00:00,0.3056888464566052,7.308289918950546,0.035352647830644734,-6141.400000000001
2025-12-22 07:00:00,0.3516470165479122,7.075685864021979,0.03230118236279189,-5845.300000000001
2025-12-22 08:00:00,0.37315502627562935,6.826466044717043,0.019087138480113452,-5562.5
2025-12-22 09:00:00,0.5744396849658742,6.594879493410082,0.014036229555243196,-5370.5
2025-12-22 10:00:00,0.5890063876226215,6.3935180088298535,0.015156852918710939,-5271.150000000001
2025-12-22 11:00:00,0.5561931306802865,6.170759131406333,0.0175820027127509,-5188.375
2025-12-22 12:00:00,0.5316056014031343,5.992382250889025,0.022150291542611278,-5110.9
2025-12-22 13:00:00,0.5146349881432268,5.920389375208973,0.022020252575054577,-5064.55
2025-12-22 14:00:00,0.5166355125859718,5.913035328726902,0.02282157041486066,-5027.975
2025-12-22 15:00:00,0.635267442620365,5.891548212742869,0.02172880628797813,-4990.425
2025-12-22 16:00:00,0.7326178586117011,5.841177850805306,0.027917065225504523,-4974.2
2025-12-22 17:00:00,0.6746516710361394,5.80172025988583,0.03561033749994369,-4953.375
2025-12-22 18:00:00,0.6350601600286305,5.740780366607784,0.03728687234034833,-4952.825
2025-12-22 19:00:00,0.5937916403670291,5.728205132112777,0.03580706014049895,-4982.7
2025-12-22 20:00:00,0.6043431075198438,5.730183383375067,0.03279105602724375,-5001.85
2025-12-22 21:00:00,0.6190140674722615,5.716408266174773,0.03769260349749093,-5058.349999999999
2025-12-22 22:00:00,0.6272785980990774,5.716856634143473,0.03720592513502474,-5098.925
2025-12-22 23:00:00,0.6154546240426599,5.727697549269893,0.034407012281143956,-5123.025
2025-12-23 00:00:00,0.5303207798668264,5.485602625431229,0.03022814389209838,-4849.825
2025-12-23 01:00:00,0.5183607411925033,5.641087586316123,0.034821036726826016,-4848.174999999999
2025-12-23 02:00:00,0.41330393414812683,5.795131790281359,0.03711531461423423,-4785.125
2025-12-23 03:00:00,0.29081096170076526,5.9184757561296095,0.04793372303827503,-4723.6
2025-12-23 04:00:00,0.26290799401271014,6.072525390151911,0.047318435118761215,-4745.725
2025-12-23 05:00:00,0.251643072098755,6.272761433830163,0.0418578709873243,-4996.475
2025-12-23 06:00:00,0.29065249768997603,6.518799513609606,0.044435827608125145,-5114.525
2025-12-23 07:00:00,0.23787177740109833,6.759151727020172,0.04878461396802258,-5215.0
2025-12-23 08:00:00,0.12786586322969917,6.963938050371067,0.043958364076855716,-5364.3
2025-12-23 09:00:00,0.08934530110265726,7.14161599576955,0.045480800899939666,-5446.875
2025-12-23 10:00:00,0.09799173664500849,7.308802308404525,0.04869493605442354,-5680.375
2025-12-23 11:00:00,0.01308475930611408,7.432562650962771,0.050514259906552894,-5826.7
2025-12-23 12:00:00,0.06477859417356147,7.484261615086908,0.0494497484635712,-6061.75
2025-12-23 13:00:00,0.04696653133974671,7.505988851092942,0.0487918831266656,-6081.75
2025-12-23 14:00:00,0.036076546540194876,7.532277466808015,0.046278808754524725,-6047.6
2025-12-23 15:00:00,0.017110930402915336,7.573838897846908,0.04546711204629439,-6133.45
2025-12-23 16:00:00,0.0048885204820257044,7.6415554397802286,0.047116999515105285,-6265.574999999999
2025-12-23 17:00:00,0.006247708260178175,7.705816375489102,0.055361379565223245,-6390.849999999999
2025-12-23 18:00:00,-0.027072420491755622,7.75670174395941,0.06795675787680722,-6475.174999999999
2025-12-23 19:00:00,-0.07009565928955963,7.808820082477935,0.06914726769420465,-6610.95
2025-12-23 20:00:00,-0.12503219068229576,7.882624776629805,0.07011300518874908,-6671.849999999999
2025-12-23 21:00:00,-0.18328065042185182,7.970459780691797,0.0719209164799528,-6909.125
2025-12-23 22:00:00,-0.21735014129297214,8.062499839445744,0.07878250642286311,-6990.45
2025-12-23 23:00:00,-0.17278384024073334,8.1593725914642,0.08761420265739606,-7136.5
2025-12-24 00:00:00,-0.1065065363061164,7.926386871942817,0.0338784777481953,-7133.5
2025-12-24 01:00:00,-0.04908274555653769,8.033362892815488,-0.003482786548041794,-7480.525
2025-12-24 02:00:00,-0.13888894712126243,8.111024911140461,0.023046577725847506,-7638.3
2025-12-24 03:00:00,-0.17395419319604644,8.164605597157044,0.033143355401220376,-7759.65
2025-12-24 04:00:00,-0.22518530895211386,8.18107430236042,0.031085811970425148,-7653.95
2025-12-24 05:00:00,-0.3172534405837548,8.213451382305761,0.02199053416713337,-7363.7
2025-12-24 06:00:00,-0.4263617122080636,8.213604408718359,-0.023349375653046067,-7042.725
2025-12-24 07:00:00,-0.5282325858193957,8.213559363534475,-0.03730058489026966,-6813.55
2025-12-24 08:00:00,-0.5543557019785799,8.215340927677714,-0.011074514362408472,-6581.7
2025-12-24 09:00:00,-0.5819415067239277,8.225655027122762,-0.01657915719198666,-6398.9
2025-12-24 10:00:00,-0.578149668102792,8.237353222466572,-0.014329756098693025,-6346.275
2025-12-24 11:00:00,-0.5547574717364356,8.271743254767983,-0.018433861743525348,-6617.300000000001
2025-12-24 12:00:00,-0.5781871950478776,8.253357780343045,-0.046801646207673464,-6449.25
2025-12-24 13:00:00,-0.6007923842762293,8.25850549010007,-0.07448585771180483,-6393.525
2025-12-24 14:00:00,-0.635537878828822,8.252201989568091,-0.06566686774813757,-6267.674999999999
2025-12-24 15:00:00,-0.6575175870183125,8.26157370967633,-0.06920984393085128,-6083.575
2025-12-24 16:00:00,-0.6933501703642921,8.193087216420986,-0.09998767844142264,-5745.9
2025-12-24 17:00:00,-0.6715339696197162,8.213058581844528,-0.13250135817102304,-5546.675
2025-12-24 18:00:00,-0.6569516606112256,8.261175211616745,-0.17303659731438525,-5380.8
2025-12-24 19:00:00,-0.6325282579188429,8.302204424282074,-0.16713688288583928,-5666.975
2025-12-24 20:00:00,-0.5939041962845835,8.29833780775494,-0.16485933252501273,-5720.4
2025-12-24 21:00:00,-0.5885086864831548,8.308661428569257,-0.1509054580342699,-5767.950000000001
2025-12-24 22:00:00,-0.5538949745335127,8.290757790405156,-0.12701953811632016,-5664.200000000001
2025-12-24 23:00:00,-0.49842864834426326,8.285569283307407,-0.10687270299374152,-5554.75
2025-12-25 00:00:00,-0.27101952068652757,8.243726992905092,-0.03396283556265178,-5211.65
2025-12-25 01:00:00,-0.2607836938471646,8.219100650931079,-0.03076493084521381,-4987.125
2025-12-25 02:00:00,-0.26306508133288764,8.22952871880958,-0.048479139537835,-4675.725
2025-12-25 03:00:00,-0.24710254658358455,8.227912374987426,-0.06669494497606987,-4872.25
2025-12-25 04:00:00,-0.2552174586198177,8.24030070150778,-0.07462718584423023,-4886.975
2025-12-25 05:00:00,-0.34238381137973484,8.257320365736021,-0.07697709077367954,-4875.425
2025-12-25 06:00:00,-0.48367977747066604,8.268013753848416,-0.1526156606161262,-4504.275000000001
2025-12-25 07:00:00,-0.5350115405288047,8.297061225722286,-0.2000774121708977,-4706.575000000001
2025-12-25 08:00:00,-0.6035504956686206,8.328226947503603,-0.18293667302810324,-4626.599999999999
2025-12-25 09:00:00,-0.5843437088456462,8.335321673339665,-0.1654732163760544,-4731.5
2025-12-25 10:00:00,-0.5750390749253875,8.343774962113127,-0.14256928851350636,-4748.75
2025-12-25 11:00:00,-0.5658428014955059,8.346417444496879,-0.11496369653445182,-4847.775
2025-12-25 12:00:00,-0.5240942907237773,8.345547266737322,-0.09700745824166734,-4844.575000000001
2025-12-25 13:00:00,-0.5124252119967849,8.347719012504095,-0.11701827667213749,-4936.6
2025-12-25 14:00:00,-0.5037139545322047,8.38791855450945,-0.1309131510140178,-5199.225
2025-12-25 15:00:00,-0.4731310016301995,8.387885779496935,-0.11096609136520375,-5238.575000000001
2025-12-25 16:00:00,-0.4528739210512547,8.393025253081793,-0.09570798669806013,-5272.025000000001
2025-12-25 17:00:00,-0.4619993812853087,8.445328485872857,-0.11230884013258713,-5381.2
2025-12-25 18:00:00,-0.42912336657583605,8.456836102559668,-0.12238189439233693,-5411.35
2025-12-25 19:00:00,-0.4204711855504395,8.440555260074516,-0.11580245038025172,-5292.75
2025-12-25 20:00:00,-0.3890724425967762,8.446845992527523,-0.1301056537340859,-5296.9
2025-12-25 21:00:00,-0.3663203364070484,8.445595465955313,-0.12848972704518768,-5326.074999999999
2025-12-25 22:00:00,-0.3277307046301008,8.437302438863604,-0.12467157306522214,-5280.200000000001
2025-12-25 23:00:00,-0.30503258094228425,8.417331418811424,-0.10379795502897693,-5212.4
2025-12-26 00:00:00,-0.26526346651546673,8.314771942406688,-0.07771230992596578,-5302.625
2025-12-26 01:00:00,-0.21125534383818856,8.307353870045537,-0.07891007119099402,-5233.075000000001
2025-12-26 02:00:00,-0.1878210168238148,8.30358435241956,-0.07992848405373021,-5250.375
2025-12-26 03:00:00,-0.18182069772534915,8.312723137523871,-0.08436760306643531,-5323.3
2025-12-26 04:00:00,-0.18962400639437327,8.296349119272179,-0.06448717971527529,-5371.7
2025-12-26 05:00:00,-0.2260250608200738,8.29968926995227,-0.08452612690968397,-5566.5
2025-12-26 06:00:00,-0.3049570924428826,8.308729733320199,-0.14314798998639855,-5604.5
2025-12-26 07:00:00,-0.40633878580617777,8.288550359237238,-0.18740015943738797,-5669.225
2025-12-26 08:00:00,-0.4726344674006713,8.275634810618829,-0.16189124796527832,-5722.4
2025-12-26 09:00:00,-0.5020719824004107,8.249592726949748,-0.1541855927981901,-5726.799999999999
2025-12-26 10:00:00,-0.47303809786234474,8.232139661318145,-0.11867432774088993,-5743.95
2025-12-26 11:00:00,-0.44769120993892875,8.239877073005298,-0.10903888633907233,-5870.674999999999
2025-12-26 12:00:00,-0.44149215503156647,8.166206822524801,-0.10708146275065555,-5948.825000000001
2025-12-26 13:00:00,-0.45792076302041096,8.137550934986324,-0.10812713130828477,-5889.299999999999
2025-12-26 14:00:00,-0.48045032805335675,8.130460284961911,-0.06847578164445167,-5859.949999999999
2025-12-26 15:00:00,-0.458798905268738,8.094341890580802,-0.05440970154596325,-5657.400000000001
2025-12-26 16:00:00,-0.4495535736636951,8.148829051388375,-0.042984463660470595,-5791.925
2025-12-26 17:00:00,-0.4169459681243022,8.169257165941856,-0.06000627759777988,-5865.549999999999
2025-12-26 18:00:00,-0.3785019036034658,8.194656492567661,-0.05172178579388209,-5761.2
2025-12-26 19:00:00,-0.313878410207018,8.213138821354086,-0.042034057071796305,-5744.7
2025-12-26 20:00:00,-0.2519365070637165,8.185275596648378,-0.013790618347323758,-5595.8
2025-12-26 21:00:00,-0.23286444991827837,8.218254264313991,-0.04638088162651055,-5632.45
2025-12-26 22:00:00,-0.19347307052890317,8.284641269861671,-0.04061552855355188,-5759.624999999999
2025-12-26 23:00:00,-0.1637097986116811,8.272972251893297,-0.07036597153883939,-5595.475
2025-12-27 00:00:00,-0.39630313896985747,8.215348095167547,-0.06822766648331235,-5174.900000000001
2025-12-27 01:00:00,-0.3673650840268192,8.257538328204031,-0.06432792226636508,-5055.85
2025-12-27 02:00:00,-0.35819683257457324,8.261809853481386,-0.06329742721380782,-4490.6
2025-12-27 03:00:00,-0.34044611369113387,8.343920529601219,-0.061743885941861976,-4845.150000000001
2025-12-27 04:00:00,-0.33870118971800967,8.34225773013727,-0.06386971539887387,-4809.6
2025-12-27 05:00:00,-0.37255190578661246,8.280665913761382,-0.06802619483381811,-4511.8
2025-12-27 06:00:00,-0.4081525032885005,8.282199263429508,-0.07320444364924583,-4475.325000000001
2025-12-27 07:00:00,-0.4082179375032564,8.338552651359626,-0.07450978491072391,-4919.675
2025-12-27 08:00:00,-0.4356178934041419,8.318402377868324,-0.054608491507853074,-4731.15
2025-12-27 09:00:00,-0.4439237124112938,8.282440514208776,-0.043919446278466445,-4744.375
2025-12-27 10:00:00,-0.4173875958108737,8.246700399802993,-0.039433659256379094,-4750.425
2025-12-27 11:00:00,-0.39401995846442084,8.232480638905978,-0.037185343547117,-4630.975
2025-12-27 12:00:00,-0.36861923910579364,8.21370018226047,-0.02634098214999092,-4774.924999999999
2025-12-27 13:00:00,-0.3067616246523599,8.193104086363547,-0.021823595375461302,-4706.35
2025-12-27 14:00:00,-0.22965809855038488,8.233826129236089,-0.028374115994338034,-4941.425
2025-12-27 15:00:00,-0.4189771280482071,8.331816231628874,-0.029853116126358437,-5406.4
2025-12-27 16:00:00,-0.45759219638137694,8.359058167956634,-0.027083379258415974,-5549.950000000001
2025-12-27 17:00:00,-0.4891874477942917,8.390579076311083,-0.015970958411210212,-5557.749999999999
2025-12-27 18:00:00,-0.487360375625399,8.441597605621512,-0.016121863491500577,-5435.75
2025-12-27 19:00:00,-0.46934396587966365,8.473121233983028,-0.01846018704640695,-5544.775000000001
2025-12-27 20:00:00,-0.4219223425634868,8.488644631707821,-0.009900123529568816,-5590.575000000001
2025-12-27 21:00:00,-0.41997488685716533,8.452721228063648,-0.011137371312156752,-5261.25
2025-12-27 22:00:00,-0.4497552180418012,8.44942294721585,0.001552749305213652,-4904.400000000001
2025-12-27 23:00:00,-0.40298580749809165,8.447663890362383,0.00278810962094056,-5081.475
2025-12-28 00:00:00,-0.42360363031456894,8.183744628881673,-0.006532670604032731,-4384.275
2025-12-28 01:00:00,-0.3741264927100856,8.190123927954506,-0.0015387278627221335,-4339.025
2025-12-28 02:00:00,-0.3370762449711626,8.18812493754292,-0.016587582542949342,-4308.900000000001
2025-12-28 03:00:00,-0.33728703718442876,8.111186036427203,-0.014449568754391073,-4011.5
2025-12-28 04:00:00,-0.32694154196080527,8.050847583445142,-0.014332740842401215,-3884.975
2025-12-28 05:00:00,-0.3070508502673075,8.025570505364646,-0.012168150735504923,-4210.425
2025-12-28 06:00:00,-0.3223872340042342,8.09944032204165,-0.01071459475902703,-4903.450000000001
2025-12-28 07:00:00,-0.3171582513775193,8.255709199395247,-0.017826868716031008,-5626.0
2025-12-28 08:00:00,-0.303029501145728,8.404440084432245,-0.018307636943500682,-6343.525
2025-12-28 09:00:00,-0.3036369946563027,8.504871692564873,-0.010019786553382204,-6995.35
2025-12-28 10:00:00,-0.3146439365592313,8.530904756781922,-0.01311338183325006,-7201.2
2025-12-28 11:00:00,-0.3318634109199494,8.550693342541496,-0.015407575767859782,-7331.299999999999
2025-12-28 12:00:00,-0.36096363920629715,8.464000304470948,-0.021000998056764253,-6705.625
2025-12-28 13:00:00,-0.3477790830152525,8.477760335762326,-0.02285376487512103,-6719.85
2025-12-28 14:00:00,-0.37275106751485954,8.483494050288641,-0.015402032291875756,-6660.224999999999
2025-12-28 15:00:00,-0.41955851985783044,8.543911166209325,-0.011931281332858923,-7045.799999999999
2025-12-28 16:00:00,-0.5022943344438713,8.551003622273877,-0.01833786914529334,-7257.4
2025-12-28 17:00:00,-0.532775680171508,8.637711061778514,-0.018866509412909238,-7579.5
2025-12-28 18:00:00,-0.5573959675157707,8.61718028104417,-0.01340143014797146,-7276.499999999999
2025-12-28 19:00:00,-0.5490355170411427,8.577360014341101,-0.015651765613315938,-6883.3
2025-12-28 20:00:00,-0.4888455993818086,8.522033259367019,-0.008188490760484335,-6487.025
2025-12-28 21:00:00,-0.4821819443956783,8.501630874284471,-0.0064027093926650736,-6366.45
2025-12-28 22:00:00,-0.45745151204127543,8.475476369574071,-0.011252937829107523,-6028.4
2025-12-28 23:00:00,-0.4374737004787863,8.410148925713212,-0.01581484797619037,-5673.65
2025-12-29 00:00:00,-0.4433433937869311,8.318573214015924,0.008719006618043146,-5304.775
2025-12-29 01:00:00,-0.4124105149595958,8.303600138557627,0.010285705833451786,-5035.1
2025-12-29 02:00:00,-0.40802876717237657,8.292498813191372,0.013212743350448086,-4814.0
2025-12-29 03:00:00,-0.41283796907160886,8.293114765743141,0.021627967700820427,-4815.225
2025-12-29 04:00:00,-0.40382520230460806,8.307360222446588,0.023532073597565706,-5092.225
2025-12-29 05:00:00,-0.4906410119863023,8.335309618693255,0.026836488507476552,-5480.575
2025-12-29 06:00:00,-0.5581565226544329,8.395176845432452,0.021842023266702704,-5830.425
2025-12-29 07:00:00,-0.6193920645150395,8.47197681614906,0.027555822246799977,-6389.025
2025-12-29 08:00:00,-0.6643159481239058,8.52003744269595,0.030450282228464687,-6681.475
2025-12-29 09:00:00,-0.6634311723853479,8.519183609219807,0.040501587321402965,-6767.7
2025-12-29 10:00:00,-0.6523343333768463,8.54229732907465,0.043112930185301046,-6937.775
2025-12-29 11:00:00,-0.6944962108494175,8.516952762515526,0.038391756723937576,-6881.675000000001
2025-12-29 12:00:00,-0.7192231425809479,8.547172681855121,0.03434165203609574,-6976.724999999999
2025-12-29 13:00:00,-0.7435496803799198,8.49987458638062,0.03393218180367885,-6645.025000000001
2025-12-29 14:00:00,-0.7728456017056033,8.49080681271356,0.038338939910532055,-6548.325000000001
2025-12-29 15:00:00,-0.7403951942263554,8.496289830535062,0.037991033212064984,-6619.075000000001
2025-12-29 16:00:00,-0.7274425547229932,8.453449980602219,0.03978973124495244,-6323.2
2025-12-29 17:00:00,-0.7235139117608314,8.47415280057341,0.043481132067657136,-6242.9
2025-12-29 18:00:00,-0.6811058712048808,8.504919982770184,0.05234375063593433,-6065.4
2025-12-29 19:00:00,-0.6621726565878823,8.54438969105371,0.05344082914942927,-6153.775
2025-12-29 20:00:00,-0.6364946123638675,8.497753356303015,0.04661741530985797,-5840.224999999999
2025-12-29 21:00:00,-0.6055960173377195,8.482468300890128,0.051881993009609495,-5768.25
2025-12-29 22:00:00,-0.5744188923897235,8.440981361551241,0.043982497326221726,-5503.874999999999
2025-12-29 23:00:00,-0.5079367401183021,8.393194843158756,0.04333723772975073,-5250.8
2025-12-30 00:00:00,-0.4865921524978396,8.29114592840873,0.05011430689685881,-4876.224999999999
2025-12-30 01:00:00,-0.4290654750771199,8.270148456436647,0.050913761638100574,-4810.4
2025-12-30 02:00:00,-0.38212653408256836,8.273720330383007,0.05453714279031363,-4830.425
2025-12-30 03:00:00,-0.38774550844950983,8.256788680376932,0.060620965955349604,-4763.174999999999
2025-12-30 04:00:00,-0.39941625503200706,8.313381752311578,0.06693878111601759,-5017.15
2025-12-30 05:00:00,-0.4432413413531666,8.384787564879217,0.07288076699931789,-5315.125
2025-12-30 06:00:00,-0.4825173739297157,8.469812495978912,0.07158681667407585,-6269.925
2025-12-30 07:00:00,-0.540488946526275,8.542529255483885,0.07711993142631801,-6794.200000000001
2025-12-30 08:00:00,-0.5534434187105495,8.529178529444929,0.0765977245698588,-6811.450000000001
2025-12-30 09:00:00,-0.5575996310318767,8.488165536091191,0.08160748484314606,-6871.35
2025-12-30 10:00:00,-0.48387149048085476,8.41407632356388,0.08231154685340858,-6775.150000000001
2025-12-30 11:00:00,-0.3952288300076705,8.310792443850271,0.08140910687625968,-6710.525
2025-12-30 12:00:00,-0.35897333491198546,8.179534711486557,0.08279477327246809,-6409.5
2025-12-30 13:00:00,-0.24810912935289986,8.046452010245938,0.07880607858765121,-6251.325
2025-12-30 14:00:00,-0.04293388388406694,7.936536577182541,0.06923250903466815,-6155.025
2025-12-30 15:00:00,0.186078169254297,7.810440271129277,0.06608639924903059,-5916.674999999999
2025-12-30 16:00:00,0.320874369096658,7.686333891158412,0.06772366563432097,-5731.15
2025-12-30 17:00:00,0.44072893437519056,7.570688325117302,0.06874900345034707,-5595.375
2025-12-30 18:00:00,0.6351920364637396,7.432543865285237,0.08240743209149137,-5662.075
2025-12-30 19:00:00,0.7554742293898631,7.244990081918594,0.08171956849459949,-5472.950000000001
2025-12-30 20:00:00,0.7527801064556181,7.05098923043024,0.07915617932986585,-5275.95
2025-12-30 21:00:00,0.7254292613382383,6.898219204812819,0.07170364325802225,-5196.075000000001
2025-12-30 22:00:00,0.7731910890134284,6.757991421298355,0.06449016845028055,-4939.450000000001
2025-12-30 23:00:00,0.7636673669328067,6.634880699149414,0.04963788647286371,-4836.325
2025-12-31 00:00:00,0.6874250864162623,7.043857489221435,0.04028294650044817,-5105.5
