timestamp,price_ds,wind_log,consump_log_ds,net_exchange
2019-01-01 00:00:00,0.00959342912628891,7.695757990554761,-0.0630251128906405,-3211.5
2019-01-01 01:00:00,-0.922892258674014,7.708410667257367,-0.07040894944244869,-3305.2
2019-01-01 02:00:00,-0.922892258674014,7.701200180857446,-0.08805422308604172,-3465.1
2019-01-01 03:00:00,-0.922892258674014,7.701652362642226,-0.10217301821815639,-3622.4
2019-01-01 04:00:00,-0.922892258674014,7.696667081526462,-0.13397196355395202,-3656.8
2019-01-01 05:00:00,-0.922892258674014,7.68017564043659,-0.16811446369703198,-3517.7
2019-01-01 06:00:00,-0.2865391239496482,7.670428522190693,-0.24344640296743592,-3377.6
2019-01-01 07:00:00,0.05325487631139314,7.642044402873258,-0.30013528422046853,-3142.1
2019-01-01 08:00:00,-0.014099842438316745,7.605890001053122,-0.290248851436111,-2883.6
2019-01-01 09:00:00,-0.5315937431667082,7.5652752818989315,-0.2667512814235362,-2569.3
2019-01-01 10:00:00,-0.2658306771178416,7.549609165154532,-0.2466732326611094,-2196.7
2019-01-01 11:00:00,-0.6536086700973414,7.553286605600419,-0.2173774218155291,-1865.9
2019-01-01 12:00:00,-0.5803536184259195,7.553810852008231,-0.1805080567475006,-1708.6
2019-01-01 13:00:00,-0.7435980450564568,7.569927655242652,-0.18630715910227913,-1654.9
2019-01-01 14:00:00,-0.4750075893479222,7.612336837167746,-0.1633720718351359,-1667.4
2019-01-01 15:00:00,-0.07420061709917247,7.649692623711514,-0.1372708645766192,-1378.1
2019-01-01 16:00:00,-0.22102961297201862,7.6760099320288875,-0.12863577792236391,-1201.0
2019-01-01 17:00:00,-0.20459374987826306,7.698029170272805,-0.1352196576978706,-1182.3
2019-01-01 18:00:00,-0.18551933000583798,7.707512194600341,-0.12311189968962566,-1303.7
2019-01-01 19:00:00,-0.12924950555263814,7.717351272185329,-0.12008495308653266,-1515.3
2019-01-01 20:00:00,0.13400467139411543,7.721791776817535,-0.11176881563353902,-1770.3
2019-01-01 21:00:00,0.06035130111625042,7.716906135298388,-0.10246359854813392,-2056.6
2019-01-01 22:00:00,-0.30735805208212197,7.7142311448490855,-0.0779857371811783,-2351.2
2019-01-01 23:00:00,-0.922892258674014,7.707512194600341,-0.05382976877984014,-2425.6
2019-01-02 00:00:00,-0.922892258674014,7.704361167910313,-0.1350382414683473,-2649.5
2019-01-02 01:00:00,-0.922892258674014,7.696667081526462,-0.13047378837024226,-2546.9
2019-01-02 02:00:00,-0.922892258674014,7.687997166393016,-0.12377992663311765,-2568.4
2019-01-02 03:00:00,-0.922892258674014,7.681560362559537,-0.11884382814655581,-2548.0
2019-01-02 04:00:00,-0.7200296180000936,7.668093709082406,-0.11506303714055477,-2491.4
2019-01-02 05:00:00,-0.18706705589146155,7.662937850461535,-0.10890880760470445,-2124.1
2019-01-02 06:00:00,-0.25382558402655375,7.652070746116482,-0.13438073725606436,-1030.2
2019-01-02 07:00:00,-0.2505604005034372,7.632885505395133,-0.14103703602550155,20.3
2019-01-02 08:00:00,-0.30111862333637296,7.614312146452,-0.11572118563209344,505.8
2019-01-02 09:00:00,-0.24881492580933307,7.581719640125308,-0.10706052162433011,602.4
2019-01-02 10:00:00,-0.2414973270745211,7.53955882930103,-0.08751096163553562,875.5
2019-01-02 11:00:00,-0.25506281731862757,7.497207223203318,-0.09171003506058284,960.2
2019-01-02 12:00:00,-0.2161308401483728,7.465082736399547,-0.08811756577146213,933.6
2019-01-02 13:00:00,-0.18733205745638637,7.44600149832412,-0.08348986026363647,938.1
2019-01-02 14:00:00,-0.16609403219918972,7.440146680662688,-0.07674999416085626,897.4
2019-01-02 15:00:00,-0.13278375467043402,7.443078374348516,-0.058389321366657754,1228.8
2019-01-02 16:00:00,-0.14260578553059222,7.419380582918692,-0.06700548170607057,1451.3
2019-01-02 17:00:00,-0.1511371469747047,7.370860166536716,-0.07504446357900463,1545.5
2019-01-02 18:00:00,-0.13318393576748733,7.303843225277705,-0.06717528445886423,1416.1
2019-01-02 19:00:00,-0.06205256945326543,7.2456550675945355,-0.06388545295227566,1212.3
2019-01-02 20:00:00,-0.06060898292904726,7.201170883281678,-0.06299490193663537,1054.6
2019-01-02 21:00:00,-0.02622264116413442,7.170119543449628,-0.052634962336096436,677.6
2019-01-02 22:00:00,-0.007537262149149626,7.148345743900068,-0.04466169481237614,190.1
2019-01-02 23:00:00,0.10612475612743699,7.085901464365611,-0.03480916784926613,-225.9
2019-01-03 00:00:00,0.05265008983106334,6.975413927455952,-0.040064681438490624,-515.5
2019-01-03 01:00:00,0.08308483948117917,6.904750769961838,-0.04017524728292443,-645.8
2019-01-03 02:00:00,0.06748843208194044,6.796823718274855,-0.0413338676192776,-682.0
2019-01-03 03:00:00,0.08085479419133579,6.704414354964107,-0.04205326850400404,-629.8
2019-01-03 04:00:00,0.07265263212852702,6.569481420414296,-0.03614324516522238,-375.5
2019-01-03 05:00:00,0.009035565961394987,6.415096959171596,-0.031062473973229032,132.1
2019-01-03 06:00:00,-0.0712018628275306,6.238324625039508,-0.05311696893690687,1148.2
2019-01-03 07:00:00,-0.12477507498954754,6.07073772800249,-0.05439565903249921,2131.3
2019-01-03 08:00:00,-0.08185119664779794,5.855071922202427,-0.03414186592347512,2489.8
2019-01-03 09:00:00,-0.04035463157176267,5.631211781821365,-0.0257759648107605,2435.9
2019-01-03 10:00:00,0.018303362418578217,5.438079308923196,0.0024240365030223643,2654.6
2019-01-03 11:00:00,0.018039607364230825,5.393627546352362,-0.010669165218391896,2443.1
2019-01-03 12:00:00,0.16839415067009167,5.407171771460119,-0.006440700569530833,2386.6
2019-01-03 13:00:00,0.16554548903761912,5.541263545158426,0.004387561819495289,2361.4
2019-01-03 14:00:00,0.16066959449280116,5.840641657373398,-0.00413781062188967,2363.6
2019-01-03 15:00:00,0.10031390793657113,6.131226489483141,-0.005219726273027803,2819.9
2019-01-03 16:00:00,0.13318808015571904,6.318968113746434,0.0008835437776699706,2959.9
2019-01-03 17:00:00,0.10420564737335791,6.440946540632921,-0.009298084956146369,2556.4
2019-01-03 18:00:00,0.059886340827881135,6.588926477533519,-0.008013880726551292,2215.1
2019-01-03 19:00:00,0.07452202884527726,6.665683717782408,-0.01035092515877345,1882.0
2019-01-03 20:00:00,0.03607548709380648,6.710523109452428,-0.015180432806191746,1776.0
2019-01-03 21:00:00,0.0429670977051404,6.744059186311348,-0.012519492316499736,1211.4
2019-01-03 22:00:00,0.018524749569600374,6.78105762593618,-0.012490992506883458,708.4
2019-01-03 23:00:00,0.07019226134430623,6.779921907472252,-0.013460911189266511,212.9
2019-01-04 00:00:00,0.05594940084788513,6.837332814685591,-0.06104212859361979,-652.0
2019-01-04 01:00:00,0.09242334969365995,6.862757913051401,-0.06641585283776585,-893.4
2019-01-04 02:00:00,0.08353893158492598,6.883462586413092,-0.06806502865829955,-1036.3
2019-01-04 03:00:00,0.0584862566563884,6.902742737158593,-0.06999511507600253,-1080.5
2019-01-04 04:00:00,-0.0216654702667598,6.90875477931522,-0.0757516459111045,-684.4
2019-01-04 05:00:00,-0.09475438501972366,6.90875477931522,-0.07712749160691956,-261.0
2019-01-04 06:00:00,-0.13413453911454498,6.905753276311464,-0.10678671604377321,494.7
2019-01-04 07:00:00,-0.18172041394480676,6.906754778648554,-0.11560885525464393,1244.2
2019-01-04 08:00:00,-0.17061780219720335,6.912742820493176,-0.1016443291705702,1431.0
2019-01-04 09:00:00,-0.1485420451789885,6.925595197110468,-0.09941186595139051,1412.5
2019-01-04 10:00:00,-0.015799209585048768,6.945051063725834,-0.07230574676383483,1589.6
2019-01-04 11:00:00,-0.15694557246122276,6.97354301952014,-0.0779413944398275,1564.1
2019-01-04 12:00:00,-0.08599538574211696,7.003065458786462,-0.04545092882643331,1528.5
2019-01-04 13:00:00,-0.10719854235623272,7.014814351275545,-0.042935251733004165,1442.2
2019-01-04 14:00:00,-0.11637685814157095,7.01571242048723,-0.03476106578001392,1442.7
2019-01-04 15:00:00,-0.12773370766705217,7.01211529430638,-0.02265864256063388,1613.7
2019-01-04 16:00:00,-0.14138636591437193,6.98933526597456,-0.0367354533656119,1792.6
2019-01-04 17:00:00,-0.1410731858359755,6.954638864880987,-0.051947782428529266,1782.9
2019-01-04 18:00:00,-0.11703966765615803,6.922643891475888,-0.05276695967798517,1561.4
2019-01-04 19:00:00,-0.061286806282950135,6.752270376141742,-0.04300347555776618,1284.9
2019-01-04 20:00:00,-0.0588454390884654,6.7357800142423265,-0.03857785130720437,825.9
2019-01-04 21:00:00,-0.03476676491913189,6.723832440821209,-0.03705214545939661,330.5
2019-01-04 22:00:00,-0.031730517080283516,6.721425700790643,-0.04606662911653814,-150.2
2019-01-04 23:00:00,-0.0032183992437833098,6.716594773520978,-0.05446097387183357,-680.9
2019-01-05 00:00:00,-0.10424042560649971,6.8658910748834385,-0.08213383476127945,-1202.8
2019-01-05 01:00:00,-0.03061873412529792,6.871091294610546,-0.08239940278199498,-1446.6
2019-01-05 02:00:00,-0.00879406848045372,6.883462586413092,-0.08484424908288624,-1591.0
2019-01-05 03:00:00,0.04875600014755843,6.893656354602635,-0.08625632294447705,-1666.3
2019-01-05 04:00:00,0.03285546222353908,6.877296071497429,-0.08957982057332714,-1622.4
2019-01-05 05:00:00,0.06998919255096903,6.828712071641684,-0.08293760803804773,-1470.4
2019-01-05 06:00:00,-0.015604578753699805,6.747586526829315,-0.06988398869881962,-1075.9
2019-01-05 07:00:00,-0.0894055706063499,6.6240652277998935,-0.06664876234691519,-568.7
2019-01-05 08:00:00,-0.0868494999260836,6.45833828334479,-0.06254913784575322,-27.3
2019-01-05 09:00:00,-0.09081653279640145,6.278521424165844,-0.06405710599040582,452.4
2019-01-05 10:00:00,-0.011442390353486598,6.0473721790462776,-0.051455216791929104,859.5
2019-01-05 11:00:00,-0.09566009490352201,5.780743515792329,-0.05245411214075624,987.6
2019-01-05 12:00:00,0.04188700313170557,5.541263545158426,-0.0375690595059055,1027.7
2019-01-05 13:00:00,0.006839086914133041,5.3230099791384085,-0.04185660191399876,986.2
2019-01-05 14:00:00,-0.002345182975258986,5.209486152841421,-0.033705125356380705,996.2
2019-01-05 15:00:00,-0.034598937575456734,5.14166355650266,-0.04681060328588238,1184.6
2019-01-05 16:00:00,-0.01933800960629206,5.081404364984463,-0.028114089651490204,1588.0
2019-01-05 17:00:00,-0.03160653076722397,5.030437921392435,-0.040221182731352556,1717.1
2019-01-05 18:00:00,-0.02164208675472956,5.017279836814924,-0.04461934703816084,1555.7
2019-01-05 19:00:00,0.00968752966773856,4.867534450455582,-0.04695848877421227,1281.6
2019-01-05 20:00:00,0.018908498918675853,4.8283137373023015,-0.04657033693355217,937.9
2019-01-05 21:00:00,0.05777826282809295,4.795790545596741,-0.04480329188790222,679.1
2019-01-05 22:00:00,0.06266730752940797,4.727387818712341,-0.048725995774356434,385.3
2019-01-05 23:00:00,0.08851645614036396,4.624972813284271,-0.05354832031322587,112.1
2019-01-06 00:00:00,0.06645881912800666,5.2832037287379885,-0.043005117099689016,-347.1
2019-01-06 01:00:00,0.16351420239816283,5.2832037287379885,-0.047506426460913076,-531.7
2019-01-06 02:00:00,0.20190951268876445,5.272999558563747,-0.055521063769040424,-601.5
2019-01-06 03:00:00,0.2551060542075847,5.2574953720277815,-0.04823296560684831,-628.3
2019-01-06 04:00:00,0.2227390656011372,5.267858159063328,-0.052931732928261255,-595.1
2019-01-06 05:00:00,0.2713911356640062,5.303304908059076,-0.044367470935810616,-490.6
2019-01-06 06:00:00,0.23429462801533552,5.332718793265369,-0.019529397004369287,-299.0
2019-01-06 07:00:00,0.11248923380823372,5.420534999272286,-0.008589032124030282,-26.9
2019-01-06 08:00:00,0.020563562421583192,5.54907608489522,-0.008742372687541078,304.1
2019-01-06 09:00:00,0.014568843904679607,5.66988092298052,-0.02572059531902937,540.5
2019-01-06 10:00:00,0.0370629588562541,5.75890177387728,-0.027799026938701843,832.7
2019-01-06 11:00:00,0.002771764465097526,5.823045895483019,-0.03125189546913987,1016.1
2019-01-06 12:00:00,0.09045910259085144,5.8944028342648505,-0.019042679638758386,1050.8
2019-01-06 13:00:00,0.09749650074770733,5.961005339623274,-0.031543805532647795,873.5
2019-01-06 14:00:00,0.08955682660240827,6.030685260261263,-0.02232557105033095,758.0
2019-01-06 15:00:00,0.10652378585257605,6.115892125483034,-0.02162098703510651,944.4
2019-01-06 16:00:00,0.08451823917809209,6.175867270105761,-0.02943523274704063,1314.6
2019-01-06 17:00:00,0.004790091918039252,6.206575926724928,-0.05044607666212464,1401.9
2019-01-06 18:00:00,-0.03629477510222312,6.230481447578482,-0.06159336107935154,1231.1
2019-01-06 19:00:00,-0.0024734325647881583,6.111467339502679,-0.07594919092269414,965.2
2019-01-06 20:00:00,-0.014796714040055114,6.152732694704104,-0.08285638693832098,727.3
2019-01-06 21:00:00,0.006853375696326047,6.19644412779452,-0.09362623543457538,231.0
2019-01-06 22:00:00,0.017807393534136295,6.244166900663736,-0.09929582871153997,-146.2
2019-01-06 23:00:00,0.11676436107883559,6.285998094508865,-0.09904015968967883,-581.8
2019-01-07 00:00:00,0.08052160160331123,6.429719478039138,-0.11005456789800938,-961.7
2019-01-07 01:00:00,0.20009944295842352,6.385194398997726,-0.11352783287208368,-1062.8
2019-01-07 02:00:00,0.2086824221423762,6.324358962381311,-0.11625512160765972,-1033.6
2019-01-07 03:00:00,0.17955740598859116,6.2422232654551655,-0.11487835600113527,-914.2
2019-01-07 04:00:00,0.033306799234883666,6.12029741895095,-0.11797473581727225,-704.8
2019-01-07 05:00:00,-0.02567712116462495,5.968707559985366,-0.11173293935289408,-96.0
2019-01-07 06:00:00,-0.09969692503189043,5.808142489980444,-0.10676740890098557,1130.0
2019-01-07 07:00:00,-0.1044004272630028,5.638354669333745,-0.10154636593248334,2170.7
2019-01-07 08:00:00,-0.11940975668223341,5.501258210544727,-0.09848141127818799,2368.4
2019-01-07 09:00:00,-0.11133832585990255,5.389071729816501,-0.1020054357235054,2395.9
2019-01-07 10:00:00,-0.15178967400381183,5.342334251964811,-0.11013957087321202,2390.1
2019-01-07 11:00:00,-0.1345597975435444,5.3981627015177525,-0.10229131742955921,2349.9
2019-01-07 12:00:00,-0.03602303190434952,5.556828061699537,-0.10488146215772076,2289.9
2019-01-07 13:00:00,-0.07739330889598062,5.814130531825066,-0.09115899868849375,2159.9
2019-01-07 14:00:00,-0.10854062599657466,6.095824562432225,-0.08931365920497036,2062.2
2019-01-07 15:00:00,-0.11924047666046533,6.371611847231857,-0.09114575091127364,2199.7
2019-01-07 16:00:00,-0.1791570709814012,6.573680166960646,-0.0977434313295582,2287.2
2019-01-07 17:00:00,-0.21074598927990928,6.71295620067707,-0.10611500064129942,2161.7
2019-01-07 18:00:00,-0.22305227275256412,6.828712071641684,-0.10627312577682702,1855.4
2019-01-07 19:00:00,-0.13027008283675867,6.842683282238422,-0.10635424064420818,1454.5
2019-01-07 20:00:00,-0.10912947839408016,6.897704943128636,-0.10899237751759472,1000.2
2019-01-07 21:00:00,-0.07681809246863613,6.921658184151129,-0.11568146357381259,436.0
2019-01-07 22:00:00,-0.06562359924572192,6.901737206656574,-0.1232868922440371,-115.9
2019-01-07 23:00:00,-0.02847675989030396,6.826545223556594,-0.12690079798434262,-690.2
2019-01-08 00:00:00,-0.024176608316061277,6.723832440821209,-0.10785458456444807,-1190.4
2019-01-08 01:00:00,0.02547390279329287,6.573680166960646,-0.11222216466323331,-1258.9
2019-01-08 02:00:00,0.020216073973497117,6.436150368369428,-0.11533269269769342,-1247.4
2019-01-08 03:00:00,0.04668499998172582,6.329720905522696,-0.11388171598574992,-1182.4
2019-01-08 04:00:00,-0.006940954954054668,6.285998094508865,-0.12055964569791833,-1020.1
2019-01-08 05:00:00,-0.08994135306664797,6.329720905522696,-0.11440076242335451,-588.2
2019-01-08 06:00:00,-0.15223520680190683,6.453624998892692,-0.10915659739262118,547.4
2019-01-08 07:00:00,-0.21558723543675162,6.637258031284457,-0.10115268905328989,1367.5
2019-01-08 08:00:00,-0.2363125431926476,6.835184586147301,-0.09612417883627522,1306.7
2019-01-08 09:00:00,-0.19845505477207404,7.002155954403621,-0.09692363098585943,967.6
2019-01-08 10:00:00,-0.20480271102207404,7.122866658599083,-0.10372872048278658,884.0
2019-01-08 11:00:00,-0.21633263058022845,7.220373836723949,-0.09853048252806218,749.6
2019-01-08 12:00:00,-0.1510964872181333,7.313886831633462,-0.07107008309746732,652.0
2019-01-08 13:00:00,-0.14375405386193219,7.396948602621014,-0.08865913836667083,567.0
2019-01-08 14:00:00,-0.15481024968118273,7.463936604468925,-0.08017842273679854,501.7
2019-01-08 15:00:00,-0.17461314439074194,7.521859252201629,-0.07766319725244131,477.1
2019-01-08 16:00:00,-0.20429085232892685,7.560080465021827,-0.08728920284244523,764.3
2019-01-08 17:00:00,-0.2183709080260443,7.583756300707112,-0.09289142333081557,838.7
2019-01-08 18:00:00,-0.20443742457052227,7.598399329323964,-0.08832265553063223,608.8
2019-01-08 19:00:00,-0.14379699646819377,7.474204806496124,-0.08794493117318858,271.6
2019-01-08 20:00:00,-0.10734368458091881,7.475905969367397,-0.08876338368780701,-200.3
2019-01-08 21:00:00,-0.07769104095808022,7.474204806496124,-0.09458582903594248,-637.4
2019-01-08 22:00:00,-0.02715382597748306,7.470224135899966,-0.10012012396065195,-1182.3
2019-01-08 23:00:00,0.10003418010359777,7.4673710669175595,-0.10063371005941768,-1702.8
2019-01-09 00:00:00,0.056742873040585895,7.590346945602565,-0.09653060095984145,-1906.7
2019-01-09 01:00:00,0.060798653679010606,7.589841512182657,-0.09839397310055276,-2086.0
2019-01-09 02:00:00,0.06940820541249737,7.5883236773352225,-0.09808642004041879,-2108.1
2019-01-09 03:00:00,0.048832809550188205,7.586803535162581,-0.0930513062061813,-2089.2
2019-01-09 04:00:00,-0.022261458813563895,7.582738488914411,-0.09759364877975685,-1898.9
2019-01-09 05:00:00,-0.08293187475295438,7.572502985020384,-0.08704547652879491,-1352.0
2019-01-09 06:00:00,-0.1512916400063391,7.559038255443384,-0.0773473697074536,-91.4
2019-01-09 07:00:00,-0.22864280666870807,7.5411524551363085,-0.06845034203858269,1008.9
2019-01-09 08:00:00,-0.2809079096457805,7.518064181233078,-0.0589662381747047,1326.8
2019-01-09 09:00:00,-0.24488101042915789,7.488852955733459,-0.05840551307584363,1235.3
2019-01-09 10:00:00,-0.2211025997863345,7.457609289715606,-0.04994124846778192,1309.9
2019-01-09 11:00:00,-0.24103235299390446,7.4133673356952405,-0.05964627614125284,1331.4
2019-01-09 12:00:00,-0.199844482153813,7.362645270417825,-0.06059016182049248,1390.4
2019-01-09 13:00:00,-0.17302623032824194,7.315218389752975,-0.05903547284149546,1357.3
2019-01-09 14:00:00,-0.16707625406383642,7.275172319452771,-0.0532983331258059,1459.4
2019-01-09 15:00:00,-0.15128139191225642,7.244941546337007,-0.04107979828116548,1737.9
2019-01-09 16:00:00,-0.1606941340030219,7.21081845347222,-0.04455024870732771,2082.4
2019-01-09 17:00:00,-0.16910985549539603,7.163946684342547,-0.04358087629689855,2271.1
2019-01-09 18:00:00,-0.15508661823447722,7.113142108707088,-0.03762849543044133,2103.3
2019-01-09 19:00:00,-0.07506952839072722,6.895682697747868,-0.0349510044977972,1895.2
2019-01-09 20:00:00,-0.07708258646857624,6.8001700683022,-0.034180116102232816,1774.8
2019-01-09 21:00:00,-0.045956972556903786,6.692083742506628,-0.03084726662959092,1383.4
2019-01-09 22:00:00,-0.029469242642341964,6.558197802812269,-0.032543332093126764,911.9
2019-01-09 23:00:00,0.09023879853862704,6.396929655216146,-0.030133834657553038,410.1
2019-01-10 00:00:00,0.06680644228041732,6.040254711277414,-0.007601285523032075,131.5
2019-01-10 01:00:00,0.10513488829743123,5.777652323222656,-0.006153086811005792,51.2
2019-01-10 02:00:00,0.09283211429162197,5.484796933490655,-0.006387403266655767,99.4
2019-01-10 03:00:00,0.11297790587555623,5.220355825078324,-0.0031051150465692956,225.2
2019-01-10 04:00:00,0.09594954315240845,5.081404364984463,-0.0038737068349412596,439.2
2019-01-10 05:00:00,0.05416192982028045,5.147494476813453,0.0011556512285952891,952.6
2019-01-10 06:00:00,0.029830362404037025,5.3471075307174685,0.0038938939138457584,2076.7
2019-01-10 07:00:00,0.1486150349842008,5.564520407322694,0.008106684393634822,2534.2
2019-01-10 08:00:00,0.21534207552402584,5.799092654460526,0.01340421646963108,2612.4
2019-01-10 09:00:00,0.2513352931872488,6.023447592961033,0.012355932789169799,2402.7
2019-01-10 10:00:00,0.3183252084516299,6.18826412308259,0.02572121442027253,2287.0
2019-01-10 11:00:00,0.24899379941363442,6.317164686747284,0.006363468732262234,2201.7
2019-01-10 12:00:00,0.28488603056285466,6.440946540632921,0.006677231567156383,2070.3
2019-01-10 13:00:00,0.17327850319071292,6.586171654854675,0.014230091268110812,1925.0
2019-01-10 14:00:00,0.1003001623523847,6.75343791859778,-0.0015189890098152858,1817.1
2019-01-10 15:00:00,-0.013601672680922938,6.907755278982137,-0.014162903491534706,1890.4
2019-01-10 16:00:00,-0.005178840976591381,7.0192966537150445,-0.0018518747371167876,1958.1
2019-01-10 17:00:00,-0.05674982445240939,7.095064377287131,-0.005491922541589034,2133.5
2019-01-10 18:00:00,-0.09264137368903302,7.156176637480615,-0.005796277600145672,1872.5
2019-01-10 19:00:00,-0.05052189940833163,7.057036981697891,-0.009354483795187107,1571.4
2019-01-10 20:00:00,-0.02385790329982207,7.095064377287131,-0.016953090039711682,1176.6
2019-01-10 21:00:00,-0.0026960722931437253,7.134093721192866,-0.021952065732454784,519.4
2019-01-10 22:00:00,-0.022625256762021095,7.164720378771857,-0.033558208805708034,-96.6
2019-01-10 23:00:00,0.03205939164886251,7.186901020411631,-0.04049545779261088,-795.6
2019-01-11 00:00:00,0.014391890932230034,7.305860032684009,-0.041471299356009794,-1370.1
2019-01-11 01:00:00,0.06301879863588233,7.30854279753919,-0.04640082031713533,-1578.3
2019-01-11 02:00:00,0.0548762647665102,7.313886831633462,-0.05288025021537024,-1692.0
2019-01-11 03:00:00,-0.012862507549193047,7.317212408359839,-0.0534546209414124,-1710.2
2019-01-11 04:00:00,-0.04707518579212788,7.301822342137932,-0.057542457910527034,-1610.7
2019-01-11 05:00:00,-0.11324457628361717,7.261927092702751,-0.05316169927754899,-1083.4
2019-01-11 06:00:00,-0.15018561194559066,7.21081845347222,-0.04753361092962827,91.0
2019-01-11 07:00:00,-0.1682413299447112,7.1785454837637,-0.0377092958721299,1121.8
2019-01-11 08:00:00,-0.17411398755989982,7.1770187659099,-0.031077974682814258,1271.6
2019-01-11 09:00:00,-0.1576271174014594,7.1808311990445555,-0.02535375985191557,1150.9
2019-01-11 10:00:00,-0.020821074505166237,7.1785454837637,-0.018704258026970066,1239.2
2019-01-11 11:00:00,-0.1511146521504294,7.177782416195197,-0.0380284204138448,1229.4
2019-01-11 12:00:00,-0.08310046912035185,7.182352111885263,-0.026736407044486654,1039.0
2019-01-11 13:00:00,-0.12282386025931391,7.2115567333138015,-0.04043572382684957,819.4
2019-01-11 14:00:00,-0.15909717151659253,7.273786317844895,-0.03407787601646994,554.9
2019-01-11 15:00:00,-0.17975019677318782,7.342131730584722,-0.030900241619265856,574.5
2019-01-11 16:00:00,-0.20113192945441138,7.3914152346753585,-0.02169314053598015,903.2
2019-01-11 17:00:00,-0.17598374101235015,7.416979621381154,-0.018081026069401318,1011.8
2019-01-11 18:00:00,-0.16295572327828145,7.424761761823209,-0.017893162494511117,821.1
2019-01-11 19:00:00,-0.10368692638234345,7.270312886079025,-0.0154107478151424,479.3
2019-01-11 20:00:00,-0.10106437282396774,7.234177179749849,-0.019718414279365604,67.0
2019-01-11 21:00:00,-0.07749013644341307,7.1891677384203225,-0.021127843805713198,-350.3
2019-01-11 22:00:00,-0.07797321580232719,7.138073034044347,-0.023799828340786533,-662.8
2019-01-11 23:00:00,-0.0881178430302696,7.078341579557671,-0.021440826933936563,-1037.6
2019-01-12 00:00:00,-0.12891238578725073,7.1284959456800365,-0.04217869872156399,-1158.4
2019-01-12 01:00:00,-0.06574011691851744,7.046647277848756,-0.04342638490287065,-1263.7
2019-01-12 02:00:00,-0.06501802507857679,6.959398512133975,-0.04245868539819497,-1265.7
2019-01-12 03:00:00,-0.04251977562852893,6.873163834212518,-0.039610557174935224,-1185.1
2019-01-12 04:00:00,-0.07912123379547475,6.795705775173514,-0.03941505903427611,-1082.9
2019-01-12 05:00:00,-0.04948553308381909,6.733401891837359,-0.028843888488832903,-901.1
2019-01-12 06:00:00,-0.09267489251252181,6.661854740545311,-0.01418491830493096,-484.6
2019-01-12 07:00:00,-0.1280955245957225,6.57507584059962,-0.007797538377140256,-49.7
2019-01-12 08:00:00,-0.1270548945584551,6.473890696352274,-0.005665492515065651,595.2
2019-01-12 09:00:00,-0.1071126008934824,6.368187186350492,-0.007356301846280999,1635.4
2019-01-12 10:00:00,-0.023889454144306654,6.222576268071369,0.004151104342394518,1812.4
2019-01-12 11:00:00,-0.1094751952250026,6.013715156042802,-0.001898897486809048,1917.2
2019-01-12 12:00:00,0.021429956142184903,5.799092654460526,-0.0015674622556183238,1902.7
2019-01-12 13:00:00,-0.028369584749187382,5.634789603169249,-0.010790782339109128,1743.8
2019-01-12 14:00:00,-0.03822786800156841,5.560681631015528,-0.000983045408558425,1857.6
2019-01-12 15:00:00,-0.08074322523298205,5.517452896464707,-0.012903564205167584,1955.1
2019-01-12 16:00:00,-0.08592954758717886,5.501258210544727,0.016414216223756384,2438.5
2019-01-12 17:00:00,-0.08509718260952859,5.501258210544727,0.014222445363857972,2577.3
2019-01-12 18:00:00,-0.07612158586588347,5.529429087511423,0.012409182421096787,2487.7
2019-01-12 19:00:00,-0.03926063954888903,5.288267030694535,0.011227778136541744,2228.7
2019-01-12 20:00:00,-0.0342323479880271,5.187385805840755,0.010800765934570578,1861.7
2019-01-12 21:00:00,0.004962666426359341,5.111987788356544,0.012877115197500899,1402.6
2019-01-12 22:00:00,0.005520398322950371,5.043425116919247,0.008695464140640041,1128.9
2019-01-12 23:00:00,0.027119777751116736,4.997212273764115,0.007148475008346367,795.2
2019-01-13 00:00:00,0.04088094704410006,4.948759890378168,0.014320960828356988,301.9
2019-01-13 01:00:00,0.1460258439217461,5.267858159063328,0.01697608952416907,64.3
2019-01-13 02:00:00,0.1864245330980312,5.572154032177765,0.013888387603126162,-199.5
2019-01-13 03:00:00,0.2420745325289415,5.869296913133774,0.026539103471680647,-345.3
2019-01-13 04:00:00,0.21602481461155376,6.095824562432225,0.025725756119717502,-441.4
2019-01-13 05:00:00,0.24244585618052117,6.259581464064923,0.03194274754857318,-438.5
2019-01-13 06:00:00,0.1937932247355616,6.393590753950631,0.04035319318546193,-237.1
2019-01-13 07:00:00,0.06885193394297007,6.48768401848461,0.03903901686522282,60.1
2019-01-13 08:00:00,-0.029019937767244208,6.543911845564792,0.030375588423453337,368.4
2019-01-13 09:00:00,-0.043181622781892415,6.570882962339584,0.02047090325079992,737.1
2019-01-13 10:00:00,-0.01952255322067442,6.523562306149512,0.015056977870747446,1173.0
2019-01-13 11:00:00,-0.05415258654463173,6.395261598115449,0.009116360370116539,1433.5
2019-01-13 12:00:00,0.03223181297273969,6.257667587882639,0.01928741227131603,1434.9
2019-01-13 13:00:00,0.03696722144934084,6.152732694704104,0.00452996064890776,1380.8
2019-01-13 14:00:00,0.03388160166172449,6.154858094016418,0.010552758384562821,1207.2
2019-01-13 15:00:00,0.0596805326675951,6.289715570908998,0.0019322097894445278,1201.1
2019-01-13 16:00:00,0.024374451442120026,6.543911845564792,-0.0007506995998625143,1487.7
2019-01-13 17:00:00,-0.08927199829595,6.852242569051878,-0.01094111500038153,1395.7
2019-01-13 18:00:00,-0.12651195549030936,7.122866658599083,-0.011166488061585156,1038.8
2019-01-13 19:00:00,-0.08663614701334721,7.142036574706803,-0.021163038867555883,595.3
2019-01-13 20:00:00,-0.10856813608740445,7.215239978730097,-0.024477768835788893,165.4
2019-01-13 21:00:00,-0.1115843244678909,7.2640301428995295,-0.031363129898991815,-430.2
2019-01-13 22:00:00,-0.1341764382080317,7.2909747781429814,-0.0337460758017567,-908.5
2019-01-13 23:00:00,-0.12461616355133032,7.304515946460155,-0.025855174162236594,-1386.7
2019-01-14 00:00:00,-0.4802775270922224,7.547501682814967,-0.01852790204279131,-1866.8
2019-01-14 01:00:00,-0.6405511141818017,7.563200592358071,-0.017497229015605242,-2036.6
2019-01-14 02:00:00,-0.8533979979044548,7.579678823090456,-0.011091170214049484,-2066.6
2019-01-14 03:00:00,-0.5451736241342906,7.590346945602565,-0.005547932530546973,-1983.0
2019-01-14 04:00:00,-0.2716442030765509,7.58629630715272,-0.005762745210345699,-1803.8
2019-01-14 05:00:00,-0.1360184943106444,7.575584651557793,-0.001835539495298022,-1222.5
2019-01-14 06:00:00,-0.192412824051162,7.561121589530238,-0.00378128522455512,259.7
2019-01-14 07:00:00,-0.20763060038096448,7.549082710812286,-0.0016044301609063893,1423.7
2019-01-14 08:00:00,-0.23413396135574294,7.544861068658458,-0.0015619740669130522,1632.0
2019-01-14 09:00:00,-0.22710231153924942,7.546974117516527,-0.0024426195483062685,1536.2
2019-01-14 10:00:00,-0.25817732995658016,7.557472901614746,-0.011610947948316408,1429.1
2019-01-14 11:00:00,-0.23461483772520353,7.5678626054638825,-0.008852986412387409,1233.7
2019-01-14 12:00:00,-0.13607785562705388,7.581719640125308,-0.022924606935786684,1036.4
2019-01-14 13:00:00,-0.15891421343882772,7.599901959208498,-0.013714845731170655,928.5
2019-01-14 14:00:00,-0.1796894451385942,7.61972421378267,-0.010725626786836528,904.2
2019-01-14 15:00:00,-0.17862174031172362,7.635786861395585,-0.0168913305335181,1077.8
2019-01-14 16:00:00,-0.2238905104706741,7.644919344958857,-0.012404751248281443,1336.4
2019-01-14 17:00:00,-0.2443222848135136,7.651595573857601,-0.00877550708678676,1459.8
2019-01-14 18:00:00,-0.2306806716034866,7.6511201757027,-0.007499876695970187,1205.4
2019-01-14 19:00:00,-0.13756722595520943,7.52456122628536,-0.005441448165864671,1002.1
2019-01-14 20:00:00,-0.1288886283745425,7.518064181233078,-0.0038262914525653002,567.9
2019-01-14 21:00:00,-0.16079952147965493,7.509335266016592,-0.007670122533420809,26.9
2019-01-14 22:00:00,-0.16644680985869575,7.495541943884256,-0.008652518000719311,-592.6
2019-01-14 23:00:00,-0.19572532141133703,7.478734825567875,-0.004294805904615728,-1154.7
2019-01-15 00:00:00,-0.2441827770349887,7.584264818389059,0.0063328384509730995,-1371.8
2019-01-15 01:00:00,-0.20775486115041275,7.554858521040676,0.006072158225443047,-1468.1
2019-01-15 02:00:00,-0.20109092953341134,7.519149957669823,0.007642369661114756,-1421.7
2019-01-15 03:00:00,-0.08327209907352362,7.478734825567875,0.011524592390145472,-1324.3
2019-01-15 04:00:00,-0.059474734417507946,7.433666540166168,0.007718601015922033,-1138.2
2019-01-15 05:00:00,-0.07748272015849533,7.383989457978509,0.010439672450690551,-617.3
2019-01-15 06:00:00,-0.13579756567950563,7.321849713788356,0.007349135752638958,741.7
2019-01-15 07:00:00,-0.16950139564989497,7.2399325913204695,0.007906986855628517,1839.9
2019-01-15 08:00:00,-0.1383682412225049,7.135687347028144,0.009419932544286524,2115.6
2019-01-15 09:00:00,-0.07267507207403145,7.02108396428914,0.011421972968793881,1977.6
2019-01-15 10:00:00,-0.11104774148455565,6.866933284461882,0.00392537416213834,2235.6
2019-01-15 11:00:00,-0.14493427082221633,6.684611727667927,0.0032423378229644584,2237.3
2019-01-15 12:00:00,-0.0930649396459482,6.517671272912275,0.017441898230471153,2280.5
2019-01-15 13:00:00,-0.09217440900908036,6.39024066706535,-0.0031181148463534925,2317.8
2019-01-15 14:00:00,-0.11744986091263288,6.318968113746434,0.0077694181192988765,2454.0
2019-01-15 15:00:00,-0.13705549750931256,6.259581464064923,0.010733286614980742,2647.0
2019-01-15 16:00:00,-0.15173735526298504,6.175867270105761,0.011429745175961514,3221.3
2019-01-15 17:00:00,-0.15297575096752025,6.0867747269123065,0.01485230326231779,3437.1
2019-01-15 18:00:00,-0.1348125916121865,6.037870919922137,0.019889002514791088,3231.7
2019-01-15 19:00:00,-0.07910842656449191,5.902633333401366,0.02091257419843373,2968.5
2019-01-15 20:00:00,-0.05273663508992188,5.929589143389895,0.022019344609454095,2600.6
2019-01-15 21:00:00,-0.03497147435622727,5.950642552587727,0.019672144603747554,2038.7
2019-01-15 22:00:00,0.0004049934366978647,5.921578419643816,0.018033668727287733,1569.0
2019-01-15 23:00:00,0.1465150521991263,5.840641657373398,0.021911508740179997,922.3
2019-01-16 00:00:00,0.13511962884334272,5.808142489980444,0.02204044841042041,785.0
2019-01-16 01:00:00,0.15935834329645626,5.68697535633982,0.0248584988685856,741.9
2019-01-16 02:00:00,0.17815936478564076,5.545177444479562,0.029145059622663894,762.7
2019-01-16 03:00:00,0.1592793903928431,5.3981627015177525,0.036555049488400826,806.0
2019-01-16 04:00:00,0.053194201319355816,5.236441962829949,0.0333367115994907,1002.9
2019-01-16 05:00:00,-0.021756278616349878,5.087596335232384,0.037376663137333566,1507.2
2019-01-16 06:00:00,-0.08556599523062314,5.081404364984463,0.03513409312377114,2762.4
2019-01-16 07:00:00,-0.11811239065831547,5.298317366548036,0.02902200077023842,3738.1
2019-01-16 08:00:00,-0.1278787462261004,5.680172609017068,0.030274685779833277,3758.8
2019-01-16 09:00:00,-0.14359237788698476,6.035481432524756,0.02590501330309536,3493.2
2019-01-16 10:00:00,-0.1358567946138569,6.338594078203183,0.028096653722739617,3354.2
2019-01-16 11:00:00,-0.16619578335804253,6.6039438246004725,0.01266421668795914,3074.4
2019-01-16 12:00:00,-0.13519515155300033,6.8308742346461795,0.01227475645698739,2717.8
2019-01-16 13:00:00,-0.12544864896745533,6.9930151229329605,0.010794321771230742,2378.7
2019-01-16 14:00:00,-0.11593037620194524,7.111512116496157,0.006815402031408624,2265.3
2019-01-16 15:00:00,-0.10752322209496334,7.217443431696533,0.0034127174711660047,2178.5
2019-01-16 16:00:00,-0.13968340902154264,7.291656209174461,-0.018047115020412008,2016.8
2019-01-16 17:00:00,-0.17979135668426283,7.337587743538596,-0.02544057129344779,2032.4
2019-01-16 18:00:00,-0.18353697431720217,7.374629015218945,-0.03100782045080308,1727.0
2019-01-16 19:00:00,-0.11325000035035249,7.265429723253953,-0.035673286941619864,1310.7
2019-01-16 20:00:00,-0.10833213393793262,7.226936018493289,-0.04509529624187536,875.0
2019-01-16 21:00:00,-0.07720644466172466,7.1770187659099,-0.048917926936196565,345.6
2019-01-16 22:00:00,-0.12321079467404061,7.138073034044347,-0.058525287492107836,-235.1
2019-01-16 23:00:00,-0.05491193677490802,7.0967213784947605,-0.06208038640239977,-909.2
2019-01-17 00:00:00,-0.021952289353309506,7.01571242048723,-0.06938470077903602,-995.8
2019-01-17 01:00:00,-0.02116268472718641,6.966024187106113,-0.06564056508759109,-1100.9
2019-01-17 02:00:00,-0.028235826403249398,6.970730078143525,-0.06341857040689369,-1127.6
2019-01-17 03:00:00,-0.012865740677354243,7.028201432058005,-0.05623124413239644,-1102.6
2019-01-17 04:00:00,0.06152308608577606,7.088408778675395,-0.04879467903678858,-1005.7
2019-01-17 05:00:00,0.022848216754130846,7.126890808898808,-0.03961028005231171,-506.9
2019-01-17 06:00:00,-0.04098110471939043,7.1592919047975645,-0.033671026245361446,779.4
2019-01-17 07:00:00,-0.12421874674154099,7.163946684342547,-0.030460884572995894,1879.6
2019-01-17 08:00:00,-0.16028120609802476,7.156176637480615,-0.028332691197700655,1990.6
2019-01-17 09:00:00,-0.11766744238356086,7.13966033596492,-0.026276232821908607,1949.3
2019-01-17 10:00:00,-0.04171996229603003,7.109062135687172,-0.007587327429742885,2010.1
2019-01-17 11:00:00,-0.1001095275091286,7.069023426578259,-0.01982609332760532,2016.0
2019-01-17 12:00:00,0.03817523807110845,7.016609683894219,-0.01125384689428266,1956.1
2019-01-17 13:00:00,0.01815790389558325,6.9650803456014065,0.0017511998949224505,1994.9
2019-01-17 14:00:00,0.01428928569633836,6.927557906278317,-0.008256842083032012,2087.6
2019-01-17 15:00:00,-0.06774421358894678,6.906754778648554,-0.02276525748000502,2324.6
2019-01-17 16:00:00,-0.04176411774098199,6.893656354602635,-0.007138714611475194,2595.6
2019-01-17 17:00:00,-0.06505988668983331,6.8658910748834385,-0.00359426016255604,2928.7
2019-01-17 18:00:00,-0.11633235966053856,6.833031732786201,-0.00027369004482480364,2863.1
2019-01-17 19:00:00,-0.05847533077260225,6.650279048587422,0.00407138209027913,2759.8
2019-01-17 20:00:00,-0.018755369315007986,6.618738983517219,0.009384379771224971,2591.9
2019-01-17 21:00:00,0.011431692278050853,6.61472560020376,0.01869279820947156,2152.7
2019-01-17 22:00:00,0.0010959582819918268,6.650279048587422,0.02422133592648379,1571.2
2019-01-17 23:00:00,0.07119216143761387,6.706862336602747,0.033367025222771574,942.9
2019-01-18 00:00:00,0.08148775800049579,6.959398512133975,0.05431084890261495,693.2
2019-01-18 01:00:00,0.14322663453185847,7.011213987350367,0.055978104913881666,543.0
2019-01-18 02:00:00,0.14632320619974237,7.0431599159883405,0.053813605368237205,453.5
2019-01-18 03:00:00,0.12229390503294457,7.065613363597717,0.05343963734836166,433.6
2019-01-18 04:00:00,0.044018820538442416,7.067319848653476,0.04695798085444913,574.9
2019-01-18 05:00:00,-0.007108517444711193,7.050989447068045,0.04545000026206303,1072.3
2019-01-18 06:00:00,-0.03912821017540491,7.029087564149662,0.038815796202738895,2268.6
2019-01-18 07:00:00,0.12005341542959691,7.005789019253503,0.034558029208371366,2904.2
2019-01-18 08:00:00,0.15003776467327246,6.9865664594064265,0.03252788372580184,3096.5
2019-01-18 09:00:00,0.16415671018926048,6.9650803456014065,0.03264465739743905,3070.4
2019-01-18 10:00:00,0.25282485623094964,6.93537044601511,0.03997100394952824,3011.7
2019-01-18 11:00:00,0.10697017020891941,6.897704943128636,0.02134586556108964,2755.6
2019-01-18 12:00:00,0.17678507470022709,6.877296071497429,0.0255649818335133,2509.2
2019-01-18 13:00:00,0.09526758053018902,6.883462586413092,0.015679875665680854,2292.1
2019-01-18 14:00:00,0.044448360069708315,6.93537044601511,0.014936301681427011,2136.3
2019-01-18 15:00:00,0.010959422460613766,7.00033446027523,0.015192221133650818,2264.0
2019-01-18 16:00:00,0.09764101522192004,7.028201432058005,0.02163157436624452,2552.8
2019-01-18 17:00:00,0.17598201521646573,7.027314514039777,0.033471712820102084,2684.9
2019-01-18 18:00:00,0.21626256482029138,7.014814351275545,0.03596545744691326,2484.6
2019-01-18 19:00:00,0.09382884515252776,6.823286122355687,0.04368313964177872,2350.5
2019-01-18 20:00:00,0.06829803932748124,6.784457062637643,0.0437706329838754,1978.2
2019-01-18 21:00:00,0.0754777411878722,6.745236349484363,0.04882403832039017,1626.4
2019-01-18 22:00:00,0.07395129662440514,6.704414354964107,0.0495244664750949,1291.8
2019-01-18 23:00:00,0.07785945650129467,6.661854740545311,0.05347435634931408,975.1
2019-01-19 00:00:00,0.0003763190984815701,6.680854678790215,0.08212147528752212,657.0
2019-01-19 01:00:00,0.08191297663518604,6.63200177739563,0.08600818126990184,502.2
2019-01-19 02:00:00,0.115021920132929,6.593044534142437,0.08782067183994968,461.4
2019-01-19 03:00:00,0.15865937287622778,6.566672429803241,0.09043064423250335,445.6
2019-01-19 04:00:00,0.13853500803242058,6.610696044717759,0.08955541934063405,466.4
2019-01-19 05:00:00,0.16389624102843703,6.731018100482083,0.09592077094224472,520.5
2019-01-19 06:00:00,0.0676173200169381,6.859614903654202,0.10356735238044656,674.6
2019-01-19 07:00:00,0.0003843289968008534,6.975413927455952,0.10051358765304386,933.8
2019-01-19 08:00:00,0.0022767292709851006,7.076653815443951,0.09508917213546653,1147.9
2019-01-19 09:00:00,0.01902829530875394,7.1569563646156364,0.08243603554840817,1268.0
2019-01-19 10:00:00,0.13462544605954818,7.1846291527173145,0.0808314105421708,1316.4
2019-01-19 11:00:00,0.015874968488852836,7.1770187659099,0.06411471809161107,1386.5
2019-01-19 12:00:00,0.11507666324527044,7.173958319756794,0.05483611489916029,1284.4
2019-01-19 13:00:00,0.05660434936057479,7.192182058713246,0.0378255040659532,1047.2
2019-01-19 14:00:00,0.03396742996537849,7.226209010100671,0.04376910714140436,1044.9
2019-01-19 15:00:00,0.0057268797542580074,7.256297239690681,0.022121904758249045,966.9
2019-01-19 16:00:00,0.05442090209825157,7.249215057114389,0.04664530737426986,1226.0
2019-01-19 17:00:00,0.10362379372747199,7.201170883281678,0.04432331678874846,1443.0
2019-01-19 18:00:00,0.07701851005836513,7.136483208590247,0.03937795301747826,1488.0
2019-01-19 19:00:00,0.06816683860604034,6.892641641172089,0.03746711678407877,1540.7
2019-01-19 20:00:00,0.05356174272656222,6.761572768804055,0.03720258486511874,1311.0
2019-01-19 21:00:00,0.09000854073300646,6.633318433280377,0.042369102733506026,1133.6
2019-01-19 22:00:00,0.09480708914971592,6.516193076042964,0.04350803665232306,856.2
2019-01-19 23:00:00,0.0992138640156468,6.428105272684596,0.047963363445440166,554.3
2019-01-20 00:00:00,0.08047820166845909,6.042632833682381,0.08314833181383108,257.9
2019-01-20 01:00:00,0.17769021946166808,5.986452005284438,0.08716927336079117,147.2
2019-01-20 02:00:00,0.22599730821785435,5.929589143389895,0.08529221916204222,114.2
2019-01-20 03:00:00,0.28446930582384145,5.87493073085203,0.09558200497665403,146.2
2019-01-20 04:00:00,0.2841752260655275,5.82600010738045,0.09648270586926522,236.8
2019-01-20 05:00:00,0.3192816850425526,5.313205979041787,0.10583394744041286,420.3
2019-01-20 06:00:00,0.2663786791653666,5.247024072160486,0.11871954743479307,758.5
2019-01-20 07:00:00,0.1554599755186672,5.181783550292085,0.12243115668344551,1186.9
2019-01-20 08:00:00,0.05371145983022041,5.111987788356544,0.12039380074225825,1612.9
2019-01-20 09:00:00,0.052538477093759806,5.043425116919247,0.11533509149133536,2051.4
2019-01-20 10:00:00,0.07694468338096527,4.912654885736052,0.10812215628907396,2274.6
2019-01-20 11:00:00,0.03869262647545613,4.727387818712341,0.09236981757734242,2429.6
2019-01-20 12:00:00,0.11493944308451587,4.584967478670572,0.08457415641423971,2341.8
2019-01-20 13:00:00,0.12142604576957661,4.51085950651685,0.06404586952018754,2283.8
2019-01-20 14:00:00,0.137311257898308,4.51085950651685,0.07391390312384338,2242.0
2019-01-20 15:00:00,0.17798274983472107,4.553876891600541,0.0729198595360252,2431.2
2019-01-20 16:00:00,0.1697449916392162,4.532599493153256,0.08793137066438206,2859.5
2019-01-20 17:00:00,0.16853903387101354,4.553876891600541,0.10070262233388583,3028.2
2019-01-20 18:00:00,0.18622185162522964,4.61512051684126,0.11253337148603393,3094.9
2019-01-20 19:00:00,0.18205111489195636,4.6443908991413725,0.11029839632999483,2993.0
2019-01-20 20:00:00,0.12626162161651022,4.762173934797756,0.11320929097723109,2730.9
2019-01-20 21:00:00,0.11343478624723824,4.897839799950911,0.11235879528279114,2371.8
2019-01-20 22:00:00,0.13491095477069903,5.003946305945459,0.11499419810332157,2007.4
2019-01-20 23:00:00,0.2063421922727673,5.081404364984463,0.12683937144340618,1585.8
2019-01-21 00:00:00,0.20272831338246222,4.634728988229636,0.11028871373463289,1265.6
2019-01-21 01:00:00,0.30149211379476837,4.68213122712422,0.11025383458032856,1141.8
2019-01-21 02:00:00,0.29398526125932145,4.74493212836325,0.10980132389622099,1062.7
2019-01-21 03:00:00,0.27823036267036505,4.804021044733257,0.10395950577780333,1045.5
2019-01-21 04:00:00,0.12503773481242808,4.787491742782046,0.09324314785325427,1183.5
2019-01-21 05:00:00,0.0731451224460331,4.762173934797756,0.08845130717680227,1670.9
2019-01-21 06:00:00,0.11438024289562776,4.736198448394496,0.08110378860376422,2637.7
2019-01-21 07:00:00,0.20922326806880687,4.709530201312334,0.07722362417945483,3607.4
2019-01-21 08:00:00,0.2749479828054211,4.61512051684126,0.07092379242754987,3675.9
2019-01-21 09:00:00,0.2775877165313627,4.543294782270004,0.06459260801837274,3617.5
2019-01-21 10:00:00,0.17777992317026303,4.442651256490317,0.05204231783943847,3504.6
2019-01-21 11:00:00,0.16546479810662262,4.330733340286331,0.05564620928751829,3424.0
2019-01-21 12:00:00,0.2118396716305364,4.2626798770413155,0.04649785330915357,3252.3
2019-01-21 13:00:00,0.20120032114051867,4.204692619390966,0.05776136440908353,3133.8
2019-01-21 14:00:00,0.16040190547376554,4.189654742026425,0.05594964730046925,3090.8
2019-01-21 15:00:00,0.21857224273519904,4.189654742026425,0.047545831734074895,3265.2
2019-01-21 16:00:00,0.24109367021661132,4.174387269895637,0.04397936315977269,3514.7
2019-01-21 17:00:00,0.300268295933674,4.1588830833596715,0.04648644254276135,3677.9
2019-01-21 18:00:00,0.3203997330299133,4.143134726391533,0.04525177965478555,3523.7
2019-01-21 19:00:00,0.29690050016272185,4.07753744390572,0.045572813087339625,3244.5
2019-01-21 20:00:00,0.19812269025179763,4.007333185232471,0.04560951103605859,2894.8
2019-01-21 21:00:00,0.13122095257072441,3.970291913552122,0.039970318150212236,2482.9
2019-01-21 22:00:00,0.09972171304432909,3.9512437185814275,0.03512829592143696,2036.7
2019-01-21 23:00:00,0.13276863172952869,3.9318256327243257,0.03469213038761332,1514.3
2019-01-22 00:00:00,0.12771941652359597,5.3471075307174685,0.04076853841366024,1325.1
2019-01-22 01:00:00,0.17937792787427975,5.393627546352362,0.038090288637127045,1087.6
2019-01-22 02:00:00,0.16642626542934824,5.41610040220442,0.037721147648841935,1007.0
2019-01-22 03:00:00,0.17240724229208348,5.438079308923196,0.04062903096190951,987.8
2019-01-22 04:00:00,0.12787440959948393,5.44673737166631,0.03503728900731673,1067.7
2019-01-22 05:00:00,0.05219789173746481,5.438079308923196,0.0397228965843599,1486.6
2019-01-22 06:00:00,0.0665859172270089,5.420534999272286,0.04210870999143346,2199.1
2019-01-22 07:00:00,0.14937523640617023,5.389071729816501,0.04161071574496944,3257.7
2019-01-22 08:00:00,0.20312718505853322,5.342334251964811,0.03718723702838389,3316.8
2019-01-22 09:00:00,0.19894863924654516,5.298317366548036,0.03439581817037052,3066.5
2019-01-22 10:00:00,0.16063327645143488,5.198497031265826,0.02527656261611888,3051.5
2019-01-22 11:00:00,0.09708456171465318,5.049856007249537,0.025457119643212067,3016.3
2019-01-22 12:00:00,0.04769637417556094,4.897839799950911,0.04426646815824675,3057.3
2019-01-22 13:00:00,0.006693493862536037,4.820281565605037,0.025531574674378277,3079.5
2019-01-22 14:00:00,0.008428341902238401,4.882801922586371,0.029455929846909257,3038.5
2019-01-22 15:00:00,0.07542913070929558,5.003946305945459,0.026183416203528154,2989.7
2019-01-22 16:00:00,0.11243740630259502,5.170483995038151,0.018078750496906437,3145.3
2019-01-22 17:00:00,0.21573654422711463,5.3230099791384085,0.02106761023149062,3320.9
2019-01-22 18:00:00,0.1770361289811282,5.4638318050256105,0.02164067041535489,3146.8
2019-01-22 19:00:00,0.040589919666161656,5.501258210544727,0.02091257419843373,2953.1
2019-01-22 20:00:00,0.028448277162391733,5.594711379601839,0.018175376322693282,2830.1
2019-01-22 21:00:00,0.03475684782094124,5.673323267171493,0.010534233241733304,2237.3
2019-01-22 22:00:00,0.09192010227247138,5.71042701737487,0.0038869379869659326,1651.5
2019-01-22 23:00:00,0.2375940460155488,5.733341276897746,0.0036870149482517434,1141.2
2019-01-23 00:00:00,0.20760947766665439,5.556828061699537,-0.01006267618376988,774.2
2019-01-23 01:00:00,0.2304302599871466,5.58724865840025,-0.010316146432154838,588.8
2019-01-23 02:00:00,0.24210989873973077,5.631211781821365,-0.008252366508315845,498.9
2019-01-23 03:00:00,0.20177955203199183,5.68697535633982,-0.003643429891413419,506.8
2019-01-23 04:00:00,0.11151688465527654,5.730099782973574,-0.00547220249240965,664.1
2019-01-23 05:00:00,0.06486332559647678,5.762051382780177,0.007360097609437233,1113.0
2019-01-23 06:00:00,0.08159002697404372,5.793013608384144,0.021524437368574567,1985.5
2019-01-23 07:00:00,0.22014805684377237,5.817111159963204,0.027806359369773048,3025.5
2019-01-23 08:00:00,0.26930439110884397,5.840641657373398,0.031542155346798495,3076.2
2019-01-23 09:00:00,0.25647708699843363,5.849324779946859,0.02811866505393823,2850.2
2019-01-23 10:00:00,0.29344013674044955,5.777652323222656,0.03071665454967132,2901.0
2019-01-23 11:00:00,0.2376900253876686,5.634789603169249,0.017465903119214587,2884.7
2019-01-23 12:00:00,0.2103376158324899,5.476463551931511,0.010909288913634185,2763.5
2019-01-23 13:00:00,0.1635023697243918,5.384495062789089,0.008103829996132461,2631.5
2019-01-23 14:00:00,0.13538405207896087,5.3981627015177525,0.005012225178312235,2636.8
2019-01-23 15:00:00,0.22056378100067509,5.472270673671475,0.013909160700524836,2689.0
2019-01-23 16:00:00,0.26572090326935527,5.594711379601839,0.016696168293231395,3080.5
2019-01-23 17:00:00,0.305531291056913,5.713732805509369,0.03573875973694207,3253.6
2019-01-23 18:00:00,0.2954211275852012,5.814130531825066,0.043571383984030376,3068.7
2019-01-23 19:00:00,0.06359261737606658,5.652489180268651,0.04707806562413275,3008.5
2019-01-23 20:00:00,0.014479888283983833,5.62040086571715,0.04622286229291106,2772.7
2019-01-23 21:00:00,0.061626303136641525,5.583496308781699,0.05041721013855849,2452.3
2019-01-23 22:00:00,0.0795541014027803,5.517452896464707,0.04848217664231669,2046.0
2019-01-23 23:00:00,0.18562176119534435,5.4116460518550396,0.05207925906155708,1514.7
2019-01-24 00:00:00,0.16962958988776355,5.58724865840025,0.03404980136502722,888.8
2019-01-24 01:00:00,0.2152858322778899,5.501258210544727,0.03728050662069826,808.4
2019-01-24 02:00:00,0.20749334080745463,5.407171771460119,0.04036612657372096,822.4
2019-01-24 03:00:00,0.21467023737876811,5.318119993844216,0.044950339172082465,880.8
2019-01-24 04:00:00,0.20690112768804614,5.262690188904886,0.04719463502326171,1063.8
2019-01-24 05:00:00,0.20002068817442975,5.25227342804663,0.0580383750825213,1456.7
2019-01-24 06:00:00,0.3241148621149481,5.272999558563747,0.06786212704052375,2279.1
2019-01-24 07:00:00,0.4595223380061233,5.327876168789581,0.07349121082340915,3092.8
2019-01-24 08:00:00,0.5384548845157466,5.389071729816501,0.07291468601638229,3030.0
2019-01-24 09:00:00,0.5588088478315321,5.429345628954441,0.06839037729378639,2873.4
2019-01-24 10:00:00,0.5401693799730873,5.389071729816501,0.07675746803117356,2887.9
2019-01-24 11:00:00,0.5083537142710215,5.247024072160486,0.05486801569574773,2960.5
2019-01-24 12:00:00,0.5970296013179643,5.117993812416755,0.05530476955573782,2830.6
2019-01-24 13:00:00,0.5166440774639565,5.0369526024136295,0.06344964731789915,2743.3
2019-01-24 14:00:00,0.4808779998420043,5.043425116919247,0.04751686424300239,2720.2
2019-01-24 15:00:00,0.3892049876385357,5.1298987149230735,0.033233532229292706,2846.4
2019-01-24 16:00:00,0.4616512166014708,5.288267030694535,0.049208563670804395,3016.3
2019-01-24 17:00:00,0.5333049039155302,5.472270673671475,0.0598899780119968,3141.5
2019-01-24 18:00:00,0.4833101297251172,5.638354669333745,0.06423901498090956,2944.7
2019-01-24 19:00:00,0.250973684552136,5.62040086571715,0.06658110413392748,2855.3
2019-01-24 20:00:00,0.11017071316854032,5.676753802268282,0.06620671563792158,2618.8
2019-01-24 21:00:00,0.13603711073349523,5.730099782973574,0.06745809943587489,2340.3
2019-01-24 22:00:00,0.1337234457305776,5.752572638825633,0.06437691092508047,1808.2
2019-01-24 23:00:00,0.20494839386472474,5.75890177387728,0.06589545465911151,1314.0
2019-01-25 00:00:00,0.19517938424982484,6.212606095751519,0.073753240289955,714.0
2019-01-25 01:00:00,0.25555705786443284,6.171700597410915,0.07505213717424652,486.9
2019-01-25 02:00:00,0.25636151092980963,6.1224928095143865,0.07371603466747523,499.7
2019-01-25 03:00:00,0.22257674550664763,6.077642243349034,0.07358027377400589,468.5
2019-01-25 04:00:00,0.1314907693031646,6.045005314036012,0.06850945055122537,625.4
2019-01-25 05:00:00,0.09923209479338002,6.021023349349527,0.06923281333376607,1037.3
2019-01-25 06:00:00,0.17633486696223866,5.993961427306569,0.0679689631394993,1933.1
2019-01-25 07:00:00,0.29741569886420116,5.945420608606575,0.06545898356829838,2904.2
2019-01-25 08:00:00,0.3745134062337483,5.877735781779639,0.0623148990401976,3066.8
2019-01-25 09:00:00,0.3661520553649229,5.799092654460526,0.062377663251773185,2959.6
2019-01-25 10:00:00,0.4154288764212719,5.666426688112432,0.07077984355733413,3073.8
2019-01-25 11:00:00,0.2292826792286542,5.4638318050256105,0.05303222100923399,3054.3
2019-01-25 12:00:00,0.20274912946184642,5.267858159063328,0.07029823631331489,2940.4
2019-01-25 13:00:00,0.12551150685053525,5.153291594497779,0.06275889550766145,2770.4
2019-01-25 14:00:00,0.08135411713309271,5.1647859739235145,0.062004643048668484,2688.1
2019-01-25 15:00:00,0.05767844459449112,5.247024072160486,0.05677547478448375,2705.8
2019-01-25 16:00:00,0.07170492883521185,5.342334251964811,0.05735826349219231,3028.8
2019-01-25 17:00:00,0.08289492232567142,5.41610040220442,0.06467475640502762,3178.3
2019-01-25 18:00:00,0.06698466128320835,5.488937726156687,0.06745334289324667,3003.0
2019-01-25 19:00:00,0.03946763593364011,5.429345628954441,0.07242155914475035,3011.8
2019-01-25 20:00:00,0.02366588530671354,5.37989735354046,0.07016512710681688,2631.9
2019-01-25 21:00:00,0.039879077564192844,5.351858133476067,0.0710946353867854,2102.8
2019-01-25 22:00:00,0.04181780577238392,5.327876168789581,0.07017487068843664,1727.3
2019-01-25 23:00:00,0.06250515997279571,5.337538079701318,0.0721140712685795,1317.3
2019-01-26 00:00:00,-0.034641927277274664,5.153291594497779,0.05536515898741534,860.0
2019-01-26 01:00:00,0.05020067261641081,5.176149732573829,0.05693812201240611,623.2
2019-01-26 02:00:00,0.0684573247292195,5.220355825078324,0.05488225805901692,561.0
2019-01-26 03:00:00,0.12748852093206908,5.272999558563747,0.05512154937586011,555.9
2019-01-26 04:00:00,0.12446519898359831,5.303304908059076,0.05305818929127781,609.3
2019-01-26 05:00:00,0.16428085641779377,5.288267030694535,0.061223325339861745,760.5
2019-01-26 06:00:00,0.08144242500878018,5.278114659230517,0.07586751526047664,1120.0
2019-01-26 07:00:00,0.01169453438838719,5.25227342804663,0.07608292868250466,1495.0
2019-01-26 08:00:00,-0.009873641121366905,5.231108616854587,0.07335087338811874,1940.9
2019-01-26 09:00:00,0.013005247871188175,5.187385805840755,0.06856367798111762,2321.4
2019-01-26 10:00:00,0.12918140403274592,5.081404364984463,0.07475416661016077,2367.5
2019-01-26 11:00:00,0.05270583935487583,4.941642422609304,0.06633809409090752,2249.1
2019-01-26 12:00:00,0.14115422597387184,4.8283137373023015,0.07387141109158257,2164.4
2019-01-26 13:00:00,0.0888126698738052,4.812184355372417,0.062406894427599724,2085.3
2019-01-26 14:00:00,0.04816776079296847,4.919980925828125,0.06735383772170245,2069.4
2019-01-26 15:00:00,-0.018199017272564344,5.081404364984463,0.04137302239581153,2178.3
2019-01-26 16:00:00,-0.020968001817222692,5.308267697401205,0.06569630464677445,2630.9
2019-01-26 17:00:00,-0.016330922899805422,5.53338948872752,0.07340266531463335,2745.7
2019-01-26 18:00:00,0.025371341827461258,5.752572638825633,0.07261716463147927,2650.6
2019-01-26 19:00:00,0.03374525039514431,5.771441123130016,0.0689404677082095,2467.1
2019-01-26 20:00:00,0.024768075272093792,5.886104031450156,0.06847679660683959,2087.5
2019-01-26 21:00:00,0.0677476705515101,5.986452005284438,0.06874495648947487,1656.4
2019-01-26 22:00:00,0.07799997083333476,6.07073772800249,0.06519444592836443,1295.9
2019-01-26 23:00:00,0.10686921595679078,6.150602768446279,0.06411935029129978,915.2
2019-01-27 00:00:00,0.08984595167205933,6.690842277418564,0.0664459401609534,164.3
2019-01-27 01:00:00,0.20329955944868638,6.78332520060396,0.068726667561533,-85.4
2019-01-27 02:00:00,0.2400974325966363,6.872128101338986,0.06315762801528635,-230.7
2019-01-27 03:00:00,0.29538536142573735,6.959398512133975,0.07139049251941643,-341.2
2019-01-27 04:00:00,0.2824037464171454,7.042286171939743,0.06490715273735326,-393.2
2019-01-27 05:00:00,0.31398495858361786,7.117205503164344,0.06921638512433859,-377.6
2019-01-27 06:00:00,0.2743873165594217,7.183111701743281,0.07969848157196324,-201.1
2019-01-27 07:00:00,0.14829565017065027,7.234898420314831,0.08105731176793718,147.2
2019-01-27 08:00:00,0.040389513604923266,7.274479558773871,0.07721472360245585,418.4
2019-01-27 09:00:00,0.014181772098027956,7.310550158534422,0.07349185891496646,738.1
2019-01-27 10:00:00,0.04201723728242435,7.338238150065589,0.0685346747163571,910.2
2019-01-27 11:00:00,0.0003052040645825649,7.3613754289773485,0.06282943815799058,993.6
2019-01-27 12:00:00,0.07885208425962897,7.382124365737512,0.07268627282893192,989.0
2019-01-27 13:00:00,0.08983949549651271,7.401231264413015,0.058896683525443194,804.0
2019-01-27 14:00:00,0.09979153986728795,7.419979923661835,0.06359044723849472,756.3
2019-01-27 15:00:00,0.11809129482400982,7.43543801981455,0.05077155425574631,844.2
2019-01-27 16:00:00,0.08845193348911717,7.44600149832412,0.04977921082856618,1254.3
2019-01-27 17:00:00,-0.012369876433069305,7.452402451223638,0.05003847924201921,1595.8
2019-01-27 18:00:00,-0.03390132831846726,7.455876687491824,0.053064151300155515,1568.4
2019-01-27 19:00:00,0.022910535801743848,7.347299700743164,0.04548028247926261,1301.7
2019-01-27 20:00:00,0.016657186254154688,7.338238150065589,0.04229166520674177,904.5
2019-01-27 21:00:00,0.03042445834567431,7.327123292259293,0.03364228751477505,472.9
2019-01-27 22:00:00,0.05249743332478651,7.307872780763706,0.027687551265806576,25.9
2019-01-27 23:00:00,0.1481062385673413,7.282761179605593,0.03200526877256671,-403.6
2019-01-28 00:00:00,0.12870434542899956,7.366445148327599,0.046438134945375964,-649.8
2019-01-28 01:00:00,0.2514865220268363,7.341483852363161,0.044776524082594804,-731.1
2019-01-28 02:00:00,0.2592229248921849,7.31986492980897,0.04353950450170707,-733.6
2019-01-28 03:00:00,0.25005397316125677,7.294377299288821,0.04019696559334207,-665.9
2019-01-28 04:00:00,0.09146976829726272,7.255591274253665,0.03259812266210105,-433.8
2019-01-28 05:00:00,0.045892469170212724,7.20414929203594,0.030252775056203163,181.2
2019-01-28 06:00:00,-0.05519570036138077,7.145196134997171,0.021914917213434748,1499.6
2019-01-28 07:00:00,-0.0167875994385156,7.071573364211532,0.013635163908521264,2283.9
2019-01-28 08:00:00,-0.00627833921627996,6.984716320118266,0.008549615653258513,2431.1
2019-01-28 09:00:00,-0.027113487301637207,6.887552571664617,0.00622985996439418,2474.5
2019-01-28 10:00:00,-0.11515554082403145,6.778784897685177,-0.006626513952648239,2803.8
2019-01-28 11:00:00,-0.10372269170899351,6.650279048587422,-0.0015391934927500017,2910.2
2019-01-28 12:00:00,-0.004075994537009464,6.516193076042964,-0.00634770139014762,2947.0
2019-01-28 13:00:00,-0.028040596367715054,6.38856140554563,0.005883220411018186,2894.3
2019-01-28 14:00:00,-0.04299061212352484,6.274762021241939,0.0037150573679571863,2885.1
2019-01-28 15:00:00,-0.033795270703580904,6.182084906716632,-0.0074179078719947,2958.1
2019-01-28 16:00:00,-0.06551326983319683,6.1224928095143865,-0.013785108980053806,3171.3
2019-01-28 17:00:00,-0.0639538536404407,6.073044534100405,-0.01196725201225668,3211.1
2019-01-28 18:00:00,-0.07280632260346209,6.016157159698354,-0.012203163827784635,3172.2
2019-01-28 19:00:00,-0.02675839645288658,5.811140992976701,-0.010468897239693575,2950.7
2019-01-28 20:00:00,-0.022661727403160192,5.786897381366708,-0.009236847899421363,2635.5
2019-01-28 21:00:00,0.01406677758157393,5.765191102784844,-0.012324310158827956,2125.8
2019-01-28 22:00:00,0.023354213366551413,5.749392985908253,-0.013081401513389324,1537.3
2019-01-28 23:00:00,0.08485192541669928,5.739792912179234,-0.009626797716908442,887.1
2019-01-29 00:00:00,0.06483886621493484,5.991464547107982,0.022579232015939255,449.5
2019-01-29 01:00:00,0.11519703627332056,6.0112671744041615,0.020195440028986766,263.5
2019-01-29 02:00:00,0.11012477791321995,6.0473721790462776,0.020153069193259654,225.6
2019-01-29 03:00:00,0.14380073038057573,6.077642243349034,0.022582248514835257,246.0
2019-01-29 04:00:00,0.09206105844208023,6.0844994130751715,0.017802135689295895,354.4
2019-01-29 05:00:00,0.034090401110074,6.056784013228625,0.021232637328388648,850.4
2019-01-29 06:00:00,-0.030201367720328776,6.023447592961033,0.019319916758860245,2059.0
2019-01-29 07:00:00,0.06117004985350949,5.976350909297934,0.016941727580231714,2866.5
2019-01-29 08:00:00,0.10594563049560879,5.921578419643816,0.01463829099420444,2994.6
2019-01-29 09:00:00,0.11780654592083106,5.84354441703136,0.015413719494224765,2859.8
2019-01-29 10:00:00,0.10791303814343944,5.717027701406222,0.007013384850715454,2938.1
2019-01-29 11:00:00,0.06000827899909211,5.572154032177765,0.00848156116823695,2951.1
2019-01-29 12:00:00,0.07878531728071092,5.459585514144159,0.02980574260683433,2882.1
2019-01-29 13:00:00,0.08808161329780351,5.438079308923196,0.007869853073218636,2777.9
2019-01-29 14:00:00,0.11736763623463276,5.497168225293202,0.008749535811872988,2735.2
2019-01-29 15:00:00,0.08931294515142518,5.575949103146316,0.004790759453506155,2805.9
2019-01-29 16:00:00,0.09982436822783658,5.652489180268651,0.002699020704801214,3111.6
2019-01-29 17:00:00,0.11782145173915737,5.6937321388027,0.015979213328211728,3290.9
2019-01-29 18:00:00,0.15920646305978714,5.733341276897746,0.027747457168626255,3208.2
2019-01-29 19:00:00,0.1661444903578202,5.560681631015528,0.034122444260665574,2989.9
2019-01-29 20:00:00,0.04827156582904024,5.552959584921617,0.041647819591579704,2814.2
2019-01-29 21:00:00,0.04123635213192678,5.552959584921617,0.04529866103385061,2616.9
2019-01-29 22:00:00,0.06624475093224103,5.537334267018537,0.05179473917649169,2109.6
2019-01-29 23:00:00,0.22513400186081167,5.552959584921617,0.06457714829387307,1518.9
2019-01-30 00:00:00,0.1743558881726539,5.556828061699537,0.06585888583652277,1511.7
2019-01-30 01:00:00,0.2015097944442794,5.594711379601839,0.07310126245678106,1345.8
2019-01-30 02:00:00,0.21390614271863306,5.605802066295998,0.07772495396566015,1306.5
2019-01-30 03:00:00,0.19452532945451795,5.634789603169249,0.08647524055480282,1339.2
2019-01-30 04:00:00,0.0999270311451319,5.655991810819852,0.08257692078101897,1509.9
2019-01-30 05:00:00,0.033670646200863796,5.645446897643238,0.08727506036385435,1983.2
2019-01-30 06:00:00,-0.025498358579363334,5.638354669333745,0.0818832483405405,3000.5
2019-01-30 07:00:00,0.043197055282687025,5.627621113690637,0.07221698745138916,3822.4
2019-01-30 08:00:00,0.010396468396749903,5.616771097666572,0.07262011710464478,3917.0
2019-01-30 09:00:00,0.03644995877484636,5.564520407322694,0.07107186322531867,3819.3
2019-01-30 10:00:00,0.0376971369823611,5.41610040220442,0.07500796786223951,3826.7
2019-01-30 11:00:00,-0.01741795493160936,5.209486152841421,0.0594153147602281,3770.2
2019-01-30 12:00:00,-0.02911467352364383,5.043425116919247,0.05592824373478322,3671.6
2019-01-30 13:00:00,-0.041074304961990826,4.969813299576001,0.0528198631816128,3637.8
2019-01-30 14:00:00,-0.054021359603399155,5.003946305945459,0.05199595517347433,3600.7
2019-01-30 15:00:00,-0.0363981007733063,5.111987788356544,0.05272819519920091,3702.1
2019-01-30 16:00:00,-0.023746159514381304,5.298317366548036,0.042936836347475804,3808.6
2019-01-30 17:00:00,0.05348399356035394,5.493061443340548,0.0535184219747844,4022.2
2019-01-30 18:00:00,-0.011936566233293533,5.683579767338681,0.06120237444819665,3897.4
2019-01-30 19:00:00,-0.009539618420761009,5.707110264748875,0.06481265047775508,3838.2
2019-01-30 20:00:00,-0.050449109814666215,5.777652323222656,0.06652985233746378,3679.5
2019-01-30 21:00:00,-0.0051968994583839745,5.84354441703136,0.07289165431200928,3213.7
2019-01-30 22:00:00,-0.009458861510625471,5.921578419643816,0.07811287113941034,2612.0
2019-01-30 23:00:00,0.10809287327522377,6.008813185442595,0.08717880926905153,1948.9
2019-01-31 00:00:00,0.07646073852478175,6.003887067106539,0.1223722102398046,1492.8
2019-01-31 01:00:00,0.11647490835710528,6.063785208687608,0.12667184163719014,1294.6
2019-01-31 02:00:00,0.11122895386779597,6.142037405587356,0.126524092917073,1191.0
2019-01-31 03:00:00,0.12372427795104057,6.222576268071369,0.126878024399808,1154.6
2019-01-31 04:00:00,0.11538303198998712,6.304448802421981,0.12217629893907045,1273.1
2019-01-31 05:00:00,0.0891868066562096,6.3784261836515865,0.11733956185456051,1690.1
2019-01-31 06:00:00,0.042991910646833276,6.455198563340122,0.1038578904840346,2457.3
2019-01-31 07:00:00,0.1230294186477563,6.52795791762255,0.08841782970803536,3186.9
2019-01-31 08:00:00,0.09233907831621568,6.602587892189336,0.08185739044850315,3138.9
2019-01-31 09:00:00,0.09067956380982078,6.668228248417403,0.07571167080802255,3017.2
2019-01-31 10:00:00,0.1401452860254846,6.710523109452428,0.08279585926459987,2939.5
2019-01-31 11:00:00,0.018690119665589755,6.736966958001855,0.06102188127012553,2802.5
2019-01-31 12:00:00,0.12656358319495187,6.762729506931879,0.06534448400392101,2662.2
2019-01-31 13:00:00,0.06776076718825053,6.79346613258001,0.07379307142156577,2501.4
2019-01-31 14:00:00,0.048251441596152134,6.833031732786201,0.055827904039079,2482.2
2019-01-31 15:00:00,-0.04966182052834878,6.8885724595653635,0.03236977349647674,2461.3
2019-01-31 16:00:00,-0.013269227259604222,6.952728644624869,0.037887564573305,2638.8
2019-01-31 17:00:00,-0.03900580350114069,7.007600613951853,0.043488815951597815,2785.0
2019-01-31 18:00:00,-0.0694986858609461,7.047517221357296,0.04718464082020901,2578.6
2019-01-31 19:00:00,-0.012563248689033024,6.961296045910167,0.04922175098521819,2361.1
2019-01-31 20:00:00,0.029630781651164284,6.946975992135418,0.04891521852785985,2046.4
2019-01-31 21:00:00,0.04002375488854337,6.927557906278317,0.0519228333518047,1620.7
2019-01-31 22:00:00,0.028648033424646613,6.8966943316227125,0.052513837802111496,1150.6
2019-01-31 23:00:00,0.09937414279109813,6.86171134048073,0.05937818473029921,585.2
2019-02-01 00:00:00,0.19654479490426624,6.975413927455952,0.13373285203430463,-137.3
2019-02-01 01:00:00,0.20090485718810847,6.956545443151569,0.13266368433997044,-432.4
2019-02-01 02:00:00,0.20165480792198887,6.933423025730715,0.13177134760992892,-490.6
2019-02-01 03:00:00,0.1667065549658191,6.912742820493176,0.1296252968893814,-464.3
2019-02-01 04:00:00,0.1288578467500643,6.913737350659685,0.12760506574894492,-322.5
2019-02-01 05:00:00,0.0805619415591674,6.937314081223682,0.12078342160015687,192.5
2019-02-01 06:00:00,0.08511781901563964,6.9650803456014065,0.11095704208693924,1371.4
2019-02-01 07:00:00,0.07915852763499753,6.982862751468942,0.10683680020837194,2342.9
2019-02-01 08:00:00,0.1043063484062765,6.9930151229329605,0.10337797922111669,2437.2
2019-02-01 09:00:00,0.10861934145068375,7.00397413672268,0.10681663929883989,2363.3
2019-02-01 10:00:00,0.208932348281607,7.0192966537150445,0.12578257296322626,2407.7
2019-02-01 11:00:00,0.16747715916376205,7.033506484287697,0.1202281486615,2253.9
2019-02-01 12:00:00,0.21032618076816867,7.046647277848756,0.1345725432018643,2059.7
2019-02-01 13:00:00,0.15440041393024195,7.055312843339752,0.14710625332201133,1842.9
2019-02-01 14:00:00,0.15767613903231492,7.065613363597717,0.1428965524805914,1617.3
2019-02-01 15:00:00,0.14959512584037782,7.068172000388042,0.14305752653042703,1602.7
2019-02-01 16:00:00,0.14980850127727496,7.057036981697891,0.1446985904755973,1805.0
2019-02-01 17:00:00,0.16230488149693123,7.028201432058005,0.12714007704742336,2074.2
2019-02-01 18:00:00,0.16034411505868817,6.990256500493881,0.10875943280789535,1911.2
2019-02-01 19:00:00,0.15911626370420429,6.763884908562435,0.11083966365492337,1586.7
2019-02-01 20:00:00,0.150392891344449,6.71295620067707,0.11030536276523151,1130.2
2019-02-01 21:00:00,0.1712024086833206,6.668228248417403,0.116977588826364,652.5
2019-02-01 22:00:00,0.15230519086711558,6.626717749249025,0.1185642641303648,363.2
2019-02-01 23:00:00,0.10005557837670587,6.586171654854675,0.11557361692596935,-43.6
2019-02-02 00:00:00,0.04079865714283715,6.7661917146603505,0.07803724706117876,-419.5
2019-02-02 01:00:00,0.050971637321925556,6.70808408385307,0.07516052427042297,-636.8
2019-02-02 02:00:00,0.06743500914296563,6.651571873589727,0.07183008772055288,-704.1
2019-02-02 03:00:00,0.11626069010380125,6.595780513961311,0.06658426769096515,-709.1
2019-02-02 04:00:00,0.14751686190828117,6.568077911411976,0.061546277434946006,-659.8
2019-02-02 05:00:00,0.20266557471118718,6.5722825426940075,0.06202952073402024,-529.3
2019-02-02 06:00:00,0.17778173036616796,6.577861357721047,0.07005209022954695,-174.7
2019-02-02 07:00:00,0.14608858264475444,6.587550014824796,0.07630983967924898,279.7
2019-02-02 08:00:00,0.17728146229747566,6.597145701886651,0.08140628198095712,624.9
2019-02-02 09:00:00,0.1835993563102587,6.602587892189336,0.08522884100002237,910.6
2019-02-02 10:00:00,0.23741621710243566,6.610696044717759,0.10203556866399133,1135.5
2019-02-02 11:00:00,0.21882776501275503,6.641182169740591,0.10364912564146422,1131.6
2019-02-02 12:00:00,0.29826964821077295,6.683360945766275,0.1065653131303339,1078.2
2019-02-02 13:00:00,0.20075858038035577,6.747586526829315,0.11626939786946089,1028.5
2019-02-02 14:00:00,0.17381191612441116,6.8308742346461795,0.11416866576460905,914.6
2019-02-02 15:00:00,0.12836218523567444,6.914730892718563,0.0921716011789151,890.2
2019-02-02 16:00:00,0.15151566151469664,6.977281341630747,0.11825012317179784,1126.7
2019-02-02 17:00:00,0.17440545393423923,7.01301578963963,0.10177756740303145,1328.5
2019-02-02 18:00:00,0.18702319367459985,7.040536390215956,0.07832740333349619,1103.5
2019-02-02 19:00:00,0.1587885652946337,6.918695219020472,0.06657221977011218,738.8
2019-02-02 20:00:00,0.14756464704269456,6.946975992135418,0.0617931159891878,437.4
2019-02-02 21:00:00,0.15663355158559789,6.96979066990159,0.0630466095105664,36.7
2019-02-02 22:00:00,0.15650483826514527,6.981934677156389,0.05902613280738933,-407.8
2019-02-02 23:00:00,0.10958282533678299,6.985641817639208,0.05162209808739249,-712.2
2019-02-03 00:00:00,0.14234571554810982,7.098375638590786,0.04557164947471115,-1066.0
2019-02-03 01:00:00,0.19054185838267035,7.112327444710911,0.046772182437281984,-1243.5
2019-02-03 02:00:00,0.22337621006208064,7.1276936993473985,0.043377644579171815,-1328.7
2019-02-03 03:00:00,0.2602592022129202,7.136483208590247,0.05186546552257987,-1360.0
2019-02-03 04:00:00,0.2914505896916335,7.130098510125578,0.051751492633444585,-1301.6
2019-02-03 05:00:00,0.34028562421842423,7.110696122978827,0.054961548030513896,-1169.7
2019-02-03 06:00:00,0.3644028666448422,7.086737934510577,0.06451000010414631,-870.4
2019-02-03 07:00:00,0.2914158069712953,7.040536390215956,0.07701714659668824,-476.9
2019-02-03 08:00:00,0.22430676189979382,6.98100574072173,0.08351623209675907,-53.7
2019-02-03 09:00:00,0.20408937697887009,6.9167150203536085,0.09485676730850834,453.4
2019-02-03 10:00:00,0.1903526859997564,6.8501261661455,0.1050653032179163,791.5
2019-02-03 11:00:00,0.23094092576520886,6.779921907472252,0.11292030798893116,998.2
2019-02-03 12:00:00,0.26563823874330694,6.699500340161678,0.11776342789795002,1144.8
2019-02-03 13:00:00,0.2446313396595925,6.617402977974478,0.1236922921925796,1147.1
2019-02-03 14:00:00,0.2598180756719115,6.532334292222349,0.1291243133368365,1226.5
2019-02-03 15:00:00,0.2917297627815274,6.440946540632921,0.12459670033050863,1454.4
2019-02-03 16:00:00,0.2806847500675316,6.380122536899765,0.1416998141221999,2017.3
2019-02-03 17:00:00,0.2102391448140759,6.373319789577012,0.1347688257305979,2588.9
2019-02-03 18:00:00,0.19698185646126598,6.364750756851911,0.13001535377438955,2630.2
2019-02-03 19:00:00,0.19781211072910887,6.07073772800249,0.12553326429880407,2501.9
2019-02-03 20:00:00,0.16189384520358674,5.976350909297934,0.13229119985048854,2368.4
2019-02-03 21:00:00,0.15215555003993586,5.883322388488279,0.1384402172710395,2010.3
2019-02-03 22:00:00,0.151338580498118,5.817111159963204,0.14502007064021427,1637.1
2019-02-03 23:00:00,0.17235292035172867,5.799092654460526,0.15544598094490958,1421.4
2019-02-04 00:00:00,0.22423252231414947,5.733341276897746,0.1878990824272755,1581.0
2019-02-04 01:00:00,0.30001591396435456,5.749392985908253,0.19584306549016794,1543.9
2019-02-04 02:00:00,0.30636572858403444,5.817111159963204,0.2033727408121191,1561.6
2019-02-04 03:00:00,0.28769439214689596,5.8916442118257715,0.20542914372081889,1609.2
2019-02-04 04:00:00,0.16685124056125833,5.950642552587727,0.20417997793459008,1783.1
2019-02-04 05:00:00,0.11521673403392096,5.998936561946683,0.19550552505521246,2289.4
2019-02-04 06:00:00,0.07732247249467639,6.068425588244111,0.1754074832839958,3397.4
2019-02-04 07:00:00,0.1673542491807689,6.137727054086234,0.1633093583365497,4272.6
2019-02-04 08:00:00,0.18938179614059436,6.222576268071369,0.1597120256477247,4314.1
2019-02-04 09:00:00,0.18508683412261284,6.293419278846481,0.15787087181444903,4174.3
2019-02-04 10:00:00,0.10069221847210041,6.338594078203183,0.1478047835637728,3955.3
2019-02-04 11:00:00,0.11471416842190685,6.369900982828227,0.15115698289139523,3962.0
2019-02-04 12:00:00,0.16364441710296918,6.423246963533519,0.1274278141769063,3642.2
2019-02-04 13:00:00,0.10215579138648856,6.51471269087253,0.15178791554540894,3310.1
2019-02-04 14:00:00,0.09276114228958576,6.639875833826536,0.14460111049812063,3134.5
2019-02-04 15:00:00,0.09952077710479967,6.7661917146603505,0.139873911149488,3143.1
2019-02-04 16:00:00,0.07223704042208201,6.876264611890766,0.14726126872174738,3317.4
2019-02-04 17:00:00,0.07429012524457601,6.963189985870238,0.136421385251575,3509.1
2019-02-04 18:00:00,0.04529321313310053,7.030857476116121,0.12133155187554934,3270.1
2019-02-04 19:00:00,0.06841386475375266,6.9985096422506015,0.11893957386609877,2860.2
2019-02-04 20:00:00,0.07115435783358226,7.04141166379481,0.12353683361891044,2373.2
2019-02-04 21:00:00,0.09339594587081956,7.072421900537371,0.1234400427126836,1734.3
2019-02-04 22:00:00,0.09111232674134495,7.081708586105575,0.12495364889237592,1163.0
2019-02-04 23:00:00,0.08561091447621116,7.076653815443951,0.1226578606181139,473.1
2019-02-05 00:00:00,0.10485217083228449,7.170888478512505,0.12109641279160854,-621.0
2019-02-05 01:00:00,0.10724453900853925,7.13966033596492,0.11655669353816833,-799.6
2019-02-05 02:00:00,0.10127774643512533,7.095064377287131,0.11522622798880633,-867.1
2019-02-05 03:00:00,0.11811496494684537,7.050122520269059,0.11386199839771471,-795.5
2019-02-05 04:00:00,0.09937996904610102,7.002155954403621,0.10634747439061876,-608.2
2019-02-05 05:00:00,0.045763833300150214,6.956545443151569,0.09753209622075687,-157.3
2019-02-05 06:00:00,0.0333041674629877,6.918695219020472,0.08312890050320121,1014.7
2019-02-05 07:00:00,0.0640610283861438,6.876264611890766,0.07553677341611476,2000.8
2019-02-05 08:00:00,0.061789612551733875,6.843749949006225,0.07147395221490171,2196.0
2019-02-05 09:00:00,0.08996136636908236,6.827629234502852,0.07251515621636706,2120.5
2019-02-05 10:00:00,0.04159818102907975,6.816735880594968,0.06898649169907678,2122.4
2019-02-05 11:00:00,0.09851370576614826,6.814542897259958,0.07870390158688956,2161.5
2019-02-05 12:00:00,0.11523690804315878,6.82001636467413,0.09464539932083404,2064.8
2019-02-05 13:00:00,0.09573066784114914,6.816735880594968,0.09349517023607667,1959.6
2019-02-05 14:00:00,0.09562340470468067,6.796823718274855,0.0935191830822415,1888.1
2019-02-05 15:00:00,0.08635665986983376,6.775366090936392,0.09125976440089545,1920.4
2019-02-05 16:00:00,0.08770974917234531,6.7464121285733745,0.09025146051077115,2043.2
2019-02-05 17:00:00,0.13292287271882852,6.697034247666484,0.07698679410485632,2325.1
2019-02-05 18:00:00,0.12185292497401523,6.634633357861686,0.06493634746928478,2295.9
2019-02-05 19:00:00,0.11417533213890962,6.439350371100098,0.06346732947681488,2123.0
2019-02-05 20:00:00,0.1192130925594781,6.3561076606958915,0.0698780515800852,1828.9
2019-02-05 21:00:00,0.12140752599366422,6.255750041753367,0.07533980800361739,1491.3
2019-02-05 22:00:00,0.13732141965022704,6.144185634125646,0.08529503755953627,1150.9
2019-02-05 23:00:00,0.23049182348204456,6.073044534100405,0.09339088252185235,693.1
2019-02-06 00:00:00,0.24421284522524145,5.886104031450156,0.10415354195623827,868.1
2019-02-06 01:00:00,0.21744456269439194,5.762051382780177,0.11294385749009628,840.7
2019-02-06 02:00:00,0.23549270730334682,5.68697535633982,0.1220609073239256,883.6
2019-02-06 03:00:00,0.20407786347564194,5.652489180268651,0.13302399621326622,1043.4
2019-02-06 04:00:00,0.14738425474899408,5.673323267171493,0.13437767236487907,1330.0
2019-02-06 05:00:00,0.07696860836387565,5.762051382780177,0.13210527903050107,1867.9
2019-02-06 06:00:00,0.06521710437739037,5.910796644040527,0.12150788316046857,2914.4
2019-02-06 07:00:00,0.14548577606505475,6.028278520230698,0.1127105572366176,3801.3
2019-02-06 08:00:00,0.17961984873743653,6.1092475827643655,0.11375140130293104,3755.6
2019-02-06 09:00:00,0.05426268916677035,6.169610732491456,0.11425239153270894,3702.3
2019-02-06 10:00:00,0.01912775474073003,6.206575926724928,0.12300985861783253,3469.1
2019-02-06 11:00:00,0.06436996699019559,6.253828811575473,0.11195063752933443,3250.9
2019-02-06 12:00:00,0.06322587750422626,6.329720905522696,0.10057050023527303,2921.9
2019-02-06 13:00:00,0.05416394562509197,6.448889394146858,0.11778681976955241,2632.3
2019-02-06 14:00:00,0.06704805991774787,6.606650186198215,0.11091037979403318,2416.3
2019-02-06 15:00:00,0.09855471716773856,6.760414691083428,0.1143779553794424,2339.9
2019-02-06 16:00:00,0.09812911735831342,6.866933284461882,0.10802110108774521,2422.0
2019-02-06 17:00:00,0.1688189035301093,6.920671504248683,0.0959965152425113,2672.3
2019-02-06 18:00:00,0.17539528409085126,6.953684210870537,0.08187228034421068,2475.1
2019-02-06 19:00:00,0.1353509043791039,6.872128101338986,0.07635674242849078,2020.6
2019-02-06 20:00:00,0.07075334757788854,6.889591308354466,0.07583574571690122,1393.1
2019-02-06 21:00:00,0.09122814303218263,6.904750769961838,0.08072356945746506,914.9
2019-02-06 22:00:00,0.08254945052580842,6.911747300251674,0.08200955025077761,317.5
2019-02-06 23:00:00,0.11899911595462953,6.92461239604856,0.07964596213379593,-316.3
2019-02-07 00:00:00,0.11517569044049214,6.947937068614969,0.06122258144572612,-679.8
2019-02-07 01:00:00,0.086764018811615,6.937314081223682,0.05770041735039655,-853.3
2019-02-07 02:00:00,0.07213583217210928,6.913737350659685,0.05346696596964229,-897.4
2019-02-07 03:00:00,0.0745365896993051,6.884486652042782,0.04915673058321346,-920.5
2019-02-07 04:00:00,0.12319093963632044,6.8308742346461795,0.04748783627488429,-734.5
2019-02-07 05:00:00,0.09262388133922617,6.761572768804055,0.042041953083248984,-166.1
2019-02-07 06:00:00,0.07235681343763867,6.6895992691789665,0.04022482769472546,953.3
2019-02-07 07:00:00,0.05343485876808751,6.582025138892826,0.04068163276274461,1977.3
2019-02-07 08:00:00,0.048988240408856853,6.429719478039138,0.03968521297504246,2109.3
2019-02-07 09:00:00,0.05596919767037534,6.246106765481563,0.039358702656029365,2092.4
2019-02-07 10:00:00,0.08406551991466316,6.061456918928017,0.05679851635263411,2204.7
2019-02-07 11:00:00,0.09828712875737988,5.953243334287785,0.04395072986707049,2275.7
2019-02-07 12:00:00,0.19115714271770656,5.908082938168931,0.04030390169402409,2185.6
2019-02-07 13:00:00,0.1346224288031861,5.973809611869261,0.06780480735576688,2213.5
2019-02-07 14:00:00,0.12750595820455946,6.169610732491456,0.04943141146562979,2073.8
2019-02-07 15:00:00,0.03900990248425806,6.393590753950631,0.033813882750443724,2043.2
2019-02-07 16:00:00,0.06278979518993699,6.53813982376767,0.054505703823599205,2134.1
2019-02-07 17:00:00,0.04015908080730135,6.591673732008658,0.04757028145741238,2223.8
2019-02-07 18:00:00,0.02862743027361958,6.616065185132817,0.03865554317952302,2123.5
2019-02-07 19:00:00,0.034325310282039556,6.543911845564792,0.036146672290463755,1856.9
2019-02-07 20:00:00,0.06595316508001048,6.576469569048224,0.036289955780860694,1369.1
2019-02-07 21:00:00,0.0721610610585639,6.626717749249025,0.03990861707950799,820.0
2019-02-07 22:00:00,0.07168294072875625,6.673297967767654,0.03819773978015206,259.8
2019-02-07 23:00:00,0.07204679030911665,6.690842277418564,0.034520375269726955,-368.5
2019-02-08 00:00:00,0.09033938269600039,7.167809184316444,0.02558077557467975,-968.2
2019-02-08 01:00:00,0.08307228592799953,7.204892510204673,0.02104098353993855,-1124.5
2019-02-08 02:00:00,0.05162647435809209,7.232010331664759,0.01612305651533319,-1249.0
2019-02-08 03:00:00,0.015047777748739666,7.254177846456518,0.014292735846124671,-1255.3
2019-02-08 04:00:00,0.017168196040590278,7.271703706887368,0.012568380897462816,-1303.3
2019-02-08 05:00:00,-0.00977584182408009,7.283448228756631,0.01241442117668079,-990.7
2019-02-08 06:00:00,0.007726896683158291,7.289610521451167,0.020340772806333618,145.5
2019-02-08 07:00:00,0.0222235097333634,7.282761179605593,0.02589202809092228,994.8
2019-02-08 08:00:00,0.03374904471612217,7.2633296174768365,0.023351903702526045,1094.2
2019-02-08 09:00:00,0.04989261354232832,7.2456550675945355,0.025764194792307293,1027.2
2019-02-08 10:00:00,0.12421181137456738,7.244941546337007,0.04515741047587696,1050.1
2019-02-08 11:00:00,0.057842333050091455,7.2682230211595655,0.03887343088431372,1100.6
2019-02-08 12:00:00,0.10149050895448397,7.298445101508147,0.04935627334383419,863.4
2019-02-08 13:00:00,0.04411525916831316,7.321849713788356,0.055570912211170054,638.8
2019-02-08 14:00:00,0.04863576641608791,7.327123292259293,0.047351278672154606,494.1
2019-02-08 15:00:00,0.03194699743546403,7.321188556739478,0.04278834362062334,441.2
2019-02-08 16:00:00,0.030305851551893692,7.302496423727326,0.04730576166682354,735.2
2019-02-08 17:00:00,0.041573224494148686,7.277938572945661,0.04348959669450636,1124.8
2019-02-08 18:00:00,0.055141527386028955,7.254177846456518,0.032027732563433275,1010.3
2019-02-08 19:00:00,0.045613271267598066,7.1284959456800365,0.0302577017803074,632.9
2019-02-08 20:00:00,0.049288920401726166,7.160069207596127,0.02486704676946694,60.8
2019-02-08 21:00:00,0.052145177624665084,7.1929342212158,0.027896531898209176,-415.0
2019-02-08 22:00:00,0.04401029549788715,7.2254814727822945,0.024790133781632306,-866.2
2019-02-08 23:00:00,-0.04057083809842066,7.253470382684528,0.01491437593730005,-1264.4
2019-02-09 00:00:00,-0.03106747146158728,7.392647520721623,-0.025401200891087328,-1970.7
2019-02-09 01:00:00,-0.007408228262306693,7.418180822726788,-0.030881138383906048,-2276.4
2019-02-09 02:00:00,0.0012596675098364152,7.444248649496705,-0.03816217187790549,-2415.0
2019-02-09 03:00:00,0.04376831763286004,7.463363045520021,-0.04200356845064057,-2490.5
2019-02-09 04:00:00,0.08564145819019409,7.466799475018602,-0.04470818129874132,-2513.9
2019-02-09 05:00:00,0.14736352664120522,7.457609289715606,-0.04251283165460329,-2381.3
2019-02-09 06:00:00,0.10989139482331689,7.444833273892193,-0.030143715254864034,-2126.7
2019-02-09 07:00:00,0.08079830289367695,7.4205789054108005,-0.02372419233791767,-1719.5
2019-02-09 08:00:00,0.07852645945304193,7.382124365737512,-0.014182168943076334,-1285.4
2019-02-09 09:00:00,0.08277475072025453,7.3395376954076745,-0.004656420396431216,-739.8
2019-02-09 10:00:00,0.1322610613385442,7.29505641646263,0.012334436333286902,-404.8
2019-02-09 11:00:00,0.11670026597822414,7.2485040723706105,0.01223937523997165,-241.8
2019-02-09 12:00:00,0.198008963246592,7.201916317531627,0.016943518254841194,-230.1
2019-02-09 13:00:00,0.11427013390517882,7.176254532017144,0.02144223082762231,-353.1
2019-02-09 14:00:00,0.09739222342982767,7.179307969504034,0.018929394256190335,-541.0
2019-02-09 15:00:00,0.04591698566103908,7.198183577101943,-0.006963395876356415,-552.9
2019-02-09 16:00:00,0.07032264696585289,7.234177179749849,0.018961969945515023,-288.1
2019-02-09 17:00:00,0.08426133727981444,7.278628942320682,0.015563439271581103,72.8
2019-02-09 18:00:00,0.07899147681699059,7.318539548567902,0.0030898704587460912,-74.1
2019-02-09 19:00:00,0.04416775426133013,7.254884810077338,-0.007362584455071541,-461.2
2019-02-09 20:00:00,0.029563817636130807,7.288927694521257,-0.01437520268395076,-833.2
2019-02-09 21:00:00,0.08971410878984942,7.323830566202317,-0.018925709903104604,-1276.1
2019-02-09 22:00:00,0.09801350346522764,7.358830898342354,-0.027183029709684448,-1677.9
2019-02-09 23:00:00,0.07031215256751411,7.388327859577107,-0.03884037668765572,-2052.5
2019-02-10 00:00:00,0.047695111989974226,7.483806687665835,-0.014502071783111248,-2092.9
2019-02-10 01:00:00,0.07236442319445358,7.507141079727608,-0.017027370972401812,-2320.0
2019-02-10 02:00:00,0.08101003034572019,7.52131798019924,-0.024364705694377875,-2487.5
2019-02-10 03:00:00,0.1120103420548455,7.532623618788788,-0.020754394426580447,-2533.5
2019-02-10 04:00:00,0.15888889411279283,7.546974117516527,-0.027945560040530282,-2557.1
2019-02-10 05:00:00,0.2527945526890729,7.56164174558878,-0.029333244490892696,-2496.2
2019-02-10 06:00:00,0.2558613691668645,7.573017256052546,-0.02460451518997253,-2213.6
2019-02-10 07:00:00,0.19870877307015533,7.5766097669730375,-0.020334846691643094,-1930.5
2019-02-10 08:00:00,0.13515471415608316,7.57095858316901,-0.018464606667235373,-1607.3
2019-02-10 09:00:00,0.10086589966607429,7.563719668414366,-0.013491663107885188,-1223.9
2019-02-10 10:00:00,0.08902921123661622,7.552237287560802,-0.009567379356447248,-987.1
2019-02-10 11:00:00,0.12712273193284673,7.532623618788788,-0.009634800227908968,-890.9
2019-02-10 12:00:00,0.17792773026159514,7.507690077819904,-0.011754994377469075,-854.0
2019-02-10 13:00:00,0.17035556563372323,7.463936604468925,-0.008786544563161414,-890.6
2019-02-10 14:00:00,0.19022836740209836,7.395721608602045,-0.007743158711162934,-810.9
2019-02-10 15:00:00,0.21917182513008004,7.304515946460155,-0.014100670088390999,-599.7
2019-02-10 16:00:00,0.21253576632442694,7.177782416195197,0.0003041271388894984,-17.5
2019-02-10 17:00:00,0.13201959170205457,7.01211529430638,-0.0028805675352394644,739.8
2019-02-10 18:00:00,0.09045572239135558,6.8308742346461795,-0.004020106688171765,921.6
2019-02-10 19:00:00,0.08950525265774534,6.480044561926653,-0.014257178660617598,919.4
2019-02-10 20:00:00,0.058571133582134394,6.297109319933935,-0.013619036067556323,756.8
2019-02-10 21:00:00,0.057518997745085176,6.144185634125646,-0.016488877892641085,375.4
2019-02-10 22:00:00,0.060758575069194354,6.066108090103747,-0.01587796369506833,-15.7
2019-02-10 23:00:00,0.09043826353424977,6.095824562432225,-0.012712604301794883,-405.8
2019-02-11 00:00:00,0.13573447971357533,5.736572297479192,-0.008265142892703636,-346.5
2019-02-11 01:00:00,0.19232167496030828,5.8664680569332965,-0.007180203904045612,-466.4
2019-02-11 02:00:00,0.19208918352142934,6.19644412779452,-0.005240495923469979,-639.5
2019-02-11 03:00:00,0.16462239455690186,6.520621127558696,-0.008235663638846091,-764.0
2019-02-11 04:00:00,0.045452101893264985,6.723832440821209,-0.010380494928840633,-727.3
2019-02-11 05:00:00,0.001143478489912031,6.885509670034818,-0.012911142521593533,-368.8
2019-02-11 06:00:00,-0.0450610640188045,7.037027614686276,-0.020049924896076377,573.7
2019-02-11 07:00:00,-0.04545880114548151,7.142827401161621,-0.024545240200568585,1351.6
2019-02-11 08:00:00,-0.04371008218140382,7.214504414151143,-0.02577768267422087,1449.9
2019-02-11 09:00:00,-0.046935433854171205,7.271703706887368,-0.02302474004953403,1355.7
2019-02-11 10:00:00,-0.11725651596500519,7.305860032684009,-0.02812946084267942,1300.6
2019-02-11 11:00:00,-0.021107222080638977,7.31455283232408,-0.015780730010410693,1226.3
2019-02-11 12:00:00,0.03973440714503074,7.313886831633462,-0.03301678308971567,1109.4
2019-02-11 13:00:00,-0.017976656253234413,7.316548177182976,-0.008511670618613465,991.3
2019-02-11 14:00:00,-0.03631672166170219,7.331714969726466,-0.016310289799896793,931.1
2019-02-11 15:00:00,-0.02891872645940463,7.354362330421477,-0.022645018348287138,955.1
2019-02-11 16:00:00,-0.06202829718951586,7.382746449738912,-0.012652365176894165,1096.6
2019-02-11 17:00:00,-0.066941364855571,7.408530566894626,-0.010411715033489699,1514.8
2019-02-11 18:00:00,-0.06561773305537466,7.425357887027151,-0.009586559046837806,1475.6
2019-02-11 19:00:00,-0.014828190019585463,7.300472814267799,-0.005676732523726358,1255.7
2019-02-11 20:00:00,-0.013177591715686443,7.309212365692763,0.0026655427464454817,856.9
2019-02-11 21:00:00,0.0001355415023414075,7.313886831633462,0.008022739609263141,317.6
2019-02-11 22:00:00,-0.021323300255986055,7.313220387090301,0.014293677147993122,-239.4
2019-02-11 23:00:00,-0.0722813935809632,7.30854279753919,0.017517691787082512,-749.6
2019-02-12 00:00:00,-0.054935088064801185,7.371489295214277,0.023973357753771296,-1027.6
2019-02-12 01:00:00,-0.06672772763737234,7.355641102974253,0.02646792827817457,-1150.7
2019-02-12 02:00:00,-0.08197329625108907,7.330405211844402,0.03130201535640076,-1156.4
2019-02-12 03:00:00,-0.0572414313091012,7.302496423727326,0.03544790345662818,-1084.5
2019-02-12 04:00:00,0.001156382374972953,7.267525427828172,0.03503221190946526,-849.0
2019-02-12 05:00:00,-0.026290639077652056,7.227662498728654,0.030985737367295485,-346.6
2019-02-12 06:00:00,-0.03682931980188053,7.1891677384203225,0.019384999534874936,892.2
2019-02-12 07:00:00,-0.029205991223450134,7.138073034044347,0.014175629492132913,1686.7
2019-02-12 08:00:00,0.00481276929784924,7.062191632286556,0.011499408069523653,1714.2
2019-02-12 09:00:00,0.11018231171105963,6.966024187106113,0.01319781906573958,1549.3
2019-02-12 10:00:00,0.03737295200044066,6.851184927493743,0.002720214979294866,1521.0
2019-02-12 11:00:00,0.0339875096897404,6.714170529909472,0.00253312726888133,1460.7
2019-02-12 12:00:00,0.0481651129494729,6.568077911411976,0.008777432456218648,1447.5
2019-02-12 13:00:00,0.02170912237604261,6.517671272912275,0.0013780477292186788,1413.9
2019-02-12 14:00:00,0.025510712272040603,6.570882962339584,8.0852065069692e-05,1323.2
2019-02-12 15:00:00,0.015870972281806228,6.665683717782408,0.0023494844062792453,1345.0
2019-02-12 16:00:00,0.007162604737602329,6.795705775173514,0.010758845679271545,1510.3
2019-02-12 17:00:00,0.07823298642220866,6.90875477931522,0.01566888766732788,1693.9
2019-02-12 18:00:00,0.006934273781314282,6.988413181999592,0.019407498868863726,1903.0
2019-02-12 19:00:00,0.002331320566990591,6.910750787961936,0.02095303221011413,1713.3
2019-02-12 20:00:00,0.0057279412965400844,6.950814768442584,0.027750422076504577,1545.7
2019-02-12 21:00:00,0.016680523185660157,6.996681488176539,0.030715675052348956,1077.8
2019-02-12 22:00:00,0.054622929173399726,7.045776576879511,0.035728501582170225,491.9
2019-02-12 23:00:00,0.1577172468776027,7.095064377287131,0.03685591308845915,-124.2
2019-02-13 00:00:00,0.12485752207431178,7.493317248862145,0.011710221905962825,-1297.6
2019-02-13 01:00:00,0.03099456904484832,7.527255919373784,0.004828906295582414,-1549.9
2019-02-13 02:00:00,0.035684726722047255,7.569411792450712,0.00024427045343955456,-1738.9
2019-02-13 03:00:00,-0.00675144704433972,7.601402334583733,-0.004849410667885579,-1823.6
2019-02-13 04:00:00,-0.03723601456888037,7.611347717403621,-0.012187294787691982,-1781.6
2019-02-13 05:00:00,-0.09026315299923571,7.607878073278507,-0.015122286323412837,-1351.0
2019-02-13 06:00:00,-0.06738672031812509,7.594381242551817,-0.01579449946728495,-213.3
2019-02-13 07:00:00,-0.08287535987087047,7.566311014772463,-0.01937906185002447,413.5
2019-02-13 08:00:00,-0.09747352309946233,7.526717561352706,-0.01832426628863537,490.5
2019-02-13 09:00:00,-0.09301282160918722,7.4798641311650265,-0.018945710959672013,562.3
2019-02-13 10:00:00,-0.11554757448015884,7.427144133408616,-0.01276446993445468,579.9
2019-02-13 11:00:00,-0.06905426172702844,7.374629015218945,-0.02829288761314963,532.8
2019-02-13 12:00:00,-0.07896427850439247,7.31455283232408,-0.04196564717129192,425.3
2019-02-13 13:00:00,-0.08063966014488866,7.272398392570047,-0.02905473823961202,382.5
2019-02-13 14:00:00,-0.06678026485996025,7.266827347520591,-0.032770414802181236,332.7
2019-02-13 15:00:00,-0.040408287937235166,7.2682230211595655,-0.0272431948328844,401.4
2019-02-13 16:00:00,-0.04721093278679023,7.27931883541462,-0.025567581164505526,514.5
2019-02-13 17:00:00,-0.046803640390817414,7.2909747781429814,-0.02000135151036808,817.8
2019-02-13 18:00:00,-0.044265014034445826,7.280697195384741,-0.018535278184767634,804.4
2019-02-13 19:00:00,-0.025952294655007258,7.129297548929373,-0.019381809195518684,601.1
2019-02-13 20:00:00,-0.035679148508600544,7.069023426578259,-0.01955881396568593,409.1
2019-02-13 21:00:00,-0.015144355013084088,6.9975959829819265,-0.014955192415829544,185.9
2019-02-13 22:00:00,-0.005476566353738388,6.949856455000773,-0.015208400386594434,-223.1
2019-02-13 23:00:00,0.019778456085982832,6.919683849847411,-0.018782719017012894,-623.1
2019-02-14 00:00:00,-0.011536094242140305,7.022868086082641,-0.016376644182438227,-1111.5
2019-02-14 01:00:00,-0.05693485135939014,6.984716320118266,-0.016524643966857155,-1216.0
2019-02-14 02:00:00,-0.06789883499815108,6.954638864880987,-0.01856190938995006,-1234.9
2019-02-14 03:00:00,-0.04946679667356291,6.930494765951626,-0.02202399981166181,-1205.7
2019-02-14 04:00:00,0.029785320771687385,6.951772164398911,-0.024986855023852783,-1079.6
2019-02-14 05:00:00,-0.0033195395570495556,7.016609683894219,-0.031239231094478015,-702.7
2019-02-14 06:00:00,-0.020631867660450887,7.0825485693553,-0.035000994990454615,145.1
2019-02-14 07:00:00,-0.050761204315457054,7.135687347028144,-0.03601561338310866,847.0
2019-02-14 08:00:00,-0.05964560059393831,7.181591944611865,-0.03986607694842448,1012.2
2019-02-14 09:00:00,-0.035002580535351324,7.227662498728654,-0.04146070408567937,990.4
2019-02-14 10:00:00,-0.0019043098419744275,7.2875606403097235,-0.027659105294954855,906.9
2019-02-14 11:00:00,-0.009131112216329118,7.353081920515432,-0.04125304888890291,844.1
2019-02-14 12:00:00,0.0575418609945233,7.404887575616125,-0.0443466932449752,703.3
2019-02-14 13:00:00,0.0055803815412578395,7.444248649496705,-0.021978068745804435,611.3
2019-02-14 14:00:00,0.012455871030609966,7.470793774195062,-0.046485278476142255,332.6
2019-02-14 15:00:00,-0.05829476844816739,7.492760300922379,-0.0662581067986654,179.2
2019-02-14 16:00:00,-0.024221581799692693,7.508238774678663,-0.04808662750927084,218.8
2019-02-14 17:00:00,-0.04874766196181657,7.512071245835466,-0.04845458802508951,510.9
2019-02-14 18:00:00,-0.06341959691874255,7.503840746698951,-0.050563473646413115,384.9
2019-02-14 19:00:00,-0.05483441159388569,7.3783837129967145,-0.05407596313788687,78.3
2019-02-14 20:00:00,-0.03423615503133037,7.356279876550748,-0.054340108886691496,-247.2
2019-02-14 21:00:00,-0.02499432685516023,7.332369205929062,-0.05128864152054469,-724.4
2019-02-14 22:00:00,-0.026856921813364742,7.313220387090301,-0.055308923915145414,-1262.2
2019-02-14 23:00:00,-0.020580995874405428,7.299797366758161,-0.0600050462434627,-1760.5
2019-02-15 00:00:00,0.01285805018497177,7.365180126021013,-0.08885194177646483,-1995.9
2019-02-15 01:00:00,-0.002521541564419305,7.349873704738337,-0.09155603213227792,-2138.0
2019-02-15 02:00:00,-0.013376622862167231,7.341483852363161,-0.09143599752268194,-2227.6
2019-02-15 03:00:00,-0.06873789200696079,7.341483852363161,-0.09194756236077772,-2167.5
2019-02-15 04:00:00,-0.08145434187671707,7.341483852363161,-0.09232298157324514,-2076.6
2019-02-15 05:00:00,-0.10473206511971789,7.340186835320115,-0.0907891940397203,-1746.9
2019-02-15 06:00:00,-0.10665919295519011,7.334981878871814,-0.08546961517473228,-795.6
2019-02-15 07:00:00,-0.11308731585860166,7.315883504509785,-0.08366327093630055,-92.4
2019-02-15 08:00:00,-0.10542594873514144,7.280697195384741,-0.08654340312039466,66.4
2019-02-15 09:00:00,-0.08814537012186019,7.234177179749849,-0.0868546833158419,68.2
2019-02-15 10:00:00,0.013970856551832611,7.181591944611865,-0.0715441932593901,103.9
2019-02-15 11:00:00,-0.06888803288225898,7.1372784372603855,-0.08449018468550129,107.8
2019-02-15 12:00:00,-0.037883603325171045,7.107425474110705,-0.08059280077163677,4.0
2019-02-15 13:00:00,-0.09496459599360918,7.1276936993473985,-0.07779989545553434,-250.8
2019-02-15 14:00:00,-0.08744631900066979,7.203405521083095,-0.08894413987009919,-577.7
2019-02-15 15:00:00,-0.0749435338209894,7.288244401020124,-0.09281019363617204,-776.3
2019-02-15 16:00:00,-0.06923777878436788,7.370230641807081,-0.08674305076917399,-715.8
2019-02-15 17:00:00,-0.06418403784612847,7.4360278163518485,-0.08068025092081577,-409.1
2019-02-15 18:00:00,-0.05492363783580423,7.48324441607385,-0.08116828667124842,-491.2
2019-02-15 19:00:00,-0.0427857228514088,7.3987862754199485,-0.08104863959949427,-787.8
2019-02-15 20:00:00,-0.04980623655691163,7.416979621381154,-0.08376679423332867,-1242.4
2019-02-15 21:00:00,-0.0478284776996003,7.430707082545968,-0.07638563612974458,-1695.1
2019-02-15 22:00:00,-0.0427320421527253,7.443663683115591,-0.07538589251185712,-1953.8
2019-02-15 23:00:00,-0.14332274386923682,7.459914766241105,-0.08063588438749036,-2216.6
2019-02-16 00:00:00,-0.19142879392963463,7.554858521040676,-0.0720013468084364,-2520.9
2019-02-16 01:00:00,-0.21885827257779988,7.56734567601324,-0.06923575665583037,-2691.7
2019-02-16 02:00:00,-0.22232822951264009,7.578145472419466,-0.0683543352720477,-2798.1
2019-02-16 03:00:00,-0.1644392240875212,7.587310506022615,-0.0674550716368092,-2802.6
2019-02-16 04:00:00,-0.13618688030838833,7.59337419312129,-0.06572618913361694,-2778.5
2019-02-16 05:00:00,-0.12104957890925494,7.594381242551817,-0.06191889069189749,-2595.8
2019-02-16 06:00:00,-0.07051811549901243,7.592870287844818,-0.05381934612957906,-2341.0
2019-02-16 07:00:00,-0.060931625405147294,7.584773077612199,-0.053800207004844225,-2197.4
2019-02-16 08:00:00,-0.051610071134044144,7.566311014772463,-0.05245249647068384,-1771.6
2019-02-16 09:00:00,-0.08034272883844906,7.53689712956617,-0.05508430419235033,-1403.4
2019-02-16 10:00:00,-0.023636523315637703,7.499423290592229,-0.05197405206568284,-1279.1
2019-02-16 11:00:00,-0.04615734315604669,7.459914766241105,-0.06715283036994002,-1298.2
2019-02-16 12:00:00,-0.01530915343302075,7.405495663199472,-0.07501646186550204,-1254.5
2019-02-16 13:00:00,-0.09475358149577229,7.3727463664043285,-0.06690969162175264,-1276.1
2019-02-16 14:00:00,-0.10754659146333534,7.3783837129967145,-0.06887801992913012,-1387.7
2019-02-16 15:00:00,-0.1253617477411746,7.393263094763838,-0.09088707757936199,-1478.5
2019-02-16 16:00:00,-0.06024437519477299,7.3938782901077555,-0.06187503848641107,-1295.1
2019-02-16 17:00:00,-0.03719747411043928,7.363913501405819,-0.06350046779323293,-858.1
2019-02-16 18:00:00,-0.04008418723669305,7.311886164077165,-0.0686365989765445,-773.8
2019-02-16 19:00:00,-0.046543461127240615,7.149916836132109,-0.07496522847860909,-855.0
2019-02-16 20:00:00,-0.04785038649827955,7.062191632286556,-0.07663187395468185,-1077.1
2019-02-16 21:00:00,-0.04789673125274163,6.968850378341948,-0.0743837977050017,-1272.3
2019-02-16 22:00:00,-0.0813542208336191,6.876264611890766,-0.07289580736962975,-1386.4
2019-02-16 23:00:00,-0.07182324722694666,6.78897174299217,-0.07676776219887316,-1778.3
2019-02-17 00:00:00,-0.1348077849078413,6.733401891837359,-0.04413235548808281,-1476.6
2019-02-17 01:00:00,-0.10283462996266746,6.666956792429207,-0.03968710778183393,-1522.8
2019-02-17 02:00:00,-0.011513338551425445,6.5998704992128365,-0.041909936982612805,-1611.3
2019-02-17 03:00:00,0.006649826397019609,6.543911845564792,-0.03412935027313502,-1541.2
2019-02-17 04:00:00,0.025876595507851263,6.473890696352274,-0.039082468593013786,-1423.1
2019-02-17 05:00:00,0.08574046802590685,6.3818160174060985,-0.0377397077790107,-1252.8
2019-02-17 06:00:00,0.11686657431924585,6.285998094508865,-0.033806258664942135,-1007.6
2019-02-17 07:00:00,0.11741698784819699,6.152732694704104,-0.0311457627958589,-856.6
2019-02-17 08:00:00,0.062353167739106485,5.934894195619588,-0.027960452401218916,-485.0
2019-02-17 09:00:00,0.04366824320863838,5.680172609017068,-0.024249356424457247,-92.3
2019-02-17 10:00:00,0.02994981491344806,5.4638318050256105,-0.02158194117998491,77.8
2019-02-17 11:00:00,0.06511338799346511,5.267858159063328,-0.022607668922425717,147.7
2019-02-17 12:00:00,0.10519273710855037,5.147494476813453,-0.020596003250348716,134.5
2019-02-17 13:00:00,0.09150465780775185,5.043425116919247,-0.016791568186972583,31.7
2019-02-17 14:00:00,0.10642950260961648,4.976733742420574,-0.01570562529337316,-0.7
2019-02-17 15:00:00,0.1296061683353531,5.0369526024136295,-0.02699374870171667,44.6
2019-02-17 16:00:00,0.11523231315551774,5.214935757608986,-0.01989858017863,310.8
2019-02-17 17:00:00,0.04737886389169832,5.4680601411351315,-0.02443828861021835,643.9
2019-02-17 18:00:00,0.018989310756896582,5.720311776607412,-0.02373561290051107,693.9
2019-02-17 19:00:00,0.019400202703187652,5.8522024797744745,-0.03428598689267659,467.9
2019-02-17 20:00:00,-0.007991314941356631,6.063785208687608,-0.0351600332918558,160.4
2019-02-17 21:00:00,-0.029319234061876642,6.255750041753367,-0.03709717517862465,-223.4
2019-02-17 22:00:00,-0.022166159534983354,6.415096959171596,-0.03689417331618827,-623.1
2019-02-17 23:00:00,0.015266272837156869,6.54534966033442,-0.035477184967987796,-1096.5
2019-02-18 00:00:00,0.0069505942605645465,6.738152494595957,-0.047077021316594525,-1273.0
2019-02-18 01:00:00,0.04489805801763058,6.8308742346461795,-0.04902478788217657,-1479.3
2019-02-18 02:00:00,0.05585386856450558,6.90975328164481,-0.050244054424565476,-1611.5
2019-02-18 03:00:00,0.018506902331279385,6.97914527506881,-0.05449365909668735,-1635.2
2019-02-18 04:00:00,-0.05599567753774437,7.035268599281097,-0.05798972264723545,-1534.9
2019-02-18 05:00:00,-0.0620915136242961,7.084226422097916,-0.05963592664899586,-1221.3
2019-02-18 06:00:00,-0.08700720676395557,7.1276936993473985,-0.06352955033398011,-517.9
2019-02-18 07:00:00,-0.1036012898545291,7.145196134997171,-0.06915247997443785,279.1
2019-02-18 08:00:00,-0.1022623739074624,7.140453043101158,-0.0721870537688627,458.0
2019-02-18 09:00:00,-0.0869491946649168,7.1372784372603855,-0.07386815814547454,427.2
2019-02-18 10:00:00,-0.15613739049691544,7.144407180321139,-0.08288907293265346,358.0
2019-02-18 11:00:00,-0.08323098705919474,7.161622002939187,-0.07675050631054248,304.5
2019-02-18 12:00:00,-0.04199691670003114,7.171656822768514,-0.09508092499595655,241.3
2019-02-18 13:00:00,-0.09961009258853126,7.177782416195197,-0.06815816464844993,139.8
2019-02-18 14:00:00,-0.09612657242314127,7.192182058713246,-0.0788910145720152,46.5
2019-02-18 15:00:00,-0.07083781379403264,7.215239978730097,-0.091466068052803,-42.6
2019-02-18 16:00:00,-0.09703720857709985,7.241366283322318,-0.08663726798088156,-4.2
2019-02-18 17:00:00,-0.1075990925889041,7.268920128193722,-0.08534800791300512,373.3
2019-02-18 18:00:00,-0.11375875731236595,7.2909747781429814,-0.08224674387337672,267.6
2019-02-18 19:00:00,-0.08671287031385422,7.16703787691222,-0.08197182444954443,32.1
2019-02-18 20:00:00,-0.08133678245406051,7.172424577124845,-0.07954633549603152,-350.7
2019-02-18 21:00:00,-0.06755285667026012,7.173958319756794,-0.08131566125483936,-835.7
2019-02-18 22:00:00,-0.08951073261664799,7.1785454837637,-0.08555123811224874,-1187.5
2019-02-18 23:00:00,-0.13911261728950963,7.186901020411631,-0.09120717185512817,-1689.9
2019-02-19 00:00:00,-0.1749016314237024,7.311886164077165,-0.07953735709403809,-1934.2
2019-02-19 01:00:00,-0.18529447467730709,7.30854279753919,-0.0815947063699145,-2127.6
2019-02-19 02:00:00,-0.1892236117859376,7.305188215393037,-0.08016965920339025,-2208.7
2019-02-19 03:00:00,-0.15909580763764009,7.301822342137932,-0.07934883350692701,-2168.4
2019-02-19 04:00:00,-0.15712039990302218,7.305188215393037,-0.08238853771814014,-2019.5
2019-02-19 05:00:00,-0.1313872676776069,7.322510433997394,-0.08027040833773569,-1796.6
2019-02-19 06:00:00,-0.12471410904062763,7.344719054149673,-0.07689057904231866,-865.0
2019-02-19 07:00:00,-0.12614674666396386,7.362645270417825,-0.07384253011750985,-207.7
2019-02-19 08:00:00,-0.12603096572878147,7.377133712833954,-0.07519036958415981,-43.9
2019-02-19 09:00:00,-0.125098947617575,7.395107546562485,-0.07253433846884327,-79.8
2019-02-19 10:00:00,-0.1836098279514884,7.409136443920128,-0.07994878520905147,-103.5
2019-02-19 11:00:00,-0.12698981054980152,7.414572881350589,-0.07380682259887195,-179.1
2019-02-19 12:00:00,-0.10375561471309647,7.4127640174265625,-0.060150858320968226,-327.8
2019-02-19 13:00:00,-0.12274216036250207,7.404887575616125,-0.06756571065844064,-435.6
2019-02-19 14:00:00,-0.12467956633912092,7.3938782901077555,-0.06977317347631207,-503.2
2019-02-19 15:00:00,-0.13385440627449174,7.382124365737512,-0.07171755027941984,-403.0
2019-02-19 16:00:00,-0.14104275436689662,7.3864708488298945,-0.07114737861569331,-210.3
2019-02-19 17:00:00,-0.10779365056429135,7.404887575616125,-0.06673458942541544,71.5
2019-02-19 18:00:00,-0.10704412749590153,7.415776975415394,-0.06148433464209724,70.2
2019-02-19 19:00:00,-0.10969325092719817,7.31986492980897,-0.06216380799027377,-164.8
2019-02-19 20:00:00,-0.08735230437753039,7.300472814267799,-0.06150059750662962,-523.4
2019-02-19 21:00:00,-0.11248753254311605,7.280008252884188,-0.06405045624051908,-759.8
2019-02-19 22:00:00,-0.11018326678257928,7.267525427828172,-0.06571469973972377,-1259.1
2019-02-19 23:00:00,-0.09822516562293115,7.252053951852814,-0.06746958436415085,-1491.4
2019-02-20 00:00:00,-0.09327348741635388,7.362645270417825,-0.06859951763369132,-1795.1
2019-02-20 01:00:00,-0.1471577603732288,7.346010209913293,-0.06631738180383273,-1885.4
2019-02-20 02:00:00,-0.1597023425671087,7.340186835320115,-0.060546572794070386,-1940.2
2019-02-20 03:00:00,-0.13129361269441153,7.336936913707618,-0.0545126310903985,-1901.3
2019-02-20 04:00:00,-0.17242991796701634,7.3277805384216315,-0.053601677335493036,-1726.5
2019-02-20 05:00:00,-0.13417955836381434,7.311218384419629,-0.04491540685915041,-1335.3
2019-02-20 06:00:00,-0.1216236282744636,7.277938572945661,-0.03426006664626868,-428.8
2019-02-20 07:00:00,-0.14302928269061788,7.201170883281678,-0.029092954267909477,469.7
2019-02-20 08:00:00,-0.15201127590690122,7.077498053569231,-0.02290127117836782,766.3
2019-02-20 09:00:00,-0.12981094867110166,6.945051063725834,-0.02399397706322759,806.9
2019-02-20 10:00:00,-0.14867107022868797,6.821107472256465,-0.01889533025949497,683.8
2019-02-20 11:00:00,-0.12095685126922273,6.709304340258298,-0.028748295590659723,577.4
2019-02-20 12:00:00,-0.13238151600137815,6.595780513961311,-0.04127304642791785,507.2
2019-02-20 13:00:00,-0.12902903790103126,6.46302945692067,-0.023518877546413464,433.3
2019-02-20 14:00:00,-0.1041883669261301,6.3080984415095305,-0.028233840733161486,477.3
2019-02-20 15:00:00,-0.08205826290035345,6.129050210060545,-0.019722905097601995,768.0
2019-02-20 16:00:00,-0.097317752840969,6.0014148779611505,-0.017503021327774704,1075.8
2019-02-20 17:00:00,-0.09228516311855284,5.937536205082426,-0.0022027631731109665,1765.7
2019-02-20 18:00:00,-0.09309608720181739,5.918893854273146,0.012524685714948802,1913.9
2019-02-20 19:00:00,-0.08818704646693876,5.765191102784844,0.017557442141885815,1748.2
2019-02-20 20:00:00,-0.08946600249590153,5.799092654460526,0.021213674378664393,1406.4
2019-02-20 21:00:00,-0.06732241448517806,5.8998973535824915,0.029694018836618596,921.3
2019-02-20 22:00:00,-0.06600602193508154,6.003887067106539,0.03236759394525812,327.4
2019-02-20 23:00:00,-0.014739896311457112,6.082218910376446,0.032032013780783686,-131.3
2019-02-21 00:00:00,-0.016578727091038914,6.163314804034641,0.007208913303818676,-345.4
2019-02-21 01:00:00,-0.04037286112365779,6.261491684321042,0.009366769965884814,-503.6
2019-02-21 02:00:00,-0.04851453023473962,6.3473892096560105,0.012554477806503428,-622.5
2019-02-21 03:00:00,-0.04137157277693859,6.440946540632921,0.013402438400074601,-676.6
2019-02-21 04:00:00,-0.012006135773115822,6.52649485957079,0.015646967814149093,-591.0
2019-02-21 05:00:00,-0.03784909316063567,6.593044534142437,0.016544698712463557,-315.4
2019-02-21 06:00:00,-0.05636184164662783,6.655440350367647,0.015562953124213408,641.0
2019-02-21 07:00:00,-0.083889637147609,6.677083461247136,0.013361457676360544,1537.7
2019-02-21 08:00:00,-0.09037785272314247,6.666956792429207,0.013288319064493237,1651.5
2019-02-21 09:00:00,-0.0754208077254308,6.670766320845874,0.01528525181806728,1530.0
2019-02-21 10:00:00,-0.05606563768801642,6.663132695990803,0.03385172874590836,1476.5
2019-02-21 11:00:00,-0.05301140678859717,6.646390514847729,0.026029490221235463,1386.5
2019-02-21 12:00:00,0.03902699478202942,6.630683385642372,0.028057815535936115,1271.9
2019-02-21 13:00:00,-0.012955411350532131,6.6052979209482015,0.05858545472083598,1202.6
2019-02-21 14:00:00,-0.015139822857157537,6.57507584059962,0.03745258000500229,1193.4
2019-02-21 15:00:00,-0.0979939609163476,6.559615237493242,0.018884955650214863,1291.0
2019-02-21 16:00:00,-0.05344302423306191,6.555356891810665,0.029680835722537324,1398.3
2019-02-21 17:00:00,-0.06267397166001087,6.5722825426940075,0.026329428206283367,1804.4
2019-02-21 18:00:00,0.06116618606039337,6.598509028614515,0.02677115169484523,1735.9
2019-02-21 19:00:00,-0.050074558383943035,6.48768401848461,0.026586851057306404,1460.3
2019-02-21 20:00:00,-0.019888706623188757,6.478509642208569,0.028490473346035827,1034.4
2019-02-21 21:00:00,-0.008872168427663585,6.464588303689961,0.0345387454265893,584.5
2019-02-21 22:00:00,-0.02321393053486398,6.405228458030842,0.03696057520320295,67.4
2019-02-21 23:00:00,-0.022219381261379567,6.304448802421981,0.03895921801650459,-137.3
2019-02-22 00:00:00,0.002263483753575546,6.16541785423142,0.06324250909976215,129.4
2019-02-22 01:00:00,-0.0020359868085817467,6.049733455231958,0.0687436097967602,101.3
2019-02-22 02:00:00,-0.00179586019642608,5.961005339623274,0.07579800797580205,113.4
2019-02-22 03:00:00,-0.04453209384207213,5.8805329864007,0.08033794057044119,243.0
2019-02-22 04:00:00,-0.07708434220559912,5.855071922202427,0.08286807839052379,437.8
2019-02-22 05:00:00,-0.11949588576667924,5.8998973535824915,0.08263076688869475,794.9
2019-02-22 06:00:00,-0.08732310880290672,5.983936280687191,0.07771522983812318,1612.6
2019-02-22 07:00:00,0.07444495835682385,6.030685260261263,0.07056871300905598,2454.1
2019-02-22 08:00:00,0.12681842378966746,5.993961427306569,0.06734292560108379,2529.8
2019-02-22 09:00:00,0.10306128142300608,6.0063531596017325,0.06287893626742047,2290.5
2019-02-22 10:00:00,0.1771201591861553,6.07073772800249,0.06938719981862818,2072.8
2019-02-22 11:00:00,-0.049581985566532705,6.142037405587356,0.05372376146324065,1770.0
2019-02-22 12:00:00,-0.03925660125253039,6.206575926724928,0.057913648657688555,1541.8
2019-02-22 13:00:00,-0.0988929661523903,6.306275286948016,0.0638554690543014,1295.1
2019-02-22 14:00:00,-0.07853299293424376,6.4425401664681985,0.05334272657513317,955.9
2019-02-22 15:00:00,-0.0796834140413476,6.555356891810665,0.04485122397932173,841.8
2019-02-22 16:00:00,-0.06436080170486358,6.670766320845874,0.04382960007679593,878.9
2019-02-22 17:00:00,-0.059784558686643674,6.795705775173514,0.04713657374910163,1181.3
2019-02-22 18:00:00,-0.050964978608518674,6.92951677076365,0.04912841236616572,1075.6
2019-02-22 19:00:00,-0.0427857228514088,6.870053411798126,0.050404005068124036,643.8
2019-02-22 20:00:00,-0.08071882961893762,6.954638864880987,0.04996504159405646,51.5
2019-02-22 21:00:00,-0.07897488953812459,7.036148493750536,0.05530908059339801,-446.3
2019-02-22 22:00:00,-0.07079093224153166,7.109062135687172,0.05706355810375463,-909.2
2019-02-22 23:00:00,-0.15137107705206532,7.174724309836376,0.05278121889438836,-1314.2
2019-02-23 00:00:00,-0.2333857907786836,7.4133673356952405,0.05254549339327852,-1860.9
2019-02-23 01:00:00,-0.23568363557357674,7.434847875211999,0.056138713433366405,-2045.9
2019-02-23 02:00:00,-0.22066295019357884,7.440146680662688,0.05582824906215933,-2146.8
2019-02-23 03:00:00,-0.1721847676517161,7.436617265234227,0.05321181114505258,-2177.4
2019-02-23 04:00:00,-0.16142043874546985,7.415175109613295,0.051490274269649916,-2120.6
2019-02-23 05:00:00,-0.10623035063062325,7.368339686311381,0.05082518110430989,-1918.7
2019-02-23 06:00:00,-0.08627060715032098,7.316548177182976,0.05201418025025539,-1634.6
2019-02-23 07:00:00,-0.05525329882823016,7.239214973779806,0.04544479750102148,-1510.5
2019-02-23 08:00:00,-0.03633889810264135,7.112327444710911,0.04380128413303375,-993.1
2019-02-23 09:00:00,-0.06362114692702514,6.967909201801884,0.040966707847362116,-486.2
2019-02-23 10:00:00,-0.03887076788748578,6.863803391452954,0.04666795709343141,-196.2
2019-02-23 11:00:00,-0.07040243915362154,6.812345094177479,0.04209974686717288,-177.7
2019-02-23 12:00:00,0.008715266655587417,6.778784897685177,0.0392889535852774,-289.2
2019-02-23 13:00:00,-0.08169488869123098,6.78332520060396,0.041543836392996525,-539.5
2019-02-23 14:00:00,-0.09900506159831135,6.841615476477592,0.03585783288434108,-708.1
2019-02-23 15:00:00,-0.13245577293128186,6.921658184151129,0.003198593052978538,-871.2
2019-02-23 16:00:00,-0.07912864618939741,7.007600613951853,0.019299181211566818,-715.9
2019-02-23 17:00:00,-0.05425644011841779,7.089243155027514,0.014995971379088147,-458.3
2019-02-23 18:00:00,-0.05480047949511402,7.160069207596127,0.014546228110983606,-352.3
2019-02-23 19:00:00,-0.06773908400381679,7.079184394609668,0.008065724228766058,-547.5
2019-02-23 20:00:00,-0.06877861763015014,7.090076835776092,0.002784088783519323,-951.2
2019-02-23 21:00:00,-0.05579605645591723,7.0925737159746784,0.0018717986510221607,-1369.1
2019-02-23 22:00:00,-0.04385139884891487,7.1049654482698426,0.001739174018950962,-1735.6
2019-02-23 23:00:00,-0.0988895257453537,7.1276936993473985,-0.004502239106763284,-1986.2
2019-02-24 00:00:00,-0.10638001916501594,7.329749689041512,-0.02645279128790534,-2352.1
2019-02-24 01:00:00,-0.06140368383524564,7.350516171833998,-0.029437044188114214,-2575.5
2019-02-24 02:00:00,-0.018790018011751286,7.372118028337787,-0.03567609567400076,-2710.0
2019-02-24 03:00:00,0.004994196879758217,7.3901814282264295,-0.03285789428493935,-2765.5
2019-02-24 04:00:00,0.028088374125851967,7.4067107301776405,-0.03961087019051135,-2778.1
2019-02-24 05:00:00,0.09387279801690562,7.421177528595393,-0.0390954987777441,-2745.5
2019-02-24 06:00:00,0.10503847943228095,7.427144133408616,-0.03777593154544334,-2537.2
2019-02-24 07:00:00,0.0502161370800982,7.404279118037268,-0.03550306816481452,-2291.5
2019-02-24 08:00:00,0.0011120740766625836,7.346010209913293,-0.03197575416309917,-1945.0
2019-02-24 09:00:00,-0.02151407667770444,7.275864600546533,-0.03253288285110045,-1548.2
2019-02-24 10:00:00,-0.07967840848270846,7.189922170745808,-0.03555683389838471,-1271.1
2019-02-24 11:00:00,-0.06624287277126806,7.088408778675395,-0.044882705229671416,-1166.9
2019-02-24 12:00:00,-0.03201519113134177,6.9584483932976555,-0.05879069113162316,-1142.1
2019-02-24 13:00:00,-0.08966203109020654,6.872128101338986,-0.06790627520017622,-1145.0
2019-02-24 14:00:00,-0.09136001369276325,6.883462586413092,-0.07129600764148414,-1283.4
2019-02-24 15:00:00,-0.052204010283305013,6.913737350659685,-0.08398371843838959,-1302.5
2019-02-24 16:00:00,-0.025444542366718448,6.967909201801884,-0.07291009594109177,-1197.2
2019-02-24 17:00:00,-0.047028639746931056,7.014814351275545,-0.05478474337486361,-855.1
2019-02-24 18:00:00,-0.08733158912840766,7.039660349862076,-0.03473882629155689,-465.7
2019-02-24 19:00:00,-0.09095869345786856,6.892641641172089,-0.04099629558149154,-563.9
2019-02-24 20:00:00,-0.11128174262055301,6.870053411798126,-0.045628615291480656,-886.8
2019-02-24 21:00:00,-0.103817935285484,6.84587987526405,-0.05010548869162612,-1298.8
2019-02-24 22:00:00,-0.1049703866313405,6.841615476477592,-0.05271264191848779,-1592.1
2019-02-24 23:00:00,-0.06601922239092373,6.840546529288687,-0.053071787313720975,-1876.6
2019-02-25 00:00:00,-0.0780366271226276,6.895682697747868,-0.08640300316832672,-2159.0
2019-02-25 01:00:00,-0.02588304663732588,6.874198495453294,-0.08553320933411435,-2210.1
2019-02-25 02:00:00,-0.015480945960633541,6.846943139585379,-0.0834020600630847,-2171.0
2019-02-25 03:00:00,-0.04025427353343991,6.812345094177479,-0.08108958451430581,-2071.9
2019-02-25 04:00:00,-0.1711252915021726,6.752270376141742,-0.07215123484850139,-1862.3
2019-02-25 05:00:00,-0.1478959400980404,6.665683717782408,-0.05944422723309195,-1449.6
2019-02-25 06:00:00,-0.14862089399428013,6.5638555265321274,-0.042436745889000704,-402.6
2019-02-25 07:00:00,-0.15937493465971198,6.42648845745769,-0.037627322497973736,455.6
2019-02-25 08:00:00,-0.1510739975346147,6.263398262591624,-0.03883003893617598,702.6
2019-02-25 09:00:00,-0.13514864378347413,6.131226489483141,-0.04271637905486436,698.0
2019-02-25 10:00:00,-0.20719256129719987,6.0844994130751715,-0.05567438116858803,630.8
2019-02-25 11:00:00,-0.15779968255670296,6.129050210060545,-0.05441164662639508,605.9
2019-02-25 12:00:00,-0.11431191578153266,6.171700597410915,-0.08359398425800002,365.5
2019-02-25 13:00:00,-0.17394551839955108,6.198478716492308,-0.06569288276875263,242.1
2019-02-25 14:00:00,-0.18334098273123578,6.2285110035911835,-0.07623827323358867,90.0
2019-02-25 15:00:00,-0.15269336015450063,6.278521424165844,-0.08483749129250917,17.3
2019-02-25 16:00:00,-0.1607215794336403,6.432940092739179,-0.08229851122570331,-56.9
2019-02-25 17:00:00,-0.15835791038119762,6.633318433280377,-0.07054220692030455,335.1
2019-02-25 18:00:00,-0.1620623429303114,6.785587645007929,-0.05958200468579733,252.7
2019-02-25 19:00:00,-0.1357456217883386,6.68586094706836,-0.05700915896238712,23.2
2019-02-25 20:00:00,-0.14945312493951546,6.687108607866515,-0.059082951430315944,-187.3
2019-02-25 21:00:00,-0.13674064093436078,6.682108597449809,-0.07066021327388405,-597.9
2019-02-25 22:00:00,-0.13430698867780855,6.675823221634848,-0.08323502824735662,-1049.4
2019-02-25 23:00:00,-0.13351748570421407,6.664409020350408,-0.09751509736397779,-1383.9
2019-02-26 00:00:00,-0.14730048046501,7.087573705557973,-0.09746724677578023,-2053.8
2019-02-26 01:00:00,-0.14193548091046315,7.069023426578259,-0.10046417423457932,-2168.4
2019-02-26 02:00:00,-0.14991603275351872,7.034387929915503,-0.09703841270115277,-2195.7
2019-02-26 03:00:00,-0.1624347089031546,7.00397413672268,-0.09448719224010738,-2055.4
2019-02-26 04:00:00,-0.14689426127273597,6.9865664594064265,-0.09386407348500114,-1918.5
2019-02-26 05:00:00,-0.15861968235195656,6.98100574072173,-0.08773783381498568,-1627.5
2019-02-26 06:00:00,-0.15550001444665895,6.9650803456014065,-0.07905236811543936,-599.9
2019-02-26 07:00:00,-0.1729795457614176,6.8966943316227125,-0.07535460712360553,348.7
2019-02-26 08:00:00,-0.15560510551125795,6.725033642166843,-0.07850319798074423,597.3
2019-02-26 09:00:00,-0.12577760390422643,6.520621127558696,-0.08598834867638061,517.7
2019-02-26 10:00:00,-0.17446690711881407,6.298949246855942,-0.10376326542315617,422.4
2019-02-26 11:00:00,-0.1412207750837986,6.054439346269371,-0.11065288093993253,372.1
2019-02-26 12:00:00,-0.12160065270559262,5.777652323222656,-0.10725532750844202,151.6
2019-02-26 13:00:00,-0.14084539367713544,5.4638318050256105,-0.11956146562611458,-13.6
2019-02-26 14:00:00,-0.14511480475872274,5.1298987149230735,-0.12589113290681198,-68.2
2019-02-26 15:00:00,-0.14695400879982,4.882801922586371,-0.1285677828678331,47.9
2019-02-26 16:00:00,-0.1445065610860845,4.955827057601261,-0.12793500481288334,240.5
2019-02-26 17:00:00,-0.13305435321778303,5.37989735354046,-0.10921324201766858,727.6
2019-02-26 18:00:00,-0.13130407737338512,5.857933154483459,-0.08769559148734096,890.8
2019-02-26 19:00:00,-0.12177867906219886,6.052089168924417,-0.08310322994784869,625.0
2019-02-26 20:00:00,-0.11004897110512957,6.22455842927536,-0.08201118019530362,92.4
2019-02-26 21:00:00,-0.10340090856870932,6.369900982828227,-0.08739782023751097,-515.4
2019-02-26 22:00:00,-0.08141144085749419,6.467698726104354,-0.09582608568703321,-975.7
2019-02-26 23:00:00,0.018031223529415552,6.522092798170152,-0.10494469553069763,-1557.9
2019-02-27 00:00:00,0.024762041613420216,7.007600613951853,-0.11790563672804666,-2066.4
2019-02-27 01:00:00,-0.025109076204546277,6.988413181999592,-0.11799778699740493,-2124.8
2019-02-27 02:00:00,-0.026095080286618888,6.957497370876951,-0.11424379120101236,-2108.2
2019-02-27 03:00:00,-0.06508079517155752,6.926577033222725,-0.11079293946002089,-1992.2
2019-02-27 04:00:00,-0.08995831807987775,6.914730892718563,-0.11301909130124876,-1851.6
2019-02-27 05:00:00,-0.14558883372187248,6.92461239604856,-0.11055814727483337,-1527.2
2019-02-27 06:00:00,-0.1374085428336076,6.939253946041508,-0.11111273927024001,-484.1
2019-02-27 07:00:00,-0.16504769636262173,6.92461239604856,-0.11587227310545423,460.4
2019-02-27 08:00:00,-0.18077432069255694,6.840546529288687,-0.11612705437020132,624.1
2019-02-27 09:00:00,-0.15714294668139983,6.754604099487962,-0.12115164986898286,531.2
2019-02-27 10:00:00,-0.1920828119053617,6.71295620067707,-0.1182409401051121,384.6
2019-02-27 11:00:00,-0.1956901274105256,6.727431724850855,-0.1310598486493344,380.7
2019-02-27 12:00:00,-0.22126520209441258,6.755768921984255,-0.14391056733021657,206.5
2019-02-27 13:00:00,-0.22616029719793218,6.80903930604298,-0.1299944951700791,-45.6
2019-02-27 14:00:00,-0.20408303046674003,6.885509670034818,-0.14069510151878895,-298.7
2019-02-27 15:00:00,-0.17509980891657406,6.967909201801884,-0.13867484795896878,-440.3
2019-02-27 16:00:00,-0.1642893295414405,7.064759027791802,-0.14786771671910692,-659.9
2019-02-27 17:00:00,-0.16093956785663055,7.142036574706803,-0.14366545976691114,-244.3
2019-02-27 18:00:00,-0.16291772617485423,7.2078598714324755,-0.13220950700880074,-264.2
2019-02-27 19:00:00,-0.1578375963728611,7.090076835776092,-0.1271808125355509,-442.9
2019-02-27 20:00:00,-0.17708281632669287,7.062191632286556,-0.12459278778458582,-613.7
2019-02-27 21:00:00,-0.14959942146170624,7.022868086082641,-0.11779568153977849,-995.3
2019-02-27 22:00:00,-0.1493474391596492,6.9726062513017535,-0.11336353232315055,-1363.8
2019-02-27 23:00:00,-0.16640198090995018,6.92461239604856,-0.1111354609899795,-1646.7
2019-02-28 00:00:00,-0.21540551294348376,7.071573364211532,-0.12048572025870286,-2077.3
2019-02-28 01:00:00,-0.33403831276385176,7.104144092987527,-0.11643555485711765,-2159.0
2019-02-28 02:00:00,-0.3585128467230163,7.177782416195197,-0.1118610814100105,-2223.3
2019-02-28 03:00:00,-0.4107264779677742,7.257002707092073,-0.1101670787186535,-2307.7
2019-02-28 04:00:00,-0.20006672879467446,7.326465613840322,-0.10666284355237288,-2332.8
2019-02-28 05:00:00,-0.16495300449154238,7.3864708488298945,-0.10457050418002822,-2041.1
2019-02-28 06:00:00,-0.1224379201802206,7.430707082545968,-0.10437860138500632,-1106.3
2019-02-28 07:00:00,-0.13688811894282793,7.438383530044307,-0.10734128808335797,-432.1
2019-02-28 08:00:00,-0.13855052227603126,7.394493107219038,-0.11066911029493909,-265.1
2019-02-28 09:00:00,-0.14069091130838984,7.363913501405819,-0.11677021718333513,-354.1
2019-02-28 10:00:00,-0.10813564942482001,7.362010551259734,-0.10659379380745015,-527.4
2019-02-28 11:00:00,-0.1149253732724107,7.3901814282264295,-0.12009250375361447,-628.1
2019-02-28 12:00:00,-0.019633968307602778,7.403670290012373,-0.12359283264901677,-853.9
2019-02-28 13:00:00,-0.06878604419994616,7.373374309910049,-0.09578577280075429,-884.8
2019-02-28 14:00:00,-0.07007942939772827,7.293697720601438,-0.11512213298536267,-774.6
2019-02-28 15:00:00,-0.15621762119524396,7.177782416195197,-0.12955569408136292,-489.2
2019-02-28 16:00:00,-0.10941759800031647,7.047517221357296,-0.11431105744161663,-229.9
2019-02-28 17:00:00,-0.11039674452922643,6.9440872082295275,-0.10839703439103587,272.5
2019-02-28 18:00:00,-0.10301580718340153,6.856461984594587,-0.09271111971449919,527.7
2019-02-28 19:00:00,-0.08633828361150009,6.650279048587422,-0.0836324166778919,517.9
2019-02-28 20:00:00,-0.06127700946778303,6.55250788703459,-0.07678718883811086,348.0
2019-02-28 21:00:00,-0.05152836294523988,6.432940092739179,-0.06697086873263203,22.4
2019-02-28 22:00:00,-0.05554931117780004,6.304448802421981,-0.06048111456619054,-335.2
2019-02-28 23:00:00,-0.05193748408002241,6.161207321695077,-0.055318060763339005,-638.5
2019-03-01 00:00:00,0.19593508589815123,5.726847747587197,0.002264211623490553,-800.4
2019-03-01 01:00:00,0.2188484716966368,5.560681631015528,0.004311604117631873,-774.9
2019-03-01 02:00:00,0.21617523310734832,5.4680601411351315,0.003936678309298003,-759.2
2019-03-01 03:00:00,0.1789645378004847,5.438079308923196,0.006710782287131067,-713.5
2019-03-01 04:00:00,0.0861200956768493,5.44673737166631,0.009698046379794434,-542.2
2019-03-01 05:00:00,0.008571284966509385,5.4510384535657,0.013618338383531992,-62.2
2019-03-01 06:00:00,0.03098891725461339,5.4510384535657,0.026144156985679956,1025.1
2019-03-01 07:00:00,0.02055877727156652,5.351858133476067,0.0297987010495806,1804.7
2019-03-01 08:00:00,0.0945775020270414,5.123963979403259,0.02939487178626443,1960.6
2019-03-01 09:00:00,0.12704952239392187,4.90527477843843,0.03280076594740322,1750.1
2019-03-01 10:00:00,0.2867194300313143,4.812184355372417,0.0526685185985869,1540.0
2019-03-01 11:00:00,0.10677244577506828,4.852030263919617,0.031157502696416373,1299.9
2019-03-01 12:00:00,0.13693741273222004,4.919980925828125,0.03308856635359447,1117.9
2019-03-01 13:00:00,0.117252841120139,4.969813299576001,0.036799878524238494,843.1
2019-03-01 14:00:00,0.12807022047607042,4.962844630259907,0.029546012056774984,731.9
2019-03-01 15:00:00,0.14840046745596736,5.017279836814924,0.028863375121003898,652.3
2019-03-01 16:00:00,0.13760332432525413,5.187385805840755,0.04240180192704024,745.7
2019-03-01 17:00:00,0.10494482494316193,5.5093883366279774,0.0596866245925014,1175.6
2019-03-01 18:00:00,0.08714682110761096,5.831882477283517,0.05620312324882448,1372.2
2019-03-01 19:00:00,0.08435589285092515,5.7745515455444085,0.05252179450532424,1121.6
2019-03-01 20:00:00,0.10025628200557568,5.808142489980444,0.0410649318037315,726.5
2019-03-01 21:00:00,0.11615999262049748,5.855071922202427,0.046330239219805947,254.1
2019-03-01 22:00:00,0.12007200547077357,5.953243334287785,0.04877996407573271,-96.8
2019-03-01 23:00:00,0.11983160557030104,6.104793232414985,0.0506289613341373,-551.5
2019-03-02 00:00:00,0.10474163114400348,6.583409222158765,0.049608664459810825,-1137.8
2019-03-02 01:00:00,0.1386923464292562,6.734591659972948,0.05123259269899272,-1384.2
2019-03-02 02:00:00,0.13107850359844342,6.870053411798126,0.04956653165263525,-1564.0
2019-03-02 03:00:00,0.1322852682673079,6.984716320118266,0.051275742142408376,-1581.7
2019-03-02 04:00:00,0.09234914412585171,7.076653815443951,0.05207570445216092,-1716.8
2019-03-02 05:00:00,0.11728261510604465,7.150701457592526,0.054817673205203477,-1727.2
2019-03-02 06:00:00,0.10367057380733513,7.21081845347222,0.0694302561373199,-1568.8
2019-03-02 07:00:00,0.07356890071194266,7.234898420314831,0.06990652798909025,-1370.1
2019-03-02 08:00:00,0.08086025497723703,7.234177179749849,0.0682997139910082,-960.6
2019-03-02 09:00:00,0.06896359731548385,7.22402480828583,0.06651721915065423,-710.2
2019-03-02 10:00:00,0.17198577073320553,7.2305631534092925,0.07459349714328312,-750.8
2019-03-02 11:00:00,0.1038467567752992,7.246368080102461,0.056106453786663124,-863.4
2019-03-02 12:00:00,0.1769680541316676,7.24422751560335,0.045138175071787856,-1074.9
2019-03-02 13:00:00,0.09841259590918261,7.217443431696533,0.049935385791593845,-1198.0
2019-03-02 14:00:00,0.08670437305241663,7.1693500166706,0.05040230685355773,-1186.0
2019-03-02 15:00:00,0.06172110001639464,7.1204443723924875,0.027693649345387428,-1123.7
2019-03-02 16:00:00,0.09890271362909209,7.068172000388042,0.062002302678248356,-909.8
2019-03-02 17:00:00,0.11426772930174822,7.0192966537150445,0.07270869628665366,-326.6
2019-03-02 18:00:00,0.09670428787787433,6.967909201801884,0.0645615269120654,-23.3
2019-03-02 19:00:00,0.050360968266240036,6.81783057145415,0.051525506312005476,-154.2
2019-03-02 20:00:00,0.027465255762774365,6.706862336602747,0.037352198241466184,-332.0
2019-03-02 21:00:00,0.06319632340173476,6.598509028614515,0.03617547542296684,-760.6
2019-03-02 22:00:00,0.08252692171959941,6.520621127558696,0.033630028001770285,-1022.1
2019-03-02 23:00:00,0.04978906250561543,6.467698726104354,0.03005603933262968,-1264.7
2019-03-03 00:00:00,0.13406591471245344,6.7357800142423265,0.06033493540281931,-1478.8
2019-03-03 01:00:00,0.18198342031617987,6.717804695023691,0.05808526319644436,-1583.4
2019-03-03 02:00:00,0.21098929190231264,6.716594773520978,0.04947165241257956,-1665.2
2019-03-03 03:00:00,0.2585986513238625,6.732210706467206,0.05385195000937415,-1702.0
2019-03-03 04:00:00,0.2390473416114074,6.784457062637643,0.04640870407026121,-1738.2
2019-03-03 05:00:00,0.26157554996165855,6.872128101338986,0.04544798613699541,-1737.2
2019-03-03 06:00:00,0.23563621973963844,6.976348070447749,0.04992774567962677,-1628.9
2019-03-03 07:00:00,0.19540612158913762,7.063903961472068,0.052098989471106805,-1499.8
2019-03-03 08:00:00,0.1443662688160785,7.134890851565884,0.05561501408521785,-1167.8
2019-03-03 09:00:00,0.1340975113922407,7.21081845347222,0.06218862178008422,-940.5
2019-03-03 10:00:00,0.1705506587571466,7.282761179605593,0.07357327615791753,-860.3
2019-03-03 11:00:00,0.14468830156376722,7.352441100243583,0.0675049857816532,-890.4
2019-03-03 12:00:00,0.16789892003352813,7.411556287811163,0.06432873543985274,-939.7
2019-03-03 13:00:00,0.17612879265765535,7.43307534889858,0.066467894321951,-1079.5
2019-03-03 14:00:00,0.2017583457747687,7.415776975415394,0.06951587881924048,-1133.5
2019-03-03 15:00:00,0.24701885083138064,7.374629015218945,0.056566170228432355,-1083.4
2019-03-03 16:00:00,0.22251046332108926,7.322510433997394,0.06575943082986413,-807.3
2019-03-03 17:00:00,0.11530355942531356,7.268920128193722,0.06747218725093163,-306.8
2019-03-03 18:00:00,0.05829757211470632,7.2115567333138015,0.05987648174749616,31.0
2019-03-03 19:00:00,0.052753709859199915,7.049254841255837,0.0440664738007559,-56.2
2019-03-03 20:00:00,0.06221156516076087,6.9584483932976555,0.03306109766062093,-251.7
2019-03-03 21:00:00,0.05685260910675938,6.856461984594587,0.031674743424792595,-576.3
2019-03-03 22:00:00,0.07491000802285175,6.728628613084702,0.033759829570305655,-895.9
2019-03-03 23:00:00,0.14876137967782155,6.5638555265321274,0.04051924331673007,-1113.7
2019-03-04 00:00:00,0.20452710374182415,6.2766434893416445,-0.01560646443281044,-1300.7
2019-03-04 01:00:00,0.2876338206330278,6.111467339502679,-0.019700066611974876,-1294.6
2019-03-04 02:00:00,0.29084340270084086,5.983936280687191,-0.02428930565264409,-1286.8
2019-03-04 03:00:00,0.26444442942329927,5.883322388488279,-0.025326411495051104,-1201.2
2019-03-04 04:00:00,0.09773810221417456,5.857933154483459,-0.022304076365985637,-1094.2
2019-03-04 05:00:00,0.0064232363886702615,5.945420608606575,-0.012995901949862443,-659.4
2019-03-04 06:00:00,-0.03872153569214376,6.0844994130751715,0.008395930772431726,424.5
2019-03-04 07:00:00,-0.06267545559623988,6.18826412308259,0.016548181040581866,1114.7
2019-03-04 08:00:00,-0.04347503267374364,6.293419278846481,0.01913245260140961,1126.5
2019-03-04 09:00:00,-0.009098177046195755,6.405228458030842,0.027054480297856287,977.8
2019-03-04 10:00:00,-0.02346844794891023,6.4425401664681985,0.032307757362241674,929.4
2019-03-04 11:00:00,0.021913415383619572,6.385194398997726,0.03933106146631715,910.5
2019-03-04 12:00:00,0.05422610155526453,6.300785794663244,0.02158899442220452,924.3
2019-03-04 13:00:00,0.03252530795363562,6.2324480165505225,0.0503930367257901,846.5
2019-03-04 14:00:00,0.03327410046516999,6.2324480165505225,0.04435228307629124,741.0
2019-03-04 15:00:00,0.06605525441878868,6.293419278846481,0.03941052501119913,720.9
2019-03-04 16:00:00,0.02151281656723425,6.400257445308821,0.04540313351982306,737.1
2019-03-04 17:00:00,-0.025009820307978714,6.51471269087253,0.05153028374438762,1047.1
2019-03-04 18:00:00,-0.06875239351529805,6.62273632394984,0.04178769476472155,1054.6
2019-03-04 19:00:00,-0.03862784491041582,6.558197802812269,0.029634101017098402,795.4
2019-03-04 20:00:00,-0.03118096138015014,6.594413459749778,0.015342341698639572,383.6
2019-03-04 21:00:00,-0.017626557774065965,6.6240652277998935,0.004507577439200716,-160.6
2019-03-04 22:00:00,-0.013280614639905597,6.658011045870748,-0.007470908669258591,-746.5
2019-03-04 23:00:00,-0.014781115080286344,6.71174039505618,-0.015147797101489502,-1260.3
2019-03-05 00:00:00,0.0842030167645671,7.149916836132109,0.0013362622918418054,-1718.0
2019-03-05 01:00:00,0.06230119519442301,7.186901020411631,-0.0014401264700314442,-1917.4
2019-03-05 02:00:00,0.048179582987359915,7.215975002651466,0.0013074222641087374,-1952.0
2019-03-05 03:00:00,0.054788709962671156,7.2399325913204695,0.006500666118958165,-1903.3
2019-03-05 04:00:00,0.022380192771491725,7.244941546337007,0.00855421951053259,-1775.8
2019-03-05 05:00:00,-0.03937706123545315,7.232733136177615,0.013283596748667748,-1293.9
2019-03-05 06:00:00,-0.040452989876869516,7.216709486709457,0.02047104142233458,-144.7
2019-03-05 07:00:00,-0.04256211007107691,7.1808311990445555,0.021186808282989134,603.8
2019-03-05 08:00:00,-0.03177285392400009,7.147559271189454,0.025319515557814753,898.4
2019-03-05 09:00:00,0.011292000452569173,7.113142108707088,0.0379464880353364,922.6
2019-03-05 10:00:00,0.02187687774588909,7.050122520269059,0.04984732211532794,1006.3
2019-03-05 11:00:00,0.03527801279125642,6.942156705699469,0.05678475658951321,1137.3
2019-03-05 12:00:00,0.043483819735628426,6.813444599510896,0.07316723981249496,1162.8
2019-03-05 13:00:00,0.05479610581330707,6.658011045870748,0.07379682054978076,1172.6
2019-03-05 14:00:00,0.06675993049967888,6.480044561926653,0.07953314311124515,1185.6
2019-03-05 15:00:00,0.0950350112544478,6.295266001439646,0.08012880228411667,1339.8
2019-03-05 16:00:00,0.10899261317772968,6.126869184114185,0.08289162492710034,1466.9
2019-03-05 17:00:00,0.13586365536446543,6.0330862217988015,0.08732615866864002,2010.1
2019-03-05 18:00:00,0.20758822907486696,6.0063531596017325,0.08234900121622601,2115.3
2019-03-05 19:00:00,0.16636924764385652,5.87493073085203,0.0768743614949372,2043.0
2019-03-05 20:00:00,0.125779386535684,5.808142489980444,0.0730550813819999,1855.2
2019-03-05 21:00:00,0.12241180383902206,5.7430031878094825,0.07701832211671444,1279.3
2019-03-05 22:00:00,0.15262342714273958,5.673323267171493,0.08325282405412793,697.1
2019-03-05 23:00:00,0.26393382495997564,5.641907070938114,0.09478328521983848,379.5
2019-03-06 00:00:00,0.3210539779857391,5.545177444479562,0.12582593929832875,1532.5
2019-03-06 01:00:00,0.30979729596870653,5.60947179518496,0.1290165910633796,1485.0
2019-03-06 02:00:00,0.31620662752694884,5.71042701737487,0.13105819717560152,1432.0
2019-03-06 03:00:00,0.2752494055590833,5.802118375377063,0.1364899786294238,1446.2
2019-03-06 04:00:00,0.16158605892646127,5.877735781779639,0.13379058257815757,1457.6
2019-03-06 05:00:00,0.06398223211836429,5.950642552587727,0.13126927883794437,1891.2
2019-03-06 06:00:00,0.04590654949756967,6.023447592961033,0.12741753575710746,2982.4
2019-03-06 07:00:00,0.027285162891542925,6.013715156042802,0.11391408976497708,3807.7
2019-03-06 08:00:00,0.004946600578348281,5.953243334287785,0.11313505037603022,3943.0
2019-03-06 09:00:00,0.04179218002475382,5.8805329864007,0.11288264194139686,3774.5
2019-03-06 10:00:00,0.07318864566402672,5.860786223465865,0.12751724418421695,3506.6
2019-03-06 11:00:00,0.06919542447170413,5.905361848054571,0.1125390646346105,3285.5
2019-03-06 12:00:00,0.048708598889739996,5.945420608606575,0.10259653680898495,3093.7
2019-03-06 13:00:00,0.07509606097907584,5.976350909297934,0.11845549752223405,2877.1
2019-03-06 14:00:00,0.09256666141880343,5.991464547107982,0.11075418728635533,2729.1
2019-03-06 15:00:00,0.11883028070643498,6.018593214496234,0.10976343323646098,2619.3
2019-03-06 16:00:00,0.08793922929552078,6.095824562432225,0.10344793282363796,2570.0
2019-03-06 17:00:00,0.04351869782621387,6.236369590203704,0.10301241539093553,2752.7
2019-03-06 18:00:00,0.007303706323670056,6.3784261836515865,0.09459711668729298,2767.2
2019-03-06 19:00:00,-0.001704416750080373,6.361302477572996,0.08363805802671997,2458.2
2019-03-06 20:00:00,0.010524835360628426,6.434546518787453,0.07120264766959394,1958.4
2019-03-06 21:00:00,0.035228235327070756,6.48768401848461,0.07217895677943886,1393.8
2019-03-06 22:00:00,0.013883244553918761,6.522092798170152,0.06721997481796471,947.2
2019-03-06 23:00:00,0.09849976995156462,6.513230110912307,0.06661188928067219,399.1
2019-03-07 00:00:00,0.1466241211435908,7.027314514039777,0.06504613375364343,-912.6
2019-03-07 01:00:00,0.10627945731170607,7.014814351275545,0.06034097976496611,-1068.2
2019-03-07 02:00:00,0.09007769679755473,6.961296045910167,0.05486565340462235,-1087.2
2019-03-07 03:00:00,0.09788545930769477,6.899723107284872,0.050800854665290274,-1038.9
2019-03-07 04:00:00,0.12655631351056984,6.837332814685591,0.04848011610465086,-1009.1
2019-03-07 05:00:00,0.08490672215748063,6.778784897685177,0.04342873600170627,-688.0
2019-03-07 06:00:00,0.07671939728952104,6.71295620067707,0.04222566304795983,984.8
2019-03-07 07:00:00,0.05976341176426736,6.584791392385716,0.03365428014043559,2010.6
2019-03-07 08:00:00,0.06215643781867852,6.428105272684596,0.032434580454376416,2195.5
2019-03-07 09:00:00,0.0930766977181463,6.29156913955832,0.037703225548753494,2217.4
2019-03-07 10:00:00,0.18194215005593684,6.182084906716632,0.06566135443252108,2361.8
2019-03-07 11:00:00,0.13755161542815797,6.091309882077698,0.051912072269878706,2376.0
2019-03-07 12:00:00,0.2080306145111308,6.016157159698354,0.051336278619684705,2269.6
2019-03-07 13:00:00,0.1827878379793435,5.991464547107982,0.08253081278964558,2150.2
2019-03-07 14:00:00,0.18016402713870905,6.018593214496234,0.0626042956443893,2054.8
2019-03-07 15:00:00,0.1049691153412815,6.077642243349034,0.04432494676618148,2007.9
2019-03-07 16:00:00,0.10908135391531593,6.222576268071369,0.05855337886426959,1941.9
2019-03-07 17:00:00,0.05185796206874205,6.448889394146858,0.05573742102976098,2066.6
2019-03-07 18:00:00,0.011208397978586415,6.651571873589727,0.04410736978910279,1993.9
2019-03-07 19:00:00,0.021850507617341197,6.745236349484363,0.03080420325354538,1597.6
2019-03-07 20:00:00,0.013590733382611297,6.899723107284872,0.01722159188421557,1133.8
2019-03-07 21:00:00,0.015225276423507239,7.013915474810528,0.016073381055976554,532.1
2019-03-07 22:00:00,0.01575153350882541,7.090076835776092,0.008533110844402003,-127.7
2019-03-07 23:00:00,-0.013886383249572809,7.147559271189454,0.007311945143763765,-730.2
2019-03-08 00:00:00,-0.016055264714419426,7.406103381237015,-0.006113218442209245,-2289.5
2019-03-08 01:00:00,-0.023449202427967997,7.403670290012373,-0.012618193515171683,-2467.2
2019-03-08 02:00:00,-0.05356440550129404,7.395107546562485,-0.016111823040144913,-2481.9
2019-03-08 03:00:00,-0.06842225122268308,7.3901814282264295,-0.014738846216877377,-2462.5
2019-03-08 04:00:00,-0.12416516216344498,7.362645270417825,-0.012616560287417755,-2283.3
2019-03-08 05:00:00,-0.12328239290358178,7.305188215393037,-0.007972662731745572,-1824.2
2019-03-08 06:00:00,-0.07412635008806578,7.229113877793302,0.00488017136508212,-629.3
2019-03-08 07:00:00,-0.07303060193604916,7.13966033596492,0.007250708006585782,190.0
2019-03-08 08:00:00,-0.07814831312388382,7.069023426578259,0.0073754927556048955,441.4
2019-03-08 09:00:00,-0.05814010519970525,7.0326242610280065,0.012504510343307018,438.2
2019-03-08 10:00:00,0.08923397533130384,7.045776576879511,0.03600665696476035,432.8
2019-03-08 11:00:00,-0.02372274007923858,7.107425474110705,0.019306214424409163,379.4
2019-03-08 12:00:00,0.010150469148853869,7.1785454837637,0.0258665802215301,194.1
2019-03-08 13:00:00,-0.018902077276767848,7.2633296174768365,0.03949937707551321,11.5
2019-03-08 14:00:00,-0.015928829354823204,7.362645270417825,0.03295997931784633,-265.3
2019-03-08 15:00:00,-0.01871349326377958,7.442492722794441,0.03947643592185024,-498.2
2019-03-08 16:00:00,-0.01549236877338167,7.505492274737424,0.051849908012940205,-597.5
2019-03-08 17:00:00,0.012725102846394165,7.545918151209323,0.061913442754610415,-636.7
2019-03-08 18:00:00,0.030896466353895757,7.581209826196346,0.05643743418050029,-618.2
2019-03-08 19:00:00,0.0330739880498756,7.491087593534876,0.05124445120534915,-886.1
2019-03-08 20:00:00,0.009723774617366843,7.493873886783559,0.04006676169922763,-1141.2
2019-03-08 21:00:00,0.011637886007418441,7.486613313139955,0.04416151141250069,-1424.2
2019-03-08 22:00:00,0.0012701210252874517,7.465082736399547,0.04507341008757493,-1637.7
2019-03-08 23:00:00,-0.22814834469892897,7.4318919168078,0.04601610307223858,-1704.6
2019-03-09 00:00:00,-0.02057609520805359,7.443663683115591,0.037756961716880255,-2090.3
2019-03-09 01:00:00,-0.012857551697945002,7.392031567514591,0.038684880769995544,-2161.0
2019-03-09 02:00:00,-0.005621691190145217,7.317212408359839,0.038221997606195046,-2115.1
2019-03-09 03:00:00,0.045573116746299824,7.2254814727822945,0.04153023939514355,-1983.9
2019-03-09 04:00:00,0.03437319636845437,7.133295954896068,0.04506713719224997,-1827.9
2019-03-09 05:00:00,0.07486440109537007,7.049254841255837,0.047633176282433354,-1614.3
2019-03-09 06:00:00,0.03146107205713111,6.9726062513017535,0.05906063079023127,-1261.1
2019-03-09 07:00:00,0.017096240370494176,6.878326468291325,0.06002900118386023,-931.2
2019-03-09 08:00:00,0.01817719999789169,6.75110146893676,0.06169088701136083,-418.2
2019-03-09 09:00:00,0.01933836002863032,6.639875833826536,0.06197467866327955,11.4
2019-03-09 10:00:00,0.11015054863605034,6.57507584059962,0.07006260672485354,139.5
2019-03-09 11:00:00,0.04623984958515637,6.541029999189903,0.06092408182444231,111.4
2019-03-09 12:00:00,0.10488039599736432,6.520621127558696,0.059951969847196196,-51.5
2019-03-09 13:00:00,0.04477358988576885,6.516193076042964,0.06895661659092944,-280.8
2019-03-09 14:00:00,0.05408434393048722,6.525029657843462,0.0706393871669313,-408.8
2019-03-09 15:00:00,0.026921431683677444,6.551080335043404,0.048222360940071596,-402.6
2019-03-09 16:00:00,0.035421318021965575,6.580639137284949,0.06986696566963602,-257.3
2019-03-09 17:00:00,0.013667198325070462,6.60934924316738,0.07169105712149104,100.5
2019-03-09 18:00:00,0.0036029689544672117,6.658011045870748,0.06315220025392776,113.7
2019-03-09 19:00:00,-0.03686077117867459,6.593044534142437,0.051525506312005476,4.1
2019-03-09 20:00:00,-0.028429403687388888,6.54534966033442,0.03481689942311483,-281.5
2019-03-09 21:00:00,-0.0095300620103691,6.4967749901858625,0.034994569621927596,-690.4
2019-03-09 22:00:00,-0.006017162857304914,6.464588303689961,0.0355129131372216,-917.0
2019-03-09 23:00:00,-0.01982808186560403,6.46302945692067,0.03405234076696928,-1136.6
2019-03-10 00:00:00,0.04875952815115436,6.716594773520978,0.06484386286148158,-1364.2
2019-03-10 01:00:00,0.08218077386966094,6.720220155135295,0.06901650590157793,-1427.2
2019-03-10 02:00:00,0.09300510971000042,6.684611727667927,0.06864731238051291,-1436.2
2019-03-10 03:00:00,0.1565888133445732,6.663132695990803,0.08040306553669296,-1415.5
2019-03-10 04:00:00,0.16228332539956902,6.641182169740591,0.08000025554128598,-1340.5
2019-03-10 05:00:00,0.2189935584212308,6.606650186198215,0.08573767936215582,-1052.9
2019-03-10 06:00:00,0.22675683945737024,6.566672429803241,0.09676097583770549,-712.2
2019-03-10 07:00:00,0.1913077551968554,6.444131256700441,0.1043500300040261,-389.6
2019-03-10 08:00:00,0.09700507572016104,6.210600077024653,0.10760064103377864,79.3
2019-03-10 09:00:00,0.08566068474300925,6.021023349349527,0.10448304612888037,348.9
2019-03-10 10:00:00,0.1331631266855262,6.045005314036012,0.09897229243383698,391.0
2019-03-10 11:00:00,0.1244806154187117,6.2766434893416445,0.07962634631399723,244.2
2019-03-10 12:00:00,0.12028887106227382,6.502790045915623,0.0670332081896845,53.6
2019-03-10 13:00:00,0.16412564779629912,6.643789733147672,0.06496844530892787,-137.4
2019-03-10 14:00:00,0.20276110344214748,6.703188113240863,0.07403696271364346,-272.9
2019-03-10 15:00:00,0.23663243700462688,6.734591659972948,0.06738667491532979,-282.0
2019-03-10 16:00:00,0.2482377183714557,6.740519359606223,0.08948214037741486,-171.6
2019-03-10 17:00:00,0.1556372796980785,6.78332520060396,0.09410270329986758,123.1
2019-03-10 18:00:00,0.09129781683437477,6.858565034791365,0.10029415495500338,516.1
2019-03-10 19:00:00,0.07477294810311719,6.7580945044277305,0.09652563087260901,554.2
2019-03-10 20:00:00,0.06711983725599735,6.778784897685177,0.0892463673653836,321.0
2019-03-10 21:00:00,0.055650541405817044,6.7912214627261855,0.08893131581050362,-92.2
2019-03-10 22:00:00,0.08221108693846757,6.782192056006791,0.09307881611272784,-365.6
2019-03-10 23:00:00,0.09239047080047724,6.740519359606223,0.10601470232636956,-512.7
2019-03-11 00:00:00,0.2293545954623073,6.839476438228843,0.11040575520137175,-760.6
2019-03-11 01:00:00,0.2889052766212248,6.805722553416985,0.11370063268425668,-718.4
2019-03-11 02:00:00,0.29591698030154223,6.76849321164863,0.11439181930050957,-677.9
2019-03-11 03:00:00,0.28473824876311316,6.726233402358747,0.11522310000284541,-589.5
2019-03-11 04:00:00,0.13298191399873183,6.679599185844383,0.11492051849937823,-593.3
2019-03-11 05:00:00,0.06449198256276434,6.645090969505644,0.11012747326865124,15.1
2019-03-11 06:00:00,0.03658407169712374,6.621405651764134,0.1022260092302183,1302.9
2019-03-11 07:00:00,0.04788808211243856,6.555356891810665,0.09147258784765633,2221.0
2019-03-11 08:00:00,0.06571642760974683,6.421622267806518,0.08982938010248098,2419.8
2019-03-11 09:00:00,0.07073660880519617,6.3578422665081,0.08661829351760275,2217.9
2019-03-11 10:00:00,0.0367577410313884,6.386879319362645,0.07730268500899307,1766.8
2019-03-11 11:00:00,0.07764989566250069,6.501289670540389,0.0736115038160925,1461.5
2019-03-11 12:00:00,0.1162877510251592,6.6240652277998935,0.0436740880451989,1142.3
2019-03-11 13:00:00,0.09052570711506203,6.740519359606223,0.07064591131983278,895.8
2019-03-11 14:00:00,0.08380829289223746,6.826545223556594,0.07164229722378934,720.6
2019-03-11 15:00:00,0.11211902936289198,6.8885724595653635,0.06906827370323398,714.2
2019-03-11 16:00:00,0.06976978957500712,6.914730892718563,0.08276023623319517,834.1
2019-03-11 17:00:00,0.04942863203646386,6.920671504248683,0.08988295656140188,1308.8
2019-03-11 18:00:00,0.06117622921771071,6.9584483932976555,0.09229013291506938,1610.3
2019-03-11 19:00:00,0.09030208926452543,6.816735880594968,0.1022869843595906,1625.6
2019-03-11 20:00:00,0.10603864664280493,6.8001700683022,0.10442061094551569,1307.4
2019-03-11 21:00:00,0.11178593436644801,6.774223886357614,0.10984280832730597,790.3
2019-03-11 22:00:00,0.1418109011532609,6.732210706467206,0.11811647992933416,267.7
2019-03-11 23:00:00,0.1570975448855001,6.683360945766275,0.13155603247944647,-111.8
2019-03-12 00:00:00,0.20559409963159592,6.630683385642372,0.14460781265877465,-377.8
2019-03-12 01:00:00,0.219693368945852,6.559615237493242,0.1460665814961093,-356.6
2019-03-12 02:00:00,0.20613254876435683,6.504288173536645,0.1476839836938897,-319.5
2019-03-12 03:00:00,0.2070359868836018,6.448889394146858,0.15320770682652096,-144.8
2019-03-12 04:00:00,0.13736406634826093,6.380122536899765,0.1533982361666979,21.5
2019-03-12 05:00:00,0.04658567734577357,6.309918278226516,0.14957595047452088,550.9
2019-03-12 06:00:00,0.06175687231654425,6.269096283706261,0.14362588304949142,1735.6
2019-03-12 07:00:00,0.12001332777582174,6.091309882077698,0.13330294590094205,2584.0
2019-03-12 08:00:00,0.12129013904980779,5.720311776607412,0.12851262675810027,2722.6
2019-03-12 09:00:00,0.11866256703841982,5.472270673671475,0.11757682576653927,2529.6
2019-03-12 10:00:00,0.1065370248553763,5.429345628954441,0.10557388070480123,2356.2
2019-03-12 11:00:00,0.09940813786346903,5.529429087511423,0.09094311166849423,2086.6
2019-03-12 12:00:00,0.09206828830134928,5.659482215759621,0.08669416133167296,1886.8
2019-03-12 13:00:00,0.08825605889492749,5.814130531825066,0.0796490128172227,1541.4
2019-03-12 14:00:00,0.09358448488231064,6.0112671744041615,0.07991489535867657,1426.8
2019-03-12 15:00:00,0.10199585669536004,6.249975242259483,0.08309605062853187,1353.3
2019-03-12 16:00:00,0.07500876036213056,6.529418838262226,0.09852343274883069,1262.2
2019-03-12 17:00:00,0.03986316225231823,6.811244378601294,0.10455915176831887,1492.5
2019-03-12 18:00:00,0.008955488696132718,7.0587581525186645,0.10907266049347975,1461.8
2019-03-12 19:00:00,0.009329355894568625,7.107425474110705,0.10893718453337264,1224.4
2019-03-12 20:00:00,0.042607223612688205,7.187657164114956,0.10574281651157236,737.1
2019-03-12 21:00:00,0.05926569071528842,7.252053951852814,0.10411899629531796,94.5
2019-03-12 22:00:00,0.07746634448682244,7.29641326877392,0.10543172577369475,-318.9
2019-03-12 23:00:00,0.1402030124340916,7.325807502595773,0.111471624838682,-712.4
2019-03-13 00:00:00,0.1704956306618155,7.4821189235521155,0.07833614031557978,-1426.0
2019-03-13 01:00:00,0.12113992072566626,7.498869733976931,0.07220038322967604,-1599.5
2019-03-13 02:00:00,0.12381334930833665,7.496652438168283,0.06508246120523076,-1672.9
2019-03-13 03:00:00,0.0911413784484374,7.487733761436444,0.061545536330736894,-1691.0
2019-03-13 04:00:00,0.03591634201333882,7.458186157340487,0.05159123107798891,-1585.1
2019-03-13 05:00:00,-0.04209762772705039,7.409741954080923,0.042697908007395924,-1099.6
2019-03-13 06:00:00,-0.03060604339384021,7.3427791893318455,0.03381353981082036,5.4
2019-03-13 07:00:00,-0.05695668477103055,7.285506548522785,0.01881757707499432,856.3
2019-03-13 08:00:00,-0.06998260782355326,7.20934025660291,0.020898538508447473,1039.0
2019-03-13 09:00:00,-0.03696126148068535,7.170119543449628,0.028302865633394347,990.7
2019-03-13 10:00:00,-0.005554197082679568,7.113142108707088,0.05606604312248287,1032.9
2019-03-13 11:00:00,-0.005471069257111605,7.029972911706386,0.04872179426193135,1006.5
2019-03-13 12:00:00,-0.021951093985066006,6.942156705699469,0.033787112291086885,1025.8
2019-03-13 13:00:00,0.00520353223185932,6.877296071497429,0.047387759368128,950.2
2019-03-13 14:00:00,0.030873092413463255,6.82001636467413,0.02877104661704699,887.0
2019-03-13 15:00:00,0.07015112280897107,6.7650389767805414,0.03547450245391204,933.6
2019-03-13 16:00:00,0.037747863394126835,6.716594773520978,0.03263067629680627,934.4
2019-03-13 17:00:00,0.003589227112714255,6.674561391814426,0.026909399787074406,1134.2
2019-03-13 18:00:00,-0.02661287718191163,6.648984550024776,0.026774520348531894,1322.0
2019-03-13 19:00:00,-0.02418737815463512,6.51471269087253,0.023117266416390336,1235.4
2019-03-13 20:00:00,-0.026760947159846893,6.453624998892692,0.014667858691204572,875.3
2019-03-13 21:00:00,-0.006533467758946809,6.386879319362645,0.01724044280426895,375.9
2019-03-13 22:00:00,-0.021736272181440253,6.289715570908998,0.015755627423301277,-65.1
2019-03-13 23:00:00,0.05464788742271498,6.152732694704104,0.019654906192901223,-485.4
2019-03-14 00:00:00,0.029789042710532065,6.284134161070802,0.0017554565773085784,-830.7
2019-03-14 01:00:00,0.00990346339103354,6.210600077024653,-0.002520582944082861,-959.3
2019-03-14 02:00:00,0.006777439220893466,6.133398042996649,-0.008217007639965246,-979.7
2019-03-14 03:00:00,0.015189212209395286,6.059123195581797,-0.01124884762669609,-917.8
2019-03-14 04:00:00,0.04207810233123732,5.991464547107982,-0.013144168699401604,-799.7
2019-03-14 05:00:00,0.03472380010274545,5.934894195619588,-0.016651589526388122,-496.3
2019-03-14 06:00:00,0.00978163202925586,5.8916442118257715,-0.01635526335990889,454.7
2019-03-14 07:00:00,-0.008212173359968045,5.869296913133774,-0.02147258397800833,1234.2
2019-03-14 08:00:00,0.0007874914423866564,5.840641657373398,-0.0192255105603909,1267.7
2019-03-14 09:00:00,0.030007376131242047,5.855071922202427,-0.014276613581452935,1138.5
2019-03-14 10:00:00,0.11212099645393847,5.834810737062605,0.01856198639663198,1119.4
2019-03-14 11:00:00,0.06953736721879533,5.7430031878094825,0.005355893277865675,1129.3
2019-03-14 12:00:00,0.15272833187568002,5.648974238161206,0.006960796608787234,1045.8
2019-03-14 13:00:00,0.1267912692799671,5.572154032177765,0.04231807579573221,979.3
2019-03-14 14:00:00,0.13530733248969762,5.501258210544727,0.01935903137664674,881.0
2019-03-14 15:00:00,0.07061721463749793,5.420534999272286,0.002262857424280895,922.7
2019-03-14 16:00:00,0.08492281100532262,5.407171771460119,0.011642264628434873,893.0
2019-03-14 17:00:00,0.02969012375755664,5.5254529391317835,0.005990681859179503,1132.6
2019-03-14 18:00:00,-0.0049137604489102316,5.730099782973574,0.0011538529742267656,1251.7
2019-03-14 19:00:00,-0.008830897401888915,5.707110264748875,0.0035719972900558616,1109.8
2019-03-14 20:00:00,0.04314021817396929,5.638354669333745,0.00292760403325687,805.1
2019-03-14 21:00:00,0.04956133803211715,5.552959584921617,0.009514326259676409,371.6
2019-03-14 22:00:00,0.05801656612643802,5.459585514144159,0.011473896281518847,-39.8
2019-03-14 23:00:00,0.10337080059210457,5.3230099791384085,0.015218612840234513,-387.4
2019-03-15 00:00:00,0.18624039048130525,5.062595033026967,0.04351118286578526,-665.2
2019-03-15 01:00:00,0.20554122751969928,4.897839799950911,0.04305665437931161,-650.8
2019-03-15 02:00:00,0.2097649547464293,4.804021044733257,0.04141202109804176,-607.9
2019-03-15 03:00:00,0.17579031953280078,4.7535901911063645,0.0418228122494817,-587.0
2019-03-15 04:00:00,0.06952320238287113,4.6913478822291435,0.03907781702940305,-534.2
2019-03-15 05:00:00,-0.02184753206127077,4.634728988229636,0.03256840411794393,-246.7
2019-03-15 06:00:00,-0.018331188633633477,4.68213122712422,0.025478654923018595,923.2
2019-03-15 07:00:00,-0.011377445135200226,4.74493212836325,0.01819943707008953,1547.6
2019-03-15 08:00:00,-0.006812333731924802,4.859812404361672,0.017255928209896965,1538.6
2019-03-15 09:00:00,0.01499289958950456,5.0369526024136295,0.02305133164349904,1456.5
2019-03-15 10:00:00,0.16360040107250784,5.170483995038151,0.04973006922165091,1448.4
2019-03-15 11:00:00,0.05650839441929767,5.262690188904886,0.036562286150543244,1424.6
2019-03-15 12:00:00,0.08931996353202942,5.351858133476067,0.04469441999395052,1268.6
2019-03-15 13:00:00,0.0657296880946383,5.3471075307174685,0.0593164206216894,1029.7
2019-03-15 14:00:00,0.07678851632722106,5.241747015059643,0.06058808409117766,915.5
2019-03-15 15:00:00,0.09125496758958418,5.10594547390058,0.0584148364433279,789.9
2019-03-15 16:00:00,0.07752452425699152,4.969813299576001,0.05834530597815579,797.9
2019-03-15 17:00:00,0.041271730082019786,4.919980925828125,0.050890086463166284,1101.3
2019-03-15 18:00:00,0.02269409637522335,4.976733742420574,0.03727809856120068,1311.4
2019-03-15 19:00:00,0.010963460419385118,4.912654885736052,0.03270001910815701,1127.7
2019-03-15 20:00:00,0.025472131585506208,4.852030263919617,0.023620678655401406,671.3
2019-03-15 21:00:00,0.03502506643172465,4.820281565605037,0.025667623522078742,183.0
2019-03-15 22:00:00,0.05412946680144515,4.882801922586371,0.027622873617042742,-217.9
2019-03-15 23:00:00,0.05773531314240987,5.0106352940962555,0.030132940695501986,-553.9
2019-03-16 00:00:00,0.05116376637970088,5.176149732573829,0.024377519634446898,-738.5
2019-03-16 01:00:00,0.09167617598388711,5.272999558563747,0.02547412018547135,-956.5
2019-03-16 02:00:00,0.10644064735754055,5.318119993844216,0.02319776742999302,-997.4
2019-03-16 03:00:00,0.14486721582747686,5.384495062789089,0.023175549042148802,-969.7
2019-03-16 04:00:00,0.11901739120801302,5.4638318050256105,0.024955398232966886,-972.4
2019-03-16 05:00:00,0.1282307214731948,5.552959584921617,0.026262526946709386,-886.5
2019-03-16 06:00:00,0.10169233379522957,5.645446897643238,0.03508556606420932,-586.5
2019-03-16 07:00:00,0.06502913916380804,5.634789603169249,0.03489971238195544,-414.0
2019-03-16 08:00:00,0.06023596455993596,5.598421958998375,0.03535471782004507,-5.8
2019-03-16 09:00:00,0.05817341949413901,5.638354669333745,0.030472575467088703,422.8
2019-03-16 10:00:00,0.15867758953071043,5.703782474656201,0.03890798123896744,490.3
2019-03-16 11:00:00,0.09017583994028833,5.75890177387728,0.0237678342038965,514.0
2019-03-16 12:00:00,0.135488577743192,5.820082930352362,0.01220788061505651,380.7
2019-03-16 13:00:00,0.0567716472201365,5.799092654460526,0.021213139577332285,321.6
2019-03-16 14:00:00,0.06897295642423806,5.720311776607412,0.024562496456203675,199.9
2019-03-16 15:00:00,0.08940975535036166,5.655991810819852,0.007659132108930322,78.9
2019-03-16 16:00:00,0.10328654919339142,5.583496308781699,0.030001735380000838,143.7
2019-03-16 17:00:00,0.07299832238832193,5.545177444479562,0.03126140035605296,412.0
2019-03-16 18:00:00,0.05403784155897107,5.605802066295998,0.03051998903479536,698.6
2019-03-16 19:00:00,0.02931740473754374,5.5909869805108565,0.03262167362926682,667.5
2019-03-16 20:00:00,0.04849292539864081,5.60947179518496,0.02575990192185884,375.1
2019-03-16 21:00:00,0.0878524047548499,5.634789603169249,0.027513465485419886,-1.4
2019-03-16 22:00:00,0.10441289849381974,5.700443573390687,0.028054771415231272,-249.1
2019-03-16 23:00:00,0.10289432297480294,5.823045895483019,0.027317651313349955,-536.6
2019-03-17 00:00:00,0.06927022499946478,5.556828061699537,0.02034764497934205,-1386.9
2019-03-17 01:00:00,0.13276627065776703,5.831882477283517,0.015942619491497112,-1681.0
2019-03-17 02:00:00,0.14961016186367004,6.124683390894205,0.0087210815121459,-1890.4
2019-03-17 03:00:00,0.15541441508863185,6.18826412308259,0.013813585251536864,-2037.0
2019-03-17 04:00:00,0.11792063551847143,6.329720905522696,0.0076649339636620795,-2199.8
2019-03-17 05:00:00,0.11494498761136995,6.405228458030842,0.007838458072775722,-2154.8
2019-03-17 06:00:00,0.06073416374102081,6.448889394146858,0.00738953413352661,-2016.6
2019-03-17 07:00:00,-0.008621713786680196,6.464588303689961,0.010711060572091924,-1913.4
2019-03-17 08:00:00,-0.0015698800823029657,6.473890696352274,0.020035520846457544,-1700.3
2019-03-17 09:00:00,0.03825099475553628,6.481577129276431,0.03603621875009111,-1381.1
2019-03-17 10:00:00,0.06470716796315079,6.499787040655854,0.05880274273294539,-1150.6
2019-03-17 11:00:00,0.014045424755053215,6.505784060128229,0.05945876430602404,-1038.5
2019-03-17 12:00:00,0.021101214511528354,6.51025834052315,0.06327987597825846,-1006.5
2019-03-17 13:00:00,0.04057127297369423,6.520621127558696,0.07033841287666753,-1000.2
2019-03-17 14:00:00,0.06661326875941498,6.519147287940395,0.06933816422840522,-944.8
2019-03-17 15:00:00,0.11463886881189955,6.466144724237619,0.046618514599080285,-808.9
2019-03-17 16:00:00,0.08631623693480961,6.4425401664681985,0.0358585018318589,-582.4
2019-03-17 17:00:00,0.0027116210790660844,6.439350371100098,0.030007542843467405,-212.6
2019-03-17 18:00:00,-0.014664021751973788,6.467698726104354,0.022543723187418152,27.7
2019-03-17 19:00:00,-0.06552225802898404,6.484635235635252,0.024938724208611873,15.1
2019-03-17 20:00:00,-0.13189424301611785,6.483107351457199,0.018334804135898608,-297.4
2019-03-17 21:00:00,-0.1348351147426743,6.4692503167957724,0.007441429881501094,-720.2
2019-03-17 22:00:00,-0.1752187182882774,6.440946540632921,-0.00031629341423133894,-945.4
2019-03-17 23:00:00,-0.40436509281785105,6.393590753950631,-0.0004224328504882635,-972.0
2019-03-18 00:00:00,-0.05914520538568224,5.68697535633982,-0.02566200969137178,-1171.7
2019-03-18 01:00:00,-0.012852524064740578,5.631211781821365,-0.028626353237260815,-1031.7
2019-03-18 02:00:00,-0.06416166754241948,5.560681631015528,-0.03186589666896111,-937.8
2019-03-18 03:00:00,-0.04343518504340471,5.497168225293202,-0.03474366221531966,-844.6
2019-03-18 04:00:00,-0.013371915934913048,5.4116460518550396,-0.03160361709633008,-920.0
2019-03-18 05:00:00,-0.005948055413876663,5.318119993844216,-0.02692972657767534,-626.7
2019-03-18 06:00:00,-0.03118854338459842,5.236441962829949,-0.015403546263174306,632.9
2019-03-18 07:00:00,-0.01781876094722845,5.19295685089021,-0.009358178736903255,1396.1
2019-03-18 08:00:00,-0.03916907701210626,5.159055299214529,-0.005848670441874759,1608.2
2019-03-18 09:00:00,-0.03626569654053302,5.14166355650266,0.004441610910927096,1630.6
2019-03-18 10:00:00,-0.05604760823745325,5.147494476813453,0.014782328027658664,1593.9
2019-03-18 11:00:00,-0.009400751683905195,5.181783550292085,0.026497487569733025,1431.5
2019-03-18 12:00:00,0.039685507657832186,5.236441962829949,0.01801589756495403,1269.0
2019-03-18 13:00:00,0.01961281489379374,5.278114659230517,0.05796794311873121,1084.8
2019-03-18 14:00:00,0.01750721307099745,5.3471075307174685,0.05762247113628227,1031.6
2019-03-18 15:00:00,0.04815979215747923,5.424950017481403,0.05111391429749723,949.2
2019-03-18 16:00:00,0.00529052594093482,5.4680601411351315,0.05036592286195152,920.0
2019-03-18 17:00:00,-0.0291832555331899,5.488937726156687,0.042265641082344985,1152.2
2019-03-18 18:00:00,-0.03342108330249216,5.5134287461649825,0.029896768123887085,1241.9
2019-03-18 19:00:00,0.007035965563480406,5.529429087511423,0.02678783577776045,1042.4
2019-03-18 20:00:00,0.03033388707893847,5.54907608489522,0.021867390710941237,820.8
2019-03-18 21:00:00,0.03518705273967182,5.572154032177765,0.013485277541924745,376.1
2019-03-18 22:00:00,0.04193301357038104,5.579729825986222,0.005430184078706546,-145.6
2019-03-18 23:00:00,-0.022637040624319482,5.572154032177765,0.002832994611138062,-290.0
2019-03-19 00:00:00,0.11724022603630724,7.302496423727326,0.019103227106487708,-804.3
2019-03-19 01:00:00,0.12696096729565465,7.271703706887368,0.015498518327898836,-865.7
2019-03-19 02:00:00,0.08766735449447838,7.244941546337007,0.015186895591844163,-810.9
2019-03-19 03:00:00,0.066094497008089,7.21890970761906,0.019199561975764112,-729.2
2019-03-19 04:00:00,0.0791745757667277,7.189922170745808,0.019543341086126986,-668.9
2019-03-19 05:00:00,0.013690244359969572,7.142036574706803,0.022237516779981092,-317.2
2019-03-19 06:00:00,0.03206566754549112,7.080867896690782,0.02516723954861888,869.1
2019-03-19 07:00:00,0.10491431851045308,6.968850378341948,0.025161740897805984,1739.9
2019-03-19 08:00:00,0.1646976110793248,6.777646593635117,0.02032820216277642,1977.6
2019-03-19 09:00:00,0.11645128862204146,6.608000625296087,0.011557714443261702,1694.9
2019-03-19 10:00:00,0.057037607992660444,6.459904454377535,0.005186732314033549,1568.3
2019-03-19 11:00:00,0.047369517027381125,6.335054251498059,-0.0012983401234460956,1459.2
2019-03-19 12:00:00,0.0523104018794478,6.244166900663736,-0.0010163953382757995,1376.3
2019-03-19 13:00:00,0.058443249131185926,6.159095388491933,-0.007803366357002517,1262.9
2019-03-19 14:00:00,0.06630289210049822,6.07073772800249,-0.007040966169883589,1202.4
2019-03-19 15:00:00,0.08370472915702942,5.953243334287785,-0.008490916242385182,1229.9
2019-03-19 16:00:00,0.07635465558548571,5.846438775057725,-0.005206629681197228,1266.7
2019-03-19 17:00:00,0.12955191701266422,5.883322388488279,0.0017934631788882882,1599.5
2019-03-19 18:00:00,0.2104925694718398,6.052089168924417,0.013755411028251174,1951.8
2019-03-19 19:00:00,0.28632690861224663,6.1224928095143865,0.03268941322960117,2061.8
2019-03-19 20:00:00,0.18928312445967377,6.318968113746434,0.03980805138344223,1741.5
2019-03-19 21:00:00,0.09930702714708328,6.52649485957079,0.04116362107690996,1096.5
2019-03-19 22:00:00,0.12910889129709835,6.704414354964107,0.042423983758913764,450.3
2019-03-19 23:00:00,0.24743957731372923,6.846943139585379,0.04749023969890942,-115.9
2019-03-20 00:00:00,0.26886822481516903,7.218176838403408,0.03574128215694827,-825.9
2019-03-20 01:00:00,0.216963579360272,7.307202314764738,0.03483473668362613,-987.8
2019-03-20 02:00:00,0.12324289863684923,7.3796321526095525,0.03177906741307979,-950.3
2019-03-20 03:00:00,0.05988435356335042,7.4377951216719325,0.030093730098066374,-1042.6
2019-03-20 04:00:00,0.026738357042508376,7.4815557019095165,0.018378018739529267,-1114.5
2019-03-20 05:00:00,-0.02365826078125055,7.508238774678663,0.004692433529557505,-936.5
2019-03-20 06:00:00,-0.019746635449643613,7.515344571180436,-0.013522783540384609,99.2
2019-03-20 07:00:00,-0.04761614528157487,7.489412083508719,-0.03259143288381239,758.8
2019-03-20 08:00:00,-0.08109509319352659,7.421775793644647,-0.035977491658460536,951.2
2019-03-20 09:00:00,-0.0668279427101095,7.347299700743164,-0.03335305064305949,1111.1
2019-03-20 10:00:00,-0.044884455259074585,7.273786317844895,-0.01096695689583349,1229.9
2019-03-20 11:00:00,-0.050885295809846465,7.214504414151143,-0.022276511976578206,1167.9
2019-03-20 12:00:00,-0.07158730640653266,7.170119543449628,-0.03862909038561391,921.4
2019-03-20 13:00:00,-0.04320262746443859,7.148345743900068,-0.023349198498817003,677.9
2019-03-20 14:00:00,-0.013695227066413018,7.138073034044347,-0.038725633078277255,465.0
2019-03-20 15:00:00,0.03359352707517349,7.126087273299125,-0.050544061556234254,355.6
2019-03-20 16:00:00,0.013576793422710676,7.122866658599083,-0.0629091055448594,230.2
2019-03-20 17:00:00,-0.002803488721952352,7.132497551660044,-0.07063375452156428,444.2
2019-03-20 18:00:00,-0.012952380352064363,7.164720378771857,-0.06828506429096848,749.9
2019-03-20 19:00:00,-0.02760384885053213,7.037027614686276,-0.049852059187623254,834.9
2019-03-20 20:00:00,-0.00898685903898988,7.00033446027523,-0.042992731255715455,647.5
2019-03-20 21:00:00,0.017644849478599234,6.956545443151569,-0.032850666598218226,234.1
2019-03-20 22:00:00,0.02977405687505863,6.915723448631314,-0.027906903730233523,-173.5
2019-03-20 23:00:00,0.10154159739204927,6.876264611890766,-0.01946965773671039,-499.8
2019-03-21 00:00:00,0.07860627817221388,6.885509670034818,-0.03358390986799975,-511.3
2019-03-21 01:00:00,0.027345766054375886,6.9167150203536085,-0.032874997594880995,-625.2
2019-03-21 02:00:00,-0.02001644981328088,6.985641817639208,-0.035061527582122665,-711.6
2019-03-21 03:00:00,-0.043296676347222895,7.084226422097916,-0.03681842247620004,-765.9
2019-03-21 04:00:00,-0.04089833194305115,7.199678345691172,-0.03705367558113082,-771.7
2019-03-21 05:00:00,-0.009151631904400048,7.307872780763706,-0.04295253651514486,-744.0
2019-03-21 06:00:00,-0.008770881782778073,7.389563953677635,-0.04990522304412792,-69.4
2019-03-21 07:00:00,-0.03684493057778582,7.4360278163518485,-0.06001566905922928,528.2
2019-03-21 08:00:00,-0.037696207119275904,7.442492722794441,-0.06730586753096901,577.8
2019-03-21 09:00:00,-0.04958800431497412,7.462789157412448,-0.07389935554957638,461.4
2019-03-21 10:00:00,0.013143081776609389,7.4770384723196965,-0.04730779741813684,389.1
2019-03-21 11:00:00,-0.03195880234777526,7.474204806496124,-0.06637420359937174,277.9
2019-03-21 12:00:00,0.05053447701820035,7.465082736399547,-0.07397944291258618,116.8
2019-03-21 13:00:00,0.02698889669436788,7.436617265234227,-0.04331000392119755,39.1
2019-03-21 14:00:00,0.036754827035524684,7.397561535524052,-0.06998455326226782,-42.6
2019-03-21 15:00:00,-0.028240723532761525,7.366445148327599,-0.09945893245484605,-94.2
2019-03-21 16:00:00,0.01024142379091142,7.351158226430694,-0.08663107487153887,-224.2
2019-03-21 17:00:00,-0.03089161242770233,7.347943823148687,-0.09804510066307337,-59.9
2019-03-21 18:00:00,-0.05846694280389819,7.355641102974253,-0.10595044924441055,189.3
2019-03-21 19:00:00,-0.05405354955492836,7.206377291472252,-0.09869955018858789,292.1
2019-03-21 20:00:00,-0.003102529546253674,7.105786129481271,-0.0965728373294823,119.5
2019-03-21 21:00:00,-0.005404260934262162,6.988413181999592,-0.09413220030210745,-259.3
2019-03-21 22:00:00,-0.024954756184831783,6.829793737512425,-0.0965795303357897,-467.4
2019-03-21 23:00:00,-0.03356099202185403,6.612041034833092,-0.09122589116663171,-632.8
2019-03-22 00:00:00,0.045796286602326486,6.580639137284949,-0.07139312600629388,-651.0
2019-03-22 01:00:00,0.06685783998574868,6.364750756851911,-0.06218567638348205,-569.0
2019-03-22 02:00:00,0.08842005510409123,6.202535517187923,-0.05168787027517929,-488.1
2019-03-22 03:00:00,0.059198796780318474,6.082218910376446,-0.040009453590696964,-341.5
2019-03-22 04:00:00,-0.007593077578798901,6.030685260261263,-0.03073171436410327,-297.9
2019-03-22 05:00:00,-0.05961527420353274,6.037870919922137,-0.022886897113801652,53.8
2019-03-22 06:00:00,-0.022281466804110472,6.133398042996649,-0.01632507012343254,1074.7
2019-03-22 07:00:00,0.08112007789120934,6.1779441140506,-0.01710579688463909,1808.9
2019-03-22 08:00:00,0.046217331414331486,6.095824562432225,-0.02534710195980594,1921.8
2019-03-22 09:00:00,-0.0029649342781561394,6.07993319509559,-0.03884212689723654,1688.3
2019-03-22 10:00:00,0.09596638835346116,6.202535517187923,-0.024431517603440867,1426.9
2019-03-22 11:00:00,-0.02937316661013112,6.436150368369428,-0.055339911629850747,1142.6
2019-03-22 12:00:00,-0.0015107472269466626,6.656726524178391,-0.06459910763626908,699.6
2019-03-22 13:00:00,-0.03504366355628186,6.818924065275521,-0.06712363313008751,249.8
2019-03-22 14:00:00,-0.032339454048695426,6.937314081223682,-0.08177285010800794,38.3
2019-03-22 15:00:00,-0.020271530452494524,7.052721049232323,-0.09066443977999583,-156.0
2019-03-22 16:00:00,-0.018551254666010042,7.172424577124845,-0.08532937872429613,-332.6
2019-03-22 17:00:00,-0.01105408891972015,7.27931883541462,-0.08491583586650009,-161.1
2019-03-22 18:00:00,-0.020791015564515458,7.377133712833954,-0.08438324886109605,-20.4
2019-03-22 19:00:00,-0.04113912367672601,7.329749689041512,-0.07884640121039688,-211.7
2019-03-22 20:00:00,-0.042354618137744104,7.370230641807081,-0.08767960839020894,-700.7
2019-03-22 21:00:00,-0.0459410950243373,7.403670290012373,-0.09550490795239419,-1223.0
2019-03-22 22:00:00,-0.07660877240107,7.430707082545968,-0.10556624710861051,-1521.9
2019-03-22 23:00:00,-0.1184197287358808,7.450660796211539,-0.11442911468231465,-2030.4
2019-03-23 00:00:00,-0.11360241981881636,7.584264818389059,-0.10079882864923029,-2682.3
2019-03-23 01:00:00,-0.10514201058573258,7.592366128519796,-0.10774069378819817,-2829.3
2019-03-23 02:00:00,-0.18049338865492137,7.597396320212795,-0.11611217917302596,-2904.2
2019-03-23 03:00:00,-0.12570770830267186,7.599401333415815,-0.120865254719428,-2939.1
2019-03-23 04:00:00,-0.12739025588361752,7.59488438721652,-0.12397009140297044,-2927.6
2019-03-23 05:00:00,-0.0752485005335477,7.581719640125308,-0.12763932857410687,-2890.5
2019-03-23 06:00:00,-0.07638083445208022,7.564757012905729,-0.12612677410150397,-2627.2
2019-03-23 07:00:00,-0.045490459304045494,7.5480289699350145,-0.11961232710421577,-2412.7
2019-03-23 08:00:00,-0.02386005579316608,7.528869256642251,-0.10785784752198602,-2058.8
2019-03-23 09:00:00,-0.045902161839770805,7.546974117516527,-0.09961995466058404,-1744.6
2019-03-23 10:00:00,-0.032390238598098975,7.581209826196346,-0.08186280686405212,-1674.6
2019-03-23 11:00:00,-0.16917437679364378,7.615298339825815,-0.10464871743607418,-1799.7
2019-03-23 12:00:00,-0.1617054562884075,7.637234388789473,-0.12083111180774075,-2021.7
2019-03-23 13:00:00,-0.22634046685786302,7.655864017616056,-0.11812605918552777,-2294.5
2019-03-23 14:00:00,-0.24240835820344842,7.669028288589683,-0.10932699823123215,-2397.8
2019-03-23 15:00:00,-0.2213773127677281,7.6760099320288875,-0.11832366534190442,-2365.9
2019-03-23 16:00:00,-0.16776663062480113,7.683403681053826,-0.08459183309396856,-2195.7
2019-03-23 17:00:00,-0.0673231671254233,7.679251425953058,-0.07077690194729058,-1857.3
2019-03-23 18:00:00,-0.04796132639615003,7.681560362559537,-0.05581371491781262,-1502.6
2019-03-23 19:00:00,-0.0725834440003732,7.5678626054638825,-0.04251175982376587,-1431.5
2019-03-23 20:00:00,-0.07250116387863548,7.561121589530238,-0.04458409075910019,-1554.0
2019-03-23 21:00:00,-0.10790533710818107,7.550135342488429,-0.04620010713646927,-1806.4
2019-03-23 22:00:00,-0.16241395304648343,7.5310163320779155,-0.04985811080876701,-2018.1
2019-03-23 23:00:00,-0.17256052290741763,7.503289630675082,-0.051721740439536035,-2205.5
2019-03-24 00:00:00,-0.07668368762361544,7.5688956634069955,-0.030838024159221433,-2226.6
2019-03-24 01:00:00,-0.03729886529921167,7.534228326274089,-0.028708130141096078,-2191.2
2019-03-24 02:00:00,0.03556265539237424,7.496652438168283,-0.0287324722146014,-2177.2
2019-03-24 03:00:00,0.09984456393382102,7.4570320891223805,-0.01470027986737854,-2167.0
2019-03-24 04:00:00,0.0839888087939693,7.424165281042028,-0.014645563295211161,-2042.0
2019-03-24 05:00:00,0.1095670242460538,7.403670290012373,-0.009447604321954017,-1912.3
2019-03-24 06:00:00,0.12738436564416666,7.3864708488298945,-0.0077230607055991385,-1719.6
2019-03-24 07:00:00,0.08354874601297668,7.377133712833954,-0.008032206334172898,-1578.6
2019-03-24 08:00:00,0.0502987883142163,7.383989457978509,-0.0164570031277691,-1475.2
2019-03-24 09:00:00,-0.0019788110515128743,7.416979621381154,-0.03952365157255322,-1374.9
2019-03-24 10:00:00,-0.03334428583063742,7.458186157340487,-0.042477283928347376,-1327.6
2019-03-24 11:00:00,-0.10259147897070742,7.4949862339505335,-0.06294504661940437,-1422.6
2019-03-24 12:00:00,-0.09989209677510313,7.515344571180436,-0.06751929155301006,-1505.9
2019-03-24 13:00:00,-0.2782383426996482,7.516433302915632,-0.05711591004063621,-1456.5
2019-03-24 14:00:00,-0.23776400449670243,7.500529485395295,-0.036782931680136244,-1423.2
2019-03-24 15:00:00,-0.012828422626956382,7.470793774195062,-0.031175080525443377,-1379.0
2019-03-24 16:00:00,-0.021385533312266336,7.437206366871292,-0.014114748426084844,-1205.5
2019-03-24 17:00:00,-0.06630037982797754,7.401231264413015,-0.016683433989904017,-774.8
2019-03-24 18:00:00,-0.03210852934355124,7.364547014255642,-0.008113336502338697,-507.3
2019-03-24 19:00:00,-0.011166573237040733,7.202661196523238,-0.001811578270105585,-332.3
2019-03-24 20:00:00,-0.02156741704437426,7.1308988302963465,-0.00011975860071089528,-499.6
2019-03-24 21:00:00,-0.07661013755926716,7.044032897274685,-0.006687605125181406,-547.9
2019-03-24 22:00:00,-0.08356526750438098,6.918695219020472,-0.0035593332653416354,-745.2
2019-03-24 23:00:00,0.0006687019344786549,6.752270376141742,-0.006826297040706919,-913.7
2019-03-25 00:00:00,-0.2107903008093519,6.535241271013659,-0.021606896258274944,-1247.4
2019-03-25 01:00:00,-0.07927139155651908,6.327936783729195,-0.020536799220147728,-1243.8
2019-03-25 02:00:00,-0.09174201472459265,6.156978985585555,-0.020104761414959427,-1154.8
2019-03-25 03:00:00,-0.04343518504340471,6.09807428216624,-0.02085817524610789,-1011.2
2019-03-25 04:00:00,-0.10353337428136733,6.126869184114185,-0.017737163267840472,-998.0
2019-03-25 05:00:00,-0.07883636648214365,6.161207321695077,-0.018354253685481936,-629.3
2019-03-25 06:00:00,-0.10970802151761339,6.212606095751519,-0.01964249028081788,470.2
2019-03-25 07:00:00,-0.09558172674541776,6.298949246855942,-0.022687984600162636,1270.6
2019-03-25 08:00:00,-0.06830960401114172,6.369900982828227,-0.023357852484856778,1240.2
2019-03-25 09:00:00,-0.06705181955628303,6.502790045915623,-0.02853492712522865,1065.9
2019-03-25 10:00:00,-0.09601486864451925,6.57507584059962,-0.027750315129013714,939.1
2019-03-25 11:00:00,-0.05028165463102763,6.56244409369372,-0.029261345915791992,764.1
2019-03-25 12:00:00,-0.017431217802746257,6.52649485957079,-0.05777549094282719,505.5
2019-03-25 13:00:00,-0.043540402829742586,6.489204931325317,-0.03995183134264302,277.4
2019-03-25 14:00:00,-0.05019887485822139,6.436150368369428,-0.04444999102705971,201.8
2019-03-25 15:00:00,-0.01991709534603414,6.363028103540465,-0.053934296548296956,228.0
2019-03-25 16:00:00,-0.0605920282882364,6.278521424165844,-0.04642263979817862,301.2
2019-03-25 17:00:00,-0.09372177667076098,6.214608098422191,-0.042203515544104064,774.4
2019-03-25 18:00:00,-0.10153448241614615,6.270988431858299,-0.030075685448114342,1087.7
2019-03-25 19:00:00,-0.04002351854939068,6.206575926724928,-0.010010730330142437,1097.5
2019-03-25 20:00:00,-0.025668664618332393,6.320768294250582,0.0032949708661824673,871.7
2019-03-25 21:00:00,-0.027986788575660615,6.421622267806518,0.0014688311150727884,411.0
2019-03-25 22:00:00,6.130762435185844e-05,6.508769136971682,0.0010588849105577225,-177.9
2019-03-25 23:00:00,-0.0013796815974376209,6.594413459749778,0.002078419966769829,-624.0
2019-03-26 00:00:00,-0.04431583403641115,7.076653815443951,-0.01595008112506946,-1674.1
2019-03-26 01:00:00,-0.09624753806359099,7.143617602704121,-0.017959438461151223,-1863.5
2019-03-26 02:00:00,-0.13181135846831227,7.21890970761906,-0.020797944149135716,-1940.7
2019-03-26 03:00:00,-0.12886484836022438,7.288244401020124,-0.021732484574755517,-1959.1
2019-03-26 04:00:00,-0.21721077181335469,7.336285660021297,-0.024956356676336,-1885.5
2019-03-26 05:00:00,-0.1459713833422076,7.344719054149673,-0.026884701785741427,-1602.0
2019-03-26 06:00:00,-0.12120550474925995,7.325148957955575,-0.03627454163108723,-666.9
2019-03-26 07:00:00,-0.07565336469740513,7.29776828253138,-0.045150715711185896,124.7
2019-03-26 08:00:00,-0.07592963274223097,7.266827347520591,-0.049938088898290545,212.3
2019-03-26 09:00:00,-0.08337005497858918,7.2485040723706105,-0.05642806860593552,-3.5
2019-03-26 10:00:00,-0.05407371454877241,7.143617602704121,-0.05476876937037645,-9.7
2019-03-26 11:00:00,-0.046361674113380325,6.8966943316227125,-0.057783554569741824,144.4
2019-03-26 12:00:00,-0.029103983683692825,6.606650186198215,-0.0466133256308332,288.2
2019-03-26 13:00:00,-0.009087989939642771,6.309918278226516,-0.048484081193214124,358.7
2019-03-26 14:00:00,-0.007189884709305261,6.023447592961033,-0.04324516604483186,418.9
2019-03-26 15:00:00,0.013620625691307175,5.730099782973574,-0.04728211545566374,494.6
2019-03-26 16:00:00,0.002401862534623156,5.497168225293202,-0.046094428599634085,481.1
2019-03-26 17:00:00,0.0161251876838171,5.455321115357702,-0.05329053499647429,872.9
2019-03-26 18:00:00,0.07231537760380125,5.634789603169249,-0.052552567461891186,1107.5
2019-03-26 19:00:00,0.07979010123003105,5.768320995793772,-0.04139495954714256,1157.3
2019-03-26 20:00:00,0.02213968147852885,5.963579343618446,-0.03069933073844311,839.1
2019-03-26 21:00:00,0.020659890598724306,6.12029741895095,-0.027846634005143756,258.1
2019-03-26 22:00:00,0.06192827999806072,6.198478716492308,-0.02390746095168339,-317.8
2019-03-26 23:00:00,0.15620755187166058,6.19644412779452,-0.013759070848701427,-768.1
2019-03-27 00:00:00,0.15882181816608432,6.368187186350492,-0.03826548054372303,-1187.1
2019-03-27 01:00:00,0.10433280240928511,6.3784261836515865,-0.04250805669993163,-1214.1
2019-03-27 02:00:00,0.10073762104276751,6.371611847231857,-0.04506302454298705,-1269.3
2019-03-27 03:00:00,0.03152203885703253,6.35088571671474,-0.04748926607003234,-1249.0
2019-03-27 04:00:00,-0.0793248993329243,6.313548046277095,-0.055232477363258425,-1112.8
2019-03-27 05:00:00,-0.10534665803474974,6.2422232654551655,-0.05985832683596293,-765.8
2019-03-27 06:00:00,-0.06759805277707853,6.115892125483034,-0.0686593145483485,159.7
2019-03-27 07:00:00,-0.03589373872998847,5.902633333401366,-0.07831368222190704,1081.3
2019-03-27 08:00:00,-0.03518685375058794,5.5909869805108565,-0.08304595925419989,1231.9
2019-03-27 09:00:00,-0.042408392516191995,5.337538079701318,-0.08589071652002289,1142.0
2019-03-27 10:00:00,-0.06043314788867349,5.187385805840755,-0.07261019233184385,983.2
2019-03-27 11:00:00,-0.07352777255960596,5.1298987149230735,-0.09199815794009325,728.0
2019-03-27 12:00:00,-0.09798578026106375,5.0689042022202315,-0.11403997783810205,389.0
2019-03-27 13:00:00,-0.07674197779433056,5.0369526024136295,-0.10253753476057703,182.3
2019-03-27 14:00:00,-0.07086797772115183,5.0106352940962555,-0.11945523421474036,54.2
2019-03-27 15:00:00,-0.013179813450244104,4.990432586778736,-0.12671845903240886,-84.0
2019-03-27 16:00:00,-0.05830453474923036,5.017279836814924,-0.13588541272470778,-76.0
2019-03-27 17:00:00,-0.07399103164354948,5.111987788356544,-0.13745173869308935,202.0
2019-03-27 18:00:00,-0.07204903309734689,5.298317366548036,-0.13306304169689476,568.8
2019-03-27 19:00:00,-0.06811218049877077,5.099866427824199,-0.1156130541694722,730.7
2019-03-27 20:00:00,-0.05767271710468158,4.897839799950911,-0.1045386647500326,511.0
2019-03-27 21:00:00,-0.03205632556174054,4.727387818712341,-0.094989144843872,47.8
2019-03-27 22:00:00,-0.026856611069415504,4.700480365792417,-0.09195678571808585,-422.6
2019-03-27 23:00:00,0.03374120260340163,4.844187086458591,-0.08698025448444291,-763.5
2019-03-28 00:00:00,-0.04239660808579071,5.153291594497779,-0.10475769668189727,-1398.6
2019-03-28 01:00:00,-0.027137808289315668,5.493061443340548,-0.10209537448606731,-1576.7
2019-03-28 02:00:00,-0.04816174838860077,5.886104031450156,-0.09988178822246674,-1675.3
2019-03-28 03:00:00,-0.08438353644974406,6.246106765481563,-0.0940252021553647,-1724.7
2019-03-28 04:00:00,-0.08345794636184722,6.480044561926653,-0.0894292817427722,-1753.5
2019-03-28 05:00:00,-0.09894697505737149,6.618738983517219,-0.08632567143589576,-1483.1
2019-03-28 06:00:00,-0.09507504516443088,6.714170529909472,-0.08664054807216459,-492.9
2019-03-28 07:00:00,-0.1188220449039381,6.705639094860003,-0.09123656461510699,186.2
2019-03-28 08:00:00,-0.11416809950290174,6.535241271013659,-0.1059572063847245,270.7
2019-03-28 09:00:00,-0.1007793047200809,6.401917196727186,-0.12845361414403023,-46.8
2019-03-28 10:00:00,-0.02060361920064402,6.3784261836515865,-0.12118807768353612,-244.1
2019-03-28 11:00:00,-0.06681453168668394,6.45833828334479,-0.1566623963730276,-517.9
2019-03-28 12:00:00,0.01682633363682129,6.553933404025811,-0.17881168385528134,-800.1
2019-03-28 13:00:00,-0.007470268410347369,6.6895992691789665,-0.15916326319248064,-1071.2
2019-03-28 14:00:00,-0.002825755540451169,6.851184927493743,-0.18516634660465492,-1317.2
2019-03-28 15:00:00,-0.07780279048077565,6.990256500493881,-0.205389001029042,-1492.0
2019-03-28 16:00:00,-0.06558600667421866,7.114769448366463,-0.19250412502360348,-1592.7
2019-03-28 17:00:00,-0.13990398850429964,7.237059026124737,-0.19617578032860195,-1443.8
2019-03-28 18:00:00,-0.1812038815754402,7.357556200910353,-0.1898889423926402,-1367.9
2019-03-28 19:00:00,-0.1923903334543895,7.310550158534422,-0.16939619167790454,-1289.4
2019-03-28 20:00:00,-0.1696909771096866,7.352441100243583,-0.15886842469872242,-1572.3
2019-03-28 21:00:00,-0.20026009685958934,7.385851078125209,-0.1598817607716736,-2059.1
2019-03-28 22:00:00,-0.29362336355421537,7.4133673356952405,-0.17095444677982385,-2586.4
2019-03-28 23:00:00,-0.2867424555070097,7.4377951216719325,-0.1756145952206527,-3119.3
2019-03-29 00:00:00,-0.922892258674014,7.596894438144544,-0.15102611077147898,-3408.0
2019-03-29 01:00:00,-0.922892258674014,7.61085279039525,-0.15546740350166033,-3508.6
2019-03-29 02:00:00,-0.922892258674014,7.61972421378267,-0.1576640182778828,-3537.7
2019-03-29 03:00:00,-0.922892258674014,7.627544390488503,-0.15469000673810918,-3494.9
2019-03-29 04:00:00,-0.7908765258551038,7.63433723562832,-0.1508151881180293,-3566.9
2019-03-29 05:00:00,-0.26303118785004864,7.640603826393634,-0.14604216828188576,-3498.0
2019-03-29 06:00:00,-0.22554250175377577,7.643003635560718,-0.13963310188893274,-2429.9
2019-03-29 07:00:00,-0.20662954159021663,7.645397699428633,-0.13706669184103504,-1739.0
2019-03-29 08:00:00,-0.1995935385728691,7.627544390488503,-0.14031868786865864,-1712.7
2019-03-29 09:00:00,-0.193245600739679,7.628517626575055,-0.14379238613905265,-1989.6
2019-03-29 10:00:00,-0.06234662838848459,7.63433723562832,-0.12655383826807665,-2161.7
2019-03-29 11:00:00,-0.21361822773318107,7.642044402873258,-0.15182402677976903,-2285.5
2019-03-29 12:00:00,-0.20110058621305527,7.646831391430482,-0.15698664723914568,-2547.6
2019-03-29 13:00:00,-0.23848679487823432,7.645875825184813,-0.15483754464512245,-2838.7
2019-03-29 14:00:00,-0.23387229285246303,7.640603826393634,-0.163222787753746,-2960.3
2019-03-29 15:00:00,-0.19441456451265848,7.634820677745543,-0.17117276110521296,-3098.5
2019-03-29 16:00:00,-0.18995484087726977,7.628031126930335,-0.16230177388457356,-3051.1
2019-03-29 17:00:00,-0.1990308869947195,7.622174594817622,-0.1595830703748522,-2693.4
2019-03-29 18:00:00,-0.13803656128589514,7.62608275807238,-0.15544604863965183,-2445.2
2019-03-29 19:00:00,-0.1561964857981395,7.509335266016592,-0.1344058543013258,-2302.5
2019-03-29 20:00:00,-0.1968431643420656,7.489412083508719,-0.12525628364378072,-2479.5
2019-03-29 21:00:00,-0.19427755271895553,7.463936604468925,-0.1240695969388721,-2844.9
2019-03-29 22:00:00,-0.25497123461421767,7.438383530044307,-0.12556053223507213,-3174.0
2019-03-29 23:00:00,-0.3856259071453181,7.413970290190444,-0.12646536831426225,-3346.1
2019-03-30 00:00:00,-0.1702689205308796,7.51425465281641,-0.14626642348581775,-3794.8
2019-03-30 01:00:00,-0.16778906889808765,7.478734825567875,-0.14610541981185676,-3747.9
2019-03-30 02:00:00,-0.20335152673097134,7.417580402414544,-0.14815098974801444,-3669.2
2019-03-30 03:00:00,-0.09092159221725638,7.348587530927593,-0.1450172822896434,-3617.5
2019-03-30 04:00:00,-0.03288135817344706,7.284820912568604,-0.14184144697559908,-3605.4
2019-03-30 05:00:00,-0.07222003062348614,7.215239978730097,-0.14261211969495413,-3405.9
2019-03-30 06:00:00,-0.1254816058611583,7.1284959456800365,-0.1448899144823148,-3127.2
2019-03-30 07:00:00,-0.14044492788740337,7.034387929915503,-0.14062126965027488,-2777.6
2019-03-30 08:00:00,-0.09485492995079081,6.988413181999592,-0.13299572524890735,-2106.0
2019-03-30 09:00:00,-0.16539211090822636,6.980075940561763,-0.1282986919304463,-1425.3
2019-03-30 10:00:00,-0.12011271268244261,7.018401799069201,-0.11316759684806144,-1202.1
2019-03-30 11:00:00,-0.25780892273560996,7.095064377287131,-0.12139747496951259,-1340.1
2019-03-30 12:00:00,-0.19755158806154327,7.177782416195197,-0.11638459189170902,-1532.3
2019-03-30 13:00:00,-0.316296800391767,7.223295679562314,-0.10333738964109251,-1700.3
2019-03-30 14:00:00,-0.32271658785048807,7.222566018822171,-0.09625353843995477,-1744.2
2019-03-30 15:00:00,-0.2305657388221345,7.2196420401307355,-0.11958218674556242,-2005.1
2019-03-30 16:00:00,-0.147576670361119,7.22983877815125,-0.09803567569761107,-1963.5
2019-03-30 17:00:00,-0.06814519758683835,7.252762418053187,-0.1051137578112975,-1791.7
2019-03-30 18:00:00,-0.0823614624586626,7.289610521451167,-0.10808123184956209,-1451.8
2019-03-30 19:00:00,-0.09855893040363384,7.233455418621439,-0.10740248828532906,-1402.3
2019-03-30 20:00:00,-0.11517951352987632,7.261225091971921,-0.10826374403373507,-1722.8
2019-03-30 21:00:00,-0.11027781746181153,7.275172319452771,-0.10507645523526143,-2229.3
2019-03-30 22:00:00,-0.16756694351488877,7.280008252884188,-0.10730580326219474,-2524.1
2019-03-30 23:00:00,-0.29332418670193894,7.284134806195205,-0.10393588374737561,-2694.4
2019-03-31 00:00:00,-0.10240857886205124,7.425953657077541,-0.11663697164389575,-3432.2
2019-03-31 01:00:00,-0.07867472302941625,7.432483807917119,-0.1092413678694335,-3552.2
2019-03-31 03:00:00,-0.1504499764463394,7.444833273892193,-0.10038302765906515,-3539.0
2019-03-31 04:00:00,-0.30124634441149123,7.45182223652793,-0.1005246363159813,-3450.0
2019-03-31 05:00:00,-0.18352209051697344,7.447751280047908,-0.0939739120291403,-3428.8
2019-03-31 06:00:00,-0.0898067871427477,7.424165281042028,-0.08702727045029057,-3373.4
2019-03-31 07:00:00,-0.02952839860599399,7.396948602621014,-0.07092212466359626,-3172.5
2019-03-31 08:00:00,-0.05112292509940275,7.373374309910049,-0.05453938949832171,-2709.5
2019-03-31 09:00:00,-0.09038742174617065,7.362010551259734,-0.04141072567875881,-2284.3
2019-03-31 10:00:00,-0.10354316209735837,7.347943823148687,-0.025660305672406736,-2081.0
2019-03-31 11:00:00,-0.12087698214300291,7.311218384419629,-0.035052647840153384,-2010.8
2019-03-31 12:00:00,-0.1412501406247313,7.244941546337007,-0.04495119897671351,-1874.4
2019-03-31 13:00:00,-0.2104991933640652,7.1808311990445555,-0.047389751589820506,-1845.2
2019-03-31 14:00:00,-0.5436462519947622,7.148345743900068,-0.051214632763528556,-1852.2
2019-03-31 15:00:00,-0.922892258674014,7.141245122350491,-0.06705247913115286,-1839.2
2019-03-31 16:00:00,-0.922892258674014,7.130098510125578,-0.06461129191147208,-1826.9
2019-03-31 17:00:00,-0.3315669868836828,7.091742115095153,-0.080610521296137,-1736.3
2019-03-31 18:00:00,-0.15487719373545072,7.00397413672268,-0.07898618553056558,-1531.2
2019-03-31 19:00:00,-0.0741735113574018,6.78105762593618,-0.06657533048705311,-1413.5
2019-03-31 20:00:00,-0.038525685723264314,6.754604099487962,-0.04247311893666428,-1277.3
2019-03-31 21:00:00,-0.0346685064745893,6.74993119378857,-0.031315958327923,-1536.1
2019-03-31 22:00:00,-0.01740027928379906,6.738152494595957,-0.02646220417455325,-1894.4
2019-03-31 23:00:00,0.05223518304685326,6.673297967767654,-0.027926694403937802,-2133.9
2019-04-01 00:00:00,0.08474355160153868,6.705639094860003,0.10754895745324156,-2397.9
2019-04-01 01:00:00,0.06616870064120617,6.54534966033442,0.11036002004876622,-2354.5
2019-04-01 02:00:00,0.12612309449870596,6.345636360828596,0.11732063791364133,-2145.2
2019-04-01 03:00:00,0.11831613441368205,6.126869184114185,0.11055675637757112,-1952.4
2019-04-01 04:00:00,-0.027937463432185172,5.916202062607435,0.11679385789497587,-1701.4
2019-04-01 05:00:00,-0.02303672917791122,5.713732805509369,0.1226936403978236,-1330.9
2019-04-01 06:00:00,-0.05704868632013316,5.521460917862246,0.12422222217930923,-355.4
2019-04-01 07:00:00,-0.08014099976643774,5.356586274672012,0.12387006187744909,590.1
2019-04-01 08:00:00,-0.038410765391763135,5.298317366548036,0.11906663625759073,711.5
2019-04-01 09:00:00,-0.08566055977810816,5.4116460518550396,0.11244840780935306,518.2
2019-04-01 10:00:00,-0.19353447700515014,5.62040086571715,0.08847064223140144,209.3
2019-04-01 11:00:00,-0.13902295425819666,5.918893854273146,0.088780926879366,-104.7
2019-04-01 12:00:00,-0.11184083132858325,6.1903154058531475,0.05751062364404902,-469.1
2019-04-01 13:00:00,-0.1426764035768353,6.380122536899765,0.061219485792603834,-799.5
2019-04-01 14:00:00,-0.16854803498554727,6.470799503782602,0.06820772719832036,-861.1
2019-04-01 15:00:00,-0.1827238180105284,6.489204931325317,0.06472194095088035,-955.3
2019-04-01 16:00:00,-0.15904740158391473,6.486160788944089,0.07181758726953369,-1100.3
2019-04-01 17:00:00,-0.15921365841152868,6.46302945692067,0.08388089990274672,-1052.3
2019-04-01 18:00:00,-0.1485226469727614,6.476972362889683,0.09601792597513636,-1005.2
2019-04-01 19:00:00,-0.1195413480615497,6.354370040797351,0.11146045568714413,-853.6
2019-04-01 20:00:00,-0.11565156610819205,6.453624998892692,0.11641327106236332,-718.0
2019-04-01 21:00:00,-0.12537310898840026,6.546785410760524,0.10470815086582874,-1004.8
2019-04-01 22:00:00,-0.15154429409334558,6.630683385642372,0.10099134305071544,-1444.7
2019-04-01 23:00:00,-0.13684718677636898,6.684611727667927,0.10204898866292211,-1961.4
2019-04-02 00:00:00,-0.04962893981574279,6.880384082186005,0.08844700626134028,-2334.9
2019-04-02 01:00:00,-0.18030035294211766,6.937314081223682,0.0892435496239159,-2524.8
2019-04-02 02:00:00,-0.22863951236284663,6.976348070447749,0.09119322174590394,-2553.4
2019-04-02 03:00:00,-0.22358476624573953,6.9957661563048505,0.08690268154935943,-2516.5
2019-04-02 04:00:00,-0.1891039639123644,7.007600613951853,0.0873079920148303,-2476.8
2019-04-02 05:00:00,-0.1258275297283924,7.00397413672268,0.09113041972320701,-2006.5
2019-04-02 06:00:00,-0.10586738918437488,6.981934677156389,0.0913159989054737,-1082.9
2019-04-02 07:00:00,-0.14832787280093385,6.93537044601511,0.08842782701847085,-108.4
2019-04-02 08:00:00,-0.17690883307158067,6.842683282238422,0.08143521019073674,39.3
2019-04-02 09:00:00,-0.1610027133875067,6.814542897259958,0.0750697193761436,-277.7
2019-04-02 10:00:00,-0.211976371196112,6.862757913051401,0.057445786086491424,-639.8
2019-04-02 11:00:00,-0.17431385081882844,6.9584483932976555,0.05076497410129832,-984.6
2019-04-02 12:00:00,-0.17025798029024664,7.05617528410041,0.04722512578596216,-1345.5
2019-04-02 13:00:00,-0.18328421101097758,7.1180162044653335,0.015771969154400267,-1537.0
2019-04-02 14:00:00,-0.21630521232506483,7.142036574706803,0.03610756156394679,-1663.8
2019-04-02 15:00:00,-0.2516884105876591,7.140453043101158,0.03448070549200466,-1725.6
2019-04-02 16:00:00,-0.2256106779646445,7.130098510125578,0.039067550534893414,-1791.3
2019-04-02 17:00:00,-0.17323639361679355,7.1204443723924875,0.049202642404781116,-1657.9
2019-04-02 18:00:00,-0.15610398911997647,7.13966033596492,0.06505839531190993,-1812.9
2019-04-02 19:00:00,-0.15902591257141685,7.048386408721883,0.07753878721372587,-1616.8
2019-04-02 20:00:00,-0.15695837533491686,7.0825485693553,0.07673193033486747,-1444.2
2019-04-02 21:00:00,-0.19484467750574241,7.081708586105575,0.0640151615727742,-1593.8
2019-04-02 22:00:00,-0.24322134253886363,7.068172000388042,0.059269175701341936,-2080.2
2019-04-02 23:00:00,-0.1402934089108796,7.048386408721883,0.06151606364210238,-2577.1
2019-04-03 00:00:00,0.14849319227551838,7.1853870155804165,0.041702046290389205,-1648.5
2019-04-03 01:00:00,0.05431188665189968,7.165493475060845,0.04040942161707761,-1760.0
2019-04-03 02:00:00,0.0738020743275718,7.151485463904735,0.03906817667005136,-1777.9
2019-04-03 03:00:00,0.03366442515096191,7.146772179452637,0.03525992764137875,-1740.3
2019-04-03 04:00:00,-0.024008893407170273,7.142827401161621,0.03494949826399463,-1615.5
2019-04-03 05:00:00,-0.08644871291107759,7.132497551660044,0.04398523947310551,-1240.1
2019-04-03 06:00:00,-0.05434292911076488,7.110696122978827,0.05555077389707819,-342.7
2019-04-03 07:00:00,-0.08995036887984176,7.062191632286556,0.05436929097571763,484.0
2019-04-03 08:00:00,-0.06862580250651495,6.947937068614969,0.05205333196837891,672.9
2019-04-03 09:00:00,-0.059378786883582,6.848005274576363,0.051799862046863154,635.7
2019-04-03 10:00:00,-0.060952784050155806,6.77078942390898,0.05876951472396108,595.9
2019-04-03 11:00:00,-0.05241559977665222,6.704414354964107,0.052066553387616565,561.8
2019-04-03 12:00:00,-0.11442390338708774,6.647688373563329,0.04164373591071069,477.5
2019-04-03 13:00:00,-0.10392374836528884,6.590301048196686,0.04533162035166605,381.1
2019-04-03 14:00:00,-0.08094432179188482,6.548219102762372,0.062189118552097966,286.3
2019-04-03 15:00:00,-0.08801033439578987,6.525029657843462,0.06601119183216753,181.0
2019-04-03 16:00:00,-0.0737052443553039,6.513230110912307,0.062322465207232725,2.4
2019-04-03 17:00:00,-0.08045334638495527,6.55250788703459,0.06627116217345197,-7.3
2019-04-03 18:00:00,-0.11933989079439433,6.674561391814426,0.06712364487158773,-62.5
2019-04-03 19:00:00,-0.12620385830185876,6.705639094860003,0.0639951028269472,-81.0
2019-04-03 20:00:00,-0.13225411406094922,6.795705775173514,0.04870675310707995,-140.4
2019-04-03 21:00:00,-0.11435269519717028,6.812345094177479,0.032203899959824867,-446.2
2019-04-03 22:00:00,-0.1498574569498592,6.807934943699926,0.014057224278438696,-843.2
2019-04-03 23:00:00,0.009912121023569309,6.790097235513905,0.005056377074742713,-1248.0
2019-04-04 00:00:00,0.08220331757134902,6.76849321164863,0.004936490094586077,-1584.1
2019-04-04 01:00:00,0.005879099172344304,6.747586526829315,0.00253256458929485,-1718.1
2019-04-04 02:00:00,0.011186875452482425,6.736966958001855,0.001738826588731257,-1746.0
2019-04-04 03:00:00,-0.011532770801447434,6.738152494595957,-0.0031614025382395994,-1692.6
2019-04-04 04:00:00,0.04897559104361582,6.75343791859778,0.002853404395585457,-1533.4
2019-04-04 05:00:00,-0.0032398690473853797,6.773080375655535,0.012583730611455124,-1200.3
2019-04-04 06:00:00,-0.02366300741364613,6.777646593635117,0.027183263560171866,-152.2
2019-04-04 07:00:00,-0.04311900632862686,6.75110146893676,0.034141428591324186,655.9
2019-04-04 08:00:00,-0.0003755019489690703,6.658011045870748,0.028327105324649438,786.9
2019-04-04 09:00:00,-0.018634304875954744,6.56244409369372,0.023586878569522796,579.8
2019-04-04 10:00:00,-0.005979157905283028,6.507277712385012,0.026910064620221164,412.1
2019-04-04 11:00:00,-0.04213564584857865,6.511745329644728,0.011836574925684573,250.9
2019-04-04 12:00:00,0.014096464686871535,6.555356891810665,-0.004738772471885255,25.7
2019-04-04 13:00:00,-0.018785738770973115,6.591673732008658,-0.010629325213004748,-270.4
2019-04-04 14:00:00,-0.02877407153681588,6.606650186198215,-0.01763410260528886,-363.6
2019-04-04 15:00:00,-0.14154245511613883,6.61472560020376,-0.03658291384085466,-452.5
2019-04-04 16:00:00,-0.06474961900278897,6.6240652277998935,-0.019903349955200156,-604.3
2019-04-04 17:00:00,-0.07948111636769495,6.668228248417403,-0.006856006640626688,-592.7
2019-04-04 18:00:00,-0.11189954000036462,6.78332520060396,0.006781061247540521,-734.2
2019-04-04 19:00:00,-0.11988121795386242,6.846943139585379,0.025197716456146324,-660.3
2019-04-04 20:00:00,-0.09002951329674413,6.9167150203536085,0.027124393850112227,-481.3
2019-04-04 21:00:00,-0.0837407392130376,6.893656354602635,0.021493296698997355,-800.2
2019-04-04 22:00:00,-0.07804829080474729,6.852242569051878,0.01205095096164932,-1425.8
2019-04-04 23:00:00,0.016841118433998936,6.807934943699926,0.008290017973410002,-1898.3
2019-04-05 00:00:00,0.16444712022496022,6.933423025730715,-0.0015983332924651705,-1943.8
2019-04-05 01:00:00,0.12752515941053044,6.932447891572509,-0.0014656357325204539,-1974.2
2019-04-05 02:00:00,0.12163256171437453,6.968850378341948,0.0021094531612479983,-1929.6
2019-04-05 03:00:00,0.07817155654282759,7.0326242610280065,-0.00176924390416211,-1880.8
2019-04-05 04:00:00,0.0652893805251824,7.094234845924755,0.004857386473247516,-1800.6
2019-04-05 05:00:00,-0.025009857014855363,7.147559271189454,0.014178301825930717,-1516.6
2019-04-05 06:00:00,-0.07211922636563672,7.187657164114956,0.03164958074944835,-442.8
2019-04-05 07:00:00,-0.1278089548089052,7.201916317531627,0.04209415920551507,211.7
2019-04-05 08:00:00,-0.1217299345904368,7.154615356913663,0.040097270818757025,435.3
2019-04-05 09:00:00,-0.09836432226855152,7.119635638017636,0.03621771025103904,356.8
2019-04-05 10:00:00,0.003056484456719133,7.10085190894405,0.0413749000784982,223.0
2019-04-05 11:00:00,-0.0844333710395011,7.10002716662926,0.022744006771157288,155.3
2019-04-05 12:00:00,-0.0598807814646789,7.103322062526113,0.017755018531632416,-27.6
2019-04-05 13:00:00,-0.09623191822339061,7.093404625868766,0.006979601037137684,-260.3
2019-04-05 14:00:00,-0.08268754993146477,7.077498053569231,0.020563800448936576,-399.7
2019-04-05 15:00:00,-0.1110571690768758,7.069874128458572,0.020866900888524498,-596.8
2019-04-05 16:00:00,-0.07402777592713328,7.060476365999801,0.027929121444353555,-715.2
2019-04-05 17:00:00,-0.05639453567384001,7.0707241072602764,0.04027981040606754,-703.5
2019-04-05 18:00:00,-0.07088391500036462,7.115582126184454,0.04904195134126432,-658.0
2019-04-05 19:00:00,-0.08639306620481291,7.048386408721883,0.059768566627107944,-671.3
2019-04-05 20:00:00,-0.09348193534081739,7.0707241072602764,0.05758778666656639,-679.3
2019-04-05 21:00:00,-0.06538746220571312,7.047517221357296,0.05003144242626867,-850.4
2019-04-05 22:00:00,-0.03355637137221912,7.010311867307229,0.043516674650270204,-1203.3
2019-04-05 23:00:00,0.03607753675218106,6.961296045910167,0.041337101971906876,-1545.9
2019-04-06 00:00:00,0.10471569779097845,6.8690144506657065,0.013949920905261592,-2246.2
2019-04-06 01:00:00,0.0809633029664325,6.79346613258001,0.013747518472069231,-2351.2
2019-04-06 02:00:00,0.10748727336402242,6.741700694652055,0.01622811972450222,-2384.4
2019-04-06 03:00:00,0.11223280674508507,6.710523109452428,0.01310530549986133,-2359.5
2019-04-06 04:00:00,0.10329023217126787,6.688354713946762,0.01714069557203146,-2338.5
2019-04-06 05:00:00,0.1158236011864795,6.670766320845874,0.01540264926155821,-2326.3
2019-04-06 06:00:00,0.04133976518831606,6.655440350367647,0.022524035663064268,-2206.2
2019-04-06 07:00:00,-0.04304501307944841,6.61472560020376,0.0261027272607528,-1913.3
2019-04-06 08:00:00,-0.03769150323326098,6.478509642208569,0.026310334049307826,-1427.8
2019-04-06 09:00:00,-0.019127734408013186,6.293419278846481,0.02286395935898433,-1036.1
2019-04-06 10:00:00,0.036069210781813243,6.16541785423142,0.01111043322962324,-916.2
2019-04-06 11:00:00,-0.010395367229177666,6.1224928095143865,-0.004850977472564466,-888.0
2019-04-06 12:00:00,0.02553895892435598,6.173786103901937,-0.019123977942395953,-1082.7
2019-04-06 13:00:00,-0.06567447705145968,6.236369590203704,-0.03790983799036596,-1306.6
2019-04-06 14:00:00,-0.06254303954302465,6.249975242259483,-0.021901140186907142,-1449.4
2019-04-06 15:00:00,-0.12385771104246768,6.20455776256869,-0.05163665712452925,-1568.1
2019-04-06 16:00:00,-0.045664074763350104,6.144185634125646,-0.030770948409902132,-1570.4
2019-04-06 17:00:00,-0.03463300437929373,6.133398042996649,-0.016765293709131157,-1402.6
2019-04-06 18:00:00,-0.029238497671744135,6.2324480165505225,0.0029411742987175415,-1282.1
2019-04-06 19:00:00,-0.04613312054499419,6.1675164908883415,0.017182785366738784,-1280.6
2019-04-06 20:00:00,-0.027519923594032658,6.257667587882639,0.007988763495355045,-1323.4
2019-04-06 21:00:00,-0.012862886711585642,6.251903883165888,0.0008370776920383349,-1426.8
2019-04-06 22:00:00,0.027421806538615368,6.210600077024653,-0.010043683951076687,-1731.5
2019-04-06 23:00:00,0.04164833888934272,6.1224928095143865,-0.014942660538135755,-1900.8
2019-04-07 00:00:00,0.25449998038594224,6.186208623900494,-0.01655120861076398,-2176.0
2019-04-07 01:00:00,0.25899015100715106,6.102558594613569,-0.016000811246398072,-2315.9
2019-04-07 02:00:00,0.30193544569115316,6.061456918928017,-0.01776837664321107,-2369.1
2019-04-07 03:00:00,0.3359555817611266,6.118097198041348,-0.015016619351866822,-2443.1
2019-04-07 04:00:00,0.3432546827394942,6.263398262591624,-0.018079063465449963,-2508.0
2019-04-07 05:00:00,0.3248970251050496,6.3578422665081,-0.01546888310879524,-2489.0
2019-04-07 06:00:00,0.26112423440799315,6.369900982828227,-0.01177484683591068,-2388.6
2019-04-07 07:00:00,0.14521664374565058,6.317164686747284,-0.009754954955182527,-2234.7
2019-04-07 08:00:00,0.06471749594180753,6.240275845170769,-0.006087810682741335,-1838.9
2019-04-07 09:00:00,0.052086542630533916,6.184148890937483,0.0031358721644281218,-1440.8
2019-04-07 10:00:00,0.019708050881358297,6.150602768446279,0.006723117182183103,-1185.2
2019-04-07 11:00:00,0.036514171313429156,6.12029741895095,0.004147118231420777,-1129.3
2019-04-07 12:00:00,0.056614665001248454,6.077642243349034,-0.007329815234959014,-1143.6
2019-04-07 13:00:00,0.06191766128819687,6.042632833682381,-0.01618124813059829,-1228.6
2019-04-07 14:00:00,0.10745754902131122,6.045005314036012,0.006678669415769889,-1345.7
2019-04-07 15:00:00,0.11282843997797354,6.0844994130751715,-0.0005711895031179637,-1442.1
2019-04-07 16:00:00,0.11739671085703662,6.124683390894205,0.006597129690470993,-1430.1
2019-04-07 17:00:00,0.0076954379440126175,6.180016653652572,0.00802311383701948,-1303.4
2019-04-07 18:00:00,-0.010907212252342369,6.263398262591624,0.018061736295271302,-1223.7
2019-04-07 19:00:00,-0.009659975102616958,6.236369590203704,0.021967832862898717,-1053.7
2019-04-07 20:00:00,-0.015252588612228113,6.369900982828227,0.02269037274210106,-972.8
2019-04-07 21:00:00,-0.031978761948869394,6.470799503782602,0.010265268674704231,-1288.0
2019-04-07 22:00:00,0.012256685761755648,6.55250788703459,0.008397218855456856,-1722.3
2019-04-07 23:00:00,0.1582071158841778,6.618738983517219,-0.0022586271460713903,-2156.0
2019-04-08 00:00:00,0.27502859346687547,6.862757913051401,-0.01315964884058829,-2587.9
2019-04-08 01:00:00,0.2715316111088706,6.907755278982137,-0.013531479327980378,-2753.7
2019-04-08 02:00:00,0.2692239381393793,6.943122422819428,-0.012436067459002942,-2719.0
2019-04-08 03:00:00,0.22965747295960126,6.981934677156389,-0.019144998486712694,-2663.1
2019-04-08 04:00:00,0.11021287504863242,7.026426808699636,-0.013784046388332527,-2586.0
2019-04-08 05:00:00,0.05346136494753084,7.049254841255837,-0.0071974927072187,-2223.4
2019-04-08 06:00:00,-0.03304848481487799,7.050122520269059,0.003816248414013401,-999.1
2019-04-08 07:00:00,-0.08664691166546401,7.045776576879511,0.011690508464008431,-148.3
2019-04-08 08:00:00,-0.11232756341713435,7.038783541388542,0.016265666345812946,55.0
2019-04-08 09:00:00,-0.08002547217423706,7.045776576879511,0.029539050617035656,-107.3
2019-04-08 10:00:00,-0.13382917439156472,7.04141166379481,0.03223769914611552,-97.6
2019-04-08 11:00:00,-0.06891598769188567,7.020190708311925,0.05514412211736541,-91.0
2019-04-08 12:00:00,-0.034549157026936506,6.985641817639208,0.04234957694904118,-61.2
2019-04-08 13:00:00,-0.07163330072076546,6.954638864880987,0.0593613248367717,-116.2
2019-04-08 14:00:00,-0.08553208428917358,6.925595197110468,0.08220400807380024,-144.8
2019-04-08 15:00:00,-0.0986275985038092,6.904750769961838,0.08383367383269302,-181.1
2019-04-08 16:00:00,-0.08339071059078851,6.879355804460439,0.09218192737241182,-411.2
2019-04-08 17:00:00,-0.07491651761980744,6.856461984594587,0.08424103315594067,-323.7
2019-04-08 18:00:00,-0.08926020601529805,6.834108738813838,0.08697691420522347,-414.0
2019-04-08 19:00:00,-0.058561145400064074,6.687108607866515,0.09190614767874905,-341.3
2019-04-08 20:00:00,-0.0622263994346115,6.726233402358747,0.08462020028532535,-270.8
2019-04-08 21:00:00,-0.05271614735515939,6.78897174299217,0.07142870595640893,-555.0
2019-04-08 22:00:00,-0.015676248096032186,6.842683282238422,0.06502171847804306,-1125.1
2019-04-08 23:00:00,0.05070177345273752,6.8658910748834385,0.0640131960598147,-1609.1
2019-04-09 00:00:00,0.08304327241397269,7.034387929915503,0.06800925668277458,-1774.7
2019-04-09 01:00:00,0.05575612452384604,7.040536390215956,0.0655932612488126,-1915.2
2019-04-09 02:00:00,0.08332266901608376,7.055312843339752,0.06869651747439853,-1809.7
2019-04-09 03:00:00,0.09064668071687487,7.077498053569231,0.06699785925042612,-1757.4
2019-04-09 04:00:00,0.03575977131225727,7.104144092987527,0.07143954981848921,-1669.9
2019-04-09 05:00:00,0.03500555684509221,7.114769448366463,0.07838389946358859,-1418.1
2019-04-09 06:00:00,0.0021391306632501106,7.104144092987527,0.08811628059469356,-444.4
2019-04-09 07:00:00,-0.04012644614150407,7.075808863978387,0.09385101204394886,474.9
2019-04-09 08:00:00,-0.01036575327408018,7.048386408721883,0.09378204886816555,652.3
2019-04-09 09:00:00,-0.011518991543043366,7.0431599159883405,0.09606765007188045,516.8
2019-04-09 10:00:00,-0.06561519677639094,7.024649030453636,0.09271013530586103,510.6
2019-04-09 11:00:00,-0.036655550093070755,7.00033446027523,0.10687517237117028,501.2
2019-04-09 12:00:00,-0.050503129345563114,6.974478911025045,0.12450196252185997,470.3
2019-04-09 13:00:00,-0.06013684851560264,6.956545443151569,0.11192734082992573,353.2
2019-04-09 14:00:00,-0.06195076275690825,6.946013991099227,0.14204675393498256,286.1
2019-04-09 15:00:00,-0.09211499131964063,6.955592608396297,0.14819297991920166,238.7
2019-04-09 16:00:00,-0.05059122894336099,6.8308742346461795,0.15479104901741003,70.3
2019-04-09 17:00:00,-0.03909344251841507,6.82001636467413,0.16068872297649506,95.2
2019-04-09 18:00:00,-0.04698421474829395,6.79346613258001,0.1603685751162338,12.7
2019-04-09 19:00:00,-0.029324183914403168,6.762729506931879,0.15756073270764936,70.6
2019-04-09 20:00:00,-0.014877578289894888,6.7580945044277305,0.14408376969212355,94.1
2019-04-09 21:00:00,-0.03521453191385859,6.771935555839602,0.12408765307243108,-150.9
2019-04-09 22:00:00,0.04994280775867965,6.784457062637643,0.11522253899139479,-658.3
2019-04-09 23:00:00,0.22901358414392226,6.769641976852503,0.11250730586448476,-1187.3
2019-04-10 00:00:00,0.3104947465785153,6.93537044601511,0.11705927614140599,-1418.8
2019-04-10 01:00:00,0.22009532311361024,6.912742820493176,0.11464974665492456,-1545.7
2019-04-10 02:00:00,0.23564509977798576,6.899723107284872,0.11608194683778272,-1580.1
2019-04-10 03:00:00,0.17095597261182327,6.895682697747868,0.11245081073193397,-1559.8
2019-04-10 04:00:00,0.17847443239832517,6.8966943316227125,0.11198171631036402,-1410.8
2019-04-10 05:00:00,0.07387336082072293,6.902742737158593,0.11710166143430989,-1177.7
2019-04-10 06:00:00,0.020510800498239945,6.90875477931522,0.12650001057228977,-203.1
2019-04-10 07:00:00,-0.004633134473035483,6.913737350659685,0.12715965665040585,613.9
2019-04-10 08:00:00,0.07550671356652838,6.8966943316227125,0.13163439463871818,695.1
2019-04-10 09:00:00,0.0013597539365646227,6.872128101338986,0.1380956754996987,645.6
2019-04-10 10:00:00,-0.06116944530113866,6.826545223556594,0.1568555303173369,705.0
2019-04-10 11:00:00,-0.05421173856218031,6.755768921984255,0.1611581743949504,749.9
2019-04-10 12:00:00,-0.08011363021797058,6.656726524178391,0.156627302320409,736.5
2019-04-10 13:00:00,-0.06169368740454395,6.546785410760524,0.16371603525492873,688.1
2019-04-10 14:00:00,-0.04150665513654772,6.4425401664681985,0.18248607185492993,699.2
2019-04-10 15:00:00,-0.04096270016076664,6.361302477572996,0.19041613605907948,675.2
2019-04-10 16:00:00,-0.00882919118734149,6.280395838960195,0.1875719746683604,622.5
2019-04-10 17:00:00,-0.011557850622312404,6.214608098422191,0.18843652445039538,718.6
2019-04-10 18:00:00,-0.03057290600450724,6.156978985585555,0.1847462183966897,744.8
2019-04-10 19:00:00,0.005150728529009552,6.0063531596017325,0.18321306771059298,808.9
2019-04-10 20:00:00,-0.017982576031015718,6.0014148779611505,0.17120056920435012,885.2
2019-04-10 21:00:00,-0.01089827963490908,6.025865973825314,0.16363891783294449,587.7
2019-04-10 22:00:00,0.045887120176236085,6.061456918928017,0.1580916421553269,21.9
2019-04-10 23:00:00,0.19390133752504068,6.07073772800249,0.1562968381297587,-484.5
2019-04-11 00:00:00,0.3457691512912997,6.095824562432225,0.1582705100152868,-724.4
2019-04-11 01:00:00,0.26674234480971126,6.1092475827643655,0.15842289838784573,-800.7
2019-04-11 02:00:00,0.27419573903746697,6.129050210060545,0.15862735891332846,-829.5
2019-04-11 03:00:00,0.26540330696559655,6.129050210060545,0.1514425864536264,-849.1
2019-04-11 04:00:00,0.2635859141772321,6.133398042996649,0.15210756876418863,-788.6
2019-04-11 05:00:00,0.1720029759122128,6.09807428216624,0.14960681106172657,-390.7
2019-04-11 06:00:00,0.14337210245753074,5.986452005284438,0.14573359359566673,550.3
2019-04-11 07:00:00,0.18357694658995083,5.855071922202427,0.13744676726828153,1471.0
2019-04-11 08:00:00,0.2123203460146712,5.762051382780177,0.13316157523886218,1568.2
2019-04-11 09:00:00,0.12680731956034164,5.752572638825633,0.13550273692533743,1391.9
2019-04-11 10:00:00,0.12185421360460191,5.736572297479192,0.15703948440238413,1310.2
2019-04-11 11:00:00,0.08259250400934537,5.68697535633982,0.15142793754745298,1288.1
2019-04-11 12:00:00,0.21726264951251784,5.598421958998375,0.14718415559529419,1152.5
2019-04-11 13:00:00,0.16918147618911306,5.501258210544727,0.1611043151159386,1019.6
2019-04-11 14:00:00,0.14238288791707854,5.384495062789089,0.166868551669344,965.1
2019-04-11 15:00:00,0.02404707451992749,5.262690188904886,0.15211891069211525,889.2
2019-04-11 16:00:00,0.10064756250600349,5.135798437050262,0.16996541247413788,798.2
2019-04-11 17:00:00,0.06963937176656465,5.017279836814924,0.16896121998061275,926.7
2019-04-11 18:00:00,0.04831548231013283,4.9344739331306915,0.16224657466098868,969.3
2019-04-11 19:00:00,0.16299936789571978,4.787491742782046,0.1640095399949839,959.4
2019-04-11 20:00:00,0.18397040400467057,4.77912349311153,0.15794802296196586,1061.7
2019-04-11 21:00:00,0.10628346785462606,4.7535901911063645,0.1534154059541475,864.2
2019-04-11 22:00:00,0.15013974220088455,4.770684624465665,0.1520853491705001,348.9
2019-04-11 23:00:00,0.24465082642030467,4.77912349311153,0.15685644394677922,-120.1
2019-04-12 00:00:00,0.38305551637377855,4.499809670330265,0.15611415080683777,-383.5
2019-04-12 01:00:00,0.33572822206164954,4.442651256490317,0.1556671536605876,-530.9
2019-04-12 02:00:00,0.35579090101592614,4.442651256490317,0.15657514845173992,-564.4
2019-04-12 03:00:00,0.3119550356952945,4.477336814478207,0.15155856669640855,-521.5
2019-04-12 04:00:00,0.24124967881061732,4.532599493153256,0.1535953331937545,-384.8
2019-04-12 05:00:00,0.1337244824800612,4.553876891600541,0.15437081272022013,-17.3
2019-04-12 06:00:00,0.07814591431220208,4.532599493153256,0.15557185111546268,992.8
2019-04-12 07:00:00,0.20129813483244252,4.499809670330265,0.14740224884954145,1783.1
2019-04-12 08:00:00,0.1913496148777547,4.477336814478207,0.13554040698621783,1737.8
2019-04-12 09:00:00,0.07904207862703139,4.499809670330265,0.12922102909679545,1567.8
2019-04-12 10:00:00,0.14853208446422617,4.605170185988092,0.13900923600181336,1328.4
2019-04-12 11:00:00,0.044881102177224186,4.736198448394496,0.12592645053351958,1068.2
2019-04-12 12:00:00,0.060708145676696024,4.836281906951478,0.1238098678915982,768.3
2019-04-12 13:00:00,0.02398771183818571,4.897839799950911,0.11018270167316935,519.9
2019-04-12 14:00:00,0.039038697313640736,4.912654885736052,0.12957282461142405,336.6
2019-04-12 15:00:00,0.0038610276293509216,4.912654885736052,0.12699758217002177,136.2
2019-04-12 16:00:00,0.03462486076092519,4.90527477843843,0.13462047027906365,70.0
2019-04-12 17:00:00,0.03941576917216727,4.927253685157205,0.13483317887255453,136.1
2019-04-12 18:00:00,0.04714521392660975,4.969813299576001,0.1305138239449697,293.4
2019-04-12 19:00:00,0.05743001245625745,4.919980925828125,0.13688435165341062,238.1
2019-04-12 20:00:00,0.06297538686192361,5.017279836814924,0.13128508548426865,261.6
2019-04-12 21:00:00,0.04892936547418403,5.049856007249537,0.1292493314938543,58.3
2019-04-12 22:00:00,0.09107024290934351,5.0689042022202315,0.12624831344409948,-311.6
2019-04-12 23:00:00,0.16184927614946787,5.017279836814924,0.12770135658269943,-690.7
2019-04-13 00:00:00,0.26994433521986005,5.616771097666572,0.1466615411504737,-835.7
2019-04-13 01:00:00,0.2269074509657676,5.560681631015528,0.1542219653305228,-932.6
2019-04-13 02:00:00,0.2567738136865021,5.529429087511423,0.15844229588191183,-942.9
2019-04-13 03:00:00,0.28923089303399685,5.521460917862246,0.1547978634952738,-954.5
2019-04-13 04:00:00,0.2847811091445087,5.545177444479562,0.15392148179486398,-921.9
2019-04-13 05:00:00,0.2657875227037567,5.529429087511423,0.14922268382775883,-860.2
2019-04-13 06:00:00,0.18363453872734192,5.472270673671475,0.14867364149475293,-788.3
2019-04-13 07:00:00,0.10445965203276852,5.384495062789089,0.14178069110884373,-441.4
2019-04-13 08:00:00,0.09639735479638878,5.298317366548036,0.1340716602161205,-118.3
2019-04-13 09:00:00,0.08647488269149939,5.365976015021851,0.12525635452244543,221.3
2019-04-13 10:00:00,0.11721368232250784,5.529429087511423,0.12525517532924546,205.9
2019-04-13 11:00:00,0.0795929407607292,5.66988092298052,0.11999475554384453,87.0
2019-04-13 12:00:00,0.14849853729232043,5.780743515792329,0.11611050904780029,-352.3
2019-04-13 13:00:00,0.09582960171140131,5.8522024797744745,0.10751552069589465,-588.1
2019-04-13 14:00:00,0.1209835041882239,5.8971538676367405,0.13369576548736717,-758.2
2019-04-13 15:00:00,0.05372648145060932,5.929589143389895,0.12035992342146251,-890.9
2019-04-13 16:00:00,0.09352852715989668,5.963579343618446,0.15100801477334436,-910.3
2019-04-13 17:00:00,0.09019272043375226,6.0112671744041615,0.15322565062734483,-829.7
2019-04-13 18:00:00,0.06179802640645571,6.059123195581797,0.1493216371929087,-603.2
2019-04-13 19:00:00,0.049177059259331024,6.129050210060545,0.14875767602038437,-563.4
2019-04-13 20:00:00,0.06984670988536745,6.1779441140506,0.13648608165688714,-427.3
2019-04-13 21:00:00,0.0851942045465357,6.154858094016418,0.1351184072888305,-528.5
2019-04-13 22:00:00,0.11875944043498432,6.115892125483034,0.13701459411447203,-719.5
2019-04-13 23:00:00,0.17425005941453975,6.030685260261263,0.1409738682381807,-862.3
2019-04-14 00:00:00,0.2960986739743694,5.236441962829949,0.14301897379849748,-1001.1
2019-04-14 01:00:00,0.2474987735747396,5.0689042022202315,0.14560917624050873,-1064.1
2019-04-14 02:00:00,0.30167259906064814,5.030437921392435,0.14191259688493751,-1113.0
2019-04-14 03:00:00,0.33674412168896195,4.867534450455582,0.1402635653782216,-1154.1
2019-04-14 04:00:00,0.3571330859115718,4.983606621708336,0.13408380643140028,-1200.7
2019-04-14 05:00:00,0.34613902662342255,5.043425116919247,0.1292085301137078,-1179.3
2019-04-14 06:00:00,0.26007984789008676,5.0106352940962555,0.12905260896290827,-1061.0
2019-04-14 07:00:00,0.19445355182355284,4.976733742420574,0.12357014576556402,-957.5
2019-04-14 08:00:00,0.12924058867105037,4.912654885736052,0.11630529362182962,-755.4
2019-04-14 09:00:00,0.12327408555213104,4.9344739331306915,0.11031133938742776,-603.4
2019-04-14 10:00:00,0.1109757795011097,5.0689042022202315,0.1101482070036841,-505.9
2019-04-14 11:00:00,0.12342016423071023,5.187385805840755,0.10889690758814119,-565.5
2019-04-14 12:00:00,0.146365333399594,5.25227342804663,0.10570433980693039,-654.7
2019-04-14 13:00:00,0.15446495563364637,5.247024072160486,0.10069191902999108,-796.4
2019-04-14 14:00:00,0.2040400236041462,5.187385805840755,0.12764389732506132,-914.3
2019-04-14 15:00:00,0.21109737689668462,5.0106352940962555,0.11487881786811371,-939.2
2019-04-14 16:00:00,0.20916302271333276,4.90527477843843,0.12764281098166919,-859.6
2019-04-14 17:00:00,0.11116737891397088,4.787491742782046,0.12139080907205368,-796.8
2019-04-14 18:00:00,0.04568026237712086,4.672828834461906,0.11362242917094356,-472.8
2019-04-14 19:00:00,0.04741948409673169,4.553876891600541,0.11144063794554704,-337.1
2019-04-14 20:00:00,0.05912520714595049,4.477336814478207,0.1109628054364169,-152.5
2019-04-14 21:00:00,0.0474261547109065,4.442651256490317,0.10985990040630966,-246.3
2019-04-14 22:00:00,0.1042481527253587,4.418840607796598,0.119163535242091,-579.6
2019-04-14 23:00:00,0.2260504842355604,4.330733340286331,0.12077356326693334,-843.5
2019-04-15 00:00:00,0.3855395174090943,4.487287145331375,0.09902393608163429,-837.2
2019-04-15 01:00:00,0.4020685820049743,4.622617099591812,0.10050459136734702,-883.8
2019-04-15 02:00:00,0.42659715462184655,4.741796783519916,0.100011498641976,-909.1
2019-04-15 03:00:00,0.4009604128355062,4.848273215041905,0.09266457099097458,-856.3
2019-04-15 04:00:00,0.26344147090092207,4.944495491591711,0.09090873573942737,-670.6
2019-04-15 05:00:00,0.15857554484847647,5.03226631422255,0.08340025991363831,-175.6
2019-04-15 06:00:00,0.0806826284797153,5.112951179567857,0.073056533453979,697.7
2019-04-15 07:00:00,0.19289952269239485,5.187609244563615,0.06271132267727175,1421.8
2019-04-15 08:00:00,0.08789700221383878,5.257078618531439,0.057876043083885165,1454.6
2019-04-15 09:00:00,-0.018991060336403187,5.322033893165353,0.05490459223032751,1216.5
2019-04-15 10:00:00,-0.09584570773882994,5.383026094474991,0.04138831548307742,1074.2
2019-04-15 11:00:00,-0.02721955010819821,5.440511132251212,0.04945557573125825,862.5
2019-04-15 12:00:00,0.014297226397605112,5.4948705055887155,0.026152382559841314,650.9
2019-04-15 13:00:00,-0.014514712444851696,5.546426663879995,0.04049705795752523,422.0
2019-04-15 14:00:00,-0.004082077446456278,5.595454597770573,0.06004293540133787,353.3
2019-04-15 15:00:00,-0.016232286101517168,5.642190718649561,0.05713887962636832,234.2
2019-04-15 16:00:00,-0.009633283538283077,5.686839753925889,0.0625907271978523,80.8
2019-04-15 17:00:00,-0.013687101028367454,5.729580167477342,0.061203365088923434,224.0
2019-04-15 18:00:00,-0.026753910863829944,5.770568468334251,0.05274064168820303,177.5
2019-04-15 19:00:00,0.006617102809116648,5.809942670484592,0.05831905325397457,286.8
2019-04-15 20:00:00,0.021136712223539078,5.847825096906371,0.06073042472446666,433.1
2019-04-15 21:00:00,0.022705597704846703,5.884324671550078,0.05835662438905587,164.2
2019-04-15 22:00:00,0.05424279762661488,5.9195388075363935,0.05938625855782398,-333.8
2019-04-15 23:00:00,0.16302444119999793,5.953554974034762,0.06339925968526572,-743.6
2019-04-16 00:00:00,0.34443511199411114,5.986452005284438,0.06567701773735735,-855.2
2019-04-16 01:00:00,0.28882097110811467,5.910796644040527,0.0666658774623432,-917.3
2019-04-16 02:00:00,0.29756082405665385,5.8805329864007,0.06912570203034285,-942.3
2019-04-16 03:00:00,0.3046840657116614,5.924255797414532,0.06614652366639007,-896.4
2019-04-16 04:00:00,0.2557473882899508,6.0063531596017325,0.06382860758990105,-733.6
2019-04-16 05:00:00,0.11461442912406028,6.068425588244111,0.05774611001745633,-407.0
2019-04-16 06:00:00,0.04795880845951572,6.07073772800249,0.04704573149224345,498.2
2019-04-16 07:00:00,0.03781913775407819,6.028278520230698,0.036427440204438,1191.5
2019-04-16 08:00:00,0.022035342624676435,5.971261839790462,0.03175376214564629,1139.4
2019-04-16 09:00:00,-0.02027505389238904,5.988961416889864,0.03378646623595927,738.7
2019-04-16 10:00:00,-0.08532135865315649,6.075346031088684,0.029063462569412835,602.0
2019-04-16 11:00:00,-0.036205201064968495,6.18826412308259,0.039651788638456864,442.6
2019-04-16 12:00:00,-0.027366144906160184,6.317164686747284,0.049287629319419324,202.2
2019-04-16 13:00:00,-0.01664167439156472,6.444131256700441,0.031033860087129383,-10.3
2019-04-16 14:00:00,0.007237688625053806,6.499787040655854,0.056987847134541525,-170.5
2019-04-16 15:00:00,-0.023253232983526217,6.473890696352274,0.059329594655457285,-242.9
2019-04-16 16:00:00,-0.0012042827882137175,6.434546518787453,0.06317866741391676,-359.2
2019-04-16 17:00:00,0.01729857637922594,6.369900982828227,0.056645229555245535,-328.5
2019-04-16 18:00:00,0.01037837969010269,6.267200548541362,0.04818930376794306,-312.1
2019-04-16 19:00:00,0.008999687343229201,6.09807428216624,0.04860417159366115,-134.8
2019-04-16 20:00:00,0.045125148844866736,6.0867747269123065,0.04455903549839846,67.1
2019-04-16 21:00:00,0.04767046661521501,6.091309882077698,0.037918620052971974,-123.1
2019-04-16 22:00:00,0.09842731212508982,6.073044534100405,0.039734812215067805,-461.3
2019-04-16 23:00:00,0.27487527938002376,6.016157159698354,0.046248591511314885,-646.0
2019-04-17 00:00:00,0.42593492317305515,6.144185634125646,0.03101599285199086,-1230.4
2019-04-17 01:00:00,0.33554463542377366,5.988961416889864,0.031100916578731486,-1214.5
2019-04-17 02:00:00,0.3588261773517658,5.863631175598097,0.03236522316289303,-1165.4
2019-04-17 03:00:00,0.3293299345440368,5.808142489980444,0.029253247647112346,-1070.9
2019-04-17 04:00:00,0.23667710188338598,5.771441123130016,0.027017202410807073,-916.0
2019-04-17 05:00:00,0.10003085403154088,5.720311776607412,0.02703048750078807,-508.9
2019-04-17 06:00:00,0.049607800455176765,5.648974238161206,0.02808337919646675,376.8
2019-04-17 07:00:00,-0.04841434362592967,5.529429087511423,0.019770875160338264,1036.7
2019-04-17 08:00:00,-0.08969678130191605,5.365976015021851,0.017375617086987205,1027.2
2019-04-17 09:00:00,-0.05808846412391144,5.198497031265826,0.008899915526523472,792.0
2019-04-17 10:00:00,-0.06616565423868881,5.1647859739235145,0.013113009738972892,709.5
2019-04-17 11:00:00,-0.05263994077591061,5.231108616854587,0.0028252900901790667,470.2
2019-04-17 12:00:00,-0.07943018105137378,5.337538079701318,-0.014056369565848215,281.5
2019-04-17 13:00:00,-0.06745340843052405,5.4116460518550396,-0.016825194465507565,108.1
2019-04-17 14:00:00,-0.028155947408682547,5.429345628954441,-0.0005052452855451861,-49.9
2019-04-17 15:00:00,-0.029713460371566747,5.41610040220442,0.002325224325600672,-117.7
2019-04-17 16:00:00,-0.02109928377915571,5.384495062789089,0.00033185625284204434,-220.8
2019-04-17 17:00:00,-0.030365744472702794,5.375278407684165,0.0006476971010602739,-188.8
2019-04-17 18:00:00,-0.045768729133489394,5.43372200355424,-0.0059712333038852705,-300.9
2019-04-17 19:00:00,-0.03991755687269638,5.501258210544727,-0.00010368973051733121,-260.4
2019-04-17 20:00:00,-0.02038511076753613,5.673323267171493,0.0003260055247391591,-112.6
2019-04-17 21:00:00,-0.01089827963490908,5.768320995793772,0.004371009274104054,-313.3
2019-04-17 22:00:00,0.030186035677528533,5.8377304471659395,0.005902235149132906,-699.1
2019-04-17 23:00:00,0.18888999187446043,5.811140992976701,0.009805954224399116,-1050.4
2019-04-18 00:00:00,0.35187245662205324,5.680172609017068,0.04264776899901257,-1161.9
2019-04-18 01:00:00,0.2821218032710595,5.497168225293202,0.047088324882176735,-1169.4
2019-04-18 02:00:00,0.2900596919494358,5.308267697401205,0.04630978222266968,-1094.9
2019-04-18 03:00:00,0.2831196082908751,5.176149732573829,0.0392281679521318,-1003.0
2019-04-18 04:00:00,0.27930102591190353,5.123963979403259,0.04566276560018956,-901.7
2019-04-18 05:00:00,0.1747314905654167,5.056245805348308,0.04538712711237025,-505.3
2019-04-18 06:00:00,0.07558612381537433,4.927253685157205,0.04053183552001549,313.2
2019-04-18 07:00:00,-0.024608120793923494,4.8283137373023015,0.0322257191931854,1051.5
2019-04-18 08:00:00,-0.05761783304655088,4.663439094112067,0.032027466674454885,1073.6
2019-04-18 09:00:00,-0.021914788955116116,4.499809670330265,0.023761780187808057,678.7
2019-04-18 10:00:00,0.01190473695846439,4.499809670330265,0.027446161845356087,439.4
2019-04-18 11:00:00,-0.0023922198957317953,4.605170185988092,0.0008282993712533937,168.8
2019-04-18 12:00:00,0.06853817185050826,4.709530201312334,-0.02452087950477022,-107.0
2019-04-18 13:00:00,0.03173860148028629,4.74493212836325,-0.02381675573325026,-353.2
2019-04-18 14:00:00,0.05703165597848958,4.762173934797756,-0.03582455497680748,-575.1
2019-04-18 15:00:00,-0.04900817659252077,4.709530201312334,-0.0626555305681471,-734.6
2019-04-18 16:00:00,0.010254697407117153,4.6443908991413725,-0.0443409445603713,-824.9
2019-04-18 17:00:00,-0.01112400471879127,4.564348191467836,-0.04570858010251122,-826.6
2019-04-18 18:00:00,-0.031989369176999904,4.59511985013459,-0.05026900683247071,-813.5
2019-04-18 19:00:00,-0.02481670821587567,4.663439094112067,-0.04267652980611025,-729.3
2019-04-18 20:00:00,0.018750317370242353,4.7535901911063645,-0.04319957921893547,-541.9
2019-04-18 21:00:00,0.02531942957554767,4.770684624465665,-0.04757557286731107,-780.3
2019-04-18 22:00:00,0.061354836581984706,4.804021044733257,-0.03787517101679683,-1190.7
2019-04-18 23:00:00,0.15858618076064124,4.804021044733257,-0.01908475983690039,-1290.8
2019-04-19 00:00:00,0.7971309852388018,4.90527477843843,0.1089221844138617,-1582.8
2019-04-19 01:00:00,0.7381241317973637,4.7535901911063645,0.11031283185598895,-1659.0
2019-04-19 02:00:00,0.7568314680490444,4.574710978503383,0.1105277432733427,-1673.1
2019-04-19 03:00:00,0.7120542145736266,4.394449154672439,0.11105981947273946,-1564.3
2019-04-19 04:00:00,0.604631135870318,4.276666119016055,0.10743335106610274,-1489.9
2019-04-19 05:00:00,0.5533515291953299,4.204692619390966,0.08614204400096703,-1478.8
2019-04-19 06:00:00,0.4858486437318832,4.189654742026425,0.019316594282534183,-1169.9
2019-04-19 07:00:00,0.4169021169185734,4.204692619390966,-0.02362298757249448,-963.2
2019-04-19 08:00:00,0.41506308089230126,4.219507705176107,-0.013147012266715663,-909.8
2019-04-19 09:00:00,0.45359619262859985,4.248495242049359,0.007839335871310027,-886.7
2019-04-19 10:00:00,0.5568983755766119,4.343805421853684,0.0239390442645373,-915.4
2019-04-19 11:00:00,0.48962133425905296,4.465908118654584,0.010451931502503342,-1025.4
2019-04-19 12:00:00,0.5165404169167451,4.564348191467836,0.0036142268138483757,-1278.6
2019-04-19 13:00:00,0.48796414522237974,4.605170185988092,-0.00924832178449897,-1513.4
2019-04-19 14:00:00,0.513798610134649,4.605170185988092,0.004755155408169287,-1683.1
2019-04-19 15:00:00,0.4818922810559547,4.584967478670572,0.008024209356676693,-1778.7
2019-04-19 16:00:00,0.5310674144057823,4.51085950651685,0.016471000082956877,-1770.8
2019-04-19 17:00:00,0.5371921367137893,4.465908118654584,0.01594863779138045,-1730.8
2019-04-19 18:00:00,0.5241835318266119,4.465908118654584,0.008665078497301693,-1715.2
2019-04-19 19:00:00,0.5258011576638579,4.564348191467836,0.028767251948460526,-1610.5
2019-04-19 20:00:00,0.5173147980397732,4.762173934797756,0.06006287296096602,-1400.2
2019-04-19 21:00:00,0.5596036644642424,4.90527477843843,0.07505716457257883,-1465.0
2019-04-19 22:00:00,0.6111800085092378,5.0369526024136295,0.08680000298129897,-1782.9
2019-04-19 23:00:00,0.6491835417239469,5.117993812416755,0.09741895497549002,-1927.0
2019-04-20 00:00:00,0.21650963680660773,4.990432586778736,-0.09955819395426957,-2134.3
2019-04-20 01:00:00,0.15781692799687752,4.90527477843843,-0.09369687394924497,-2064.8
2019-04-20 02:00:00,0.18639781611459938,4.700480365792417,-0.08080118398573255,-2025.3
2019-04-20 03:00:00,0.23339578109312153,4.382026634673881,-0.07165905901641167,-1944.7
2019-04-20 04:00:00,0.23606019465482442,4.07753744390572,-0.058533251407641984,-1855.1
2019-04-20 05:00:00,0.18975907197413777,3.8501476017100584,-0.0422313565294683,-1765.7
2019-04-20 06:00:00,0.10248973505991188,3.7612001156935624,-0.0416140064055206,-1729.9
2019-04-20 07:00:00,0.021783265147125697,3.828641396489095,-0.052382283848583455,-1629.2
2019-04-20 08:00:00,0.018213199250689982,3.9889840465642745,-0.07153270329858685,-1496.5
2019-04-20 09:00:00,0.020977296133190215,4.189654742026425,-0.07824737849385421,-1386.0
2019-04-20 10:00:00,0.07676489176254675,4.3694478524670215,-0.07978254121712247,-1404.3
2019-04-20 11:00:00,0.032402314087540685,4.624972813284271,-0.10105015911344317,-1562.1
2019-04-20 12:00:00,0.09410163036165242,4.859812404361672,-0.13221026838698258,-1753.1
2019-04-20 13:00:00,0.037546884516246326,5.056245805348308,-0.16493500619313828,-2013.8
2019-04-20 14:00:00,0.06207984161645008,5.159055299214529,-0.15919600877086637,-2189.8
2019-04-20 15:00:00,-0.013173609363211547,5.231108616854587,-0.20401257665725048,-2261.3
2019-04-20 16:00:00,0.03217723505991188,5.267858159063328,-0.19186184797018058,-2288.2
2019-04-20 17:00:00,0.035818656571317664,5.337538079701318,-0.20749312515602014,-2271.0
2019-04-20 18:00:00,0.043503438876817846,5.497168225293202,-0.2175350555462181,-2412.4
2019-04-20 19:00:00,0.019169167528047648,5.560681631015528,-0.19379875955891812,-2366.2
2019-04-20 20:00:00,0.030882204243901423,5.739792912179234,-0.15689598575801256,-2093.8
2019-04-20 21:00:00,0.06527368320069504,5.8888779583328805,-0.1425324116401665,-2116.6
2019-04-20 22:00:00,0.0966356856512296,6.037870919922137,-0.12961952326347692,-2244.8
2019-04-20 23:00:00,0.16407062105468695,6.150602768446279,-0.12139039622931058,-2442.4
2019-04-21 00:00:00,0.23488381589097385,6.222576268071369,-0.1255488815272301,-2598.8
2019-04-21 01:00:00,0.15941224327220826,6.2324480165505225,-0.11574602761875497,-2571.6
2019-04-21 02:00:00,0.13189039151942872,6.234410725718371,-0.11048982279936226,-2477.0
2019-04-21 03:00:00,0.16612471494272407,6.238324625039508,-0.09595589693289064,-2409.4
2019-04-21 04:00:00,0.2165029771003506,6.238324625039508,-0.0874762132771636,-2365.1
2019-04-21 05:00:00,0.1940963622485672,6.206575926724928,-0.07335235862869638,-2259.1
2019-04-21 06:00:00,0.16935683209266816,6.1092475827643655,-0.06842892228963748,-2176.7
2019-04-21 07:00:00,0.02632343082268873,5.942799375126701,-0.0758977797445457,-2099.8
2019-04-21 08:00:00,0.061007834212616796,5.6937321388027,-0.09119525831446218,-1974.7
2019-04-21 09:00:00,0.080694554187001,5.44673737166631,-0.09881000308634214,-1748.3
2019-04-21 10:00:00,0.06361152574093598,5.351858133476067,-0.10326535645885393,-1638.1
2019-04-21 11:00:00,0.07739686201894758,5.3471075307174685,-0.11335478727993653,-1693.2
2019-04-21 12:00:00,0.09638481793601761,5.402677381872279,-0.12339197159891135,-1800.1
2019-04-21 13:00:00,0.0820329162221971,5.480638923341991,-0.1494164622352514,-1859.1
2019-04-21 14:00:00,0.07691278369945254,5.537334267018537,-0.12765997266891738,-1939.5
2019-04-21 15:00:00,-0.03258175756819748,5.58724865840025,-0.14635299989704897,-1884.4
2019-04-21 16:00:00,0.02784168033440748,5.634789603169249,-0.15849404721627636,-1941.7
2019-04-21 17:00:00,0.04423153153834658,5.6937321388027,-0.1655763509260506,-1966.6
2019-04-21 18:00:00,0.012543638787692934,5.808142489980444,-0.17959839641134323,-2019.1
2019-04-21 19:00:00,0.015829537703743846,5.8664680569332965,-0.17652613201705236,-2056.4
2019-04-21 20:00:00,0.01131001689925526,6.023447592961033,-0.15046521703777316,-1878.1
2019-04-21 21:00:00,0.017484482516597843,6.104793232414985,-0.14913531821257386,-1970.1
2019-04-21 22:00:00,0.044676027841480614,6.175867270105761,-0.149340794443507,-2176.9
2019-04-21 23:00:00,0.15338048387962688,6.218600119691729,-0.14165184645112028,-2321.4
2019-04-22 00:00:00,0.7438140197784122,6.375024819828097,0.011938770881515737,-2520.6
2019-04-22 01:00:00,0.6092380001135349,6.342121418721152,0.011663601034555882,-2466.9
2019-04-22 02:00:00,0.6318149911146751,6.320768294250582,0.014226487209926475,-2426.1
2019-04-22 03:00:00,0.599860116802037,6.324358962381311,0.010162635935092368,-2376.3
2019-04-22 04:00:00,0.43483989901455544,6.335054251498059,0.003493863370625405,-2295.3
2019-04-22 05:00:00,0.33589157093010735,6.278521424165844,-0.02410623748617624,-2301.1
2019-04-22 06:00:00,0.3601735376806383,6.1070228877422545,-0.09496559062189824,-2208.7
2019-04-22 07:00:00,0.32948016399679547,5.863631175598097,-0.15133808839067342,-2015.5
2019-04-22 08:00:00,0.33208075074808185,5.6240175061873385,-0.13917997742471933,-1808.9
2019-04-22 09:00:00,0.3802766631944303,5.4638318050256105,-0.11398502232405328,-1560.8
2019-04-22 10:00:00,0.341443556990936,5.420534999272286,-0.10649484473141513,-1565.4
2019-04-22 11:00:00,0.4249424651938156,5.4638318050256105,-0.08347938860456772,-1674.8
2019-04-22 12:00:00,0.45911533980248276,5.529429087511423,-0.11332943427295383,-1746.8
2019-04-22 13:00:00,0.42197628424218525,5.575949103146316,-0.10199559824864401,-1705.6
2019-04-22 14:00:00,0.4152094133994604,5.594711379601839,-0.09446830522382221,-1626.2
2019-04-22 15:00:00,0.41497972982701814,5.602118820879701,-0.11044600241235258,-1477.7
2019-04-22 16:00:00,0.4295830852375562,5.594711379601839,-0.09127923585040065,-1331.3
2019-04-22 17:00:00,0.4372479884999767,5.655991810819852,-0.08770702364023286,-1304.5
2019-04-22 18:00:00,0.410535353865936,5.8289456176102075,-0.09465189888419978,-1200.6
2019-04-22 19:00:00,0.42146344559776905,5.908082938168931,-0.07873929556516579,-1118.8
2019-04-22 20:00:00,0.38791958162454154,6.126869184114185,-0.04632185336211414,-832.2
2019-04-22 21:00:00,0.2964548723249951,6.304448802421981,-0.033310399939091795,-918.4
2019-04-22 22:00:00,-0.19468795490630075,6.444131256700441,-0.024939675316108634,-959.5
2019-04-22 23:00:00,-0.6386527487724396,6.499787040655854,-0.0023425797941563076,-1174.0
2019-04-23 00:00:00,-0.922892258674014,6.732210706467206,-0.13796987039783914,-1428.9
2019-04-23 01:00:00,-0.1952650916159766,6.710523109452428,-0.13952316073825344,-1672.2
2019-04-23 02:00:00,-0.28111321215993446,6.668228248417403,-0.1356297029701672,-1616.5
2019-04-23 03:00:00,-0.21225873226525493,6.610696044717759,-0.13506846032944253,-1482.1
2019-04-23 04:00:00,-0.11315305072304849,6.556778356158042,-0.13361455587180693,-1362.7
2019-04-23 05:00:00,-0.03980041660091738,6.478509642208569,-0.1353311789408025,-933.8
2019-04-23 06:00:00,-0.06313956618654526,6.343880434126331,-0.12919104524846325,-20.6
2019-04-23 07:00:00,-0.11384169672976485,6.169610732491456,-0.12555047145207254,726.1
2019-04-23 08:00:00,-0.13441840194405907,6.040254711277414,-0.12589613249548748,772.3
2019-04-23 09:00:00,-0.0925367296527253,6.07073772800249,-0.12978899818108403,424.2
2019-04-23 10:00:00,-0.12990526526118273,6.230481447578482,-0.13942353800388219,172.9
2019-04-23 11:00:00,-0.08015567716055116,6.452048954437226,-0.13776827462618968,-9.0
2019-04-23 12:00:00,-0.09626197141268689,6.643789733147672,-0.13577889004204025,-340.0
2019-04-23 13:00:00,-0.10462085649549913,6.771935555839602,-0.1597397853486413,-619.4
2019-04-23 14:00:00,-0.1326041109198952,6.846943139585379,-0.13849482181604955,-732.6
2019-04-23 15:00:00,-0.13968908104812439,6.882437470997847,-0.14021826215290467,-841.6
2019-04-23 16:00:00,-0.12592389554048378,6.907755278982137,-0.13959533844318806,-996.4
2019-04-23 17:00:00,-0.13091470853410758,6.948897222313312,-0.14044797558406152,-1005.5
2019-04-23 18:00:00,-0.13581417311894706,7.013915474810528,-0.14943891328743497,-1096.5
2019-04-23 19:00:00,-0.1208457670589631,6.993932975223189,-0.14943575470142711,-1142.5
2019-04-23 20:00:00,-0.10395581163214063,7.0707241072602764,-0.14449056246641234,-1013.2
2019-04-23 21:00:00,-0.19566919314954,7.113956109566034,-0.140331914495178,-1109.6
2019-04-23 22:00:00,-0.30941834463322104,7.138866999945524,-0.1343731460414972,-1515.0
2019-04-23 23:00:00,-0.29546784601643594,7.142036574706803,-0.13117851775003864,-1748.1
2019-04-24 00:00:00,-0.922892258674014,6.914730892718563,-0.14742812079267154,-1899.8
2019-04-24 01:00:00,-0.922892258674014,6.903747257584598,-0.1446628082060002,-2128.6
2019-04-24 02:00:00,-0.922892258674014,6.8885724595653635,-0.14025710681816683,-2060.6
2019-04-24 03:00:00,-0.922892258674014,6.877296071497429,-0.13903642612070755,-1989.7
2019-04-24 04:00:00,-0.922892258674014,6.877296071497429,-0.14022278768573493,-2007.9
2019-04-24 05:00:00,-0.5931163265284045,6.871091294610546,-0.14276173206641474,-1860.0
2019-04-24 06:00:00,-0.08067643058005469,6.852242569051878,-0.1405489011065999,-1140.7
2019-04-24 07:00:00,-0.12678108321411985,6.815639990074331,-0.14352747760370832,-356.5
2019-04-24 08:00:00,-0.1681770023732141,6.8001700683022,-0.14294827798294918,-279.4
2019-04-24 09:00:00,-0.16123065263496938,6.86171134048073,-0.1504616705309374,-504.5
2019-04-24 10:00:00,-0.18047042551874748,6.943122422819428,-0.14297112994666428,-719.7
2019-04-24 11:00:00,-0.1648294950179774,7.024649030453636,-0.145179349409295,-960.8
2019-04-24 12:00:00,-0.20754308894681017,7.103322062526113,-0.15688631868263592,-1170.7
2019-04-24 13:00:00,-0.22530779619526653,7.166265974133638,-0.15073444464223051,-1427.0
2019-04-24 14:00:00,-0.29147459922034846,7.183111701743281,-0.12782103532460098,-1526.1
2019-04-24 15:00:00,-0.2280564080415064,7.177782416195197,-0.12134980873615753,-1619.1
2019-04-24 16:00:00,-0.17816592764843442,7.1569563646156364,-0.12218556754759291,-1764.2
2019-04-24 17:00:00,-0.08582314205583641,7.123672785204607,-0.13230167979260798,-1770.4
2019-04-24 18:00:00,-0.09302887770429447,7.0707241072602764,-0.14703512003480768,-1791.2
2019-04-24 19:00:00,-0.0983283190291111,6.8679744089702925,-0.1478031990240467,-1739.1
2019-04-24 20:00:00,-0.09882548743546327,6.824373670043086,-0.15263149912218488,-1519.7
2019-04-24 21:00:00,-0.07769873342654376,6.7912214627261855,-0.14662164533653588,-1571.8
2019-04-24 22:00:00,-0.0901018799767197,6.7650389767805414,-0.14102451490762746,-2006.7
2019-04-24 23:00:00,-0.11001914317110373,6.734591659972948,-0.14038602698100533,-2324.4
2019-04-25 00:00:00,-0.09102699017619598,7.142827401161621,-0.1601231498587321,-2204.6
2019-04-25 01:00:00,-0.2075623663354147,7.109062135687172,-0.16282469293965285,-2275.4
2019-04-25 02:00:00,-0.157138090667305,7.069874128458572,-0.16197691066843412,-2277.8
2019-04-25 03:00:00,-0.1161600334017514,7.042286171939743,-0.166440752838815,-2210.7
2019-04-25 04:00:00,-0.03758307432889252,7.025538314638521,-0.16435207231776872,-2070.0
2019-04-25 05:00:00,0.04856875645180159,6.9957661563048505,-0.16793007759779144,-1697.7
2019-04-25 06:00:00,0.035247967256062385,6.933423025730715,-0.15330407221597397,-802.2
2019-04-25 07:00:00,0.040271499368000896,6.854354502255021,-0.13998414217246946,104.2
2019-04-25 08:00:00,-0.04028934297131492,6.784457062637643,-0.1335986427005107,283.0
2019-04-25 09:00:00,-0.049453726692083144,6.774223886357614,-0.13205170140532552,122.9
2019-04-25 10:00:00,-0.03989646244995626,6.804614520062624,-0.11342403175148519,-39.4
2019-04-25 11:00:00,-0.06091327990817108,6.8658910748834385,-0.12063968359241528,-229.6
2019-04-25 12:00:00,0.015322706410116016,6.930494765951626,-0.1278643818750833,-412.7
2019-04-25 13:00:00,-0.010144776475890627,6.963189985870238,-0.11747870944528849,-572.4
2019-04-25 14:00:00,0.009224420898220398,6.959398512133975,-0.11262912325163121,-689.0
2019-04-25 15:00:00,-0.09669417509617473,6.93828448401696,-0.1287857071239351,-726.7
2019-04-25 16:00:00,-0.033473425331949525,6.913737350659685,-0.11399205384284272,-796.0
2019-04-25 17:00:00,-0.04617348580161762,6.885509670034818,-0.11626089462539468,-713.8
2019-04-25 18:00:00,-0.05590405221309647,6.8658910748834385,-0.12914916223119022,-747.4
2019-04-25 19:00:00,-0.05866434593052405,6.70808408385307,-0.13302900209847657,-753.9
2019-04-25 20:00:00,-0.029594709912248884,6.698268054115413,-0.13774315082335598,-587.6
2019-04-25 21:00:00,-0.010587765104778768,6.658011045870748,-0.13333466049922293,-707.1
2019-04-25 22:00:00,0.014184105964855753,6.602587892189336,-0.13428758890805703,-1113.1
2019-04-25 23:00:00,0.10013363654489194,6.525029657843462,-0.1402867938634813,-1476.4
2019-04-26 00:00:00,0.185435717744884,6.498282149476434,-0.17193878874666524,-1849.9
2019-04-26 01:00:00,0.11418595211441351,6.440946540632921,-0.1773965067031149,-1926.0
2019-04-26 02:00:00,0.09340369524376202,6.393590753950631,-0.17634264087634044,-1906.6
2019-04-26 03:00:00,0.08652053263452908,6.369900982828227,-0.18018319889796075,-1855.1
2019-04-26 04:00:00,0.04484434509421309,6.373319789577012,-0.1800315658259528,-1744.6
2019-04-26 05:00:00,-0.0027979392935777447,6.315358001522335,-0.18038100132574542,-1363.3
2019-04-26 06:00:00,-0.006801478456576415,6.1463292576688975,-0.15593237744368693,-440.2
2019-04-26 07:00:00,-0.08876044527323179,5.945420608606575,-0.13275863490388495,476.5
2019-04-26 08:00:00,-0.10816427324451405,5.834810737062605,-0.12795846508748987,566.6
2019-04-26 09:00:00,-0.06689797791911944,5.860786223465865,-0.1294674596368246,405.1
2019-04-26 10:00:00,0.048083136685106886,5.924255797414532,-0.11699131219010539,257.3
2019-04-26 11:00:00,-0.022228643981035745,6.0014148779611505,-0.12696762654513272,74.1
2019-04-26 12:00:00,0.007293594939759895,6.077642243349034,-0.1309353441361445,-113.5
2019-04-26 13:00:00,-0.0361945299666111,6.133398042996649,-0.1455048389788267,-334.6
2019-04-26 14:00:00,-0.02769172976934131,6.192362489474872,-0.1428248203632574,-527.6
2019-04-26 15:00:00,-0.044573450435052564,6.230481447578482,-0.15193437845883828,-670.4
2019-04-26 16:00:00,-0.0006138804054143243,6.280395838960195,-0.15499794551039514,-833.7
2019-04-26 17:00:00,0.019213061854647773,6.368187186350492,-0.1579391893553339,-901.7
2019-04-26 18:00:00,-0.008393391622111501,6.478509642208569,-0.17415027243164438,-999.1
2019-04-26 19:00:00,-0.017400194717861694,6.511745329644728,-0.1726247059084045,-1090.3
2019-04-26 20:00:00,-0.02546774039647115,6.630683385642372,-0.17279154472634595,-1183.6
2019-04-26 21:00:00,-0.005664645515047972,6.709304340258298,-0.16791677299392838,-1317.6
2019-04-26 22:00:00,0.00519661492501422,6.745236349484363,-0.16798354285651662,-1583.5
2019-04-26 23:00:00,-0.006200886539154293,6.714170529909472,-0.17429048345637987,-1893.2
2019-04-27 00:00:00,-0.08979789976833796,6.745236349484363,-0.1738842145750823,-2372.4
2019-04-27 01:00:00,-0.17446488198864385,6.699500340161678,-0.17345713563869758,-2473.3
2019-04-27 02:00:00,-0.16928898545123872,6.666956792429207,-0.1712360494268843,-2484.7
2019-04-27 03:00:00,-0.16461253554116206,6.647688373563329,-0.17201128781677077,-2458.2
2019-04-27 04:00:00,-0.1961779727252546,6.646390514847729,-0.17727273729569326,-2424.8
2019-04-27 05:00:00,-0.23966380789645703,6.6039438246004725,-0.18716874797744332,-2392.5
2019-04-27 06:00:00,-0.30124676414763485,6.47543271670409,-0.184566091713128,-2026.2
2019-04-27 07:00:00,-0.23655723685888574,6.327936783729195,-0.18114120268126221,-1751.3
2019-04-27 08:00:00,-0.11843664673511389,6.270988431858299,-0.17292686991691042,-1413.2
2019-04-27 09:00:00,-0.10135199669781025,6.313548046277095,-0.16760515977088453,-1159.6
2019-04-27 10:00:00,-0.04352828793971675,6.39024066706535,-0.1580992811423947,-1026.2
2019-04-27 11:00:00,-0.07929951150787229,6.472346294500901,-0.1600600824621381,-1122.5
2019-04-27 12:00:00,-0.10758698595129745,6.558197802812269,-0.16673046124543944,-1237.3
2019-04-27 13:00:00,-0.22420766101277767,6.641182169740591,-0.17508480152272377,-1431.6
2019-04-27 14:00:00,-0.21396141396794732,6.704414354964107,-0.15489604775105192,-1577.1
2019-04-27 15:00:00,-0.2732011337612774,6.75343791859778,-0.1779125598372744,-1677.7
2019-04-27 16:00:00,-0.20115147447952886,6.79794041297493,-0.14804556979939854,-1707.7
2019-04-27 17:00:00,-0.1576434434708287,6.839476438228843,-0.14282627549726,-1607.1
2019-04-27 18:00:00,-0.08722945981471675,6.863803391452954,-0.15064641688169544,-1587.1
2019-04-27 19:00:00,-0.0947277048194155,6.723832440821209,-0.1559065917423137,-1660.0
2019-04-27 20:00:00,-0.0895455750917149,6.7464121285733745,-0.16259689433801938,-1622.7
2019-04-27 21:00:00,-0.09817074381802282,6.755768921984255,-0.15788901775683328,-1661.4
2019-04-27 22:00:00,-0.15016727825212373,6.755768921984255,-0.153748336858877,-1923.1
2019-04-27 23:00:00,-0.12255638495178012,6.742880635791903,-0.15809788747227493,-2177.9
2019-04-28 00:00:00,-0.922892258674014,6.683360945766275,-0.1639378536573588,-2689.0
2019-04-28 01:00:00,-0.922892258674014,6.674561391814426,-0.16918368595935185,-2796.2
2019-04-28 02:00:00,-0.922892258674014,6.674561391814426,-0.1757089401654781,-2753.3
2019-04-28 03:00:00,-0.922892258674014,6.697034247666484,-0.17296519013783573,-2733.8
2019-04-28 04:00:00,-0.922892258674014,6.723832440821209,-0.1791012086003061,-2716.6
2019-04-28 05:00:00,-0.922892258674014,6.726233402358747,-0.1875707881412243,-2723.0
2019-04-28 06:00:00,-0.922892258674014,6.695798917058491,-0.18273469222799754,-2730.7
2019-04-28 07:00:00,-0.3770017235477976,6.645090969505644,-0.17455065131828817,-2557.7
2019-04-28 08:00:00,-0.16953417790611258,6.650279048587422,-0.16054070803336096,-2204.2
2019-04-28 09:00:00,-0.11481104576027779,6.709304340258298,-0.14730510117991003,-1800.4
2019-04-28 10:00:00,-0.12025562641479937,6.776506992372183,-0.13586837742838576,-1549.7
2019-04-28 11:00:00,-0.07042123639610587,6.854354502255021,-0.12657270845568291,-1592.6
2019-04-28 12:00:00,-0.12749465883762978,6.926577033222725,-0.12266115548843182,-1657.5
2019-04-28 13:00:00,-0.1504813507430356,6.980075940561763,-0.13616303234260663,-1807.3
2019-04-28 14:00:00,-0.13031531230885784,6.9985096422506015,-0.11107667806484756,-1924.6
2019-04-28 15:00:00,-0.14042491280760672,6.977281341630747,-0.12023852946680158,-1954.2
2019-04-28 16:00:00,-0.07021433953390366,6.940222469119639,-0.1047726911312008,-1871.9
2019-04-28 17:00:00,-0.06427806168107653,6.880384082186005,-0.1010459509233268,-1679.3
2019-04-28 18:00:00,-0.029673195054056745,6.804614520062624,-0.10327860487248053,-1485.5
2019-04-28 19:00:00,-0.049525140304435666,6.620073206530356,-0.10534212532006215,-1260.1
2019-04-28 20:00:00,-0.04496960880050471,6.551080335043404,-0.10179092101052589,-1148.5
2019-04-28 21:00:00,-0.03295437178235039,6.492239835020471,-0.0960381984909926,-1099.6
2019-04-28 22:00:00,-0.1529382830327699,6.428105272684596,-0.08576845309850789,-1356.8
2019-04-28 23:00:00,-0.11721722606127294,6.3473892096560105,-0.09518603086863386,-1675.4
2019-04-29 00:00:00,0.20502757109039305,6.595780513961311,-0.09134172602119861,-2427.3
2019-04-29 01:00:00,-0.38767777669975434,6.478509642208569,-0.09118982726435831,-2398.5
2019-04-29 02:00:00,-0.3789258764898302,6.368187186350492,-0.08801136439315016,-2305.5
2019-04-29 03:00:00,-0.44870767857366056,6.2766434893416445,-0.09084011786020163,-2162.6
2019-04-29 04:00:00,0.0012616912600771357,6.2166061010848646,-0.0916616082183932,-1992.8
2019-04-29 05:00:00,-0.05107846949886641,6.104793232414985,-0.09285382243376894,-1546.7
2019-04-29 06:00:00,-0.060662712660689344,5.860786223465865,-0.08211240675595022,-468.7
2019-04-29 07:00:00,-0.11680683985423812,5.541263545158426,-0.0647632919791139,514.6
2019-04-29 08:00:00,-0.13169317649447887,5.318119993844216,-0.05393066101262178,644.0
2019-04-29 09:00:00,-0.09817067402884305,5.267858159063328,-0.048502247454337066,515.2
2019-04-29 10:00:00,-0.1548777666221115,5.298317366548036,-0.055728083364748215,503.2
2019-04-29 11:00:00,-0.0564302763585629,5.3471075307174685,-0.04096050879361357,365.2
2019-04-29 12:00:00,-0.019317462431437615,5.389071729816501,-0.06281585482209628,250.3
2019-04-29 13:00:00,-0.05645634352952955,5.402677381872279,-0.05220821431719358,87.4
2019-04-29 14:00:00,-0.07936607634551507,5.384495062789089,-0.03546766528751277,40.2
2019-04-29 15:00:00,-0.11772845566808776,5.342334251964811,-0.04117470537381607,31.8
2019-04-29 16:00:00,-0.10471559504949468,5.303304908059076,-0.038166220791769234,-57.3
2019-04-29 17:00:00,-0.08743172309028235,5.25227342804663,-0.041540418353722686,-51.4
2019-04-29 18:00:00,-0.13555927600192108,5.198497031265826,-0.05895664679265167,-90.8
2019-04-29 19:00:00,-0.13023923758994282,5.123963979403259,-0.06314520032795912,-111.4
2019-04-29 20:00:00,-0.10112346554528218,5.220355825078324,-0.06553009040639068,-118.2
2019-04-29 21:00:00,-0.08095444383983175,5.356586274672012,-0.06453580972078399,-260.0
2019-04-29 22:00:00,-0.04136301477676785,5.5053315359323625,-0.06694681725849527,-756.0
2019-04-29 23:00:00,0.0004506886436304036,5.575949103146316,-0.08127750422482727,-1289.2
2019-04-30 00:00:00,-0.022517824931417962,5.641907070938114,-0.10962191945170119,-1748.2
2019-04-30 01:00:00,-0.22316676783805312,5.683579767338681,-0.121634063194346,-1845.9
2019-04-30 02:00:00,-0.25898116125560966,5.762051382780177,-0.12476216557180031,-1871.5
2019-04-30 03:00:00,-0.08858155860794126,5.872117789475416,-0.1298743180193096,-1912.2
2019-04-30 04:00:00,0.022205129754842456,5.978885764901122,-0.1306862960927173,-1875.3
2019-04-30 05:00:00,-0.06143298670639652,5.981414211254481,-0.13033391093869362,-1624.8
2019-04-30 06:00:00,-0.09807546839904946,5.8289456176102075,-0.08176627051934204,-720.1
2019-04-30 07:00:00,-0.14643303566365207,5.631211781821365,-0.04011362317392653,81.7
2019-04-30 08:00:00,-0.16277765114784293,5.438079308923196,-0.025697751223905385,309.0
2019-04-30 09:00:00,-0.10553296734314532,5.303304908059076,-0.022856845145863502,348.4
2019-04-30 10:00:00,-0.12523998971309647,5.204006687076795,-0.02127234771839781,390.5
2019-04-30 11:00:00,-0.07663330648804578,5.1647859739235145,-0.010358631936204787,303.3
2019-04-30 12:00:00,-0.08133272711833239,5.214935757608986,0.00026900583826972024,242.8
2019-04-30 13:00:00,-0.08503638721931006,5.278114659230517,-0.026071205339656345,79.8
2019-04-30 14:00:00,-0.0812058627119292,5.272999558563747,-0.0059366652780799,-35.0
2019-04-30 15:00:00,-0.10847223334441258,5.241747015059643,-0.013089886035865916,-117.3
2019-04-30 16:00:00,-0.08417693252272596,5.198497031265826,-0.015474572202254677,-143.0
2019-04-30 17:00:00,-0.057328112825981936,5.10594547390058,-0.020097094190679954,-36.7
2019-04-30 18:00:00,-0.07659355812458957,5.017279836814924,-0.04651680083388676,-8.5
2019-04-30 19:00:00,-0.09467694692678386,4.90527477843843,-0.06483565157997973,-16.6
2019-04-30 20:00:00,-0.09198254703068676,5.087596335232384,-0.07624184937069955,54.1
2019-04-30 21:00:00,-0.08416864394823698,5.3471075307174685,-0.06565983108376017,1.7
2019-04-30 22:00:00,-0.026856611069415504,5.6240175061873385,-0.07017387545846177,-395.0
2019-04-30 23:00:00,-0.922892258674014,5.799092654460526,-0.08627350960947489,-682.7
2019-05-01 00:00:00,-0.922892258674014,5.655991810819852,0.11841252323146101,-868.4
2019-05-01 01:00:00,-0.922892258674014,5.648974238161206,0.12490895747413155,-1285.8
2019-05-01 02:00:00,-0.922892258674014,5.645446897643238,0.1251182124194088,-1321.7
2019-05-01 03:00:00,-0.922892258674014,5.6240175061873385,0.12118473822373588,-1358.3
2019-05-01 04:00:00,-0.922892258674014,5.627621113690637,0.12226372632506433,-1332.3
2019-05-01 05:00:00,-0.922892258674014,5.616771097666572,0.09004091852764518,-1213.6
2019-05-01 06:00:00,-0.922892258674014,5.517452896464707,0.011907553810164728,-1063.9
2019-05-01 07:00:00,-0.6869893004940337,5.37989735354046,-0.06446418168528112,-865.3
2019-05-01 08:00:00,0.17828910877540283,5.272999558563747,-0.07013383787378835,-781.7
2019-05-01 09:00:00,0.1890256787945006,5.181783550292085,-0.04008447718078756,-559.5
2019-05-01 10:00:00,0.23461389420182677,5.176149732573829,-0.010915263712163892,-381.7
2019-05-01 11:00:00,0.2361290887238945,5.272999558563747,-0.012718445983482596,-329.0
2019-05-01 12:00:00,-0.0038013749224821147,5.424950017481403,-0.014230361003825465,-313.4
2019-05-01 13:00:00,-0.024401854388683475,5.58724865840025,0.011052011527860728,-409.9
2019-05-01 14:00:00,-0.39387788413368074,5.713732805509369,-0.005713959962605486,-450.8
2019-05-01 15:00:00,-0.6096007504379646,5.777652323222656,-0.005026927454222729,-506.9
2019-05-01 16:00:00,-0.6519815933761195,5.834810737062605,-0.0034950201956025495,-480.6
2019-05-01 17:00:00,-0.1585868260450054,5.840641657373398,0.004871097556970128,-422.6
2019-05-01 18:00:00,0.18732314698344288,5.811140992976701,0.018552006104387786,-408.7
2019-05-01 19:00:00,0.2950076284005174,5.717027701406222,0.029962775378425732,-424.2
2019-05-01 20:00:00,0.3395590681798062,5.805134968916488,0.03747555316737916,-414.5
2019-05-01 21:00:00,0.34736219140746405,5.8971538676367405,0.06191158922492157,-517.6
2019-05-01 22:00:00,0.19809429427274683,5.998936561946683,0.07298656257600555,-874.6
2019-05-01 23:00:00,-0.331198447479653,6.089044875446846,0.096158054533797,-1128.4
2019-05-02 00:00:00,-0.922892258674014,6.408528791059498,-0.01926958470883733,-1176.1
2019-05-02 01:00:00,-0.922892258674014,6.6293632534374485,-0.01601394746859519,-1371.5
2019-05-02 02:00:00,-0.922892258674014,6.785587645007929,-0.011665920667564222,-1527.6
2019-05-02 03:00:00,-0.922892258674014,6.892641641172089,-0.00791525784631908,-1551.8
2019-05-02 04:00:00,-0.922892258674014,6.990256500493881,0.008643680878886784,-1586.5
2019-05-02 05:00:00,-0.922892258674014,7.037027614686276,0.018197514187894726,-1367.1
2019-05-02 06:00:00,-0.922892258674014,7.040536390215956,0.028164109667764947,-611.3
2019-05-02 07:00:00,0.060943476353716,7.040536390215956,0.03089878878687813,336.7
2019-05-02 08:00:00,-0.02526308040105718,7.0431599159883405,0.02722486059246343,616.0
2019-05-02 09:00:00,2.0593959812131857e-05,7.046647277848756,0.021405527684215997,607.0
2019-05-02 10:00:00,0.0887656971840527,7.0630481633881725,0.03803545703114608,595.5
2019-05-02 11:00:00,0.03299678320570543,7.126890808898808,0.014846711788059963,473.4
2019-05-02 12:00:00,-0.055729195297524736,7.218176838403408,0.01304026376680767,283.9
2019-05-02 13:00:00,0.04952007229079891,7.284820912568604,0.050114570653899904,112.4
2019-05-02 14:00:00,-0.00908736495842355,7.306531398939505,0.026594885949149827,59.6
2019-05-02 15:00:00,-0.20207662810818894,7.298445101508147,0.02010133688198046,47.6
2019-05-02 16:00:00,-0.21276102379642703,7.277247726631484,0.0386447935505565,54.8
2019-05-02 17:00:00,-0.3225907987633878,7.199678345691172,0.043329668582714476,225.6
2019-05-02 18:00:00,-0.10719564266443538,7.040536390215956,0.046017573857605854,454.3
2019-05-02 19:00:00,-0.07690851255039322,6.71901315438526,0.05465205280371954,624.8
2019-05-02 20:00:00,0.04866847483066028,6.52649485957079,0.0639306351766411,837.9
2019-05-02 21:00:00,0.029263027459079716,6.368187186350492,0.06958016186907479,803.4
2019-05-02 22:00:00,-0.005971782590638686,6.282266746896006,0.0668519201676876,404.2
2019-05-02 23:00:00,-0.7706762228010691,6.230481447578482,0.07193885647513198,15.5
2019-05-03 00:00:00,0.1153734940757496,6.104793232414985,0.10073188513031361,47.9
2019-05-03 01:00:00,0.2089648123474186,6.07073772800249,0.10391527427734282,-91.4
2019-05-03 02:00:00,0.3231414134501298,6.037870919922137,0.11079034851920433,-169.7
2019-05-03 03:00:00,0.32152204225000913,6.013715156042802,0.1176306463328487,-112.3
2019-05-03 04:00:00,0.4031184167617279,6.0014148779611505,0.13295623842357251,10.2
2019-05-03 05:00:00,0.2546026441737319,5.8971538676367405,0.14060246004989807,374.1
2019-05-03 06:00:00,0.19313470616149742,5.645446897643238,0.15495645427395566,1332.3
2019-05-03 07:00:00,0.11319208741532716,5.41610040220442,0.16261758823257466,2194.8
2019-05-03 08:00:00,0.040018786049520916,5.298317366548036,0.1545920974380266,2309.5
2019-05-03 09:00:00,0.058535893210621026,5.298317366548036,0.14790144778402237,2262.4
2019-05-03 10:00:00,0.20635175296423336,5.342334251964811,0.16069477318655068,2217.9
2019-05-03 11:00:00,0.12255246450298385,5.384495062789089,0.13663088362976694,2151.9
2019-05-03 12:00:00,0.15384097255475604,5.407171771460119,0.13872414370787567,2063.1
2019-05-03 13:00:00,0.2005574678726476,5.3981627015177525,0.14417635524807082,1877.6
2019-05-03 14:00:00,0.20574062305812468,5.375278407684165,0.12134275047879761,1726.0
2019-05-03 15:00:00,0.14198793916799968,5.332718793265369,0.12003335878126009,1589.2
2019-05-03 16:00:00,0.09037206661608499,5.303304908059076,0.11511884091349422,1532.1
2019-05-03 17:00:00,0.03823958957390605,5.204006687076795,0.11422886985292457,1554.4
2019-05-03 18:00:00,0.008757501854815164,5.049856007249537,0.11065321684550788,1515.4
2019-05-03 19:00:00,0.00025368587839880163,4.919980925828125,0.12184822759926917,1453.4
2019-05-03 20:00:00,0.05747554903123486,4.948759890378168,0.12671492713989174,1389.8
2019-05-03 21:00:00,0.05019083413951142,5.043425116919247,0.12706766104010825,1209.1
2019-05-03 22:00:00,0.06587267206814484,5.19295685089021,0.11866283217395512,958.4
2019-05-03 23:00:00,0.1714595891012154,5.407171771460119,0.1158587612004407,550.0
2019-05-04 00:00:00,0.3140196847783163,5.84354441703136,0.09518876819781674,126.1
2019-05-04 01:00:00,0.29491812573575915,6.028278520230698,0.09802592579536018,-89.7
2019-05-04 02:00:00,0.38807951795495255,6.198478716492308,0.10198863687718607,-237.3
2019-05-04 03:00:00,0.4747179135157924,6.35088571671474,0.10711679800333052,-322.6
2019-05-04 04:00:00,0.6403625128529926,6.453624998892692,0.11585525118109885,-399.5
2019-05-04 05:00:00,0.40425572890678696,6.4692503167957724,0.11775179998616991,-391.2
2019-05-04 06:00:00,0.3516741904039842,6.298949246855942,0.11746388388774953,-143.1
2019-05-04 07:00:00,0.25059557736134197,6.198478716492308,0.10727428625050095,125.7
2019-05-04 08:00:00,0.20766858031287772,6.061456918928017,0.09890804555805488,385.6
2019-05-04 09:00:00,0.20267030178910783,5.996452088619021,0.0957303720068623,648.8
2019-05-04 10:00:00,0.28629724277100754,5.978885764901122,0.10202398724083572,708.5
2019-05-04 11:00:00,0.23912651710175048,5.948034989180646,0.0857973447813265,742.1
2019-05-04 12:00:00,0.2765464515996432,5.902633333401366,0.08229292552926104,708.3
2019-05-04 13:00:00,0.32435769268231596,5.855071922202427,0.09003155882621705,662.5
2019-05-04 14:00:00,0.3424489359068259,5.834810737062605,0.08334679681155421,566.2
2019-05-04 15:00:00,0.26986813039733315,5.820082930352362,0.06286682331339577,457.6
2019-05-04 16:00:00,0.2421569369868961,5.808142489980444,0.08208928077845457,472.6
2019-05-04 17:00:00,0.14168308180188216,5.768320995793772,0.08408928722201026,564.6
2019-05-04 18:00:00,0.10198203267535177,5.771441123130016,0.08644799580794782,645.5
2019-05-04 19:00:00,0.0977528737862472,5.811140992976701,0.09086028030544924,549.1
2019-05-04 20:00:00,0.16530164028093353,5.937536205082426,0.09420784050134401,528.1
2019-05-04 21:00:00,0.15473173706318377,6.182084906716632,0.09740050783589993,413.7
2019-05-04 22:00:00,0.20609248698042748,6.3473892096560105,0.09192878249682046,98.2
2019-05-04 23:00:00,0.2884624118599963,6.434546518787453,0.08963348714805619,-224.5
2019-05-05 00:00:00,0.3424886567238228,6.558197802812269,0.11114590548554126,-683.2
2019-05-05 01:00:00,0.3596807134832769,6.576469569048224,0.11489776450594924,-853.3
2019-05-05 02:00:00,0.4096992739963037,6.519147287940395,0.11089776890810832,-844.0
2019-05-05 03:00:00,0.4820761518143448,6.431331081933479,0.1197849839127283,-779.5
2019-05-05 04:00:00,0.6417473086642724,6.311734809152915,0.1263927421413964,-741.4
2019-05-05 05:00:00,0.38991837453645095,6.111467339502679,0.12616511252257467,-663.0
2019-05-05 06:00:00,0.30810631086330265,5.7430031878094825,0.12427410062934818,-460.3
2019-05-05 07:00:00,0.40474452955531826,5.420534999272286,0.11101227207631759,-310.2
2019-05-05 08:00:00,0.25921233912534936,5.2574953720277815,0.10020915899673888,-38.2
2019-05-05 09:00:00,0.24016174867859164,5.327876168789581,0.09000615728921169,205.2
2019-05-05 10:00:00,0.26935786399659234,5.556828061699537,0.08808918452429637,287.9
2019-05-05 11:00:00,0.27674032989371833,5.7899601708972535,0.07526222076766942,259.4
2019-05-05 12:00:00,0.30719966087159234,5.988961416889864,0.07500459081855837,151.9
2019-05-05 13:00:00,0.42872097343351223,6.135564891081739,0.07646635036880056,25.1
2019-05-05 14:00:00,0.4697205462563159,6.270988431858299,0.06963508131643792,-64.1
2019-05-05 15:00:00,0.4745653453041845,6.272877006546167,0.06368905825124926,-135.6
2019-05-05 16:00:00,0.42038290845532167,6.349138991379798,0.06847535001095295,-134.6
2019-05-05 17:00:00,0.2102563189859712,6.3080984415095305,0.0672622804527041,-9.2
2019-05-05 18:00:00,0.09975518362097713,6.261491684321042,0.071470736083171,172.7
2019-05-05 19:00:00,0.0882505263962452,6.22455842927536,0.07444675057855399,203.8
2019-05-05 20:00:00,0.1428920775105973,6.2285110035911835,0.08302701723752115,183.5
2019-05-05 21:00:00,0.11112626588211194,6.340359303727752,0.08239331476689138,163.1
2019-05-05 22:00:00,0.16148269154330253,6.411818267709897,0.08317029384767771,-92.7
2019-05-05 23:00:00,0.31941505337265763,6.4967749901858625,0.07695404483473922,-487.8
2019-05-06 00:00:00,0.48591703156990596,6.659293919683638,0.08966106458655787,-843.3
2019-05-06 01:00:00,0.5066156511061592,6.635946555686647,0.09487561654069943,-916.9
2019-05-06 02:00:00,0.6209308247214014,6.5998704992128365,0.09743013852506088,-898.0
2019-05-06 03:00:00,0.5850049476351482,6.56244409369372,0.09609419254119977,-819.0
2019-05-06 04:00:00,0.5766370860757326,6.566672429803241,0.10105808872309296,-708.8
2019-05-06 05:00:00,0.4458059106502601,6.546785410760524,0.09419471049630523,-425.5
2019-05-06 06:00:00,0.3051846148868802,6.517671272912275,0.07227210158872488,351.3
2019-05-06 07:00:00,0.2788275741076336,6.517671272912275,0.056497026066795186,1100.7
2019-05-06 08:00:00,0.1551054353753165,6.551080335043404,0.04889704781718862,1322.9
2019-05-06 09:00:00,0.12114821622758765,6.595780513961311,0.046248718137432476,1278.1
2019-05-06 10:00:00,0.1037992828986507,6.634633357861686,0.03839011938680059,1201.2
2019-05-06 11:00:00,0.17768608046142198,6.675823221634848,0.042642571513850314,1174.9
2019-05-06 12:00:00,0.2096414703695233,6.741700694652055,0.02709742460078246,1005.0
2019-05-06 13:00:00,0.28692568395393847,6.723832440821209,0.05856912080997567,839.0
2019-05-06 14:00:00,0.2790026973847688,6.723832440821209,0.047166900310379845,829.0
2019-05-06 15:00:00,0.24877502301124732,6.698268054115413,0.04897930818708751,861.8
2019-05-06 16:00:00,0.18766941399873183,6.6895992691789665,0.05268786590161589,756.6
2019-05-06 17:00:00,0.08606521799234601,6.62273632394984,0.05036675868434415,706.0
2019-05-06 18:00:00,0.031472257182346475,6.539585955617669,0.04987885522683477,606.9
2019-05-06 19:00:00,0.05034092876030183,6.447305862541213,0.05699793096476746,577.7
2019-05-06 20:00:00,0.10611669394862622,6.432940092739179,0.06482708874295895,640.5
2019-05-06 21:00:00,0.09287961188200944,6.484635235635252,0.06669362988543703,565.5
2019-05-06 22:00:00,0.1355303293592307,6.455198563340122,0.07007085105746746,265.7
2019-05-06 23:00:00,0.2513715698786223,6.45833828334479,0.07761972365365999,-81.5
2019-05-07 00:00:00,0.47846559406273803,6.490723534502507,0.07735514577287006,-157.4
2019-05-07 01:00:00,0.47961769064648996,6.486160788944089,0.08221239795799562,-291.3
2019-05-07 02:00:00,0.499160326053798,6.483107351457199,0.08789598851442193,-343.5
2019-05-07 03:00:00,0.5703381634589788,6.486160788944089,0.09133197366620216,-330.1
2019-05-07 04:00:00,0.6533857608466476,6.508769136971682,0.09639263519238561,-297.7
2019-05-07 05:00:00,0.4463733924705626,6.507277712385012,0.0885301774468008,-67.0
2019-05-07 06:00:00,0.3199201631527848,6.478509642208569,0.06318600988644363,915.3
2019-05-07 07:00:00,0.2224816382678787,6.47543271670409,0.04120355991206104,1688.8
2019-05-07 08:00:00,0.14846054780459506,6.522092798170152,0.029769565043354262,1766.4
2019-05-07 09:00:00,0.14965434362532104,6.610696044717759,0.026856088423532043,1752.6
2019-05-07 10:00:00,0.15013958982547582,6.690842277418564,0.023043990555640548,1676.5
2019-05-07 11:00:00,0.17744193983642198,6.752270376141742,0.02067858447255233,1502.0
2019-05-07 12:00:00,0.17765446837278098,6.78105762593618,0.033637084258764105,1318.0
2019-05-07 13:00:00,0.29202282710406724,6.804614520062624,0.03475730558325729,1057.1
2019-05-07 14:00:00,0.30480995037108416,6.842683282238422,0.027232233797260363,869.7
2019-05-07 15:00:00,0.26887183647653545,6.895682697747868,0.03167288157098547,838.8
2019-05-07 16:00:00,0.22917745094447595,6.9363427358340495,0.03191914638552795,733.6
2019-05-07 17:00:00,0.12691076031583925,6.930494765951626,0.03175865492034369,722.9
2019-05-07 18:00:00,0.0768900259890275,6.866933284461882,0.03503477596758131,683.0
2019-05-07 19:00:00,0.07616117264005684,6.690842277418564,0.040025098495791056,656.7
2019-05-07 20:00:00,0.15127884342934683,6.630683385642372,0.04573566867105505,717.9
2019-05-07 21:00:00,0.12530145355878597,6.659293919683638,0.04682573123508682,612.1
2019-05-07 22:00:00,0.18866961438701102,6.723832440821209,0.054175244199914374,264.7
2019-05-07 23:00:00,0.4212614662506047,6.777646593635117,0.0690329559023386,-166.1
2019-05-08 00:00:00,0.5833630000075845,6.6240652277998935,0.07086335337803895,-517.2
2019-05-08 01:00:00,0.553902724747211,6.638567789166521,0.0735347079839972,-624.6
2019-05-08 02:00:00,0.6218124828714813,6.625392368007956,0.0780729899151602,-669.6
2019-05-08 03:00:00,0.7150292163854601,6.590301048196686,0.08283067139652012,-633.0
2019-05-08 04:00:00,0.770075292003976,6.55250788703459,0.08784004083150698,-556.5
2019-05-08 05:00:00,0.4285395981028488,6.483107351457199,0.08579474962582978,-188.8
2019-05-08 06:00:00,0.3015795937911001,6.368187186350492,0.0796747094510657,684.0
2019-05-08 07:00:00,0.2195543161118816,6.285998094508865,0.06858378723460845,1493.2
2019-05-08 08:00:00,0.10339955672181356,6.284134161070802,0.06336389084779448,1565.8
2019-05-08 09:00:00,0.09846962926383807,6.302618975744905,0.054233418347234164,1429.9
2019-05-08 10:00:00,0.10718371516201186,6.298949246855942,0.06263127886846576,1417.0
2019-05-08 11:00:00,0.11696083687842629,6.289715570908998,0.04721147562017691,1387.5
2019-05-08 12:00:00,0.09051082810050826,6.249975242259483,0.036052159412024665,1360.3
2019-05-08 13:00:00,0.21997499385797115,6.194405391104672,0.056674084146916215,1290.7
2019-05-08 14:00:00,0.24915774306141403,6.100318952020064,0.045773607911840486,1239.3
2019-05-08 15:00:00,0.23231915669239722,5.983936280687191,0.05437094903334483,1293.5
2019-05-08 16:00:00,0.16186407089551302,5.8888779583328805,0.045800388041646656,1269.5
2019-05-08 17:00:00,0.05608302014139355,5.746203190540153,0.0446471573745324,1329.7
2019-05-08 18:00:00,-0.004255860154500635,5.62040086571715,0.042868955876059545,1266.1
2019-05-08 19:00:00,-0.0022554851056213465,5.4638318050256105,0.04529177273301954,1207.0
2019-05-08 20:00:00,0.04151849539905461,5.6131281063880705,0.04566194844546878,1131.8
2019-05-08 21:00:00,0.011476927625671873,5.863631175598097,0.04941594261481441,922.8
2019-05-08 22:00:00,-0.34729621394334265,6.111467339502679,0.04802842204814972,536.4
2019-05-08 23:00:00,-0.5872942251049929,6.297109319933935,0.048482716865091646,-16.4
2019-05-09 00:00:00,0.27542819089942894,6.715383386334681,0.07938254303529035,-612.1
2019-05-09 01:00:00,0.2817984760520842,6.7912214627261855,0.08257419967824298,-855.4
2019-05-09 02:00:00,0.32672734312583485,6.88653164253051,0.0844265445006318,-1000.3
2019-05-09 03:00:00,0.3732776889441447,6.988413181999592,0.08369030792836618,-1153.3
2019-05-09 04:00:00,0.5782820532739068,7.091742115095153,0.09053239344876296,-1257.7
2019-05-09 05:00:00,0.3678128999751409,7.166265974133638,0.08556463340650566,-1140.4
2019-05-09 06:00:00,0.33049962501674157,7.207118856207756,0.07717933579561098,-242.7
2019-05-09 07:00:00,0.19950560522257588,7.247080584585756,0.06690858206324357,529.1
2019-05-09 08:00:00,0.10980222290003283,7.284820912568604,0.061755573590938084,543.8
2019-05-09 09:00:00,0.12531782411539583,7.443078374348516,0.05666159795774739,419.4
2019-05-09 10:00:00,0.2008868447676626,7.518607216815252,0.07385961156720455,352.5
2019-05-09 11:00:00,0.1876067052913224,7.569411792450712,0.053255591001743596,246.3
2019-05-09 12:00:00,0.27027652743920605,7.493317248862145,0.049794884424896324,138.7
2019-05-09 13:00:00,0.352986012443842,7.493317248862145,0.08261402555316621,57.9
2019-05-09 14:00:00,0.3770801077775978,7.494430215031565,0.05680689194700861,-28.4
2019-05-09 15:00:00,0.2623142642325891,7.509883061154913,0.04533462304840441,-84.3
2019-05-09 16:00:00,0.2522868430943235,7.496097345175956,0.05962527613024449,-210.3
2019-05-09 17:00:00,0.09127469475666761,7.466799475018602,0.05723316129594558,-140.0
2019-05-09 18:00:00,-0.0035929531640630508,7.425357887027151,0.05377186263761047,-139.6
2019-05-09 19:00:00,-0.008473385003720413,7.242797922793756,0.05545285364731356,-125.7
2019-05-09 20:00:00,0.0968468751218623,7.182352111885263,0.05589685025220348,-92.4
2019-05-09 21:00:00,0.08978447063634976,7.094234845924755,0.060124547724809574,-146.1
2019-05-09 22:00:00,0.1114484741754973,6.996681488176539,0.061046235417000716,-321.0
2019-05-09 23:00:00,0.10236069122481428,6.881411303642535,0.06628003416227912,-613.4
2019-05-10 00:00:00,-0.7067400191899642,6.745236349484363,0.05568287400395455,-759.1
2019-05-10 01:00:00,-0.7319969284790546,6.590301048196686,0.05594387957780356,-825.7
2019-05-10 02:00:00,-0.922892258674014,6.432940092739179,0.05812163018084959,-770.9
2019-05-10 03:00:00,-0.2702768029097884,6.284134161070802,0.05816740654803709,-723.8
2019-05-10 04:00:00,-0.18432312302911402,6.144185634125646,0.06350995500412004,-668.5
2019-05-10 05:00:00,0.31188464449347686,6.0014148779611505,0.061706886033961794,-612.5
2019-05-10 06:00:00,0.2564362331932113,5.831882477283517,0.06300370679199574,307.0
2019-05-10 07:00:00,0.1815714185191557,5.68697535633982,0.06226269956483854,822.5
2019-05-10 08:00:00,0.10412167224228064,5.552959584921617,0.05706454500360003,968.2
2019-05-10 09:00:00,0.12485728465633672,5.484796933490655,0.05440087845495256,910.6
2019-05-10 10:00:00,0.27510891437348794,5.4510384535657,0.07068817204974387,935.9
2019-05-10 11:00:00,0.1889822321183643,5.438079308923196,0.04950748423553897,902.4
2019-05-10 12:00:00,0.19977219487179765,5.420534999272286,0.05452963568884428,1046.1
2019-05-10 13:00:00,0.27758358200675826,5.4116460518550396,0.06221012969270667,815.2
2019-05-10 14:00:00,0.2949465403979352,5.37989735354046,0.04006390035066332,595.7
2019-05-10 15:00:00,0.26311785817809197,5.342334251964811,0.038922624066417555,447.5
2019-05-10 16:00:00,0.2352493536259379,5.278114659230517,0.03607059103926957,339.5
2019-05-10 17:00:00,0.13846997191444022,5.2832037287379885,0.031091964970853425,311.8
2019-05-10 18:00:00,0.10135199405122552,5.3471075307174685,0.02752720440617651,209.8
2019-05-10 19:00:00,0.09131272221554765,5.337538079701318,0.034539275841783734,87.9
2019-05-10 20:00:00,0.1353685437847747,5.484796933490655,0.035289258247136246,-37.2
2019-05-10 21:00:00,0.11538751688716342,5.634789603169249,0.035994065392966235,-202.3
2019-05-10 22:00:00,0.1515187177528885,5.765191102784844,0.03442098451138165,-431.9
2019-05-10 23:00:00,0.2455309493231046,5.811140992976701,0.04032103900937756,-736.8
2019-05-11 00:00:00,0.3546573305101428,6.1224928095143865,0.012831255885764392,-1359.3
2019-05-11 01:00:00,0.39505551154489194,6.1675164908883415,0.014442864851567094,-1494.1
2019-05-11 02:00:00,0.47553301417660165,6.16541785423142,0.017381904946784488,-1580.2
2019-05-11 03:00:00,0.5200628408838588,6.148468295917647,0.01893854065010281,-1592.1
2019-05-11 04:00:00,0.69126408561903,6.131226489483141,0.023544188343935346,-1658.6
2019-05-11 05:00:00,0.44513567596393067,6.063785208687608,0.023485144963180105,-1697.4
2019-05-11 06:00:00,0.2904386851990477,5.924255797414532,0.021674087767276973,-1505.7
2019-05-11 07:00:00,0.18224914654229485,5.834810737062605,0.011605121097028714,-1199.3
2019-05-11 08:00:00,0.16416796077053641,5.8998973535824915,0.0011623210433739928,-798.8
2019-05-11 09:00:00,0.16410961836112437,5.978885764901122,-0.0034243980750190417,-424.8
2019-05-11 10:00:00,0.23310331670430795,5.996452088619021,0.0029656497187104947,-282.9
2019-05-11 11:00:00,0.19404575999522455,5.942799375126701,-0.014445233678324954,-328.3
2019-05-11 12:00:00,0.25370375386457233,5.902633333401366,-0.020256092642590318,-443.1
2019-05-11 13:00:00,0.3000182651118961,5.973809611869261,-0.012723555073568704,-601.9
2019-05-11 14:00:00,0.29137946856773356,6.030685260261263,-0.02146227248443111,-725.5
2019-05-11 15:00:00,0.19484607250874308,6.077642243349034,-0.040860149917469,-853.6
2019-05-11 16:00:00,0.17790624166590163,6.111467339502679,-0.019475429879397765,-851.9
2019-05-11 17:00:00,0.08346356737034188,6.1092475827643655,-0.01768184913345827,-700.6
2019-05-11 18:00:00,0.01577792552130841,6.0844994130751715,-0.01505482110946943,-596.6
2019-05-11 19:00:00,0.03340248170576343,5.978885764901122,-0.010725628552091138,-689.8
2019-05-11 20:00:00,0.04482365894287765,6.061456918928017,-0.005590330883638472,-780.6
2019-05-11 21:00:00,0.00800441619333725,6.19644412779452,-0.0015272582354679543,-908.2
2019-05-11 22:00:00,-0.11332820634076723,6.320768294250582,-0.001061352308118657,-1118.1
2019-05-11 23:00:00,0.055142839430195156,6.393590753950631,-0.0005067675164855956,-1435.4
2019-05-12 00:00:00,0.18292408705248464,6.598509028614515,-0.002445972348313674,-1667.1
2019-05-12 01:00:00,-0.11244884665756771,6.720220155135295,-0.0020328517982513006,-1868.1
2019-05-12 02:00:00,-0.922892258674014,6.779921907472252,-0.006325699264206008,-1829.9
2019-05-12 03:00:00,-0.922892258674014,6.795705775173514,0.002668958559096879,-1787.7
2019-05-12 04:00:00,-0.922892258674014,6.7912214627261855,0.005877318373688212,-1766.4
2019-05-12 05:00:00,-0.922892258674014,6.759255270663693,0.006298887445373325,-1815.7
2019-05-12 06:00:00,-0.922892258674014,6.71174039505618,0.008068026358012403,-1693.7
2019-05-12 07:00:00,-0.922892258674014,6.68586094706836,0.0024491916316158324,-1469.9
2019-05-12 08:00:00,-0.922892258674014,6.690842277418564,0.002149338422050562,-1196.0
2019-05-12 09:00:00,-0.49730583156201513,6.706862336602747,0.004456245754159482,-923.5
2019-05-12 10:00:00,-0.922892258674014,6.715383386334681,0.011445380903946756,-679.5
2019-05-12 11:00:00,-0.922892258674014,6.698268054115413,0.003890952306731421,-586.8
2019-05-12 12:00:00,-0.922892258674014,6.658011045870748,0.0037684290526254216,-533.3
2019-05-12 13:00:00,-0.922892258674014,6.621405651764134,0.009363223709163648,-445.4
2019-05-12 14:00:00,-0.922892258674014,6.582025138892826,0.003525238301048006,-489.5
2019-05-12 15:00:00,-0.922892258674014,6.54534966033442,-0.002108394286237214,-497.9
2019-05-12 16:00:00,-0.922892258674014,6.51025834052315,0.004229955066305635,-442.6
2019-05-12 17:00:00,-0.922892258674014,6.448889394146858,0.006719097387586359,-377.8
2019-05-12 18:00:00,-0.5799560942421405,6.363028103540465,0.014014837882692532,-300.4
2019-05-12 19:00:00,-0.3967504998860192,6.192362489474872,0.01961291103769902,-248.5
2019-05-12 20:00:00,-0.5206233054429767,6.1675164908883415,0.029437896324301605,-217.3
2019-05-12 21:00:00,-0.2040418485749611,6.230481447578482,0.031938486317249826,-369.6
2019-05-12 22:00:00,-0.5840273953365736,6.331501849893691,0.03090239953119145,-539.8
2019-05-12 23:00:00,-0.17595656324870257,6.3784261836515865,0.03227165495660955,-916.5
2019-05-13 00:00:00,-0.37743532385609635,6.375024819828097,0.023384476629781048,-727.4
2019-05-13 01:00:00,-0.09301567849297232,6.39024066706535,0.02613600578702524,-898.2
2019-05-13 02:00:00,0.06110023708587242,6.406879986069314,0.028158011885942358,-941.5
2019-05-13 03:00:00,0.03002745633730841,6.42648845745769,0.02737980559382791,-921.0
2019-05-13 04:00:00,0.41555791366773054,6.455198563340122,0.03096493617553797,-897.0
2019-05-13 05:00:00,0.29105567447672476,6.3818160174060985,0.031182674161328805,-633.6
2019-05-13 06:00:00,0.2239866778091213,6.1675164908883415,0.02980931602500192,478.9
2019-05-13 07:00:00,0.11722112814903207,6.008813185442595,0.03168185694707226,1341.9
2019-05-13 08:00:00,0.03332177890382004,5.924255797414532,0.02918392327613617,1560.5
2019-05-13 09:00:00,0.05328750519408221,5.945420608606575,0.02871869406275529,1425.4
2019-05-13 10:00:00,0.023374489578698476,5.968707559985366,0.020445963776477782,1461.1
2019-05-13 11:00:00,0.09986142053285318,6.028278520230698,0.020763235054156226,1369.1
2019-05-13 12:00:00,0.13704672201454615,6.0867747269123065,0.002548576237325406,1296.6
2019-05-13 13:00:00,0.22179941950763338,6.148468295917647,0.03449279637193747,1182.7
2019-05-13 14:00:00,0.2381034857686104,6.16541785423142,0.02276824781400677,1110.4
2019-05-13 15:00:00,0.22987267770626874,6.1463292576688975,0.020986777725829242,1087.5
2019-05-13 16:00:00,0.16899518208302222,6.111467339502679,0.022760445360143322,1018.8
2019-05-13 17:00:00,0.05094102669215905,6.0063531596017325,0.021468773316989598,1048.4
2019-05-13 18:00:00,-0.005256666257128728,5.823045895483019,0.01678889503102532,982.0
2019-05-13 19:00:00,0.018094929026939433,5.493061443340548,0.019870226100035637,951.5
2019-05-13 20:00:00,0.07840769422837512,5.342334251964811,0.021872257742506562,901.7
2019-05-13 21:00:00,0.06806216172217683,5.318119993844216,0.019284535205720488,834.0
2019-05-13 22:00:00,0.09799366826660716,5.337538079701318,0.018590863499598598,537.2
2019-05-13 23:00:00,0.22390539996950576,5.3471075307174685,0.0172614307003105,80.8
2019-05-14 00:00:00,0.4065210753247559,5.1647859739235145,0.02791586779329691,-52.2
2019-05-14 01:00:00,0.3904920742856124,5.10594547390058,0.024793547817237638,-152.5
2019-05-14 02:00:00,0.5019281108265239,4.990432586778736,0.027950245916413152,-135.7
2019-05-14 03:00:00,0.5384673341325659,4.8283137373023015,0.029905468109094002,-83.6
2019-05-14 04:00:00,0.6882286975352292,4.6913478822291435,0.03267376721731807,-38.9
2019-05-14 05:00:00,0.40429211791626596,4.51085950651685,0.03333730707043436,212.9
2019-05-14 06:00:00,0.2751483173575804,4.30406509320417,0.03869235871810872,1066.4
2019-05-14 07:00:00,0.1685186433773942,4.276666119016055,0.046148679276365456,1574.3
2019-05-14 08:00:00,0.09311379430290057,4.418840607796598,0.044604631447294096,1644.1
2019-05-14 09:00:00,0.11105803442179463,4.6443908991413725,0.039502875701654006,1530.7
2019-05-14 10:00:00,0.09025745375030114,4.882801922586371,0.037509045084416215,1612.2
2019-05-14 11:00:00,0.13216903583292172,5.0369526024136295,0.03558545232124821,1498.8
2019-05-14 12:00:00,0.1440759961082132,5.147494476813453,0.043567072395276796,1390.0
2019-05-14 13:00:00,0.2625585511172601,5.220355825078324,0.042710609817252276,1287.9
2019-05-14 14:00:00,0.282638141437904,5.225746673713202,0.03622039248498865,1202.5
2019-05-14 15:00:00,0.24243445630062865,5.214935757608986,0.03674423933007631,1138.7
2019-05-14 16:00:00,0.19796524931946546,5.209486152841421,0.031718323009013005,988.0
2019-05-14 17:00:00,0.08958174789220719,5.1298987149230735,0.029249746985795966,973.2
2019-05-14 18:00:00,0.040646742913187595,5.030437921392435,0.025000738505021047,850.2
2019-05-14 19:00:00,0.044147618223111085,4.812184355372417,0.02386767572194337,791.5
2019-05-14 20:00:00,0.12701344256771874,4.812184355372417,0.02267277063121753,639.9
2019-05-14 21:00:00,0.09625516975749138,4.919980925828125,0.017318299296382733,609.2
2019-05-14 22:00:00,0.17170840099366247,5.056245805348308,0.013388492591433376,299.6
2019-05-14 23:00:00,0.3623289415791584,5.099866427824199,0.008243267646287578,-62.8
2019-05-15 00:00:00,0.4802421873786411,4.852030263919617,0.01908322308363708,-177.6
2019-05-15 01:00:00,0.5510804008724919,4.709530201312334,0.01986183270248354,-299.1
2019-05-15 02:00:00,0.6798150330292669,4.553876891600541,0.021938564289174067,-328.6
2019-05-15 03:00:00,0.6805993801736729,4.406719247264253,0.02288358352823394,-292.5
2019-05-15 04:00:00,0.6317682389967842,4.30406509320417,0.022535654054310683,-259.4
2019-05-15 05:00:00,0.4013864147479733,4.174387269895637,0.01841660479361451,0.9
2019-05-15 06:00:00,0.27581327302687075,3.9889840465642745,0.010999806517485666,840.0
2019-05-15 07:00:00,0.19397963681870412,4.04305126783455,0.00018949007036717092,1550.9
2019-05-15 08:00:00,0.10673011766897789,4.127134385045092,-0.002693327601619444,1673.1
2019-05-15 09:00:00,0.11098867901776721,4.276666119016055,-0.008992182786295544,1523.1
2019-05-15 10:00:00,0.14346338924266044,4.454347296253507,0.0016438314559721334,1494.3
2019-05-15 11:00:00,0.17553262452357155,4.61512051684126,-0.01275515867428112,1440.7
2019-05-15 12:00:00,0.16159307933769318,4.762173934797756,-0.020994746845293122,1301.2
2019-05-15 13:00:00,0.2738693137186696,4.882801922586371,0.000658260621319684,1183.0
2019-05-15 14:00:00,0.2867131768956339,4.962844630259907,-0.011164008508842471,1144.9
2019-05-15 15:00:00,0.25879023850172045,5.0106352940962555,-0.0021041012647895485,1122.8
2019-05-15 16:00:00,0.19785394714317706,5.030437921392435,-0.00978065668357786,1067.3
2019-05-15 17:00:00,0.07486403098214112,5.017279836814924,-0.011451726935565176,1057.1
2019-05-15 18:00:00,0.02138355443621709,4.990432586778736,-0.013957571535870628,952.7
2019-05-15 19:00:00,0.020712480233683994,4.8283137373023015,-0.011384404460537567,845.9
2019-05-15 20:00:00,0.07009524218026453,4.852030263919617,-0.012065313847264392,736.1
2019-05-15 21:00:00,0.05406726920266891,4.997212273764115,-0.00828934130904635,598.7
2019-05-15 22:00:00,0.10431598419405042,5.087596335232384,-0.005295738840821684,270.1
2019-05-15 23:00:00,0.22101200639925356,5.1298987149230735,-0.0015535953530427804,-195.1
2019-05-16 00:00:00,0.294316475419635,5.537334267018537,0.012518386430132367,-505.1
2019-05-16 01:00:00,0.3323573552432957,5.5254529391317835,0.016990685702470643,-614.4
2019-05-16 02:00:00,0.419149260497508,5.556828061699537,0.018953880371263665,-635.8
2019-05-16 03:00:00,0.3929589178586075,5.6240175061873385,0.01734498900323267,-600.2
2019-05-16 04:00:00,0.3486177522592606,5.703782474656201,0.022329624924216418,-604.2
2019-05-16 05:00:00,0.3388015604732839,5.733341276897746,0.014780376374137205,-424.9
2019-05-16 06:00:00,0.29163005168539957,5.683579767338681,-0.003666150232062293,300.2
2019-05-16 07:00:00,0.15029294185294306,5.631211781821365,-0.019962241849798446,1025.4
2019-05-16 08:00:00,0.06135139243571386,5.713732805509369,-0.02964162505974599,1071.4
2019-05-16 09:00:00,0.09560705502021127,5.932245187448011,-0.03526543793745418,1306.0
2019-05-16 10:00:00,0.17278734515685468,6.1675164908883415,-0.016682128466008805,1165.4
2019-05-16 11:00:00,0.1634419607003097,6.338594078203183,-0.03784211196410503,1046.8
2019-05-16 12:00:00,0.22732730067975604,6.444131256700441,-0.0398617909251584,882.4
2019-05-16 13:00:00,0.3116431695076334,6.516193076042964,-0.006863508402762619,714.9
2019-05-16 14:00:00,0.3251884095228661,6.5638555265321274,-0.03186065860957932,672.7
2019-05-16 15:00:00,0.20463148823957233,6.597145701886651,-0.041518111916619915,668.7
2019-05-16 16:00:00,0.18019681495934314,6.637258031284457,-0.025047334536889565,146.4
2019-05-16 17:00:00,0.05476540752606596,6.645090969505644,-0.02551427148687857,111.1
2019-05-16 18:00:00,-0.005543697503720413,6.63200177739563,-0.026617508404507717,55.7
2019-05-16 19:00:00,0.004620885502447436,6.516193076042964,-0.021908507750364237,-26.9
2019-05-16 20:00:00,0.07034076408516876,6.51471269087253,-0.020664996525407986,52.9
2019-05-16 21:00:00,0.041218337973758956,6.56244409369372,-0.014950439846792563,-155.5
2019-05-16 22:00:00,0.05035506808953105,6.61472560020376,-0.0071831878169579255,-461.3
2019-05-16 23:00:00,0.11589191826278444,6.61472560020376,0.004312294231402447,-934.4
2019-05-17 00:00:00,0.330370069720352,6.340359303727752,0.004152640863962276,-1020.9
2019-05-17 01:00:00,0.3713281818721894,6.333279628139691,0.00822431132441892,-1149.0
2019-05-17 02:00:00,0.21512546703377255,6.359573868672378,0.011879981923097915,-1156.7
2019-05-17 03:00:00,0.21181812230463937,6.431331081933479,0.01141535889168388,-1227.1
2019-05-17 04:00:00,0.16580872232068256,6.511745329644728,0.014337064543099132,-1271.7
2019-05-17 05:00:00,0.2582112532250096,6.546785410760524,0.006758694324407344,-1168.0
2019-05-17 06:00:00,0.1983788185665989,6.501289670540389,-0.011277921696276394,-293.6
2019-05-17 07:00:00,0.1022811632334526,6.461468176353717,-0.026698501395689078,473.4
2019-05-17 08:00:00,0.017704295864116926,6.502790045915623,-0.036454031980976964,564.9
2019-05-17 09:00:00,0.04249402997364449,6.648984550024776,-0.042337668968311704,335.8
2019-05-17 10:00:00,0.19354322870894336,6.784457062637643,-0.02329919959248805,163.8
2019-05-17 11:00:00,0.1120033376650893,6.885509670034818,-0.040248721701892975,-4.7
2019-05-17 12:00:00,0.14468648800143802,6.947937068614969,-0.03135043947610505,-180.2
2019-05-17 13:00:00,0.22240540739851733,6.9874902470009905,-0.021016026749723693,-402.6
2019-05-17 14:00:00,0.2175598767825151,7.005789019253503,-0.03088633899315063,-579.8
2019-05-17 15:00:00,0.17823049854565465,7.01211529430638,-0.02651477353617082,-771.3
2019-05-17 16:00:00,0.14572639171927904,7.00669522683704,-0.026124493269216842,-868.0
2019-05-17 17:00:00,0.06061530062584941,6.99117688712121,-0.026649767222309606,-855.0
2019-05-17 18:00:00,-0.00030828675390592863,6.9726062513017535,-0.029549783094811488,-946.7
2019-05-17 19:00:00,-0.010846327181675885,6.858565034791365,-0.020406156821080046,-1054.7
2019-05-17 20:00:00,0.0408880865319694,6.854354502255021,-0.0196087713985591,-1209.8
2019-05-17 21:00:00,0.005861553043507328,6.854354502255021,-0.01749094308067356,-1330.3
2019-05-17 22:00:00,0.02578508454727313,6.844815479208263,-0.010879053846769793,-1441.0
2019-05-17 23:00:00,0.09312394910067301,6.812345094177479,0.0031321585903221205,-1714.8
2019-05-18 00:00:00,0.07253173582883887,7.269616749608169,-0.02545707976350542,-2222.3
2019-05-18 01:00:00,-0.011050170539439907,7.2456550675945355,-0.024400804578252888,-2252.4
2019-05-18 02:00:00,0.0408777554775428,7.2078598714324755,-0.02279910221373882,-2306.5
2019-05-18 03:00:00,0.07598289664791436,7.1569563646156364,-0.024823041494457243,-2292.3
2019-05-18 04:00:00,0.1853889670128952,7.099201743553092,-0.0235870800314828,-2296.7
2019-05-18 05:00:00,0.12264040913724328,7.011213987350367,-0.021118225102206623,-2249.1
2019-05-18 06:00:00,0.19077239379548283,6.880384082186005,-0.017884413300631508,-2041.5
2019-05-18 07:00:00,0.11198296202284519,6.744059186311348,-0.027365909890161078,-1671.0
2019-05-18 08:00:00,0.08586491167269106,6.634633357861686,-0.037189731999818676,-1178.2
2019-05-18 09:00:00,0.08454332803819042,6.558197802812269,-0.04258441504303612,-833.1
2019-05-18 10:00:00,0.16445881658475336,6.504288173536645,-0.03085258498942345,-663.9
2019-05-18 11:00:00,0.10321413104868782,6.480044561926653,-0.047242738792482086,-664.8
2019-05-18 12:00:00,0.14930895532670485,6.476972362889683,-0.04717625427666938,-736.7
2019-05-18 13:00:00,0.19682850711124633,6.4692503167957724,-0.03835984164286721,-817.0
2019-05-18 14:00:00,0.19759524343873824,6.434546518787453,-0.0430257972855177,-900.2
2019-05-18 15:00:00,0.12781648246960042,6.386879319362645,-0.0611344154395983,-934.0
2019-05-18 16:00:00,0.1299147833647436,6.338594078203183,-0.04316106894285099,-901.6
2019-05-18 17:00:00,0.006774740489451592,6.304448802421981,-0.043327381868648374,-816.0
2019-05-18 18:00:00,0.018652617165159757,6.270988431858299,-0.04484656788987351,-782.9
2019-05-18 19:00:00,-0.01700675015925679,6.075346031088684,-0.04342774641451186,-827.1
2019-05-18 20:00:00,0.023747782126499306,6.082218910376446,-0.04430799579356837,-872.1
2019-05-18 21:00:00,0.03488775558677748,6.129050210060545,-0.046344776272828625,-948.1
2019-05-18 22:00:00,0.041697384324424824,6.173786103901937,-0.041253387145280485,-1087.2
2019-05-18 23:00:00,0.09972853714983021,6.154858094016418,-0.03713996211205384,-1327.3
2019-05-19 00:00:00,0.435755882068519,6.104793232414985,-0.09130163915065737,-1510.0
2019-05-19 01:00:00,0.4773943456625185,6.040254711277414,-0.09487064314582838,-1613.0
2019-05-19 02:00:00,0.5963731455291219,5.996452088619021,-0.10177196126238464,-1646.3
2019-05-19 03:00:00,0.6454770452087728,5.986452005284438,-0.09842715831227267,-1686.2
2019-05-19 04:00:00,0.8082184728795712,5.983936280687191,-0.10271367371774609,-1812.8
2019-05-19 05:00:00,0.5627057439392416,5.963579343618446,-0.09978790637799761,-1824.4
2019-05-19 06:00:00,0.41157071298463155,5.8998973535824915,-0.09221110776949892,-1602.0
2019-05-19 07:00:00,0.24040587016675685,5.823045895483019,-0.09092487914584169,-1403.8
2019-05-19 08:00:00,0.13504009138810025,5.6937321388027,-0.08588789839139999,-1018.6
2019-05-19 09:00:00,0.11948435499584376,5.4510384535657,-0.08341250968865133,-583.5
2019-05-19 10:00:00,0.15630778508300613,5.181783550292085,-0.07347782332971242,-292.6
2019-05-19 11:00:00,0.18522923614664855,5.043425116919247,-0.08401404690840053,-218.6
2019-05-19 12:00:00,0.20004930408519472,5.017279836814924,-0.08307515566344392,-175.9
2019-05-19 13:00:00,0.3105458223091824,5.003946305945459,-0.07436158730861919,-232.4
2019-05-19 14:00:00,0.3443951446616813,5.030437921392435,-0.08373086249770623,-318.4
2019-05-19 15:00:00,0.3437573229603377,5.075173815233827,-0.09105039804195947,-379.6
2019-05-19 16:00:00,0.29910882653403803,5.111987788356544,-0.08934667544825814,-364.3
2019-05-19 17:00:00,0.10260916570525946,5.159055299214529,-0.0860562268135503,-276.0
2019-05-19 18:00:00,0.03772558978617058,5.2574953720277815,-0.08483395642399572,-219.3
2019-05-19 19:00:00,0.0643507768877698,5.298317366548036,-0.08483182492030572,-270.2
2019-05-19 20:00:00,0.10506137528796211,5.429345628954441,-0.08255968740060382,-368.4
2019-05-19 21:00:00,0.06715521862490847,5.5909869805108565,-0.08651976881110635,-449.4
2019-05-19 22:00:00,0.12467757525429768,5.723585101952381,-0.0898853766269454,-669.9
2019-05-19 23:00:00,0.2707961074212619,5.793013608384144,-0.09251377620307544,-984.4
2019-05-20 00:00:00,0.44855409581129946,5.942799375126701,-0.11565381351601545,-1221.8
2019-05-20 01:00:00,0.506901406215976,5.955837369464831,-0.11710120104748611,-1336.8
2019-05-20 02:00:00,0.6102786439636789,5.978885764901122,-0.11710334603480455,-1397.9
2019-05-20 03:00:00,0.6084238332311158,6.042632833682381,-0.12180495206805553,-1464.5
2019-05-20 04:00:00,0.5975833934795078,6.1224928095143865,-0.1234378868704038,-1504.0
2019-05-20 05:00:00,0.3560663763108787,6.238324625039508,-0.11648105812598253,-1334.3
2019-05-20 06:00:00,0.25758926736592436,6.230481447578482,-0.09558254254426757,-415.7
2019-05-20 07:00:00,0.14010965479581072,6.212606095751519,-0.07513141641164012,412.1
2019-05-20 08:00:00,0.06294344796203388,6.169610732491456,-0.06622337690897773,667.9
2019-05-20 09:00:00,0.0864447669344881,6.131226489483141,-0.06311859010361687,675.2
2019-05-20 10:00:00,0.08551482153116963,6.09807428216624,-0.06628378256987588,719.0
2019-05-20 11:00:00,0.22078691226558922,6.037870919922137,-0.06336433260354646,683.4
2019-05-20 12:00:00,0.25448222448469604,5.988961416889864,-0.0830349939775239,612.9
2019-05-20 13:00:00,0.30883089598975166,5.924255797414532,-0.05595552160834849,576.1
2019-05-20 14:00:00,0.3149483325382474,5.834810737062605,-0.06644562350608219,553.5
2019-05-20 15:00:00,0.28141956312530114,5.739792912179234,-0.06824301852348746,546.0
2019-05-20 16:00:00,0.21365706400241846,5.659482215759621,-0.06902178775773926,475.8
2019-05-20 17:00:00,0.0968217011517507,5.594711379601839,-0.07459995920519269,468.4
2019-05-20 18:00:00,0.025101359638306953,5.537334267018537,-0.08416145764956084,371.9
2019-05-20 19:00:00,0.04054697733834445,5.3981627015177525,-0.08553622327544552,263.9
2019-05-20 20:00:00,0.08796153597574152,5.429345628954441,-0.09055608237137669,161.4
2019-05-20 21:00:00,0.06759672070842182,5.517452896464707,-0.09868362441813439,22.6
2019-05-20 22:00:00,0.11787598001240873,5.602118820879701,-0.0994805168542694,-294.9
2019-05-20 23:00:00,0.1825341911745273,5.602118820879701,-0.10691168208519564,-587.9
2019-05-21 00:00:00,0.3210734203113086,6.075346031088684,-0.11130320277675132,-1172.0
2019-05-21 01:00:00,0.35092522252827996,6.0014148779611505,-0.12635936782019996,-1302.2
2019-05-21 02:00:00,0.413558960376434,5.988961416889864,-0.12843590429037732,-1351.4
2019-05-21 03:00:00,0.40963097261293324,6.049733455231958,-0.13015153620261266,-1430.6
2019-05-21 04:00:00,0.5443249634459653,6.1224928095143865,-0.13408804797131424,-1500.0
2019-05-21 05:00:00,0.2580869963488266,6.095824562432225,-0.12049283424939006,-1301.9
2019-05-21 06:00:00,0.21223449194701116,5.926926025970411,-0.07388402671191763,-235.5
2019-05-21 07:00:00,0.11867181552491379,5.752572638825633,-0.03221824309692245,515.7
2019-05-21 08:00:00,0.03751291374773036,5.68697535633982,-0.022014205933773567,621.2
2019-05-21 09:00:00,0.0759905344373557,5.746203190540153,-0.02324650757847202,662.7
2019-05-21 10:00:00,0.0865801340467307,5.8377304471659395,-0.024702522195688914,640.2
2019-05-21 11:00:00,0.13101629795311354,5.908082938168931,-0.02338316249271344,656.6
2019-05-21 12:00:00,0.1408404952500648,5.955837369464831,-0.01241248889534674,644.9
2019-05-21 13:00:00,0.26672233228903997,5.986452005284438,-0.018280827433997615,533.3
2019-05-21 14:00:00,0.2921675569559077,5.978885764901122,-0.026680663082840894,463.9
2019-05-21 15:00:00,0.24999235718037127,5.973809611869261,-0.028416044856436784,440.7
2019-05-21 16:00:00,0.19581753342410346,5.955837369464831,-0.03503192115742593,427.6
2019-05-21 17:00:00,0.0950005383927639,5.940171252720432,-0.03861692151496676,400.7
2019-05-21 18:00:00,0.03902053742064471,5.921578419643816,-0.048645034119122244,126.2
2019-05-21 19:00:00,0.02821378613810932,5.82600010738045,-0.054707037817482984,21.7
2019-05-21 20:00:00,0.08046093672049937,5.8971538676367405,-0.06364762926094691,-0.3
2019-05-21 21:00:00,0.041311774643998156,6.045005314036012,-0.07739946342900517,-188.5
2019-05-21 22:00:00,0.09735145585222371,6.171700597410915,-0.0879419754797155,-564.4
2019-05-21 23:00:00,0.2576839500732784,6.198478716492308,-0.11030011312641719,-1021.9
2019-05-22 00:00:00,0.3527763053075703,6.424869023905388,-0.13406599452520496,-1481.4
2019-05-22 01:00:00,0.37081223289037935,6.322565239927284,-0.1443271920029332,-1585.3
2019-05-22 02:00:00,0.40502760819416084,6.22455842927536,-0.14624015217565045,-1560.8
2019-05-22 03:00:00,0.38151702139272414,6.137727054086234,-0.1481854384661112,-1516.4
2019-05-22 04:00:00,0.4648180747306876,6.018593214496234,-0.15430318914619257,-1520.6
2019-05-22 05:00:00,0.25360518320619496,5.84354441703136,-0.14231018403931017,-1244.4
2019-05-22 06:00:00,0.20007264744926356,5.616771097666572,-0.10157059920522649,-229.6
2019-05-22 07:00:00,0.09740554579118665,5.429345628954441,-0.06644561059984078,400.8
2019-05-22 08:00:00,-0.008329074908711043,5.308267697401205,-0.05202954653901948,610.4
2019-05-22 09:00:00,0.029693936624520578,5.267858159063328,-0.05458876517306166,695.4
2019-05-22 10:00:00,0.06487718890685468,5.25227342804663,-0.03845288716863493,767.9
2019-05-22 11:00:00,0.08928787000993665,5.247024072160486,-0.05319866386154537,888.9
2019-05-22 12:00:00,0.04510790239690943,5.241747015059643,-0.06154499371292488,1035.9
2019-05-22 13:00:00,0.16747076133977057,5.231108616854587,-0.043963809908140306,986.2
2019-05-22 14:00:00,0.19519616024363318,5.236441962829949,-0.058849219882779025,977.2
2019-05-22 15:00:00,0.16406825940843106,5.247024072160486,-0.0545899887660255,1015.4
2019-05-22 16:00:00,0.11220043140773406,5.247024072160486,-0.06250274867037753,920.5
2019-05-22 17:00:00,0.015930747711513593,5.342334251964811,-0.06289224573427887,874.4
2019-05-22 18:00:00,-0.00879318137158025,5.484796933490655,-0.07154139530168457,487.7
2019-05-22 19:00:00,0.000821804575726226,5.537334267018537,-0.07428036240782632,102.0
2019-05-22 20:00:00,0.041758045046864645,5.700443573390687,-0.08233164829565531,-29.3
2019-05-22 21:00:00,0.03215641408797465,5.84354441703136,-0.08763799572895081,-149.4
2019-05-22 22:00:00,0.07174767334943422,5.998936561946683,-0.09316280929993681,-500.3
2019-05-22 23:00:00,0.23561842153161816,6.113682179832232,-0.10943359899823335,-989.8
2019-05-23 00:00:00,0.33134154695256246,6.059123195581797,-0.14256609505244455,-1327.7
2019-05-23 01:00:00,0.29760540674992253,6.0844994130751715,-0.15159662286367492,-1531.0
2019-05-23 02:00:00,0.3697412495796186,6.089044875446846,-0.15406528376037798,-1545.9
2019-05-23 03:00:00,0.3859053458119468,6.07993319509559,-0.15866080967071206,-1554.9
2019-05-23 04:00:00,0.560482988535763,6.075346031088684,-0.15946831290276897,-1576.0
2019-05-23 05:00:00,0.33071563882079813,6.049733455231958,-0.1461577523345774,-1318.3
2019-05-23 06:00:00,0.2655913497614435,5.983936280687191,-0.10096423288624301,-465.6
2019-05-23 07:00:00,0.13901992439812538,5.924255797414532,-0.061720164885985085,409.8
2019-05-23 08:00:00,0.03762934982984545,5.8805329864007,-0.05109184356522256,623.3
2019-05-23 09:00:00,0.03437796878400734,5.860786223465865,-0.052859978536574204,728.2
2019-05-23 10:00:00,0.08111455044853288,5.846438775057725,-0.02932871559292316,839.3
2019-05-23 11:00:00,0.06749658390475233,5.860786223465865,-0.051171477283503464,906.8
2019-05-23 12:00:00,0.1401851106871268,5.8998973535824915,-0.0535627844136215,864.8
2019-05-23 13:00:00,0.2289639292571386,5.940171252720432,-0.025782848809813075,848.9
2019-05-23 14:00:00,0.2707139060411201,5.971261839790462,-0.05152227290601985,753.9
2019-05-23 15:00:00,0.1733395078935649,5.988961416889864,-0.0622475645218028,619.1
2019-05-23 16:00:00,0.1776509887370863,6.0014148779611505,-0.04594200961630435,464.1
2019-05-23 17:00:00,0.07731538264310567,5.978885764901122,-0.04799679753683783,408.4
2019-05-23 18:00:00,0.018809525329986698,5.883322388488279,-0.057238260879294955,165.3
2019-05-23 19:00:00,0.019683931813542888,5.655991810819852,-0.059470057536191945,101.2
2019-05-23 20:00:00,0.09444418295204615,5.572154032177765,-0.0668896072590961,136.3
2019-05-23 21:00:00,0.07768324335738086,5.53338948872752,-0.07251702885786493,-88.4
2019-05-23 22:00:00,0.11072252133054805,5.54907608489522,-0.07821826559570688,-309.7
2019-05-23 23:00:00,0.25750466639075587,5.575949103146316,-0.09283454219017884,-800.5
2019-05-24 00:00:00,0.40501094889441225,6.159095388491933,-0.09488110036420849,-1404.7
2019-05-24 01:00:00,0.403425776118326,6.20050917404269,-0.10113612486255974,-1577.5
2019-05-24 02:00:00,0.49351595115145397,6.206575926724928,-0.1017498075197274,-1598.1
2019-05-24 03:00:00,0.48455861475822104,6.20050917404269,-0.10542683041203915,-1628.7
2019-05-24 04:00:00,0.5617464589851742,6.20455776256869,-0.1085149405917818,-1654.5
2019-05-24 05:00:00,0.25543655666125176,6.184148890937483,-0.10079812741930994,-1379.7
2019-05-24 06:00:00,0.1873594233169884,6.154858094016418,-0.06992897994041769,-619.6
2019-05-24 07:00:00,0.13142541161816723,6.19644412779452,-0.0422899822444851,226.0
2019-05-24 08:00:00,0.05431792267325086,6.278521424165844,-0.036139879404959885,440.0
2019-05-24 09:00:00,0.07247987930650535,6.396929655216146,-0.037318837856370024,381.3
2019-05-24 10:00:00,0.2051726465901531,6.502790045915623,-0.016626252299849043,416.8
2019-05-24 11:00:00,0.06386372106278326,6.566672429803241,-0.03678832921729658,457.2
2019-05-24 12:00:00,0.06722193193320081,6.580639137284949,-0.03145644467045905,389.0
2019-05-24 13:00:00,0.12768444493422848,6.568077911411976,-0.029253662753511378,396.5
2019-05-24 14:00:00,0.14801951007247105,6.520621127558696,-0.05041368461545126,246.4
2019-05-24 15:00:00,0.11937425247497879,6.448889394146858,-0.054119757997854734,172.6
2019-05-24 16:00:00,0.09994937336947718,6.369900982828227,-0.05792728706232886,50.2
2019-05-24 17:00:00,0.010340504636561665,6.302618975744905,-0.06178498264981158,-1.6
2019-05-24 18:00:00,0.008506781031137667,6.26530121273771,-0.06664423523242036,-288.6
2019-05-24 19:00:00,0.016676050474232706,6.1463292576688975,-0.06494627537302122,-433.0
2019-05-24 20:00:00,0.04996988457355034,6.102558594613569,-0.07339864041357025,-638.8
2019-05-24 21:00:00,0.016559566432568396,6.066108090103747,-0.08325374275323227,-894.1
2019-05-24 22:00:00,0.044486928324293906,6.063785208687608,-0.0832476150288386,-1215.7
2019-05-24 23:00:00,0.14365475774788905,6.082218910376446,-0.08087542511082013,-1347.9
2019-05-25 00:00:00,0.28913504146243874,6.42648845745769,-0.0878760412898032,-1669.2
2019-05-25 01:00:00,0.32118395532670485,6.472346294500901,-0.09576529078622364,-1808.1
2019-05-25 02:00:00,0.42142077118333665,6.490723534502507,-0.09966783156403025,-1906.4
2019-05-25 03:00:00,0.4738367267940644,6.47543271670409,-0.1061547692920648,-1956.8
2019-05-25 04:00:00,0.6219166670622416,6.440946540632921,-0.1127313132687533,-2109.3
2019-05-25 05:00:00,0.36223771373039604,6.373319789577012,-0.11111405342217218,-2141.3
2019-05-25 06:00:00,0.21876707483184932,6.280395838960195,-0.09830462840010412,-1948.1
2019-05-25 07:00:00,0.0986852699654972,6.208590026096629,-0.0926376887123066,-1668.9
2019-05-25 08:00:00,0.06515803962207789,6.129050210060545,-0.08471319971394742,-1331.7
2019-05-25 09:00:00,0.05149547399199017,6.0112671744041615,-0.07766706427142722,-923.9
2019-05-25 10:00:00,0.11327550899889749,5.905361848054571,-0.05885344886470101,-701.7
2019-05-25 11:00:00,0.06683653865829564,5.855071922202427,-0.06672153188894114,-676.3
2019-05-25 12:00:00,0.12445775321738939,5.84354441703136,-0.06480317450665041,-728.1
2019-05-25 13:00:00,0.15865483784369472,5.863631175598097,-0.05945197855774431,-817.4
2019-05-25 14:00:00,0.1535508851171148,5.910796644040527,-0.0694557742079045,-951.0
2019-05-25 15:00:00,0.06964660818323809,6.0014148779611505,-0.09335684836417535,-1104.7
2019-05-25 16:00:00,0.06989384402966703,6.115892125483034,-0.07696037897030727,-1165.2
2019-05-25 17:00:00,-0.0008859580618465479,6.2422232654551655,-0.07659111511509842,-1127.9
2019-05-25 18:00:00,-0.028364589351550507,6.373319789577012,-0.0789676715115828,-1224.6
2019-05-25 19:00:00,-0.019912577061957926,6.431331081933479,-0.08082116321027222,-1427.2
2019-05-25 20:00:00,0.02104799646936284,6.576469569048224,-0.08510404627511292,-1635.6
2019-05-25 21:00:00,0.011268836937744275,6.726233402358747,-0.09497797674764108,-1947.6
2019-05-25 22:00:00,0.05049590135406623,6.858565034791365,-0.0939108469956178,-2185.8
2019-05-25 23:00:00,0.1477607746334364,6.9411900550683745,-0.0977808919544838,-2462.9
2019-05-26 00:00:00,0.3521041154232649,6.741700694652055,-0.06573932711285302,-2680.1
2019-05-26 01:00:00,0.3822229679959692,6.8001700683022,-0.07152555027857765,-2952.6
2019-05-26 02:00:00,0.42337937790038405,6.856461984594587,-0.08000461037479667,-3145.4
2019-05-26 03:00:00,0.47129156303017883,6.902742737158593,-0.08018502565709262,-3348.2
2019-05-26 04:00:00,0.4111726335485901,6.9411900550683745,-0.08870400343628582,-3487.3
2019-05-26 05:00:00,-0.05218607995863289,6.974478911025045,-0.08551400890093674,-3530.7
2019-05-26 06:00:00,-0.41301236474661795,7.00850518208228,-0.07575666452251895,-3228.9
2019-05-26 07:00:00,-0.361284287448592,7.0431599159883405,-0.0698714699480103,-3075.3
2019-05-26 08:00:00,-0.25291430938099646,7.080867896690782,-0.06574885210933523,-2772.7
2019-05-26 09:00:00,-0.3192734197313696,7.113956109566034,-0.059164156978296134,-2330.4
2019-05-26 10:00:00,-0.04173651359692565,7.151485463904735,-0.046389552888078,-2167.6
2019-05-26 11:00:00,0.022772420379133518,7.1929342212158,-0.0528255837494207,-2160.9
2019-05-26 12:00:00,-0.01842601601046301,7.232733136177615,-0.04954278416026803,-2294.6
2019-05-26 13:00:00,-0.07609140310902651,7.244941546337007,-0.04183233807471254,-2389.1
2019-05-26 14:00:00,-0.029170414441475057,7.232010331664759,-0.04441683621249837,-2447.6
2019-05-26 15:00:00,0.05728326069123568,7.1693500166706,-0.048920318443563815,-2404.0
2019-05-26 16:00:00,0.20600493554525112,7.067319848653476,-0.04564520547072881,-2211.3
2019-05-26 17:00:00,0.04438873472566618,6.917705609835305,-0.04319075200181821,-1893.0
2019-05-26 18:00:00,-0.056249064855604214,6.70196036600254,-0.039343630257119955,-1560.0
2019-05-26 19:00:00,-0.046644936825818384,6.253828811575473,-0.03768504649460347,-1221.2
2019-05-26 20:00:00,0.007210146422846009,5.988961416889864,-0.037203218661296944,-1076.7
2019-05-26 21:00:00,-0.03954356485886379,5.7899601708972535,-0.045576201134055694,-1115.8
2019-05-26 22:00:00,0.009494684835480882,5.627621113690637,-0.04469792459704891,-1298.4
2019-05-26 23:00:00,0.12121466795534541,5.472270673671475,-0.04386021472492807,-1551.9
2019-05-27 00:00:00,-0.24352127328483864,5.262690188904886,-0.04372015659194872,-1491.2
2019-05-27 01:00:00,-0.49432493646396436,5.1647859739235145,-0.04251325726547961,-1586.4
2019-05-27 02:00:00,-0.43069295451078915,5.030437921392435,-0.042586515272320824,-1549.4
2019-05-27 03:00:00,-0.2762876037769111,4.836281906951478,-0.05009269399491956,-1519.9
2019-05-27 04:00:00,0.03187862853732337,4.653960350157523,-0.05301424575783997,-1620.7
2019-05-27 05:00:00,0.09809841347589066,4.48863636973214,-0.048544850322079114,-1444.7
2019-05-27 06:00:00,0.14088954440972667,4.356708826689592,-0.035459802796083295,-600.8
2019-05-27 07:00:00,0.057473109842549164,4.343805421853684,-0.02592596321105134,240.2
2019-05-27 08:00:00,-0.007268975009554257,4.430816798843313,-0.02232918335175249,541.1
2019-05-27 09:00:00,0.0088357426232486,4.61512051684126,-0.019486986910834503,656.0
2019-05-27 10:00:00,-0.03834488787632928,4.836281906951478,-0.02046479016948055,723.9
2019-05-27 11:00:00,0.03241460394148099,5.062595033026967,-0.013030794797851186,689.6
2019-05-27 12:00:00,0.061624068759338346,5.332718793265369,-0.028072676255737505,610.8
2019-05-27 13:00:00,0.13544563444016822,5.631211781821365,0.00524301027300389,469.7
2019-05-27 14:00:00,0.13552759223786914,5.863631175598097,-0.007872705322784057,316.2
2019-05-27 15:00:00,0.11966953757265442,6.045005314036012,-0.009568608813326662,196.8
2019-05-27 16:00:00,0.04706508655634822,6.186208623900494,-0.010285950459271831,-36.4
2019-05-27 17:00:00,-0.03485780900911983,6.244166900663736,-0.015292122658079776,-104.7
2019-05-27 18:00:00,-0.08531898196603871,6.212606095751519,-0.02593523804878295,-236.2
2019-05-27 19:00:00,-0.05144986038877608,6.028278520230698,-0.02688604256294802,-324.0
2019-05-27 20:00:00,0.012353938447253743,5.978885764901122,-0.03188225179331994,-473.4
2019-05-27 21:00:00,-0.004293400419933757,5.958424693029782,-0.042226347639511275,-765.7
2019-05-27 22:00:00,0.0472412646008733,5.958424693029782,-0.03951770602405347,-1071.2
2019-05-27 23:00:00,0.15228066723439104,5.963579343618446,-0.041174641714047056,-1560.9
2019-05-28 00:00:00,0.2643828114720388,6.192362489474872,-0.024476771228743033,-2149.1
2019-05-28 01:00:00,0.1668599861294986,6.16541785423142,-0.031806180442945475,-2225.6
2019-05-28 02:00:00,0.1334967363030577,6.137727054086234,-0.03331035529090798,-2236.2
2019-05-28 03:00:00,-0.0012472994855619035,6.126869184114185,-0.037928003480748984,-2221.5
2019-05-28 04:00:00,-0.10500194158169851,6.131226489483141,-0.045093931110994134,-2266.1
2019-05-28 05:00:00,0.25638968335294665,6.100318952020064,-0.039975671650953615,-2202.6
2019-05-28 06:00:00,0.1801142154089641,6.056784013228625,-0.025070679243734517,-1216.5
2019-05-28 07:00:00,0.04253374740195959,6.054439346269371,-0.007765085383464765,-399.0
2019-05-28 08:00:00,-0.03287505869997487,6.063785208687608,-0.004888591054717395,-174.0
2019-05-28 09:00:00,0.007868965108980941,6.066108090103747,-0.003924678416440841,-238.8
2019-05-28 10:00:00,0.01178115645263711,6.075346031088684,-0.001738475512910398,-233.2
2019-05-28 11:00:00,0.04983876744979465,6.077642243349034,-1.3847593617555276e-05,-249.2
2019-05-28 12:00:00,0.06262867221228374,6.095824562432225,0.011577729903203604,-331.0
2019-05-28 13:00:00,0.1792071769512238,6.129050210060545,0.01202452206133131,-400.1
2019-05-28 14:00:00,0.18714111559417157,6.163314804034641,0.002420554688253418,-502.9
2019-05-28 15:00:00,0.14828529026270632,6.19644412779452,0.0043874378624657595,-585.9
2019-05-28 16:00:00,0.109544275999931,6.2324480165505225,-0.00021827885328562502,-685.6
2019-05-28 17:00:00,0.007390896353880905,6.261491684321042,-0.004263810338649421,-666.0
2019-05-28 18:00:00,-0.06039010943094647,6.2766434893416445,-0.011408406721306719,-780.5
2019-05-28 19:00:00,-0.07029050244013568,6.184148890937483,-0.015452011401265509,-938.4
2019-05-28 20:00:00,-0.00947889060976248,6.20455776256869,-0.020969744708295934,-1088.8
2019-05-28 21:00:00,-0.034636021851631504,6.259581464064923,-0.03258359372573949,-1308.4
2019-05-28 22:00:00,0.029620593615679702,6.338594078203183,-0.031088300328701024,-1575.8
2019-05-28 23:00:00,0.16854451319561337,6.410174881966167,-0.032690792710328154,-2032.6
2019-05-29 00:00:00,-0.30310694840828933,7.102499355774649,-0.025040677798177313,-2617.1
2019-05-29 01:00:00,-0.6482781937799285,7.156176637480615,-0.028830092402106544,-2779.9
2019-05-29 02:00:00,-0.2355795840822399,7.1891677384203225,-0.029042425286343487,-2892.7
2019-05-29 03:00:00,-0.2837466798171029,7.206377291472252,-0.031300574682211035,-2948.4
2019-05-29 04:00:00,-0.33102889927431267,7.216709486709457,-0.03768662177009752,-2942.7
2019-05-29 05:00:00,0.1757206388491297,7.213031659834869,-0.030179967273770814,-2730.8
2019-05-29 06:00:00,0.16788596095336228,7.221835825288449,-0.013019305521515534,-1874.4
2019-05-29 07:00:00,0.05649512481957508,7.258412150595307,-0.000524759232995109,-1083.7
2019-05-29 08:00:00,-0.05339570673319205,7.29505641646263,0.006200011645942638,-949.5
2019-05-29 09:00:00,-0.02432158234757642,7.325148957955575,0.00591946467183746,-1068.2
2019-05-29 10:00:00,0.0064400816346914525,7.349230824613334,0.023784957333186085,-1076.8
2019-05-29 11:00:00,0.02978264030379041,7.3783837129967145,0.012969415610912804,-1135.4
2019-05-29 12:00:00,0.0069372214244194375,7.404887575616125,0.007008864084383504,-1247.7
2019-05-29 13:00:00,0.12038537466508314,7.421775793644647,0.031172144618532016,-1394.7
2019-05-29 14:00:00,0.13282955542221275,7.422373700986824,0.019638527030210184,-1470.7
2019-05-29 15:00:00,0.07736261011188006,7.416979621381154,0.028770021667641643,-1537.5
2019-05-29 16:00:00,0.02106863843107165,7.398174092970465,0.021210610516163797,-1630.9
2019-05-29 17:00:00,-0.03348414316031345,7.351799869057777,0.019756190147459662,-1569.8
2019-05-29 18:00:00,-0.0887361652798635,7.257707677160043,0.012820973516367573,-1527.8
2019-05-29 19:00:00,-0.09250499717002958,7.001245622069476,0.011217792399266457,-1457.2
2019-05-29 20:00:00,-0.0765940147485007,6.921658184151129,0.0036013556919414214,-1425.1
2019-05-29 21:00:00,-0.1054768059790363,6.921658184151129,-0.0009585624681456295,-1571.6
2019-05-29 22:00:00,-0.17634906888723423,6.952728644624869,0.002069543868739032,-1780.5
2019-05-29 23:00:00,-0.922892258674014,6.950814768442584,0.0016260575643372022,-2170.7
2019-05-30 00:00:00,0.14881738216956153,6.9865664594064265,0.13900158061656498,-2181.2
2019-05-30 01:00:00,0.5391064612086027,6.953684210870537,0.13129989498181693,-2398.1
2019-05-30 02:00:00,0.5488315780900472,6.930494765951626,0.1357676866748374,-2424.3
2019-05-30 03:00:00,-0.07447123469613981,6.921658184151129,0.1283096047310952,-2432.0
2019-05-30 04:00:00,-0.8495107736786518,6.933423025730715,0.10808449186815317,-2528.2
2019-05-30 05:00:00,-0.922892258674014,6.957497370876951,0.07865987983634248,-2601.9
2019-05-30 06:00:00,-0.922892258674014,6.994849985833071,0.024222153761185083,-2313.9
2019-05-30 07:00:00,-0.8827133327430721,7.080026499922591,-0.012570943236164922,-2212.8
2019-05-30 08:00:00,-0.8269228628026739,7.203405521083095,0.008207135547731781,-2014.5
2019-05-30 09:00:00,-0.922892258674014,7.327123292259293,0.034087429044070916,-1821.1
2019-05-30 10:00:00,-0.922892258674014,7.421775793644647,0.0627151448898342,-1654.6
2019-05-30 11:00:00,-0.922892258674014,7.491645473605133,0.04700282838719261,-1734.5
2019-05-30 12:00:00,-0.922892258674014,7.541683099882111,0.0370202812174103,-1836.1
2019-05-30 13:00:00,-0.922892258674014,7.573017256052546,0.05967179455663718,-1958.4
2019-05-30 14:00:00,-0.922892258674014,7.592870287844818,0.03433936231458823,-2025.7
2019-05-30 15:00:00,-0.922892258674014,7.609862200913554,0.008834387787201692,-2170.1
2019-05-30 16:00:00,-0.922892258674014,7.61085279039525,0.04350758790807596,-2428.0
2019-05-30 17:00:00,0.0951669515903899,7.602900462204755,0.05457162266284321,-2445.1
2019-05-30 18:00:00,0.20236288515049994,7.58629630715272,0.06347668992575528,-2435.8
2019-05-30 19:00:00,-0.1880103700950677,7.43955930913332,0.06830476872889868,-2412.9
2019-05-30 20:00:00,-0.922892258674014,7.4067107301776405,0.06367573891974487,-2367.3
2019-05-30 21:00:00,-0.922892258674014,7.371489295214277,0.06788968414171137,-2392.5
2019-05-30 22:00:00,-0.922892258674014,7.344072850573066,0.08593383931627585,-2499.5
2019-05-30 23:00:00,-0.922892258674014,7.292337176173877,0.10220067491979634,-2658.5
2019-05-31 00:00:00,-0.922892258674014,7.351158226430694,-0.04662877867237114,-2967.7
2019-05-31 01:00:00,-0.922892258674014,7.252762418053187,-0.044426284448615405,-2995.7
2019-05-31 02:00:00,-0.922892258674014,7.138073034044347,-0.04440085397549254,-2915.3
2019-05-31 03:00:00,-0.922892258674014,7.042286171939743,-0.050853881959470826,-2776.6
2019-05-31 04:00:00,-0.922892258674014,6.950814768442584,-0.06337965313817229,-2722.3
2019-05-31 05:00:00,-0.922892258674014,6.854354502255021,-0.06619638490143132,-2688.1
2019-05-31 06:00:00,0.03681174709419732,6.77078942390898,-0.08651762476144498,-2145.4
2019-05-31 07:00:00,-0.02632218570316569,6.71295620067707,-0.09920450460209729,-1469.6
2019-05-31 08:00:00,-0.06469669314138082,6.71174039505618,-0.08473113130974852,-1129.8
2019-05-31 09:00:00,-0.03717221270173665,6.79346613258001,-0.06878496476933194,-1020.5
2019-05-31 10:00:00,0.06941400639422435,6.8690144506657065,-0.04252243623662544,-974.7
2019-05-31 11:00:00,-0.04026111706194291,6.939253946041508,-0.05453090046669473,-1035.9
2019-05-31 12:00:00,-0.026468221909957013,6.994849985833071,-0.048024618008623676,-1143.1
2019-05-31 13:00:00,0.005199497866973157,7.042286171939743,-0.027622429723642483,-1327.3
2019-05-31 14:00:00,-0.048643163992141414,7.05617528410041,-0.042313779026796894,-1451.8
2019-05-31 15:00:00,-0.10005616798294126,7.047517221357296,-0.032620815266254155,-1553.2
2019-05-31 16:00:00,-0.10919942565762142,7.00669522683704,-0.030718596256654962,-1562.2
2019-05-31 17:00:00,-0.08473173414957502,6.918695219020472,-0.02955902293878765,-1539.1
2019-05-31 18:00:00,-0.11206977171991817,6.740519359606223,-0.035769763566467105,-1547.6
2019-05-31 19:00:00,-0.10326874755083715,6.400257445308821,-0.029595286494091155,-1551.8
2019-05-31 20:00:00,-0.13245212930020145,6.269096283706261,-0.033640807059665434,-1540.6
2019-05-31 21:00:00,-0.16885773238563084,6.259581464064923,-0.04021784189410127,-1597.7
2019-05-31 22:00:00,-0.14724573262668628,6.304448802421981,-0.03536512567978001,-1714.8
2019-05-31 23:00:00,0.010236289294905276,6.284134161070802,-0.03523764347117009,-2023.4
2019-06-01 00:00:00,0.053365930295258046,6.393590753950631,0.08844552993507904,-2139.5
2019-06-01 01:00:00,-0.13562446412883178,6.354370040797351,0.09688911153696722,-2305.6
2019-06-01 02:00:00,-0.697247880527831,6.315358001522335,0.10405868875550617,-2355.0
2019-06-01 03:00:00,-0.7681864025704013,6.226536669287466,0.1104884311530423,-2412.1
2019-06-01 04:00:00,-0.6762438564515352,6.148468295917647,0.11905440317261728,-2501.9
2019-06-01 05:00:00,-0.8856208291782821,6.091309882077698,0.11622976809650432,-2588.3
2019-06-01 06:00:00,-0.16648062783133444,6.118097198041348,0.10827611151148275,-2476.7
2019-06-01 07:00:00,-0.06509162407683666,6.238324625039508,0.08898029496439008,-2188.7
2019-06-01 08:00:00,0.10697658303146884,6.398594934535208,0.0754560436948406,-1827.7
2019-06-01 09:00:00,0.0057056309657945725,6.595780513961311,0.06203547635361595,-1528.5
2019-06-01 10:00:00,-0.00859354465582074,6.771935555839602,0.06088630011729457,-1457.4
2019-06-01 11:00:00,-0.11407212408071832,6.939253946041508,0.05213268951542993,-1555.8
2019-06-01 12:00:00,0.02818544779143295,7.083387847625295,0.04373412223486994,-1720.1
2019-06-01 13:00:00,-0.1325772247327559,7.20414929203594,0.04546572878594901,-1942.0
2019-06-01 14:00:00,-0.3050210425185038,7.273092595999522,0.05059799015818456,-2141.3
2019-06-01 15:00:00,-0.0047060424994813665,7.29641326877392,0.02651163954878477,-2286.1
2019-06-01 16:00:00,0.13090738856693962,7.311218384419629,0.0521471537354703,-2360.1
2019-06-01 17:00:00,0.08483386459695419,7.326465613840322,0.053720839102792795,-2310.4
2019-06-01 18:00:00,0.1586076205277771,7.309212365692763,0.05692758021779909,-2351.4
2019-06-01 19:00:00,0.135019120871958,7.20414929203594,0.07051725396984843,-2374.0
2019-06-01 20:00:00,0.12468569439413901,7.147559271189454,0.07803829104924098,-2322.6
2019-06-01 21:00:00,0.2580980388717462,7.07326971745971,0.0855633805996483,-2467.6
2019-06-01 22:00:00,0.3721529438966935,7.003065458786462,0.08269395200962926,-2536.5
2019-06-01 23:00:00,0.21783580976302108,6.92461239604856,0.08343919781271758,-2598.1
2019-06-02 00:00:00,-0.922892258674014,7.05617528410041,0.07536727930326848,-2820.1
2019-06-02 01:00:00,-0.922892258674014,6.960347729101308,0.07864927182127879,-2946.8
2019-06-02 02:00:00,-0.922892258674014,6.863803391452954,0.07823024610636509,-2921.7
2019-06-02 03:00:00,-0.922892258674014,6.784457062637643,0.08905181276995933,-2914.5
2019-06-02 04:00:00,-0.922892258674014,6.704414354964107,0.09014459917602125,-2956.1
2019-06-02 05:00:00,-0.922892258674014,6.543911845564792,0.08647942720131852,-2931.2
2019-06-02 06:00:00,-0.922892258674014,6.29156913955832,0.07697111966007775,-2754.3
2019-06-02 07:00:00,0.11868248532390924,6.056784013228625,0.06741441997899678,-2613.4
2019-06-02 08:00:00,0.04495330813116949,5.87493073085203,0.05951835042574416,-2155.7
2019-06-02 09:00:00,0.13453045668156527,5.7430031878094825,0.053553925369312694,-1695.3
2019-06-02 10:00:00,0.17034055418462835,5.641907070938114,0.04809640782412394,-1430.3
2019-06-02 11:00:00,0.12414902830577113,5.627621113690637,0.045140448250574394,-1280.8
2019-06-02 12:00:00,-0.01864356166860981,5.673323267171493,0.03812290538007801,-1224.7
2019-06-02 13:00:00,-0.16868697834380075,5.75890177387728,0.04063835810177885,-1245.1
2019-06-02 14:00:00,-0.3203080147608568,5.752572638825633,0.04628672637813658,-1269.9
2019-06-02 15:00:00,-0.04206603190756475,5.616771097666572,0.03549052098743921,-1405.9
2019-06-02 16:00:00,0.16386616059103742,5.476463551931511,0.04332223628759202,-1388.9
2019-06-02 17:00:00,0.20497415352541237,5.351858133476067,0.042536252200090274,-1304.2
2019-06-02 18:00:00,0.14561466028321757,5.236441962829949,0.04649965818958357,-1263.5
2019-06-02 19:00:00,0.24168853281725822,5.1298987149230735,0.05705237679169173,-1391.0
2019-06-02 20:00:00,0.3108845542066154,5.318119993844216,0.06495516356067732,-1513.8
2019-06-02 21:00:00,0.324810067733468,5.680172609017068,0.07256893591156022,-1758.7
2019-06-02 22:00:00,0.4347618393872761,6.030685260261263,0.06772665455739357,-2025.6
2019-06-02 23:00:00,0.6141508418470694,6.295266001439646,0.06547885537466769,-2268.8
2019-06-03 00:00:00,0.7402143952441924,6.559615237493242,0.04350261892856366,-2841.0
2019-06-03 01:00:00,0.6387308584096609,6.733401891837359,0.05088738786949065,-2873.7
2019-06-03 02:00:00,0.6148320501242064,6.848005274576363,0.05702316250264694,-2768.7
2019-06-03 03:00:00,0.7623585888339739,6.930494765951626,0.057871278827203554,-2612.0
2019-06-03 04:00:00,0.8887484735614595,6.9957661563048505,0.06461942163332424,-2572.0
2019-06-03 05:00:00,0.5407268000966945,7.00669522683704,0.06371199812480732,-2340.7
2019-06-03 06:00:00,0.36934725644621347,6.955592608396297,0.06982146320625837,-1566.5
2019-06-03 07:00:00,0.2852988672459169,6.892641641172089,0.0723261176525547,-674.9
2019-06-03 08:00:00,0.18729733458650433,6.852242569051878,0.06597037618201185,-251.7
2019-06-03 09:00:00,0.16382467277782098,6.866933284461882,0.05534702495963373,-224.2
2019-06-03 10:00:00,0.11752749613576885,6.904750769961838,0.037350041078246576,-246.1
2019-06-03 11:00:00,0.16169411009839063,6.960347729101308,0.04175402647914517,-352.0
2019-06-03 12:00:00,0.18541008442568385,7.036148493750536,0.014864997778348155,-537.8
2019-06-03 13:00:00,0.19682326939606165,7.103322062526113,0.04350672981521875,-678.7
2019-06-03 14:00:00,0.20787501261681784,7.1252830915107115,0.04206369080732486,-784.0
2019-06-03 15:00:00,0.27747116708680863,7.126087273299125,0.03938759311302853,-828.1
2019-06-03 16:00:00,0.287799739420485,7.118826249062078,0.04515781495425486,-957.3
2019-06-03 17:00:00,0.19190166328307345,7.091742115095153,0.04526642325197905,-944.8
2019-06-03 18:00:00,0.16469760690229984,7.033506484287697,0.03684426051557743,-1002.0
2019-06-03 19:00:00,0.1940139969716541,6.816735880594968,0.04346553243460427,-1051.1
2019-06-03 20:00:00,0.2120679388404345,6.760414691083428,0.0480564398005594,-1130.1
2019-06-03 21:00:00,0.18889314584306538,6.739336627357174,0.05292679704926151,-1284.2
2019-06-03 22:00:00,0.2543745840931968,6.747586526829315,0.047514582556837937,-1545.7
2019-06-03 23:00:00,-0.08992914950562136,6.734591659972948,0.041446687842199736,-1804.1
2019-06-04 00:00:00,-0.922892258674014,6.860663671448287,0.040475807802991426,-2147.0
2019-06-04 01:00:00,-0.922892258674014,6.8308742346461795,0.040394517603511204,-2337.9
2019-06-04 02:00:00,-0.922892258674014,6.804614520062624,0.044739300998012155,-2390.0
2019-06-04 03:00:00,-0.922892258674014,6.776506992372183,0.050562311044291874,-2424.4
2019-06-04 04:00:00,-0.922892258674014,6.736966958001855,0.05403003187708855,-2400.0
2019-06-04 05:00:00,0.33311514411777754,6.670766320845874,0.05573448168799011,-2338.8
2019-06-04 06:00:00,0.3521699762651558,6.588926477533519,0.060890271185858325,-1359.3
2019-06-04 07:00:00,0.235312748869696,6.535241271013659,0.07224563441756082,-439.5
2019-06-04 08:00:00,0.15153758385579774,6.493753839851686,0.06783692072349012,-138.8
2019-06-04 09:00:00,0.14161643029836357,6.498282149476434,0.05830125726061475,-171.5
2019-06-04 10:00:00,0.12301984052348347,6.4967749901858625,0.046809153771677714,-160.5
2019-06-04 11:00:00,0.13810886959023128,6.502790045915623,0.04967538186357956,-212.9
2019-06-04 12:00:00,0.15349693835452838,6.508769136971682,0.05390170543253525,-289.2
2019-06-04 13:00:00,0.21241879492863713,6.507277712385012,0.0521210807599779,-372.2
2019-06-04 14:00:00,0.21851494205614985,6.322565239927284,0.055608248837231145,-438.3
2019-06-04 15:00:00,0.23686672427877387,6.261491684321042,0.05618345073045461,-474.8
2019-06-04 16:00:00,0.274886065850378,6.173786103901937,0.059278047516800214,-631.9
2019-06-04 17:00:00,0.20141597214751616,6.061456918928017,0.05906664463417144,-625.3
2019-06-04 18:00:00,0.15236573372686646,5.924255797414532,0.052812057827676284,-742.3
2019-06-04 19:00:00,0.1409980382114946,5.75890177387728,0.05505913481870017,-760.4
2019-06-04 20:00:00,0.20182242487545876,5.659482215759621,0.05638901534050689,-862.9
2019-06-04 21:00:00,0.20037592747644517,5.707110264748875,0.058022210629633975,-1076.2
2019-06-04 22:00:00,0.3091667377848921,5.796057750765372,0.05087122155206103,-1354.3
2019-06-04 23:00:00,0.3342648864986071,5.802118375377063,0.04390797480914266,-1716.0
2019-06-05 00:00:00,0.8110261221508734,5.680172609017068,0.03188621625811017,-2561.5
2019-06-05 01:00:00,0.6789004618717165,5.68697535633982,0.03201791878100835,-2809.8
2019-06-05 02:00:00,0.5219285130708178,5.749392985908253,0.03566103309434432,-2889.8
2019-06-05 03:00:00,0.48478245463711733,5.921578419643816,0.041337623204723783,-3047.9
2019-06-05 04:00:00,-0.26089801398286183,6.131226489483141,0.04343255649575006,-3123.5
2019-06-05 05:00:00,0.3573717175444098,6.253828811575473,0.04895555376967664,-3033.5
2019-06-05 06:00:00,0.3067568654901569,6.298949246855942,0.06388439920224265,-2050.6
2019-06-05 07:00:00,0.19289164131263048,6.3561076606958915,0.0763822499606519,-1113.6
2019-06-05 08:00:00,0.08815884619816838,6.373319789577012,0.07542387525793437,-938.1
2019-06-05 09:00:00,0.07093258780589284,6.406879986069314,0.06291534749571603,-1011.6
2019-06-05 10:00:00,0.07482853244137866,6.452048954437226,0.06530490862526861,-1106.8
2019-06-05 11:00:00,0.07446792696972393,6.48768401848461,0.0546228026072022,-1169.8
2019-06-05 12:00:00,0.07694875987296079,6.517671272912275,0.03766649356957075,-1295.1
2019-06-05 13:00:00,0.15177234455444477,6.535241271013659,0.05619879760697444,-1466.8
2019-06-05 14:00:00,0.17299834682564263,6.478509642208569,0.052779713991791155,-1560.2
2019-06-05 15:00:00,0.21076716282800767,6.342121418721152,0.05764280175135994,-1586.7
2019-06-05 16:00:00,0.20557629764228658,6.1779441140506,0.053605439345156825,-1617.3
2019-06-05 17:00:00,0.07301061086640903,5.976350909297934,0.05369581797808465,-1603.3
2019-06-05 18:00:00,0.012107777718308288,5.7899601708972535,0.04408738128631562,-1631.3
2019-06-05 19:00:00,0.013556787838700846,5.572154032177765,0.045043044376487984,-1725.0
2019-06-05 20:00:00,0.06601659391970705,5.659482215759621,0.0423501562490749,-1933.3
2019-06-05 21:00:00,0.13225213256051216,5.8971538676367405,0.048147370795767586,-2277.7
2019-06-05 22:00:00,0.10985558876090229,6.135564891081739,0.04004365942789612,-2609.7
2019-06-05 23:00:00,-0.922892258674014,6.272877006546167,0.029442975821355688,-3064.8
2019-06-06 00:00:00,-0.922892258674014,6.315358001522335,0.10001372166309253,-3328.8
2019-06-06 01:00:00,-0.922892258674014,6.364750756851911,0.10453079992199577,-3590.1
2019-06-06 02:00:00,-0.922892258674014,6.376726947898627,0.10741873506789723,-3658.9
2019-06-06 03:00:00,-0.922892258674014,6.375024819828097,0.09411087624425463,-3795.8
2019-06-06 04:00:00,-0.896315443247587,6.391917113392602,0.09234457154349762,-3878.9
2019-06-06 05:00:00,-0.922892258674014,6.349138991379798,0.05553574227486813,-3897.9
2019-06-06 06:00:00,-0.43584075901906516,6.230481447578482,-0.018789261314346106,-3924.6
2019-06-06 07:00:00,-0.8587579851070826,6.129050210060545,-0.05932774196082491,-3495.5
2019-06-06 08:00:00,-0.3859386021143405,6.131226489483141,-0.04563465378231868,-3277.8
2019-06-06 09:00:00,0.08038118587339715,6.2766434893416445,-0.018356820556700626,-3072.8
2019-06-06 10:00:00,0.2935395340938851,6.483107351457199,0.009816336540890092,-3047.4
2019-06-06 11:00:00,0.1334678053351266,6.698268054115413,-0.0005659397164539115,-3058.9
2019-06-06 12:00:00,-0.37185402639200316,6.874198495453294,-0.014595984864790523,-3256.2
2019-06-06 13:00:00,-0.7371404634806238,7.004881989712859,0.012137543178845078,-3414.1
2019-06-06 14:00:00,-0.922892258674014,7.069023426578259,-0.007775326322896348,-3503.5
2019-06-06 15:00:00,-0.922892258674014,7.064759027791802,-0.021055014642875847,-3520.2
2019-06-06 16:00:00,-0.922892258674014,7.042286171939743,0.010976872040501462,-3435.6
2019-06-06 17:00:00,-0.6447677761024471,7.01211529430638,0.024245854832972924,-3410.9
2019-06-06 18:00:00,-0.3230822657117849,6.97166860472579,0.042180472497483024,-3375.0
2019-06-06 19:00:00,-0.20684878546989172,6.787844982309579,0.04591945810025955,-3382.0
2019-06-06 20:00:00,-0.28940624902029066,6.752270376141742,0.05431534135697369,-3429.0
2019-06-06 21:00:00,-0.13823046937343975,6.75110146893676,0.06665116350393951,-3539.9
2019-06-06 22:00:00,-0.2703214866203898,6.7580945044277305,0.06997619730875115,-3703.5
2019-06-06 23:00:00,-0.2727686412797934,6.714170529909472,0.09888461841769747,-3812.3
2019-06-07 00:00:00,-0.5020849933025491,6.704414354964107,-0.026684655448296013,-3940.8
2019-06-07 01:00:00,-0.2040237806598033,6.593044534142437,-0.02496906724296366,-4061.9
2019-06-07 02:00:00,-0.1531704173013284,6.483107351457199,-0.02048214036576468,-4006.0
2019-06-07 03:00:00,-0.016906161606163206,6.401917196727186,-0.0180511037001434,-4022.5
2019-06-07 04:00:00,-0.5309045699331749,6.2878585601617845,-0.013459918652030112,-3898.9
2019-06-07 05:00:00,-0.0630072551436669,6.063785208687608,-0.00873260159067435,-3627.7
2019-06-07 06:00:00,0.18021039674219663,5.75890177387728,0.004213324899479787,-3008.1
2019-06-07 07:00:00,0.11623341036499157,5.5053315359323625,0.0174604848044293,-2187.7
2019-06-07 08:00:00,0.047538894941839605,5.389071729816501,0.013529500445352838,-1882.2
2019-06-07 09:00:00,0.023099156265419474,5.44673737166631,0.0037869664263947556,-1809.9
2019-06-07 10:00:00,0.1414821106052293,5.575949103146316,0.014073656581475191,-1800.9
2019-06-07 11:00:00,0.025844855875436057,5.662960480135946,-0.006362999047828666,-1835.7
2019-06-07 12:00:00,0.012835468766953628,5.68697535633982,-0.009624114518766547,-1918.2
2019-06-07 13:00:00,-0.006929338108870198,5.697093486505405,-0.007213078836784348,-2048.0
2019-06-07 14:00:00,0.004794446419678966,5.717027701406222,-0.012116848114594347,-2185.4
2019-06-07 15:00:00,0.03648726170553962,5.683579767338681,-0.018172139420336464,-2269.0
2019-06-07 16:00:00,0.12138682181408811,5.58724865840025,-0.013196390700265681,-2337.2
2019-06-07 17:00:00,0.07035108152876779,5.4510384535657,-0.013054599252853905,-2327.9
2019-06-07 18:00:00,0.06368045856399362,5.278114659230517,-0.018991490311517367,-2384.1
2019-06-07 19:00:00,0.05356033898346224,5.049856007249537,-0.01036916796407894,-2510.7
2019-06-07 20:00:00,0.036747939721437195,5.017279836814924,-0.010665679313799359,-2734.1
2019-06-07 21:00:00,-0.07974942699449583,5.111987788356544,-0.007798029356633762,-2851.2
2019-06-07 22:00:00,-0.2113134322204946,5.278114659230517,-0.013504056702617007,-2920.0
2019-06-07 23:00:00,-0.029830345169631567,5.332718793265369,-0.012254098616248044,-3234.7
2019-06-08 00:00:00,-0.3520991778129061,5.402677381872279,-0.02402623042581631,-2921.6
2019-06-08 01:00:00,-0.16821074532685776,5.272999558563747,-0.0235978313148415,-3076.5
2019-06-08 02:00:00,-0.15995350786567464,5.153291594497779,-0.023181731445482967,-3130.9
2019-06-08 03:00:00,-0.5734339784976419,5.049856007249537,-0.024007215282674466,-3124.3
2019-06-08 04:00:00,-0.6942623619542134,5.0369526024136295,-0.0227303527259064,-3196.6
2019-06-08 05:00:00,-0.922892258674014,4.976733742420574,-0.02556430227773454,-3236.1
2019-06-08 06:00:00,-0.922892258674014,4.890349128221754,-0.027214145598373207,-3032.3
2019-06-08 07:00:00,-0.831900248540173,4.948759890378168,-0.030727669101578314,-2866.3
2019-06-08 08:00:00,-0.808807691500891,5.10594547390058,-0.030553970697186017,-2485.1
2019-06-08 09:00:00,-0.5398875953383229,5.384495062789089,-0.03383431721275976,-2247.1
2019-06-08 10:00:00,-0.6609490112448024,5.616771097666572,-0.0286423447462667,-2068.4
2019-06-08 11:00:00,-0.5809161930360855,5.811140992976701,-0.03524595839309619,-2089.8
2019-06-08 12:00:00,-0.6184757788193358,5.991464547107982,-0.043393149754020754,-2158.9
2019-06-08 13:00:00,-0.7958189225137966,6.169610732491456,-0.041588530769780974,-2277.6
2019-06-08 14:00:00,-0.8621848472066396,6.333279628139691,-0.03947218977605438,-2427.6
2019-06-08 15:00:00,-0.922892258674014,6.47543271670409,-0.0658033915970826,-2588.2
2019-06-08 16:00:00,-0.8946326608209803,6.616065185132817,-0.042897457085750546,-2695.7
2019-06-08 17:00:00,-0.9143827234504989,6.729824070489475,-0.039325717580215525,-2746.2
2019-06-08 18:00:00,-0.922892258674014,6.802394763324311,-0.039901983989890866,-2766.2
2019-06-08 19:00:00,-0.922892258674014,6.775366090936392,-0.031935468626608454,-2895.2
2019-06-08 20:00:00,-0.922892258674014,6.803505257608338,-0.027524633272367538,-2973.4
2019-06-08 21:00:00,-0.922892258674014,6.834108738813838,-0.027488526405006652,-3114.8
2019-06-08 22:00:00,-0.922892258674014,6.8885724595653635,-0.03215588966931193,-3186.9
2019-06-08 23:00:00,-0.922892258674014,6.93537044601511,-0.03578829858882315,-3420.8
2019-06-09 00:00:00,-0.922892258674014,7.1098794630722715,-0.04393154038017144,-3852.6
2019-06-09 01:00:00,-0.922892258674014,7.154615356913663,-0.04093810700959821,-4015.6
2019-06-09 02:00:00,-0.922892258674014,7.1785454837637,-0.04198966764029777,-4106.2
2019-06-09 03:00:00,-0.922892258674014,7.192182058713246,-0.03380751347033062,-4168.7
2019-06-09 04:00:00,-0.922892258674014,7.198183577101943,-0.03415311750155681,-4298.4
2019-06-09 05:00:00,-0.922892258674014,7.215239978730097,-0.03758720816730943,-4361.9
2019-06-09 06:00:00,-0.922892258674014,7.255591274253665,-0.04121217070919059,-4296.2
2019-06-09 07:00:00,-0.922892258674014,7.3098814858247865,-0.044328930456892124,-4176.5
2019-06-09 08:00:00,-0.7847887496072334,7.367077059881012,-0.04975203748325541,-4085.1
2019-06-09 09:00:00,-0.915148391077846,7.418180822726788,-0.052753612809294026,-3786.5
2019-06-09 10:00:00,-0.922892258674014,7.45298232946546,-0.056417316517149985,-3499.0
2019-06-09 11:00:00,-0.7730370381866014,7.488852955733459,-0.05716397524286343,-3523.2
2019-06-09 12:00:00,-0.5552971372460007,7.530479995245536,-0.06384135338257657,-3589.6
2019-06-09 13:00:00,-0.5796672671400751,7.561121589530238,-0.05890091339154857,-3641.8
2019-06-09 14:00:00,-0.43495948398560014,7.5740450053721995,-0.05061791988758202,-3684.4
2019-06-09 15:00:00,-0.513568537277036,7.57353126274595,-0.058973072323800224,-3723.9
2019-06-09 16:00:00,-0.5590963714589701,7.562161631225652,-0.04730913406008064,-3695.9
2019-06-09 17:00:00,-0.64723772166422,7.528869256642251,-0.04299235085890629,-3555.9
2019-06-09 18:00:00,-0.46401549422197785,7.478734825567875,-0.037545802983748544,-3451.7
2019-06-09 19:00:00,-0.33358356072157713,7.293697720601438,-0.02873037965475511,-3336.1
2019-06-09 20:00:00,-0.4022386634280877,7.215239978730097,-0.02220799304524057,-3284.1
2019-06-09 21:00:00,-0.2892540060326416,7.149916836132109,-0.018142978288199885,-3358.4
2019-06-09 22:00:00,-0.4368681216594581,7.0967213784947605,-0.02221866572261888,-3416.2
2019-06-09 23:00:00,-0.5275892803254307,7.04141166379481,-0.022238586743496214,-3610.7
2019-06-10 00:00:00,-0.922892258674014,6.840546529288687,-0.03870812364373322,-3666.0
2019-06-10 01:00:00,-0.922892258674014,6.79794041297493,-0.03521227351223466,-3768.4
2019-06-10 02:00:00,-0.922892258674014,6.742880635791903,-0.03145494858875786,-3760.3
2019-06-10 03:00:00,-0.922892258674014,6.678342114654332,-0.035785155291133464,-3727.6
2019-06-10 04:00:00,-0.922892258674014,6.61338421837956,-0.030676533521104332,-3721.6
2019-06-10 05:00:00,-0.922892258674014,6.54534966033442,-0.027389770916748546,-3429.2
2019-06-10 06:00:00,0.036348728508625694,6.48768401848461,-0.019392014885241338,-3322.6
2019-06-10 07:00:00,0.049909589514770314,6.461468176353717,-0.015575866427823826,-2452.4
2019-06-10 08:00:00,-0.02858477403237991,6.432940092739179,-0.02173606494117486,-2032.4
2019-06-10 09:00:00,-0.05439084366359115,6.406879986069314,-0.029942836857969723,-1910.2
2019-06-10 10:00:00,-0.1197538344251714,6.376726947898627,-0.043457017316596236,-1796.2
2019-06-10 11:00:00,-0.0821474573197678,6.329720905522696,-0.03540723899062925,-1695.1
2019-06-10 12:00:00,-0.048480666881726364,6.253828811575473,-0.060890760536059574,-1716.5
2019-06-10 13:00:00,-0.0709419045791595,6.161207321695077,-0.031327722573870176,-1715.9
2019-06-10 14:00:00,-0.04713627754541383,6.049733455231958,-0.034133709603414886,-1734.5
2019-06-10 15:00:00,0.01524702733053962,5.932245187448011,-0.03896835348395378,-1744.2
2019-06-10 16:00:00,0.05051168072011025,5.799092654460526,-0.033883088501502456,-1815.6
2019-06-10 17:00:00,0.014250728133537116,5.638354669333745,-0.035628254654135105,-1823.1
2019-06-10 18:00:00,0.0026147737264223814,5.429345628954441,-0.04626414496999054,-1900.7
2019-06-10 19:00:00,0.032149487167220325,4.962844630259907,-0.04243598317375685,-1981.9
2019-06-10 20:00:00,0.0027291920990384355,4.9344739331306915,-0.040349815057995286,-2052.1
2019-06-10 21:00:00,-0.12449519350935656,5.093750200806762,-0.04066231067628223,-2283.6
2019-06-10 22:00:00,-0.24091385364831774,5.262690188904886,-0.04615603837291715,-2411.6
2019-06-10 23:00:00,-0.2810502602514249,5.389071729816501,-0.05066308761139915,-2764.3
2019-06-11 00:00:00,0.11395340352896,5.8888779583328805,-0.038080108734876106,-3096.5
2019-06-11 01:00:00,-0.35590447546451287,6.063785208687608,-0.041683057877058616,-3307.3
2019-06-11 02:00:00,-0.2670312841739171,6.270988431858299,-0.04045856484021648,-3453.5
2019-06-11 03:00:00,-0.8685541504820344,6.492239835020471,-0.04126945861452391,-3642.5
2019-06-11 04:00:00,-0.9092448099283881,6.670766320845874,-0.0416758181695176,-3753.0
2019-06-11 05:00:00,-0.2102502086847311,6.759255270663693,-0.03402200961220281,-3683.5
2019-06-11 06:00:00,0.2722239102925883,6.79346613258001,-0.013986949598210785,-3022.3
2019-06-11 07:00:00,0.1652429767940644,6.823286122355687,0.007035219156659167,-2268.1
2019-06-11 08:00:00,0.09567567437947622,6.882437470997847,0.006077751830584788,-2048.6
2019-06-11 09:00:00,0.07220024580360951,6.9650803456014065,0.0015768712052590672,-2123.6
2019-06-11 10:00:00,0.04920320121960042,7.05444965813294,-0.00666614635903251,-2171.3
2019-06-11 11:00:00,0.051393569582779186,7.147559271189454,-0.0011856808410630748,-2222.1
2019-06-11 12:00:00,0.07184817320602077,7.237059026124737,0.0011892684507639473,-2400.0
2019-06-11 13:00:00,0.1359134587258981,7.311886164077165,0.0006499429657722544,-2571.5
2019-06-11 14:00:00,0.16541028348593878,7.368339686311381,0.006081155464681132,-2730.9
2019-06-11 15:00:00,0.15056717553132604,7.40184157874383,0.0077509208915103045,-2821.7
2019-06-11 16:00:00,0.1478141390215706,7.427144133408616,0.010319854950173735,-2979.4
2019-06-11 17:00:00,0.07610467007034138,7.445417556701687,0.011689930542294391,-3037.6
2019-06-11 18:00:00,0.03434035355926568,7.455298485683291,0.004091506743389317,-3146.3
2019-06-11 19:00:00,0.027590764354802566,7.362010551259734,0.004906238433257215,-3265.6
2019-06-11 20:00:00,-0.009943951019059316,7.374001859350161,0.00492632298707818,-3388.7
2019-06-11 21:00:00,-0.2729987620288741,7.395107546562485,0.0014675521663534141,-3610.8
2019-06-11 22:00:00,-0.922892258674014,7.416979621381154,-0.007045461106153894,-3760.3
2019-06-11 23:00:00,-0.922892258674014,7.43307534889858,-0.014473608665966253,-4122.7
2019-06-12 00:00:00,-0.922892258674014,7.506042178518122,-0.015822769919074275,-4084.1
2019-06-12 01:00:00,-0.922892258674014,7.510977752014095,-0.015349770041879651,-4339.2
2019-06-12 02:00:00,-0.922892258674014,7.506591780070841,-0.01378085435150389,-4387.7
2019-06-12 03:00:00,-0.922892258674014,7.501082124259871,-0.013500203028552704,-4455.4
2019-06-12 04:00:00,-0.922892258674014,7.492760300922379,-0.013792458519732875,-4449.2
2019-06-12 05:00:00,-0.10920808835177231,7.489412083508719,-0.00681579778881769,-4346.7
2019-06-12 06:00:00,0.18179870357612238,7.488293515159428,0.008923496201898473,-3569.3
2019-06-12 07:00:00,0.13201734496348383,7.488852955733459,0.020240083775986406,-2786.8
2019-06-12 08:00:00,0.02978987748186146,7.491645473605133,0.020568560906855993,-2471.7
2019-06-12 09:00:00,0.015314930552608796,7.510430556378006,0.013636152479866936,-2454.3
2019-06-12 10:00:00,0.036329092366294446,7.515344571180436,0.01919872054435423,-2321.5
2019-06-12 11:00:00,0.03896123851281441,7.515889085215125,0.011650430942458101,-2292.1
2019-06-12 12:00:00,0.03615039232998907,7.51425465281641,-0.005818618370167172,-2331.4
2019-06-12 13:00:00,0.11768310055532227,7.507690077819904,0.014338710046196468,-2383.0
2019-06-12 14:00:00,0.15944081526358955,7.507690077819904,0.013628435781059878,-2417.8
2019-06-12 15:00:00,0.20231810834148023,7.505492274737424,0.019047407448779197,-2434.9
2019-06-12 16:00:00,0.2037255876754256,7.498869733976931,0.01581689767925809,-2514.4
2019-06-12 17:00:00,0.06928042314048488,7.487733761436444,0.016595304591556115,-2541.8
2019-06-12 18:00:00,0.00047059654002623574,7.471932078245122,0.007620755634794918,-2705.4
2019-06-12 19:00:00,0.00596901826918339,7.352441100243583,0.0095232171279509,-2837.0
2019-06-12 20:00:00,0.02534074093114258,7.333023014386481,0.006877005234374067,-2957.5
2019-06-12 21:00:00,0.07162751074407714,7.32052696227274,0.010115524663850906,-3234.0
2019-06-12 22:00:00,0.11504270672701677,7.309212365692763,0.0033534410234867806,-3411.1
2019-06-12 23:00:00,0.12967272057591828,7.282761179605593,-0.002526748628419284,-3725.4
2019-06-13 00:00:00,-0.922892258674014,7.156176637480615,0.01821393002393279,-3826.8
2019-06-13 01:00:00,-0.31937072893849594,7.106606137727303,0.020894672739224518,-4037.4
2019-06-13 02:00:00,0.18034152245491208,7.034387929915503,0.022311299317763655,-4066.4
2019-06-13 03:00:00,0.3106074081368688,6.961296045910167,0.020036779525174353,-4010.0
2019-06-13 04:00:00,0.309765309752271,6.887552571664617,0.02494088966546215,-3902.4
2019-06-13 05:00:00,0.5827443874275611,6.794586580876499,0.027062763752708108,-3652.5
2019-06-13 06:00:00,0.3181285108161802,6.679599185844383,0.032365916163946906,-2678.9
2019-06-13 07:00:00,0.1939083911879087,6.566672429803241,0.03707275384184783,-1793.0
2019-06-13 08:00:00,0.1325886863385075,6.45833828334479,0.03189950099508465,-1492.0
2019-06-13 09:00:00,0.10192551510269476,6.396929655216146,0.023940603468636468,-1354.7
2019-06-13 10:00:00,0.10724218902132598,6.324358962381311,0.033295577703912116,-1063.9
2019-06-13 11:00:00,0.0036286712040412006,6.246106765481563,0.018686181419333536,-960.9
2019-06-13 12:00:00,0.061762109996314596,6.154858094016418,0.004672136107053859,-989.3
2019-06-13 13:00:00,0.07620359174119828,5.799092654460526,0.035623543596253526,-969.7
2019-06-13 14:00:00,0.13186734754484464,5.717027701406222,0.020769425911852935,-1021.1
2019-06-13 15:00:00,0.10800742887023906,5.648974238161206,0.006780145029154028,-1060.6
2019-06-13 16:00:00,0.21499513122204572,5.552959584921617,0.026392869591461476,-1186.6
2019-06-13 17:00:00,0.12683127241567105,5.41610040220442,0.025939643241551735,-1259.3
2019-06-13 18:00:00,0.09146775348802283,5.247024072160486,0.016267561167119027,-1431.4
2019-06-13 19:00:00,0.09009768492477077,4.919980925828125,0.01858812486610084,-1525.9
2019-06-13 20:00:00,0.15626575068253024,4.812184355372417,0.01670465515982933,-1633.3
2019-06-13 21:00:00,0.2163469584508273,4.812184355372417,0.02078984179068044,-1868.8
2019-06-13 22:00:00,0.31811532593173597,4.882801922586371,0.015644883873420667,-2146.1
2019-06-13 23:00:00,0.591920014676071,4.941642422609304,0.014831215148177535,-2520.8
2019-06-14 00:00:00,0.7787782581105644,5.181783550292085,0.03264472260930695,-2868.7
2019-06-14 01:00:00,0.6630920976768362,5.2574953720277815,0.033126623137494704,-3047.2
2019-06-14 02:00:00,0.691199573014528,5.288267030694535,0.034869106777197345,-3130.3
2019-06-14 03:00:00,0.7657428571623601,5.3230099791384085,0.03374948398573707,-3241.9
2019-06-14 04:00:00,1.0345143866886333,5.3706380281276624,0.037726188855090825,-3303.2
2019-06-14 05:00:00,0.6718944296206124,5.365976015021851,0.04229668962730315,-3095.0
2019-06-14 06:00:00,0.2778087277478041,5.327876168789581,0.05173029696785392,-2153.3
2019-06-14 07:00:00,0.15100079457182636,5.293304824724492,0.058227457178256614,-1456.6
2019-06-14 08:00:00,0.093095426544207,5.2574953720277815,0.05170536761834654,-1198.9
2019-06-14 09:00:00,0.05762639546088222,5.288267030694535,0.043317805183029634,-1155.7
2019-06-14 10:00:00,0.18818320365120966,5.356586274672012,0.054546188558617814,-1087.9
2019-06-14 11:00:00,0.0984840395154074,5.455321115357702,0.03661319525618367,-1165.8
2019-06-14 12:00:00,0.13205759251140448,5.556828061699537,0.03553999584176104,-1253.1
2019-06-14 13:00:00,0.12550070855970574,5.579729825986222,0.04056933414044295,-1382.8
2019-06-14 14:00:00,0.1579658204448866,5.631211781821365,0.03552718412421463,-1578.6
2019-06-14 15:00:00,0.21759375152132598,5.572154032177765,0.03190961179899787,-1687.0
2019-06-14 16:00:00,0.232245106982631,5.497168225293202,0.03813249024268828,-1712.6
2019-06-14 17:00:00,0.14296106632250893,5.365976015021851,0.03509017349826138,-1789.4
2019-06-14 18:00:00,0.10583110469851631,5.176149732573829,0.024893824813638332,-1960.4
2019-06-14 19:00:00,0.10578417941194473,4.795790545596741,0.031562909926414306,-2072.1
2019-06-14 20:00:00,0.12410635818600602,4.787491742782046,0.02935954891877479,-2210.5
2019-06-14 21:00:00,0.15118131487148245,4.969813299576001,0.030320156178413882,-2507.7
2019-06-14 22:00:00,0.24777836851645985,5.123963979403259,0.02636484796764549,-2676.7
2019-06-14 23:00:00,0.442332334932797,5.198497031265826,0.031407934019251016,-2915.6
2019-06-15 00:00:00,0.6410104083636385,5.755742213586912,0.020450965141789013,-3468.1
2019-06-15 01:00:00,0.6012108287166504,5.905361848054571,0.01877887954092472,-3732.2
2019-06-15 02:00:00,0.5112336944353819,5.981414211254481,0.019873026398181892,-3827.1
2019-06-15 03:00:00,0.632706757970642,6.003887067106539,0.015673791497610168,-3957.1
2019-06-15 04:00:00,0.8524708447101239,5.998936561946683,0.015189634264627827,-4080.5
2019-06-15 05:00:00,0.5001713978612612,5.908082938168931,0.013176849820416336,-4026.8
2019-06-15 06:00:00,0.06485489439746361,5.726847747587197,0.01291113568533575,-3787.0
2019-06-15 07:00:00,0.028633801540601134,5.552959584921617,0.008795127001418379,-3574.1
2019-06-15 08:00:00,0.06911934384254925,5.484796933490655,0.009814506567813908,-3114.2
2019-06-15 09:00:00,0.03592771131437589,5.5254529391317835,0.012375990260037995,-2831.1
2019-06-15 10:00:00,0.09861990881590366,5.572154032177765,0.019730180529467845,-2627.8
2019-06-15 11:00:00,-0.030991193252192684,5.575949103146316,0.013544205776335971,-2457.4
2019-06-15 12:00:00,-0.022142053338758405,5.560681631015528,0.004137860532889448,-2501.8
2019-06-15 13:00:00,-0.025566286058283705,5.537334267018537,0.010913347279288388,-2600.2
2019-06-15 14:00:00,-0.0548590025379867,5.53338948872752,0.009622104041843826,-2667.4
2019-06-15 15:00:00,-0.04897386996210251,5.598421958998375,-0.01757331227311809,-2784.4
2019-06-15 16:00:00,0.02970848092609124,5.655991810819852,0.004171579826950378,-2852.8
2019-06-15 17:00:00,0.0562405637953427,5.68697535633982,0.0069609865558497575,-2774.9
2019-06-15 18:00:00,0.012195283923690514,5.746203190540153,0.0030197405472556227,-2731.1
2019-06-15 19:00:00,-0.0451030215456365,5.768320995793772,0.007244261759920434,-2867.1
2019-06-15 20:00:00,-0.10404190276721792,5.8377304471659395,0.007613220892897843,-2975.0
2019-06-15 21:00:00,-0.09826725960855898,5.929589143389895,0.009057006230269948,-3171.1
2019-06-15 22:00:00,-0.13825636012972842,6.0330862217988015,0.007296687537182933,-3168.9
2019-06-15 23:00:00,-0.07871228352837001,6.068425588244111,0.007770623621647488,-3293.9
2019-06-16 00:00:00,0.5216382146708112,5.749392985908253,-0.007481722214032871,-3579.3
2019-06-16 01:00:00,0.48716080825547836,5.713732805509369,-0.008336647892024374,-3699.0
2019-06-16 02:00:00,0.5391718143573079,5.707110264748875,-0.013858862000569516,-3807.8
2019-06-16 03:00:00,0.670315808719177,5.752572638825633,-0.01108475676241838,-3990.6
2019-06-16 04:00:00,0.7759298020401411,5.808142489980444,-0.016265923140817762,-4154.4
2019-06-16 05:00:00,0.5701096442101758,5.783825182329737,-0.013541608896042945,-4224.1
2019-06-16 06:00:00,0.20483439154215066,5.627621113690637,-0.016144148258703694,-4064.2
2019-06-16 07:00:00,0.23016380654595991,5.493061443340548,-0.01751684667434361,-3852.1
2019-06-16 08:00:00,0.13766477139323063,5.407171771460119,-0.015016273231285737,-3475.0
2019-06-16 09:00:00,0.06996964620609791,5.37989735354046,-0.008598736269728846,-3046.8
2019-06-16 10:00:00,0.0502925118973927,5.3981627015177525,-0.0011416358853058028,-2733.5
2019-06-16 11:00:00,0.052111000542668595,5.4638318050256105,0.0026944015621452877,-2611.6
2019-06-16 12:00:00,0.0657947574779647,5.572154032177765,-0.004626902754159445,-2570.0
2019-06-16 13:00:00,0.01029567718463964,5.68697535633982,-3.8327851470398855e-07,-2629.9
2019-06-16 14:00:00,0.0259085133350343,5.814130531825066,0.007200168097272197,-2695.1
2019-06-16 15:00:00,0.1654797189034074,5.91350300563827,-0.0014822669235368124,-2827.4
2019-06-16 16:00:00,0.20400939770788584,6.0112671744041615,0.013057901648968695,-2857.8
2019-06-16 17:00:00,0.016624232422320695,6.068425588244111,0.017009158065471652,-2825.7
2019-06-16 18:00:00,-0.002399148488930525,6.056784013228625,0.0206496863963892,-2678.5
2019-06-16 19:00:00,0.009250331805283896,5.921578419643816,0.023886840850904534,-2830.7
2019-06-16 20:00:00,0.03174531505888023,5.942799375126701,0.023317986722512174,-2795.9
2019-06-16 21:00:00,0.04860706893907363,6.018593214496234,0.025003006899666502,-2950.2
2019-06-16 22:00:00,0.11411396080532388,6.1224928095143865,0.020131858942225023,-3108.2
2019-06-16 23:00:00,0.2121971494361823,6.2166061010848646,0.020215074894823104,-3376.8
2019-06-17 00:00:00,0.39007416608353473,6.625392368007956,0.0021732691718092667,-3576.9
2019-06-17 01:00:00,0.347824395065222,6.648984550024776,0.007454919161935081,-3755.7
2019-06-17 02:00:00,0.42807332968867184,6.680854678790215,0.013615932789445395,-3840.1
2019-06-17 03:00:00,0.5236971584764363,6.723832440821209,0.009173061201531496,-3948.3
2019-06-17 04:00:00,0.3984037309038566,6.76849321164863,0.013101500686481415,-4009.2
2019-06-17 05:00:00,0.6067201692514481,6.7650389767805414,0.019626187171811083,-3896.5
2019-06-17 06:00:00,0.25494554842287487,6.731018100482083,0.028532885795110374,-3070.5
2019-06-17 07:00:00,0.15387052481817332,6.729824070489475,0.029565303050596015,-2271.5
2019-06-17 08:00:00,0.09005921733796862,6.769641976852503,0.026146299880872803,-2032.9
2019-06-17 09:00:00,0.06036908452952838,6.85751406254539,0.022437671720277663,-2047.7
2019-06-17 10:00:00,-0.01050865827186298,6.9363427358340495,0.013222672130567048,-1986.2
2019-06-17 11:00:00,0.016694396020992652,7.02197642307216,0.023612939408495848,-2001.9
2019-06-17 12:00:00,0.08844336089632598,7.113142108707088,0.0013974783667745072,-2146.6
2019-06-17 13:00:00,0.10719348505753024,7.183111701743281,0.031084209816661712,-2348.7
2019-06-17 14:00:00,0.13151555035957818,7.226209010100671,0.027980431241456216,-2470.6
2019-06-17 15:00:00,0.15793491382786629,7.2485040723706105,0.023944087532200342,-2496.3
2019-06-17 16:00:00,0.1410188396729497,7.249215057114389,0.025270032356042194,-2595.5
2019-06-17 17:00:00,0.030694754965843618,7.222566018822171,0.023528776193630918,-2552.2
2019-06-17 18:00:00,-0.017835836744868327,7.1731917424865985,0.012384582111517162,-2626.5
2019-06-17 19:00:00,0.010738089858725264,6.964135612418245,0.014095993672595952,-2717.4
2019-06-17 20:00:00,0.027564624027391016,6.911747300251674,0.013324796284504004,-2680.0
2019-06-17 21:00:00,0.024052569947096814,6.890609120147166,0.012262690844881519,-2888.0
2019-06-17 22:00:00,-0.036315009422539735,6.885509670034818,0.01303883678778206,-2954.7
2019-06-17 23:00:00,0.12137994416158548,6.8679744089702925,0.015080771597199671,-3274.8
2019-06-18 00:00:00,0.29279200640590686,7.00397413672268,0.016608970089395214,-3659.5
2019-06-18 01:00:00,0.24938661455423716,6.951772164398911,0.015417501137161338,-3803.4
2019-06-18 02:00:00,0.21201993731008484,6.895682697747868,0.01832585198975778,-3756.6
2019-06-18 03:00:00,0.2953066345043389,6.8501261661455,0.018136261958051847,-3798.2
2019-06-18 04:00:00,0.23701967677690128,6.80128303447162,0.01924141520716205,-3890.3
2019-06-18 05:00:00,0.4316490094308252,6.731018100482083,0.02385432377732677,-3686.2
2019-06-18 06:00:00,0.2583084422306139,6.637258031284457,0.02845367193297399,-2851.6
2019-06-18 07:00:00,0.13843970459305455,6.586171654854675,0.03289629562901375,-2046.9
2019-06-18 08:00:00,0.08394617357330114,6.625392368007956,0.02884296260359598,-1869.5
2019-06-18 09:00:00,0.10513905551602942,6.75343791859778,0.027068237570684772,-1960.7
2019-06-18 10:00:00,0.08552923160798498,6.855408798609928,0.020376802973050445,-1945.0
2019-06-18 11:00:00,0.08458438917452638,6.926577033222725,0.025971024323421688,-1931.5
2019-06-18 12:00:00,0.10010196547478367,6.961296045910167,0.02867514248685943,-1992.5
2019-06-18 13:00:00,0.14159784202013226,6.9782137426306985,0.026821649506546308,-2015.4
2019-06-18 14:00:00,0.1497047356532759,6.977281341630747,0.030570429338263594,-1982.7
2019-06-18 15:00:00,0.13591256475254765,6.966967138613983,0.030666236974701278,-1941.5
2019-06-18 16:00:00,0.11309770206380065,6.917705609835305,0.030191673829225607,-2045.4
2019-06-18 17:00:00,0.0323396421035822,6.836259277277067,0.028853511212492577,-2059.5
2019-06-18 18:00:00,0.015783444269087177,6.727431724850855,0.02048623072997202,-2165.0
2019-06-18 19:00:00,0.015254691421225264,6.421622267806518,0.018332313361725028,-2219.6
2019-06-18 20:00:00,0.03424483480823115,6.333279628139691,0.0158490437122083,-2289.8
2019-06-18 21:00:00,0.023328897415760608,6.3473892096560105,0.013705257381586122,-2482.8
2019-06-18 22:00:00,0.06955993602646116,6.398594934535208,0.012553280822023893,-2741.6
2019-06-18 23:00:00,0.2950816609275688,6.416732282512326,0.01314414034813538,-3058.6
2019-06-19 00:00:00,-0.922892258674014,6.634633357861686,-0.009300856841065297,-3270.5
2019-06-19 01:00:00,0.0956220499486462,6.602587892189336,-0.008769857874094455,-3507.8
2019-06-19 02:00:00,0.39552880093696663,6.54534966033442,-0.006091298870328998,-3571.6
2019-06-19 03:00:00,0.5230966575539369,6.447305862541213,-0.0073054929532681,-3614.8
2019-06-19 04:00:00,0.5738686503879782,6.297109319933935,-0.007369253225908423,-3594.7
2019-06-19 05:00:00,0.5570174346419088,6.059123195581797,0.0006128078013585281,-3435.3
2019-06-19 06:00:00,0.2925107279919539,5.762051382780177,0.01281675072707067,-2509.9
2019-06-19 07:00:00,0.15775956257005408,5.529429087511423,0.01711368551707082,-1623.1
2019-06-19 08:00:00,0.04615494171309553,5.43372200355424,0.018533536373347204,-1336.1
2019-06-19 09:00:00,0.03197954657765578,5.459585514144159,0.017019177167423294,-1298.0
2019-06-19 10:00:00,0.05748623568755962,5.488937726156687,0.023479146769787462,-1073.4
2019-06-19 11:00:00,0.05989832201080114,5.517452896464707,0.016229002936785974,-1054.9
2019-06-19 12:00:00,0.07609781669297888,5.529429087511423,0.0010757994122698733,-1070.4
2019-06-19 13:00:00,0.15348957451278444,5.560681631015528,0.022014474560533515,-1140.2
2019-06-19 14:00:00,0.19729103939468695,5.572154032177765,0.01934636749709817,-1193.0
2019-06-19 15:00:00,0.2143664468576545,5.583496308781699,0.024911276268825944,-1250.7
2019-06-19 16:00:00,0.2034168027416765,5.545177444479562,0.018957977976441498,-1328.5
2019-06-19 17:00:00,0.08073743033253944,5.472270673671475,0.01768084529737557,-1403.8
2019-06-19 18:00:00,0.038339801826001274,5.402677381872279,0.009393020166019284,-1581.6
2019-06-19 19:00:00,0.05247460836510154,5.3230099791384085,0.00805321064398079,-1793.4
2019-06-19 20:00:00,0.0952409832076837,5.4638318050256105,0.0014400087880499512,-1970.4
2019-06-19 21:00:00,0.13606045198396277,5.713732805509369,0.0047337021900126786,-2282.9
2019-06-19 22:00:00,0.22482800836519878,6.008813185442595,0.004219295490345942,-2667.9
2019-06-19 23:00:00,0.5534965924082247,6.194405391104672,0.0033506273969496903,-3101.8
2019-06-20 00:00:00,0.7985324727977456,6.111467339502679,0.007463333185194543,-3444.3
2019-06-20 01:00:00,0.7244896033972834,6.118097198041348,0.004609039747533572,-3715.7
2019-06-20 02:00:00,0.7382214367645537,6.12029741895095,0.00033239259898820706,-3850.7
2019-06-20 03:00:00,0.8608931035764522,6.148468295917647,-0.0027227735765542604,-3945.2
2019-06-20 04:00:00,0.8888201547199159,6.184148890937483,-0.001684202984634453,-3975.3
2019-06-20 05:00:00,0.538613340243439,6.154858094016418,0.011028664966968194,-3762.3
2019-06-20 06:00:00,0.2955905317183558,6.091309882077698,0.02277620446430717,-2963.0
2019-06-20 07:00:00,0.15537791595609152,6.068425588244111,0.02971814079342394,-2156.5
2019-06-20 08:00:00,0.04114850210988319,6.1070228877422545,0.03350146641483853,-1803.2
2019-06-20 09:00:00,0.009183463404080161,6.222576268071369,0.032376802399612714,-1824.1
2019-06-20 10:00:00,0.07134724634826295,6.375024819828097,0.04403771572959059,-1858.9
2019-06-20 11:00:00,0.028496737782054637,6.508769136971682,0.022967501591260486,-1937.6
2019-06-20 12:00:00,0.12606644158831415,6.584791392385716,0.00488283985836091,-1975.2
2019-06-20 13:00:00,0.15095776747152634,6.519147287940395,0.02399736602990643,-2134.5
2019-06-20 14:00:00,0.17781825059544865,6.520621127558696,0.004314787839893697,-2269.3
2019-06-20 15:00:00,0.12713729983232103,6.508769136971682,-0.025526495221956935,-2368.0
2019-06-20 16:00:00,0.18431387348346995,6.507277712385012,-0.009277726529417052,-2505.5
2019-06-20 17:00:00,0.03940621073061168,6.51025834052315,-0.013390020176041517,-2569.2
2019-06-20 18:00:00,-0.010811095632395684,6.542471960506805,-0.026886631010233586,-2754.8
2019-06-20 19:00:00,-0.0011015534053337994,6.431331081933479,-0.043154835696997296,-2957.2
2019-06-20 20:00:00,0.07266954371159251,6.429719478039138,-0.05068825557246193,-3105.3
2019-06-20 21:00:00,0.06924849402889377,6.455198563340122,-0.05438324964690189,-3356.4
2019-06-20 22:00:00,0.0770095579893666,6.499787040655854,-0.05745694693698766,-3599.8
2019-06-20 23:00:00,0.0008610955452090785,6.52649485957079,-0.05389246608926079,-3726.1
2019-06-21 00:00:00,0.6493230606476397,6.907755278982137,-0.09544127451384554,-3876.2
2019-06-21 01:00:00,0.550394225293183,6.93828448401696,-0.10942630177482471,-4145.2
2019-06-21 02:00:00,0.4879488049467535,6.93537044601511,-0.12240391450240118,-4246.3
2019-06-21 03:00:00,0.5768685451405786,6.907755278982137,-0.13488790435471643,-4286.3
2019-06-21 04:00:00,0.5375828487848628,6.870053411798126,-0.152364779337697,-4371.5
2019-06-21 05:00:00,0.5015940021955343,6.82001636467413,-0.18220648120294491,-4417.2
2019-06-21 06:00:00,0.12631575291647712,6.778784897685177,-0.24419176937086284,-4163.3
2019-06-21 07:00:00,-0.006886319796833629,6.782192056006791,-0.26732192899604357,-3672.3
2019-06-21 08:00:00,-0.05165290060466088,6.816735880594968,-0.2308054622398572,-3303.5
2019-06-21 09:00:00,-0.06187696052607272,6.877296071497429,-0.18636815704473797,-3120.5
2019-06-21 10:00:00,0.09184880837948795,6.947937068614969,-0.15417718716588524,-2951.4
2019-06-21 11:00:00,0.0028553376507374217,7.029972911706386,-0.16492557088670523,-2999.3
2019-06-21 12:00:00,0.05513194897886242,7.114769448366463,-0.16612419522845734,-3169.2
2019-06-21 13:00:00,0.03142395475202431,7.187657164114956,-0.18075243024757093,-3474.2
2019-06-21 14:00:00,0.0332357520174007,7.237059026124737,-0.20521794544043814,-3721.9
2019-06-21 15:00:00,0.04807739506870812,7.275864600546533,-0.21539119971621545,-3919.1
2019-06-21 16:00:00,0.1119213698989423,7.301147805856032,-0.20481368836770208,-4018.6
2019-06-21 17:00:00,-0.0019450223956223311,7.307872780763706,-0.2082468392080301,-4063.4
2019-06-21 18:00:00,-0.037853544201309486,7.299797366758161,-0.2123725311919511,-4113.8
2019-06-21 19:00:00,-0.05019632709238975,7.153833801578843,-0.20064526991653686,-4156.2
2019-06-21 20:00:00,-0.10469886448547205,7.13966033596492,-0.18961941959763706,-4149.8
2019-06-21 21:00:00,-0.03632495865665897,7.155396301896734,-0.16899422768350014,-4315.1
2019-06-21 22:00:00,0.044754903790181544,7.191429330036379,-0.14470627055024643,-4264.7
2019-06-21 23:00:00,0.162051513886305,7.223295679562314,-0.11615268195506623,-4338.5
2019-06-22 00:00:00,1.0629212499403464,7.315883504509785,0.0444809640650945,-4323.1
2019-06-22 01:00:00,0.8820022451458627,7.3395376954076745,0.04538435304326427,-4499.1
2019-06-22 02:00:00,0.6254992831100719,7.337587743538596,0.042941005000081134,-4548.1
2019-06-22 03:00:00,-0.7563003504018904,7.315883504509785,0.03517144925954696,-4497.9
2019-06-22 04:00:00,-0.922892258674014,7.286191714702382,0.02606121975662745,-4553.3
2019-06-22 05:00:00,-0.922892258674014,7.227662498728654,0.018796817679227473,-4548.6
2019-06-22 06:00:00,0.24758485439913436,7.146772179452637,0.003430922091094857,-4660.9
2019-06-22 07:00:00,0.5400808334346396,7.083387847625295,-0.013721405052196545,-4477.2
2019-06-22 08:00:00,0.39820182424396666,7.01301578963963,-0.027589659200966565,-4107.0
2019-06-22 09:00:00,0.3649633475213321,6.907755278982137,-0.019760087884666433,-3641.7
2019-06-22 10:00:00,0.46316035892363994,6.822197390620491,-0.010786423831500969,-3303.6
2019-06-22 11:00:00,0.4285536392915241,6.8001700683022,-0.0055576766532077215,-3238.7
2019-06-22 12:00:00,0.4978362468853703,6.829793737512425,-0.010219232043048976,-3297.1
2019-06-22 13:00:00,0.48832156377399016,6.882437470997847,0.0032292785114318434,-3396.5
2019-06-22 14:00:00,0.516399642997623,6.923628628138427,0.01095022539086088,-3547.9
2019-06-22 15:00:00,0.4828809064026407,6.947937068614969,-0.012855964515944507,-3638.7
2019-06-22 16:00:00,0.5216336615400978,6.950814768442584,0.014367736677943554,-3588.9
2019-06-22 17:00:00,0.39895589791187014,6.874198495453294,0.020527022876212442,-3421.4
2019-06-22 18:00:00,0.35696105206482187,6.70073110954781,0.028488173915711457,-3182.9
2019-06-22 19:00:00,0.3635190504547512,6.391917113392602,0.035055764528726385,-3132.9
2019-06-22 20:00:00,0.4236830129024489,6.220590170099739,0.03169044015109179,-3155.0
2019-06-22 21:00:00,0.5368785295207714,6.150602768446279,0.0353713431699294,-3262.3
2019-06-22 22:00:00,0.6621387388690603,6.137727054086234,0.04212278105417333,-3230.5
2019-06-22 23:00:00,0.8532241389493982,6.09807428216624,0.05876903256958421,-3206.7
2019-06-23 00:00:00,0.49990325501673283,6.320768294250582,-0.01938485337923268,-3646.3
2019-06-23 01:00:00,0.2831109157568483,6.285998094508865,-0.019240541535589628,-3613.6
2019-06-23 02:00:00,0.1966174505225884,6.212606095751519,-0.023410332094478292,-3649.7
2019-06-23 03:00:00,-0.08531486314220293,6.091309882077698,-0.02149567805603958,-3700.5
2019-06-23 04:00:00,-0.27826158206401863,5.963579343618446,-0.0256665036242385,-3699.3
2019-06-23 05:00:00,0.3254508145410062,5.746203190540153,-0.02640458308168192,-3775.5
2019-06-23 06:00:00,0.24127367664868693,5.429345628954441,-0.0338693947956461,-3774.8
2019-06-23 07:00:00,0.08499414352369872,5.176149732573829,-0.036395467363787404,-3486.7
2019-06-23 08:00:00,0.06691497510543742,5.209486152841421,-0.037602286914390604,-3246.8
2019-06-23 09:00:00,-0.01639351659087307,5.488937726156687,-0.034391807495541826,-2918.9
2019-06-23 10:00:00,-0.028141917349100876,5.762051382780177,-0.03029370671649545,-2715.3
2019-06-23 11:00:00,-0.09426677397927508,5.953243334287785,-0.028766605155839287,-2599.3
2019-06-23 12:00:00,-0.14345968167557777,6.073044534100405,-0.036721922797122275,-2554.6
2019-06-23 13:00:00,-0.08250928210274822,6.161207321695077,-0.0354101180933597,-2635.1
2019-06-23 14:00:00,-0.016538176912222813,6.1903154058531475,-0.028816912862541955,-2667.1
2019-06-23 15:00:00,0.1091561789863631,6.175867270105761,-0.03518901972843658,-2750.6
2019-06-23 16:00:00,0.25514369694445316,6.144185634125646,-0.0239668731062892,-2759.4
2019-06-23 17:00:00,0.058942598136658475,6.054439346269371,-0.019860221664805167,-2606.6
2019-06-23 18:00:00,0.023320077845567777,5.905361848054571,-0.019805268295923995,-2570.5
2019-06-23 19:00:00,0.06251033207333556,5.583496308781699,-0.01742065879585475,-2618.4
2019-06-23 20:00:00,0.08407675233799994,5.476463551931511,-0.017276120621625424,-2595.6
2019-06-23 21:00:00,0.12216704582837412,5.5093883366279774,-0.017479188021543024,-2792.8
2019-06-23 22:00:00,0.2626817766455183,5.598421958998375,-0.02126983474665778,-2888.3
2019-06-23 23:00:00,0.5152832531832217,5.652489180268651,-0.018291027690791495,-2995.6
2019-06-24 00:00:00,0.7551429021507357,5.5093883366279774,-0.03396737402409933,-3075.1
2019-06-24 01:00:00,0.7345198125608272,5.5134287461649825,-0.03233064567456978,-3208.1
2019-06-24 02:00:00,0.7348583169728293,5.493061443340548,-0.029160141492807767,-3238.6
2019-06-24 03:00:00,0.946597851639412,5.484796933490655,-0.033922668333373096,-3311.9
2019-06-24 04:00:00,1.0117920930753517,5.5134287461649825,-0.03255593892943054,-3204.2
2019-06-24 05:00:00,0.6179497161043446,5.356586274672012,-0.025000640319376544,-3006.7
2019-06-24 06:00:00,0.2870439617233087,4.9344739331306915,-0.01597590329877363,-2282.1
2019-06-24 07:00:00,0.20676817379726709,4.6443908991413725,-0.014753739421626832,-1513.1
2019-06-24 08:00:00,0.11022176320645771,4.51085950651685,-0.013315198922747129,-1154.4
2019-06-24 09:00:00,0.07183710012116995,4.48863636973214,-0.012029929764640457,-992.4
2019-06-24 10:00:00,-0.003968801431461166,4.465908118654584,-0.020311879335906724,-777.2
2019-06-24 11:00:00,0.042418314051360095,4.477336814478207,-0.009485508802942633,-723.6
2019-06-24 12:00:00,0.10532139868367807,4.51085950651685,-0.03168441881207684,-755.0
2019-06-24 13:00:00,0.1258342081526984,4.51085950651685,-0.0013695350330777956,-798.4
2019-06-24 14:00:00,0.1370151059256166,4.543294782270004,-0.004834088471316278,-840.5
2019-06-24 15:00:00,0.17546823712382809,4.59511985013459,-0.010652433366667324,-832.7
2019-06-24 16:00:00,0.20527267487818346,4.59511985013459,-0.008294611011663733,-1033.4
2019-06-24 17:00:00,0.1359273443090525,4.543294782270004,-0.011679111396105668,-1170.0
2019-06-24 18:00:00,0.06742575852097366,4.543294782270004,-0.02275829196161716,-1301.3
2019-06-24 19:00:00,0.08464143982386707,4.624972813284271,-0.02178488137668566,-1511.5
2019-06-24 20:00:00,0.13694928998494316,4.8283137373023015,-0.023858596165940327,-1713.1
2019-06-24 21:00:00,0.16143565521390402,5.123963979403259,-0.026264565878692636,-2020.7
2019-06-24 22:00:00,0.285419205775157,5.43372200355424,-0.025350222285641877,-2354.5
2019-06-24 23:00:00,0.4998025007276259,5.62040086571715,-0.023334896564261243,-2532.2
2019-06-25 00:00:00,0.643710401912359,6.311734809152915,-0.041834625780678536,-3007.7
2019-06-25 01:00:00,0.5830379748338088,6.306275286948016,-0.040196510851412626,-3061.0
2019-06-25 02:00:00,0.5918666497035856,6.2766434893416445,-0.035939123583307975,-3118.7
2019-06-25 03:00:00,0.7892409319601539,6.220590170099739,-0.035914898280303476,-3137.9
2019-06-25 04:00:00,0.9222145291463515,6.156978985585555,-0.03532167048281032,-3148.1
2019-06-25 05:00:00,0.6444033303257157,6.016157159698354,-0.03610441405354514,-3123.5
2019-06-25 06:00:00,0.2787977326830853,5.75890177387728,-0.045769145944785095,-2264.0
2019-06-25 07:00:00,0.20584161401813006,5.459585514144159,-0.05174634752506613,-1412.1
2019-06-25 08:00:00,0.09567567437947622,5.231108616854587,-0.054725065686323404,-1094.2
2019-06-25 09:00:00,0.09475008098675541,5.176149732573829,-0.0531595549118844,-991.5
2019-06-25 10:00:00,0.08889434975829813,5.176149732573829,-0.061012998874863555,-876.8
2019-06-25 11:00:00,0.10358935772522626,5.220355825078324,-0.0552232634364227,-803.6
2019-06-25 12:00:00,0.09515650084982896,5.278114659230517,-0.05140232421968527,-796.9
2019-06-25 13:00:00,0.14991636889522297,5.298317366548036,-0.05236385277883571,-831.6
2019-06-25 14:00:00,0.18116800510906073,5.272999558563747,-0.04922581247834934,-877.1
2019-06-25 15:00:00,0.21694224447619836,5.19295685089021,-0.05084887230952084,-954.1
2019-06-25 16:00:00,0.24109410376180307,5.10594547390058,-0.050842516191520915,-1113.0
2019-06-25 17:00:00,0.17495791318449472,5.056245805348308,-0.05369431879924136,-1194.8
2019-06-25 18:00:00,0.11856921955444477,5.093750200806762,-0.060469504245636685,-1340.2
2019-06-25 19:00:00,0.10382966606335042,5.1298987149230735,-0.06004473888669182,-1508.3
2019-06-25 20:00:00,0.15648053998494316,5.2832037287379885,-0.06311562127424075,-1668.0
2019-06-25 21:00:00,0.16986715492518556,5.420534999272286,-0.06490751677851847,-1923.5
2019-06-25 22:00:00,0.31233229914945326,5.572154032177765,-0.06281217850888332,-2192.8
2019-06-25 23:00:00,0.6854892013991711,5.638354669333745,-0.055793404573751815,-2498.2
2019-06-26 00:00:00,0.7431511937652631,5.293304824724492,-0.06314526599097725,-2561.7
2019-06-26 01:00:00,0.673336059597081,5.19295685089021,-0.06794308124064052,-2813.3
2019-06-26 02:00:00,0.7462737468849316,5.075173815233827,-0.06856037248541291,-2896.7
2019-06-26 03:00:00,0.9161541620200753,4.969813299576001,-0.07340382428686887,-2958.5
2019-06-26 04:00:00,1.1063007067088324,4.897839799950911,-0.0780013471945118,-3032.7
2019-06-26 05:00:00,0.6827941179790376,4.762173934797756,-0.06573016797844922,-2752.2
2019-06-26 06:00:00,0.3180702410115126,4.574710978503383,-0.045773091317359516,-2032.3
2019-06-26 07:00:00,0.1709697943068602,4.406719247264253,-0.03252116542729766,-1265.4
2019-06-26 08:00:00,0.060257924055378,4.3694478524670215,-0.021163327432697443,-926.5
2019-06-26 09:00:00,0.0661806571309751,4.406719247264253,-0.015155179860432355,-802.0
2019-06-26 10:00:00,0.06605282148589131,4.465908118654584,-0.0028034363110176486,-599.1
2019-06-26 11:00:00,0.05267807403731428,4.584967478670572,-0.006345319101752622,-527.1
2019-06-26 12:00:00,0.03880486962970542,4.762173934797756,-0.022199433791890044,-510.4
2019-06-26 13:00:00,0.09823014537102104,4.997212273764115,0.0006289464521636035,-623.7
2019-06-26 14:00:00,0.10392183182728765,5.236441962829949,-0.0005956423346766826,-601.7
2019-06-26 15:00:00,0.13624305380549018,5.472270673671475,0.0035298546985931267,-684.3
2019-06-26 16:00:00,0.1504641889449183,5.641907070938114,-0.002465947774025423,-869.6
2019-06-26 17:00:00,0.055166969491928786,5.7430031878094825,-0.004478903058870998,-1038.3
2019-06-26 18:00:00,-0.015152230377309284,5.814130531825066,-0.015709149499640418,-1260.6
2019-06-26 19:00:00,-0.019096561357606845,5.780743515792329,-0.01982995653908226,-1415.8
2019-06-26 20:00:00,0.023013225333433862,5.8998973535824915,-0.030499539576974044,-1616.8
2019-06-26 21:00:00,0.0634863531603771,6.07993319509559,-0.032900549708511306,-1933.8
2019-06-26 22:00:00,0.142741270479672,6.251903883165888,-0.03666452092105921,-2273.5
2019-06-26 23:00:00,-0.046421574551220424,6.39024066706535,-0.039758348898056184,-2399.1
2019-06-27 00:00:00,0.5788372007624516,6.582025138892826,-0.01719165526689359,-2685.1
2019-06-27 01:00:00,0.5492480944041449,6.70808408385307,-0.019892508294283573,-3150.7
2019-06-27 02:00:00,0.541606554779047,6.774223886357614,-0.020960522113222524,-3156.2
2019-06-27 03:00:00,0.6988667907038937,6.80128303447162,-0.02616250566043732,-3296.9
2019-06-27 04:00:00,0.7618371750489237,6.81783057145415,-0.022927939736762326,-3358.1
2019-06-27 05:00:00,0.5524007193515477,6.799055862058796,-0.015988354039139452,-3134.1
2019-06-27 06:00:00,0.22510797139392968,6.745236349484363,-0.00604203862125452,-2389.7
2019-06-27 07:00:00,0.08589886735850527,6.71174039505618,9.222971250189005e-05,-1648.6
2019-06-27 08:00:00,-0.02043871339310721,6.682108597449809,0.005912763656590769,-1314.7
2019-06-27 09:00:00,-0.018145851071700747,6.694562058521095,0.010292881241255714,-970.7
2019-06-27 10:00:00,0.06819167414945326,6.725033642166843,0.025294692829444188,-630.5
2019-06-27 11:00:00,0.043063176464177566,6.775366090936392,0.013019254720498807,-633.4
2019-06-27 12:00:00,0.117083384710289,6.826545223556594,0.003617950894522437,-559.0
2019-06-27 13:00:00,0.1499883054469784,6.870053411798126,0.035623543596253526,-640.9
2019-06-27 14:00:00,0.1765250076088689,6.883462586413092,0.019274976444986436,-738.5
2019-06-27 15:00:00,0.11728823794471177,6.862757913051401,0.003768418540557761,-777.8
2019-06-27 16:00:00,0.19420841331011784,6.821107472256465,0.019951447679590117,-1088.1
2019-06-27 17:00:00,0.0674759387369872,6.725033642166843,0.016746188974684273,-1196.3
2019-06-27 18:00:00,0.010562775032687988,6.553933404025811,0.005540002708931624,-1255.6
2019-06-27 19:00:00,0.024404268296336795,6.194405391104672,0.003879462224547936,-1386.7
2019-06-27 20:00:00,0.10175288896815138,6.028278520230698,-0.0031349499404260683,-1478.4
2019-06-27 21:00:00,0.1292528582117809,6.008813185442595,-0.0015284740413044062,-1704.9
2019-06-27 22:00:00,0.24524497769836406,6.073044534100405,-0.0016645576985307997,-1884.7
2019-06-27 23:00:00,0.5162779334506467,6.0844994130751715,0.00029931053687271003,-2168.9
2019-06-28 00:00:00,0.6944907616085074,6.263398262591624,0.018723384090698403,-2448.6
2019-06-28 01:00:00,0.6665489860818896,6.270988431858299,0.016930226556933547,-2673.6
2019-06-28 02:00:00,0.7284807199608894,6.238324625039508,0.018294931115951485,-2729.9
2019-06-28 03:00:00,0.9055431732591992,6.173786103901937,0.013408814660387236,-2817.3
2019-06-28 04:00:00,1.1278163360135345,6.075346031088684,0.013280854388412422,-2918.1
2019-06-28 05:00:00,0.6991327969032297,5.872117789475416,0.018178744659779866,-2821.6
2019-06-28 06:00:00,0.2639371307925247,5.631211781821365,0.02440312391115107,-2200.7
2019-06-28 07:00:00,0.11498027736892391,5.459585514144159,0.0289712392844077,-1354.1
2019-06-28 08:00:00,0.03535847638496881,5.424950017481403,0.03247606023027316,-995.9
2019-06-28 09:00:00,0.026424934085242047,5.5053315359323625,0.034267969663112297,-923.9
2019-06-28 10:00:00,0.1648058999826545,5.641907070938114,0.048000370599197595,-829.4
2019-06-28 11:00:00,0.06011993678412253,5.771441123130016,0.033380152861392176,-766.2
2019-06-28 12:00:00,0.09479366566731873,5.8971538676367405,0.03564513172999284,-848.4
2019-06-28 13:00:00,0.11993138723359653,6.0112671744041615,0.04228404895346749,-1085.3
2019-06-28 14:00:00,0.1455123593736003,6.045005314036012,0.03465305819442932,-1284.3
2019-06-28 15:00:00,0.16036381715495596,6.0112671744041615,0.028789136738202714,-1563.2
2019-06-28 16:00:00,0.18328316041422577,5.953243334287785,0.03009940976473935,-1658.9
2019-06-28 17:00:00,0.08562351485063902,5.846438775057725,0.02369923133202967,-1765.6
2019-06-28 18:00:00,0.05796615730055521,5.707110264748875,0.008133655956173769,-1910.2
2019-06-28 19:00:00,0.05996036082892964,5.5053315359323625,0.01039366876537784,-2058.8
2019-06-28 20:00:00,0.09013899755370192,5.556828061699537,0.0004329337915578435,-2141.5
2019-06-28 21:00:00,0.11330423645175358,5.796057750765372,-0.00023902034194200894,-2295.1
2019-06-28 22:00:00,0.19450029014952364,6.07073772800249,-0.0006092286447394457,-2510.8
2019-06-28 23:00:00,0.3505386107237416,6.240275845170769,0.0041047788070525115,-2704.4
2019-06-29 00:00:00,0.4880440015312586,6.297109319933935,-0.012539372024479079,-2859.1
2019-06-29 01:00:00,0.3932060336401677,6.400257445308821,-0.016809963031908737,-2967.7
2019-06-29 02:00:00,0.465356132581459,6.432940092739179,-0.018100497939895988,-3108.6
2019-06-29 03:00:00,0.5601736800291595,6.413458957167357,-0.02479505113844027,-3173.3
2019-06-29 04:00:00,0.5633127572302228,6.380122536899765,-0.028406197039695158,-3345.4
2019-06-29 05:00:00,0.21966259830684987,6.263398262591624,-0.03303915021094461,-3287.6
2019-06-29 06:00:00,0.1337545214440472,6.068425588244111,-0.030985955822025346,-3344.3
2019-06-29 07:00:00,0.042365842847966295,5.8971538676367405,-0.0331019097182903,-2946.2
2019-06-29 08:00:00,-0.04520597964800288,5.831882477283517,-0.028206713837635178,-2507.7
2019-06-29 09:00:00,-0.05762487998909771,5.849324779946859,-0.020430511878100077,-2086.1
2019-06-29 10:00:00,0.02782816964402457,5.910796644040527,-0.009385566951252144,-1887.6
2019-06-29 11:00:00,-0.0434455666885345,6.025865973825314,-0.014924870173551597,-1933.7
2019-06-29 12:00:00,0.033789796478481016,6.19644412779452,-0.025473993513754678,-2165.3
2019-06-29 13:00:00,-0.014794189076372533,6.3578422665081,-0.01706223625841119,-2357.2
2019-06-29 14:00:00,-0.01652097411109077,6.4692503167957724,-0.018828958984414612,-2525.0
2019-06-29 15:00:00,-0.009574206271898866,6.535241271013659,-0.046697864108988796,-2652.4
2019-06-29 16:00:00,0.08723232506427792,6.602587892189336,-0.026437805749669252,-2741.2
2019-06-29 17:00:00,-0.029388998298258695,6.651571873589727,-0.025083626715742824,-2701.1
2019-06-29 18:00:00,-0.08873683619742812,6.672032945461067,-0.03176972511134046,-2515.3
2019-06-29 19:00:00,-0.10820232497878068,6.6240652277998935,-0.029939592772786128,-2635.4
2019-06-29 20:00:00,-0.05391937285526005,6.658011045870748,-0.03388761419378383,-2751.5
2019-06-29 21:00:00,0.0030159591403275954,6.70073110954781,-0.03415244111150528,-2924.7
2019-06-29 22:00:00,0.0683093275269413,6.748759547491679,-0.03594882812114264,-2977.6
2019-06-29 23:00:00,0.2862186412573817,6.7661917146603505,-0.034055195901988355,-3094.2
2019-06-30 00:00:00,0.6171147284741889,6.92461239604856,-0.048081880670228117,-3647.9
2019-06-30 01:00:00,0.6217759507602927,6.891625897052253,-0.05124829430287292,-3814.1
2019-06-30 02:00:00,0.6004204426123425,6.843749949006225,-0.05668275509259857,-3814.4
2019-06-30 03:00:00,0.6489462401257371,6.787844982309579,-0.056725011392854796,-3773.7
2019-06-30 04:00:00,0.8331670709051671,6.71901315438526,-0.0641782717838204,-3866.4
2019-06-30 05:00:00,-0.00013561443495557768,6.590301048196686,-0.0649815201008046,-3797.6
2019-06-30 06:00:00,-0.24786742398246187,6.413458957167357,-0.0694485591567986,-3691.3
2019-06-30 07:00:00,-0.29098756424618966,6.257667587882639,-0.06707513305099333,-3330.4
2019-06-30 08:00:00,-0.1216322827309706,6.173786103901937,-0.061455007877757595,-3032.0
2019-06-30 09:00:00,-0.1622196879841864,6.222576268071369,-0.054427019977094204,-2664.1
2019-06-30 10:00:00,-0.12057881471694376,6.340359303727752,-0.045992202050658904,-2469.6
2019-06-30 11:00:00,-0.11686187749585031,6.539585955617669,-0.04357787469330532,-2451.0
2019-06-30 12:00:00,-0.04872713113185734,6.78105762593618,-0.053811962898317134,-2666.5
2019-06-30 13:00:00,-0.004020356788566826,7.003065458786462,-0.05183467095595162,-2941.5
2019-06-30 14:00:00,-0.0679741144781052,7.183111701743281,-0.04929900648088115,-3223.2
2019-06-30 15:00:00,-0.922892258674014,7.328437352895162,-0.06003746837958701,-3295.6
2019-06-30 16:00:00,-0.922892258674014,7.440146680662688,-0.05036541176963638,-3329.3
2019-06-30 17:00:00,-0.23977560839911982,7.527255919373784,-0.05034050096753795,-3584.9
2019-06-30 18:00:00,-0.09624715724407151,7.586803535162581,-0.04810721545089436,-3581.8
2019-06-30 19:00:00,-0.16088102001032434,7.510977752014095,-0.048571782421577225,-3265.2
2019-06-30 20:00:00,-0.1291736814631892,7.528331766707247,-0.050579626194227956,-3093.2
2019-06-30 21:00:00,-0.14813498495000488,7.53955882930103,-0.05190715789140832,-3057.2
2019-06-30 22:00:00,-0.17590911934843056,7.55171221535131,-0.05404610936173704,-3053.3
2019-06-30 23:00:00,-0.922892258674014,7.55171221535131,-0.05147959798291346,-3170.3
2019-07-01 00:00:00,-0.4461690191964123,7.641564441260972,0.029818686042618836,-3426.6
2019-07-01 01:00:00,-0.41356176699659564,7.617267813628347,0.03173240295774171,-3500.4
2019-07-01 02:00:00,-0.38958871650264815,7.576097340623111,0.03583349194952312,-3524.2
2019-07-01 03:00:00,-0.3667282430067855,7.51479976048867,0.030476010610476223,-3584.2
2019-07-01 04:00:00,-0.43273787074369174,7.444833273892193,0.031969627245342025,-3509.5
2019-07-01 05:00:00,-0.35930932193548815,7.392031567514591,0.04394321306271998,-3148.9
2019-07-01 06:00:00,-0.29409187879889487,7.369600720526409,0.059915635232634656,-2421.8
2019-07-01 07:00:00,-0.2355502112050818,7.3727463664043285,0.06821833800848687,-1675.8
2019-07-01 08:00:00,-0.17182923419387475,7.392031567514591,0.06726052159640439,-1386.3
2019-07-01 09:00:00,-0.1748204326494922,7.431299675155903,0.06616030207415946,-1358.2
2019-07-01 10:00:00,-0.26528731726653776,7.475339236566737,0.05195992475840683,-1191.4
2019-07-01 11:00:00,-0.24075366056126812,7.52131798019924,0.06926608007510282,-1175.7
2019-07-01 12:00:00,-0.24778307632890462,7.560080465021827,0.05795689966802442,-1232.6
2019-07-01 13:00:00,-0.3024318800062633,7.58629630715272,0.06683570241497527,-1237.6
2019-07-01 14:00:00,-0.3172895422452391,7.597897950521784,0.077188337746664,-1295.0
2019-07-01 15:00:00,-0.3162236808706709,7.598399329323964,0.07912296121559059,-1354.0
2019-07-01 16:00:00,-0.3348116503549927,7.58629630715272,0.07729056159241843,-1494.2
2019-07-01 17:00:00,-0.3133011779446617,7.554334823725748,0.07548696668682453,-1484.9
2019-07-01 18:00:00,-0.3108991878336105,7.501082124259871,0.06904189910564007,-1587.1
2019-07-01 19:00:00,-0.2881868764856024,7.3453648404168685,0.07212263258821494,-1615.2
2019-07-01 20:00:00,-0.29366487807616526,7.29505641646263,0.07288920965224932,-1687.9
2019-07-01 21:00:00,-0.2970105490688155,7.254177846456518,0.062375315869145354,-1783.1
2019-07-01 22:00:00,-0.30009390088568066,7.2305631534092925,0.06176219220593282,-1937.0
2019-07-01 23:00:00,-0.3349616340352979,7.221835825288449,0.06511692710052763,-2191.8
2019-07-02 00:00:00,-0.32784338121131684,7.218176838403408,0.07524462763633721,-2238.7
2019-07-02 01:00:00,-0.3583032810294702,7.234177179749849,0.07442097025221983,-2501.9
2019-07-02 02:00:00,-0.40805264338554803,7.2456550675945355,0.07647437402993518,-2597.3
2019-07-02 03:00:00,-0.4389145050299783,7.25063551189868,0.07140171233402093,-2757.4
2019-07-02 04:00:00,-0.46862082514372805,7.247080584585756,0.06930794165620213,-2881.4
2019-07-02 05:00:00,-0.5018802544626935,7.232010331664759,0.07473346472253084,-2565.0
2019-07-02 06:00:00,-0.4262453766148253,7.232733136177615,0.07601204789484406,-2023.8
2019-07-02 07:00:00,-0.34476067365100205,7.234898420314831,0.07889487459893729,-1221.3
2019-07-02 08:00:00,-0.3257574707720643,7.201916317531627,0.07688856945700628,-830.2
2019-07-02 09:00:00,-0.2783690194132564,7.176254532017144,0.07514690456666706,-630.1
2019-07-02 10:00:00,-0.3068991594286241,7.146772179452637,0.06177237359938559,-439.6
2019-07-02 11:00:00,-0.24501790710293392,7.085901464365611,0.07233481284079346,-312.6
2019-07-02 12:00:00,-0.2969312557065593,6.985641817639208,0.08599618504070605,-128.1
2019-07-02 13:00:00,-0.2498089532082517,6.891625897052253,0.06204170913977691,-76.0
2019-07-02 14:00:00,-0.24949750232413193,6.796823718274855,0.07678767206765436,-14.7
2019-07-02 15:00:00,-0.254668548021856,6.697034247666484,0.08295273364720224,76.3
2019-07-02 16:00:00,-0.23763886239633836,6.642486801367256,0.07876581331301757,-119.1
2019-07-02 17:00:00,-0.1891217755772816,6.62273632394984,0.0805662111980876,-137.8
2019-07-02 18:00:00,-0.23938471004704276,6.590301048196686,0.08016428753307636,-274.9
2019-07-02 19:00:00,-0.17924242784097366,6.419994928147142,0.0822958575733832,-411.6
2019-07-02 20:00:00,-0.1621094227443951,6.361302477572996,0.08491762440893957,-582.3
2019-07-02 21:00:00,-0.17812267183330777,6.371611847231857,0.07607182208373864,-759.3
2019-07-02 22:00:00,-0.16084035693492327,6.418364935936212,0.07807161831965814,-978.0
2019-07-02 23:00:00,-0.14300361468293676,6.456769655572163,0.08621133292360383,-1241.0
2019-07-03 00:00:00,-0.1770199415919529,6.502790045915623,0.08667111293464025,-1436.8
2019-07-03 01:00:00,-0.21574350516913832,6.539585955617669,0.08702073760744433,-1696.6
2019-07-03 02:00:00,-0.19636426701380927,6.561030665896573,0.08906935523620163,-1775.9
2019-07-03 03:00:00,-0.22924366595425205,6.569481420414296,0.08446046668597518,-1872.8
2019-07-03 04:00:00,-0.25085202768563475,6.588926477533519,0.08245450432667667,-2004.3
2019-07-03 05:00:00,-0.27414999328667244,6.5638555265321274,0.09043717622712144,-1763.2
2019-07-03 06:00:00,-0.1967241649615712,6.520621127558696,0.09665033196318085,-1239.6
2019-07-03 07:00:00,-0.19206905811638286,6.535241271013659,0.09689596381633514,-485.6
2019-07-03 08:00:00,-0.21068446704980648,6.539585955617669,0.10128966513674165,-215.9
2019-07-03 09:00:00,-0.20398585865136898,6.522092798170152,0.1000517526726572,-28.1
2019-07-03 10:00:00,-0.21080784785192597,6.52649485957079,0.10269537395958572,178.9
2019-07-03 11:00:00,-0.20236449348099406,6.555356891810665,0.10096322825731008,225.5
2019-07-03 12:00:00,-0.26335736521909414,6.586171654854675,0.0954075141939903,328.6
2019-07-03 13:00:00,-0.24316748672914246,6.608000625296087,0.09219732708458572,221.1
2019-07-03 14:00:00,-0.24538243136825466,6.6039438246004725,0.10146146643156584,185.0
2019-07-03 15:00:00,-0.23290946378302158,6.577861357721047,0.11087035029676251,87.3
2019-07-03 16:00:00,-0.23837702276526462,6.546785410760524,0.09842656047374554,-58.2
2019-07-03 17:00:00,-0.21454585831330109,6.498282149476434,0.0984941563913786,-176.9
2019-07-03 18:00:00,-0.21983373279717666,6.42648845745769,0.09401922299218235,-262.3
2019-07-03 19:00:00,-0.21458828817939946,6.263398262591624,0.09518970626344725,-343.4
2019-07-03 20:00:00,-0.2284003629385416,6.202535517187923,0.09316874179024559,-422.3
2019-07-03 21:00:00,-0.2190340539994553,6.238324625039508,0.08939866224565307,-614.3
2019-07-03 22:00:00,-0.2192615108405156,6.336825731146441,0.09188392525068778,-791.6
2019-07-03 23:00:00,-0.22636985395830544,6.432940092739179,0.09860055219145814,-1118.4
2019-07-04 00:00:00,-0.20432088419258543,6.437751649736401,0.09053218045559674,-1439.4
2019-07-04 01:00:00,-0.22953618383444052,6.472346294500901,0.09063340793959185,-1681.1
2019-07-04 02:00:00,-0.23911139949021765,6.498282149476434,0.09134693786926462,-1748.1
2019-07-04 03:00:00,-0.22388608281414024,6.530877627725885,0.08423083687229571,-1556.5
2019-07-04 04:00:00,-0.15673948736833232,6.56244409369372,0.08537221010235463,-1701.2
2019-07-04 05:00:00,-0.16563430298558401,6.602587892189336,0.09588917910217454,-1557.3
2019-07-04 06:00:00,-0.20795757038974116,6.672032945461067,0.10713257740411031,-948.8
2019-07-04 07:00:00,-0.20556721996894112,6.799055862058796,0.11383480265491741,-327.5
2019-07-04 08:00:00,-0.18633414579725338,6.942156705699469,0.11415649969303487,-168.9
2019-07-04 09:00:00,-0.17710505830909984,7.076653815443951,0.11194645048476204,-176.5
2019-07-04 10:00:00,-0.1434459438683553,7.1770187659099,0.120865785172656,-160.7
2019-07-04 11:00:00,-0.1895743809314845,7.220373836723949,0.10520612022250653,-54.4
2019-07-04 12:00:00,-0.14358987061668715,7.213768308118642,0.10491310336677451,-33.9
2019-07-04 13:00:00,-0.15754139207791207,7.188412736496954,0.11176016256576915,-83.2
2019-07-04 14:00:00,-0.16180524158194443,7.1631723908466425,0.1057024452484665,-67.0
2019-07-04 15:00:00,-0.24528926425661357,7.1252830915107115,0.10087974014633261,-130.9
2019-07-04 16:00:00,-0.196102287319329,7.076653815443951,0.11064699960403779,-264.2
2019-07-04 17:00:00,-0.20567866779189048,7.010311867307229,0.1187308427463254,-253.6
2019-07-04 18:00:00,-0.23569938407849866,6.931471805599453,0.11311049087130165,-311.0
2019-07-04 19:00:00,-0.2332110416064581,6.775366090936392,0.1126714226510348,-435.9
2019-07-04 20:00:00,-0.2067352955342452,6.71174039505618,0.10921001442229894,-473.8
2019-07-04 21:00:00,-0.2207771202355291,6.704414354964107,0.10245110420527226,-666.1
2019-07-04 22:00:00,-0.23090066133549003,6.75343791859778,0.10158291219843818,-903.7
2019-07-04 23:00:00,-0.2588495932628634,6.810142450115136,0.10493293668667825,-1222.9
2019-07-05 00:00:00,-0.2613648875097647,7.095893221097532,0.103596716255554,-1474.5
2019-07-05 01:00:00,-0.25579726835122374,7.138073034044347,0.10537188685071897,-1743.7
2019-07-05 02:00:00,-0.24909746155823953,7.170888478512505,0.10772343323059275,-1882.2
2019-07-05 03:00:00,-0.2735990649609108,7.206377291472252,0.1028344321297574,-2027.1
2019-07-05 04:00:00,-0.2684468506304456,7.2399325913204695,0.10327154188120247,-2230.1
2019-07-05 05:00:00,-0.29623690634153466,7.249925536717988,0.10944467756026377,-2103.4
2019-07-05 06:00:00,-0.2717062429560029,7.237778191923443,0.11120318804879403,-1590.1
2019-07-05 07:00:00,-0.22383572518460237,7.227662498728654,0.11030618647236423,-948.1
2019-07-05 08:00:00,-0.19833646628624724,7.215975002651466,0.10525752507231978,-584.7
2019-07-05 09:00:00,-0.18643722529963824,7.21081845347222,0.09938568802161285,-461.4
2019-07-05 10:00:00,-0.07841297289613758,7.203405521083095,0.10347484925318895,-284.8
2019-07-05 11:00:00,-0.16626839767336898,7.195187320178709,0.09298140110308495,-286.5
2019-07-05 12:00:00,-0.14269742069258928,7.173958319756794,0.10253263484023556,-283.7
2019-07-05 13:00:00,-0.1911314796437833,7.13966033596492,0.08755774747870682,-386.8
2019-07-05 14:00:00,-0.20436578165288033,7.085064293952548,0.09470996850249236,-440.1
2019-07-05 15:00:00,-0.21665160322576416,7.004881989712859,0.09652774510233719,-494.9
2019-07-05 16:00:00,-0.18608163385073917,6.901737206656574,0.09506726892098172,-598.5
2019-07-05 17:00:00,-0.14943748268572676,6.775366090936392,0.09370354595719554,-636.5
2019-07-05 18:00:00,-0.15236717018572676,6.616065185132817,0.08737364610823484,-646.5
2019-07-05 19:00:00,-0.14825984840863216,6.313548046277095,0.09173836945219271,-756.6
2019-07-05 20:00:00,-0.17219081398392833,6.214608098422191,0.09110361296993474,-876.1
2019-07-05 21:00:00,-0.18240301112694413,6.255750041753367,0.08686629107786814,-1016.9
2019-07-05 22:00:00,-0.19795654895352177,6.3473892096560105,0.0883535859272051,-1146.1
2019-07-05 23:00:00,-0.26627899534111643,6.380122536899765,0.09545983865507246,-1366.5
2019-07-06 00:00:00,-0.2730354410898772,6.61338421837956,0.1101835667898392,-1754.9
2019-07-06 01:00:00,-0.2700312785763095,6.5722825426940075,0.11774061988463913,-1917.4
2019-07-06 02:00:00,-0.280076550671402,6.490723534502507,0.1226822144411468,-1858.9
2019-07-06 03:00:00,-0.22478115533664367,6.375024819828097,0.1219938316954643,-1925.6
2019-07-06 04:00:00,-0.145815824638039,6.2422232654551655,0.12562679068559035,-2161.6
2019-07-06 05:00:00,-0.057988909700685376,5.993961427306569,0.12781071685887468,-2123.6
2019-07-06 06:00:00,-0.0784255169972945,5.6240175061873385,0.13425962408456726,-2000.3
2019-07-06 07:00:00,-0.07877562967830531,5.337538079701318,0.12455340603176523,-1688.9
2019-07-06 08:00:00,-0.0532865492689214,5.209486152841421,0.10866752348696629,-1337.2
2019-07-06 09:00:00,-0.0957604683551807,5.198497031265826,0.0951802517767959,-952.7
2019-07-06 10:00:00,-0.07272014169134611,5.204006687076795,0.09135765341931723,-658.5
2019-07-06 11:00:00,-0.1638448601652165,5.247024072160486,0.08643943422374534,-556.7
2019-07-06 12:00:00,-0.13454987755985703,5.313205979041787,0.08609955873142994,-572.1
2019-07-06 13:00:00,-0.1805525921867437,5.3471075307174685,0.07487758708988146,-694.9
2019-07-06 14:00:00,-0.1931052357404135,5.332718793265369,0.08521223770883601,-708.6
2019-07-06 15:00:00,-0.2576668300082101,5.303304908059076,0.06509697288397476,-744.5
2019-07-06 16:00:00,-0.17800467785834329,5.313205979041787,0.07969664059021753,-835.3
2019-07-06 17:00:00,-0.13413243108987327,5.298317366548036,0.08148430558738617,-828.5
2019-07-06 18:00:00,-0.12426071175836118,5.272999558563747,0.07988696701169928,-783.4
2019-07-06 19:00:00,-0.12990761019226094,5.19295685089021,0.0892931047539367,-919.8
2019-07-06 20:00:00,-0.1596026431689581,5.25227342804663,0.09422875428999333,-1041.0
2019-07-06 21:00:00,-0.1456023885399782,5.389071729816501,0.0903501743398678,-1153.0
2019-07-06 22:00:00,-0.1396625846652264,5.583496308781699,0.0896293813469402,-1289.4
2019-07-06 23:00:00,-0.2045001388901202,5.726847747587197,0.0943114604630928,-1478.6
2019-07-07 00:00:00,-0.18494323336120067,5.981414211254481,0.10080561323341186,-1668.9
2019-07-07 01:00:00,-0.20115962346783833,6.075346031088684,0.1023190368222533,-1831.6
2019-07-07 02:00:00,-0.1840597226259839,6.154858094016418,0.09652970183757148,-1930.8
2019-07-07 03:00:00,-0.16084717747178168,6.212606095751519,0.09818104606714151,-2095.1
2019-07-07 04:00:00,-0.13544914764870297,6.249975242259483,0.0946105589515902,-2289.1
2019-07-07 05:00:00,-0.03725062855236816,6.2285110035911835,0.10143147125088703,-2331.6
2019-07-07 06:00:00,0.006765318441476875,6.173786103901937,0.10726740538308732,-2257.5
2019-07-07 07:00:00,-0.027944129137242424,6.150602768446279,0.1092865261145608,-2015.6
2019-07-07 08:00:00,-0.0659041103095297,6.102558594613569,0.09374937371639902,-1668.6
2019-07-07 09:00:00,-0.08586492439985793,6.0330862217988015,0.07892424134724507,-1315.7
2019-07-07 10:00:00,-0.08980462837607117,5.983936280687191,0.07008942930500162,-949.9
2019-07-07 11:00:00,-0.10300117805696196,5.955837369464831,0.07649493232605131,-762.8
2019-07-07 12:00:00,-0.09890312359468201,5.918893854273146,0.07253110776212601,-758.7
2019-07-07 13:00:00,-0.08257166904235635,5.883322388488279,0.05598399354531303,-800.8
2019-07-07 14:00:00,-0.08640732180654842,5.834810737062605,0.07000336559841713,-802.1
2019-07-07 15:00:00,-0.05877216080537817,5.762051382780177,0.06857354807033822,-851.5
2019-07-07 16:00:00,-0.0434656673561431,5.6937321388027,0.07714692230244147,-809.4
2019-07-07 17:00:00,-0.11526994637669796,5.6240175061873385,0.07489965919621255,-701.9
2019-07-07 18:00:00,-0.13912749574855576,5.545177444479562,0.07739010753802056,-550.4
2019-07-07 19:00:00,-0.09405349112781902,5.393627546352362,0.08482955441609619,-670.7
2019-07-07 20:00:00,-0.10527249249010362,5.393627546352362,0.08801999492289347,-835.5
2019-07-07 21:00:00,-0.09322930142020702,5.545177444479562,0.08199146887358921,-1158.0
2019-07-07 22:00:00,-0.10808102805913089,5.768320995793772,0.08316778828820937,-1341.6
2019-07-07 23:00:00,-0.1220533715515617,5.8998973535824915,0.09085879361421334,-1477.7
2019-07-08 00:00:00,-0.11190657561586148,6.202535517187923,0.04893462710100316,-1936.5
2019-07-08 01:00:00,-0.04964770035234212,6.2878585601617845,0.04620002757494035,-2134.6
2019-07-08 02:00:00,-0.038676311888840686,6.327936783729195,0.04705833495417444,-2230.2
2019-07-08 03:00:00,-0.05965848399264173,6.352629396319567,0.03935249963356746,-2315.5
2019-07-08 04:00:00,-0.1400894879779937,6.369900982828227,0.03779962878935805,-2379.9
2019-07-08 05:00:00,-0.1674776665900115,6.3080984415095305,0.04349062197103848,-2157.6
2019-07-08 06:00:00,-0.16871639907797986,6.171700597410915,0.05428861073881741,-1381.6
2019-07-08 07:00:00,-0.16496328453163045,6.049733455231958,0.06257775899701201,-566.6
2019-07-08 08:00:00,-0.11291724112807788,6.042632833682381,0.06884962522252458,-329.6
2019-07-08 09:00:00,-0.11448997174119402,6.182084906716632,0.0702480280334985,-247.2
2019-07-08 10:00:00,-0.17862378032750748,6.343880434126331,0.05575746634818479,-180.5
2019-07-08 11:00:00,-0.16915636007535761,6.483107351457199,0.06980600773791501,-166.9
2019-07-08 12:00:00,-0.1357826620842011,6.594413459749778,0.0568778016891347,-226.4
2019-07-08 13:00:00,-0.15471713794254915,6.679599185844383,0.05869012384426142,-363.4
2019-07-08 14:00:00,-0.16760491476430683,6.727431724850855,0.06428211025669839,-480.7
2019-07-08 15:00:00,-0.15605937317217045,6.7464121285733745,0.06447270194276022,-526.9
2019-07-08 16:00:00,-0.1670668784305711,6.741700694652055,0.06377306816142259,-539.2
2019-07-08 17:00:00,-0.17527988004728723,6.688354713946762,0.06586289956565494,-521.7
2019-07-08 18:00:00,-0.182866121570755,6.6039438246004725,0.061177266330668445,-616.1
2019-07-08 19:00:00,-0.15887736302673705,6.3473892096560105,0.0659623295011631,-730.1
2019-07-08 20:00:00,-0.16212317589732672,6.295266001439646,0.06609254603520398,-891.6
2019-07-08 21:00:00,-0.16471663855560026,6.320768294250582,0.055719307073275104,-1122.4
2019-07-08 22:00:00,-0.17558095301309828,6.391917113392602,0.056698890249386125,-1263.1
2019-07-08 23:00:00,-0.20431015124419183,6.4425401664681985,0.05687548739210335,-1581.7
2019-07-09 00:00:00,-0.12695444044057336,6.590301048196686,0.04993394015589381,-1898.3
2019-07-09 01:00:00,-0.1553709087014017,6.588926477533519,0.0489234278708679,-2115.1
2019-07-09 02:00:00,-0.1585974973703701,6.573680166960646,0.05046453221998881,-2206.7
2019-07-09 03:00:00,-0.1417558795137137,6.546785410760524,0.04843276819489084,-2276.6
2019-07-09 04:00:00,-0.11725894968543926,6.519147287940395,0.04676367799924108,-2415.3
2019-07-09 05:00:00,-0.15987227155424977,6.48768401848461,0.05106199124193189,-2223.8
2019-07-09 06:00:00,-0.11345908424025097,6.4692503167957724,0.047047515657025585,-1592.2
2019-07-09 07:00:00,-0.10639477859628199,6.472346294500901,0.04617187344270057,-910.4
2019-07-09 08:00:00,-0.09197590619323615,6.46302945692067,0.04395248776681093,-595.1
2019-07-09 09:00:00,-0.06255563906548067,6.472346294500901,0.04655757608468569,-405.0
2019-07-09 10:00:00,-0.08389441025218991,6.492239835020471,0.033440622466876846,-261.7
2019-07-09 11:00:00,-0.054006456052953844,6.507277712385012,0.03791291177593159,-245.1
2019-07-09 12:00:00,-0.05287660343440459,6.529418838262226,0.051912561498154375,-257.0
2019-07-09 13:00:00,-0.08432977711218559,6.535241271013659,0.023664521974936292,-300.4
2019-07-09 14:00:00,-0.08656228197180527,6.467698726104354,0.03921051615011173,-318.2
2019-07-09 15:00:00,-0.10900953933275215,6.317164686747284,0.047423633375837326,-222.2
2019-07-09 16:00:00,-0.08151967799640802,6.133398042996649,0.03884418939069256,-311.8
2019-07-09 17:00:00,-0.05319418267381204,5.948034989180646,0.042330584275131145,-270.4
2019-07-09 18:00:00,-0.07558059851914178,5.730099782973574,0.04271016819828688,-401.1
2019-07-09 19:00:00,-0.10698186060949233,5.429345628954441,0.04376875792146606,-430.2
2019-07-09 20:00:00,-0.0988843647913602,5.303304908059076,0.04148990562012678,-538.7
2019-07-09 21:00:00,-0.10893264594095964,5.342334251964811,0.02989167897111855,-741.5
2019-07-09 22:00:00,-0.08537525787203348,5.480638923341991,0.03567362006283048,-894.6
2019-07-09 23:00:00,-0.012146929548684682,5.648974238161206,0.04378673504453978,-1237.1
2019-07-10 00:00:00,0.05314332418779566,6.111467339502679,0.04359264281683828,-1647.5
2019-07-10 01:00:00,0.005374650111094503,6.269096283706261,0.04458276733102373,-1969.3
2019-07-10 02:00:00,0.018149326936006016,6.3473892096560105,0.04408208286984028,-2094.9
2019-07-10 03:00:00,-0.015287317266537759,6.361302477572996,0.041555677338513064,-2197.8
2019-07-10 04:00:00,-0.044990792389028034,6.363028103540465,0.03801604608573683,-2321.7
2019-07-10 05:00:00,-0.0845597436010932,6.246106765481563,0.04013755651515005,-2129.0
2019-07-10 06:00:00,-0.10428256114106427,5.986452005284438,0.036484756130635176,-1417.2
2019-07-10 07:00:00,-0.12932640696162334,5.726847747587197,0.03388113640643553,-647.2
2019-07-10 08:00:00,-0.1490984133655031,5.6240175061873385,0.039992262706348924,-251.8
2019-07-10 09:00:00,-0.13768003219371394,5.71042701737487,0.044309093862946014,-146.6
2019-07-10 10:00:00,-0.14628888260018824,5.793013608384144,0.05061196474481022,-14.2
2019-07-10 11:00:00,-0.13322446578746394,5.84354441703136,0.04991546319128659,22.9
2019-07-10 12:00:00,-0.15691369254531962,5.869296913133774,0.045351907832644756,72.2
2019-07-10 13:00:00,-0.12364115952019139,5.87493073085203,0.03769580282034646,-33.2
2019-07-10 14:00:00,-0.10917604829442906,5.846438775057725,0.04448198154804395,-111.2
2019-07-10 15:00:00,-0.09609399595730928,5.777652323222656,0.051626027411966646,-193.0
2019-07-10 16:00:00,-0.10304436877110179,5.703782474656201,0.038722213998761745,-306.6
2019-07-10 17:00:00,-0.10925203377557668,5.583496308781699,0.03650624465123542,-338.6
2019-07-10 18:00:00,-0.12722747532525247,5.365976015021851,0.03463173174082357,-421.2
2019-07-10 19:00:00,-0.10628994341028042,5.087596335232384,0.03389757693033424,-479.9
2019-07-10 20:00:00,-0.1137012838757987,5.043425116919247,0.029681773709079096,-629.6
2019-07-10 21:00:00,-0.08910474176082595,5.153291594497779,0.02755363873587413,-878.2
2019-07-10 22:00:00,-0.09224313530076245,5.313205979041787,0.03412970714711072,-1014.9
2019-07-10 23:00:00,-0.050654581986534275,5.393627546352362,0.040653308145738976,-1299.8
2019-07-11 00:00:00,0.009419342860569557,5.318119993844216,0.05146904217107995,-1600.1
2019-07-11 01:00:00,-0.0035385195651742585,5.393627546352362,0.05304950315192691,-1840.7
2019-07-11 02:00:00,-0.0021929136357252688,5.455321115357702,0.053064751298247614,-1923.7
2019-07-11 03:00:00,0.0005909008037265906,5.5053315359323625,0.04860740567704447,-1990.3
2019-07-11 04:00:00,0.05609660551615647,5.54907608489522,0.049320141778400384,-2236.5
2019-07-11 05:00:00,0.03042689265742382,5.472270673671475,0.04953043428164605,-2162.2
2019-07-11 06:00:00,-0.01237692193162454,5.267858159063328,0.04333527121911018,-1558.8
2019-07-11 07:00:00,-0.030700797670003332,5.062595033026967,0.04085625474627719,-901.5
2019-07-11 08:00:00,-0.03687449428865808,4.962844630259907,0.04049875641325862,-526.0
2019-07-11 09:00:00,-0.02161497916375854,5.043425116919247,0.04083268742867219,-364.9
2019-07-11 10:00:00,0.035666385008743084,5.153291594497779,0.04974577551966064,-214.7
2019-07-11 11:00:00,0.0035580919666862165,5.241747015059643,0.04479011424077051,-130.3
2019-07-11 12:00:00,0.07228846970610991,5.288267030694535,0.042624864463940426,-143.2
2019-07-11 13:00:00,0.05629847482547978,5.298317366548036,0.04587131571061143,-235.2
2019-07-11 14:00:00,0.05591069916354208,5.288267030694535,0.03997261278753683,-273.1
2019-07-11 15:00:00,-0.030903675364658767,5.303304908059076,0.029742546689645266,-349.7
2019-07-11 16:00:00,0.013009130372266586,5.303304908059076,0.037383615101642675,-491.9
2019-07-11 17:00:00,-0.01814286204961091,5.2574953720277815,0.03746504621960334,-481.5
2019-07-11 18:00:00,-0.049098830597264165,5.187385805840755,0.0320756609306212,-600.9
2019-07-11 19:00:00,-0.04613398268290325,5.049856007249537,0.03637994966847913,-713.3
2019-07-11 20:00:00,-0.01671830077516523,5.049856007249537,0.032001264590327594,-798.0
2019-07-11 21:00:00,-0.015735216690055953,5.135798437050262,0.029693990234335388,-1078.0
2019-07-11 22:00:00,-0.02834114934329124,5.278114659230517,0.03289505825235928,-1204.6
2019-07-11 23:00:00,-0.022441508129348975,5.313205979041787,0.036973269550635735,-1458.2
2019-07-12 00:00:00,0.08282310136482574,5.220355825078324,0.02983447666542638,-1916.6
2019-07-12 01:00:00,0.09451070012263907,5.153291594497779,0.02898331340263738,-2169.9
2019-07-12 02:00:00,0.1025767828881512,5.093750200806762,0.02917342228373343,-2224.2
2019-07-12 03:00:00,0.07073515422328391,5.017279836814924,0.023681821583682705,-2275.4
2019-07-12 04:00:00,0.04796900339056753,4.927253685157205,0.020380264817497107,-2319.6
2019-07-12 05:00:00,0.0017617221293955154,4.7535901911063645,0.020313308256598717,-2210.5
2019-07-12 06:00:00,-0.02480196515264943,4.499809670330265,0.015510574687638723,-1483.9
2019-07-12 07:00:00,-0.01416946681387321,4.31748811353631,0.015088562838132091,-802.9
2019-07-12 08:00:00,-0.0076060630492138515,4.290459441148391,0.01685956157568036,-433.4
2019-07-12 09:00:00,-0.002570690707091039,4.394449154672439,0.018170234816693664,-280.8
2019-07-12 10:00:00,0.11215736163413981,4.48863636973214,0.025902836674854157,-137.6
2019-07-12 11:00:00,0.017430496838988674,4.574710978503383,0.016880067334476223,-150.3
2019-07-12 12:00:00,0.04573873710121923,4.663439094112067,0.029681921036711856,-206.0
2019-07-12 13:00:00,0.02767656379548633,4.7535901911063645,0.01615136855796706,-316.9
2019-07-12 14:00:00,0.02676752033646901,4.820281565605037,0.025534682561465516,-447.6
2019-07-12 15:00:00,0.008681330462719572,4.890349128221754,0.03352580853066911,-587.5
2019-07-12 16:00:00,0.026696303648714004,4.890349128221754,0.03167409208454153,-664.9
2019-07-12 17:00:00,0.03501924778628984,4.836281906951478,0.02899607865929177,-752.3
2019-07-12 18:00:00,0.02660558712389749,4.820281565605037,0.02154366602979252,-856.0
2019-07-12 19:00:00,0.024332882371299824,4.709530201312334,0.026378453346591613,-1022.6
2019-07-12 20:00:00,0.02629349088328725,4.718498871295094,0.022867491057258604,-1209.9
2019-07-12 21:00:00,0.03293727752146225,4.804021044733257,0.0179743930671048,-1434.5
2019-07-12 22:00:00,0.00938585962357985,4.890349128221754,0.017713796455755215,-1451.0
2019-07-12 23:00:00,-0.04481753020989121,4.890349128221754,0.02038108287885798,-1568.1
2019-07-13 00:00:00,-0.029092750189748884,4.9344739331306915,-0.0019758244830185845,-2077.1
2019-07-13 01:00:00,-0.006374119461231675,4.812184355372417,-0.00020207091696988755,-2248.8
2019-07-13 02:00:00,0.015678960128005404,4.736198448394496,0.0015258250550314045,-2352.0
2019-07-13 03:00:00,0.06511821292378439,4.634728988229636,0.002195294321557739,-2445.4
2019-07-13 04:00:00,0.12784925316736162,4.543294782270004,0.0036564666075360464,-2591.1
2019-07-13 05:00:00,0.1732472533944427,4.406719247264253,0.0058623828087913665,-2498.1
2019-07-13 06:00:00,0.15678107499357274,4.2626798770413155,0.014916998009040228,-2376.3
2019-07-13 07:00:00,0.15239623524787582,4.204692619390966,0.011904742444221128,-2099.8
2019-07-13 08:00:00,0.16063295429087532,4.290459441148391,0.0006544863800090894,-1739.0
2019-07-13 09:00:00,0.14201925142682992,4.430816798843313,-0.008504519877662986,-1447.0
2019-07-13 10:00:00,0.18782947548622042,4.564348191467836,-0.009754043213941799,-1265.7
2019-07-13 11:00:00,0.12067765199619629,4.672828834461906,-0.009004087803591077,-1161.6
2019-07-13 12:00:00,0.15684983983197398,4.7535901911063645,-0.010025344507209155,-1134.4
2019-07-13 13:00:00,0.09248467316059328,4.812184355372417,-0.027459545908762095,-1137.0
2019-07-13 14:00:00,0.07518069150480722,4.852030263919617,-0.014276948699734504,-1202.0
2019-07-13 15:00:00,0.01757608099806296,4.836281906951478,-0.0304142574098325,-1244.7
2019-07-13 16:00:00,0.0486060829391195,4.7535901911063645,-0.015474466826704614,-1275.2
2019-07-13 17:00:00,0.07013803662226659,4.61512051684126,-0.012594238625336374,-1263.2
2019-07-13 18:00:00,0.08077021197676792,4.532599493153256,-0.017359346319928193,-1272.3
2019-07-13 19:00:00,0.08070352497514088,4.406719247264253,-0.01037326387375792,-1393.8
2019-07-13 20:00:00,0.08116551900965163,4.406719247264253,-0.005813634818546021,-1536.6
2019-07-13 21:00:00,0.10041068264086928,4.442651256490317,-0.005770534412157247,-1709.8
2019-07-13 22:00:00,0.10496822028614039,4.564348191467836,-0.00451821739677527,-1733.2
2019-07-13 23:00:00,0.05902853801921104,4.663439094112067,-0.003520028468283698,-1845.9
2019-07-14 00:00:00,0.05472380867052351,4.553876891600541,0.0026272255255985755,-2057.8
2019-07-14 01:00:00,0.09800363135789913,4.584967478670572,0.005324036259658271,-2232.5
2019-07-14 02:00:00,0.12369520452585459,4.574710978503383,0.003417225866639839,-2248.1
2019-07-14 03:00:00,0.16948463718718498,4.574710978503383,0.009533728361558858,-2242.0
2019-07-14 04:00:00,0.21637672977992617,4.59511985013459,0.007168240347878552,-2411.9
2019-07-14 05:00:00,0.2826725551769953,4.499809670330265,0.008460695649551653,-2455.1
2019-07-14 06:00:00,0.3068256248928263,4.31748811353631,0.01400291330205583,-2348.5
2019-07-14 07:00:00,0.27403217935877455,4.23410650459726,0.009367015422524716,-2167.1
2019-07-14 08:00:00,0.23461344931578765,4.30406509320417,-0.009474572271093606,-1920.6
2019-07-14 09:00:00,0.19032689596277663,4.465908118654584,-0.022220135811735986,-1620.0
2019-07-14 10:00:00,0.17987801689909944,4.653960350157523,-0.028443474112357592,-1372.5
2019-07-14 11:00:00,0.18591166378095147,4.836281906951478,-0.02505103489115612,-1286.5
2019-07-14 12:00:00,0.1874368469243337,5.0106352940962555,-0.025344539769710295,-1369.9
2019-07-14 13:00:00,0.1816764612305075,5.147494476813453,-0.044336216778548376,-1420.9
2019-07-14 14:00:00,0.18333704995856515,5.236441962829949,-0.025508701856116645,-1431.6
2019-07-14 15:00:00,0.20367760175983207,5.2574953720277815,-0.030588731312244377,-1483.0
2019-07-14 16:00:00,0.2072420752300035,5.25227342804663,-0.02710715841362088,-1470.9
2019-07-14 17:00:00,0.14597411469774046,5.159055299214529,-0.027805292470974408,-1456.6
2019-07-14 18:00:00,0.12007053916088584,5.056245805348308,-0.024875268345539325,-1282.7
2019-07-14 19:00:00,0.11779343937266162,4.882801922586371,-0.0227698563579235,-1301.9
2019-07-14 20:00:00,0.11626772354396575,4.897839799950911,-0.01911784759609425,-1327.7
2019-07-14 21:00:00,0.09918199776479897,5.049856007249537,-0.023123989374710163,-1466.9
2019-07-14 22:00:00,0.10341090603460357,5.214935757608986,-0.022821001171543287,-1582.7
2019-07-14 23:00:00,0.1053080416044021,5.327876168789581,-0.019942819440510462,-1781.4
2019-07-15 00:00:00,0.13332107834463525,5.3706380281276624,-0.05328325446429716,-2093.0
2019-07-15 01:00:00,0.19924834706428207,5.521460917862246,-0.059933558386751073,-2260.7
2019-07-15 02:00:00,0.2186526400952924,5.655991810819852,-0.06136497023419807,-2348.9
2019-07-15 03:00:00,0.16983338922322622,5.765191102784844,-0.06497495808114451,-2435.6
2019-07-15 04:00:00,0.07180919358436544,5.831882477283517,-0.06922063828683278,-2517.0
2019-07-15 05:00:00,0.06630863765663753,5.777652323222656,-0.0669630692664196,-2357.2
2019-07-15 06:00:00,0.057225780191865194,5.602118820879701,-0.0607774421140963,-1727.0
2019-07-15 07:00:00,0.04630094093590564,5.4638318050256105,-0.04923564695616456,-1174.2
2019-07-15 08:00:00,0.02949526972569494,5.365976015021851,-0.03705291978118197,-762.0
2019-07-15 09:00:00,0.019666409414913044,5.393627546352362,-0.02998051155149284,-486.8
2019-07-15 10:00:00,-0.038490735325418246,5.4638318050256105,-0.03878411135390358,-321.3
2019-07-15 11:00:00,0.028709284459184747,5.594711379601839,-0.01910130926746234,-292.8
2019-07-15 12:00:00,0.06568566331996539,5.808142489980444,-0.029329046348021137,-351.7
2019-07-15 13:00:00,0.0509517828483963,5.983936280687191,-0.018829415643979885,-446.6
2019-07-15 14:00:00,0.013399292346315317,6.115892125483034,-0.010079933394107954,-555.7
2019-07-15 15:00:00,0.019719315198363674,6.218600119691729,-0.008117081510468083,-661.7
2019-07-15 16:00:00,-0.0023036338499951015,6.320768294250582,-0.01008403351368159,-779.6
2019-07-15 17:00:00,0.0040279541071779335,6.309918278226516,-0.009552053000629002,-821.8
2019-07-15 18:00:00,0.013373399814505582,6.18826412308259,-0.012288346141151152,-977.9
2019-07-15 19:00:00,0.03990118428337608,5.950642552587727,-0.01032737354907809,-1048.9
2019-07-15 20:00:00,0.03430417048281331,5.8888779583328805,-0.01240592903907256,-1182.0
2019-07-15 21:00:00,0.038256962791022975,5.924255797414532,-0.019911923624379213,-1352.7
2019-07-15 22:00:00,0.04110275397179963,6.008813185442595,-0.01660893354146964,-1490.9
2019-07-15 23:00:00,0.021253081315116162,6.100318952020064,-0.017355700697700982,-1740.9
2019-07-16 00:00:00,0.0597220497467541,6.3818160174060985,-0.02102407861127098,-2127.6
2019-07-16 01:00:00,0.050890855638561217,6.513230110912307,-0.0267999348977348,-2397.4
2019-07-16 02:00:00,0.02160777756874044,6.626717749249025,-0.027211369102063898,-2551.3
2019-07-16 03:00:00,0.014758169212710115,6.716594773520978,-0.02918630472557915,-2677.7
2019-07-16 04:00:00,0.007984687503210797,6.796823718274855,-0.0336616583378504,-2867.8
2019-07-16 05:00:00,0.012870241176594632,6.849066282633458,-0.03231318887542578,-2804.1
2019-07-16 06:00:00,0.020222854112820876,6.893656354602635,-0.030203422567666394,-2518.4
2019-07-16 07:00:00,0.0013975094976172997,6.96979066990159,-0.02175975002147723,-1938.9
2019-07-16 08:00:00,-0.0006786886415239834,7.049254841255837,-0.00892694690716489,-1629.2
2019-07-16 09:00:00,0.014216740623054225,7.134890851565884,0.0017246786544564685,-1554.2
2019-07-16 10:00:00,-0.0246098111878732,7.206377291472252,-0.0049339350768988766,-1469.3
2019-07-16 11:00:00,0.0036448417844043846,7.247792581767846,0.009977818488362544,-1464.0
2019-07-16 12:00:00,0.009778874987529385,7.253470382684528,0.022957813122699733,-1496.8
2019-07-16 13:00:00,0.0304776011321386,7.242797922793756,-0.00034254712681835997,-1526.2
2019-07-16 14:00:00,0.03226842271702157,7.215975002651466,0.013003145687841666,-1533.9
2019-07-16 15:00:00,0.019948274560283252,7.179307969504034,0.016800773161854465,-1542.4
2019-07-16 16:00:00,0.033703545294377246,7.140453043101158,0.01064364279531027,-1623.9
2019-07-16 17:00:00,0.0478241637647252,7.069874128458572,0.01272219593336743,-1572.1
2019-07-16 18:00:00,0.037176078764153075,6.959398512133975,0.012161646657538938,-1445.0
2019-07-16 19:00:00,0.03689992801425257,6.661854740545311,0.012605278233539963,-1474.3
2019-07-16 20:00:00,0.059028888401145174,6.532334292222349,0.010610958216288324,-1489.2
2019-07-16 21:00:00,0.06692834385005098,6.419994928147142,0.004612858101593176,-1601.0
2019-07-16 22:00:00,0.09756472813148909,6.320768294250582,0.007218281179786956,-1669.2
2019-07-16 23:00:00,0.19155236685258314,6.2324480165505225,0.007913995614604374,-1912.0
2019-07-17 00:00:00,0.2171514119786666,6.20050917404269,-0.016943518651888922,-2307.9
2019-07-17 01:00:00,0.17377146743655558,6.148468295917647,-0.018060018641648412,-2444.3
2019-07-17 02:00:00,0.1991978090831621,6.1092475827643655,-0.01744282533558028,-2541.1
2019-07-17 03:00:00,0.1643554273173904,6.068425588244111,-0.01771403271625971,-2574.5
2019-07-17 04:00:00,0.14416255869662997,5.978885764901122,-0.02058339401409448,-2664.2
2019-07-17 05:00:00,0.08185132314258547,5.805134968916488,-0.021145078957957253,-2442.0
2019-07-17 06:00:00,0.049306381607579386,5.552959584921617,-0.02424075858806951,-1898.6
2019-07-17 07:00:00,0.012855300602192976,5.318119993844216,-0.027268897470774434,-1224.9
2019-07-17 08:00:00,-0.00812875689188397,5.187385805840755,-0.015488440848042018,-833.4
2019-07-17 09:00:00,0.0054796678667403675,5.198497031265826,-0.009739430401653593,-679.1
2019-07-17 10:00:00,-0.00025892145811656775,5.214935757608986,-0.005030031163775206,-512.1
2019-07-17 11:00:00,0.01451539495156462,5.231108616854587,-0.006415335192379246,-462.8
2019-07-17 12:00:00,-0.005677543071112012,5.236441962829949,-0.011255347599401944,-444.6
2019-07-17 13:00:00,0.026903007710490368,5.267858159063328,-0.015760231260944835,-499.1
2019-07-17 14:00:00,0.03820965583200131,5.272999558563747,-0.01099903401917146,-593.7
2019-07-17 15:00:00,0.05519972181752353,5.231108616854587,-0.00029930543873746274,-671.0
2019-07-17 16:00:00,0.051449040902712184,5.209486152841421,-0.014248575002621777,-769.9
2019-07-17 17:00:00,0.045841435922243434,5.111987788356544,-0.015089228447102698,-756.3
2019-07-17 18:00:00,0.028983998636793906,4.962844630259907,-0.019221438020059267,-785.6
2019-07-17 19:00:00,0.036395506935988475,4.727387818712341,-0.02036217226538284,-929.1
2019-07-17 20:00:00,0.030748257880814922,4.663439094112067,-0.025320106768601747,-1127.8
2019-07-17 21:00:00,0.05793089622785219,4.8283137373023015,-0.024806180216176088,-1348.2
2019-07-17 22:00:00,0.06075377220441469,5.0689042022202315,-0.021683900518313592,-1539.5
2019-07-17 23:00:00,0.12408790549023996,5.198497031265826,-0.020427992607974232,-1830.7
2019-07-18 00:00:00,0.13952919099761152,5.2574953720277815,-0.05375022057317125,-2105.3
2019-07-18 01:00:00,0.11278188602206507,5.247024072160486,-0.05543872445417897,-2321.5
2019-07-18 02:00:00,0.10457878588656166,5.198497031265826,-0.05649278323491025,-2303.0
2019-07-18 03:00:00,0.11094337767651563,5.123963979403259,-0.059537674962099274,-2305.9
2019-07-18 04:00:00,0.1674320798689144,5.0238805208462765,-0.057988618957992344,-2346.0
2019-07-18 05:00:00,0.12666835703647372,4.8283137373023015,-0.06019204870549366,-2144.1
2019-07-18 06:00:00,0.0886414245069127,4.605170185988092,-0.06302863658711821,-1593.0
2019-07-18 07:00:00,0.0563814384870609,4.48863636973214,-0.06147348193807822,-935.6
2019-07-18 08:00:00,0.047713091079021996,4.5217885770490405,-0.05314400813909792,-520.9
2019-07-18 09:00:00,0.06558100185076299,4.727387818712341,-0.04733743824217562,-305.4
2019-07-18 10:00:00,0.1104356942545115,4.912654885736052,-0.03590603713275087,-111.2
2019-07-18 11:00:00,0.08760118596375843,5.0689042022202315,-0.04379406568635247,10.4
2019-07-18 12:00:00,0.15540337641661672,5.1647859739235145,-0.048420916553927995,109.5
2019-07-18 13:00:00,0.1371993306680439,5.220355825078324,-0.042128359703296425,57.2
2019-07-18 14:00:00,0.13502981766118527,5.247024072160486,-0.04982295059923558,31.3
2019-07-18 15:00:00,0.04851589230783793,5.241747015059643,-0.06506713260373154,-48.5
2019-07-18 16:00:00,0.09010556208437581,5.204006687076795,-0.05823947576316435,-136.6
2019-07-18 17:00:00,0.07025722425218106,5.111987788356544,-0.061708118934019396,-180.4
2019-07-18 18:00:00,0.04276365095181767,5.030437921392435,-0.06703003997629331,-277.6
2019-07-18 19:00:00,0.0512784831576365,4.941642422609304,-0.069114443759144,-389.7
2019-07-18 20:00:00,0.07817573253959154,4.976733742420574,-0.07386862283040685,-506.9
2019-07-18 21:00:00,0.0798354136952435,5.111987788356544,-0.0743761935157714,-699.3
2019-07-18 22:00:00,0.07338583000438348,5.278114659230517,-0.0739042124767515,-845.5
2019-07-18 23:00:00,0.0887231560182773,5.3471075307174685,-0.07641573285984826,-1128.9
2019-07-19 00:00:00,0.10715259975179148,5.181783550292085,-0.0646841115587975,-2128.9
2019-07-19 01:00:00,0.10481727359158866,5.135798437050262,-0.06331670673836243,-2313.1
2019-07-19 02:00:00,0.12471185795672435,5.081404364984463,-0.061622493094544595,-2380.7
2019-07-19 03:00:00,0.08862471897405877,5.043425116919247,-0.061938043403261034,-2418.6
2019-07-19 04:00:00,0.07954182805232657,5.030437921392435,-0.0604718318115971,-2528.9
2019-07-19 05:00:00,0.0419954715453672,4.948759890378168,-0.06738584114959068,-2411.1
2019-07-19 06:00:00,0.0263531981482803,4.836281906951478,-0.07977155501921018,-2042.0
2019-07-19 07:00:00,0.01892669504129385,4.787491742782046,-0.08480067739675512,-1498.8
2019-07-19 08:00:00,0.02201006235689773,4.74493212836325,-0.08224642322861797,-1120.3
2019-07-19 09:00:00,0.031188893656325156,4.897839799950911,-0.07756247028675034,-875.8
2019-07-19 10:00:00,0.13942823744252353,5.093750200806762,-0.07044642421355185,-741.9
2019-07-19 11:00:00,0.04329738644846293,5.25227342804663,-0.07823389485233889,-743.6
2019-07-19 12:00:00,0.07267199014756542,5.351858133476067,-0.06555882477038644,-789.0
2019-07-19 13:00:00,0.05197781247765976,5.402677381872279,-0.07774046273961055,-801.8
2019-07-19 14:00:00,0.057056764632636536,5.420534999272286,-0.06910944902489113,-888.0
2019-07-19 15:00:00,0.053323247772544935,5.365976015021851,-0.06817517290536301,-986.4
2019-07-19 16:00:00,0.07382684653644622,5.278114659230517,-0.07178888979709264,-1075.0
2019-07-19 17:00:00,0.08410885798281331,5.14166355650266,-0.07448204498711597,-1131.1
2019-07-19 18:00:00,0.08143948546541058,4.955827057601261,-0.08117484016519505,-1229.0
2019-07-19 19:00:00,0.08539602588940465,4.663439094112067,-0.07586470124757838,-1388.1
2019-07-19 20:00:00,0.07697100063915308,4.553876891600541,-0.07803834463759962,-1525.2
2019-07-19 21:00:00,0.07951921841259058,4.584967478670572,-0.07699163558263677,-1672.4
2019-07-19 22:00:00,0.06802935024852808,4.61512051684126,-0.07823913771278335,-1727.8
2019-07-19 23:00:00,0.03055227176425257,4.61512051684126,-0.07581188195229771,-1932.4
2019-07-20 00:00:00,0.015070270427760768,5.017279836814924,-0.051167365689810396,-2065.5
2019-07-20 01:00:00,0.01835131929816436,5.043425116919247,-0.0454379650297394,-2236.4
2019-07-20 02:00:00,0.02468434231280492,5.0106352940962555,-0.041677437953866914,-2296.6
2019-07-20 03:00:00,0.0508979816646864,4.948759890378168,-0.03839975335486301,-2341.7
2019-07-20 04:00:00,0.07761880512386732,4.882801922586371,-0.0322032625435309,-2496.7
2019-07-20 05:00:00,0.1349085041378144,4.718498871295094,-0.033487524479255626,-2531.4
2019-07-20 06:00:00,0.1266676415675385,4.499809670330265,-0.03090286694685851,-2425.8
2019-07-20 07:00:00,0.1336318877793894,4.382026634673881,-0.04173434613333171,-2158.3
2019-07-20 08:00:00,0.14874413552293309,4.477336814478207,-0.05971194241726785,-1872.5
2019-07-20 09:00:00,0.10024119234285411,4.727387818712341,-0.07305234295143137,-1530.9
2019-07-20 10:00:00,0.12574426495526714,5.049856007249537,-0.07719532400947493,-1333.1
2019-07-20 11:00:00,0.06899565227015891,5.313205979041787,-0.07729235169923854,-1362.5
2019-07-20 12:00:00,0.1147033193152951,5.5053315359323625,-0.07755687674643852,-1369.6
2019-07-20 13:00:00,0.07068004319374044,5.631211781821365,-0.0921876071413994,-1514.6
2019-07-20 14:00:00,0.06428296392405963,5.700443573390687,-0.0772263848704533,-1598.6
2019-07-20 15:00:00,0.006539082523541406,5.768320995793772,-0.09493434723629157,-1719.4
2019-07-20 16:00:00,0.03554159170623494,5.820082930352362,-0.07846595365340647,-1725.5
2019-07-20 17:00:00,0.07126226383454748,5.777652323222656,-0.07707749740484715,-1671.8
2019-07-20 18:00:00,0.09166356588465163,5.666426688112432,-0.0769221104821689,-1590.0
2019-07-20 19:00:00,0.09276963195052401,5.480638923341991,-0.07032720669083936,-1585.8
2019-07-20 20:00:00,0.0975527225219297,5.545177444479562,-0.06533386454438705,-1646.5
2019-07-20 21:00:00,0.11764320385187998,5.730099782973574,-0.06293754947778041,-1738.0
2019-07-20 22:00:00,0.12278073431038905,5.926926025970411,-0.06492250209653072,-1756.4
2019-07-20 23:00:00,0.06818808481572924,6.063785208687608,-0.06466357451927429,-1915.2
2019-07-21 00:00:00,0.04067863396747606,6.536691597591305,-0.026546184954137075,-2565.0
2019-07-21 01:00:00,0.05216288051294349,6.57507584059962,-0.022725979618119396,-2723.4
2019-07-21 02:00:00,0.0932814113330318,6.60934924316738,-0.02442290858009244,-2752.9
2019-07-21 03:00:00,0.09257097425945826,6.638567789166521,-0.01856518286080089,-2752.9
2019-07-21 04:00:00,0.14719026619092768,6.650279048587422,-0.01814956763641007,-2778.1
2019-07-21 05:00:00,0.23169626824177447,6.601230118728877,-0.01936289879932751,-2768.6
2019-07-21 06:00:00,0.29135373042477886,6.483107351457199,-0.01397335434223912,-2554.5
2019-07-21 07:00:00,0.28462034523931923,6.371611847231857,-0.016707699372217277,-2256.2
2019-07-21 08:00:00,0.21991749648933157,6.284134161070802,-0.035835502041503986,-1898.7
2019-07-21 09:00:00,0.17614226097082009,6.238324625039508,-0.04778779899488228,-1500.3
2019-07-21 10:00:00,0.1544506258781544,6.218600119691729,-0.05830929759241954,-1178.8
2019-07-21 11:00:00,0.1428247622421086,6.206575926724928,-0.05569723417089456,-1147.8
2019-07-21 12:00:00,0.1375985913943958,6.198478716492308,-0.05656426572298656,-1084.9
2019-07-21 13:00:00,0.1366709887894908,6.186208623900494,-0.0747669459992899,-1104.8
2019-07-21 14:00:00,0.12870405781039684,6.150602768446279,-0.05652331063252447,-1157.6
2019-07-21 15:00:00,0.13923406993603438,6.09807428216624,-0.0569957171828257,-1181.2
2019-07-21 16:00:00,0.16471940002773122,6.056784013228625,-0.051764777215387525,-1144.8
2019-07-21 17:00:00,0.10438866133014457,6.030685260261263,-0.05112423082234585,-1061.2
2019-07-21 18:00:00,0.08237086736896604,6.008813185442595,-0.044891333052008875,-1003.9
2019-07-21 19:00:00,0.10729189891396773,5.910796644040527,-0.03975868194439336,-1046.0
2019-07-21 20:00:00,0.10672295870479154,5.934894195619588,-0.03376647759329998,-1127.5
2019-07-21 21:00:00,0.1059212664027025,6.013715156042802,-0.030792405741649986,-1268.4
2019-07-21 22:00:00,0.10522226634355203,6.1224928095143865,-0.03118679444012251,-1348.0
2019-07-21 23:00:00,0.1261999822172668,6.220590170099739,-0.02848988001896835,-1622.1
2019-07-22 00:00:00,0.14675491820169073,6.246106765481563,-0.04228880256877687,-1885.3
2019-07-22 01:00:00,0.15823269428190345,6.304448802421981,-0.04425350402017969,-2077.5
2019-07-22 02:00:00,0.15581363418271899,6.354370040797351,-0.04396441295007847,-2196.3
2019-07-22 03:00:00,0.14273458487029744,6.406879986069314,-0.04554694415291749,-2261.6
2019-07-22 04:00:00,0.0495185036859942,6.455198563340122,-0.04708589402647867,-2386.7
2019-07-22 05:00:00,0.04823090623668014,6.472346294500901,-0.05157815042694125,-2257.5
2019-07-22 06:00:00,0.0023960731812548985,6.47543271670409,-0.06002403290193392,-1823.5
2019-07-22 07:00:00,0.002114959097533564,6.499787040655854,-0.060605558288356676,-1252.4
2019-07-22 08:00:00,-0.0014122677373817893,6.530877627725885,-0.05063611814984803,-833.8
2019-07-22 09:00:00,0.000182743336782476,6.580639137284949,-0.04508486943726453,-624.1
2019-07-22 10:00:00,-0.0620516957428614,6.633318433280377,-0.05510512646362464,-490.1
2019-07-22 11:00:00,0.0004800371912812018,6.675823221634848,-0.037439522615683174,-464.6
2019-07-22 12:00:00,0.030209851354006112,6.699500340161678,-0.04965905759664224,-490.1
2019-07-22 13:00:00,0.007455274832326442,6.704414354964107,-0.04026901721555198,-528.9
2019-07-22 14:00:00,-0.006303155417513473,6.693323668269949,-0.033232170065232935,-572.9
2019-07-22 15:00:00,0.00961015754548633,6.666956792429207,-0.03386023976487351,-597.9
2019-07-22 16:00:00,0.008640022680512338,6.625392368007956,-0.03646431305564768,-666.9
2019-07-22 17:00:00,0.0061437972662701235,6.55250788703459,-0.03708913408032899,-619.4
2019-07-22 18:00:00,0.004046907340410577,6.440946540632921,-0.04127588301440355,-683.4
2019-07-22 19:00:00,0.031602381468680996,6.198478716492308,-0.03969618503165506,-738.4
2019-07-22 20:00:00,0.03169728683755757,6.102558594613569,-0.040225594785582075,-829.0
2019-07-22 21:00:00,0.037208194996938726,6.082218910376446,-0.040531210827115416,-1010.3
2019-07-22 22:00:00,0.03743013704206977,6.093569770045136,-0.03716563451031085,-1122.6
2019-07-22 23:00:00,0.042507866583439746,6.093569770045136,-0.03900880272392371,-1459.2
2019-07-23 00:00:00,0.09021384768354945,6.111467339502679,-0.04594604023364823,-1628.6
2019-07-23 01:00:00,0.08637189632906939,6.12029741895095,-0.05196353524519459,-1858.2
2019-07-23 02:00:00,0.07863894470897881,6.089044875446846,-0.05296246606592803,-1903.9
2019-07-23 03:00:00,0.08949823932051792,5.988961416889864,-0.051610987183051904,-1954.8
2019-07-23 04:00:00,0.09991402492449897,5.87493073085203,-0.054947972818393254,-2035.1
2019-07-23 05:00:00,0.06625982589927748,5.662960480135946,-0.059685376751343,-1907.4
2019-07-23 06:00:00,0.00803081334745892,5.3706380281276624,-0.06306573279600336,-1404.4
2019-07-23 07:00:00,-0.0052084069808371325,5.14166355650266,-0.058552531402124686,-758.7
2019-07-23 08:00:00,-0.0033102691075796997,4.990432586778736,-0.04703036340979416,-318.1
2019-07-23 09:00:00,0.011592755910972308,4.941642422609304,-0.036311901737608565,-80.0
2019-07-23 10:00:00,-0.025133234387470615,4.927253685157205,-0.04459919146933089,90.2
2019-07-23 11:00:00,0.003906587630683411,4.976733742420574,-0.033384962745452995,145.6
2019-07-23 12:00:00,0.008731205955085475,5.056245805348308,-0.019591822401457293,82.1
2019-07-23 13:00:00,0.025487439759139807,5.1298987149230735,-0.04496705607760454,26.2
2019-07-23 14:00:00,0.02543887161136027,5.153291594497779,-0.0332739451310875,-60.2
2019-07-23 15:00:00,0.016787049588380842,5.117993812416755,-0.02949659226672452,-113.8
2019-07-23 16:00:00,0.02922454953089071,5.0238805208462765,-0.036995984824425676,-195.9
2019-07-23 17:00:00,0.03494788548096661,4.897839799950911,-0.03707809934189221,-233.1
2019-07-23 18:00:00,0.0277691633030126,4.770684624465665,-0.04037117940936774,-314.5
2019-07-23 19:00:00,0.025910806438657286,4.499809670330265,-0.041941043978777515,-404.6
2019-07-23 20:00:00,0.041259933825807504,4.499809670330265,-0.04503115510569522,-547.3
2019-07-23 21:00:00,0.04139947634619334,4.634728988229636,-0.04822055671975356,-735.5
2019-07-23 22:00:00,0.07146721362093666,4.836281906951478,-0.04914236636336433,-868.9
2019-07-23 23:00:00,0.16582240977084872,4.919980925828125,-0.055039813003022076,-1193.8
2019-07-24 00:00:00,0.2529011943925874,4.248495242049359,-0.0743496411876805,-1301.4
2019-07-24 01:00:00,0.2178564510105443,4.189654742026425,-0.07414948529269161,-1505.4
2019-07-24 02:00:00,0.22020698517250548,4.127134385045092,-0.072773670214211,-1561.1
2019-07-24 03:00:00,0.18716203767227313,4.02535169073515,-0.06920925891885332,-1591.4
2019-07-24 04:00:00,0.15316447280764933,3.8918202981106265,-0.07047734688761409,-1689.0
2019-07-24 05:00:00,0.09150063520056628,3.713572066704308,-0.07738609979749178,-1574.3
2019-07-24 06:00:00,0.04149587587734116,3.6888794541139363,-0.09133638662823351,-1152.4
2019-07-24 07:00:00,0.00921041242218612,3.7376696182833684,-0.09905881813658901,-603.2
2019-07-24 08:00:00,-0.010185312886643594,3.970291913552122,-0.09055535710864326,-217.7
2019-07-24 09:00:00,0.003437287784821219,4.23410650459726,-0.08509607543320818,-7.6
2019-07-24 10:00:00,-0.006106147981799648,4.406719247264253,-0.07883449963295419,128.2
2019-07-24 11:00:00,0.009169830485144637,4.532599493153256,-0.07980432666991,181.0
2019-07-24 12:00:00,-0.012298397407069839,4.634728988229636,-0.08507060956516277,170.1
2019-07-24 13:00:00,0.022557952951141935,4.709530201312334,-0.08945750745781922,129.0
2019-07-24 14:00:00,0.03538805590947369,4.7535901911063645,-0.08075519709119483,76.5
2019-07-24 15:00:00,0.05237739794280438,4.736198448394496,-0.07257269798666144,21.2
2019-07-24 16:00:00,0.04887569928706492,4.709530201312334,-0.08557382411814807,-65.9
2019-07-24 17:00:00,0.044040792348905455,4.624972813284271,-0.0847990603980513,-12.2
2019-07-24 18:00:00,0.0437990844219347,4.51085950651685,-0.08689487403389151,-159.9
2019-07-24 19:00:00,0.04764882262271586,4.430816798843313,-0.08578414143163826,-231.7
2019-07-24 20:00:00,0.04100212880424037,4.564348191467836,-0.08834678122179973,-426.0
2019-07-24 21:00:00,0.05767432149905538,4.820281565605037,-0.08118811429382156,-592.8
2019-07-24 22:00:00,0.04862302595181767,5.081404364984463,-0.0790593989135484,-721.7
2019-07-24 23:00:00,0.11253302022087608,5.236441962829949,-0.08104362683178046,-1024.0
2019-07-25 00:00:00,0.1868841635415741,5.170483995038151,-0.08612686239347056,-1280.8
2019-07-25 01:00:00,0.17849068230782672,5.236441962829949,-0.08609372866903797,-1620.8
2019-07-25 02:00:00,0.15006466283066944,5.262690188904886,-0.0866306744421852,-1717.4
2019-07-25 03:00:00,0.1394383130354777,5.262690188904886,-0.08575925679889629,-1884.2
2019-07-25 04:00:00,0.19349647491859923,5.236441962829949,-0.08166851745182413,-2058.2
2019-07-25 05:00:00,0.15885745038420085,5.0689042022202315,-0.08897582967760975,-2026.4
2019-07-25 06:00:00,0.09176968566072308,4.74493212836325,-0.0990300840396845,-1614.5
2019-07-25 07:00:00,0.06723425818786843,4.442651256490317,-0.09992911940108229,-1012.6
2019-07-25 08:00:00,0.057927684488740194,4.3694478524670215,-0.09288260495446998,-560.6
2019-07-25 09:00:00,0.07819150944269282,4.51085950651685,-0.08764196832656346,-359.4
2019-07-25 10:00:00,0.12099651657225374,4.653960350157523,-0.07599828216793192,-196.6
2019-07-25 11:00:00,0.10019581088415874,4.77912349311153,-0.08318430525588916,-151.2
2019-07-25 12:00:00,0.17464447634363767,4.875197323201151,-0.08406384309662407,-182.1
2019-07-25 13:00:00,0.15908872589572187,4.948759890378168,-0.07697942877900665,-250.3
2019-07-25 14:00:00,0.15215921513856312,4.983606621708336,-0.08334143389252624,-289.6
2019-07-25 15:00:00,0.06133000921491849,4.969813299576001,-0.09438953546932005,-377.2
2019-07-25 16:00:00,0.11122947994802379,4.90527477843843,-0.08511795132309707,-457.2
2019-07-25 17:00:00,0.08362159689648996,4.795790545596741,-0.0849302820035529,-465.3
2019-07-25 18:00:00,0.08794900232825587,4.634728988229636,-0.08870107833249996,-558.0
2019-07-25 19:00:00,0.08843288394198234,4.477336814478207,-0.08871893832180966,-672.7
2019-07-25 20:00:00,0.11219000765709941,4.454347296253507,-0.09095118530222734,-775.9
2019-07-25 21:00:00,0.10630490199109843,4.5217885770490405,-0.0837726180046161,-924.6
2019-07-25 22:00:00,0.09116751228056197,4.6913478822291435,-0.0839898055315409,-1046.2
2019-07-25 23:00:00,0.10695449934396528,4.7535901911063645,-0.087997979547497,-1368.4
2019-07-26 00:00:00,0.12780422900404576,4.30406509320417,-0.07913358773395451,-1920.8
2019-07-26 01:00:00,0.12273458671059423,4.110873864173311,-0.08074634187364538,-2148.0
2019-07-26 02:00:00,0.12983385324947871,3.970291913552122,-0.08102075321982838,-2229.5
2019-07-26 03:00:00,0.08616670872378984,3.9512437185814275,-0.07980486466889225,-2268.5
2019-07-26 04:00:00,0.07105443966295999,4.04305126783455,-0.07805431974746568,-2363.9
2019-07-26 05:00:00,0.06725332569409215,4.110873864173311,-0.08609386975945732,-2335.1
2019-07-26 06:00:00,0.033935925028331315,4.174387269895637,-0.0943794293857998,-1940.5
2019-07-26 07:00:00,0.038940358500075156,4.30406509320417,-0.09284872648427545,-1427.0
2019-07-26 08:00:00,0.05959597701356767,4.477336814478207,-0.08625123434813098,-1053.5
2019-07-26 09:00:00,0.06384589009980202,4.6913478822291435,-0.07976013130958037,-818.8
2019-07-26 10:00:00,0.17194528001311316,4.9344739331306915,-0.06904968727135063,-658.3
2019-07-26 11:00:00,0.08076063863019733,5.135798437050262,-0.07595136786592072,-596.5
2019-07-26 12:00:00,0.09411232138543468,5.303304908059076,-0.06415960047544544,-651.1
2019-07-26 13:00:00,0.07084873566069483,5.4510384535657,-0.07606682218158234,-751.7
2019-07-26 14:00:00,0.0703157655822042,5.575949103146316,-0.06897867023702453,-897.7
2019-07-26 15:00:00,0.06888776431365651,5.676753802268282,-0.0660443956975314,-1027.1
2019-07-26 16:00:00,0.1029563710121777,5.755742213586912,-0.06921941106918439,-1147.5
2019-07-26 17:00:00,0.11814925274867072,5.831882477283517,-0.07053780321952985,-1220.3
2019-07-26 18:00:00,0.13342228701277437,5.8888779583328805,-0.07853979252718979,-1342.7
2019-07-26 19:00:00,0.12287651237410291,5.857933154483459,-0.07572193588221232,-1453.1
2019-07-26 20:00:00,0.10871157148247379,6.003887067106539,-0.07848144338201735,-1705.1
2019-07-26 21:00:00,0.10392633876482549,6.173786103901937,-0.0738172696792212,-1954.5
2019-07-26 22:00:00,0.09040394957584086,6.300785794663244,-0.0793159780598991,-2068.5
2019-07-26 23:00:00,0.036777972806705694,6.331501849893691,-0.08493121560882422,-2374.1
2019-07-27 00:00:00,0.006392319082913378,6.285998094508865,-0.06652463532728348,-2415.9
2019-07-27 01:00:00,0.005400166951086582,6.220590170099739,-0.06602940987589534,-2597.9
2019-07-27 02:00:00,0.030102941319939625,6.171700597410915,-0.06452085289117981,-2639.5
2019-07-27 03:00:00,0.06290091711513712,6.139884552226255,-0.06117740505468028,-2671.5
2019-07-27 04:00:00,0.09892683847963246,6.142037405587356,-0.05528667384041874,-2831.6
2019-07-27 05:00:00,0.17098224676359042,6.137727054086234,-0.061456360835101975,-2843.5
2019-07-27 06:00:00,0.1360520414491786,6.100318952020064,-0.0591528375010828,-2775.7
2019-07-27 07:00:00,0.13780145601611427,6.061456918928017,-0.06371694119454752,-2483.4
2019-07-27 08:00:00,0.1657233872521937,6.152732694704104,-0.07296552865886419,-2115.7
2019-07-27 09:00:00,0.16367516347220912,6.349138991379798,-0.07872399994610468,-1831.7
2019-07-27 10:00:00,0.18366930307955398,6.54534966033442,-0.07791781519038565,-1702.0
2019-07-27 11:00:00,0.11803703783968666,6.687108607866515,-0.07829228035908287,-1768.4
2019-07-27 12:00:00,0.16253551915297848,6.762729506931879,-0.07798646077251803,-1852.0
2019-07-27 13:00:00,0.12364671483197398,6.805722553416985,-0.09161007319522874,-1960.9
2019-07-27 14:00:00,0.12198589179869845,6.827629234502852,-0.0785413094517633,-2058.9
2019-07-27 15:00:00,0.07182571744578725,6.8308742346461795,-0.09581943358998402,-2110.9
2019-07-27 16:00:00,0.10332586248855202,6.825460036255307,-0.07742976082884567,-2106.8
2019-07-27 17:00:00,0.10414269509324559,6.799055862058796,-0.07472247718188285,-2016.9
2019-07-27 18:00:00,0.12809892173920323,6.74993119378857,-0.07234814455869731,-1964.0
2019-07-27 19:00:00,0.12991750775655353,6.598509028614515,-0.06434632761842352,-1917.8
2019-07-27 20:00:00,0.10762703890324321,6.56244409369372,-0.05743228871230244,-2028.0
2019-07-27 21:00:00,0.0831523444115887,6.586171654854675,-0.047726378105659606,-2149.0
2019-07-27 22:00:00,0.0752940680444012,6.62273632394984,-0.05483003229921657,-2231.5
2019-07-27 23:00:00,0.005667727834395286,6.646390514847729,-0.07094025079497612,-2497.6
2019-07-28 00:00:00,0.02355981363569537,6.656726524178391,-0.02475858392558017,-2621.4
2019-07-28 01:00:00,0.019363098472946483,6.639875833826536,-0.022725979618119396,-2789.1
2019-07-28 02:00:00,-0.03236625709832319,6.62273632394984,-0.024763102493901457,-2756.9
2019-07-28 03:00:00,-0.049448070539451106,6.626717749249025,-0.016322449237234693,-2766.3
2019-07-28 04:00:00,0.013059422276926025,6.634633357861686,-0.014266753015904854,-2863.1
2019-07-28 05:00:00,0.0685245667713632,6.6052979209482015,-0.015619912520493884,-2903.7
2019-07-28 06:00:00,0.18248883070500277,6.522092798170152,-0.01572620316965434,-2770.3
2019-07-28 07:00:00,0.26333070340575837,6.423246963533519,-0.021599334326454667,-2479.1
2019-07-28 08:00:00,0.21319101372838123,6.411818267709897,-0.03903960603228818,-2051.5
2019-07-28 09:00:00,0.19222109217248784,6.492239835020471,-0.050973239686168625,-1734.4
2019-07-28 10:00:00,0.1833442248755861,6.586171654854675,-0.05889247299894684,-1527.9
2019-07-28 11:00:00,0.17797301399126209,6.688354713946762,-0.05341575592475323,-1471.8
2019-07-28 12:00:00,0.1874368469243337,6.8001700683022,-0.05273202769252627,-1535.0
2019-07-28 13:00:00,0.20574106246902302,6.8966943316227125,-0.07291759630086148,-1630.6
2019-07-28 14:00:00,0.2265092218237741,6.9584483932976555,-0.05452073522432954,-1736.5
2019-07-28 15:00:00,0.2534308108531014,6.97914527506881,-0.05311890853659129,-1820.0
2019-07-28 16:00:00,0.25453417243506005,6.96979066990159,-0.04847035326609017,-1791.6
2019-07-28 17:00:00,0.18010345161847852,6.930494765951626,-0.04573796691436982,-1651.7
2019-07-28 18:00:00,0.13710226227286304,6.870053411798126,-0.03883028130227295,-1543.5
2019-07-28 19:00:00,0.1589809977792762,6.693323668269949,-0.03481481990774249,-1505.3
2019-07-28 20:00:00,0.14386790567422825,6.669498089857879,-0.027055522157519718,-1630.5
2019-07-28 21:00:00,0.1361996257089637,6.703188113240863,-0.019958063575939988,-1673.0
2019-07-28 22:00:00,0.1422729391266504,6.739336627357174,-0.02706853593542391,-1909.5
2019-07-28 23:00:00,0.1428107975721149,6.7357800142423265,-0.035411387309915554,-2121.0
2019-07-29 00:00:00,0.1330505521695784,6.63200177739563,-0.033802641642422415,-1661.3
2019-07-29 01:00:00,0.16022444341097453,6.5638555265321274,-0.0345358948149439,-1712.9
2019-07-29 02:00:00,0.1410988307141836,6.501289670540389,-0.03230926935832912,-1796.5
2019-07-29 03:00:00,0.14710840726799246,6.46302945692067,-0.03230171740289656,-1791.1
2019-07-29 04:00:00,0.0680805215460536,6.439350371100098,-0.03113713384640704,-1825.5
2019-07-29 05:00:00,0.05456788845687344,6.364750756851911,-0.03838969682236382,-1679.3
2019-07-29 06:00:00,0.06758856722741191,6.1903154058531475,-0.051176408266943696,-952.4
2019-07-29 07:00:00,0.07684913505360935,5.968707559985366,-0.05653001943153946,-494.6
2019-07-29 08:00:00,0.07254496011607392,5.777652323222656,-0.05076393817942204,0.1
2019-07-29 09:00:00,0.07812460990150738,5.676753802268282,-0.04830708067728473,241.6
2019-07-29 10:00:00,0.02110982086132651,5.62040086571715,-0.06080798727539438,402.4
2019-07-29 11:00:00,0.08819163302790178,5.58724865840025,-0.04528175379476984,461.1
2019-07-29 12:00:00,0.12634043513263338,5.552959584921617,-0.05798088093413334,496.0
2019-07-29 13:00:00,0.10994611719207015,5.5134287461649825,-0.05067695335602451,517.1
2019-07-29 14:00:00,0.09633788199623394,5.497168225293202,-0.04188601162688066,470.5
2019-07-29 15:00:00,0.10151151982930795,5.5254529391317835,-0.04061660721431082,423.2
2019-07-29 16:00:00,0.08968282228257429,5.568344503761097,-0.04095030188708293,334.4
2019-07-29 17:00:00,0.08413175846623844,5.60947179518496,-0.03983501698385972,319.6
2019-07-29 18:00:00,0.07025958589843695,5.666426688112432,-0.043941704967632944,225.4
2019-07-29 19:00:00,0.09247207129271429,5.6131281063880705,-0.040733395029995734,84.4
2019-07-29 20:00:00,0.09196869013859832,5.733341276897746,-0.03624152577070738,-116.6
2019-07-29 21:00:00,0.09505134578625896,5.8971538676367405,-0.030909888555408216,-302.7
2019-07-29 22:00:00,0.08940650951098439,6.059123195581797,-0.03340910835367161,-491.9
2019-07-29 23:00:00,0.07738160588906462,6.156978985585555,-0.03900880272392371,-835.6
2019-07-30 00:00:00,0.11210112057105004,6.486160788944089,-0.035344132386018856,-1330.4
2019-07-30 01:00:00,0.10665443015701515,6.539585955617669,-0.03874180119802162,-1595.4
2019-07-30 02:00:00,0.11004956533008547,6.591673732008658,-0.03545117660686792,-1703.0
2019-07-30 03:00:00,0.12922434332013566,6.668228248417403,-0.03212556223028962,-1782.5
2019-07-30 04:00:00,0.14933331777149172,6.748759547491679,-0.029854652167394136,-1932.1
2019-07-30 05:00:00,0.0895929069948398,6.827629234502852,-0.037307962813775575,-1912.9
2019-07-30 06:00:00,0.06705415379691981,6.90875477931522,-0.043336545811243354,-1462.4
2019-07-30 07:00:00,0.057223575646677016,6.99117688712121,-0.03700314636167512,-886.5
2019-07-30 08:00:00,0.07057181644025734,7.07326971745971,-0.0242434518654413,-529.2
2019-07-30 09:00:00,0.08746330563375615,7.161622002939187,-0.012835788632690637,-426.2
2019-07-30 10:00:00,0.050954825462313114,7.22402480828583,-0.019742110990943473,-310.9
2019-07-30 11:00:00,0.08336530664519515,7.237778191923443,-0.00924463535867126,-283.9
2019-07-30 12:00:00,0.0819777709657874,7.20414929203594,0.0039581683761191755,-256.0
2019-07-30 13:00:00,0.09342657036881974,7.1592919047975645,-0.024940161926535254,-190.9
2019-07-30 14:00:00,0.07831236121842844,7.103322062526113,-0.015101473203628757,-179.7
2019-07-30 15:00:00,0.06946460971228374,7.045776576879511,-0.014307042069329867,-192.6
2019-07-30 16:00:00,0.07842958104301356,6.97354301952014,-0.024625713276481775,-229.9
2019-07-30 17:00:00,0.1166777740322198,6.884486652042782,-0.024301147009232693,-214.4
2019-07-30 18:00:00,0.1235804228252868,6.762729506931879,-0.02384396287473578,-244.7
2019-07-30 19:00:00,0.1238245634502868,6.517671272912275,-0.024405782914252327,-242.2
2019-07-30 20:00:00,0.12952283421431066,6.419994928147142,-0.02203556008857177,-342.2
2019-07-30 21:00:00,0.10972369865548126,6.393590753950631,-0.016266371915188316,-454.6
2019-07-30 22:00:00,0.1265081041709779,6.405228458030842,-0.018106348063639643,-623.3
2019-07-30 23:00:00,0.19362383315518494,6.428105272684596,-0.023645126672649397,-956.6
2019-07-31 00:00:00,0.19733845938395644,6.4425401664681985,-0.044693431604791556,-1311.6
2019-07-31 01:00:00,0.1631725340880501,6.447305862541213,-0.04595121444304695,-1540.6
2019-07-31 02:00:00,0.15303158789738713,6.4425401664681985,-0.04626787947226596,-1616.2
2019-07-31 03:00:00,0.12328751558057327,6.436150368369428,-0.04214692839660117,-1641.2
2019-07-31 04:00:00,0.10594134587643245,6.436150368369428,-0.04223068076630909,-1719.1
2019-07-31 05:00:00,0.07237257918804207,6.391917113392602,-0.04765573404546508,-1531.8
2019-07-31 06:00:00,0.08896587495896924,6.240275845170769,-0.04928005791113854,-981.7
2019-07-31 07:00:00,0.07506848510376596,6.073044534100405,-0.0435867322924679,-366.8
2019-07-31 08:00:00,0.07676172852860841,5.991464547107982,-0.030628123215368674,18.4
2019-07-31 09:00:00,0.10030284032154313,5.942799375126701,-0.02633583545285667,191.7
2019-07-31 10:00:00,0.24131948901195344,5.869296913133774,-0.01823192861420786,294.7
2019-07-31 11:00:00,0.2671265477756779,5.783825182329737,-0.019311244377638204,394.4
2019-07-31 12:00:00,0.18548803851929563,5.71042701737487,-0.021922115403597786,436.9
2019-07-31 13:00:00,0.18291008992728264,5.634789603169249,-0.01994823179817473,457.7
2019-07-31 14:00:00,0.15803977511010947,5.537334267018537,-0.012878954676219578,415.3
2019-07-31 15:00:00,0.15601495019238598,5.438079308923196,-0.005156271688758096,356.9
2019-07-31 16:00:00,0.14883645243503896,5.337538079701318,-0.01726189615212803,287.2
2019-07-31 17:00:00,0.2294044046604773,5.204006687076795,-0.013518895334648562,243.7
2019-07-31 18:00:00,0.18431037115587445,5.099866427824199,-0.015040418648530007,194.4
2019-07-31 19:00:00,0.17185405375109397,4.969813299576001,-0.014952333318278832,87.5
2019-07-31 20:00:00,0.14643915262935092,4.948759890378168,-0.017440456104232283,-67.0
2019-07-31 21:00:00,0.15422011991093543,4.997212273764115,-0.0074834329989279524,-221.3
2019-07-31 22:00:00,0.14673845505868321,5.075173815233827,-0.014466602218961455,-343.5
2019-07-31 23:00:00,0.15624340131700087,5.087596335232384,-0.02532925656406526,-588.8
2019-08-01 00:00:00,0.12852253419779958,5.099866427824199,-0.06662305699044069,-812.3
2019-08-01 01:00:00,0.12253333819663981,5.111987788356544,-0.07033766794781648,-1052.9
2019-08-01 02:00:00,0.13012490551564104,5.087596335232384,-0.07027472679395075,-1140.4
2019-08-01 03:00:00,0.1380619667359424,5.003946305945459,-0.07504075799029053,-1174.5
2019-08-01 04:00:00,0.19291261605598642,4.9344739331306915,-0.0847593452632669,-1251.0
2019-08-01 05:00:00,0.14666785862208132,4.8283137373023015,-0.09120883374973054,-1103.4
2019-08-01 06:00:00,0.11081557451348223,4.68213122712422,-0.09691991253531285,-616.0
2019-08-01 07:00:00,0.07169320001145918,4.574710978503383,-0.09640433317684227,-176.0
2019-08-01 08:00:00,0.06778247071189902,4.584967478670572,-0.08069413044662532,147.9
2019-08-01 09:00:00,0.02472638675329586,4.663439094112067,-0.07104988936663759,465.5
2019-08-01 10:00:00,0.06488585533148417,4.7535901911063645,-0.048070125362142946,806.0
2019-08-01 11:00:00,0.044255972518984166,4.836281906951478,-0.06791445704592824,841.7
2019-08-01 12:00:00,0.12366245191906966,4.90527477843843,-0.07302805873049856,781.2
2019-08-01 13:00:00,0.10560945352385387,4.983606621708336,-0.04275120544854438,712.3
2019-08-01 14:00:00,0.0978930271191163,5.030437921392435,-0.06492035198308699,630.1
2019-08-01 15:00:00,0.009008492281961544,5.043425116919247,-0.08155551749483791,600.8
2019-08-01 16:00:00,0.058711307580270766,5.0238805208462765,-0.07017982017469038,488.0
2019-08-01 17:00:00,0.12089766776095434,4.969813299576001,-0.07389509483904,246.9
2019-08-01 18:00:00,0.28163077495231903,4.897839799950911,-0.08183174341692556,15.0
2019-08-01 19:00:00,0.1299557743510853,4.77912349311153,-0.08665526484877795,15.0
2019-08-01 20:00:00,0.08875505662118321,4.919980925828125,-0.09861060449902936,-67.3
2019-08-01 21:00:00,0.06466157290111418,5.198497031265826,-0.0928097472553997,-198.5
2019-08-01 22:00:00,0.06228171181066555,5.459585514144159,-0.06946598092125278,-233.4
2019-08-01 23:00:00,0.09088581085257541,5.6240175061873385,-0.06100943507921208,-629.5
2019-08-02 00:00:00,0.13144232510244303,5.811140992976701,-0.059864705518942074,-987.8
2019-08-02 01:00:00,0.17454635226921855,5.916202062607435,-0.06028941019000378,-1243.0
2019-08-02 02:00:00,0.19227399217502938,5.988961416889864,-0.0578743798122634,-1320.4
2019-08-02 03:00:00,0.1618043674195575,6.045005314036012,-0.060715348826382964,-1408.3
2019-08-02 04:00:00,0.1462109862342178,6.095824562432225,-0.07400552969043517,-1515.4
2019-08-02 05:00:00,0.10193634646082517,6.023447592961033,-0.08281923753272302,-1403.3
2019-08-02 06:00:00,0.04077735770985935,5.762051382780177,-0.09744909661025858,-932.8
2019-08-02 07:00:00,-0.001458595408392771,5.4116460518550396,-0.10033109585524969,-299.8
2019-08-02 08:00:00,0.08065473576540816,5.14166355650266,-0.09481067070124105,15.0
2019-08-02 09:00:00,0.1533913843916106,5.049856007249537,-0.08965319325469423,255.8
2019-08-02 10:00:00,0.26810802007944723,5.081404364984463,-0.07393225065763609,428.6
2019-08-02 11:00:00,0.11369556886668564,5.159055299214529,-0.09051462435956736,522.7
2019-08-02 12:00:00,0.09414455848197623,5.247024072160486,-0.08609504773570542,550.0
2019-08-02 13:00:00,0.05247040632955713,5.318119993844216,-0.07456781399255519,532.0
2019-08-02 14:00:00,0.032735329915023925,5.3471075307174685,-0.08863404414984011,522.2
2019-08-02 15:00:00,0.03005774371950576,5.3706380281276624,-0.08651499353256753,357.1
2019-08-02 16:00:00,0.07923655329669588,5.384495062789089,-0.08796499071431363,185.2
2019-08-02 17:00:00,0.11347879280665385,5.420534999272286,-0.08996704065045869,36.1
2019-08-02 18:00:00,0.11703906174583789,5.4680601411351315,-0.09710709683770347,-31.8
2019-08-02 19:00:00,0.11030959992064471,5.4116460518550396,-0.09596942346489534,-164.8
2019-08-02 20:00:00,0.0754501503299867,5.54907608489522,-0.10704992104353472,-358.3
2019-08-02 21:00:00,0.07246791524236684,5.71042701737487,-0.09824429024961034,-468.2
2019-08-02 22:00:00,0.07375955796389899,5.8377304471659395,-0.07731882357704656,-587.1
2019-08-02 23:00:00,0.04616741500975374,5.872117789475416,-0.06908380405779546,-813.5
2019-08-03 00:00:00,-0.0012921160743806226,5.7745515455444085,-0.06810851983293098,-1066.6
2019-08-03 01:00:00,0.041980107322272975,5.739792912179234,-0.069042217486178,-1285.7
2019-08-03 02:00:00,0.09346041047956977,5.723585101952381,-0.06683221974048514,-1327.0
2019-08-03 03:00:00,0.1481155594716541,5.700443573390687,-0.06934341385553999,-1367.5
2019-08-03 04:00:00,0.1980107546743186,5.697093486505405,-0.07763174577662468,-1478.2
2019-08-03 05:00:00,0.2410318005074532,5.616771097666572,-0.08446068179802602,-1500.6
2019-08-03 06:00:00,0.16389895609670635,5.4116460518550396,-0.0901093738581622,-1434.3
2019-08-03 07:00:00,0.10525753962343831,5.198497031265826,-0.10054306268354019,-1261.8
2019-08-03 08:00:00,0.06703558858889913,5.043425116919247,-0.10354047610083761,-760.6
2019-08-03 09:00:00,0.061905458986663664,4.976733742420574,-0.10467600767108287,-352.8
2019-08-03 10:00:00,0.14460853639326343,4.962844630259907,-0.09221570688711722,-113.0
2019-08-03 11:00:00,0.08655231475882541,4.983606621708336,-0.10085541570055057,-86.7
2019-08-03 12:00:00,0.15864830172457411,5.017279836814924,-0.10751683196197526,-121.2
2019-08-03 13:00:00,0.11056537212418016,5.043425116919247,-0.10193764755683965,-151.8
2019-08-03 14:00:00,0.10729944797593705,5.062595033026967,-0.10200605495469262,-236.6
2019-08-03 15:00:00,0.060909490121462184,5.017279836814924,-0.12351343516834667,-299.4
2019-08-03 16:00:00,0.08776961887078105,4.969813299576001,-0.1032009290046556,-286.1
2019-08-03 17:00:00,0.077009966079022,4.882801922586371,-0.09975446048235526,-222.9
2019-08-03 18:00:00,0.07189206766284073,4.770684624465665,-0.10212203789759755,-136.8
2019-08-03 19:00:00,0.09729628740410723,4.6443908991413725,-0.09546109649743073,-203.0
2019-08-03 20:00:00,0.09711639326923471,4.727387818712341,-0.09907745530830603,-332.3
2019-08-03 21:00:00,0.11257934803830638,4.955827057601261,-0.09364257409086818,-376.7
2019-08-03 22:00:00,0.14356091907771473,5.198497031265826,-0.07273681985654079,-523.5
2019-08-03 23:00:00,0.1010779990497559,5.389071729816501,-0.06523884014369585,-831.1
2019-08-04 00:00:00,0.13074351283419494,5.666426688112432,-0.05109132852693676,-956.6
2019-08-04 01:00:00,0.20168175433408564,5.71042701737487,-0.04940645643448072,-1182.4
2019-08-04 02:00:00,0.25451641314356177,5.720311776607412,-0.05218904098084387,-1276.3
2019-08-04 03:00:00,0.30480632023925613,5.697093486505405,-0.04921605491544234,-1300.4
2019-08-04 04:00:00,0.35475043868598455,5.655991810819852,-0.05777517584142977,-1394.2
2019-08-04 05:00:00,0.37609338742943255,5.556828061699537,-0.06397703815698996,-1420.7
2019-08-04 06:00:00,0.3580693236164447,5.3981627015177525,-0.07229076885871244,-1308.8
2019-08-04 07:00:00,0.26956176443256474,5.303304908059076,-0.08270676057622062,-1080.1
2019-08-04 08:00:00,0.15827617462712995,5.262690188904886,-0.09118119483279763,-705.2
2019-08-04 09:00:00,0.14621543552265637,5.2574953720277815,-0.09409571499708491,-323.6
2019-08-04 10:00:00,0.16961910079419074,5.278114659230517,-0.08979352583426348,-143.2
2019-08-04 11:00:00,0.1615567569452958,5.288267030694535,-0.09083659905832775,-37.9
2019-08-04 12:00:00,0.19253917873696214,5.267858159063328,-0.09393555752964389,11.9
2019-08-04 13:00:00,0.1959268424466778,5.25227342804663,-0.09033607049708259,83.8
2019-08-04 14:00:00,0.21588119471179867,5.247024072160486,-0.09208721243719076,-46.4
2019-08-04 15:00:00,0.24095183083612515,5.241747015059643,-0.09031150689843592,-116.0
2019-08-04 16:00:00,0.23401085791726262,5.19295685089021,-0.08577094245133132,-70.9
2019-08-04 17:00:00,0.13376362834211175,5.099866427824199,-0.09151200544867599,104.9
2019-08-04 18:00:00,0.08145519436196214,5.017279836814924,-0.08999330557237961,107.0
2019-08-04 19:00:00,0.1241536866980768,4.867534450455582,-0.09014472021312514,-29.8
2019-08-04 20:00:00,0.12420436471367768,4.955827057601261,-0.09045944380936355,-157.7
2019-08-04 21:00:00,0.13543157661485417,5.123963979403259,-0.08447425025775601,-213.1
2019-08-04 22:00:00,0.12056817190222713,5.288267030694535,-0.0654564718174857,-272.9
2019-08-04 23:00:00,0.15577651663753267,5.389071729816501,-0.05566784551336745,-642.8
2019-08-05 00:00:00,0.18165529126872615,5.594711379601839,-0.050760900075193405,-970.0
2019-08-05 01:00:00,0.2292173670773341,5.564520407322694,-0.05210964888367542,-1106.2
2019-08-05 02:00:00,0.25703689908641225,5.517452896464707,-0.051758439646695464,-1141.9
2019-08-05 03:00:00,0.2480025981484495,5.438079308923196,-0.05564583642965282,-1137.5
2019-08-05 04:00:00,0.15291920559405492,5.356586274672012,-0.06517350115514908,-1153.7
2019-08-05 05:00:00,0.1309185556819994,5.236441962829949,-0.0725486122921506,-985.0
2019-08-05 06:00:00,0.10126078667006189,5.075173815233827,-0.09117972191311452,-506.3
2019-08-05 07:00:00,0.07743670588466811,4.962844630259907,-0.10177245712126393,195.7
2019-08-05 08:00:00,0.22229890723560475,4.997212273764115,-0.09639373514565364,408.7
2019-08-05 09:00:00,0.24636291597090398,5.123963979403259,-0.08796655582430013,571.7
2019-08-05 10:00:00,0.21493031343486946,5.267858159063328,-0.09066288082575902,697.7
2019-08-05 11:00:00,0.24604131505616422,5.402677381872279,-0.08294960421483566,737.4
2019-08-05 12:00:00,0.14698868559982392,5.501258210544727,-0.09965752922908244,839.4
2019-08-05 13:00:00,0.16871755382916165,5.560681631015528,-0.07125434591482005,793.1
2019-08-05 14:00:00,0.08578851547109112,5.598421958998375,-0.08149144856939472,744.1
2019-08-05 15:00:00,0.10588916743902832,5.62040086571715,-0.08254657849923319,633.8
2019-08-05 16:00:00,0.10918287151956863,5.631211781821365,-0.08292950698768387,469.1
2019-08-05 17:00:00,0.0985038283774502,5.58724865840025,-0.08421233376006754,447.0
2019-08-05 18:00:00,0.1034413614441001,5.488937726156687,-0.09205740032742149,331.3
2019-08-05 19:00:00,0.09784514525309351,5.3230099791384085,-0.09146082409698941,224.1
2019-08-05 20:00:00,0.09346745499402864,5.327876168789581,-0.09788618645893621,107.4
2019-08-05 21:00:00,0.0994294245544709,5.4510384535657,-0.09437463668631452,-15.0
2019-08-05 22:00:00,0.11890754477946386,5.568344503761097,-0.07319483005896643,-240.2
2019-08-05 23:00:00,0.06556800904951343,5.638354669333745,-0.06283174263940872,-488.6
2019-08-06 00:00:00,0.10544146498063434,5.529429087511423,-0.04226061096724365,-937.6
2019-08-06 01:00:00,0.11453249235587526,5.493061443340548,-0.04653919860251676,-1096.4
2019-08-06 02:00:00,0.11238876704190703,5.3981627015177525,-0.04545901491050408,-1144.0
2019-08-06 03:00:00,0.13707444920697398,5.288267030694535,-0.04753424240212745,-1161.0
2019-08-06 04:00:00,0.14118621380508145,5.198497031265826,-0.05783396325530177,-1184.6
2019-08-06 05:00:00,0.08568499117826622,5.075173815233827,-0.06765218359361569,-1043.2
2019-08-06 06:00:00,0.009558357807794238,4.9344739331306915,-0.0804997936762959,-414.2
2019-08-06 07:00:00,0.020265724169497012,4.859812404361672,-0.08560769475512764,85.0
2019-08-06 08:00:00,0.0035154270840878077,4.875197323201151,-0.07721876784987103,468.6
2019-08-06 09:00:00,0.04099201922787499,4.962844630259907,-0.06553333646717263,594.7
2019-08-06 10:00:00,-0.008400403971903447,5.0689042022202315,-0.06086818861368215,935.2
2019-08-06 11:00:00,0.0032168984519906907,5.1647859739235145,-0.0555638838419128,965.8
2019-08-06 12:00:00,-0.006596309607229234,5.278114659230517,-0.04333545974466446,1047.0
2019-08-06 13:00:00,0.002643332879482152,5.389071729816501,-0.04463361177770864,1016.9
2019-08-06 14:00:00,0.003461691827082891,5.529429087511423,-0.048769308280661505,912.4
2019-08-06 15:00:00,-0.0040217184127162575,5.703782474656201,-0.047834244899723544,799.4
2019-08-06 16:00:00,0.011490639356950272,5.8944028342648505,-0.055297873843111134,639.5
2019-08-06 17:00:00,0.07400283256050955,6.016157159698354,-0.05686429383767688,288.3
2019-08-06 18:00:00,0.07016361408987004,6.054439346269371,-0.06328020265889833,159.6
2019-08-06 19:00:00,0.0673183430554114,5.991464547107982,-0.06845659656050707,39.0
2019-08-06 20:00:00,0.06260267401346775,6.045005314036012,-0.07819488350544646,-136.0
2019-08-06 21:00:00,0.06521408918807348,6.150602768446279,-0.07922503266386016,-297.2
2019-08-06 22:00:00,0.09494399512083929,6.259581464064923,-0.062179930848133225,-377.1
2019-08-06 23:00:00,0.1952357012166499,6.329720905522696,-0.053854492214947314,-878.9
2019-08-07 00:00:00,0.19828182759885982,6.391917113392602,-0.0567221950261505,-1293.8
2019-08-07 01:00:00,0.15056227954381107,6.410174881966167,-0.0623949376818107,-1381.6
2019-08-07 02:00:00,0.18254284093031314,6.38856140554563,-0.06343880997495965,-1445.7
2019-08-07 03:00:00,0.16185192296156314,6.333279628139691,-0.06525180229034078,-1441.4
2019-08-07 04:00:00,0.1207155692403501,6.2766434893416445,-0.07612434600016016,-1419.6
2019-08-07 05:00:00,0.06600807710733658,6.202535517187923,-0.08007810532944326,-1255.9
2019-08-07 06:00:00,0.034315978234270794,6.118097198041348,-0.07661939868911105,-764.2
2019-08-07 07:00:00,0.04822041519218567,6.037870919922137,-0.07380899385540296,-129.5
2019-08-07 08:00:00,-0.003207407472736623,6.016157159698354,-0.05770956059111576,328.0
2019-08-07 09:00:00,0.027821340085857127,6.045005314036012,-0.04703109069032685,458.1
2019-08-07 10:00:00,0.039445797938165494,6.089044875446846,-0.02770920791770415,631.0
2019-08-07 11:00:00,0.05808995100698011,6.131226489483141,-0.036771295082504096,671.1
2019-08-07 12:00:00,-0.004133564516893173,6.175867270105761,-0.043041877138479734,734.8
2019-08-07 13:00:00,0.041529862767048176,6.220590170099739,-0.021703422169906617,644.9
2019-08-07 14:00:00,0.007488679594891412,6.226536669287466,-0.03224191740311788,585.4
2019-08-07 15:00:00,0.03460673962307892,6.18826412308259,-0.025478445976455433,542.1
2019-08-07 16:00:00,0.05335828778614449,6.113682179832232,-0.03809723383516861,390.2
2019-08-07 17:00:00,0.08932518568320624,6.0014148779611505,-0.03664815427661949,330.4
2019-08-07 18:00:00,0.04769168725300865,5.8289456176102075,-0.04437445209848612,311.0
2019-08-07 19:00:00,0.054477339404436886,5.541263545158426,-0.04678561644732504,237.4
2019-08-07 20:00:00,0.03644527018355248,5.4638318050256105,-0.05741436799896782,126.1
2019-08-07 21:00:00,0.04581033797377376,5.484796933490655,-0.053986084653443456,27.3
2019-08-07 22:00:00,0.03071693483076343,5.53338948872752,-0.041751660967056736,-162.2
2019-08-07 23:00:00,0.07796193527505757,5.568344503761097,-0.04281633711054056,-540.6
2019-08-08 00:00:00,0.062273148656599275,5.616771097666572,-0.03603773417309242,-752.0
2019-08-08 01:00:00,0.05162032154413909,5.54907608489522,-0.038899633820483004,-962.0
2019-08-08 02:00:00,0.06387551997444074,5.472270673671475,-0.0391824525425335,-1031.2
2019-08-08 03:00:00,0.07406007024231931,5.402677381872279,-0.042299250959326073,-1027.0
2019-08-08 04:00:00,0.13819106129023284,5.3471075307174685,-0.0471497667552736,-1057.9
2019-08-08 05:00:00,0.09946538885573952,5.2574953720277815,-0.0516729117679926,-931.4
2019-08-08 06:00:00,0.029717457771002653,5.123963979403259,-0.05257124540517388,-353.7
2019-08-08 07:00:00,0.06563116232871957,5.0238805208462765,-0.04997508552995811,268.3
2019-08-08 08:00:00,-0.06571765579102751,5.043425116919247,-0.040087509061157434,838.3
2019-08-08 09:00:00,-0.026281648697824345,5.117993812416755,-0.0298143047569166,971.6
2019-08-08 10:00:00,0.05182021895263711,5.204006687076795,-0.010608177210485792,1082.2
2019-08-08 11:00:00,0.021465786248142216,5.313205979041787,-0.021719285488737583,1137.4
2019-08-08 12:00:00,0.10998574986266929,5.438079308923196,-0.02240785016893021,1131.8
2019-08-08 13:00:00,0.08542688232650741,5.5254529391317835,0.00297973529485418,1065.1
2019-08-08 14:00:00,0.07065987666075735,5.564520407322694,-0.02017015618447182,1010.9
2019-08-08 15:00:00,-0.023166544076875795,5.5909869805108565,-0.036144628979780435,860.1
2019-08-08 16:00:00,0.01310411720273752,5.5909869805108565,-0.023186431749891767,732.9
2019-08-08 17:00:00,-0.023804122868371635,5.5134287461649825,-0.028053988901291405,714.8
2019-08-08 18:00:00,-0.037195465017608065,5.351858133476067,-0.03523099472583979,546.8
2019-08-08 19:00:00,0.04557944499946043,5.123963979403259,-0.037259380935996234,324.5
2019-08-08 20:00:00,0.08498146723754374,5.056245805348308,-0.04634832421869284,220.8
2019-08-08 21:00:00,0.09785072391845828,5.075173815233827,-0.04307318945080674,169.6
2019-08-08 22:00:00,0.08423892796700372,5.093750200806762,-0.031404094518324044,-32.4
2019-08-08 23:00:00,0.052543278004751226,5.10594547390058,-0.028499401354954657,-442.3
2019-08-09 00:00:00,0.056743068464536695,4.919980925828125,-0.008698686172927239,-642.8
2019-08-09 01:00:00,0.06915726559097601,4.9344739331306915,-0.009971361842518789,-766.5
2019-08-09 02:00:00,0.07491625873499252,4.948759890378168,-0.008483624516687271,-813.2
2019-08-09 03:00:00,0.0541856869532924,4.955827057601261,-0.010749704401508353,-844.9
2019-08-09 04:00:00,0.02734468689417957,4.976733742420574,-0.01532902497953259,-873.0
2019-08-09 05:00:00,0.0339817665406299,4.948759890378168,-0.022524376642607535,-835.0
2019-08-09 06:00:00,0.07662522616546275,4.867534450455582,-0.028846633104601338,-384.3
2019-08-09 07:00:00,0.11686524389537212,4.804021044733257,-0.02968892900045006,187.8
2019-08-09 08:00:00,0.1208780046979192,4.718498871295094,-0.022600345393881227,514.3
2019-08-09 09:00:00,0.038876449686906955,4.6913478822291435,-0.012335689611637335,880.8
2019-08-09 10:00:00,0.10712137613169892,4.700480365792417,0.009780290302602523,1087.6
2019-08-09 11:00:00,0.0067521482483545725,4.77912349311153,-0.005283788486588392,1120.0
2019-08-09 12:00:00,0.04646462627606596,4.859812404361672,-0.001601428475400013,1080.8
2019-08-09 13:00:00,0.024216469435075272,4.890349128221754,0.007607491867391403,966.0
2019-08-09 14:00:00,0.02723669071710688,4.852030263919617,-0.004606738296924817,786.6
2019-08-09 15:00:00,0.012247163798299265,4.77912349311153,-0.0042015241784572055,667.5
2019-08-09 16:00:00,0.019350322574757328,4.672828834461906,-0.0042765911204494245,542.7
2019-08-09 17:00:00,0.060276026370839286,4.499809670330265,-0.006277705118748145,500.2
2019-08-09 18:00:00,0.11566574955929765,4.2626798770413155,-0.013531201011867111,365.0
2019-08-09 19:00:00,0.09508147385820553,4.07753744390572,-0.012643340775893464,171.6
2019-08-09 20:00:00,0.017085954197934683,4.290459441148391,-0.018549854837546675,24.4
2019-08-09 21:00:00,-0.02549127273353502,4.634728988229636,-0.013130848465801037,-33.7
2019-08-09 22:00:00,-0.0692091890195714,4.955827057601261,-0.0008256702114373127,-163.7
2019-08-09 23:00:00,-0.06594140433121787,5.236441962829949,0.004051497815929395,-541.9
2019-08-10 00:00:00,-0.1122007341611555,5.730099782973574,0.007306855677471802,-1176.1
2019-08-10 01:00:00,-0.0539329795608805,5.902633333401366,0.007154105931409305,-1373.7
2019-08-10 02:00:00,-0.021435862904422454,6.054439346269371,0.008910091085050809,-1448.8
2019-08-10 03:00:00,0.005687108044339251,6.180016653652572,0.0076562940503706045,-1534.7
2019-08-10 04:00:00,0.02572891232854735,6.293419278846481,0.005175331903824798,-1674.1
2019-08-10 05:00:00,0.054317191421225264,6.411818267709897,-0.0011005823213476873,-1845.7
2019-08-10 06:00:00,-0.005543417538127482,6.525029657843462,-0.005836621214095672,-1816.3
2019-08-10 07:00:00,-0.01699393902635027,6.633318433280377,-0.014171098567894447,-1646.9
2019-08-10 08:00:00,-0.03357472969373987,6.761572768804055,-0.015543851812239495,-1437.3
2019-08-10 09:00:00,-0.035294247108885735,6.882437470997847,-0.013729782692729842,-1170.1
2019-08-10 10:00:00,0.044445869915447744,6.983789965258135,-0.0017071618719928239,-1038.2
2019-08-10 11:00:00,-0.01234925968440459,7.047517221357296,-0.008548145222386339,-1020.9
2019-08-10 12:00:00,0.05503382272650503,7.072421900537371,-0.011092217553764883,-1078.7
2019-08-10 13:00:00,0.001906400336590952,7.060476365999801,-0.0035599608332912425,-1140.8
2019-08-10 14:00:00,-0.002206003223875541,7.025538314638521,-0.006865862009485468,-1108.4
2019-08-10 15:00:00,-0.05014986253495701,6.97914527506881,-0.027595087385149597,-1117.1
2019-08-10 16:00:00,-0.01876297850954023,6.934397209928558,-0.010201292408927642,-1076.4
2019-08-10 17:00:00,-0.02107613695955335,6.90875477931522,-0.012105132617378445,-1019.9
2019-08-10 18:00:00,-0.051662307159764165,6.950814768442584,-0.01694943041860064,-1029.1
2019-08-10 19:00:00,-0.09157049863714617,6.902742737158593,-0.0159144988802975,-1126.7
2019-08-10 20:00:00,-0.09058283475883844,6.940222469119639,-0.01716366893715282,-1281.8
2019-08-10 21:00:00,-0.11185846249327325,6.952728644624869,-0.01387610951301177,-1335.0
2019-08-10 22:00:00,-0.10569183292474849,6.960347729101308,-0.002679552313802347,-1530.0
2019-08-10 23:00:00,-0.10841453664322831,6.963189985870238,0.002133414200873318,-1823.4
2019-08-11 00:00:00,-0.16925833637142107,6.99117688712121,0.002967191832789595,-2032.8
2019-08-11 01:00:00,-0.3857895029010123,6.946975992135418,0.0029146964029838074,-2019.1
2019-08-11 02:00:00,-0.6908993032021651,6.914730892718563,-0.003596485743978306,-2013.6
2019-08-11 03:00:00,-0.7693626685894959,6.914730892718563,-0.00010970099624607599,-2091.2
2019-08-11 04:00:00,-0.682888093856524,6.925595197110468,-0.004025738312646965,-2150.8
2019-08-11 05:00:00,-0.6091314770553318,6.97354301952014,-0.010392792022884123,-2272.0
2019-08-11 06:00:00,-0.5615692520273945,7.060476365999801,-0.01704717571930736,-2357.7
2019-08-11 07:00:00,-0.31686064377774015,7.147559271189454,-0.02353550355451972,-2360.4
2019-08-11 08:00:00,-0.12622323632775956,7.1929342212158,-0.027386041184028542,-1994.1
2019-08-11 09:00:00,-0.06794761771826074,7.215975002651466,-0.023798884445563218,-1621.6
2019-08-11 10:00:00,-0.01715903682163633,7.249215057114389,-0.014874194609662439,-1384.9
2019-08-11 11:00:00,-0.02376780510842824,7.3031700512368,-0.01684017689179207,-1331.6
2019-08-11 12:00:00,-0.026049977207524222,7.360103972989152,-0.02064418765032272,-1348.9
2019-08-11 13:00:00,-0.014875537249717574,7.400009517162692,-0.020174952565717774,-1430.2
2019-08-11 14:00:00,-0.001553492382090571,7.422971251049421,-0.018712736648874184,-1522.9
2019-08-11 15:00:00,0.05259167015446309,7.444248649496705,-0.02169900818138082,-1639.4
2019-08-11 16:00:00,0.051996002551873755,7.457609289715606,-0.015675493101939608,-1637.1
2019-08-11 17:00:00,-0.011315067917750277,7.458186157340487,-0.014419635925728258,-1545.4
2019-08-11 18:00:00,-0.024238877002759285,7.450079569807499,-0.009189273157083733,-1576.3
2019-08-11 19:00:00,0.00010103802809791063,7.329093736246592,-0.009741858651763025,-1627.0
2019-08-11 20:00:00,-0.0062370678146295155,7.31455283232408,-0.009122720229678194,-1633.9
2019-08-11 21:00:00,-0.004503112140258114,7.293017679772782,-0.0077845210761804395,-1642.4
2019-08-11 22:00:00,0.024025348647044975,7.273092595999522,-0.0032535914808100586,-1800.3
2019-08-11 23:00:00,0.05374571415115348,7.261927092702751,-0.0006664812512937601,-2202.0
2019-08-12 00:00:00,0.05254068960279268,7.294377299288821,-0.00533069119890861,-2127.5
2019-08-12 01:00:00,0.023806682364683862,7.261927092702751,-0.00852625029083498,-2188.2
2019-08-12 02:00:00,0.004040384622521653,7.2196420401307355,-0.007045493331613528,-2167.6
2019-08-12 03:00:00,-0.036766143764974224,7.187657164114956,-0.008266835029230535,-2121.3
2019-08-12 04:00:00,-0.11708076545717505,7.172424577124845,-0.01151326229292593,-2070.1
2019-08-12 05:00:00,-0.06538279710882433,7.175489713624222,-0.015127194492022156,-1913.9
2019-08-12 06:00:00,-0.020586115246845615,7.192182058713246,-0.015248169949547474,-1425.7
2019-08-12 07:00:00,-0.03651913529111983,7.2115567333138015,-0.013597196209568452,-660.5
2019-08-12 08:00:00,-0.09757785425917431,7.217443431696533,-0.007857580224010619,-262.3
2019-08-12 09:00:00,-0.09940282886747465,7.224753405767971,-0.004461421469736493,-111.8
2019-08-12 10:00:00,-0.13059175870626127,7.2254814727822945,-0.00650925667025426,43.4
2019-08-12 11:00:00,-0.06445933494515499,7.224753405767971,-0.0016907636008518523,94.9
2019-08-12 12:00:00,-0.017796253436734855,7.228388451573604,-0.021463723193905437,102.0
2019-08-12 13:00:00,-0.042118473487893215,7.22983877815125,0.006282141657731444,99.8
2019-08-12 14:00:00,-0.0549654848212624,7.241366283322318,-0.004494146152604017,19.9
2019-08-12 15:00:00,-0.06093931090620419,7.273092595999522,-0.005485121550268701,-279.5
2019-08-12 16:00:00,-0.039824886972943396,7.298445101508147,-0.009930817134785386,-560.8
2019-08-12 17:00:00,-0.03234291408671863,7.29505641646263,-0.00966613578783182,-653.2
2019-08-12 18:00:00,-0.06464720270468538,7.24422751560335,-0.016183495639440437,-702.6
2019-08-12 19:00:00,-0.042610239644456094,7.066466970136958,-0.015005618141644916,-829.0
2019-08-12 20:00:00,-0.04443356288413591,7.029972911706386,-0.01666074653634908,-880.3
2019-08-12 21:00:00,-0.029907195696635913,7.030857476116121,-0.018296769645269606,-992.6
2019-08-12 22:00:00,-0.007850372560661345,7.027314514039777,-0.012455100328734758,-1277.8
2019-08-12 23:00:00,-0.03293260718420088,7.01301578963963,-0.011925370291896442,-1770.6
2019-08-13 00:00:00,0.0017695346040431659,7.166265974133638,-0.004870237235753194,-1644.7
2019-08-13 01:00:00,0.00808465273004133,7.140453043101158,-0.009242490923460522,-1795.6
2019-08-13 02:00:00,0.0025327769937013578,7.105786129481271,-0.00840301406272026,-1824.6
2019-08-13 03:00:00,0.035417808780385585,7.066466970136958,-0.009323215422591957,-1797.4
2019-08-13 04:00:00,0.03848062036078925,7.025538314638521,-0.01357469552513102,-1756.9
2019-08-13 05:00:00,-2.7515645642406383e-05,6.9975959829819265,-0.01591785718400196,-1587.5
2019-08-13 06:00:00,0.002681977726227469,6.993932975223189,-0.014104667407591975,-1191.5
2019-08-13 07:00:00,-0.04673336257207206,7.024649030453636,-0.009686025405059695,-374.2
2019-08-13 08:00:00,-0.021148725073398822,7.072421900537371,-0.004118091993261075,-157.2
2019-08-13 09:00:00,-0.03260874265883196,7.1049654482698426,0.0038796487798364865,-106.1
2019-08-13 10:00:00,-0.1030673207428614,7.1308988302963465,0.003077388539722392,137.1
2019-08-13 11:00:00,-0.0957831432850833,7.1693500166706,0.005772868068605774,150.6
2019-08-13 12:00:00,-0.06479548168212235,7.213768308118642,0.015819735194190443,28.2
2019-08-13 13:00:00,-0.05635639013558791,7.249925536717988,0.013988299821134476,-16.9
2019-08-13 14:00:00,-0.07301862340368404,7.2633296174768365,0.009139485721270546,-117.5
2019-08-13 15:00:00,-0.08860119311625692,7.261225091971921,0.011023337022376012,-338.9
2019-08-13 16:00:00,-0.08991833959517015,7.247080584585756,0.003605280858581139,-506.9
2019-08-13 17:00:00,-0.085852101843233,7.21081845347222,0.003638265116231665,-516.2
2019-08-13 18:00:00,-0.07880649647915128,7.136483208590247,-0.0007975648732436724,-559.8
2019-08-13 19:00:00,-0.053915521758705065,6.930494765951626,-0.001510704371481708,-605.3
2019-08-13 20:00:00,-0.04152607232739847,6.873163834212518,-0.002713335756173052,-645.6
2019-08-13 21:00:00,-0.043121169689817496,6.856461984594587,-0.0057131857140806375,-812.7
2019-08-13 22:00:00,0.0012497596487626161,6.849066282633458,-0.0024886786854096954,-1177.2
2019-08-13 23:00:00,0.08245149700238041,6.840546529288687,-0.0027746756393973726,-1587.2
2019-08-14 00:00:00,0.041863375321299134,7.037905963447182,-0.0026549737558756448,-2003.3
2019-08-14 01:00:00,-0.02461835154721914,7.033506484287697,-0.005102642487319287,-2144.9
2019-08-14 02:00:00,-0.04684218371209159,7.017506142941256,-0.004112820929012884,-2164.9
2019-08-14 03:00:00,-0.07317685563825105,6.9957661563048505,-0.0036889988331054724,-2133.0
2019-08-14 04:00:00,-0.06368154996253894,6.97914527506881,-0.00721974940126735,-2104.0
2019-08-14 05:00:00,-0.0751914503728437,6.956545443151569,-0.006660613777633273,-1942.0
2019-08-14 06:00:00,-0.049665887196023384,6.928537818164665,0.0005389689403401121,-1315.5
2019-08-14 07:00:00,-0.09617851483070394,6.928537818164665,0.002847404329424208,-514.4
2019-08-14 08:00:00,-0.14997471058078204,6.962243464266207,0.012888739038757535,-175.5
2019-08-14 09:00:00,-0.14688146972094707,6.9975959829819265,0.018601646998307686,-6.2
2019-08-14 10:00:00,-0.15403385530013924,7.009408932708637,0.035779429257843276,42.1
2019-08-14 11:00:00,-0.15543061008162606,7.004881989712859,0.02631667148175154,202.5
2019-08-14 12:00:00,-0.18059000185844942,6.977281341630747,0.0196887757230364,182.7
2019-08-14 13:00:00,-0.15603330999552378,6.9411900550683745,0.04177836361007081,133.1
2019-08-14 14:00:00,-0.1438425070988556,6.901737206656574,0.03406655390404367,140.1
2019-08-14 15:00:00,-0.12984386638305523,6.866933284461882,0.04322001390545438,111.2
2019-08-14 16:00:00,-0.1307246290423567,6.818924065275521,0.03001077972434274,-62.6
2019-08-14 17:00:00,-0.07284793935024503,6.742880635791903,0.03164986696997296,-211.4
2019-08-14 18:00:00,-0.08833987115836095,6.641182169740591,0.024723147036256776,-267.0
2019-08-14 19:00:00,-0.07604583621129679,6.467698726104354,0.025575229636586982,-253.2
2019-08-14 20:00:00,-0.08497605362445793,6.396929655216146,0.020833764628376272,-335.2
2019-08-14 21:00:00,-0.06236237278282131,6.403574197934815,0.022665074831158094,-500.7
2019-08-14 22:00:00,-0.046424709520592966,6.431331081933479,0.023890580493699076,-888.1
2019-08-14 23:00:00,-0.00983283384237632,6.447305862541213,0.02221290130194653,-1399.9
2019-08-15 00:00:00,-0.038228566066745184,6.530877627725885,0.025917177087549703,-1976.5
2019-08-15 01:00:00,-0.06612738404105034,6.501289670540389,0.02634919870009611,-2085.8
2019-08-15 02:00:00,-0.11366297337891451,6.439350371100098,0.026867587959488404,-2073.0
2019-08-15 03:00:00,-0.15446273019162637,6.352629396319567,0.024963451216494903,-1986.5
2019-08-15 04:00:00,-0.1432920620352025,6.244166900663736,0.02738596837803975,-1936.2
2019-08-15 05:00:00,-0.0807829498897088,6.082218910376446,0.0272297247095441,-1727.8
2019-08-15 06:00:00,-0.08188094076302121,5.849324779946859,0.029976446315648886,-1151.6
2019-08-15 07:00:00,-0.12722274685840107,5.5909869805108565,0.0318549327176747,-285.4
2019-08-15 08:00:00,-0.17308117662528977,5.424950017481403,0.032920693246007104,137.7
2019-08-15 09:00:00,-0.1496606698583287,5.484796933490655,0.03165471166849265,251.1
2019-08-15 10:00:00,-0.07162397213848459,5.60947179518496,0.04980689382122527,329.0
2019-08-15 11:00:00,-0.09365854685213604,5.717027701406222,0.03293428814823507,319.0
2019-08-15 12:00:00,-0.017483505308023783,5.805134968916488,0.03040133305715642,225.1
2019-08-15 13:00:00,-0.03990407401940077,5.8998973535824915,0.05964897294221139,135.2
2019-08-15 14:00:00,-0.050099208808927376,5.958424693029782,0.03940385669055502,82.6
2019-08-15 15:00:00,-0.13127714740812513,5.983936280687191,0.026958173122569207,3.8
2019-08-15 16:00:00,-0.088036373115568,6.0063531596017325,0.04118939276475331,-173.8
2019-08-15 17:00:00,-0.1191143026726964,6.07073772800249,0.04249064525572166,-230.2
2019-08-15 18:00:00,-0.12104493106826686,6.16541785423142,0.036148628204577093,-455.4
2019-08-15 19:00:00,-0.0693965293578076,6.198478716492308,0.03863006961001503,-638.0
2019-08-15 20:00:00,-0.04343206909839514,6.335054251498059,0.03739117378360923,-829.9
2019-08-15 21:00:00,-0.06585698694210151,6.448889394146858,0.039875893529943696,-998.5
2019-08-15 22:00:00,-0.07149915069166335,6.52795791762255,0.04038025714286597,-1432.0
2019-08-15 23:00:00,-0.0817379084616019,6.542471960506805,0.04083113685814865,-1933.2
2019-08-16 00:00:00,-0.09561512553290319,6.376726947898627,0.04055201568238331,-2004.2
2019-08-16 01:00:00,-0.10078410014260619,6.313548046277095,0.04149328411993913,-2106.5
2019-08-16 02:00:00,-0.0905334188134157,6.226536669287466,0.043544113326067446,-2130.3
2019-08-16 03:00:00,-0.10629739014793715,6.142037405587356,0.041670118256481814,-2100.2
2019-08-16 04:00:00,-0.09514197403382996,6.07073772800249,0.041148198963457006,-2043.1
2019-08-16 05:00:00,-0.11851524467138574,5.958424693029782,0.0379998119412992,-1892.3
2019-08-16 06:00:00,-0.10984482381078342,5.768320995793772,0.035613037153085614,-1385.9
2019-08-16 07:00:00,-0.09077412088287229,5.560681631015528,0.034636823663877436,-501.5
2019-08-16 08:00:00,-0.07717235317834126,5.455321115357702,0.034206766803599464,-232.5
2019-08-16 09:00:00,-0.05609233608849751,5.484796933490655,0.03919479025317507,-70.9
2019-08-16 10:00:00,0.006431735791907034,5.556828061699537,0.05984611652976213,123.6
2019-08-16 11:00:00,-0.11524768641343686,5.62040086571715,0.04326352952469037,136.5
2019-08-16 12:00:00,-0.07769092663225541,5.673323267171493,0.04575854427773862,108.6
2019-08-16 13:00:00,-0.10913694607683411,5.733341276897746,0.05140019957949882,-13.5
2019-08-16 14:00:00,-0.11934040207892727,5.7899601708972535,0.03998333367225371,-235.3
2019-08-16 15:00:00,-0.12770462195664178,5.855071922202427,0.037713398058516034,-413.6
2019-08-16 16:00:00,-0.11766252111541631,5.916202062607435,0.03496283565822367,-555.8
2019-08-16 17:00:00,-0.04751058324094526,5.976350909297934,0.03084786133604034,-628.2
2019-08-16 18:00:00,-0.02555167203425679,6.021023349349527,0.023744734592463956,-748.1
2019-08-16 19:00:00,-0.02918499851494527,6.0330862217988015,0.025201044987495536,-975.9
2019-08-16 20:00:00,-0.04731789587351143,6.137727054086234,0.024745841532222812,-1202.3
2019-08-16 21:00:00,-0.04072609899851143,6.2422232654551655,0.028452203375385565,-1372.5
2019-08-16 22:00:00,-0.05070052829968574,6.326149473155099,0.0307423510800362,-1618.3
2019-08-16 23:00:00,-0.17772679316442597,6.342121418721152,0.03229507826151945,-2029.3
2019-08-17 00:00:00,-0.19124021709988703,6.489204931325317,0.027870432056509742,-2459.8
2019-08-17 01:00:00,-0.2896297559828258,6.4425401664681985,0.02763581492631495,-2504.1
2019-08-17 02:00:00,-0.3867395719959945,6.413458957167357,0.029291553374669377,-2530.8
2019-08-17 03:00:00,-0.5583687086198288,6.432940092739179,0.028541867887584615,-2492.1
2019-08-17 04:00:00,-0.7979797626193359,6.470799503782602,0.030313619858910457,-2486.3
2019-08-17 05:00:00,-0.6797580788264401,6.535241271013659,0.025263841357999084,-2622.1
2019-08-17 06:00:00,-0.23672352753566983,6.612041034833092,0.01633865133485024,-2741.0
2019-08-17 07:00:00,-0.12369561711677068,6.687108607866515,0.005217573015634969,-2557.8
2019-08-17 08:00:00,-0.12503308645095323,6.785587645007929,-0.0004081218859042224,-2304.1
2019-08-17 09:00:00,-0.1176512349174006,6.894670039433482,-0.0009330204888637894,-1992.9
2019-08-17 10:00:00,-0.034857807701357935,7.007600613951853,0.010286018182062762,-1888.9
2019-08-17 11:00:00,-0.0963248116345099,7.115582126184454,0.001637835385389863,-1879.2
2019-08-17 12:00:00,-0.06500273501032172,7.198183577101943,-0.0006489234556603662,-2040.2
2019-08-17 13:00:00,-0.11392041837400013,7.254177846456518,0.007364895591329912,-2166.3
2019-08-17 14:00:00,-0.12389956819679515,7.273092595999522,0.004446917113531512,-2226.7
2019-08-17 15:00:00,-0.16829195173008005,7.2633296174768365,-0.014464646637625478,-2266.9
2019-08-17 16:00:00,-0.1328699986771631,7.246368080102461,0.006018486923954569,-2280.7
2019-08-17 17:00:00,-0.0975390009607664,7.232733136177615,0.005996096134715856,-2299.5
2019-08-17 18:00:00,-0.10366000107586704,7.21890970761906,0.004658788438273831,-2299.5
2019-08-17 19:00:00,-0.07379354790818704,7.089243155027514,0.00881442279279554,-2329.2
2019-08-17 20:00:00,-0.062452808299715556,7.065613363597717,0.012749636595225766,-2375.7
2019-08-17 21:00:00,-0.027909638564539208,7.033506484287697,0.015123267915326366,-2428.4
2019-08-17 22:00:00,-0.023404130282894897,6.993932975223189,0.017401161747239158,-2680.9
2019-08-17 23:00:00,-0.06920583903806632,6.939253946041508,0.020951964252011734,-2932.0
2019-08-18 00:00:00,-0.07155535900203835,6.906754778648554,0.03320241182226802,-2875.6
2019-08-18 01:00:00,-0.08320017628108545,6.822197390620491,0.03591785034008588,-2877.6
2019-08-18 02:00:00,-0.010548423828468323,6.725033642166843,0.03104041253806855,-2885.9
2019-08-18 03:00:00,0.056331167932432535,6.621405651764134,0.03536022634695257,-2857.9
2019-08-18 04:00:00,0.10743693903210882,6.51471269087253,0.036856829839925,-2831.1
2019-08-18 05:00:00,0.12853130876707697,6.393590753950631,0.033146734282260226,-2837.4
2019-08-18 06:00:00,0.1729631446954052,6.259581464064923,0.02166308444433085,-2729.6
2019-08-18 07:00:00,0.13396545770683366,6.1224928095143865,0.009300911439442672,-2615.9
2019-08-18 08:00:00,0.017816133895177888,5.961005339623274,0.0014378232233056565,-2154.7
2019-08-18 09:00:00,0.0008993642068300112,5.811140992976701,-0.0003177217566641133,-1876.8
2019-08-18 10:00:00,0.03304965876110977,5.726847747587197,0.004933733522195283,-1580.9
2019-08-18 11:00:00,0.023517467881583265,5.746203190540153,2.407009374927327e-05,-1428.0
2019-08-18 12:00:00,0.040179457134308816,5.811140992976701,-0.001425312767127096,-1401.0
2019-08-18 13:00:00,0.05461783474818205,5.860786223465865,0.0012134475328320349,-1426.9
2019-08-18 14:00:00,0.08764292977011667,5.8916442118257715,0.002263386396942124,-1487.4
2019-08-18 15:00:00,0.11872654502136681,5.908082938168931,-0.0033595536176953544,-1518.7
2019-08-18 16:00:00,0.12472307690273254,5.902633333401366,0.004207971881335482,-1444.9
2019-08-18 17:00:00,0.032689155789650925,5.87493073085203,0.006631037439952081,-1323.3
2019-08-18 18:00:00,-0.043891390462330815,5.831882477283517,0.012236430287938305,-1267.2
2019-08-18 19:00:00,-0.0330572264257758,5.733341276897746,0.015981785524283865,-1257.2
2019-08-18 20:00:00,-0.032862279155601026,5.783825182329737,0.02309847953687516,-1363.2
2019-08-18 21:00:00,-0.030534368659116407,5.8888779583328805,0.02183368375611039,-1455.3
2019-08-18 22:00:00,-0.023927177612179218,5.988961416889864,0.018279161198899274,-1813.9
2019-08-18 23:00:00,-0.020066443771746822,6.0867747269123065,0.02034085582523204,-2299.4
2019-08-19 00:00:00,-0.0957511186048503,6.202535517187923,0.01896077192416712,-2394.9
2019-08-19 01:00:00,-0.06635697657571038,6.368187186350492,0.019355004367653805,-2600.3
2019-08-19 02:00:00,-0.0510060960142833,6.4967749901858625,0.023445631932897726,-2741.7
2019-08-19 03:00:00,-0.013049617147658399,6.576469569048224,0.022683714947024924,-2790.7
2019-08-19 04:00:00,-0.15479371905423323,6.638567789166521,0.02615626922971437,-2756.6
2019-08-19 05:00:00,-0.07658390986364472,6.70073110954781,0.02949211324100176,-2605.1
2019-08-19 06:00:00,-0.07768293566495199,6.7661917146603505,0.03418440235467379,-1869.4
2019-08-19 07:00:00,-0.07749798025479882,6.839476438228843,0.0343255127142168,-1057.3
2019-08-19 08:00:00,-0.12161378508927667,6.926577033222725,0.02983101871555327,-1012.4
2019-08-19 09:00:00,-0.14512356749805244,7.028201432058005,0.025097380771807565,-986.7
2019-08-19 10:00:00,-0.20581923839364302,7.130098510125578,0.019277296091091856,-967.1
2019-08-19 11:00:00,-0.1395652514165735,7.207118856207756,0.023267928472831656,-1027.2
2019-08-19 12:00:00,-0.08576524993313761,7.257707677160043,0.0038791932799853157,-1124.3
2019-08-19 13:00:00,-0.10969348719468686,7.285506548522785,0.032562968936121095,-1185.4
2019-08-19 14:00:00,-0.12450204345778149,7.297091005160418,0.024321785548112373,-1269.9
2019-08-19 15:00:00,-0.12024848265741817,7.301822342137932,0.02363932972887639,-1272.8
2019-08-19 16:00:00,-0.14947139058084158,7.29505641646263,0.022919060788778367,-1407.6
2019-08-19 17:00:00,-0.16087618408252968,7.271008538280992,0.023262413711959695,-1412.7
2019-08-19 18:00:00,-0.15158934439813354,7.216709486709457,0.017757465679785867,-1565.4
2019-08-19 19:00:00,-0.10334745143246016,7.059617628291383,0.021774971887573713,-1660.2
2019-08-19 20:00:00,-0.10496158967513924,7.042286171939743,0.027471975705079643,-1707.6
2019-08-19 21:00:00,-0.09070893263030877,7.045776576879511,0.024096434655406895,-1855.5
2019-08-19 22:00:00,-0.07501866384639522,7.049254841255837,0.020156485260026002,-2315.8
2019-08-19 23:00:00,-0.0913454503826352,7.0431599159883405,0.01857201519705498,-2733.2
2019-08-20 00:00:00,-0.1065502691663549,7.134890851565884,0.020466218941061598,-3226.7
2019-08-20 01:00:00,-0.12607700525705345,7.0967213784947605,0.017620039375669805,-3257.9
2019-08-20 02:00:00,-0.10899529271734654,7.065613363597717,0.019464234542754255,-3271.5
2019-08-20 03:00:00,-0.11338700135472157,7.036148493750536,0.0203498007417533,-3222.1
2019-08-20 04:00:00,-0.05990750628945474,7.007600613951853,0.022322249649056047,-3184.8
2019-08-20 05:00:00,-0.057735833266289394,7.00669522683704,0.027016147664925327,-3028.6
2019-08-20 06:00:00,-0.05383023253711494,7.02108396428914,0.038108825398758484,-2335.8
2019-08-20 07:00:00,-0.13048618297490178,6.925595197110468,0.04736388884843734,-1387.7
2019-08-20 08:00:00,-0.1526485105313098,6.9363427358340495,0.04618920921635983,-1235.3
2019-08-20 09:00:00,-0.11630970437896604,6.934397209928558,0.04334824568125839,-1234.5
2019-08-20 10:00:00,-0.11333732542663633,6.9411900550683745,0.04094127551596749,-1135.5
2019-08-20 11:00:00,-0.08223172028199066,6.956545443151569,0.04140170445194791,-1132.1
2019-08-20 12:00:00,-0.06638068676968834,6.9782137426306985,0.049916414927880126,-1201.6
2019-08-20 13:00:00,-0.06515292826492347,6.993932975223189,0.04631258162334362,-1136.5
2019-08-20 14:00:00,-0.057992851037903304,6.9957661563048505,0.04160451018705125,-1243.4
2019-08-20 15:00:00,-0.0665097774780703,6.9874902470009905,0.0434130361654379,-1271.2
2019-08-20 16:00:00,-0.07215102787996797,6.966967138613983,0.03626170513097193,-1329.7
2019-08-20 17:00:00,-0.06039716667326367,6.93537044601511,0.03830162825554595,-1342.5
2019-08-20 18:00:00,-0.087621833383833,6.885509670034818,0.03334171968922561,-1348.0
2019-08-20 19:00:00,-0.0890348531667784,6.725033642166843,0.03701846007447962,-1403.7
2019-08-20 20:00:00,-0.07915559531181948,6.807934943699926,0.04196905412195662,-1531.9
2019-08-20 21:00:00,-0.06848629943164619,6.8308742346461795,0.03562547117881465,-1716.2
2019-08-20 22:00:00,-0.03157594469345559,6.826545223556594,0.0254403720953853,-2162.1
2019-08-20 23:00:00,0.06995488450459675,6.804614520062624,0.01990642386470043,-2638.6
2019-08-21 00:00:00,0.05250339058045439,6.897704943128636,0.0033545716294813843,-3176.9
2019-08-21 01:00:00,0.059131005856029706,6.837332814685591,0.004560727289172561,-3299.6
2019-08-21 02:00:00,0.07176124460677169,6.774223886357614,0.007524119454972222,-3265.1
2019-08-21 03:00:00,0.02640114395123705,6.71174039505618,0.009373038590235083,-3207.4
2019-08-21 04:00:00,0.009391038464972024,6.652863029353347,0.0109973636425309,-3104.8
2019-08-21 05:00:00,-0.035252198296257475,6.593044534142437,0.015100292266753357,-2881.4
2019-08-21 06:00:00,-0.02833390508561573,6.525029657843462,0.02242802852959791,-2042.1
2019-08-21 07:00:00,-0.09040270460231437,6.444131256700441,0.022295244564141115,-1175.3
2019-08-21 08:00:00,-0.13616728079292661,6.364750756851911,0.020533520508671188,-866.4
2019-08-21 09:00:00,-0.11278577927073075,6.315358001522335,0.013745661294505496,-868.2
2019-08-21 10:00:00,-0.11485524652361434,6.300785794663244,0.024164644684237402,-712.1
2019-08-21 11:00:00,-0.11773152686585542,6.349138991379798,0.012709550087755872,-647.7
2019-08-21 12:00:00,-0.1455572283426796,6.436150368369428,0.0033126286740614574,-730.2
2019-08-21 13:00:00,-0.13131295007236288,6.529418838262226,0.022301444088329347,-770.8
2019-08-21 14:00:00,-0.1201326750198004,6.61338421837956,0.013696588647983177,-877.9
2019-08-21 15:00:00,-0.10774664999793115,6.677083461247136,0.026703368271055794,-988.5
2019-08-21 16:00:00,-0.10281584092528018,6.7226297948554485,0.014734795542619139,-1150.4
2019-08-21 17:00:00,-0.07364613016021604,6.7226297948554485,0.016496373661361474,-1354.5
2019-08-21 18:00:00,-0.11423214904102119,6.658011045870748,0.013723433022478915,-1295.9
2019-08-21 19:00:00,-0.09982785216602119,6.483107351457199,0.019587187791964666,-1365.0
2019-08-21 20:00:00,-0.10744890947651653,6.47543271670409,0.022696179321052057,-1423.9
2019-08-21 21:00:00,-0.034331722910443396,6.516193076042964,0.023618250168427224,-1722.1
2019-08-21 22:00:00,-0.05567899440121016,6.553933404025811,0.015901190460221315,-2103.0
2019-08-21 23:00:00,0.012152268106691011,6.565264970035361,0.013590388426411693,-2638.7
2019-08-22 00:00:00,-0.030683638167065208,6.62273632394984,0.021740603003044257,-2435.2
2019-08-22 01:00:00,-0.03791234624059037,6.597145701886651,0.024276045284681302,-2528.9
2019-08-22 02:00:00,-0.06056490094883005,6.558197802812269,0.026567467909217157,-2497.0
2019-08-22 03:00:00,-0.05331820910354956,6.4967749901858625,0.02601695421106598,-2433.7
2019-08-22 04:00:00,0.03996538626365709,6.434546518787453,0.03337849567410167,-2352.4
2019-08-22 05:00:00,0.03605494047111746,6.366470447731438,0.037227634549244826,-2184.0
2019-08-22 06:00:00,-0.003565270740945259,6.2878585601617845,0.0430739557276798,-1390.8
2019-08-22 07:00:00,-0.013418119404825735,6.208590026096629,0.043727962426936884,-596.6
2019-08-22 08:00:00,-0.06022998923830558,6.202535517187923,0.03660188430693623,-363.9
2019-08-22 09:00:00,-0.07663553484343888,6.3561076606958915,0.027914744708771977,-281.8
2019-08-22 10:00:00,-0.04175449493947525,6.535241271013659,0.043404614885739434,-286.3
2019-08-22 11:00:00,-0.06538615378138468,6.705639094860003,0.027969356200719275,-397.0
2019-08-22 12:00:00,0.02074126268219123,6.872128101338986,0.02825125697623676,-568.9
2019-08-22 13:00:00,-0.004861946229195002,7.020190708311925,0.061591559350635094,-806.4
2019-08-22 14:00:00,-0.009404133216492916,7.107425474110705,0.04146336638822312,-937.1
2019-08-22 15:00:00,-0.09771032376904198,7.129297548929373,0.031977825740217014,-997.2
2019-08-22 16:00:00,-0.04983679306468991,7.1284959456800365,0.04605881363031905,-1034.0
2019-08-22 17:00:00,-0.06622745108593442,7.132497551660044,0.04669047459429798,-1330.5
2019-08-22 18:00:00,-0.07477817616665128,7.146772179452637,0.04008719178350617,-1525.2
2019-08-22 19:00:00,-0.06537884617119527,7.052721049232323,0.04616177245101838,-1536.7
2019-08-22 20:00:00,-0.04182133049510961,7.057897937411856,0.0475400326611517,-1596.4
2019-08-22 21:00:00,-0.04640698330519788,7.053585727193677,0.04330521161905132,-1782.6
2019-08-22 22:00:00,-0.031806964395393766,7.042286171939743,0.03358093606022905,-2378.0
2019-08-22 23:00:00,-0.06330694677654458,7.018401799069201,0.033103856491266015,-2839.2
2019-08-23 00:00:00,-0.09851227869405621,7.176254532017144,0.047148913262038405,-3163.7
2019-08-23 01:00:00,-0.07934274272746755,7.126087273299125,0.048864687098912896,-3203.8
2019-08-23 02:00:00,-0.04703352643706227,7.080026499922591,0.051611082677974096,-3200.9
2019-08-23 03:00:00,-0.07174110628601094,7.052721049232323,0.05126539427381793,-3163.1
2019-08-23 04:00:00,-0.060338724098780716,7.037905963447182,0.05608053554930059,-3119.6
2019-08-23 05:00:00,-0.0558149233982701,7.057036981697891,0.05967696131833122,-2982.6
2019-08-23 06:00:00,-0.06746441122749403,7.0825485693553,0.06475451520233833,-2514.9
2019-08-23 07:00:00,-0.10174706652311238,7.109062135687172,0.06640029902969857,-1714.6
2019-08-23 08:00:00,-0.14046009241425983,7.126087273299125,0.05946822247320327,-1446.1
2019-08-23 09:00:00,-0.14148936091251718,7.146772179452637,0.0586762792081732,-1344.8
2019-08-23 10:00:00,-0.02970514339201502,7.175489713624222,0.07804595513992574,-1240.6
2019-08-23 11:00:00,-0.12141881399224497,7.20414929203594,0.0633539680187134,-1227.1
2019-08-23 12:00:00,-0.08134620976862994,7.213768308118642,0.06931435244070094,-1322.7
2019-08-23 13:00:00,-0.09809336788875367,7.218176838403408,0.07870341355112132,-1473.7
2019-08-23 14:00:00,-0.10150846567472849,7.2196420401307355,0.06546171023868652,-1648.6
2019-08-23 15:00:00,-0.10953017103454421,7.21081845347222,0.06605354001634645,-1681.7
2019-08-23 16:00:00,-0.07258527584942209,7.186901020411631,0.05877073237017072,-1950.2
2019-08-23 17:00:00,-0.03854435009833468,7.1372784372603855,0.0547774501352567,-1955.4
2019-08-23 18:00:00,-0.046880126489993845,7.050122520269059,0.046677181628991704,-1945.3
2019-08-23 19:00:00,-0.042640529833092966,6.889591308354466,0.04889739647507696,-1989.9
2019-08-23 20:00:00,-0.05597361667157008,6.833031732786201,0.0512194311366958,-2049.1
2019-08-23 21:00:00,-0.05346512477594123,6.784457062637643,0.051049895380156585,-2147.8
2019-08-23 22:00:00,-0.04820295519620199,6.7357800142423265,0.044648939012615685,-2539.7
2019-08-23 23:00:00,-0.09604876215015912,6.664409020350408,0.044099599822065016,-2700.8
2019-08-24 00:00:00,-0.13541036317583988,6.78332520060396,0.038510402390857124,-2972.2
2019-08-24 01:00:00,-0.1365749666762044,6.663132695990803,0.038633329157329754,-3037.8
2019-08-24 02:00:00,-0.11597982689311026,6.51471269087253,0.03940600978735631,-3024.8
2019-08-24 03:00:00,-0.05444115057678012,6.3578422665081,0.03827659698448116,-2957.1
2019-08-24 04:00:00,-0.028390886559448436,6.186208623900494,0.04406334259988576,-2868.6
2019-08-24 05:00:00,0.04085976307889627,5.976350909297934,0.04246171745502991,-2868.1
2019-08-24 06:00:00,0.021141189863714605,5.736572297479192,0.03276966022262684,-2747.0
2019-08-24 07:00:00,0.01457086476960745,5.476463551931511,0.02335394050206574,-2582.8
2019-08-24 08:00:00,-0.0042143095367399575,5.236441962829949,0.022080332765048283,-2088.7
2019-08-24 09:00:00,-0.02645685184094626,5.062595033026967,0.020945103725669156,-1622.1
2019-08-24 10:00:00,0.053278386624068474,4.948759890378168,0.02782141031886276,-1404.9
2019-08-24 11:00:00,-0.00016074314190728245,4.9344739331306915,0.01472636856936127,-1367.5
2019-08-24 12:00:00,0.07232853552397556,5.003946305945459,0.005665823469069409,-1496.3
2019-08-24 13:00:00,0.023042878333236594,5.062595033026967,0.010173169073382837,-1611.1
2019-08-24 14:00:00,0.01567949838568472,5.081404364984463,0.00405894426676312,-1702.3
2019-08-24 15:00:00,-0.030245878751030464,5.056245805348308,-0.016161885768203987,-1759.0
2019-08-24 16:00:00,-0.0031531823418786686,4.997212273764115,0.0045786018659654815,-1706.4
2019-08-24 17:00:00,-0.026470046417576665,4.927253685157205,0.008462828966163016,-1598.1
2019-08-24 18:00:00,-0.0016935445730283938,4.897839799950911,0.011284340444264629,-1667.2
2019-08-24 19:00:00,0.01593414425745321,4.882801922586371,0.02127932209591421,-1915.2
2019-08-24 20:00:00,0.012981951895265631,5.0369526024136295,0.03142456122492909,-1922.6
2019-08-24 21:00:00,0.0005998384124787925,5.187385805840755,0.03241783227012718,-1871.0
2019-08-24 22:00:00,-0.012182605538930691,5.3471075307174685,0.026948103854163463,-2094.6
2019-08-24 23:00:00,-0.11909303007445171,5.438079308923196,0.029363906530475603,-2365.6
2019-08-25 00:00:00,-0.08516962658558258,5.616771097666572,0.040469665607540506,-2519.3
2019-08-25 01:00:00,-0.036425990668652375,5.627621113690637,0.044620313963958935,-2642.0
2019-08-25 02:00:00,0.02097182862406788,5.634789603169249,0.04242933665130444,-2746.8
2019-08-25 03:00:00,0.07104990019133961,5.645446897643238,0.04749126098761103,-2795.1
2019-08-25 04:00:00,0.12422678007415211,5.680172609017068,0.0522442147037534,-2828.2
2019-08-25 05:00:00,0.145244789740818,5.707110264748875,0.051905369720264716,-2884.6
2019-08-25 06:00:00,0.11125202551851165,5.683579767338681,0.03625954216721361,-2803.5
2019-08-25 07:00:00,0.07226915541180201,5.631211781821365,0.021802038821958192,-2593.5
2019-08-25 08:00:00,-0.027203633775925162,5.556828061699537,0.01265180515236608,-2202.1
2019-08-25 09:00:00,0.022833865529707786,5.560681631015528,0.0075254557043624715,-2031.6
2019-08-25 10:00:00,0.04358956547688697,5.673323267171493,0.009165424576485393,-1855.8
2019-08-25 11:00:00,0.032939379123201995,5.872117789475416,0.0015784745518026,-1821.3
2019-08-25 12:00:00,0.05435178400475138,6.063785208687608,-0.004645927467167965,-1789.7
2019-08-25 13:00:00,0.02859626008589755,6.182084906716632,-0.004480149628458108,-1732.4
2019-08-25 14:00:00,0.04780878002173239,6.226536669287466,-0.008431902719806317,-1816.5
2019-08-25 15:00:00,0.07392093699866953,6.2285110035911835,-0.012817131008187488,-1861.6
2019-08-25 16:00:00,0.11411669970345928,6.192362489474872,-0.004434218871645967,-1830.6
2019-08-25 17:00:00,0.02676279443419949,6.126869184114185,0.0021204298826020818,-1830.6
2019-08-25 18:00:00,0.0045341724350600465,6.052089168924417,0.01159773830735844,-1816.6
2019-08-25 19:00:00,-0.004220956814197763,6.0330862217988015,0.022088674732463787,-1745.2
2019-08-25 20:00:00,-0.027968305276738548,6.113682179832232,0.03424206705721211,-1711.1
2019-08-25 21:00:00,-0.04339540240904727,6.20455776256869,0.028141228643256966,-1845.4
2019-08-25 22:00:00,-0.03882974498979053,6.261491684321042,0.01814346678251688,-2286.5
2019-08-25 23:00:00,-0.02095414911188742,6.2878585601617845,0.01918528730143798,-2593.5
2019-08-26 00:00:00,0.009068527592153153,6.248042874508429,0.005825533625470669,-2689.5
2019-08-26 01:00:00,0.09262199703298712,6.1903154058531475,0.007611976964010836,-2791.8
2019-08-26 02:00:00,0.125964860072032,6.115892125483034,0.013176364776036564,-2817.9
2019-08-26 03:00:00,0.12194554738984653,6.042632833682381,0.013982603494289592,-2774.5
2019-08-26 04:00:00,0.032381768808354305,5.971261839790462,0.023083598199525213,-2640.5
2019-08-26 05:00:00,-0.023571193403402635,5.8916442118257715,0.034932103132430115,-2335.5
2019-08-26 06:00:00,-0.0584674116831998,5.793013608384144,0.04823981333663063,-1608.1
2019-08-26 07:00:00,-0.030514613872928198,5.645446897643238,0.05210944162656439,-826.9
2019-08-26 08:00:00,-0.09606308497180649,5.402677381872279,0.04119857676518457,-441.2
2019-08-26 09:00:00,-0.05050195746321151,5.181783550292085,0.029390886569252928,-461.4
2019-08-26 10:00:00,-0.0794543206195173,5.075173815233827,0.019386080426254892,-428.2
2019-08-26 11:00:00,-0.014632364047282742,5.153291594497779,0.020767247637204278,-410.8
2019-08-26 12:00:00,0.046823750691307175,5.262690188904886,-0.0011382692531594074,-496.7
2019-08-26 13:00:00,-0.01351933254435389,5.356586274672012,0.02421035415956041,-471.4
2019-08-26 14:00:00,-0.03753754989252567,5.365976015021851,0.01458611843053248,-519.1
2019-08-26 15:00:00,-0.037749865987293685,5.337538079701318,0.014398045901934609,-613.3
2019-08-26 16:00:00,0.01030524088604956,5.2574953720277815,0.015005838397003757,-786.4
2019-08-26 17:00:00,0.04647619547348425,5.14166355650266,0.017622876996624015,-704.8
2019-08-26 18:00:00,-0.043297653896016364,5.093750200806762,0.010876704587563069,-748.0
2019-08-26 19:00:00,-0.011698226817140611,4.997212273764115,0.023862897480793066,-834.1
2019-08-26 20:00:00,-0.010497665241526288,5.111987788356544,0.03411884292668255,-920.3
2019-08-26 21:00:00,0.03612750082078975,5.220355825078324,0.022899546421561112,-1175.8
2019-08-26 22:00:00,0.037542427828836544,5.332718793265369,0.006439200753971974,-1774.9
2019-08-26 23:00:00,-0.0005267763646070733,5.375278407684165,0.00044128534531573393,-2246.3
2019-08-27 00:00:00,0.06921703188881345,5.645446897643238,0.02872294724178559,-1827.8
2019-08-27 01:00:00,0.04417923068066143,5.659482215759621,0.02611930771653448,-1966.9
2019-08-27 02:00:00,0.05667957111694477,5.6131281063880705,0.028683675648027318,-2013.4
2019-08-27 03:00:00,0.076636478446932,5.517452896464707,0.029746656792172033,-1979.5
2019-08-27 04:00:00,0.09043654541624102,5.442417710521793,0.03570087835829305,-1908.8
2019-08-27 05:00:00,0.016822082652053982,5.3706380281276624,0.04766819221759455,-1673.3
2019-08-27 06:00:00,0.01184001680246416,5.337538079701318,0.06392165646996872,-988.7
2019-08-27 07:00:00,-0.018513668206845413,5.293304824724492,0.07409584517376899,-98.3
2019-08-27 08:00:00,0.010096637720964363,5.170483995038151,0.06432583658156332,106.6
2019-08-27 09:00:00,0.004160988875309357,5.056245805348308,0.05426786334544964,71.9
2019-08-27 10:00:00,0.02672378732828351,5.043425116919247,0.04500197782587456,121.7
2019-08-27 11:00:00,0.03634276773070422,5.170483995038151,0.040974764537255126,161.6
2019-08-27 12:00:00,0.11077152986299454,5.303304908059076,0.046065730952772554,-43.3
2019-08-27 13:00:00,0.12073210668741963,5.384495062789089,0.040601051467779925,-90.5
2019-08-27 14:00:00,0.12499426318494589,5.407171771460119,0.03661101305459624,-177.6
2019-08-27 15:00:00,0.09299368547331577,5.37989735354046,0.04122772061043989,-133.5
2019-08-27 16:00:00,0.06036386345416789,5.332718793265369,0.034815412394021195,-252.7
2019-08-27 17:00:00,0.015027737791526885,5.318119993844216,0.03929990907717773,-221.7
2019-08-27 18:00:00,0.011899288906813243,5.420534999272286,0.03773931374134065,-319.9
2019-08-27 19:00:00,0.009642126323273992,5.537334267018537,0.04942542589536103,-458.7
2019-08-27 20:00:00,0.035085684837313114,5.799092654460526,0.058776172438337326,-518.1
2019-08-27 21:00:00,0.01574946057107196,6.003887067106539,0.04490927955894897,-808.4
2019-08-27 22:00:00,-0.0017148025547792933,6.163314804034641,0.02442912185120072,-1308.7
2019-08-27 23:00:00,0.1075364243581105,6.2285110035911835,0.016344776264032745,-1792.2
2019-08-28 00:00:00,0.14100040874630215,6.311734809152915,0.02403648604376052,-1482.7
2019-08-28 01:00:00,0.13023581054612476,6.285998094508865,0.02331685914380266,-1496.1
2019-08-28 02:00:00,0.15877262159640138,6.259581464064923,0.025626891680907704,-1365.3
2019-08-28 03:00:00,0.13578812464055234,6.226536669287466,0.027227953831621576,-1342.3
2019-08-28 04:00:00,0.11114342408086308,6.210600077024653,0.03320049595957464,-1369.7
2019-08-28 05:00:00,0.05126842930922848,6.214608098422191,0.04794207430649422,-1160.2
2019-08-28 06:00:00,0.07005607296503369,6.255750041753367,0.06818889579756515,-490.6
2019-08-28 07:00:00,0.3075297411038642,6.289715570908998,0.0757048925020527,228.7
2019-08-28 08:00:00,0.3912292729116089,6.222576268071369,0.07023522532476711,525.1
2019-08-28 09:00:00,0.2482043036902688,6.1463292576688975,0.05937519820053794,651.5
2019-08-28 10:00:00,0.21388037258552473,6.131226489483141,0.06554986084709213,750.4
2019-08-28 11:00:00,0.20873292799875864,6.210600077024653,0.050163914643778895,743.3
2019-08-28 12:00:00,0.09556579570619483,6.340359303727752,0.037062094051339756,697.3
2019-08-28 13:00:00,0.08470203463225667,6.456769655572163,0.054978470114630085,554.0
2019-08-28 14:00:00,0.10718624770488994,6.52795791762255,0.04958069377545371,442.5
2019-08-28 15:00:00,0.13729052902034056,6.5638555265321274,0.060854879513403404,366.0
2019-08-28 16:00:00,0.0877195039148746,6.568077911411976,0.052117173493133606,264.2
2019-08-28 17:00:00,0.057620255833454426,6.576469569048224,0.05622649578175931,256.3
2019-08-28 18:00:00,0.011392186182671349,6.583409222158765,0.050880796232837255,156.5
2019-08-28 19:00:00,-0.008656220910400858,6.48768401848461,0.0629838276445902,120.9
2019-08-28 20:00:00,-0.04123768095144209,6.558197802812269,0.0698291861607494,48.9
2019-08-28 21:00:00,-0.002050358427746257,6.580639137284949,0.05929663526548801,-209.7
2019-08-28 22:00:00,-0.03859846528339883,6.5722825426940075,0.03681665618282537,-730.5
2019-08-28 23:00:00,0.00571957916510879,6.539585955617669,0.026971254376368492,-1288.3
2019-08-29 00:00:00,0.028277119206743695,6.480044561926653,0.014207610695498474,-1205.8
2019-08-29 01:00:00,0.03480362197635056,6.440946540632921,0.013245973701668134,-1307.3
2019-08-29 02:00:00,0.04834457794356428,6.3784261836515865,0.015095643987372398,-1320.6
2019-08-29 03:00:00,0.04591371780628606,6.317164686747284,0.014366924573648632,-1301.8
2019-08-29 04:00:00,0.10981019700276873,6.259581464064923,0.026483983951283818,-1199.0
2019-08-29 05:00:00,0.0653001439667471,6.180016653652572,0.04398101893490214,-901.6
2019-08-29 06:00:00,0.03156369329476405,6.07073772800249,0.07189951828087082,-163.7
2019-08-29 07:00:00,0.027980777771518195,5.966146739123692,0.08886371267242588,759.7
2019-08-29 08:00:00,0.3220836067311481,5.8805329864007,0.08102944089453423,802.5
2019-08-29 09:00:00,0.3185175007607137,5.8916442118257715,0.06946823269803382,841.9
2019-08-29 10:00:00,0.30478754017184295,5.958424693029782,0.08393917424024266,976.3
2019-08-29 11:00:00,0.24706185261831237,6.035481432524756,0.0650362024984581,930.7
2019-08-29 12:00:00,0.16313010914077486,6.12029741895095,0.057835135281843364,1088.9
2019-08-29 13:00:00,0.08265435377040475,6.19644412779452,0.08944792145391212,1049.9
2019-08-29 14:00:00,0.039504708880961914,6.257667587882639,0.07091177623726885,986.8
2019-08-29 15:00:00,-0.05269187622973437,6.297109319933935,0.06295067074742633,979.5
2019-08-29 16:00:00,-0.01170581196655629,6.331501849893691,0.07757288517290917,816.0
2019-08-29 17:00:00,0.008075183426542232,6.3561076606958915,0.08137477928523396,696.8
2019-08-29 18:00:00,-0.022448185292095246,6.386879319362645,0.07431064432398671,576.3
2019-08-29 19:00:00,-0.008487776270815317,6.352629396319567,0.08430624289958466,479.2
2019-08-29 20:00:00,0.02207991681117072,6.473890696352274,0.08878878636492793,359.8
2019-08-29 21:00:00,0.008231226075489317,6.582025138892826,0.07410906517218585,8.2
2019-08-29 22:00:00,-0.030437663893889244,6.679599185844383,0.047632101876693866,-594.0
2019-08-29 23:00:00,-0.020919168426562607,6.74993119378857,0.034735621879171674,-1240.2
2019-08-30 00:00:00,-0.02130053469322979,6.9440872082295275,0.03013826811575626,-2031.0
2019-08-30 01:00:00,0.013342486484579918,6.928537818164665,0.02793627946376276,-2120.2
2019-08-30 02:00:00,0.062475339980190725,6.897704943128636,0.030408875027370996,-2127.7
2019-08-30 03:00:00,-0.00041994503946840567,6.863803391452954,0.030459578186544434,-1914.1
2019-08-30 04:00:00,0.034707406062677304,6.822197390620491,0.041900135234692826,-1623.6
2019-08-30 05:00:00,-0.02033896094563392,6.763884908562435,0.06139100258928387,-1309.9
2019-08-30 06:00:00,-0.018922907239033115,6.705639094860003,0.09232597277210708,-387.3
2019-08-30 07:00:00,-0.016913336964249126,6.635946555686647,0.11020455770533744,746.5
2019-08-30 08:00:00,0.1630953291938111,6.590301048196686,0.10111624936113905,1047.3
2019-08-30 09:00:00,0.08578957555290057,6.63200177739563,0.09404259075284394,1221.8
2019-08-30 10:00:00,0.12026344895017349,6.7226297948554485,0.10773040894162023,1352.6
2019-08-30 11:00:00,-0.04950393548132537,6.86171134048073,0.08729281043198611,1272.0
2019-08-30 12:00:00,-0.03807088908735912,7.00033446027523,0.08764223011962358,1127.4
2019-08-30 13:00:00,-0.06704013805302678,7.085064293952548,0.09218676388840841,856.7
2019-08-30 14:00:00,-0.07756703205328375,7.108244139731541,0.07627853244881244,671.1
2019-08-30 15:00:00,-0.07193808689190728,7.095064377287131,0.07584118349507918,821.1
2019-08-30 16:00:00,-0.031606078638431345,7.072421900537371,0.07204451056275474,662.5
2019-08-30 17:00:00,0.01747134394444494,7.017506142941256,0.07241258490246771,627.0
2019-08-30 18:00:00,0.0007416557553043823,6.931471805599453,0.06520266222251436,587.2
2019-08-30 19:00:00,0.0026472301253681607,6.725033642166843,0.07777856113814074,492.9
2019-08-30 20:00:00,-0.010825216235682333,6.739336627357174,0.08092875430537738,400.7
2019-08-30 21:00:00,-0.022842264561957926,6.804614520062624,0.07045837900954055,154.7
2019-08-30 22:00:00,-0.05459808334499572,6.8658910748834385,0.049110888672563746,-305.3
2019-08-30 23:00:00,-0.06902393444475541,6.902742737158593,0.03793366100449447,-708.2
2019-08-31 00:00:00,-0.08867690606312184,7.066466970136958,0.027424633698579726,-1125.2
2019-08-31 01:00:00,-0.11365665171549377,7.0630481633881725,0.024713410323935037,-1263.2
2019-08-31 02:00:00,-0.1231343289557345,7.047517221357296,0.02458861321255945,-1335.0
2019-08-31 03:00:00,-0.047006172089262055,7.0192966537150445,0.02316295917443334,-1399.4
2019-08-31 04:00:00,-0.019440056039364162,6.988413181999592,0.03142694005342861,-1376.0
2019-08-31 05:00:00,0.041182291706107765,6.952728644624869,0.03739681267366457,-1357.4
2019-08-31 06:00:00,-0.009280575422383475,6.905753276311464,0.030749928315650266,-1186.3
2019-08-31 07:00:00,-0.027344467629627722,6.835184586147301,0.029668668879798687,-860.8
2019-08-31 08:00:00,-0.05277027682818547,6.7912214627261855,0.03814821657883982,-298.4
2019-08-31 09:00:00,-0.04982370080690801,6.813444599510896,0.0413395770270828,68.9
2019-08-31 10:00:00,0.033574682711808634,6.848005274576363,0.049871509539455516,250.0
2019-08-31 11:00:00,-0.023278330216594867,6.862757913051401,0.03404346254179558,257.8
2019-08-31 12:00:00,0.04684052925827764,6.84587987526405,0.026595950906282084,168.0
2019-08-31 13:00:00,-0.01765131249331775,6.80903930604298,0.028362378388292697,76.9
2019-08-31 14:00:00,-0.020417230611241344,6.740519359606223,0.021370397938044405,46.8
2019-08-31 15:00:00,-0.06373977820664178,6.645090969505644,0.000296724594312181,60.1
2019-08-31 16:00:00,-0.03200820525956072,6.52649485957079,0.021077839414930466,151.4
2019-08-31 17:00:00,-0.031034961620028056,6.415096959171596,0.025306685888446978,351.4
2019-08-31 18:00:00,0.0347321227491002,6.345636360828596,0.0300124404099833,335.8
2019-08-31 19:00:00,0.0580755742508261,6.249975242259483,0.04778627802488877,245.1
2019-08-31 20:00:00,0.047643402169891935,6.410174881966167,0.060951738413104195,199.6
2019-08-31 21:00:00,0.046906900188657286,6.579251212010101,0.05149091208620149,-38.9
2019-08-31 22:00:00,0.014357630940765809,6.704414354964107,0.03298875923510991,-422.9
2019-08-31 23:00:00,-0.07734945213301803,6.771935555839602,0.027339906996090235,-813.4
2019-09-01 00:00:00,-0.05848235383230582,6.9411900550683745,-0.05177859805355567,-1381.1
2019-09-01 01:00:00,-0.010427491174691994,6.976348070447749,-0.05480368634931487,-1599.3
2019-09-01 02:00:00,0.01976537176309323,7.009408932708637,-0.06370064766196926,-1736.2
2019-09-01 03:00:00,0.053636374696406364,7.030857476116121,-0.06101946596422003,-1757.3
2019-09-01 04:00:00,0.044791957031695695,7.039660349862076,-0.06692366365709113,-1746.5
2019-09-01 05:00:00,0.09510879988868126,7.026426808699636,-0.08428407211414779,-1743.4
2019-09-01 06:00:00,0.08910446265793803,6.98100574072173,-0.10836550244539822,-1650.0
2019-09-01 07:00:00,-0.016721741662973244,6.928537818164665,-0.11045430894301589,-1349.4
2019-09-01 08:00:00,0.019449104363673975,6.911747300251674,-0.09432203881669565,-1000.4
2019-09-01 09:00:00,0.049576771711628,6.950814768442584,-0.07843654121985466,-671.1
2019-09-01 10:00:00,0.0918381400676429,6.983789965258135,-0.05906338095345731,-425.2
2019-09-01 11:00:00,0.09331359883706902,7.001245622069476,-0.06230387287495809,-307.1
2019-09-01 12:00:00,0.1161485361541219,7.027314514039777,-0.0530498529949881,-283.2
2019-09-01 13:00:00,0.1236352636762259,7.037905963447182,-0.0646206892931076,-297.4
2019-09-01 14:00:00,0.14177283608428848,7.050122520269059,-0.05182460223400831,-354.9
2019-09-01 15:00:00,0.1468487099051985,7.074116816197362,-0.05960039887003532,-396.4
2019-09-01 16:00:00,0.132844984840923,7.078341579557671,-0.049374536415299985,-349.6
2019-09-01 17:00:00,-0.0009428359354455296,7.064759027791802,-0.04950810130234906,-148.6
2019-09-01 18:00:00,-0.019791082724916365,7.04141166379481,-0.050911793667244964,-60.0
2019-09-01 19:00:00,0.012725471797726318,6.894670039433482,-0.05453970979661804,63.0
2019-09-01 20:00:00,0.07018408082308447,6.8885724595653635,-0.03875883245960843,19.3
2019-09-01 21:00:00,0.08272737620027115,6.863803391452954,-0.03172509947271962,-145.6
2019-09-01 22:00:00,0.08520919896643075,6.833031732786201,-0.03671594411212453,-573.4
2019-09-01 23:00:00,0.0939508853132498,6.812345094177479,-0.041014212039462095,-1017.4
2019-09-02 00:00:00,0.031911324357691395,6.778784897685177,-0.0604830700750032,-968.3
2019-09-02 01:00:00,0.033448892034451116,6.74993119378857,-0.06323589276372488,-1086.1
2019-09-02 02:00:00,0.027156257070264367,6.70808408385307,-0.061136397434118805,-1097.9
2019-09-02 03:00:00,-0.046505034506799436,6.666956792429207,-0.05888289232088262,-1024.2
2019-09-02 04:00:00,-0.13685272829331874,6.637258031284457,-0.05689437048295076,-933.3
2019-09-02 05:00:00,-0.10671337943691883,6.598509028614515,-0.05327145293473734,-561.8
2019-09-02 06:00:00,0.030636171370917786,6.539585955617669,-0.03922651021490253,244.1
2019-09-02 07:00:00,0.015567081506052016,6.464588303689961,-0.01945745573469715,1117.9
2019-09-02 08:00:00,0.15157845218224697,6.391917113392602,-0.0158895209364438,1402.4
2019-09-02 09:00:00,0.14960914344013787,6.405228458030842,-0.01537063831649732,1423.4
2019-09-02 10:00:00,0.03870896635389576,6.470799503782602,-0.011158195474950006,1492.8
2019-09-02 11:00:00,0.06188615572003631,6.556778356158042,-0.0073687279101388725,1463.7
2019-09-02 12:00:00,0.06178647844716245,6.655440350367647,-0.017999964136956592,1410.8
2019-09-02 13:00:00,0.04883599360411672,6.740519359606223,-0.005288693624986962,1310.1
2019-09-02 14:00:00,0.04321262828698336,6.811244378601294,-0.00274081497985712,1267.3
2019-09-02 15:00:00,0.04244100578563348,6.855408798609928,-0.005090173531693054,1118.2
2019-09-02 16:00:00,0.022224639170654648,6.882437470997847,-0.007223588881576148,1008.1
2019-09-02 17:00:00,0.05660108021052723,6.878326468291325,-0.013090086711693871,1012.1
2019-09-02 18:00:00,0.03461639326923471,6.826545223556594,-0.032224380248257134,984.8
2019-09-02 19:00:00,0.03350687241702399,6.709304340258298,-0.034141186879647734,947.0
2019-09-02 20:00:00,0.05939726201680795,6.733401891837359,-0.019447423094177907,912.4
2019-09-02 21:00:00,0.11300853419545787,6.78332520060396,-0.01611913403833576,628.5
2019-09-02 22:00:00,0.13727582988897957,6.836259277277067,-0.026712136593733504,-67.3
2019-09-02 23:00:00,0.04350504325547888,6.85751406254539,-0.03828981289740874,-557.5
2019-09-03 00:00:00,0.09923707562061557,6.952728644624869,-0.025841658968811743,-949.8
2019-09-03 01:00:00,0.13168722158904744,6.86171134048073,-0.03425788485993486,-1005.1
2019-09-03 02:00:00,0.13008055399314467,6.7650389767805414,-0.035257899341525345,-969.5
2019-09-03 03:00:00,0.1459236042430545,6.692083742506628,-0.03544296815779191,-928.6
2019-09-03 04:00:00,0.13351272842166306,6.654152520183219,-0.037681127698121486,-858.5
2019-09-03 05:00:00,0.04348674670758834,6.668228248417403,-0.033143101265359576,-568.4
2019-09-03 06:00:00,0.011094015251755796,6.726233402358747,-0.011736856396868944,334.2
2019-09-03 07:00:00,0.020442832673659872,6.776506992372183,0.013382043938539923,1052.4
2019-09-03 08:00:00,-0.04151629271856416,6.807934943699926,0.018290366793396018,1283.0
2019-09-03 09:00:00,-0.03706443273946203,6.874198495453294,0.02071531074529709,1343.6
2019-09-03 10:00:00,-0.0386956870390871,6.934397209928558,0.027280843294409607,1366.3
2019-09-03 11:00:00,-0.01694675524000644,6.966024187106113,0.029315424503124632,1356.1
2019-09-03 12:00:00,0.014294532978849972,6.9584483932976555,0.049613851924736,1464.9
2019-09-03 13:00:00,0.03207815067050257,6.926577033222725,0.03292804729134957,1346.7
2019-09-03 14:00:00,0.0396934204665893,6.889591308354466,0.04145772196531183,1209.3
2019-09-03 15:00:00,0.0300776888121268,6.851184927493743,0.04336695770988541,1232.5
2019-09-03 16:00:00,0.03803342634244267,6.816735880594968,0.037115129945863856,1246.5
2019-09-03 17:00:00,0.0596619188977483,6.80128303447162,0.031544347794090655,1272.7
2019-09-03 18:00:00,0.15867847902293564,6.752270376141742,0.012939725448172013,1109.1
2019-09-03 19:00:00,0.2588089970838112,6.630683385642372,0.0060852926338874624,1009.5
2019-09-03 20:00:00,0.26064012673634807,6.646390514847729,0.016099186729745085,975.0
2019-09-03 21:00:00,0.1132149216603211,6.637258031284457,0.013068510250013432,762.0
2019-09-03 22:00:00,0.1781182262308043,6.6052979209482015,-0.0034790582034798234,67.5
2019-09-03 23:00:00,0.202010667850673,6.561030665896573,-0.01923188323801206,-301.5
2019-09-04 00:00:00,0.19766211392273547,6.602587892189336,-0.026599992061788313,-506.1
2019-09-04 01:00:00,0.18679434028517505,6.566672429803241,-0.0272810822146603,-640.3
2019-09-04 02:00:00,0.1808759832589022,6.529418838262226,-0.026402216998103967,-628.9
2019-09-04 03:00:00,0.1655845226672663,6.470799503782602,-0.026174197363994622,-615.3
2019-09-04 04:00:00,0.14456192835148984,6.421622267806518,-0.03230601016376866,-514.3
2019-09-04 05:00:00,0.0830574869781251,6.338594078203183,-0.03734758297683172,-169.0
2019-09-04 06:00:00,0.07391993007341924,6.18826412308259,-0.03931321086600725,701.6
2019-09-04 07:00:00,0.06811968158263593,6.0014148779611505,-0.03833622977046325,1549.8
2019-09-04 08:00:00,0.40745093432940394,5.736572297479192,-0.03520051022473325,1681.5
2019-09-04 09:00:00,0.45074270843618347,5.556828061699537,-0.03626245629792635,1769.1
2019-09-04 10:00:00,0.4980054474289055,5.552959584921617,-0.015909948152762254,1835.9
2019-09-04 11:00:00,0.4027117348443001,5.726847747587197,-0.028322856197199542,1829.6
2019-09-04 12:00:00,0.01603399224381974,5.991464547107982,-0.029759718177714944,1824.1
2019-09-04 13:00:00,0.04665019874997567,6.226536669287466,-0.02473222095511396,1649.0
2019-09-04 14:00:00,0.06733517013670687,6.411818267709897,-0.021281197329658497,1507.3
2019-09-04 15:00:00,0.08237887218564222,6.556778356158042,-0.01354507900368418,1437.5
2019-09-04 16:00:00,0.05143474557288785,6.698268054115413,-0.022574136607962814,1268.7
2019-09-04 17:00:00,0.02180853780764913,6.810142450115136,-0.02740183605545532,1161.2
2019-09-04 18:00:00,-0.004385297369695618,6.903747257584598,-0.04231775472868193,1057.4
2019-09-04 19:00:00,0.013534689742895178,6.918695219020472,-0.04532904080860689,817.1
2019-09-04 20:00:00,0.03739989960663337,7.010311867307229,-0.03614437223892253,687.6
2019-09-04 21:00:00,0.038827398163169935,7.059617628291383,-0.026662484853124724,476.8
2019-09-04 22:00:00,0.00715476679387006,7.0909098220799835,-0.027903891224104527,-260.0
2019-09-04 23:00:00,0.06790070698026751,7.10085190894405,-0.02821220187594875,-924.5
2019-09-05 00:00:00,0.019921330867943787,7.288244401020124,-0.03659871383945301,-1567.8
2019-09-05 01:00:00,-0.0029067010482464184,7.282073658093465,-0.0383099416938002,-1674.1
2019-09-05 02:00:00,-0.0364497799075747,7.272398392570047,-0.03948664285604053,-1702.5
2019-09-05 03:00:00,-0.07502311047553079,7.265429723253953,-0.04320333075151339,-1656.5
2019-09-05 04:00:00,-0.024851439651751406,7.266128779556451,-0.04460538211321463,-1619.0
2019-09-05 05:00:00,-0.08224639436906944,7.266128779556451,-0.04920156118354235,-1288.8
2019-09-05 06:00:00,-0.01976677687941697,7.252762418053187,-0.04712205975273065,-328.8
2019-09-05 07:00:00,-0.016787218958493888,7.243512974665482,-0.040271412172677046,463.7
2019-09-05 08:00:00,-0.06501223747854556,7.2196420401307355,-0.03979966627524689,721.3
2019-09-05 09:00:00,-0.07920392751224004,7.240649694255466,-0.03968868152565719,797.2
2019-09-05 10:00:00,-0.026832624043890085,7.266128779556451,-0.014399129377556719,936.7
2019-09-05 11:00:00,-0.04067112966670772,7.282761179605593,-0.03210336157374627,949.3
2019-09-05 12:00:00,0.031448302073682655,7.288927694521257,-0.027471915560301596,821.2
2019-09-05 13:00:00,0.030531888617840952,7.283448228756631,-0.014155192287763185,769.8
2019-09-05 14:00:00,0.04407221769208336,7.256297239690681,-0.024360704523628485,750.6
2019-09-05 15:00:00,-0.051188315903598625,7.21890970761906,-0.035398885611149566,725.3
2019-09-05 16:00:00,-0.011671558299715556,7.170119543449628,-0.022238315749007143,698.5
2019-09-05 17:00:00,-0.050238662993326244,7.122866658599083,-0.026391317573560613,790.5
2019-09-05 18:00:00,-0.06149380512457281,7.002155954403621,-0.04176776294334594,866.8
2019-09-05 19:00:00,-0.02927545242103502,6.742880635791903,-0.04271778418420169,929.9
2019-09-05 20:00:00,0.04009360255492478,6.656726524178391,-0.03212308496359206,1036.6
2019-09-05 21:00:00,0.05618715393754581,6.583409222158765,-0.023369757316890727,724.7
2019-09-05 22:00:00,0.03406149206418574,6.523562306149512,-0.024836293556207423,135.8
2019-09-05 23:00:00,-0.03365928565713361,6.481577129276431,-0.024894698642462743,-308.9
2019-09-06 00:00:00,-0.15043471511353435,6.568077911411976,0.006908344838700842,-565.6
2019-09-06 01:00:00,-0.12459026443190568,6.566672429803241,0.006834496202429818,-710.1
2019-09-06 02:00:00,-0.14537542825205385,6.546785410760524,0.007900089247847575,-783.1
2019-09-06 03:00:00,-0.18277876867748466,6.511745329644728,0.006028107130346072,-790.4
2019-09-06 04:00:00,-0.17648361208581242,6.489204931325317,0.0031914452713195374,-689.7
2019-09-06 05:00:00,-0.21083359948649694,6.464588303689961,-0.002681770930374583,-411.7
2019-09-06 06:00:00,-0.09300335283410854,6.406879986069314,-0.005736102548752342,457.2
2019-09-06 07:00:00,-0.04538974843227628,6.3561076606958915,-0.003264177715035288,1297.2
2019-09-06 08:00:00,-0.074948130483802,6.317164686747284,-0.006215405856798029,1501.6
2019-09-06 09:00:00,-0.052530368294556595,6.373319789577012,-0.004402171957625711,1420.3
2019-09-06 10:00:00,0.05513561621322838,6.490723534502507,0.020415619624040815,1428.8
2019-09-06 11:00:00,-0.07094146567138937,6.579251212010101,-0.0003518775906776739,1371.2
2019-09-06 12:00:00,0.0025258839561304036,6.595780513961311,0.010352179710084286,1235.3
2019-09-06 13:00:00,-0.012612293616883541,6.595780513961311,0.0020954547219389497,1042.7
2019-09-06 14:00:00,-0.026789081369008816,6.588926477533519,0.0005387419800033655,903.4
2019-09-06 15:00:00,-0.03316417888305523,6.569481420414296,-0.001093376979657279,742.1
2019-09-06 16:00:00,-0.028988584253667238,6.542471960506805,-0.0016098842895324594,625.8
2019-09-06 17:00:00,-0.03158158437193004,6.51471269087253,-0.00794899390656667,738.2
2019-09-06 18:00:00,0.01801435686357644,6.516193076042964,-0.023794373700544824,621.7
2019-09-06 19:00:00,0.003464160367127711,6.455198563340122,-0.024238849593185563,518.8
2019-09-06 20:00:00,0.01472114435724503,6.525029657843462,-0.01572828839269036,347.4
2019-09-06 21:00:00,0.03546000337801036,6.583409222158765,-0.004264625995460847,-14.7
2019-09-06 22:00:00,0.010787901683057655,6.62273632394984,-1.6660634747367453e-05,-567.3
2019-09-06 23:00:00,-0.012415287858374757,6.610696044717759,0.001770082370930126,-972.3
2019-09-07 00:00:00,-0.05949755174611271,6.902742737158593,0.018559743591568534,-1310.0
2019-09-07 01:00:00,-0.04611811643879404,6.879355804460439,0.01922802890599229,-1455.8
2019-09-07 02:00:00,-0.017768057575495266,6.863803391452954,0.01849219688683945,-1546.2
2019-09-07 03:00:00,0.027880216873221286,6.8501261661455,0.01652968276084721,-1567.7
2019-09-07 04:00:00,0.04195131052694956,6.836259277277067,0.011920244206894637,-1565.3
2019-09-07 05:00:00,0.07599720901792395,6.81783057145415,0.0008569134730116446,-1516.6
2019-09-07 06:00:00,0.06572551349592315,6.79794041297493,-0.01967889769061415,-1444.9
2019-09-07 07:00:00,0.05229203089055234,6.777646593635117,-0.028121230648729068,-1223.7
2019-09-07 08:00:00,0.0024906019384300926,6.732210706467206,-0.019869800012681793,-925.3
2019-09-07 09:00:00,0.03335770438201857,6.670766320845874,-0.016456583120769253,-472.9
2019-09-07 10:00:00,0.13965780011749862,6.617402977974478,0.0009498114342836317,-243.2
2019-09-07 11:00:00,0.061920347028534106,6.595780513961311,-0.009702614005153265,-121.7
2019-09-07 12:00:00,0.12453456345610991,6.593044534142437,-0.004831209336281006,-207.4
2019-09-07 13:00:00,0.07006218568887368,6.569481420414296,-0.011874668300844604,-244.4
2019-09-07 14:00:00,0.0730701455694911,6.51025834052315,-0.005035009887528474,-161.0
2019-09-07 15:00:00,0.01433819921932944,6.406879986069314,-0.029095562929139618,-170.1
2019-09-07 16:00:00,0.04955796373108079,6.2766434893416445,-0.010709820678023618,-161.4
2019-09-07 17:00:00,0.09206808969854174,6.1224928095143865,-0.017008390930008943,-134.8
2019-09-07 18:00:00,0.053224115991683085,5.978885764901122,-0.02549684123385454,74.0
2019-09-07 19:00:00,0.012387897388264069,5.814130531825066,-0.025537738920920816,134.9
2019-09-07 20:00:00,0.03584483639407576,5.786897381366708,-0.012774893123163267,205.0
2019-09-07 21:00:00,0.08101787112690939,5.739792912179234,-0.001973708787518902,4.8
2019-09-07 22:00:00,0.09708704538275503,5.697093486505405,0.006559424950513204,-349.0
2019-09-07 23:00:00,0.07595901283238682,5.634789603169249,0.012200295275420103,-584.0
2019-09-08 00:00:00,0.12267911002411847,5.393627546352362,0.003503690194888165,-711.6
2019-09-08 01:00:00,0.1893456724396234,5.241747015059643,0.005223423855319709,-847.7
2019-09-08 02:00:00,0.23661792571206242,5.135798437050262,0.00022133225222553676,-897.4
2019-09-08 03:00:00,0.2635095890897192,5.093750200806762,0.005501216377343354,-923.6
2019-09-08 04:00:00,0.2778438040079698,5.147494476813453,0.0016950263474786453,-940.5
2019-09-08 05:00:00,0.3060778275082052,5.209486152841421,-0.008372755819884503,-927.8
2019-09-08 06:00:00,0.2997997204455798,5.288267030694535,-0.03052371906449025,-869.1
2019-09-08 07:00:00,0.20114475255039288,5.3612921657094255,-0.03892138437126569,-667.3
2019-09-08 08:00:00,0.08254105324396566,5.365976015021851,-0.031919024417163655,-296.2
2019-09-08 09:00:00,0.11270317882319825,5.332718793265369,-0.02505731935255362,-119.6
2019-09-08 10:00:00,0.10626280071595273,5.365976015021851,-0.012419855159697235,179.2
2019-09-08 11:00:00,0.10638568040442209,5.420534999272286,-0.019839392357200225,291.1
2019-09-08 12:00:00,0.13398845428245298,5.44673737166631,-0.014740460641203157,335.5
2019-09-08 13:00:00,0.14414139738016418,5.480638923341991,-0.028831581441522758,278.8
2019-09-08 14:00:00,0.17643481778520664,5.529429087511423,-0.021803585979151663,201.8
2019-09-08 15:00:00,0.202271085352268,5.605802066295998,-0.03116007759513728,163.4
2019-09-08 16:00:00,0.19475065444481965,5.697093486505405,-0.023645628733545365,192.0
2019-09-08 17:00:00,0.16660969997882846,5.802118375377063,-0.024453322956826895,157.8
2019-09-08 18:00:00,0.08858805984591944,5.940171252720432,-0.024323761303884694,277.9
2019-09-08 19:00:00,0.0519251214550982,6.023447592961033,-0.025854561797759246,325.0
2019-09-08 20:00:00,0.048251086732586046,6.206575926724928,-0.013052901047197807,296.9
2019-09-08 21:00:00,0.06431949347989319,6.3080984415095305,-0.012316495119574,-98.7
2019-09-08 22:00:00,0.06552734395425652,6.385194398997726,-0.01235785283774149,-550.2
2019-09-08 23:00:00,0.11733194752030762,6.439350371100098,-0.009759497715730703,-1005.3
2019-09-09 00:00:00,0.19770820881934803,6.459904454377535,-0.018414649920975634,-1206.9
2019-09-09 01:00:00,0.2665537874783337,6.4692503167957724,-0.019666417829437677,-1321.6
2019-09-09 02:00:00,0.26983048716789604,6.470799503782602,-0.017957751938702415,-1327.2
2019-09-09 03:00:00,0.22748371081297902,6.473890696352274,-0.01730026796247941,-1295.2
2019-09-09 04:00:00,0.09855348519853413,6.484635235635252,-0.018563171168612058,-1208.4
2019-09-09 05:00:00,0.024478830834431697,6.495265555937008,-0.020128402833494263,-833.1
2019-09-09 06:00:00,-0.04631440135625153,6.493753839851686,-0.022358201750115825,-29.3
2019-09-09 07:00:00,-0.04845683565771264,6.464588303689961,-0.019674093517172864,857.5
2019-09-09 08:00:00,-0.08119761974543493,6.371611847231857,-0.022172922068030232,1066.8
2019-09-09 09:00:00,-0.04576051726834063,6.280395838960195,-0.023276640174785257,1117.0
2019-09-09 10:00:00,0.06711933257938307,6.198478716492308,-0.020342512652332445,1190.0
2019-09-09 11:00:00,0.19577624984897257,6.082218910376446,-0.01470385042061828,1190.0
2019-09-09 12:00:00,0.19719556683206863,5.937536205082426,-0.024225988191824754,1190.0
2019-09-09 13:00:00,0.19396273192725166,5.762051382780177,-0.009890730823542526,1220.7
2019-09-09 14:00:00,0.13578266328044064,5.579729825986222,-0.006629212501676918,1330.2
2019-09-09 15:00:00,0.135953134570852,5.37989735354046,-0.008359011788000359,1248.4
2019-09-09 16:00:00,0.09992633914221782,5.198497031265826,-0.00850522955685129,1199.6
2019-09-09 17:00:00,0.15670785830345224,5.10594547390058,-0.0140457544244601,1235.0
2019-09-09 18:00:00,0.1470217576914994,5.153291594497779,-0.028891581377699538,1190.0
2019-09-09 19:00:00,0.024140276947191452,5.247024072160486,-0.027049720608166794,1190.0
2019-09-09 20:00:00,-0.0032568568606823334,5.501258210544727,-0.016316854336748676,1174.2
2019-09-09 21:00:00,0.019811364758720806,5.720311776607412,-0.01826203228123724,713.5
2019-09-09 22:00:00,0.020296926277287852,5.883322388488279,-0.020594412876146606,141.8
2019-09-09 23:00:00,0.017925260855858216,5.976350909297934,-0.022007766790517636,-433.7
2019-09-10 00:00:00,0.05799105710636443,6.464588303689961,-0.017479240899156423,-1094.6
2019-09-10 01:00:00,0.07857739627509908,6.532334292222349,-0.023074972620188205,-1295.9
2019-09-10 02:00:00,0.053036126414412355,6.597145701886651,-0.02394523337417276,-1407.8
2019-09-10 03:00:00,0.042548152449943366,6.663132695990803,-0.026143278932492464,-1455.0
2019-09-10 04:00:00,0.02748129693860335,6.731018100482083,-0.030803324400146437,-1412.0
2019-09-10 05:00:00,-0.026850197521500974,6.78105762593618,-0.031242734194190547,-1170.2
2019-09-10 06:00:00,-0.03837638022254053,6.804614520062624,-0.027204148690175955,-435.8
2019-09-10 07:00:00,-0.068578864633833,6.80903930604298,-0.019835845439676092,306.2
2019-09-10 08:00:00,-0.07679069006368078,6.763884908562435,-0.021636739244600633,494.4
2019-09-10 09:00:00,-0.07625480501295678,6.742880635791903,-0.021691698817315697,506.1
2019-09-10 10:00:00,-0.12741856154389009,6.733401891837359,-0.01922023473987622,590.9
2019-09-10 11:00:00,-0.10591229250399481,6.706862336602747,-0.02066699018011242,664.4
2019-09-10 12:00:00,-0.07023248714201502,6.673297967767654,-0.00572897480978618,608.8
2019-09-10 13:00:00,-0.04807298512071956,6.625392368007956,-0.027234273883999904,568.1
2019-09-10 14:00:00,-0.03767522724078365,6.61338421837956,-0.022184100168807674,560.6
2019-09-10 15:00:00,-0.05679098393180926,6.621405651764134,-0.02145369066894176,541.6
2019-09-10 16:00:00,-0.05925221677846437,6.61472560020376,-0.026143730807710597,492.5
2019-09-10 17:00:00,0.020682625292575807,6.580639137284949,-0.0286927423717227,425.6
2019-09-10 18:00:00,-0.02488940571655629,6.546785410760524,-0.03904482512085217,380.0
2019-09-10 19:00:00,-0.05283148316089514,6.410174881966167,-0.036835202337362816,422.6
2019-09-10 20:00:00,-0.023725642043275652,6.366470447731438,-0.026855143940831994,445.3
2019-09-10 21:00:00,-0.004967162424348803,6.274762021241939,-0.03195948378310476,80.0
2019-09-10 22:00:00,0.028738076918167987,6.175867270105761,-0.03754561276708479,-438.4
2019-09-10 23:00:00,0.07258865353948485,6.068425588244111,-0.03996827969428374,-764.7
2019-09-11 00:00:00,0.10979776748166792,5.700443573390687,-0.06538367249427779,-791.5
2019-09-11 01:00:00,0.08557736250230441,5.703782474656201,-0.0677958824793965,-984.0
2019-09-11 02:00:00,0.07206231709705468,5.700443573390687,-0.0673316363658305,-1020.3
2019-09-11 03:00:00,0.03374257574337536,5.703782474656201,-0.06686472223263351,-1029.1
2019-09-11 04:00:00,-0.008345743236171987,5.739792912179234,-0.06911998328648572,-935.8
2019-09-11 05:00:00,-0.038556646242676074,5.805134968916488,-0.061171272689446,-616.0
2019-09-11 06:00:00,0.0004755409016761192,5.910796644040527,-0.04268955556627141,56.4
2019-09-11 07:00:00,-0.05978801687026891,6.054439346269371,-0.029152436628864464,885.6
2019-09-11 08:00:00,-0.05298842458967945,6.285998094508865,-0.025345114875479524,895.1
2019-09-11 09:00:00,-0.09054572548429984,6.588926477533519,-0.027073710430238762,746.6
2019-09-11 10:00:00,-0.12782233744931615,6.853299093186078,-0.009270230845537242,605.4
2019-09-11 11:00:00,-0.15673734474698353,7.047517221357296,-0.021472803464712698,547.2
2019-09-11 12:00:00,-0.15207174663394518,7.1846291527173145,-0.022890415562182298,302.4
2019-09-11 13:00:00,-0.12026820990728426,7.283448228756631,-0.01886156775933223,90.2
2019-09-11 14:00:00,-0.10265650986198827,7.353081920515432,-0.016221631355504584,51.6
2019-09-11 15:00:00,-0.10049407688775247,7.40184157874383,-0.00899841507820831,-16.2
2019-09-11 16:00:00,-0.12671398953336777,7.4489161025442,-0.01818558260175962,-185.3
2019-09-11 17:00:00,-0.14265948915009075,7.466799475018602,-0.019215961397398118,-154.2
2019-09-11 18:00:00,-0.10883267519441153,7.465082736399547,-0.029429594376177093,-330.8
2019-09-11 19:00:00,-0.1261899955021759,7.37650812632622,-0.024868790900450577,-325.7
2019-09-11 20:00:00,-0.12106299043880497,7.405495663199472,-0.01867950400143137,-386.6
2019-09-11 21:00:00,-0.08131135118567245,7.416378479192928,-0.021238742743761918,-756.8
2019-09-11 22:00:00,-0.09010096634439257,7.409136443920128,-0.032072607413192955,-1350.8
2019-09-11 23:00:00,-0.08605545816051885,7.385230923066573,-0.04120800870164665,-1948.0
2019-09-12 00:00:00,-0.11755303142418727,7.487173694213739,-0.05246531670788812,-2221.8
2019-09-12 01:00:00,-0.11017123251340966,7.463936604468925,-0.057388653353658725,-2350.3
2019-09-12 02:00:00,-0.08936067112260027,7.448333860897476,-0.05862457422612266,-2359.1
2019-09-12 03:00:00,-0.1025326390942265,7.445417556701687,-0.06149292611682533,-2343.4
2019-09-12 04:00:00,-0.04672951763580313,7.444248649496705,-0.05813384504074648,-2301.6
2019-09-12 05:00:00,-0.04107191960439405,7.438971592395862,-0.04989088360692229,-1943.5
2019-09-12 06:00:00,-0.05845056473411958,7.430114138561801,-0.0291778343340674,-1126.0
2019-09-12 07:00:00,-0.10529636165872613,7.4127640174265625,-0.011073049885684583,-348.6
2019-09-12 08:00:00,-0.15950308089946796,7.3777589082278725,-0.00915439974512644,-173.0
2019-09-12 09:00:00,-0.12937983223182936,7.37650812632622,-0.011689159355395162,-200.1
2019-09-12 10:00:00,-0.05386129643180926,7.390798521735676,0.011977171659721009,-244.6
2019-09-12 11:00:00,-0.06983101595008989,7.416378479192928,-0.006759146417266493,-174.2
2019-09-12 12:00:00,0.012058315339047443,7.452402451223638,-0.005384871258204527,-288.2
2019-09-12 13:00:00,0.01097417578793225,7.482681828154651,0.006241816032511949,-420.2
2019-09-12 14:00:00,-0.03077861538417448,7.508787170634276,-0.0059784199265777715,-436.0
2019-09-12 15:00:00,-0.1162615351404539,7.521859252201629,-0.01792747070400047,-454.2
2019-09-12 16:00:00,-0.07725914729373917,7.52131798019924,-0.00552723741432537,-536.1
2019-09-12 17:00:00,-0.0817396060154576,7.502738210754851,-0.007991140770050364,-531.3
2019-09-12 18:00:00,-0.11641180723089617,7.4821189235521155,-0.020045398042293883,-556.1
2019-09-12 19:00:00,-0.11855610107950776,7.365812837209472,-0.017187232873931535,-436.2
2019-09-12 20:00:00,-0.07302741999564732,7.367708572374371,-0.011626786476236717,-445.2
2019-09-12 21:00:00,-0.05121935273778844,7.3727463664043285,-0.016429630479143142,-862.8
2019-09-12 22:00:00,-0.056307355882304844,7.377133712833954,-0.028415439617075933,-1423.2
2019-09-12 23:00:00,-0.07930566253125271,7.370230641807081,-0.03716642794236691,-1937.7
2019-09-13 00:00:00,-0.040632025740584776,7.395107546562485,-0.04370165604771614,-2073.3
2019-09-13 01:00:00,-0.0255287973605669,7.362010551259734,-0.04710825600602675,-2134.8
2019-09-13 02:00:00,-0.03841520758317607,7.319202458767849,-0.04716502239230458,-2090.7
2019-09-13 03:00:00,-0.12108173514286191,7.270312886079025,-0.04806270488763964,-2054.5
2019-09-13 04:00:00,-0.14836554597704055,7.222566018822171,-0.046983906014890664,-1866.4
2019-09-13 05:00:00,-0.14791544650475563,7.163946684342547,-0.04047340964589807,-1575.2
2019-09-13 06:00:00,-0.09211380496225585,7.102499355774649,-0.022998578681482584,-798.9
2019-09-13 07:00:00,-0.1250779090359755,7.0431599159883405,-0.00962435654199112,146.5
2019-09-13 08:00:00,-0.1685193573130923,6.999422467507961,-0.012395053697362712,329.4
2019-09-13 09:00:00,-0.1502543335196198,7.024649030453636,-0.012406788740239705,280.0
2019-09-13 10:00:00,-0.01023992624601755,7.067319848653476,0.011108416968484747,280.6
2019-09-13 11:00:00,-0.10020076069802908,7.1308988302963465,-0.0110861789834793,176.8
2019-09-13 12:00:00,-0.055019601690470044,7.21890970761906,-0.0016770884842784994,-29.2
2019-09-13 13:00:00,-0.07724312954796586,7.305860032684009,-0.013617309357655927,-319.0
2019-09-13 14:00:00,-0.07545049846189444,7.3783837129967145,-0.017448143469234623,-622.7
2019-09-13 15:00:00,-0.0897330147595099,7.428927194802272,-0.020364371566360617,-755.5
2019-09-13 16:00:00,-0.08244882523216646,7.461065514354283,-0.021216146131118663,-870.5
2019-09-13 17:00:00,-0.09115618785004864,7.444248649496705,-0.02409284227792341,-782.1
2019-09-13 18:00:00,-0.09170008569132193,7.401231264413015,-0.0336210750150876,-723.6
2019-09-13 19:00:00,-0.10346502949099357,7.271008538280992,-0.028787413268958062,-673.7
2019-09-13 20:00:00,-0.1013019413188867,7.2682230211595655,-0.02579257601492735,-824.4
2019-09-13 21:00:00,-0.08174575328378575,7.277247726631484,-0.025739694250097145,-1101.9
2019-09-13 22:00:00,-0.11259980482049636,7.277938572945661,-0.026291802436544387,-1517.6
2019-09-13 23:00:00,-0.17319192139793715,7.269616749608169,-0.0298057580842368,-1874.3
2019-09-14 00:00:00,-0.22058278924203867,7.311886164077165,-0.04191851891249421,-2083.8
2019-09-14 01:00:00,-0.1773073187344969,7.29776828253138,-0.04177716935558351,-2198.5
2019-09-14 02:00:00,-0.14853345607817126,7.295735072749282,-0.04242002918812027,-2268.0
2019-09-14 03:00:00,-0.10119682540192088,7.294377299288821,-0.04021150917485983,-2326.1
2019-09-14 04:00:00,-0.07721659765739464,7.284134806195205,-0.04093910156926306,-2273.9
2019-09-14 05:00:00,-0.030008259903148815,7.252762418053187,-0.04309648189580706,-2175.5
2019-09-14 06:00:00,-0.06489466892114093,7.19668657083435,-0.05477528624673589,-2003.3
2019-09-14 07:00:00,-0.04405197819429674,7.1204443723924875,-0.059419021997912935,-1806.9
2019-09-14 08:00:00,-0.06210402175462715,7.023758954738443,-0.04528232522529052,-1332.8
2019-09-14 09:00:00,-0.049908123614446076,6.983789965258135,-0.03965492322398667,-971.2
2019-09-14 10:00:00,0.04593738361694477,7.00033446027523,-0.026564388901734404,-824.2
2019-09-14 11:00:00,-0.06463378004504561,7.039660349862076,-0.041656508339650955,-770.8
2019-09-14 12:00:00,-0.01600545932288977,7.086737934510577,-0.04036641463238588,-849.8
2019-09-14 13:00:00,-0.08532417701031614,7.1276936993473985,-0.05028699910745793,-850.8
2019-09-14 14:00:00,-0.11895349703091407,7.160069207596127,-0.04516632875336235,-947.4
2019-09-14 15:00:00,-0.16472716211702743,7.183111701743281,-0.06795958954990766,-1027.4
2019-09-14 16:00:00,-0.07510978070279961,7.1929342212158,-0.04531190368892801,-1072.6
2019-09-14 17:00:00,0.007904989237391469,7.194436851100335,-0.047235535562073494,-1133.3
2019-09-14 18:00:00,-0.005838801212659117,7.214504414151143,-0.047778155035006264,-1022.3
2019-09-14 19:00:00,-0.05791054634879034,7.181591944611865,-0.043455893850971705,-1018.4
2019-09-14 20:00:00,-0.05292538170048555,7.256297239690681,-0.03560804442138199,-1131.7
2019-09-14 21:00:00,-0.017842345687328898,7.323830566202317,-0.036015807703275726,-1586.2
2019-09-14 22:00:00,-0.049960800844694564,7.388327859577107,-0.0346073377165812,-1974.9
2019-09-14 23:00:00,-0.12880926183121577,7.458186157340487,-0.0353750479306818,-2406.9
2019-09-15 00:00:00,-0.10438972073584019,7.667158255319148,-0.026122701331049214,-2791.6
2019-09-15 01:00:00,-0.12862179560100984,7.700295203420117,-0.026463579313936947,-3007.0
2019-09-15 02:00:00,-0.3139151476490407,7.720905251936779,-0.03284705318946379,-3083.5
2019-09-15 03:00:00,-0.3752650732963425,7.7279755421055585,-0.02899022339194346,-3076.1
2019-09-15 04:00:00,-0.4435179283161368,7.727094484779841,-0.035826532384241716,-3054.1
2019-09-15 05:00:00,-0.35296494104470044,7.721348612617949,-0.04375183468289556,-3018.5
2019-09-15 06:00:00,-0.32672343248577285,7.713784616598755,-0.06493474700959823,-2896.6
2019-09-15 07:00:00,-0.37350111879066805,7.7057128238944275,-0.07449165823758008,-2735.5
2019-09-15 08:00:00,-0.28480284704433423,7.703459047867175,-0.06325925617034933,-2416.8
2019-09-15 09:00:00,-0.2934329351478935,7.717351272185329,-0.05158750686178948,-2018.3
2019-09-15 10:00:00,-0.3343772361595252,7.7336835707759,-0.03743053734823043,-1824.4
2019-09-15 11:00:00,-0.2935682536553248,7.750614732770409,-0.043954734206762325,-1756.3
2019-09-15 12:00:00,-0.3301385664742975,7.759187438507795,-0.03941185619186527,-1770.8
2019-09-15 13:00:00,-0.3656365573533824,7.761744984658913,-0.0541744298034228,-1816.1
2019-09-15 14:00:00,-0.4499932834799023,7.763446388727362,-0.04612658111937051,-1837.5
2019-09-15 15:00:00,-0.43646178009030523,7.765569081097317,-0.054761474363722584,-1819.9
2019-09-15 16:00:00,-0.12698013310789147,7.759614150696903,-0.04457836415180694,-1811.1
2019-09-15 17:00:00,-0.04834507483002959,7.754052639035757,-0.040759354723032715,-1756.2
2019-09-15 18:00:00,-0.0734507296276079,7.748460023899697,-0.03350743846775117,-1548.8
2019-09-15 19:00:00,-0.09135802097379297,7.637716432664798,-0.031126672890465557,-1398.9
2019-09-15 20:00:00,-0.1198114740167231,7.631916513071252,-0.02452709320235158,-1358.3
2019-09-15 21:00:00,-0.2043380919597868,7.62657020629066,-0.03197164779743922,-1704.4
2019-09-15 22:00:00,-0.3143715267843925,7.617759576608505,-0.03395078335358903,-2113.0
2019-09-15 23:00:00,-0.27777331486287027,7.603897968521881,-0.031325166221106926,-2523.5
2019-09-16 00:00:00,-0.6592378535395809,7.687080155783135,-0.025592401093376793,-2583.6
2019-09-16 01:00:00,-0.922892258674014,7.674617497364363,-0.025964497966493028,-2671.2
2019-09-16 02:00:00,-0.922892258674014,7.662937850461535,-0.022369523800366053,-2691.9
2019-09-16 03:00:00,-0.922892258674014,7.650168700845001,-0.021396236240159183,-2655.8
2019-09-16 04:00:00,-0.5588280981683842,7.637234388789473,-0.02302264773835283,-2561.9
2019-09-16 05:00:00,-0.26789808592155717,7.615791072035833,-0.021487652736938756,-2167.6
2019-09-16 06:00:00,-0.09704256433571246,7.581719640125308,-0.02332136098662474,-1286.1
2019-09-16 07:00:00,-0.14834465692560395,7.540090320145325,-0.024452037235857205,-372.3
2019-09-16 08:00:00,-0.17317662458340877,7.504942068396171,-0.02722822509323386,-104.3
2019-09-16 09:00:00,-0.14409641798920259,7.501634457883413,-0.028827264469168057,-76.5
2019-09-16 10:00:00,-0.16271838773999825,7.518607216815252,-0.026477820204252822,-62.1
2019-09-16 11:00:00,-0.08939850829302465,7.507141079727608,-0.023661310583575457,-83.5
2019-09-16 12:00:00,-0.04289468935844942,7.471932078245122,-0.03542618901293082,-213.0
2019-09-16 13:00:00,-0.04713902883599497,7.424165281042028,-0.021595403912728628,-142.0
2019-09-16 14:00:00,-0.050298296437419676,7.368339686311381,-0.01923865109509748,-81.7
2019-09-16 15:00:00,-0.04613165177094869,7.311886164077165,-0.019617760561859043,-42.5
2019-09-16 16:00:00,-0.05920467068362134,7.267525427828172,-0.016876173479584367,-32.9
2019-09-16 17:00:00,-0.07148831196051031,7.179307969504034,-0.02011961826761066,171.0
2019-09-16 18:00:00,-0.09592442091889009,7.088408778675395,-0.0283550718954384,251.4
2019-09-16 19:00:00,-0.08624080041352444,6.939253946041508,-0.02075267221075272,354.7
2019-09-16 20:00:00,-0.06401132351272132,6.942156705699469,-0.011478395351744552,275.6
2019-09-16 21:00:00,-0.02606072326894049,6.951772164398911,-0.01465558184914606,-178.3
2019-09-16 22:00:00,-0.003067964897784048,6.9440872082295275,-0.008108645485394916,-772.5
2019-09-16 23:00:00,-0.0454688401740726,6.921658184151129,6.818490868276683e-05,-1053.3
2019-09-17 00:00:00,0.016866078187487865,6.968850378341948,0.02451347680113436,-1142.7
2019-09-17 01:00:00,0.05298299044255739,6.90875477931522,0.025348510618654174,-1225.7
2019-09-17 02:00:00,0.022997955514719948,6.862757913051401,0.028450712172077175,-1217.0
2019-09-17 03:00:00,0.018862834708433862,6.834108738813838,0.029004307941164598,-1163.3
2019-09-17 04:00:00,0.004201875160555701,6.815639990074331,0.02501349464623459,-1050.0
2019-09-17 05:00:00,-0.02865851627828464,6.794586580876499,0.023637825876512863,-810.6
2019-09-17 06:00:00,-0.01648275251847897,6.779921907472252,0.01792510302765926,135.0
2019-09-17 07:00:00,-0.01834596591345994,6.74993119378857,0.01129217901907964,935.3
2019-09-17 08:00:00,0.010789425290042232,6.672032945461067,0.005804796285053371,1251.9
2019-09-17 09:00:00,0.055598872857134385,6.625392368007956,0.005455553265015567,1259.1
2019-09-17 10:00:00,-0.08926679557951367,6.634633357861686,0.0059777868806456524,1503.2
2019-09-17 11:00:00,-0.07199188731071793,6.678342114654332,0.005704542191063311,1390.2
2019-09-17 12:00:00,-0.06072724364458715,6.771935555839602,0.023549483371304802,1066.8
2019-09-17 13:00:00,-0.03769566579952022,6.8658910748834385,0.0048428637991477785,851.6
2019-09-17 14:00:00,-0.03176554351555527,6.942156705699469,0.013659770604279586,722.1
2019-09-17 15:00:00,-0.04431209255862134,6.992096427415888,0.017547879745047013,659.1
2019-09-17 16:00:00,-0.04900155754512392,7.047517221357296,0.017200113825101226,522.8
2019-09-17 17:00:00,-0.057901070548043165,7.044905117129371,0.0152471593389496,615.3
2019-09-17 18:00:00,-0.07390674694475541,7.050122520269059,0.00983348977600862,611.3
2019-09-17 19:00:00,-0.01798107138877958,6.96979066990159,0.014349802483781815,566.4
2019-09-17 20:00:00,0.024034390693314922,6.999422467507961,0.01953615308760881,450.4
2019-09-17 21:00:00,-0.0166404467290735,7.005789019253503,0.013942158880443145,84.6
2019-09-17 22:00:00,-0.01800077505537212,7.004881989712859,0.01981217613582764,-360.7
2019-09-17 23:00:00,0.018468854651489064,7.01211529430638,0.029122456126090768,-682.4
2019-09-18 00:00:00,0.07793551433288437,7.101675971619444,0.051855963062429566,-851.0
2019-09-18 01:00:00,0.06417902012305587,7.1098794630722715,0.05424401149942959,-969.0
2019-09-18 02:00:00,0.09895121731338596,7.117205503164344,0.059199783825118146,-1015.6
2019-09-18 03:00:00,0.05599995747458131,7.134093721192866,0.06256880246910335,-1023.6
2019-09-18 04:00:00,0.011194537367350765,7.152268856032539,0.059066267130784667,-905.0
2019-09-18 05:00:00,-0.026402136233814044,7.146772179452637,0.059670833028585335,-764.0
2019-09-18 06:00:00,0.006738325156637526,7.1204443723924875,0.059525542545433296,169.2
2019-09-18 07:00:00,0.11400242979856223,7.066466970136958,0.05070824676874963,990.5
2019-09-18 08:00:00,0.15120271260731677,6.947937068614969,0.04659940386250305,1259.0
2019-09-18 09:00:00,0.0859258490379573,6.85751406254539,0.04170433009666574,1226.3
2019-09-18 10:00:00,-0.11005016770351839,6.841615476477592,0.05267341581330953,1336.1
2019-09-18 11:00:00,-0.09179779551384293,6.839476438228843,0.034639230351858785,1286.5
2019-09-18 12:00:00,-0.0930233852953326,6.840546529288687,0.027671359385433192,1166.2
2019-09-18 13:00:00,-0.05650159154829515,6.846943139585379,0.028399357518480883,1071.6
2019-09-18 14:00:00,-0.03780303684460762,6.85751406254539,0.03000681330727417,1026.4
2019-09-18 15:00:00,-0.021284818352612866,6.86484777797086,0.03748323750796878,1044.8
2019-09-18 16:00:00,-0.03729337003579669,6.871091294610546,0.03211394677749624,998.9
2019-09-18 17:00:00,-0.005768652014725539,6.810142450115136,0.033976005812156984,1079.4
2019-09-18 18:00:00,-0.005413575095261525,6.759255270663693,0.03223022746745663,1145.2
2019-09-18 19:00:00,-0.019544958151992642,6.659293919683638,0.04039182128508756,1245.4
2019-09-18 20:00:00,-0.028664249918093798,6.6895992691789665,0.04467604774536049,1131.0
2019-09-18 21:00:00,0.03699565618822653,6.736966958001855,0.04408125119291739,656.0
2019-09-18 22:00:00,0.01808077547201581,6.776506992372183,0.046920469662280695,117.6
2019-09-18 23:00:00,0.08640369221069477,6.799055862058796,0.05347099588205495,-372.4
2019-09-19 00:00:00,0.0856202931033061,7.018401799069201,0.0661582750337324,-806.2
2019-09-19 01:00:00,0.04173477746002474,7.039660349862076,0.07000350923664911,-986.2
2019-09-19 02:00:00,0.046494034660732986,7.040536390215956,0.07293549492799123,-1018.6
2019-09-19 03:00:00,0.01883884315242934,7.0326242610280065,0.07415738702317753,-985.8
2019-09-19 04:00:00,0.0677579679969762,7.02197642307216,0.07598319913785012,-917.7
2019-09-19 05:00:00,0.07432266632247053,6.999422467507961,0.07541827316998351,-563.3
2019-09-19 06:00:00,0.023923255002543886,6.961296045910167,0.07437860361994453,423.4
2019-09-19 07:00:00,-0.009907064800678711,6.890609120147166,0.06926585169829558,1238.6
2019-09-19 08:00:00,0.027172721133417177,6.763884908562435,0.06064019687599931,1345.0
2019-09-19 09:00:00,0.1307854568119513,6.639875833826536,0.05317247400185998,1345.0
2019-09-19 10:00:00,0.13159461255062865,6.570882962339584,0.06916416599234232,1345.0
2019-09-19 11:00:00,0.07487726818825946,6.54534966033442,0.04628852987218046,1345.0
2019-09-19 12:00:00,0.11182166477784161,6.559615237493242,0.04469120057698461,1384.7
2019-09-19 13:00:00,0.06413908386374434,6.590301048196686,0.05633133145597213,1274.2
2019-09-19 14:00:00,0.06597705308013335,6.612041034833092,0.04342321484866751,1235.7
2019-09-19 15:00:00,-0.009404584687657813,6.588926477533519,0.030716843524645654,1202.3
2019-09-19 16:00:00,0.06110786310724503,6.532334292222349,0.04888318661619273,1125.7
2019-09-19 17:00:00,0.02772287847638566,6.398594934535208,0.04877264123565794,1262.6
2019-09-19 18:00:00,0.04481254753035291,6.267200548541362,0.04683563064839191,1345.0
2019-09-19 19:00:00,0.5859818738264746,6.075346031088684,0.054722743969724874,1348.2
2019-09-19 20:00:00,0.27480036344345127,5.978885764901122,0.05852470938132015,1345.0
2019-09-19 21:00:00,0.08974207129562561,5.8377304471659395,0.05868204900010454,1146.2
2019-09-19 22:00:00,0.07568249180922848,5.71042701737487,0.06308838642101477,618.6
2019-09-19 23:00:00,0.09168999038256587,5.5909869805108565,0.07146346569460427,174.9
2019-09-20 00:00:00,0.15702760100133784,5.746203190540153,0.06943698696146328,-15.7
2019-09-20 01:00:00,0.20135202163959454,5.676753802268282,0.07202047608712547,-146.6
2019-09-20 02:00:00,0.21817239497444074,5.659482215759621,0.07606328859624512,-223.5
2019-09-20 03:00:00,0.17834512092097876,5.680172609017068,0.07757492141563205,-234.5
2019-09-20 04:00:00,0.12937821033682573,5.726847747587197,0.07766887617218465,-182.1
2019-09-20 05:00:00,0.02933942535983114,5.765191102784844,0.07961600647840861,49.1
2019-09-20 06:00:00,-0.02727894362396821,5.793013608384144,0.08476533428901689,1043.3
2019-09-20 07:00:00,0.30672695013251516,5.808142489980444,0.07930472195503313,1580.4
2019-09-20 08:00:00,0.3661347703587028,5.739792912179234,0.06908519006117686,1780.4
2019-09-20 09:00:00,0.23713742046803787,5.6240175061873385,0.06392781679386239,1701.1
2019-09-20 10:00:00,0.33369745377428695,5.616771097666572,0.08082829684805404,1664.6
2019-09-20 11:00:00,0.07952301717794574,5.749392985908253,0.05529081248928769,1546.7
2019-09-20 12:00:00,0.017220025895351654,5.924255797414532,0.06286143265329258,1468.8
2019-09-20 13:00:00,-0.03021297146487134,6.07993319509559,0.05157182989004916,1198.6
2019-09-20 14:00:00,-0.034832790351896126,6.206575926724928,0.046426146491473474,1002.1
2019-09-20 15:00:00,-0.04092841630576549,6.306275286948016,0.041457043516320624,802.0
2019-09-20 16:00:00,-0.012728063381886923,6.410174881966167,0.03702270340006919,620.8
2019-09-20 17:00:00,-0.013792042808431493,6.478509642208569,0.032054160117217734,687.6
2019-09-20 18:00:00,-0.029143503388484593,6.579251212010101,0.025011847116740427,664.4
2019-09-20 19:00:00,-0.05405443043321956,6.576469569048224,0.02868121256222267,577.4
2019-09-20 20:00:00,-0.048382618184704906,6.673297967767654,0.024098736170961033,272.8
2019-09-20 21:00:00,-0.01326222831627577,6.679599185844383,0.018043764461602052,-167.6
2019-09-20 22:00:00,0.0012845904202301028,6.665683717782408,0.019897580032829154,-587.0
2019-09-20 23:00:00,-0.07104234640348261,6.634633357861686,0.01824667089865528,-870.3
2019-09-21 00:00:00,-0.05129954014250915,6.606650186198215,0.03766252123227787,-1104.1
2019-09-21 01:00:00,-0.08083018039147438,6.570882962339584,0.037327435648526475,-969.4
2019-09-21 02:00:00,-0.05050311138677932,6.558197802812269,0.036446512181070645,-1125.5
2019-09-21 03:00:00,0.007159199235703628,6.54965074223381,0.03673818128789108,-1170.3
2019-09-21 04:00:00,0.082160939145969,6.53813982376767,0.03471856477549018,-1292.9
2019-09-21 05:00:00,0.1366597563108023,6.520621127558696,0.03434471915396209,-1265.2
2019-09-21 06:00:00,0.0871215383774846,6.508769136971682,0.02269738078229011,-1172.7
2019-09-21 07:00:00,0.03637964538107896,6.476972362889683,0.010227230760241568,-951.0
2019-09-21 08:00:00,-0.02279124452468384,6.343880434126331,0.012587155898520663,-463.2
2019-09-21 09:00:00,-0.03753920423766921,6.124683390894205,0.007993340474357069,-35.3
2019-09-21 10:00:00,-0.0027811703981366342,5.929589143389895,0.006740078719676745,323.4
2019-09-21 11:00:00,-0.04847735484223614,5.883322388488279,-0.017744284588673054,235.2
2019-09-21 12:00:00,0.0366136820836398,5.934894195619588,-0.024913165581986974,42.8
2019-09-21 13:00:00,-0.005383902115358108,5.996452088619021,-0.04186902416903493,-94.9
2019-09-21 14:00:00,0.0022282750965927356,6.013715156042802,-0.042021474283975735,-174.5
2019-09-21 15:00:00,-0.04011737157038997,5.976350909297934,-0.06897623724199597,-244.1
2019-09-21 16:00:00,-0.008105067367393026,5.929589143389895,-0.04734030195032091,-223.2
2019-09-21 17:00:00,0.03068895965989915,6.037870919922137,-0.04287877258673767,-133.4
2019-09-21 18:00:00,0.01074722384472393,6.270988431858299,-0.03505471449088127,-29.6
2019-09-21 19:00:00,-0.024545357657418165,6.349138991379798,-0.02433855422271236,10.0
2019-09-21 20:00:00,-0.007555576951608689,6.418364935936212,-0.017107029862298617,-166.8
2019-09-21 21:00:00,0.03368014003779285,6.393590753950631,-0.0200438621372232,-512.7
2019-09-21 22:00:00,0.02596150503926742,6.349138991379798,-0.014339977316703667,-804.8
2019-09-21 23:00:00,-0.053391531795430325,6.270988431858299,-0.009232509308686687,-826.4
2019-09-22 00:00:00,-0.003335623908038432,6.212606095751519,-0.008503687341843147,-845.7
2019-09-22 01:00:00,0.06080458681668954,6.0473721790462776,-0.008702727133361066,-909.0
2019-09-22 02:00:00,0.11655126266454063,5.8805329864007,-0.012844859495974248,-933.2
2019-09-22 03:00:00,0.15014426189003593,5.726847747587197,-0.00687630013343643,-928.1
2019-09-22 04:00:00,0.1870175946856958,5.572154032177765,-0.00853678124229873,-874.8
2019-09-22 05:00:00,0.20564193474864156,5.41610040220442,-0.009716340406569657,-769.0
2019-09-22 06:00:00,0.1690338751407343,5.327876168789581,-0.023018717316091397,-664.4
2019-09-22 07:00:00,0.10365701251769188,5.337538079701318,-0.030541248687613987,-543.8
2019-09-22 08:00:00,0.032450043341485824,5.4116460518550396,-0.025338728061903737,-393.3
2019-09-22 09:00:00,0.034603845860805116,5.545177444479562,-0.015777395132426264,-115.1
2019-09-22 10:00:00,0.06722934626110977,5.713732805509369,-0.007369028284175627,64.0
2019-09-22 11:00:00,0.07266514920836764,5.8944028342648505,-0.015351544446383869,91.3
2019-09-22 12:00:00,0.10667523436164039,6.068425588244111,-0.014861709504643272,-49.5
2019-09-22 13:00:00,0.12713075223388337,6.226536669287466,-0.031520740866762154,-181.3
2019-09-22 14:00:00,0.15502196261767587,6.35088571671474,-0.021310793065396183,-312.4
2019-09-22 15:00:00,0.1816995935850776,6.450470422144176,-0.02596268933317525,-398.5
2019-09-22 16:00:00,0.16968812991772486,6.532334292222349,-0.012975263189971997,-409.7
2019-09-22 17:00:00,0.07596104764586764,6.602587892189336,-0.0023694651713910275,-230.9
2019-09-22 18:00:00,0.026381993314017027,6.680854678790215,0.011017254064306314,-156.5
2019-09-22 19:00:00,-0.005233292384850596,6.680854678790215,0.016135247873318548,61.7
2019-09-22 20:00:00,-0.009621912445274994,6.728628613084702,0.016313742402774167,-101.2
2019-09-22 21:00:00,-0.011156382885136651,6.705639094860003,0.004109747965113542,-519.9
2019-09-22 22:00:00,-0.001627512071387116,6.659293919683638,0.002712675048107016,-869.8
2019-09-22 23:00:00,0.02597968800113515,6.597145701886651,0.006518669643957864,-1110.4
2019-09-23 00:00:00,-0.019031154379883564,6.654152520183219,-0.012709314233799063,-1042.8
2019-09-23 01:00:00,0.04194072818476391,6.556778356158042,-0.011378475077405525,-1075.8
2019-09-23 02:00:00,0.08041218509467774,6.472346294500901,-0.0052725924113872225,-1031.9
2019-09-23 03:00:00,0.0418720761106135,6.411818267709897,-0.001656843506863126,-978.2
2019-09-23 04:00:00,-0.08708382444486418,6.364750756851911,0.002457344325222266,-788.8
2019-09-23 05:00:00,-0.038343755087623776,6.331501849893691,0.015365649947849391,-449.5
2019-09-23 06:00:00,-0.045749269948161864,6.3080984415095305,0.031290919588187194,522.7
2019-09-23 07:00:00,-0.08331109988782126,6.257667587882639,0.03553849554988808,1446.1
2019-09-23 08:00:00,0.13632650426535164,6.142037405587356,0.0289207515982266,1503.6
2019-09-23 09:00:00,0.12146784920895959,6.07073772800249,0.02274954359981507,1395.0
2019-09-23 10:00:00,0.14045506132774577,6.066108090103747,0.015799253695266913,1413.2
2019-09-23 11:00:00,0.18695080908220207,6.028278520230698,0.012908088858839761,1395.0
2019-09-23 12:00:00,0.07946817173766929,5.950642552587727,-0.005050142880767439,1395.0
2019-09-23 13:00:00,-0.0066097051644353755,5.860786223465865,0.003128252205845783,1379.8
2019-09-23 14:00:00,-0.005011706799169957,5.7745515455444085,0.005407146111730654,1362.1
2019-09-23 15:00:00,0.01476031398505473,5.68697535633982,0.004339904731805788,1373.0
2019-09-23 16:00:00,-0.015905476382904293,5.616771097666572,0.008554786848291585,1310.8
2019-09-23 17:00:00,0.06294720841625168,5.58724865840025,0.01567909233286713,1395.0
2019-09-23 18:00:00,0.1274413279298412,5.723585101952381,0.018174695793479856,1395.0
2019-09-23 19:00:00,0.01867713944597371,5.84354441703136,0.03168370730159609,1393.1
2019-09-23 20:00:00,0.005790639261793906,6.0112671744041615,0.03566062069039866,1089.3
2019-09-23 21:00:00,-0.01163606262063066,6.091309882077698,0.027205359785012817,533.9
2019-09-23 22:00:00,0.013036352633683634,6.142037405587356,0.02960044971730902,-127.8
2019-09-23 23:00:00,0.03809885566809923,6.150602768446279,0.03254308364235037,-664.3
2019-09-24 00:00:00,0.15272273246624168,6.161207321695077,0.06186926334490295,-471.6
2019-09-24 01:00:00,0.16671807886188006,6.09807428216624,0.06555091633038401,-588.8
2019-09-24 02:00:00,0.17833170341172888,6.003887067106539,0.07183681767049244,-617.4
2019-09-24 03:00:00,0.18389192668988041,5.8888779583328805,0.07618980649553109,-600.7
2019-09-24 04:00:00,0.15258803990387415,5.771441123130016,0.07569890680913005,-473.8
2019-09-24 05:00:00,0.06321783005786896,5.66988092298052,0.08003999891048075,-53.3
2019-09-24 06:00:00,0.014288906148274716,5.602118820879701,0.08271430907352162,1004.5
2019-09-24 07:00:00,0.4902316622192888,5.541263545158426,0.07834453573064692,1601.5
2019-09-24 08:00:00,0.4229496986591039,5.407171771460119,0.06519089383102994,1791.8
2019-09-24 09:00:00,0.25641621892448185,5.262690188904886,0.0554088463820932,1720.7
2019-09-24 10:00:00,0.2584105720474157,5.225746673713202,0.04276973381422167,1653.9
2019-09-24 11:00:00,0.25836939328303954,5.293304824724492,0.029414714579163004,1548.2
2019-09-24 12:00:00,0.25229872159317557,5.342334251964811,0.03661626842667509,1564.7
2019-09-24 13:00:00,0.23317455920847419,5.351858133476067,0.010277938451091373,1393.1
2019-09-24 14:00:00,0.031035357723474988,5.3230099791384085,0.01262671266116655,1328.0
2019-09-24 15:00:00,0.013190743985319386,5.209486152841421,0.012677151425554811,1255.9
2019-09-24 16:00:00,0.013587472500944386,5.075173815233827,0.010717447876878339,1167.3
2019-09-24 17:00:00,0.031864642728580694,5.017279836814924,0.01854851382815248,1252.2
2019-09-24 18:00:00,0.0292059453445761,5.204006687076795,0.026187672735117573,1266.0
2019-09-24 19:00:00,0.07416327781291043,5.455321115357702,0.03874125560794006,1300.0
2019-09-24 20:00:00,0.10990709679689736,5.631211781821365,0.04255875267592302,1300.0
2019-09-24 21:00:00,0.029523697015942485,5.683579767338681,0.03425620155655018,824.9
2019-09-24 22:00:00,0.0684336474851106,5.713732805509369,0.036270591225314064,236.3
2019-09-24 23:00:00,0.1635878624483995,5.717027701406222,0.04026946280385246,-276.8
2019-09-25 00:00:00,0.22768746411623342,5.66988092298052,0.03352813976581359,-406.3
2019-09-25 01:00:00,0.20280891741896223,5.697093486505405,0.03644173480093471,-573.0
2019-09-25 02:00:00,0.23871315968854478,5.717027701406222,0.040755686372616395,-723.4
2019-09-25 03:00:00,0.20427982642698428,5.762051382780177,0.043755316996008986,-848.9
2019-09-25 04:00:00,0.1485722459576433,5.84354441703136,0.040788995938992656,-792.9
2019-09-25 05:00:00,0.06860597439437344,5.945420608606575,0.04482642388005331,-436.6
2019-09-25 06:00:00,0.041155487639003674,6.042632833682381,0.0526316048627411,537.5
2019-09-25 07:00:00,-0.01235136666714265,6.1070228877422545,0.04513220922052419,1224.6
2019-09-25 08:00:00,-0.06624642281333637,6.12029741895095,0.037921079200312846,1357.2
2019-09-25 09:00:00,-0.055649643642110114,6.180016653652572,0.031365800480857686,1258.9
2019-09-25 10:00:00,-0.03439480645960824,6.274762021241939,0.042415913674743067,1157.8
2019-09-25 11:00:00,-0.041160812679057024,6.335054251498059,0.022340162541098607,1070.0
2019-09-25 12:00:00,-0.05216846950628895,6.345636360828596,0.014769235192920505,907.4
2019-09-25 13:00:00,-0.033330321802493845,6.343880434126331,0.015454517685014935,859.9
2019-09-25 14:00:00,-0.009585851790195221,6.340359303727752,0.019308285748929066,820.2
2019-09-25 15:00:00,0.004776181989471606,6.329720905522696,0.030408928065430274,817.5
2019-09-25 16:00:00,-0.014158215363736737,6.326149473155099,0.02579706382635827,768.2
2019-09-25 17:00:00,-0.027636190041469444,6.297109319933935,0.029952260316894908,901.3
2019-09-25 18:00:00,-0.05497564204327565,6.306275286948016,0.030322117423295936,987.0
2019-09-25 19:00:00,-0.06229435448960707,6.285998094508865,0.03321404149016516,1116.6
2019-09-25 20:00:00,-0.06504162280375692,6.311734809152915,0.025841955180085918,887.7
2019-09-25 21:00:00,-0.022075040018435743,6.29156913955832,0.01885276190999363,402.7
2019-09-25 22:00:00,-0.0010477965205386575,6.259581464064923,0.018593877964656613,-266.1
2019-09-25 23:00:00,0.079505130790682,6.230481447578482,0.021393239376049422,-761.6
2019-09-26 00:00:00,0.11050309346810261,5.991464547107982,0.010081002835432784,-224.5
2019-09-26 01:00:00,0.09700090803543171,5.961005339623274,0.010122947108715863,-295.5
2019-09-26 02:00:00,0.08348804903686657,5.948034989180646,0.010566454400088077,-337.3
2019-09-26 03:00:00,0.08170848236234152,5.971261839790462,0.011817296711233993,-375.4
2019-09-26 04:00:00,0.11377168014274863,6.0063531596017325,0.014309423155703271,-304.9
2019-09-26 05:00:00,0.0858501714935378,6.025865973825314,0.025270575241814086,-43.9
2019-09-26 06:00:00,0.028939987932141698,6.035481432524756,0.04858842250768092,732.0
2019-09-26 07:00:00,0.0021507483920539805,6.030685260261263,0.05604958142274796,1552.0
2019-09-26 08:00:00,-0.06989092220978099,5.961005339623274,0.04974832609531887,1659.0
2019-09-26 09:00:00,-0.04354717246299833,5.945420608606575,0.040198580858172406,1583.3
2019-09-26 10:00:00,0.014789050646929702,5.986452005284438,0.05477683683325729,1252.3
2019-09-26 11:00:00,0.00992437668052748,5.998936561946683,0.02606389734156167,1285.6
2019-09-26 12:00:00,0.09824137352476958,5.976350909297934,0.022486873190556977,1223.8
2019-09-26 13:00:00,0.08593237351000615,5.942799375126701,0.030222293322822225,1066.9
2019-09-26 14:00:00,0.0879559597989088,5.918893854273146,0.015787604676582134,1027.7
2019-09-26 15:00:00,-0.007758042054410996,5.905361848054571,0.004937230545428051,1010.4
2019-09-26 16:00:00,0.032245441574860756,5.910796644040527,0.021579838115460603,1170.1
2019-09-26 17:00:00,0.017938323355346064,5.942799375126701,0.028539275215917925,1195.1
2019-09-26 18:00:00,-0.018992175502179354,6.095824562432225,0.03354907384388284,1129.5
2019-09-26 19:00:00,-0.012181019061734855,6.2285110035911835,0.0445754225185091,1216.2
2019-09-26 20:00:00,-0.011309005343884682,6.376726947898627,0.042282233765401855,1007.0
2019-09-26 21:00:00,-0.005954880897972359,6.429719478039138,0.03246850756071673,550.9
2019-09-26 22:00:00,-0.036480566409595294,6.452048954437226,0.027718986008910207,64.4
2019-09-26 23:00:00,-0.04511708127851488,6.464588303689961,0.023876526312378132,-328.9
2019-09-27 00:00:00,0.015066824382413468,6.670766320845874,0.06583477027842655,-1022.4
2019-09-27 01:00:00,0.04438205604305434,6.673297967767654,0.06715428643595267,-1204.8
2019-09-27 02:00:00,0.05551915616211289,6.6895992691789665,0.06810885185158178,-1279.3
2019-09-27 03:00:00,0.03296005373857103,6.734591659972948,0.06617803155744717,-1344.1
2019-09-27 04:00:00,-0.00307363559242102,6.796823718274855,0.06315786920971611,-1307.7
2019-09-27 05:00:00,-0.08496098505895722,6.863803391452954,0.06663122007059386,-938.6
2019-09-27 06:00:00,-0.0571655773741675,6.925595197110468,0.07637062704572628,-247.8
2019-09-27 07:00:00,-0.10342464138674634,6.974478911025045,0.07215545111080957,413.3
2019-09-27 08:00:00,-0.16207585554044002,6.97354301952014,0.06120998529458177,640.2
2019-09-27 09:00:00,-0.14068488250346922,6.984716320118266,0.05518650239228862,570.0
2019-09-27 10:00:00,0.0036314922103639624,7.013915474810528,0.07109112157019482,454.6
2019-09-27 11:00:00,-0.0819197603086339,7.029087564149662,0.044744166999718615,278.5
2019-09-27 12:00:00,-0.00517916241827443,7.016609683894219,0.04943572252583195,121.9
2019-09-27 13:00:00,-0.02347137289795187,6.9874902470009905,0.03940461266481954,-40.7
2019-09-27 14:00:00,-0.04090831894904445,6.9411900550683745,0.03609472143644865,-128.2
2019-09-27 15:00:00,-0.06134324019391979,6.887552571664617,0.03859823485638536,-132.0
2019-09-27 16:00:00,-0.02956395826263636,6.839476438228843,0.04184198983601739,-150.3
2019-09-27 17:00:00,-0.02391871162636061,6.786716950605081,0.039823876177168316,-81.3
2019-09-27 18:00:00,-0.05300827232386318,6.762729506931879,0.035447465194234695,95.4
2019-09-27 19:00:00,-0.07484993840579124,6.597145701886651,0.03490307344032928,161.7
2019-09-27 20:00:00,-0.08207911075870555,6.553933404025811,0.016214624486435625,-127.5
2019-09-27 21:00:00,-0.041327139835760196,6.470799503782602,0.00452925123350667,-611.2
2019-09-27 22:00:00,-0.04460180765052346,6.380122536899765,0.003393079361366347,-954.2
2019-09-27 23:00:00,-0.10491170181070908,6.29156913955832,0.0009659005825159994,-1143.0
2019-09-28 00:00:00,-0.09835247814898818,6.55250788703459,0.010120874945704017,-1357.4
2019-09-28 01:00:00,-0.0413019247564641,6.421622267806518,0.007693547162052283,-1443.7
2019-09-28 02:00:00,-0.03701218164576403,6.295266001439646,0.005030315947692543,-1446.5
2019-09-28 03:00:00,-0.0370055867821657,6.186208623900494,0.003413785034659611,-1436.5
2019-09-28 04:00:00,-0.020180470580056564,6.0844994130751715,-0.0009247725725565203,-1399.7
2019-09-28 05:00:00,0.05745104542543711,6.023447592961033,-0.0015992027656732688,-1345.5
2019-09-28 06:00:00,-0.032116042989893234,5.996452088619021,-0.009371711487924372,-1183.1
2019-09-28 07:00:00,-0.09694346164147438,5.968707559985366,-0.018933218437288346,-946.9
2019-09-28 08:00:00,-0.07717816911300579,5.924255797414532,-0.009353390136661588,-691.5
2019-09-28 09:00:00,-0.08495809633757911,5.908082938168931,0.0001482984565974732,-352.5
2019-09-28 10:00:00,-0.037979907364029675,5.910796644040527,0.021941493989766414,6.4
2019-09-28 11:00:00,-0.09141831488971253,5.937536205082426,0.01794463420235992,0.8
2019-09-28 12:00:00,-0.011221524190523802,5.958424693029782,0.025703734925295763,19.6
2019-09-28 13:00:00,-0.04583462772383928,5.988961416889864,0.022923717610309424,-70.1
2019-09-28 14:00:00,-0.039661017140275145,6.0112671744041615,0.0286446177054529,-160.8
2019-09-28 15:00:00,-0.08637384787051205,6.0014148779611505,0.004304946935731024,-228.7
2019-09-28 16:00:00,-0.059685310377167955,6.0063531596017325,0.02462614745251024,-191.4
2019-09-28 17:00:00,-0.05220926109043944,6.0473721790462776,0.02529398876068001,-135.6
2019-09-28 18:00:00,-0.03717831138798555,6.137727054086234,0.024754369132482523,-150.5
2019-09-28 19:00:00,-0.06613379386245288,6.104793232414985,0.020425802780234648,-165.4
2019-09-28 20:00:00,-0.07397246048225137,6.144185634125646,0.00649077588742486,-384.9
2019-09-28 21:00:00,-0.08810217380850904,6.142037405587356,-0.0046944623827762655,-758.3
2019-09-28 22:00:00,-0.08242473153509611,6.118097198041348,0.0016352216610737713,-993.7
2019-09-28 23:00:00,-0.07689865625513903,6.040254711277414,0.0032462264972590305,-1270.3
2019-09-29 00:00:00,0.008119255066727948,5.978885764901122,0.03409231122074807,-1330.9
2019-09-29 01:00:00,0.08468330671291202,5.934894195619588,0.038217300710627455,-1468.8
2019-09-29 02:00:00,0.09681036185830383,5.8971538676367405,0.03770741966685698,-1519.4
2019-09-29 03:00:00,0.0866084298661427,5.8664680569332965,0.044485339427641435,-1520.9
2019-09-29 04:00:00,0.11231713677937938,5.840641657373398,0.03944644320208823,-1545.0
2019-09-29 05:00:00,0.15880141656301028,5.7745515455444085,0.03911650499806285,-1467.3
2019-09-29 06:00:00,0.14946915292155127,5.66988092298052,0.02394768079604148,-1269.5
2019-09-29 07:00:00,0.05960286133850845,5.579729825986222,0.006937114030328928,-1095.8
2019-09-29 08:00:00,-0.059681055718018516,5.521460917862246,0.006409970252676089,-753.2
2019-09-29 09:00:00,-0.05549798883638157,5.529429087511423,0.014016020725522438,-451.4
2019-09-29 10:00:00,-0.019782030728519917,5.568344503761097,0.028594784752854707,-226.7
2019-09-29 11:00:00,-0.019791147380430196,5.598421958998375,0.023226617851102915,-127.5
2019-09-29 12:00:00,0.020266764450839414,5.60947179518496,0.027632222307641285,-187.9
2019-09-29 13:00:00,0.04347096510726578,5.602118820879701,0.010191921762347178,-251.3
2019-09-29 14:00:00,0.07782690755665156,5.560681631015528,0.021602866320808545,-298.5
2019-09-29 15:00:00,0.10221781365193072,5.501258210544727,0.009324390987016429,-312.8
2019-09-29 16:00:00,0.09207343295479298,5.442417710521793,0.015290494938140498,-229.9
2019-09-29 17:00:00,0.0002909705134830354,5.429345628954441,0.021199470861937186,-138.8
2019-09-29 18:00:00,-0.038156527823554054,5.53338948872752,0.03042432062551903,89.1
2019-09-29 19:00:00,-0.05495782101042579,5.572154032177765,0.02871683119670365,220.6
2019-09-29 20:00:00,-0.06482419879267454,5.631211781821365,0.01913589249508796,6.1
2019-09-29 21:00:00,-0.056598499489417975,5.60947179518496,0.008973628483435192,-432.7
2019-09-29 22:00:00,-0.04632426926717503,5.575949103146316,0.014056381261298156,-775.1
2019-09-29 23:00:00,-0.048296620151637715,5.517452896464707,0.024520355844805053,-1029.5
2019-09-30 00:00:00,-0.01030052445161811,5.313205979041787,0.026615328837989338,-1268.6
2019-09-30 01:00:00,0.04634278958540161,5.209486152841421,0.028922097687749115,-1356.0
2019-09-30 02:00:00,0.06012002967190755,5.220355825078324,0.031286489326848965,-1350.4
2019-09-30 03:00:00,0.0352592672958405,5.37989735354046,0.032254289420226456,-1388.4
2019-09-30 04:00:00,-0.0737670899541003,5.556828061699537,0.032636821895069446,-1346.7
2019-09-30 05:00:00,-0.06583798180324951,5.66988092298052,0.03676585707109936,-1010.9
2019-09-30 06:00:00,-0.1036058337192256,5.662960480135946,0.04048664766774124,-38.1
2019-09-30 07:00:00,-0.13406910495318547,5.598421958998375,0.03687025828321566,764.0
2019-09-30 08:00:00,-0.15354375286698208,5.4638318050256105,0.028121869989929493,904.7
2019-09-30 09:00:00,-0.1965599875249433,5.384495062789089,0.026433155709700173,890.2
2019-09-30 10:00:00,-0.21105070503039958,5.424950017481403,0.027430181570631262,967.9
2019-09-30 11:00:00,-0.14990140685582043,5.6131281063880705,0.03297965988016571,859.6
2019-09-30 12:00:00,-0.08715353953020522,5.916202062607435,0.024331183786749477,692.3
2019-09-30 13:00:00,-0.09941020248894139,6.212606095751519,0.03900426064301499,484.3
2019-09-30 14:00:00,-0.10337730558520475,6.424869023905388,0.04417960106078489,319.9
2019-09-30 15:00:00,-0.10222111842199233,6.584791392385716,0.04199911796620981,163.1
2019-09-30 16:00:00,-0.1169269413188867,6.717804695023691,0.052942595319875,63.0
2019-09-30 17:00:00,-0.11152204687071032,6.78897174299217,0.05649696185750486,145.3
2019-09-30 18:00:00,-0.1289642749970903,6.823286122355687,0.062439456756445466,247.9
2019-09-30 19:00:00,-0.11513886965976416,6.775366090936392,0.06670191611815923,252.0
2019-09-30 20:00:00,-0.09796996747810471,6.8501261661455,0.05952182757058111,-61.2
2019-09-30 21:00:00,-0.06625424809217151,6.919683849847411,0.0528737374486159,-570.2
2019-09-30 22:00:00,-0.04494672190514182,6.9874902470009905,0.06201597901495148,-1276.8
2019-09-30 23:00:00,-0.046710305262137375,7.045776576879511,0.07323079089209017,-1775.6
2019-10-01 00:00:00,-0.041158946397922946,7.333676395657684,-0.06240632862905926,-2390.7
2019-10-01 01:00:00,-0.04972610469416949,7.382746449738912,-0.06269783229446801,-2675.6
2019-10-01 02:00:00,-0.10302437232281614,7.408530566894626,-0.06111538738375977,-2751.7
2019-10-01 03:00:00,-0.07110094671292622,7.410347097821024,-0.058162032678861664,-2773.8
2019-10-01 04:00:00,-0.08374408875232131,7.409136443920128,-0.05737317738865677,-2613.2
2019-10-01 05:00:00,-0.10282934671302346,7.403670290012373,-0.05577465036784979,-2223.0
2019-10-01 06:00:00,-0.12319513890388833,7.38025578842646,-0.05012424369697399,-1208.2
2019-10-01 07:00:00,-0.19261708809217737,7.25063551189868,-0.046975875361056296,-284.6
2019-10-01 08:00:00,-0.2252879967548025,7.165493475060845,-0.047096330273033615,-2.6
2019-10-01 09:00:00,-0.20451817726673616,7.102499355774649,-0.0483669972120957,-41.9
2019-10-01 10:00:00,-0.22236127308303866,7.07326971745971,-0.058625259700388455,-55.3
2019-10-01 11:00:00,-0.18555859893385085,7.071573364211532,-0.06255505815576257,-105.4
2019-10-01 12:00:00,-0.17980097487040325,7.067319848653476,-0.052399443158353876,-230.4
2019-10-01 13:00:00,-0.14899569790619038,7.059617628291383,-0.07999562016227912,-341.2
2019-10-01 14:00:00,-0.1498798870665503,7.040536390215956,-0.07306053704837012,-418.5
2019-10-01 15:00:00,-0.16320667555625956,7.0192966537150445,-0.07207145116056246,-421.3
2019-10-01 16:00:00,-0.16692272380493023,7.0825485693553,-0.08599719063298394,-506.2
2019-10-01 17:00:00,-0.18730009821471194,6.9985096422506015,-0.08874203522143098,-313.7
2019-10-01 18:00:00,-0.22358937498158937,6.961296045910167,-0.08295120708518233,-79.1
2019-10-01 19:00:00,-0.21167609556112632,6.821107472256465,-0.055769337252224105,63.9
2019-10-01 20:00:00,-0.1288513015455841,6.785587645007929,-0.039297844474036836,-126.6
2019-10-01 21:00:00,-0.09255537206602282,6.71295620067707,-0.046277428580468793,-564.2
2019-10-01 22:00:00,-0.02943418258433894,6.6293632534374485,-0.04840816006728943,-1074.7
2019-10-01 23:00:00,0.13147811211811966,6.541029999189903,-0.04655192963990196,-1540.4
2019-10-02 00:00:00,0.07813850034276681,6.739336627357174,-0.047953965462150805,-1716.0
2019-10-02 01:00:00,0.019787375383583772,6.669498089857879,-0.04302440952461417,-1622.5
2019-10-02 02:00:00,0.028302286551169953,6.654152520183219,-0.03891062559117131,-1613.0
2019-10-02 03:00:00,0.01957425393510226,6.684611727667927,-0.034730158559353796,-1603.4
2019-10-02 04:00:00,-0.007685952234793625,6.725033642166843,-0.03514724466167429,-1539.8
2019-10-02 05:00:00,-0.07571534497196453,6.760414691083428,-0.0362100350934913,-1305.4
2019-10-02 06:00:00,-0.0846009406239343,6.78897174299217,-0.04000565715812954,-114.7
2019-10-02 07:00:00,-0.14306637999598548,6.806829360392176,-0.04652874828171072,537.9
2019-10-02 08:00:00,-0.197696676643226,6.811244378601294,-0.04384017876722801,675.4
2019-10-02 09:00:00,-0.1861084398701096,6.80903930604298,-0.04423780591273463,600.2
2019-10-02 10:00:00,-0.1787472732579043,6.839476438228843,-0.03666473966978323,539.0
2019-10-02 11:00:00,-0.16184299449833928,6.897704943128636,-0.04694790174340113,456.4
2019-10-02 12:00:00,-0.18998337475306393,6.966024187106113,-0.04899257617194763,333.3
2019-10-02 13:00:00,-0.15929541932481106,7.02197642307216,-0.048689259127224105,132.6
2019-10-02 14:00:00,-0.15770810152178383,7.059617628291383,-0.044481075363670186,26.5
2019-10-02 15:00:00,-0.15445980027859862,7.10085190894405,-0.03738436235182263,13.2
2019-10-02 16:00:00,-0.1643701521469212,7.161622002939187,-0.05343206798292144,-161.6
2019-10-02 17:00:00,-0.16994356671514943,7.21081845347222,-0.06019061999518982,-92.8
2019-10-02 18:00:00,-0.20585702663772132,7.260522598089852,-0.06443469610992025,-28.1
2019-10-02 19:00:00,-0.1797792991667655,7.1770187659099,-0.04931051472314962,-53.6
2019-10-02 20:00:00,-0.12348314026995455,7.2078598714324755,-0.04544739289953981,-334.2
2019-10-02 21:00:00,-0.06353131622356933,7.2078598714324755,-0.04514204139186617,-882.0
2019-10-02 22:00:00,-0.04967891011209158,7.195937226475569,-0.04530355580421386,-1424.3
2019-10-02 23:00:00,0.05278608275645258,7.1693500166706,-0.04347748665184881,-1876.7
2019-10-03 00:00:00,0.015347947504790849,7.180069874302796,-0.017524949949459412,-2071.7
2019-10-03 01:00:00,-0.013264265815753795,7.138073034044347,-0.013993753171869017,-2115.5
2019-10-03 02:00:00,-0.0988798109876714,7.098375638590786,-0.015118749916712915,-2042.0
2019-10-03 03:00:00,-0.0863676039564214,7.07326971745971,-0.016000174393031585,-1990.7
2019-10-03 04:00:00,0.040931032423429325,7.053585727193677,-0.013363642482095983,-1935.2
2019-10-03 05:00:00,-0.01198105757673229,7.024649030453636,-0.017647972149500646,-1563.6
2019-10-03 06:00:00,-0.017840186458547347,6.996681488176539,-0.023640532032246142,-603.8
2019-10-03 07:00:00,-0.10791920804777089,6.968850378341948,-0.028883535015465256,214.7
2019-10-03 08:00:00,-0.1346688137377834,6.905753276311464,-0.028459733904202977,352.2
2019-10-03 09:00:00,-0.11963800124916002,6.862757913051401,-0.02769874672353545,360.2
2019-10-03 10:00:00,-0.05743209053985643,6.85751406254539,-0.007259812157851542,378.6
2019-10-03 11:00:00,-0.06787315356999502,6.84587987526405,-0.020875140928152902,377.6
2019-10-03 12:00:00,0.00541988044239039,6.804614520062624,-0.014527130217494744,351.8
2019-10-03 13:00:00,0.001530985251499306,6.763884908562435,0.0007745370467766577,240.2
2019-10-03 14:00:00,-0.011953851243293734,6.738152494595957,-0.00913038393903065,200.7
2019-10-03 15:00:00,-0.10147835544506822,6.731018100482083,-0.02168060881040823,141.7
2019-10-03 16:00:00,-0.06638942142539372,6.726233402358747,-0.02020946967742887,106.0
2019-10-03 17:00:00,-0.11967083420742464,6.720220155135295,-0.0304609045551274,250.6
2019-10-03 18:00:00,-0.1628161334160212,6.742880635791903,-0.03692876986515259,357.3
2019-10-03 19:00:00,-0.1441555417316902,6.650279048587422,-0.022922482391845023,433.0
2019-10-03 20:00:00,-0.05992427434115433,6.674561391814426,-0.013997848083318942,147.8
2019-10-03 21:00:00,-0.02219481314813354,6.677083461247136,-0.010402937419554448,-329.0
2019-10-03 22:00:00,0.014838504355958015,6.684611727667927,-0.005357225369582608,-882.5
2019-10-03 23:00:00,0.09549345455898584,6.677083461247136,0.001905920004254824,-1389.3
2019-10-04 00:00:00,0.10392910963145319,6.651571873589727,0.024522072959785035,-1561.1
2019-10-04 01:00:00,0.09451827149045977,6.643789733147672,0.027139228836432494,-1597.1
2019-10-04 02:00:00,0.07161870503119472,6.628041376179533,0.02844248418055706,-1589.6
2019-10-04 03:00:00,0.036226333254654186,6.620073206530356,0.02864611147045082,-1469.4
2019-10-04 04:00:00,0.027527097451820026,6.628041376179533,0.030179870146717747,-1519.2
2019-10-04 05:00:00,-0.045355153190005826,6.635946555686647,0.02645000734449532,-1187.2
2019-10-04 06:00:00,-0.03912557490460378,6.642486801367256,0.02289301303706104,-34.2
2019-10-04 07:00:00,-0.10917476858598141,6.648984550024776,0.019640694281864768,730.4
2019-10-04 08:00:00,-0.11746649257573027,6.608000625296087,0.01886684542081163,918.3
2019-10-04 09:00:00,-0.10992438759367484,6.590301048196686,0.017532165253285825,877.1
2019-10-04 10:00:00,0.019854979592238475,6.597145701886651,0.02865220754135578,867.1
2019-10-04 11:00:00,-0.06818463772798378,6.570882962339584,0.009771896300732053,746.9
2019-10-04 12:00:00,-0.0463091553673447,6.51471269087253,0.020893747640480242,600.5
2019-10-04 13:00:00,-0.04756575620692871,6.455198563340122,0.0073192546061982,441.7
2019-10-04 14:00:00,-0.0538449825561953,6.408528791059498,0.01096559917997908,266.5
2019-10-04 15:00:00,-0.07075199455760961,6.364750756851911,0.012218252499609505,140.7
2019-10-04 16:00:00,-0.06717160130207134,6.309918278226516,0.0034527589974899797,138.6
2019-10-04 17:00:00,-0.08399436147743478,6.261491684321042,-0.003562404430745403,350.6
2019-10-04 18:00:00,-0.10490776189275497,6.29156913955832,-0.007175664726497999,526.6
2019-10-04 19:00:00,-0.09326144272095593,6.284134161070802,0.011074272194310453,480.3
2019-10-04 20:00:00,-0.05812913150394694,6.376726947898627,0.019135151641183512,99.2
2019-10-04 21:00:00,-0.017738233845014495,6.4457198193855785,0.023634787560515846,-465.3
2019-10-04 22:00:00,0.004736496622316011,6.4967749901858625,0.03071693263533426,-922.3
2019-10-04 23:00:00,0.019023893668358216,6.484635235635252,0.038540028037070684,-1213.4
2019-10-05 00:00:00,-0.0694451705671777,6.492239835020471,0.05924511334522364,-1085.1
2019-10-05 01:00:00,-0.03757494803648864,6.450470422144176,0.06538803291334006,-1155.9
2019-10-05 02:00:00,-0.052050087658219724,6.416732282512326,0.06591846493203946,-1235.5
2019-10-05 03:00:00,-0.015695549365590367,6.415096959171596,0.0661365174444537,-1223.7
2019-10-05 04:00:00,0.016191758264982425,6.436150368369428,0.07011208324151497,-1194.8
2019-10-05 05:00:00,0.06550676741043171,6.456769655572163,0.06767179880712604,-1086.9
2019-10-05 06:00:00,0.05914198743737442,6.467698726104354,0.05949070552212987,-839.4
2019-10-05 07:00:00,-0.025836005180156718,6.46302945692067,0.05174878645568981,-632.7
2019-10-05 08:00:00,-0.03263146780778037,6.322565239927284,0.053310544025327644,-274.5
2019-10-05 09:00:00,-0.041959636594544936,6.045005314036012,0.05351078930448239,136.0
2019-10-05 10:00:00,0.043683853265942485,5.855071922202427,0.05710067512597483,277.4
2019-10-05 11:00:00,0.01114507980552748,5.7899601708972535,0.04168087363678019,258.9
2019-10-05 12:00:00,0.06450145104329774,5.69035945432406,0.039614719962358436,182.2
2019-10-05 13:00:00,0.02586988707379545,5.529429087511423,0.025835019305498363,203.9
2019-10-05 14:00:00,0.006747314260192816,5.4116460518550396,0.03227492784832009,180.2
2019-10-05 15:00:00,-0.034253187330188783,5.351858133476067,0.011205667473614511,135.9
2019-10-05 16:00:00,0.00454751306165635,5.332718793265369,0.024883496601368904,131.7
2019-10-05 17:00:00,-0.004986998572929391,5.332718793265369,0.02133774446292591,344.4
2019-10-05 18:00:00,-0.02551441272333932,5.4116460518550396,0.026828170243140548,565.9
2019-10-05 19:00:00,-0.027993139158885683,5.407171771460119,0.045344861750660215,630.8
2019-10-05 20:00:00,0.01685862066388566,5.41610040220442,0.05486582778792126,394.4
2019-10-05 21:00:00,0.07816783727324017,5.342334251964811,0.05850528462627125,29.3
2019-10-05 22:00:00,0.10332338709436284,5.272999558563747,0.06520750714819634,-281.6
2019-10-05 23:00:00,0.13090819393173314,5.209486152841421,0.0710384278764522,-522.0
2019-10-06 00:00:00,0.07760603062941707,5.442417710521793,0.11331745936195148,-574.9
2019-10-06 01:00:00,0.1345571169526929,5.44673737166631,0.119207764902729,-646.9
2019-10-06 02:00:00,0.1492917424743978,5.4680601411351315,0.11559158312893025,-742.2
2019-10-06 03:00:00,0.19326139975160306,5.53338948872752,0.12207003922534199,-786.7
2019-10-06 04:00:00,0.23153842304234784,5.6131281063880705,0.12143909373743611,-782.1
2019-10-06 05:00:00,0.2658220545893988,5.66988092298052,0.11847287781667504,-706.5
2019-10-06 06:00:00,0.2750621414664085,5.707110264748875,0.10833246035085864,-521.2
2019-10-06 07:00:00,0.14072694827709986,5.7430031878094825,0.09946987165949217,-316.8
2019-10-06 08:00:00,0.04575439634675993,5.575949103146316,0.10035974285767857,177.3
2019-10-06 09:00:00,0.019805601768931425,5.241747015059643,0.09619097807634702,470.4
2019-10-06 10:00:00,0.040096895235495644,4.919980925828125,0.08882298783998444,647.6
2019-10-06 11:00:00,0.04405176574303882,4.820281565605037,0.07399538453785759,666.1
2019-10-06 12:00:00,0.0542540136091314,4.844187086458591,0.06965894424041785,559.0
2019-10-06 13:00:00,0.08037316060427724,4.859812404361672,0.05201595027667949,493.0
2019-10-06 14:00:00,0.09236963218954974,4.882801922586371,0.0619420998589586,439.0
2019-10-06 15:00:00,0.11606000907523883,4.897839799950911,0.055738724195203204,433.4
2019-10-06 16:00:00,0.10458502248192802,4.941642422609304,0.05465212921515494,509.3
2019-10-06 17:00:00,0.004020177068294384,5.075173815233827,0.04959985270774325,794.1
2019-10-06 18:00:00,-0.048409956252525976,5.313205979041787,0.05714034799906109,969.2
2019-10-06 19:00:00,-0.010775832985717493,5.4116460518550396,0.0705551261647237,1017.8
2019-10-06 20:00:00,-0.02123033203684921,5.564520407322694,0.08066648873913174,799.8
2019-10-06 21:00:00,-0.004703482071219511,5.662960480135946,0.07967050933373798,429.4
2019-10-06 22:00:00,0.021645384309151083,5.762051382780177,0.0850278056732865,92.5
2019-10-06 23:00:00,0.12157655301513337,5.860786223465865,0.09349979841300815,-284.7
2019-10-07 00:00:00,0.06839815601359911,6.16541785423142,0.10085702681489472,-666.7
2019-10-07 01:00:00,0.15273798802332017,6.274762021241939,0.10304086262909529,-793.5
2019-10-07 02:00:00,0.152047367857024,6.380122536899765,0.10266390015450355,-900.1
2019-10-07 03:00:00,0.1461011390413982,6.470799503782602,0.09919801113072779,-909.8
2019-10-07 04:00:00,0.05358542533089716,6.539585955617669,0.09979926033217801,-843.8
2019-10-07 05:00:00,0.011438337770069307,6.561030665896573,0.09356416822432756,-308.2
2019-10-07 06:00:00,-0.01886863232632896,6.532334292222349,0.08134881848251396,677.6
2019-10-07 07:00:00,0.28436375238223555,6.493753839851686,0.07191518315011614,1425.8
2019-10-07 08:00:00,0.302961261213615,6.329720905522696,0.06732873401373496,1568.4
2019-10-07 09:00:00,0.25274799694253325,5.991464547107982,0.06378621977713728,1724.4
2019-10-07 10:00:00,0.15197599071400658,5.655991810819852,0.05393168219366906,1794.5
2019-10-07 11:00:00,0.20376390968454094,5.472270673671475,0.05383490844344152,1572.5
2019-10-07 12:00:00,0.2100260709815176,5.337538079701318,0.03617399822418044,1369.1
2019-10-07 13:00:00,0.18607015660910164,5.225746673713202,0.03821107379685884,1189.1
2019-10-07 14:00:00,0.14691414821274495,5.075173815233827,0.03911872930575733,1122.6
2019-10-07 15:00:00,0.16158477846178299,4.897839799950911,0.033364332524090656,1125.7
2019-10-07 16:00:00,0.1523350412252742,4.727387818712341,0.025632463144567907,1090.0
2019-10-07 17:00:00,0.1705017905798467,4.51085950651685,0.02304170589382082,1433.6
2019-10-07 18:00:00,0.1961251687907808,4.356708826689592,0.027711031716251,1650.2
2019-10-07 19:00:00,0.3491470189977708,4.1588830833596715,0.04944111937903095,1578.2
2019-10-07 20:00:00,0.23053743186422393,4.204692619390966,0.06269736973414908,1536.0
2019-10-07 21:00:00,0.009178790142660098,4.382026634673881,0.06427811671654382,1163.6
2019-10-07 22:00:00,0.02395499074869134,4.564348191467836,0.06944428243080125,768.4
2019-10-07 23:00:00,0.08280482072909123,4.709530201312334,0.07599517814829682,201.0
2019-10-08 00:00:00,0.06519857831557196,5.181783550292085,0.10031893275741588,-149.7
2019-10-08 01:00:00,0.06070789142944477,5.429345628954441,0.10396376072863767,-355.8
2019-10-08 02:00:00,0.031047819449608216,5.572154032177765,0.10554399029487627,-413.3
2019-10-08 03:00:00,0.04829961741906441,5.645446897643238,0.1061952264996755,-432.9
2019-10-08 04:00:00,0.04908177791485757,5.726847747587197,0.10268018833665593,-358.7
2019-10-08 05:00:00,-0.013347027239289933,5.817111159963204,0.09280974056429869,143.6
2019-10-08 06:00:00,-0.04401000615145234,5.950642552587727,0.07494596677241638,1145.3
2019-10-08 07:00:00,-0.12063964724645304,6.073044534100405,0.06001996363750095,1797.4
2019-10-08 08:00:00,-0.0010151398434414816,6.063785208687608,0.05493034383659001,1845.5
2019-10-08 09:00:00,-0.0065544713535024,6.07073772800249,0.05526543476385193,1797.0
2019-10-08 10:00:00,-0.09081993086652629,6.115892125483034,0.05446148503762416,1766.7
2019-10-08 11:00:00,-0.08629016955927682,6.186208623900494,0.05933000909640462,1708.6
2019-10-08 12:00:00,-0.1094562500916374,6.261491684321042,0.07724141762489367,1592.7
2019-10-08 13:00:00,-0.09105691119953896,6.317164686747284,0.05616714161227243,1548.4
2019-10-08 14:00:00,-0.10510464082260018,6.327936783729195,0.06641974264848116,1535.6
2019-10-08 15:00:00,-0.11841889356780877,6.278521424165844,0.06710876015763034,1543.6
2019-10-08 16:00:00,-0.09375639058181262,6.236369590203704,0.05258661262913833,1379.4
2019-10-08 17:00:00,-0.07484037812710831,6.173786103901937,0.04224312094964944,1434.4
2019-10-08 18:00:00,-0.01555655584791582,6.09807428216624,0.03797569231573661,1536.4
2019-10-08 19:00:00,-0.0314465897393954,5.908082938168931,0.04589971179360752,1596.8
2019-10-08 20:00:00,-0.05319880199462235,5.793013608384144,0.051091013283821596,1345.7
2019-10-08 21:00:00,-0.05252163715582281,5.648974238161206,0.049636461739789084,1075.0
2019-10-08 22:00:00,-0.002719469619743453,5.521460917862246,0.05533320550921239,594.9
2019-10-08 23:00:00,0.1546474951679695,5.4510384535657,0.06374228148867545,56.1
2019-10-09 00:00:00,0.12855421678895818,5.402677381872279,0.06747259081993917,-324.0
2019-10-09 01:00:00,0.11421740257131274,5.3706380281276624,0.06865742699992694,-490.5
2019-10-09 02:00:00,0.11878210823593038,5.3471075307174685,0.0668847402055146,-545.1
2019-10-09 03:00:00,0.09784704964218038,5.327876168789581,0.06732001950853395,-548.5
2019-10-09 04:00:00,0.04847127044938615,5.342334251964811,0.06415097632060629,-468.7
2019-10-09 05:00:00,-0.03940053398033827,5.342334251964811,0.05838340458275759,17.5
2019-10-09 06:00:00,-0.040683940749357994,5.303304908059076,0.0535167075381473,1136.9
2019-10-09 07:00:00,-0.1016192439901693,5.288267030694535,0.04076765079905975,1708.2
2019-10-09 08:00:00,-0.0046387187526995,5.181783550292085,0.04074999321082551,1861.4
2019-10-09 09:00:00,0.04685795361171641,5.087596335232384,0.03909526269022123,1762.9
2019-10-09 10:00:00,-0.038691998329528854,5.087596335232384,0.052792330926882514,1648.3
2019-10-09 11:00:00,-0.09428895907752244,5.153291594497779,0.04406481175182542,1631.9
2019-10-09 12:00:00,-0.14682673168212235,5.231108616854587,0.042209371497062165,1507.7
2019-10-09 13:00:00,-0.12313858995391591,5.313205979041787,0.0391231552883049,1468.6
2019-10-09 14:00:00,-0.11736322250660924,5.3612921657094255,0.04122936644533404,1327.0
2019-10-09 15:00:00,-0.11240145695053805,5.402677381872279,0.04621184461911376,1263.3
2019-10-09 16:00:00,-0.12670354290604458,5.484796933490655,0.025391005651348664,1284.8
2019-10-09 17:00:00,-0.13199863515102628,5.616771097666572,0.018068693152018866,1260.4
2019-10-09 18:00:00,-0.033658276938760334,5.808142489980444,0.016207607757166897,1274.5
2019-10-09 19:00:00,0.1430034965859206,5.872117789475416,0.027011453325030743,1278.0
2019-10-09 20:00:00,-0.08006796206802758,5.945420608606575,0.029233611542625937,917.9
2019-10-09 21:00:00,-0.03934766993365102,5.942799375126701,0.03084634704028666,314.1
2019-10-09 22:00:00,-0.029136104969937904,5.8998973535824915,0.031008633193025048,-140.4
2019-10-09 23:00:00,0.08618214991447104,5.831882477283517,0.033449216625498934,-648.3
2019-10-10 00:00:00,0.019537061949271184,5.802118375377063,0.016344923074461448,-1060.5
2019-10-10 01:00:00,0.01271916141247953,5.71042701737487,0.014997242287408952,-1185.8
2019-10-10 02:00:00,-0.006173878181047421,5.594711379601839,0.010046626013869187,-1198.4
2019-10-10 03:00:00,0.005731716760021044,5.480638923341991,0.007691631826247658,-1166.6
2019-10-10 04:00:00,0.05629972425165697,5.37989735354046,0.010879969127897127,-1098.5
2019-10-10 05:00:00,0.004094109565937032,5.298317366548036,0.012359919581781398,-654.2
2019-10-10 06:00:00,-0.016720365512858493,5.267858159063328,0.022469058807226716,429.2
2019-10-10 07:00:00,-0.08721119363677854,5.231108616854587,0.024596285486246927,1226.5
2019-10-10 08:00:00,-0.009770186061076824,5.1298987149230735,0.023631608093047873,1228.4
2019-10-10 09:00:00,-0.0689549726114751,5.111987788356544,0.0225921901839925,1213.6
2019-10-10 10:00:00,-0.05636741117391342,5.187385805840755,0.03965056532223876,1271.1
2019-10-10 11:00:00,-0.08592078146925441,5.303304908059076,0.02380629782043009,1279.5
2019-10-10 12:00:00,-0.027021290720302904,5.442417710521793,0.02468287731015728,1103.7
2019-10-10 13:00:00,-0.03358922223965877,5.58724865840025,0.03046063817318334,1005.5
2019-10-10 14:00:00,-0.052787186782312645,5.720311776607412,0.017887072384493052,918.6
2019-10-10 15:00:00,-0.14618939808303866,5.8522024797744745,0.0026330455453003054,831.7
2019-10-10 16:00:00,-0.11135952974444008,5.973809611869261,0.005819142321998427,734.9
2019-10-10 17:00:00,-0.14408570759312234,6.124683390894205,0.0010031871970603845,720.7
2019-10-10 18:00:00,-0.16959949954342424,6.336825731146441,0.0010648292526429515,850.9
2019-10-10 19:00:00,-0.14577235695859558,6.437751649736401,0.011280515922374335,778.8
2019-10-10 20:00:00,-0.07334729467329515,6.579251212010101,0.011637384876454604,412.2
2019-10-10 21:00:00,-0.05484617975768069,6.684611727667927,0.00858902333185263,27.8
2019-10-10 22:00:00,-0.04635840323745288,6.7650389767805414,0.0015857859000902863,-532.3
2019-10-10 23:00:00,0.020750276653911826,6.825460036255307,-0.002801025814825664,-1005.8
2019-10-11 00:00:00,-0.022517966000765277,6.849066282633458,-0.01838977639328654,-1333.9
2019-10-11 01:00:00,-0.09619076481873101,6.922643891475888,-0.0218220212273863,-1474.2
2019-10-11 02:00:00,-0.27243043782781573,6.9726062513017535,-0.024557311263407655,-1550.4
2019-10-11 03:00:00,-0.25283818239152556,6.996681488176539,-0.026105428403147002,-1563.4
2019-10-11 04:00:00,-0.04536272635800431,7.00033446027523,-0.024972552528401692,-1661.1
2019-10-11 05:00:00,-0.1253043898161308,6.976348070447749,-0.02111299588233173,-1241.1
2019-10-11 06:00:00,-0.1233888885297243,6.932447891572509,-0.004241603208862799,-199.8
2019-10-11 07:00:00,-0.17286619098590084,6.873163834212518,0.0042946545506303835,737.8
2019-10-11 08:00:00,-0.16919306253331712,6.78897174299217,0.003278837759079778,931.0
2019-10-11 09:00:00,-0.1802783790877016,6.742880635791903,0.0028492009320029155,913.1
2019-10-11 10:00:00,-0.08242386952818004,6.745236349484363,0.01680597776636361,959.3
2019-10-11 11:00:00,-0.1632868849017317,6.78105762593618,-0.0029659620659039376,782.0
2019-10-11 12:00:00,-0.13834386548919886,6.849066282633458,0.007065862698876657,568.5
2019-10-11 13:00:00,-0.14440664281035653,6.928537818164665,-0.010303181538192874,276.4
2019-10-11 14:00:00,-0.14851587833683055,6.9874902470009905,-0.009713185271026603,48.1
2019-10-11 15:00:00,-0.16726998501671586,7.033506484287697,-0.010429359786114034,-116.6
2019-10-11 16:00:00,-0.16439015298473914,7.099201743553092,-0.022811870099703313,-219.7
2019-10-11 17:00:00,-0.1758686151964466,7.126890808898808,-0.026602686373522033,-85.3
2019-10-11 18:00:00,-0.18371043397780884,7.129297548929373,-0.028065144413652376,117.3
2019-10-11 19:00:00,-0.16959651902859862,7.0326242610280065,-0.020604322229322847,-30.0
2019-10-11 20:00:00,-0.13154885085402634,7.018401799069201,-0.02581961225562779,-469.7
2019-10-11 21:00:00,-0.09555843834111055,6.98100574072173,-0.03352964528142266,-939.5
2019-10-11 22:00:00,-0.08443144794886459,6.933423025730715,-0.03885028841654048,-1271.3
2019-10-11 23:00:00,-0.20157558940107645,6.887552571664617,-0.042883354147264185,-1513.3
2019-10-12 00:00:00,-0.1319007358307216,6.933423025730715,-0.06689085147671214,-1558.6
2019-10-12 01:00:00,-0.08745836693380982,6.959398512133975,-0.06955582453053921,-1687.9
2019-10-12 02:00:00,-0.0813830798050934,6.9975959829819265,-0.07423128615252317,-1620.7
2019-10-12 03:00:00,-0.06122981416847484,7.042286171939743,-0.07491707568046735,-1498.2
2019-10-12 04:00:00,0.015881247472237625,7.087573705557973,-0.0721211754840958,-1439.8
2019-10-12 05:00:00,0.05512499477546173,7.118826249062078,-0.07344538490992569,-1385.7
2019-10-12 06:00:00,0.02860983428499786,7.141245122350491,-0.07076568016169027,-1087.0
2019-10-12 07:00:00,-0.062450665027042884,7.161622002939187,-0.07043729072726812,-921.0
2019-10-12 08:00:00,-0.08903306615940831,7.160069207596127,-0.06190329717801468,-492.3
2019-10-12 09:00:00,-0.10251625201835246,7.171656822768514,-0.05248243754180315,-115.7
2019-10-12 10:00:00,-0.01740804268202112,7.192182058713246,-0.0396805940926388,32.3
2019-10-12 11:00:00,-0.06402446357315306,7.216709486709457,-0.04854890524854483,-34.1
2019-10-12 12:00:00,-0.010890085454507759,7.234898420314831,-0.04608158834459708,-140.8
2019-10-12 13:00:00,-0.04241892430427896,7.238496840894365,-0.059825393760364776,-262.2
2019-10-12 14:00:00,-0.05792109749110841,7.252762418053187,-0.053433370786294176,-385.2
2019-10-12 15:00:00,-0.1101230126445305,7.27655640271871,-0.07553263340612304,-472.4
2019-10-12 16:00:00,-0.08832007315932788,7.298445101508147,-0.06546871347717342,-388.3
2019-10-12 17:00:00,-0.06840569876481162,7.31986492980897,-0.06353389609459192,-215.3
2019-10-12 18:00:00,-0.058588293444404194,7.340186835320115,-0.057335043560527765,68.9
2019-10-12 19:00:00,-0.05612732089779238,7.295735072749282,-0.05117156171636417,-52.7
2019-10-12 20:00:00,-0.009809626418275652,7.3098814858247865,-0.05515115836318785,-393.5
2019-10-12 21:00:00,-0.0031868417695917195,7.313220387090301,-0.06132945466324813,-706.7
2019-10-12 22:00:00,0.007499422987014448,7.312553498102598,-0.06448178627699619,-1052.7
2019-10-12 23:00:00,0.03386950161139923,7.2991214627108,-0.06854702703988913,-1339.6
2019-10-13 00:00:00,0.020863538269489723,7.352441100243583,-0.06084565998032154,-1661.2
2019-10-13 01:00:00,0.09750495149214755,7.323830566202317,-0.06207595591151005,-1794.0
2019-10-13 02:00:00,0.1264047277263649,7.277938572945661,-0.06782421532803085,-1780.9
2019-10-13 03:00:00,0.18458779968914207,7.214504414151143,-0.062035149790119704,-1726.1
2019-10-13 04:00:00,0.2255700376739984,7.145196134997171,-0.05951447378709496,-1599.3
2019-10-13 05:00:00,0.2652310380237317,7.069023426578259,-0.05646028484238563,-1376.8
2019-10-13 06:00:00,0.26857435698766574,6.981934677156389,-0.057027481729484464,-935.8
2019-10-13 07:00:00,0.14160171141787936,6.876264611890766,-0.05698404451183947,-663.3
2019-10-13 08:00:00,0.046895623289451294,6.706862336602747,-0.04435276896870555,-193.4
2019-10-13 09:00:00,0.018409928129956565,6.507277712385012,-0.03909681765859041,311.4
2019-10-13 10:00:00,0.0340595552728189,6.371611847231857,-0.03722506741796927,604.8
2019-10-13 11:00:00,0.03856026374936361,6.263398262591624,-0.047514386424516886,715.7
2019-10-13 12:00:00,0.05950627170951961,6.137727054086234,-0.04657917419431712,649.1
2019-10-13 13:00:00,0.08623991859644153,5.988961416889864,-0.0676477099025945,674.5
2019-10-13 14:00:00,0.1033171099447352,5.814130531825066,-0.056192015370708503,669.6
2019-10-13 15:00:00,0.12532063369636282,5.583496308781699,-0.06130404932440392,734.0
2019-10-13 16:00:00,0.11127774127303303,5.337538079701318,-0.054851734372206806,925.0
2019-10-13 17:00:00,0.012174612033458487,5.181783550292085,-0.051085492960472934,1201.3
2019-10-13 18:00:00,-0.057734654162149734,5.159055299214529,-0.043271193747091985,1629.8
2019-10-13 19:00:00,-0.06337843028980528,5.147494476813453,-0.037219115286498905,1662.0
2019-10-13 20:00:00,-0.05785645377629267,5.267858159063328,-0.037104876739807224,1400.6
2019-10-13 21:00:00,-0.02175014328453795,5.389071729816501,-0.04303324463872116,843.6
2019-10-13 22:00:00,0.005968848363056001,5.552959584921617,-0.046931122226071764,352.0
2019-10-13 23:00:00,0.10427153105993137,5.771441123130016,-0.04715473153641092,-139.3
2019-10-14 00:00:00,0.018034427396736774,6.732210706467206,-0.048184411646206016,-889.0
2019-10-14 01:00:00,0.01369693958782836,6.9975959829819265,-0.047673578157723995,-1325.3
2019-10-14 02:00:00,-0.012492229857590686,7.110696122978827,-0.04929741760929751,-1496.4
2019-10-14 03:00:00,0.04187308861468386,7.149916836132109,-0.050810804116313335,-1549.9
2019-10-14 04:00:00,-0.02077006322204955,7.1853870155804165,-0.0460435647358004,-1520.7
2019-10-14 05:00:00,-0.0745679129916077,7.208600337960199,-0.04422426013715253,-1062.2
2019-10-14 06:00:00,-0.08867395130867983,7.223295679562314,-0.038100253151812424,126.1
2019-10-14 07:00:00,-0.08101233472690961,7.244941546337007,-0.039557873600664095,808.3
2019-10-14 08:00:00,0.12776428094900583,7.243512974665482,-0.04219174407164061,878.2
2019-10-14 09:00:00,0.12232121703166321,7.247792581767846,-0.04201572027984213,867.8
2019-10-14 10:00:00,0.05843515652533693,7.259116128097101,-0.041878665050010255,886.3
2019-10-14 11:00:00,0.12854048844695365,7.226209010100671,-0.0319665375988194,867.0
2019-10-14 12:00:00,0.11200735764593528,7.1372784372603855,-0.04076267843326775,981.0
2019-10-14 13:00:00,0.059539959443562385,7.01571242048723,-0.029766501953197633,1098.6
2019-10-14 14:00:00,-0.03898749032436921,6.833031732786201,-0.023415985115530447,1290.6
2019-10-14 15:00:00,0.056085479929540494,6.579251212010101,-0.024530830391409353,1443.5
2019-10-14 16:00:00,0.29000913252480753,6.259581464064923,-0.03136775038181483,1528.6
2019-10-14 17:00:00,0.32426404546534027,5.932245187448011,-0.03605407729537191,1813.4
2019-10-14 18:00:00,0.4518411548159049,5.648974238161206,-0.04014937863956547,2188.9
2019-10-14 19:00:00,0.4874435944872575,5.337538079701318,-0.03506844987713542,2150.2
2019-10-14 20:00:00,0.26389302556510685,5.159055299214529,-0.03267421546422078,1826.2
2019-10-14 21:00:00,0.14442503281452357,5.10594547390058,-0.03862127229347401,1424.9
2019-10-14 22:00:00,0.00474184392294541,5.14166355650266,-0.04180999998242463,1076.6
2019-10-14 23:00:00,0.04900918646681296,5.231108616854587,-0.04254869136707562,588.6
2019-10-15 00:00:00,0.028955490413152152,5.298317366548036,-0.024008480584368996,350.3
2019-10-15 01:00:00,0.0360582455470424,5.429345628954441,-0.02699541197771893,195.8
2019-10-15 02:00:00,0.016680177486239067,5.572154032177765,-0.029058124393378293,275.8
2019-10-15 03:00:00,0.04270066364427283,5.730099782973574,-0.02733616612484724,219.6
2019-10-15 04:00:00,0.04091132102408457,5.8916442118257715,-0.027957466670283537,149.8
2019-10-15 05:00:00,-0.039162153268712974,6.073044534100405,-0.028150207929540372,513.8
2019-10-15 06:00:00,0.05152181850484716,6.249975242259483,-0.024545806172403317,1342.8
2019-10-15 07:00:00,0.20867739785690542,6.393590753950631,-0.02460357760652343,1942.5
2019-10-15 08:00:00,0.219144279401422,6.46302945692067,-0.026693189185913013,2025.0
2019-10-15 09:00:00,0.23500580674693872,6.532334292222349,-0.0234453401641197,1892.3
2019-10-15 10:00:00,0.16292624394264488,6.6052979209482015,-0.02375108443914975,1879.4
2019-10-15 11:00:00,0.18144209203104023,6.675823221634848,-0.019359759288620992,1751.7
2019-10-15 12:00:00,0.13425222316686947,6.744059186311348,-0.0002517712548684159,1652.5
2019-10-15 13:00:00,0.14183598344848702,6.802394763324311,-0.02100810330848013,1496.8
2019-10-15 14:00:00,0.09377313618526184,6.848005274576363,-0.009924344004863528,1398.6
2019-10-15 15:00:00,0.09851874497669577,6.890609120147166,-0.006865604321468766,1317.4
2019-10-15 16:00:00,0.15067128523743856,6.93828448401696,-0.01692408164297987,1237.0
2019-10-15 17:00:00,0.23095836135336212,6.966024187106113,-0.02147382783616436,1386.2
2019-10-15 18:00:00,0.2926594103562259,6.975413927455952,-0.024257181249199178,1535.3
2019-10-15 19:00:00,0.4459369280705623,6.86171134048073,-0.02262023464314744,1416.7
2019-10-15 20:00:00,0.2875635100732863,6.825460036255307,-0.023877338445942087,1037.5
2019-10-15 21:00:00,0.045996709799606794,6.748759547491679,-0.033684594351745645,681.3
2019-10-15 22:00:00,0.0805360568726825,6.651571873589727,-0.04013465326106669,203.0
2019-10-15 23:00:00,0.1676500424220424,6.542471960506805,-0.04422715816395062,-88.1
2019-10-16 00:00:00,0.14711085248510525,6.530877627725885,-0.04588646700601018,-731.9
2019-10-16 01:00:00,0.115390767328992,6.424869023905388,-0.051107522613817125,-812.1
2019-10-16 02:00:00,0.12173022357874252,6.335054251498059,-0.05633507144679761,-786.7
2019-10-16 03:00:00,0.10108949905628606,6.246106765481563,-0.05624981796813522,-797.9
2019-10-16 04:00:00,0.059275872565276,6.163314804034641,-0.059119725888498564,-716.5
2019-10-16 05:00:00,-0.02833502172405744,6.115892125483034,-0.055282748035303086,-366.5
2019-10-16 06:00:00,0.1586423673267996,6.1092475827643655,-0.04052285396303823,566.0
2019-10-16 07:00:00,0.33013294619193445,6.113682179832232,-0.03763643729827848,1343.6
2019-10-16 08:00:00,0.3278389853737993,6.0867747269123065,-0.03584757116323978,1509.4
2019-10-16 09:00:00,0.3203083375694238,6.059123195581797,-0.03652006803739738,1418.4
2019-10-16 10:00:00,0.2959685828158083,6.061456918928017,-0.021987281568943473,1401.9
2019-10-16 11:00:00,0.2989386080948959,6.089044875446846,-0.03014235264646814,1355.5
2019-10-16 12:00:00,0.2549356480485683,6.135564891081739,-0.02979633148838623,1188.3
2019-10-16 13:00:00,0.26381338168794066,6.20455776256869,-0.030199910611393932,1073.9
2019-10-16 14:00:00,0.23230605543066174,6.278521424165844,-0.0230807699859934,998.3
2019-10-16 15:00:00,0.22763389156700065,6.366470447731438,-0.013152225415218766,944.6
2019-10-16 16:00:00,0.0785369995711469,6.4457198193855785,-0.0260564536415675,906.3
2019-10-16 17:00:00,0.1883874637185623,6.507277712385012,-0.02690379821237343,1073.2
2019-10-16 18:00:00,0.24685530603440853,6.556778356158042,-0.02827172966461511,1250.7
2019-10-16 19:00:00,0.12928422384456262,6.400257445308821,-0.026510639235542754,1157.8
2019-10-16 20:00:00,0.0858153513673412,6.416732282512326,-0.030953690030687042,762.2
2019-10-16 21:00:00,-0.03285238322798412,6.411818267709897,-0.035623946044253785,347.3
2019-10-16 22:00:00,-0.02828924535686994,6.410174881966167,-0.04378181638012357,-214.6
2019-10-16 23:00:00,0.057022095142059026,6.408528791059498,-0.05057177703257132,-583.4
2019-10-17 00:00:00,0.030229174501442024,6.309918278226516,-0.04963392437741554,-1002.2
2019-10-17 01:00:00,0.01723520100099618,6.255750041753367,-0.05123603492852524,-1222.4
2019-10-17 02:00:00,-0.010123450381880339,6.184148890937483,-0.05479316919817556,-1249.4
2019-10-17 03:00:00,0.0008655271088477967,6.124683390894205,-0.055722412826638035,-1245.1
2019-10-17 04:00:00,0.06077533965935755,6.082218910376446,-0.05036859979806607,-1098.4
2019-10-17 05:00:00,0.007278364680866289,6.049733455231958,-0.04516465571330386,-746.9
2019-10-17 06:00:00,0.008422553088519802,6.023447592961033,-0.028886108472796934,383.1
2019-10-17 07:00:00,0.24032354555735846,6.0063531596017325,-0.021535409629988678,1238.0
2019-10-17 08:00:00,0.2538143348116435,5.934894195619588,-0.021982428015409283,1606.0
2019-10-17 09:00:00,0.2645592156062895,5.831882477283517,-0.02141058100634652,1680.5
2019-10-17 10:00:00,0.291704524776911,5.733341276897746,1.0270017256175379e-05,1726.9
2019-10-17 11:00:00,0.2669960904557618,5.648974238161206,-0.012292189433621203,1748.8
2019-10-17 12:00:00,0.2969838933824729,5.5909869805108565,-0.0063034756480853105,1699.1
2019-10-17 13:00:00,0.2274208294524933,5.552959584921617,0.004209530908429571,1650.7
2019-10-17 14:00:00,0.22255653422957433,5.517452896464707,-0.003909900375806075,1642.9
2019-10-17 15:00:00,0.12372716415085838,5.521460917862246,-0.014222062207222663,1589.3
2019-10-17 16:00:00,0.34862100904493687,5.568344503761097,-0.005345910224212602,1597.5
2019-10-17 17:00:00,0.34931601813322377,5.648974238161206,-0.008132600643930843,1702.0
2019-10-17 18:00:00,0.40349894419585386,5.746203190540153,-0.013002872838329793,1908.6
2019-10-17 19:00:00,0.39940779030950324,5.7430031878094825,-0.013735463251435931,1750.2
2019-10-17 20:00:00,0.3324854604978338,5.823045895483019,-0.018176391675037706,1694.6
2019-10-17 21:00:00,0.21092374578785034,5.87493073085203,-0.023603129088563435,1515.7
2019-10-17 22:00:00,0.1021734535859129,5.910796644040527,-0.03416470008986039,962.9
2019-10-17 23:00:00,0.10822167051893894,5.926926025970411,-0.042327334972570796,442.4
2019-10-18 00:00:00,0.08841203464289693,5.814130531825066,-0.04805608531937544,-493.9
2019-10-18 01:00:00,0.11322099856464041,5.7899601708972535,-0.0530312988666779,-708.4
2019-10-18 02:00:00,0.10753694622113041,5.75890177387728,-0.05711359445866648,-819.6
2019-10-18 03:00:00,0.08504469066053044,5.726847747587197,-0.05942065185619505,-819.1
2019-10-18 04:00:00,0.05593002918448198,5.6937321388027,-0.05736303158727196,-745.8
2019-10-18 05:00:00,-0.02619056164547162,5.662960480135946,-0.05164068594335802,-265.7
2019-10-18 06:00:00,-0.0072079719362987404,5.648974238161206,-0.03056298651416256,906.3
2019-10-18 07:00:00,0.21657126120759607,5.62040086571715,-0.01969675010517946,1685.4
2019-10-18 08:00:00,0.39859232768011843,5.517452896464707,-0.02312928470720088,1839.0
2019-10-18 09:00:00,0.28189511626033603,5.37989735354046,-0.024564897387419293,1830.1
2019-10-18 10:00:00,0.48650938504509167,5.247024072160486,-0.008248293956260255,1812.7
2019-10-18 11:00:00,0.018176670981586263,5.204006687076795,-0.027142245743293714,1872.5
2019-10-18 12:00:00,-0.04081247878744243,5.25227342804663,-0.023583151400439206,1766.9
2019-10-18 13:00:00,-0.047302077892942496,5.327876168789581,-0.03703859802419984,1568.6
2019-10-18 14:00:00,-0.0535785645447624,5.438079308923196,-0.03550455482093717,1353.7
2019-10-18 15:00:00,-0.08779555604233957,5.602118820879701,-0.031189976283268805,1061.5
2019-10-18 16:00:00,-0.08341451390500776,5.82600010738045,-0.040578581568569305,946.9
2019-10-18 17:00:00,-0.08053184636541122,6.056784013228625,-0.0414743037703591,1050.4
2019-10-18 18:00:00,-0.055623929951700735,6.2422232654551655,-0.04421870937633088,1081.4
2019-10-18 19:00:00,-0.07851268972745507,6.274762021241939,-0.041597553653693,866.9
2019-10-18 20:00:00,-0.08702094711743413,6.322565239927284,-0.049759819801634464,598.2
2019-10-18 21:00:00,-0.05389181400993426,6.311734809152915,-0.059764616793547276,90.0
2019-10-18 22:00:00,-0.0324678509860199,6.295266001439646,-0.06799667427712741,-361.1
2019-10-18 23:00:00,-0.002754483262985552,6.3578422665081,-0.07557204939773676,-819.8
2019-10-19 00:00:00,-0.06429347056431522,6.806829360392176,-0.13094689681486926,-1948.4
2019-10-19 01:00:00,-0.04606073414343559,6.92461239604856,-0.1412414609621102,-2257.3
2019-10-19 02:00:00,-0.08885276906510331,7.0326242610280065,-0.15221474759242426,-2409.3
2019-10-19 03:00:00,-0.05253270668286936,7.115582126184454,-0.1588358889855641,-2539.4
2019-10-19 04:00:00,-0.012147669739810851,7.183870715062453,-0.15780305970089614,-2608.1
2019-10-19 05:00:00,0.014085563071312368,7.186901020411631,-0.15318821752915213,-2547.4
2019-10-19 06:00:00,0.046384063319785174,7.134890851565884,-0.1385320405523931,-2211.1
2019-10-19 07:00:00,-0.06969488626380471,7.104144092987527,-0.12631633583698942,-1870.4
2019-10-19 08:00:00,-0.08962530781130607,7.0825485693553,-0.10906777160096404,-1475.0
2019-10-19 09:00:00,-0.08702985132308028,7.080026499922591,-0.08969761260983056,-1072.0
2019-10-19 10:00:00,0.003929094706109915,7.099201743553092,-0.06856904178714807,-1013.4
2019-10-19 11:00:00,-0.02038117384124627,7.101675971619444,-0.07475031604816884,-1034.0
2019-10-19 12:00:00,0.00977655135405131,7.053585727193677,-0.07316727122246292,-896.1
2019-10-19 13:00:00,-0.02267379966761318,6.97914527506881,-0.08590600868333809,-878.1
2019-10-19 14:00:00,-0.030971604801555586,6.871091294610546,-0.08205725325945323,-885.7
2019-10-19 15:00:00,-0.08081259087693704,6.727431724850855,-0.10267429376094483,-817.5
2019-10-19 16:00:00,-0.037439721585066366,6.576469569048224,-0.0879288227628372,-623.7
2019-10-19 17:00:00,-0.017672158100245028,6.483107351457199,-0.07941854843398843,-353.5
2019-10-19 18:00:00,-0.031990280452494524,6.464588303689961,-0.06731707398628295,-167.6
2019-10-19 19:00:00,-0.04248239652238883,6.352629396319567,-0.07080001405973668,-327.6
2019-10-19 20:00:00,-0.007919521899859117,6.331501849893691,-0.08210274775308335,-620.1
2019-10-19 21:00:00,0.01145807180085745,6.289715570908998,-0.09552584232858763,-844.8
2019-10-19 22:00:00,0.04945139473059923,6.2422232654551655,-0.10595068980780376,-1187.6
2019-10-19 23:00:00,0.05211818319979855,6.218600119691729,-0.11714695055431967,-1450.0
2019-10-20 00:00:00,-0.0868283689522471,6.369900982828227,-0.10362932541474734,-1869.3
2019-10-20 01:00:00,-0.15197088728098151,6.428105272684596,-0.11044677898139987,-1909.0
2019-10-20 02:00:00,-0.08174357823389222,6.481577129276431,-0.12123018909664296,-2094.2
2019-10-20 03:00:00,-0.028542965289998445,6.511745329644728,-0.11896740699948438,-2195.5
2019-10-20 04:00:00,-0.005763198393732516,6.52795791762255,-0.1180650346952099,-2230.7
2019-10-20 05:00:00,0.17690204921622588,6.542471960506805,-0.1150648648167163,-2260.6
2019-10-20 06:00:00,0.06918489168156317,6.568077911411976,-0.11189073734363753,-2064.8
2019-10-20 07:00:00,0.11502011091618591,6.582025138892826,-0.10993797231433078,-1934.1
2019-10-20 08:00:00,0.03253581307089792,6.543911845564792,-0.0928195933950704,-1660.6
2019-10-20 09:00:00,0.03420629372219963,6.47543271670409,-0.07696468460146377,-1190.8
2019-10-20 10:00:00,0.0649563218453042,6.424869023905388,-0.060914838540373495,-930.2
2019-10-20 11:00:00,0.0861434905067835,6.385194398997726,-0.05788179437200114,-771.5
2019-10-20 12:00:00,0.10346643050308924,6.3473892096560105,-0.05204031900141537,-779.3
2019-10-20 13:00:00,0.10089523412268075,6.285998094508865,-0.0677599118662453,-810.1
2019-10-20 14:00:00,0.11745455954527984,6.20455776256869,-0.05495125044924798,-810.6
2019-10-20 15:00:00,0.14166675191377687,6.115892125483034,-0.059612287797580876,-759.1
2019-10-20 16:00:00,0.13706792238529752,6.013715156042802,-0.04715177332782439,-600.1
2019-10-20 17:00:00,0.048068402751567874,5.926926025970411,-0.04188443391754326,-222.1
2019-10-20 18:00:00,-0.005077194311811972,5.849324779946859,-0.038653669766208765,165.2
2019-10-20 19:00:00,0.0033301943619621355,5.579729825986222,-0.04530720647287012,-103.4
2019-10-20 20:00:00,0.04068801225149565,5.521460917862246,-0.053625426147309696,-265.1
2019-10-20 21:00:00,0.07130269921813692,5.4116460518550396,-0.06570592065329883,-627.8
2019-10-20 22:00:00,0.0954907169341146,5.313205979041787,-0.07729914378982272,-1019.4
2019-10-20 23:00:00,0.16788506831876848,5.225746673713202,-0.08232511696779454,-1342.4
2019-10-21 00:00:00,0.05361435982936191,5.455321115357702,-0.06754026812330416,-2320.8
2019-10-21 01:00:00,0.1256311052535506,5.318119993844216,-0.0653869873766908,-2403.6
2019-10-21 02:00:00,0.1368817754064211,5.19295685089021,-0.06525172489471132,-2347.6
2019-10-21 03:00:00,0.15208201811381272,5.043425116919247,-0.06459695040826752,-2284.1
2019-10-21 04:00:00,0.09652275918175635,4.90527477843843,-0.0561054212602663,-2159.8
2019-10-21 05:00:00,0.049956796231413136,4.787491742782046,-0.049008958260488455,-1660.8
2019-10-21 06:00:00,0.017989939140521827,4.663439094112067,-0.036317814934157866,-296.2
2019-10-21 07:00:00,0.20480998793435257,4.564348191467836,-0.031149645198826903,565.6
2019-10-21 08:00:00,0.19473813044409916,4.382026634673881,-0.03319870922419099,822.2
2019-10-21 09:00:00,0.2452879268210273,4.1588830833596715,-0.0313634050135132,825.0
2019-10-21 10:00:00,0.10432496647598644,3.9889840465642745,-0.031578383754194306,656.2
2019-10-21 11:00:00,0.1757420899312474,3.9318256327243257,-0.022648542486921386,605.3
2019-10-21 12:00:00,0.11905429277579138,3.970291913552122,-0.03289967807878291,462.8
2019-10-21 13:00:00,0.08570624457859033,4.0943445622221,-0.02410984502958513,333.5
2019-10-21 14:00:00,0.09603013907506863,4.290459441148391,-0.019160860733913765,266.3
2019-10-21 15:00:00,0.1546918007780156,4.499809670330265,-0.018484520048927422,225.9
2019-10-21 16:00:00,-0.02949463164336663,4.709530201312334,-0.019104602644384627,168.0
2019-10-21 17:00:00,0.21993899456480026,4.976733742420574,-0.020078854133684487,317.3
2019-10-21 18:00:00,0.2512174661932578,5.267858159063328,-0.02513078133022084,470.6
2019-10-21 19:00:00,-0.07924736092726636,5.43372200355424,-0.026353393789783297,258.9
2019-10-21 20:00:00,-0.03669245172258151,5.680172609017068,-0.02690108290911475,-165.9
2019-10-21 21:00:00,0.018461992446209496,5.82600010738045,-0.034768874990515286,-726.9
2019-10-21 22:00:00,0.04621936124609105,5.945420608606575,-0.040613241965466784,-1329.2
2019-10-21 23:00:00,0.11170458896042712,6.066108090103747,-0.04580488682467454,-2040.0
2019-10-22 00:00:00,0.03677142251610421,6.519147287940395,-0.01776970809929246,-2790.4
2019-10-22 01:00:00,0.04482766742855482,6.621405651764134,-0.020616587600802205,-3047.0
2019-10-22 02:00:00,0.015202417501044785,6.717804695023691,-0.02360784458162435,-3154.2
2019-10-22 03:00:00,-0.01821951011756795,6.815639990074331,-0.023502611686582853,-3269.4
2019-10-22 04:00:00,0.027935615523930313,6.918695219020472,-0.024416775589578776,-3400.4
2019-10-22 05:00:00,-0.056364412322980506,7.0317412587631285,-0.023523247679394288,-3085.2
2019-10-22 06:00:00,-0.0770617615870024,7.143617602704121,-0.01707965029351044,-2014.2
2019-10-22 07:00:00,-0.14984466998398105,7.240649694255466,-0.016259648824236805,-1193.7
2019-10-22 08:00:00,-0.1754222745359999,7.3031700512368,-0.021149937741151703,-1175.0
2019-10-22 09:00:00,-0.1650905273754555,7.371489295214277,-0.021134696315229462,-1276.9
2019-10-22 10:00:00,-0.18829879522952764,7.442492722794441,-0.023106368782464415,-1350.3
2019-10-22 11:00:00,-0.16551558500536423,7.508787170634276,-0.018342700350226337,-1477.8
2019-10-22 12:00:00,-0.16476736312603046,7.5569505720129,-0.00015905418095307766,-1676.3
2019-10-22 13:00:00,-0.14870895955297092,7.584773077612199,-0.02371724598090985,-1812.9
2019-10-22 14:00:00,-0.15792590748500102,7.60489448081162,-0.014331083122494093,-1917.6
2019-10-22 15:00:00,-0.16952490450130497,7.619233416226805,-0.006772089569448525,-1962.0
2019-10-22 16:00:00,-0.16749578972319235,7.629489916393995,-0.008256335498666445,-2013.6
2019-10-22 17:00:00,-0.17648610552347765,7.6236419465115715,-0.006788472482181618,-1768.6
2019-10-22 18:00:00,-0.2034725328271949,7.614805364711073,-0.008511674522260648,-1649.8
2019-10-22 19:00:00,-0.2037282819388606,7.493873886783559,-0.011081645086653324,-1771.2
2019-10-22 20:00:00,-0.15685948429570118,7.486613313139955,-0.012182410763225349,-2218.7
2019-10-22 21:00:00,-0.1677335307126815,7.475905969367397,-0.019953484100653895,-2738.8
2019-10-22 22:00:00,-0.5470515052755767,7.456454555176209,-0.02613937692412982,-3031.3
2019-10-22 23:00:00,-0.922892258674014,7.432483807917119,-0.029589658303544653,-3105.5
2019-10-23 00:00:00,-0.6202547962452929,7.5251007461258,-0.03729753136567027,-3865.7
2019-10-23 01:00:00,-0.5839319952751034,7.4815557019095165,-0.04252911481414223,-3948.4
2019-10-23 02:00:00,-0.5670110165302171,7.423568444259167,-0.04727156529344967,-3898.7
2019-10-23 03:00:00,-0.22315643065441204,7.359467638255621,-0.0459326655570198,-3880.3
2019-10-23 04:00:00,-0.06553879785645433,7.295735072749282,-0.045826779048063315,-3878.8
2019-10-23 05:00:00,-0.043116416489536125,7.237059026124737,-0.037253694955140304,-3373.6
2019-10-23 06:00:00,7.237016878480773e-05,7.195187320178709,-0.015287822296491171,-2068.6
2019-10-23 07:00:00,-0.0844415366484621,7.167809184316444,-0.008218457331025775,-1126.8
2019-10-23 08:00:00,-0.1531290405597887,7.141245122350491,-0.009447316744555678,-991.1
2019-10-23 09:00:00,-0.13639901717110536,7.149916836132109,-0.01127636431784218,-1056.6
2019-10-23 10:00:00,-0.1203001415137348,7.170888478512505,0.0026963342107961807,-1087.5
2019-10-23 11:00:00,-0.0994053682945566,7.207118856207756,-0.006084480720346619,-1202.1
2019-10-23 12:00:00,-0.12308751854812439,7.243512974665482,-0.008325647091508515,-1280.8
2019-10-23 13:00:00,-0.08850540032507537,7.262628600974241,-0.010395450636909942,-1437.2
2019-10-23 14:00:00,-0.07858312580384252,7.256297239690681,-0.003322230998703546,-1454.4
2019-10-23 15:00:00,-0.05998304067044602,7.21081845347222,0.007213191941215058,-1431.1
2019-10-23 16:00:00,-0.0765061390391315,7.157735484249907,-0.00250857210742339,-1370.4
2019-10-23 17:00:00,-0.09595399146746031,7.116394144093465,0.0007843122387782842,-1057.2
2019-10-23 18:00:00,-0.1197198359054239,7.094234845924755,-0.0018944124870934331,-923.4
2019-10-23 19:00:00,-0.10442546350752924,6.939253946041508,-0.006012914503443767,-1019.4
2019-10-23 20:00:00,-0.05341351827519025,6.911747300251674,-0.013759123752928204,-1448.7
2019-10-23 21:00:00,-0.0023014615784981984,6.887552571664617,-0.019826776904555032,-2013.5
2019-10-23 22:00:00,0.02393476701982644,6.873163834212518,-0.031583251988331895,-2607.5
2019-10-23 23:00:00,0.09639376308466785,6.871091294610546,-0.041393670199726174,-3130.2
2019-10-24 00:00:00,0.04139262768525187,7.02197642307216,-0.05615662303098645,-3650.2
2019-10-24 01:00:00,0.0069694103625788095,7.007600613951853,-0.057538047214958254,-3806.5
2019-10-24 02:00:00,-0.030419350001783307,6.984716320118266,-0.061029269585885615,-3838.3
2019-10-24 03:00:00,-0.019772815153482615,6.9584483932976555,-0.06105508163449791,-3766.5
2019-10-24 04:00:00,0.04062731184402546,6.9363427358340495,-0.05361941536407144,-3608.8
2019-10-24 05:00:00,0.003514063145961366,6.907755278982137,-0.047521757570685,-3110.6
2019-10-24 06:00:00,0.043805498999570425,6.8658910748834385,-0.03270901957077932,-1876.9
2019-10-24 07:00:00,-0.02904775458660591,6.833031732786201,-0.0255796192333424,-801.7
2019-10-24 08:00:00,-0.07461999124785423,6.806829360392176,-0.02948142163530143,-669.0
2019-10-24 09:00:00,-0.05792176139060157,6.79794041297493,-0.03141622312366721,-690.2
2019-10-24 10:00:00,0.008270865562523433,6.79794041297493,-0.0136531626355616,-705.3
2019-10-24 11:00:00,-0.0032678968055845914,6.802394763324311,-0.02943890917336134,-780.2
2019-10-24 12:00:00,0.06881772980197187,6.80128303447162,-0.023848599650806435,-870.8
2019-10-24 13:00:00,0.06549641149247076,6.784457062637643,-0.014594521913295466,-919.8
2019-10-24 14:00:00,0.032497911327539875,6.747586526829315,-0.025052336949615395,-888.9
2019-10-24 15:00:00,-0.07812472397095593,6.733401891837359,-0.03657670776302702,-968.0
2019-10-24 16:00:00,-0.0335470624180938,6.745236349484363,-0.02967206867175598,-1044.8
2019-10-24 17:00:00,-0.05640344582013723,6.794586580876499,-0.029068082007659868,-861.3
2019-10-24 18:00:00,-0.09108678954849259,6.851184927493743,-0.03517430244987452,-712.5
2019-10-24 19:00:00,-0.0833092079814941,6.778784897685177,-0.0419298560736987,-920.2
2019-10-24 20:00:00,-0.05720688136465446,6.821107472256465,-0.049495402243225683,-1469.4
2019-10-24 21:00:00,-0.03501550157719491,6.859614903654202,-0.05541027939945842,-2049.1
2019-10-24 22:00:00,-0.02708210544146672,6.897704943128636,-0.0658433051102385,-2672.3
2019-10-24 23:00:00,-0.02764119399820908,6.92461239604856,-0.07378580183495487,-3223.0
2019-10-25 00:00:00,-0.06620417286838887,7.085901464365611,-0.060576594441217324,-3789.9
2019-10-25 01:00:00,-0.11717789398339917,7.121252453244542,-0.06331020216503447,-3999.3
2019-10-25 02:00:00,-0.23317797813887253,7.173958319756794,-0.06842343226993108,-4086.7
2019-10-25 03:00:00,-0.2882401094424414,7.232010331664759,-0.07034119720285581,-4141.7
2019-10-25 04:00:00,-0.25871550447646463,7.294377299288821,-0.06994665936967692,-4180.2
2019-10-25 05:00:00,-0.14122634282671642,7.38025578842646,-0.06897130209265967,-3903.6
2019-10-25 06:00:00,-0.06708025902644099,7.471363088187097,-0.058886279954686316,-2913.4
2019-10-25 07:00:00,-0.08148953212241716,7.550661243105336,-0.053555783870184115,-2040.0
2019-10-25 08:00:00,-0.11438482603832245,7.597897950521784,-0.06046087428768665,-2026.2
2019-10-25 09:00:00,-0.10838157422516437,7.635786861395585,-0.06171351892545651,-2118.3
2019-10-25 10:00:00,0.021140161622364317,7.65728279297819,-0.04365946450658065,-2202.5
2019-10-25 11:00:00,-0.06766488719653285,7.687997166393016,-0.06096560827940678,-2372.0
2019-10-25 12:00:00,-0.11277429063969491,7.710653323501202,-0.04668471971612931,-2594.5
2019-10-25 13:00:00,-0.09758293867830226,7.711101251840158,-0.06168703330648384,-2804.1
2019-10-25 14:00:00,-0.12994308677698818,7.700747794511798,-0.060648505786845774,-2976.7
2019-10-25 15:00:00,-0.1244765230039464,7.6783263565068856,-0.05742699072501445,-3013.2
2019-10-25 16:00:00,-0.10020312895093575,7.650644551436897,-0.058154083499838194,-2865.7
2019-10-25 17:00:00,-0.089076624656927,7.603897968521881,-0.04760443963705896,-2445.6
2019-10-25 18:00:00,-0.08751143493738889,7.557472901614746,-0.04246500666654818,-2041.4
2019-10-25 19:00:00,-0.08454391293971675,7.387090235656757,-0.03841537117523153,-2217.1
2019-10-25 20:00:00,-0.1222518634948555,7.330405211844402,-0.03911809183164472,-2579.1
2019-10-25 21:00:00,-0.10753104468946972,7.2640301428995295,-0.03852585421897281,-2969.3
2019-10-25 22:00:00,-0.1623682774163675,7.189922170745808,-0.03426470202516363,-3247.5
2019-10-25 23:00:00,-0.2785075928462799,7.1049654482698426,-0.030580702293891093,-3338.6
2019-10-26 00:00:00,-0.46179720594158,7.170119543449628,-0.05009881428060048,-3617.8
2019-10-26 01:00:00,-0.6373209535080329,7.037027614686276,-0.04914560914473398,-3542.7
2019-10-26 02:00:00,-0.5646840301809943,6.977281341630747,-0.05098374621570834,-3607.3
2019-10-26 03:00:00,-0.7335662548947717,7.022868086082641,-0.05409558333299991,-3537.5
2019-10-26 04:00:00,-0.922892258674014,7.113956109566034,-0.05425996070945338,-3614.2
2019-10-26 05:00:00,-0.6660352220121579,7.204892510204673,-0.056527191273255895,-3645.1
2019-10-26 06:00:00,-0.7824723691646955,7.247792581767846,-0.05234427376717932,-3400.8
2019-10-26 07:00:00,-0.3633525677259417,7.252762418053187,-0.0507142262694984,-3260.4
2019-10-26 08:00:00,-0.2292687737927479,7.206377291472252,-0.049961818542447745,-2954.4
2019-10-26 09:00:00,-0.14141331812902358,7.1180162044653335,-0.04100074814931709,-2484.8
2019-10-26 10:00:00,-0.04882725773320118,7.0326242610280065,-0.021266247247313075,-2139.1
2019-10-26 11:00:00,-0.07668650324653647,6.952728644624869,-0.02312244294785515,-1962.4
2019-10-26 12:00:00,-0.011470300150216328,6.851184927493743,-0.014815565912270401,-1869.5
2019-10-26 13:00:00,-0.030177442378522823,6.723832440821209,-0.022899126877053533,-1822.9
2019-10-26 14:00:00,-0.03126066391615678,6.586171654854675,-0.011276685574541645,-1793.3
2019-10-26 15:00:00,-0.0776402738690174,6.459904454377535,-0.022292303399176205,-1729.4
2019-10-26 16:00:00,-0.03659926769051802,6.3578422665081,0.0019750058044980534,-1494.9
2019-10-26 17:00:00,-0.033217901350742096,6.269096283706261,0.00218586385163988,-1138.9
2019-10-26 18:00:00,-0.04533253200628895,6.180016653652572,-0.0032455775761501826,-901.0
2019-10-26 19:00:00,-0.06889005728385733,5.981414211254481,-0.01702928844112961,-1039.2
2019-10-26 20:00:00,-0.0436179857915735,5.8664680569332965,-0.020132132063606534,-1389.6
2019-10-26 21:00:00,0.01060251777747423,5.726847747587197,-0.024805036407634873,-1731.0
2019-10-26 22:00:00,0.0178591426931467,5.579729825986222,-0.02594687221146863,-2046.6
2019-10-26 23:00:00,0.0381574101720461,5.44673737166631,-0.026812207262274512,-2343.9
2019-10-27 00:00:00,-0.015415398370057343,5.14166355650266,0.019593322713260974,-2340.3
2019-10-27 01:00:00,0.045233600204683366,4.962844630259907,0.020347272130464944,-2479.5
2019-10-27 02:00:00,0.07076615159171507,4.919980925828125,0.015382203775962111,-2511.4
2019-10-27 02:00:00,0.07076615159171507,4.919980925828125,0.015382203775962111,-2511.4
2019-10-27 02:00:00,0.07076615159171507,4.919980925828125,0.015382203775962111,-2511.4
2019-10-27 02:00:00,0.07076615159171507,4.919980925828125,0.015382203775962111,-2511.4
2019-10-27 02:00:00,0.07171928907451663,4.962844630259907,0.012986691062613076,-2522.9
2019-10-27 02:00:00,0.07171928907451663,4.962844630259907,0.012986691062613076,-2522.9
2019-10-27 02:00:00,0.07171928907451663,4.962844630259907,0.012986691062613076,-2522.9
2019-10-27 02:00:00,0.07171928907451663,4.962844630259907,0.012986691062613076,-2522.9
2019-10-27 03:00:00,0.11718144741239911,5.1647859739235145,0.022202999656363076,-2572.4
2019-10-27 04:00:00,0.17176883575819968,5.4116460518550396,0.02473620374555452,-2610.1
2019-10-27 05:00:00,0.23857077998060872,5.736572297479192,0.025346719504849347,-2526.1
2019-10-27 06:00:00,0.26946153729130984,6.0063531596017325,0.024216427289687203,-2393.4
2019-10-27 07:00:00,0.1520396142444529,6.218600119691729,0.021563705936092248,-2194.8
2019-10-27 08:00:00,0.051731360205343524,6.366470447731438,0.02404104900485393,-1870.5
2019-10-27 09:00:00,0.02675490006213721,6.473890696352274,0.02757611505986013,-1565.2
2019-10-27 10:00:00,0.04419246410023314,6.56244409369372,0.03708992264354016,-1298.5
2019-10-27 11:00:00,0.04787795242782966,6.620073206530356,0.036878134238966354,-1246.7
2019-10-27 12:00:00,0.05757443724643396,6.633318433280377,0.041866836955193776,-1263.3
2019-10-27 13:00:00,0.09013205584234552,6.583409222158765,0.03150034739261187,-1311.9
2019-10-27 14:00:00,0.11855497231106682,6.4692503167957724,0.04331619445598456,-1174.7
2019-10-27 15:00:00,0.16206729621426819,6.342121418721152,0.04999881618493163,-900.1
2019-10-27 16:00:00,0.17871298004630054,6.236369590203704,0.0725044915196893,-390.7
2019-10-27 17:00:00,0.10467531664284735,6.148468295917647,0.07455252534767887,21.9
2019-10-27 18:00:00,0.03669914406799579,6.068425588244111,0.06658398822207445,12.7
2019-10-27 19:00:00,0.012046474174985278,5.916202062607435,0.050115108192430924,-93.8
2019-10-27 20:00:00,0.012026889719633171,5.857933154483459,0.0502390430677746,-414.5
2019-10-27 21:00:00,0.03575269325940278,5.820082930352362,0.05037702958935597,-797.5
2019-10-27 22:00:00,0.054745332735495644,5.834810737062605,0.055737225310974026,-1196.4
2019-10-27 23:00:00,0.14001556578035368,5.8944028342648505,0.06609488815047904,-1590.3
2019-10-28 00:00:00,0.1291108594994146,6.302618975744905,0.1109773591248544,-1778.7
2019-10-28 01:00:00,0.2133626098397552,6.364750756851911,0.1175913838907956,-1892.8
2019-10-28 02:00:00,0.21842796015324506,6.421622267806518,0.12044754660139034,-1918.6
2019-10-28 03:00:00,0.21561377145003213,6.478509642208569,0.12108024111226712,-1905.1
2019-10-28 04:00:00,0.13148846845317097,6.511745329644728,0.1269199328691144,-1774.6
2019-10-28 05:00:00,0.07284349819774683,6.516193076042964,0.12124972608419071,-1204.1
2019-10-28 06:00:00,0.037172758557295627,6.508769136971682,0.1103523198932077,152.0
2019-10-28 07:00:00,-0.031758535405628674,6.434546518787453,0.09959480375458263,1060.4
2019-10-28 08:00:00,-0.04260667657246975,6.238324625039508,0.09009204649376024,1264.1
2019-10-28 09:00:00,-0.04067220832317586,6.013715156042802,0.08021438238665013,1222.5
2019-10-28 10:00:00,-0.0898028213048887,5.857933154483459,0.06312734322941616,1173.5
2019-10-28 11:00:00,-0.029820430902157913,5.75890177387728,0.058036054931999814,940.6
2019-10-28 12:00:00,0.003080021897668761,5.700443573390687,0.03765219509349116,926.5
2019-10-28 13:00:00,0.009958784833425938,5.673323267171493,0.046655138395077955,877.3
2019-10-28 14:00:00,-0.004402627854894536,5.680172609017068,0.057289821147167075,890.2
2019-10-28 15:00:00,0.00043631562655077616,5.75890177387728,0.07118415018325841,1034.5
2019-10-28 16:00:00,-0.019707423594032658,5.948034989180646,0.09221971797494,1351.2
2019-10-28 17:00:00,0.11521483976557079,6.144185634125646,0.10512739784304692,1585.0
2019-10-28 18:00:00,-0.08363595043505256,6.300785794663244,0.09642223006289719,1374.6
2019-10-28 19:00:00,-0.06371258914256428,6.297109319933935,0.08977694405209746,947.0
2019-10-28 20:00:00,-0.005851346200006713,6.371611847231857,0.09803064454296972,472.7
2019-10-28 21:00:00,0.04979350929685067,6.447305862541213,0.10204559758370735,-9.8
2019-10-28 22:00:00,0.07668118995934314,6.511745329644728,0.11224736579633543,-742.4
2019-10-28 23:00:00,0.12758434668197838,6.565264970035361,0.1230306842838047,-1320.2
2019-10-29 00:00:00,0.10206657774911498,6.776506992372183,0.1391962168499532,-1722.1
2019-10-29 01:00:00,0.10798281071982041,6.842683282238422,0.1432342986647761,-1903.6
2019-10-29 02:00:00,0.07323133209811239,6.905753276311464,0.14461437020919554,-1977.0
2019-10-29 03:00:00,0.08267123197430992,6.961296045910167,0.1475027926165975,-2025.6
2019-10-29 04:00:00,0.0959187758806399,6.993932975223189,0.14646441127963072,-1937.9
2019-10-29 05:00:00,0.04188586515234105,6.98933526597456,0.13584010232457544,-1362.8
2019-10-29 06:00:00,0.04187186115114638,6.966024187106113,0.11573822107348342,-161.7
2019-10-29 07:00:00,-0.042691308927012894,6.892641641172089,0.10294355448473347,751.3
2019-10-29 08:00:00,-0.0655837592518691,6.688354713946762,0.09312594157462684,1069.4
2019-10-29 09:00:00,-0.04588671488963403,6.439350371100098,0.08501022358168697,1166.9
2019-10-29 10:00:00,-0.06234476199856198,6.2878585601617845,0.07286484082992573,1226.1
2019-10-29 11:00:00,-0.028601156631842706,6.2422232654551655,0.058645722011281265,1001.0
2019-10-29 12:00:00,-0.020559774795905206,6.2285110035911835,0.06506878059553856,871.4
2019-10-29 13:00:00,0.013680947860344794,6.210600077024653,0.04505109141333996,798.7
2019-10-29 14:00:00,0.007862340168846238,6.206575926724928,0.06050822408571399,788.0
2019-10-29 15:00:00,-0.0034685915642462817,6.289715570908998,0.0793661427969159,924.0
2019-10-29 16:00:00,0.0028599355514451474,6.432940092739179,0.09615718401563456,1118.3
2019-10-29 17:00:00,-0.01697196894330366,6.542471960506805,0.10635586820983,1390.6
2019-10-29 18:00:00,-0.0517692453427232,6.62273632394984,0.09761170325158552,1187.8
2019-10-29 19:00:00,-0.055776345752282186,6.504288173536645,0.08792163975667577,824.9
2019-10-29 20:00:00,0.015406806905855941,6.48768401848461,0.09441564112766265,266.1
2019-10-29 21:00:00,0.0677014410992327,6.461468176353717,0.0990012496569932,-106.3
2019-10-29 22:00:00,0.13192162224700477,6.437751649736401,0.11082049138746797,-670.2
2019-10-29 23:00:00,0.29329664418786816,6.421622267806518,0.12449563854288037,-1237.9
2019-10-30 00:00:00,0.24630473476384918,5.541263545158426,0.12674998112064806,-1142.7
2019-10-30 01:00:00,0.21280422129428622,5.5093883366279774,0.13185893377498203,-1172.5
2019-10-30 02:00:00,0.21631757951982644,5.594711379601839,0.13254057989507828,-1213.0
2019-10-30 03:00:00,0.1856946087714788,5.726847747587197,0.13640975303793468,-1216.3
2019-10-30 04:00:00,0.15556252474308696,5.846438775057725,0.13633021609661178,-1104.6
2019-10-30 05:00:00,0.07809715426363661,5.942799375126701,0.13136101588033355,-627.0
2019-10-30 06:00:00,0.0744805750050892,6.054439346269371,0.12132849631253961,464.2
2019-10-30 07:00:00,-0.014026189814967616,6.1092475827643655,0.1077033747186178,1210.5
2019-10-30 08:00:00,-0.057656660391316006,6.061456918928017,0.1001684670597971,1368.5
2019-10-30 09:00:00,-0.05412061991540895,5.973809611869261,0.09365956699715383,1294.6
2019-10-30 10:00:00,-0.05429884147190345,5.902633333401366,0.10220982979994098,1215.9
2019-10-30 11:00:00,-0.04621595014215307,5.840641657373398,0.09304734933911796,1055.0
2019-10-30 12:00:00,-0.07994802588750671,5.823045895483019,0.08998392519530007,1005.5
2019-10-30 13:00:00,-0.03002407151843034,5.883322388488279,0.09260729820984892,877.1
2019-10-30 14:00:00,-0.01703306356598988,6.030685260261263,0.10198317153943215,880.9
2019-10-30 15:00:00,-6.369156312846513e-05,6.269096283706261,0.1181204693883906,802.6
2019-10-30 16:00:00,-0.01099153192850455,6.481577129276431,0.11749280374302629,1050.3
2019-10-30 17:00:00,-0.03789808413820195,6.569481420414296,0.11688572760432869,1228.1
2019-10-30 18:00:00,-0.08001238631031082,6.6240652277998935,0.10393369591480273,1023.1
2019-10-30 19:00:00,-0.0747733595896789,6.499787040655854,0.09370282782370332,636.7
2019-10-30 20:00:00,-0.03218988182356375,6.511745329644728,0.09511712279552853,248.0
2019-10-30 21:00:00,0.032158106363886496,6.523562306149512,0.10137818772182605,-273.6
2019-10-30 22:00:00,0.04984158200890976,6.541029999189903,0.10817869038682737,-843.9
2019-10-30 23:00:00,0.15611299778628984,6.5638555265321274,0.1159075536812999,-1454.0
2019-10-31 00:00:00,0.09734929397488346,6.90875477931522,0.13693115110694798,-2208.3
2019-10-31 01:00:00,0.06675461900451829,6.945051063725834,0.14328206408899824,-2341.4
2019-10-31 02:00:00,0.02251906449358021,6.990256500493881,0.1427007016848485,-2429.6
2019-10-31 03:00:00,0.01178134198584413,7.02108396428914,0.14236629745374785,-2433.3
2019-10-31 04:00:00,0.09760007324168907,7.010311867307229,0.14474886496557282,-2294.3
2019-10-31 05:00:00,0.09731982839836428,6.957497370876951,0.13440640818751248,-1770.2
2019-10-31 06:00:00,0.09238243954050818,6.890609120147166,0.11628196550733527,-189.3
2019-10-31 07:00:00,0.002347729672662169,6.810142450115136,0.10192573693605667,552.0
2019-10-31 08:00:00,-0.04034491033916776,6.697034247666484,0.09134296321812485,725.9
2019-10-31 09:00:00,-0.029404588060019332,6.570882962339584,0.08483449906121443,623.5
2019-10-31 10:00:00,0.018690210630482706,6.413458957167357,0.09668657025262561,707.8
2019-10-31 11:00:00,0.00022948372658593286,6.226536669287466,0.07072912670849085,570.9
2019-10-31 12:00:00,0.060220963835979635,6.035481432524756,0.06352950786232547,545.0
2019-10-31 13:00:00,0.08080603414277077,5.932245187448011,0.06880597437217872,384.7
2019-10-31 14:00:00,0.0872089461880825,5.973809611869261,0.06731819003745088,354.1
2019-10-31 15:00:00,0.0018975740814841657,6.075346031088684,0.07042569634003115,486.6
2019-10-31 16:00:00,0.04716221095199069,6.148468295917647,0.10097915819708625,973.2
2019-10-31 17:00:00,0.0023789066387993607,6.131226489483141,0.10943838769481395,1206.4
2019-10-31 18:00:00,-0.045093192107782176,6.0844994130751715,0.09605949932411129,1147.8
2019-10-31 19:00:00,-0.03968395093744137,5.820082930352362,0.08824486039206114,873.7
2019-10-31 20:00:00,0.04241126251488758,5.697093486505405,0.0944757093705686,336.1
2019-10-31 21:00:00,0.09401771084542787,5.58724865840025,0.1058556571793865,12.3
2019-10-31 22:00:00,0.11077892304167225,5.5254529391317835,0.11886782829775377,-629.4
2019-10-31 23:00:00,0.1618450194396126,5.5053315359323625,0.13409473019394547,-1102.5
2019-11-01 00:00:00,-0.03017656221342735,6.037870919922137,0.04088195005155271,-1782.6
2019-11-01 01:00:00,-0.06301560017797092,6.045005314036012,0.044976070041130356,-1865.5
2019-11-01 02:00:00,-0.06031336289008804,6.040254711277414,0.05081182714553201,-1925.0
2019-11-01 03:00:00,-0.09997304906035653,6.037870919922137,0.0497583896402638,-1869.6
2019-11-01 04:00:00,-0.11969004099276104,6.037870919922137,0.04582631248786129,-1785.5
2019-11-01 05:00:00,-0.1494177868397708,6.052089168924417,0.034106030621222416,-1301.9
2019-11-01 06:00:00,-0.15112978166536983,6.07073772800249,0.002589353080884038,1.3
2019-11-01 07:00:00,-0.16624019850957206,6.07073772800249,-0.023130354413284593,778.7
2019-11-01 08:00:00,-0.1846261336600592,6.028278520230698,-0.018018870935051723,949.7
2019-11-01 09:00:00,-0.16722770628251782,5.993961427306569,-0.017122192254593216,902.5
2019-11-01 10:00:00,-0.05348160662632928,5.937536205082426,-0.012118273597167217,745.4
2019-11-01 11:00:00,-0.15056536973058776,5.87493073085203,-0.01727943911769181,735.8
2019-11-01 12:00:00,-0.13928582237853782,5.834810737062605,-0.010741386039875067,591.5
2019-11-01 13:00:00,-0.17150208846674442,5.82600010738045,-0.008184838933260608,419.7
2019-11-01 14:00:00,-0.19113807971626784,5.872117789475416,-0.022695846574892542,250.3
2019-11-01 15:00:00,-0.21656766569230523,5.993961427306569,-0.035903016250722786,290.7
2019-11-01 16:00:00,-0.20700853159338184,6.156978985585555,-0.024792113553267825,596.0
2019-11-01 17:00:00,-0.2170688052689287,6.284134161070802,-0.023807242001041118,671.2
2019-11-01 18:00:00,-0.1728397273050346,6.391917113392602,-0.03069926666256073,400.7
2019-11-01 19:00:00,-0.13402837807292878,6.3561076606958915,-0.02510820307188233,27.8
2019-11-01 20:00:00,-0.13794076120443366,6.406879986069314,-0.020936772915513657,-455.0
2019-11-01 21:00:00,-0.13996716772017015,6.436150368369428,-0.009118789186750575,-1020.3
2019-11-01 22:00:00,-0.18645295410732654,6.439350371100098,-0.003435097191967884,-1539.6
2019-11-01 23:00:00,-0.294265242683017,6.413458957167357,0.0038787326731970495,-1883.3
2019-11-02 00:00:00,0.23061358858405656,6.466144724237619,0.1250492096597391,-2279.4
2019-11-02 01:00:00,0.21405381346202113,6.403574197934815,0.1275998240481453,-2330.6
2019-11-02 02:00:00,0.17519189792110046,6.297109319933935,0.1283120970659617,-2343.0
2019-11-02 03:00:00,0.18763099301278752,6.184148890937483,0.12664211537600956,-2307.3
2019-11-02 04:00:00,0.24563993410464802,6.068425588244111,0.12979005242959474,-2244.0
2019-11-02 05:00:00,0.36385469915391333,5.953243334287785,0.12681644191417973,-2174.1
2019-11-02 06:00:00,0.46113317096045314,5.84354441703136,0.1231395106393176,-2000.9
2019-11-02 07:00:00,0.43728172985655167,5.730099782973574,0.10354014077140228,-1739.3
2019-11-02 08:00:00,0.43014485066847996,5.602118820879701,0.10212382877453763,-1465.7
2019-11-02 09:00:00,0.4460094926665037,5.476463551931511,0.10303149761328179,-1127.0
2019-11-02 10:00:00,0.513105676116461,5.3981627015177525,0.10713953757570316,-898.1
2019-11-02 11:00:00,0.456085204703097,5.37989735354046,0.11243383444385202,-816.2
2019-11-02 12:00:00,0.4973293687203042,5.402677381872279,0.12473408831594668,-779.9
2019-11-02 13:00:00,0.43487982083096455,5.484796933490655,0.12720810498134938,-900.9
2019-11-02 14:00:00,0.4149940138372181,5.6131281063880705,0.12647115141852616,-887.5
2019-11-02 15:00:00,0.36629324698043764,5.7899601708972535,0.08947934476903363,-866.6
2019-11-02 16:00:00,0.39939633220043147,5.886104031450156,0.11860107718995394,-572.8
2019-11-02 17:00:00,0.37847231353316646,6.035481432524756,0.11543713197028183,-439.7
2019-11-02 18:00:00,0.4269872543991431,6.16541785423142,0.10419732087130562,-655.9
2019-11-02 19:00:00,0.41358236971027473,6.249975242259483,0.10629203846837854,-1025.9
2019-11-02 20:00:00,0.4343390139781014,6.311734809152915,0.11070525375792073,-1230.7
2019-11-02 21:00:00,0.46606783967711163,6.373319789577012,0.11650252049873089,-1592.5
2019-11-02 22:00:00,0.453685228732577,6.419994928147142,0.12201318379397286,-1926.9
2019-11-02 23:00:00,0.4094005675210055,6.459904454377535,0.1250259648122256,-2253.0
2019-11-03 00:00:00,-0.08410110401146653,6.606650186198215,-0.005436770063683483,-2161.6
2019-11-03 01:00:00,-0.07191832370816797,6.654152520183219,-0.005418650040065032,-2356.4
2019-11-03 02:00:00,-0.10406230947328687,6.71295620067707,-0.009128896921462015,-2453.9
2019-11-03 03:00:00,-0.0987328245234309,6.77078942390898,-0.0040737670303911955,-2485.9
2019-11-03 04:00:00,-0.03921958023243155,6.81783057145415,-0.005996502666347325,-2559.9
2019-11-03 05:00:00,0.047452380579112496,6.858565034791365,-0.007033212391965193,-2468.9
2019-11-03 06:00:00,0.10705755817660778,6.904750769961838,-0.011254753444900345,-2291.7
2019-11-03 07:00:00,0.03465764605810939,6.93537044601511,-0.015451954138473667,-2109.7
2019-11-03 08:00:00,-0.030070513535321197,6.954638864880987,-0.012507851015875815,-1811.5
2019-11-03 09:00:00,-0.034830602721117376,6.97354301952014,-0.009747112407499259,-1413.8
2019-11-03 10:00:00,-0.027061077134205025,6.985641817639208,-0.009557778352025537,-1286.3
2019-11-03 11:00:00,-0.019066296256768478,6.992096427415888,0.0010541663616105978,-1149.7
2019-11-03 12:00:00,0.01008281525212995,6.992096427415888,0.010297190151666413,-1138.7
2019-11-03 13:00:00,-0.0009079010947790067,7.004881989712859,0.012145716512554472,-1189.6
2019-11-03 14:00:00,0.0071801929052561775,7.029972911706386,0.013538590684623486,-1217.9
2019-11-03 15:00:00,0.03280963765092881,7.081708586105575,-0.005962304179265132,-1126.1
2019-11-03 16:00:00,0.03495213965620669,7.144407180321139,-0.0010180728984643395,-821.2
2019-11-03 17:00:00,-0.05540030222168868,7.177782416195197,-0.0024650378015049768,-695.1
2019-11-03 18:00:00,-0.05834248864015823,7.199678345691172,0.0005023687622074391,-778.6
2019-11-03 19:00:00,-0.029890221102065517,7.119635638017636,-0.004901828833443034,-1073.9
2019-11-03 20:00:00,-0.061128867200629156,7.126087273299125,-0.003546824552861594,-1238.2
2019-11-03 21:00:00,-0.08854707177832921,7.130098510125578,-0.0020726798419303805,-1435.9
2019-11-03 22:00:00,-0.10313784817393001,7.1308988302963465,0.0015183840616046496,-1806.3
2019-11-03 23:00:00,-0.09044413323332057,7.135687347028144,0.012200454642586678,-2141.9
2019-11-04 00:00:00,-0.02933860605830141,7.312553498102598,0.018430831688455385,-2064.1
2019-11-04 01:00:00,0.0352353960842926,7.328437352895162,0.020392851873886286,-2180.7
2019-11-04 02:00:00,0.05120841839180379,7.338888133838879,0.021216104301439387,-2198.8
2019-11-04 03:00:00,0.024174231099783672,7.351158226430694,0.01933580597131268,-2178.6
2019-11-04 04:00:00,-0.08135240406603206,7.367077059881012,0.020948970997174854,-2034.0
2019-11-04 05:00:00,-0.13393976199719626,7.370230641807081,0.016436918771605136,-1400.7
2019-11-04 06:00:00,-0.12715713307670073,7.371489295214277,0.009917988651567455,-441.7
2019-11-04 07:00:00,-0.12622078714886698,7.374629015218945,0.003136560668494326,291.8
2019-11-04 08:00:00,-0.12185011769633025,7.354362330421477,0.0022790424902758843,554.5
2019-11-04 09:00:00,-0.07953334097755205,7.335633981927201,0.0008304503290990084,444.8
2019-11-04 10:00:00,-0.1536064157043553,7.321188556739478,-0.015284487948472147,386.9
2019-11-04 11:00:00,-0.10557777510306732,7.317212408359839,-0.004198146953678261,306.2
2019-11-04 12:00:00,-0.08346807616614615,7.321849713788356,-0.02173059909174313,196.2
2019-11-04 13:00:00,-0.10418144874958957,7.330405211844402,0.00023778468448831802,130.2
2019-11-04 14:00:00,-0.13364518792650504,7.365180126021013,-0.006903281996109456,122.8
2019-11-04 15:00:00,-0.1290890352384637,7.418780882750794,-0.019561090491619026,241.3
2019-11-04 16:00:00,-0.1384481683506742,7.463936604468925,-0.013178686835974673,635.2
2019-11-04 17:00:00,-0.0066044533825233565,7.473069088032197,-0.0024093453285551902,798.3
2019-11-04 18:00:00,-0.13148157366853575,7.471932078245122,0.005342087420075359,643.7
2019-11-04 19:00:00,-0.07607428856231202,7.3613754289773485,0.013464830635953717,268.9
2019-11-04 20:00:00,-0.06856683310729439,7.352441100243583,0.020947566372084836,-135.2
2019-11-04 21:00:00,-0.07549432518293875,7.344719054149673,0.023049282449079556,-651.4
2019-11-04 22:00:00,-0.07108216529558531,7.3310603052186325,0.02779154228528924,-1128.7
2019-11-04 23:00:00,-0.09892636896767959,7.315883504509785,0.03503721510427482,-1434.7
2019-11-05 00:00:00,-0.03426159721211075,7.286191714702382,0.048366945680554,-1275.8
2019-11-05 01:00:00,-0.04808011744808516,7.266827347520591,0.04950670269585977,-1384.9
2019-11-05 02:00:00,-0.05335046756360251,7.247792581767846,0.05213279684952887,-1385.4
2019-11-05 03:00:00,-0.037146967606369596,7.231287004327616,0.052936894105590326,-1331.5
2019-11-05 04:00:00,-0.027326356542323627,7.217443431696533,0.050399953042227,-1357.2
2019-11-05 05:00:00,-0.04654815966807391,7.204892510204673,0.04630334149186055,-1017.4
2019-11-05 06:00:00,-0.08073290916928055,7.1929342212158,0.038232156262678174,165.9
2019-11-05 07:00:00,-0.05635212849136728,7.172424577124845,0.03282642599132757,1039.7
2019-11-05 08:00:00,-0.02122411124384005,7.124478262493424,0.028988307126427415,1120.9
2019-11-05 09:00:00,0.007608516549646449,7.085064293952548,0.025150141140665383,1028.7
2019-11-05 10:00:00,-0.008121992588451477,7.044905117129371,0.003866458482626456,1030.4
2019-11-05 11:00:00,0.03069318688388778,6.9975959829819265,-0.0006944912552917515,958.8
2019-11-05 12:00:00,0.00041922239484115664,6.9411900550683745,0.00388159240696595,856.1
2019-11-05 13:00:00,0.03127451199408693,6.889591308354466,-0.008896409958616402,822.4
2019-11-05 14:00:00,0.045458123593822286,6.853299093186078,-0.006702427122091237,877.2
2019-11-05 15:00:00,0.02921050542814596,6.863803391452954,-0.012443111220814984,1075.0
2019-11-05 16:00:00,0.041185985990921825,6.902742737158593,-0.0018228523163674737,1533.1
2019-11-05 17:00:00,0.1872012636149991,6.917705609835305,0.016595210535312432,1828.1
2019-11-05 18:00:00,0.2594291607429122,6.904750769961838,0.027271796098172985,1643.1
2019-11-05 19:00:00,0.01615684248568261,6.734591659972948,0.03260104543218567,1403.2
2019-11-05 20:00:00,0.025586254870242353,6.654152520183219,0.03890770826678214,1074.2
2019-11-05 21:00:00,-0.007717978409846893,6.566672429803241,0.03964847796524218,772.0
2019-11-05 22:00:00,0.02465018363197613,6.484635235635252,0.04357901076284065,267.3
2019-11-05 23:00:00,0.11404537649108315,6.416732282512326,0.05102470303312501,-177.0
2019-11-06 00:00:00,0.15808832711533372,6.785587645007929,0.05795173189680369,-460.4
2019-11-06 01:00:00,0.11918667383528936,6.763884908562435,0.06031558966224182,-511.9
2019-11-06 02:00:00,0.14284108678573215,6.75110146893676,0.06232316749578537,-500.8
2019-11-06 03:00:00,0.11421611671872567,6.741700694652055,0.06382333021545605,-440.5
2019-11-06 04:00:00,0.06295920713768854,6.731018100482083,0.06156953227198514,-390.6
2019-11-06 05:00:00,-0.024305664942483762,6.716594773520978,0.059052563540817005,120.1
2019-11-06 06:00:00,0.02946966129673312,6.70073110954781,0.05283621109837355,1164.4
2019-11-06 07:00:00,0.1541172549522436,6.650279048587422,0.043539403486407835,1958.7
2019-11-06 08:00:00,0.16662604525097446,6.542471960506805,0.04144906014434291,2110.7
2019-11-06 09:00:00,0.15411930740133872,6.421622267806518,0.035671265210375225,2074.7
2019-11-06 10:00:00,0.15330585697710575,6.311734809152915,0.03181059794589558,2033.6
2019-11-06 11:00:00,0.16394594925023842,6.214608098422191,0.020981819074311403,1850.0
2019-11-06 12:00:00,0.10146806148010024,6.111467339502679,0.01025942204133301,1802.5
2019-11-06 13:00:00,0.1443324631372649,6.056784013228625,0.02280559355532219,1800.1
2019-11-06 14:00:00,0.16737824994731199,6.075346031088684,0.015698017246108975,1855.4
2019-11-06 15:00:00,0.17609077524527095,6.175867270105761,0.0123242803173369,1979.7
2019-11-06 16:00:00,0.20532107562671786,6.26530121273771,0.009980383385682856,2241.1
2019-11-06 17:00:00,0.39732613130783356,6.285998094508865,0.019828594929473198,2383.6
2019-11-06 18:00:00,0.5665296426872048,6.2766434893416445,0.026775840892790725,2154.6
2019-11-06 19:00:00,0.3051331211588275,6.061456918928017,0.03249075458794515,1813.6
2019-11-06 20:00:00,0.15244041291737842,5.981414211254481,0.03429733637111276,1499.2
2019-11-06 21:00:00,0.06745191148685947,5.886104031450156,0.03898205702244262,1133.6
2019-11-06 22:00:00,0.03849552157983105,5.831882477283517,0.039815781362891656,571.7
2019-11-06 23:00:00,0.07637182529189124,5.786897381366708,0.04330653424089981,92.8
2019-11-07 00:00:00,0.10729764397512875,6.07073772800249,0.07685712182250093,-66.8
2019-11-07 01:00:00,0.0737161137169986,6.028278520230698,0.08009563705017264,-156.2
2019-11-07 02:00:00,0.06212084852410937,5.983936280687191,0.0799138254777283,-158.6
2019-11-07 03:00:00,0.06830884155877959,5.950642552587727,0.07664740569172501,-158.6
2019-11-07 04:00:00,0.11514028367774243,5.916202062607435,0.07628504425989036,-46.2
2019-11-07 05:00:00,0.07485035131121709,5.8664680569332965,0.06833953051076946,670.1
2019-11-07 06:00:00,0.07666544816025489,5.814130531825066,0.055045127402499006,1770.3
2019-11-07 07:00:00,0.16327793885245123,5.7430031878094825,0.04308027566280437,2654.6
2019-11-07 08:00:00,0.2045450335955783,5.602118820879701,0.03796177135696688,2766.1
2019-11-07 09:00:00,0.13557593841142124,5.43372200355424,0.03517730814698794,2678.4
2019-11-07 10:00:00,0.12345031646379478,5.298317366548036,0.04309057437662922,2647.6
2019-11-07 11:00:00,0.07123825732326816,5.241747015059643,0.03384185511032278,2514.2
2019-11-07 12:00:00,0.12628322782946633,5.209486152841421,0.034228197545449035,2435.2
2019-11-07 13:00:00,0.0883453122579505,5.262690188904886,0.05679151048513198,2334.4
2019-11-07 14:00:00,0.06731535756682705,5.375278407684165,0.03246123827008773,2276.8
2019-11-07 15:00:00,-0.014735216237740545,5.568344503761097,0.005531158910264011,2350.2
2019-11-07 16:00:00,0.060422733116523464,5.733341276897746,0.017619497518660765,2575.3
2019-11-07 17:00:00,0.05390796269772258,5.817111159963204,0.019694663790026823,2648.3
2019-11-07 18:00:00,-0.002778156847758506,5.87493073085203,0.02331711618858101,2329.6
2019-11-07 19:00:00,0.030329565082471532,5.726847747587197,0.027835951942051906,1942.6
2019-11-07 20:00:00,0.05048064184366963,5.666426688112432,0.02970627535464665,1531.2
2019-11-07 21:00:00,0.041164058404009385,5.605802066295998,0.03418782301972101,1114.2
2019-11-07 22:00:00,0.031867253725300415,5.564520407322694,0.03737083962411525,556.5
2019-11-07 23:00:00,0.05302158595199069,5.54907608489522,0.042930805129493876,-12.7
2019-11-08 00:00:00,0.058864161179669416,6.021023349349527,0.0744414760855232,-489.4
2019-11-08 01:00:00,0.05883661708513799,6.061456918928017,0.07479561017237657,-652.1
2019-11-08 02:00:00,0.06711424679641675,6.09807428216624,0.07446763300746362,-745.6
2019-11-08 03:00:00,0.03083092037771129,6.159095388491933,0.07071066103775792,-738.7
2019-11-08 04:00:00,-0.005066961035809836,6.248042874508429,0.0679473094430545,-732.4
2019-11-08 05:00:00,-0.03383680533909095,6.3578422665081,0.05979055539424927,-420.0
2019-11-08 06:00:00,0.005725254562159332,6.464588303689961,0.04735329859345683,655.5
2019-11-08 07:00:00,0.09614337862026678,6.548219102762372,0.03895262269666411,1494.5
2019-11-08 08:00:00,0.11714590121919066,6.597145701886651,0.0326258815131002,1524.7
2019-11-08 09:00:00,0.16569098113003733,6.656726524178391,0.03239764982973625,1446.5
2019-11-08 10:00:00,0.27040183691712816,6.697034247666484,0.04073694478796419,1429.0
2019-11-08 11:00:00,0.1634727307666437,6.698268054115413,0.03138490723577192,1343.8
2019-11-08 12:00:00,0.15913254952049893,6.683360945766275,0.044607425279501456,1226.3
2019-11-08 13:00:00,0.1268245218112165,6.648984550024776,0.04905327840969953,1060.0
2019-11-08 14:00:00,0.11886074899571542,6.626717749249025,0.039295829453074305,981.0
2019-11-08 15:00:00,0.024444201509912666,6.651571873589727,0.026428381880368335,1051.6
2019-11-08 16:00:00,0.010630513949098752,6.650279048587422,0.02063503068121264,1227.8
2019-11-08 17:00:00,0.005921634043553059,6.618738983517219,0.019090004243794922,1286.9
2019-11-08 18:00:00,0.014084241090371652,6.588926477533519,0.01743814807902666,1016.8
2019-11-08 19:00:00,0.05142715882597004,6.393590753950631,0.02254633746809631,558.4
2019-11-08 20:00:00,0.047903574644568625,6.349138991379798,0.024724301902361745,125.6
2019-11-08 21:00:00,0.04963614138384287,6.297109319933935,0.026423141405659933,-318.3
2019-11-08 22:00:00,0.04674563340186433,6.226536669287466,0.03083283283782201,-721.5
2019-11-08 23:00:00,-0.01637756782352362,6.150602768446279,0.03349469659657345,-994.7
2019-11-09 00:00:00,-0.02292145435025894,6.345636360828596,0.03460093786016394,-1212.0
2019-11-09 01:00:00,-0.027244168465631713,6.306275286948016,0.03462908077151461,-1316.5
2019-11-09 02:00:00,-0.013077376964798937,6.282266746896006,0.03549414968060027,-1338.7
2019-11-09 03:00:00,0.022418802665912452,6.274762021241939,0.032029951516195254,-1396.2
2019-11-09 04:00:00,0.04344741926584028,6.280395838960195,0.02867311079518231,-1422.2
2019-11-09 05:00:00,0.09630504365793291,6.298949246855942,0.022505640412713745,-1329.2
2019-11-09 06:00:00,0.08542207559416637,6.322565239927284,0.020943530555497247,-1033.8
2019-11-09 07:00:00,0.050197248262276783,6.3561076606958915,0.017816801070786425,-745.7
2019-11-09 08:00:00,0.029443608014510847,6.385194398997726,0.013835115873458648,-547.0
2019-11-09 09:00:00,0.06772901674362064,6.413458957167357,0.015306169971669448,-209.3
2019-11-09 10:00:00,0.11278823954996886,6.459904454377535,0.01983005564416196,29.3
2019-11-09 11:00:00,0.03848637601595195,6.523562306149512,0.022576998915958768,82.5
2019-11-09 12:00:00,0.07690002301124732,6.593044534142437,0.031835473320310115,-11.7
2019-11-09 13:00:00,0.003510015242390807,6.677083461247136,0.03907674843267195,-89.7
2019-11-09 14:00:00,-0.016667695831709572,6.776506992372183,0.036112627418214416,-167.9
2019-11-09 15:00:00,-0.06124261435729439,6.884486652042782,0.007664035782271483,-79.6
2019-11-09 16:00:00,-0.008391682353880547,6.970730078143525,0.027300919634495102,93.1
2019-11-09 17:00:00,0.00540664585164885,7.029972911706386,0.026000567395396246,77.8
2019-11-09 18:00:00,0.025116416872919878,7.077498053569231,0.023428214423294236,-172.7
2019-11-09 19:00:00,0.041482022807346475,6.953684210870537,0.020170413398593823,-594.8
2019-11-09 20:00:00,0.020493995780710428,6.976348070447749,0.02360579404528984,-866.3
2019-11-09 21:00:00,0.04000037384301258,6.99117688712121,0.025960839200784847,-1225.5
2019-11-09 22:00:00,0.034194441451024904,6.9930151229329605,0.030085573683845013,-1507.3
2019-11-09 23:00:00,-0.051422365573015494,6.988413181999592,0.0353112290837263,-1649.9
2019-11-10 00:00:00,0.02475849706896094,6.918695219020472,0.04108831521544687,-1741.3
2019-11-10 01:00:00,0.0578457261421792,6.898714534329988,0.042855847347235354,-1807.1
2019-11-10 02:00:00,0.089532955482305,6.881411303642535,0.041979984934734205,-1758.2
2019-11-10 03:00:00,0.12850071204230407,6.860663671448287,0.04789474098403801,-1778.5
2019-11-10 04:00:00,0.1632116002652504,6.8308742346461795,0.046750426494382324,-1714.1
2019-11-10 05:00:00,0.21865388632898952,6.78897174299217,0.04851213526496956,-1614.0
2019-11-10 06:00:00,0.21778001697581972,6.738152494595957,0.04860360968928212,-1209.9
2019-11-10 07:00:00,0.15775136865173067,6.658011045870748,0.04913349285290636,-1010.6
2019-11-10 08:00:00,0.07787862199731554,6.54534966033442,0.05441008064780206,-534.0
2019-11-10 09:00:00,0.05657727768087195,6.42648845745769,0.06158232407714159,-5.4
2019-11-10 10:00:00,0.05781980637313433,6.280395838960195,0.05937140495224824,404.0
2019-11-10 11:00:00,0.05324217027526634,6.113682179832232,0.06541203534441387,625.3
2019-11-10 12:00:00,0.0760902750633492,5.937536205082426,0.06957181216969666,775.1
2019-11-10 13:00:00,0.06978126431015763,5.786897381366708,0.06811185250227325,844.1
2019-11-10 14:00:00,0.0788375731654023,5.666426688112432,0.06650340074019212,895.7
2019-11-10 15:00:00,0.12755353930317614,5.564520407322694,0.04706173944902048,1078.0
2019-11-10 16:00:00,0.16539779035682178,5.4680601411351315,0.06038337670325156,1578.2
2019-11-10 17:00:00,0.14716437491086642,5.332718793265369,0.06309383374486721,1915.9
2019-11-10 18:00:00,0.15637200535634665,5.181783550292085,0.06348163802461393,1854.5
2019-11-10 19:00:00,0.16031339006892242,4.912654885736052,0.05872568143321999,1606.8
2019-11-10 20:00:00,0.11633893118185812,4.77912349311153,0.059620941231875335,1241.6
2019-11-10 21:00:00,0.0920810045092928,4.672828834461906,0.06144363329663349,778.3
2019-11-10 22:00:00,0.0828486706216931,4.584967478670572,0.0648245886289569,374.5
2019-11-10 23:00:00,0.09041007186668448,4.543294782270004,0.07266696888473057,110.0
2019-11-11 00:00:00,0.11581230200561698,5.541263545158426,0.07297762380778394,-87.4
2019-11-11 01:00:00,0.1774098848648351,5.733341276897746,0.07448270525913436,-249.0
2019-11-11 02:00:00,0.18920957550509687,5.929589143389895,0.07481724963837344,-314.0
2019-11-11 03:00:00,0.16773927342582606,6.113682179832232,0.07077392411665073,-359.1
2019-11-11 04:00:00,0.04133666146096093,6.282266746896006,0.07019979391675335,-283.4
2019-11-11 05:00:00,-0.005853466742471447,6.429719478039138,0.06731673990324083,72.9
2019-11-11 06:00:00,-0.02980123420148839,6.558197802812269,0.06448482588165838,954.8
2019-11-11 07:00:00,0.009199576548414079,6.621405651764134,0.05947944681685513,1706.6
2019-11-11 08:00:00,0.042978281650106975,6.621405651764134,0.05829711392578929,1839.0
2019-11-11 09:00:00,0.019814584825880388,6.617402977974478,0.055475225023309704,1564.4
2019-11-11 10:00:00,-0.06744791723124255,6.602587892189336,0.04223836224136868,1527.1
2019-11-11 11:00:00,-0.011451728059959088,6.5998704992128365,0.05424509802744559,1448.5
2019-11-11 12:00:00,-0.0015644229271325472,6.5998704992128365,0.03532895656019619,1402.9
2019-11-11 13:00:00,-0.028114744417159443,6.594413459749778,0.0531250345475911,1300.7
2019-11-11 14:00:00,-0.08894630329671083,6.588926477533519,0.04237243692915982,1313.8
2019-11-11 15:00:00,-0.07852679537061347,6.61472560020376,0.027851500499966875,1427.0
2019-11-11 16:00:00,-0.10944749527470377,6.625392368007956,0.03049168307601846,1713.2
2019-11-11 17:00:00,-0.095010518426486,6.608000625296087,0.032260491572378314,1818.0
2019-11-11 18:00:00,-0.09901482415662555,6.6052979209482015,0.03082848584336162,1535.2
2019-11-11 19:00:00,-0.07513686173012957,6.525029657843462,0.035281594865624655,1209.8
2019-11-11 20:00:00,-0.06211134147190345,6.584791392385716,0.0368712109819338,845.2
2019-11-11 21:00:00,-0.051045644780628674,6.652863029353347,0.03173758241798197,398.7
2019-11-11 22:00:00,-0.035548629799678544,6.709304340258298,0.03005593345255697,-200.2
2019-11-11 23:00:00,-0.025716536164020365,6.739336627357174,0.030812127198091233,-774.2
2019-11-12 00:00:00,-0.037773690515554126,6.859614903654202,0.04656730512285989,-930.9
2019-11-12 01:00:00,-0.04726010920205459,6.86484777797086,0.044310827321430324,-1043.3
2019-11-12 02:00:00,-0.05500154113625566,6.86484777797086,0.045154114996307726,-1031.0
2019-11-12 03:00:00,-0.04071692883297162,6.882437470997847,0.04372589867857535,-1000.9
2019-11-12 04:00:00,-0.022844999365497998,6.9363427358340495,0.04021173761415042,-964.3
2019-11-12 05:00:00,-0.04950674170781921,7.01211529430638,0.039791156056599775,-469.0
2019-11-12 06:00:00,-0.08484565235602881,7.081708586105575,0.04113615557033867,683.8
2019-11-12 07:00:00,-0.08400365982187763,7.115582126184454,0.040207692326927,1394.6
2019-11-12 08:00:00,-0.10783759139718407,7.094234845924755,0.03420171814872042,1371.7
2019-11-12 09:00:00,-0.09044630764628137,7.076653815443951,0.03187574716046271,1431.4
2019-11-12 10:00:00,-0.13152206651350085,7.0431599159883405,0.01844466164199865,1480.1
2019-11-12 11:00:00,-0.11104262051422475,7.009408932708637,0.024545188677080887,1464.9
2019-11-12 12:00:00,-0.11263692765122624,6.974478911025045,0.0367079942550248,1437.2
2019-11-12 13:00:00,-0.09513061000592504,6.937314081223682,0.02509756391259188,1352.0
2019-11-12 14:00:00,-0.09453426007743593,6.903747257584598,0.018171890892688225,1332.9
2019-11-12 15:00:00,-0.09907751487338512,6.8885724595653635,0.0075078718640497755,1365.8
2019-11-12 16:00:00,-0.011473562146775862,6.890609120147166,0.007370306020963113,1633.5
2019-11-12 17:00:00,0.012526233420625754,6.881411303642535,0.011065940625478277,1738.3
2019-11-12 18:00:00,-0.02777600207420372,6.860663671448287,0.011921122418616648,1640.4
2019-11-12 19:00:00,-0.06711271535795182,6.733401891837359,0.013237984749116194,1509.5
2019-11-12 20:00:00,-0.05239935369854276,6.694562058521095,0.012999945584628136,1166.3
2019-11-12 21:00:00,-0.04204272095092154,6.643789733147672,0.006161108712424479,761.9
2019-11-12 22:00:00,-0.004651432563162583,6.580639137284949,0.0002719615016353316,145.2
2019-11-12 23:00:00,0.06404143581092869,6.522092798170152,-0.0008534475609067727,-363.2
2019-11-13 00:00:00,0.010024694132531486,6.813444599510896,-0.012584807889322036,-732.0
2019-11-13 01:00:00,-0.01896366464552779,6.726233402358747,-0.010000908755218418,-779.1
2019-11-13 02:00:00,0.010345649029074089,6.6293632534374485,-0.007235791090540289,-745.4
2019-11-13 03:00:00,-0.018036775838190078,6.535241271013659,-0.00483411808204437,-633.4
2019-11-13 04:00:00,-0.012968977376238033,6.424869023905388,-0.006608629445359782,-453.1
2019-11-13 05:00:00,-0.039889131016253465,6.311734809152915,-0.007406804357515284,152.1
2019-11-13 06:00:00,-0.05223634722362114,6.210600077024653,-0.00845230161342414,1448.4
2019-11-13 07:00:00,-0.0021874375549231218,6.12029741895095,-0.013329192031370951,2163.7
2019-11-13 08:00:00,0.030410087255782425,5.976350909297934,-0.015283154555460143,2299.5
2019-11-13 09:00:00,0.055218712250673985,5.811140992976701,-0.02033706224633569,2277.2
2019-11-13 10:00:00,0.028189661277867373,5.602118820879701,-0.020577254167230663,2211.6
2019-11-13 11:00:00,0.05452175056946995,5.351858133476067,-0.028429607831574444,2146.7
2019-11-13 12:00:00,-0.004055806160773834,5.111987788356544,-0.03933222001795933,2131.3
2019-11-13 13:00:00,0.1320712204554031,4.955827057601261,-0.02918970156305889,2062.9
2019-11-13 14:00:00,0.1444212113822294,4.969813299576001,-0.036431833463062446,2123.0
2019-11-13 15:00:00,0.19387900008459535,5.10594547390058,-0.036245847834784684,2274.4
2019-11-13 16:00:00,0.25041002029925874,5.308267697401205,-0.03724435773360035,2615.0
2019-11-13 17:00:00,0.27098196334941616,5.429345628954441,-0.03131565705523798,2627.4
2019-11-13 18:00:00,0.12620070758274604,5.5053315359323625,-0.029438329767648597,2451.3
2019-11-13 19:00:00,0.13242823976770524,5.442417710521793,-0.024908563416492058,2034.3
2019-11-13 20:00:00,0.020668464221234473,5.424950017481403,-0.02438572624800095,1656.6
2019-11-13 21:00:00,-0.006855794355941747,5.41610040220442,-0.021014358302807068,1289.2
2019-11-13 22:00:00,-0.009984559726085251,5.41610040220442,-0.022103281235086314,867.3
2019-11-13 23:00:00,0.06005189177351733,5.41610040220442,-0.02057513923644194,340.2
2019-11-14 00:00:00,0.064458287538812,5.568344503761097,-0.0373515802152955,-76.9
2019-11-14 01:00:00,0.04311155338800532,5.552959584921617,-0.03831369958271402,-210.1
2019-11-14 02:00:00,0.034202784098261496,5.5254529391317835,-0.03919447650959462,-289.1
2019-11-14 03:00:00,0.03606398452623871,5.541263545158426,-0.04200079953005087,-269.3
2019-11-14 04:00:00,0.0684732499650158,5.583496308781699,-0.03728571602125719,-172.9
2019-11-14 05:00:00,0.026559365829094794,5.602118820879701,-0.034858889245034774,329.8
2019-11-14 06:00:00,0.026615734523901313,5.605802066295998,-0.02824870224289988,1563.6
2019-11-14 07:00:00,0.1496417884537471,5.58724865840025,-0.024615040670036947,2271.8
2019-11-14 08:00:00,0.09033616564503699,5.5134287461649825,-0.026236513777259773,2468.6
2019-11-14 09:00:00,0.061598902964537405,5.43372200355424,-0.02796113371682374,2419.8
2019-11-14 10:00:00,0.07692067882916165,5.3230099791384085,-0.018332238249776367,2464.9
2019-11-14 11:00:00,0.07249034429819723,5.19295685089021,-0.029205741558634202,2432.9
2019-11-14 12:00:00,0.15739545640791164,5.056245805348308,-0.031608222574408984,2353.4
2019-11-14 13:00:00,0.16616804417947773,4.983606621708336,-0.01104610055097055,2271.9
2019-11-14 14:00:00,0.20634200236931122,5.049856007249537,-0.0328510255094443,2300.4
2019-11-14 15:00:00,0.11742450642758717,5.214935757608986,-0.05144125104121322,2465.2
2019-11-14 16:00:00,0.17882929348914,5.407171771460119,-0.02766183096606234,2820.1
2019-11-14 17:00:00,0.17518162481591482,5.54907608489522,-0.020181308901173978,2876.8
2019-11-14 18:00:00,0.03008529653060732,5.69035945432406,-0.018796837264401844,2659.2
2019-11-14 19:00:00,-0.005847838433401531,5.641907070938114,-0.015293528198364825,2266.7
2019-11-14 20:00:00,-0.0008360550315664739,5.683579767338681,-0.015402913011694608,1955.1
2019-11-14 21:00:00,0.009794445012706987,5.697093486505405,-0.014470423729823878,1492.5
2019-11-14 22:00:00,0.0061415893251624,5.638354669333745,-0.017107951792054266,997.2
2019-11-14 23:00:00,0.03837646210663337,5.521460917862246,-0.016109840217016114,502.2
2019-11-15 00:00:00,0.029367997918383182,5.579729825986222,-0.002716028705460616,-446.2
2019-11-15 01:00:00,-0.003200804293228554,5.4680601411351315,-0.0014357263414517263,-536.2
2019-11-15 02:00:00,-0.00042196019407025886,5.407171771460119,-0.0008633236141140088,-580.7
2019-11-15 03:00:00,-0.032569664038818225,5.420534999272286,-0.0018502438209537786,-546.5
2019-11-15 04:00:00,-0.05518666244625692,5.488937726156687,-0.001331031643323044,-459.2
2019-11-15 05:00:00,-0.08117425971160008,5.579729825986222,-0.002247123421051711,-139.0
2019-11-15 06:00:00,-0.08336678414146137,5.700443573390687,-0.0028112000991153963,946.8
2019-11-15 07:00:00,-0.1027692819573427,5.820082930352362,-0.0005187365060503879,1770.5
2019-11-15 08:00:00,-0.1301266328947137,5.91350300563827,-0.00399477591614783,1955.2
2019-11-15 09:00:00,-0.1161350841476847,5.993961427306569,-0.005976363051878764,1914.9
2019-11-15 10:00:00,-0.0048592136174283596,6.018593214496234,0.0017258959066257518,1927.2
2019-11-15 11:00:00,-0.09552371719073172,6.0112671744041615,-0.010942230139084685,1833.1
2019-11-15 12:00:00,-0.0787065551213777,6.037870919922137,-0.0033422584644871023,1618.2
2019-11-15 13:00:00,-0.10491885669994616,6.126869184114185,-0.0033858400366639785,1405.8
2019-11-15 14:00:00,-0.10256704553499096,6.278521424165844,-0.011219544310790752,1192.1
2019-11-15 15:00:00,-0.10009955461723097,6.452048954437226,-0.017622209264537503,1167.6
2019-11-15 16:00:00,-0.08572165823876121,6.60934924316738,-0.015903904522403423,1391.7
2019-11-15 17:00:00,-0.09518317073641924,6.704414354964107,-0.015817413244553435,1339.9
2019-11-15 18:00:00,-0.0662242331884979,6.769641976852503,-0.01875932829703686,992.5
2019-11-15 19:00:00,-0.030500563543337744,6.727431724850855,-0.012136271729952242,513.3
2019-11-15 20:00:00,-0.03030462713604276,6.752270376141742,-0.009685406603253455,49.3
2019-11-15 21:00:00,-0.008609951577174701,6.777646593635117,-0.008456004520155602,-441.4
2019-11-15 22:00:00,-0.024110303365480146,6.79346613258001,-0.005120184570928998,-812.8
2019-11-15 23:00:00,-0.07151163093311652,6.802394763324311,-0.004523370590947096,-1105.9
2019-11-16 00:00:00,-0.1480686903282602,7.017506142941256,0.0010083752537575208,-1765.9
2019-11-16 01:00:00,-0.11573812541548412,7.037905963447182,0.00017102246880895677,-2025.3
2019-11-16 02:00:00,-0.09830780958343377,7.061334366910438,-0.000292768566570345,-2198.8
2019-11-16 03:00:00,-0.031237924094271285,7.083387847625295,-0.004152564855601781,-2316.1
2019-11-16 04:00:00,-0.008247723630232073,7.113142108707088,-0.007863666568486138,-2350.2
2019-11-16 05:00:00,0.044331799107195646,7.147559271189454,-0.012359373873625401,-2276.4
2019-11-16 06:00:00,0.03171109191072308,7.180069874302796,-0.011116581058946196,-2074.3
2019-11-16 07:00:00,-0.0024139700792140673,7.207118856207756,-0.010014778238797817,-1835.0
2019-11-16 08:00:00,0.007549313507443145,7.221105098182496,-0.008653054969679275,-1594.8
2019-11-16 09:00:00,0.0023674810820208947,7.229113877793302,-0.004376383247898019,-1207.9
2019-11-16 10:00:00,0.051129674564947436,7.227662498728654,0.001347260639620984,-855.1
2019-11-16 11:00:00,-0.009515236033392771,7.227662498728654,0.002824383765595684,-748.9
2019-11-16 12:00:00,0.03007521708664518,7.226936018493289,0.006273825981645942,-653.5
2019-11-16 13:00:00,-0.03070028529358071,7.247080584585756,0.005064786952488021,-738.2
2019-11-16 14:00:00,-0.04420139188673389,7.288927694521257,0.0003068942884727477,-826.9
2019-11-16 15:00:00,-0.09788569778889045,7.324489979348532,-0.02345713803897098,-753.1
2019-11-16 16:00:00,-0.06860267139899756,7.348587530927593,0.0014997847628563932,-565.0
2019-11-16 17:00:00,-0.07356686280372626,7.356279876550748,-0.00476313560035635,-576.7
2019-11-16 18:00:00,-0.05996771307354276,7.340835554123275,-0.013139409750246855,-715.8
2019-11-16 19:00:00,-0.05637164749024626,7.1846291527173145,-0.019988377825550074,-1004.6
2019-11-16 20:00:00,-0.05837316707181017,7.129297548929373,-0.024371989027109464,-1114.0
2019-11-16 21:00:00,-0.013739381194291855,7.078341579557671,-0.030216176514269222,-1461.9
2019-11-16 22:00:00,-0.027423487449895756,7.0326242610280065,-0.03535309962050093,-1797.1
2019-11-16 23:00:00,-0.057714275264492354,6.9985096422506015,-0.04204144578196711,-2082.2
2019-11-17 00:00:00,-0.07401310953913409,7.013915474810528,-0.06886058815416263,-2273.9
2019-11-17 01:00:00,-0.026185889203748758,6.976348070447749,-0.07881681499493354,-2396.4
2019-11-17 02:00:00,0.008632401852375793,6.92951677076365,-0.08936370171989516,-2446.7
2019-11-17 03:00:00,0.044823288872431366,6.885509670034818,-0.09212482527811616,-2471.5
2019-11-17 04:00:00,0.07578547279088221,6.854354502255021,-0.09908973050215053,-2451.1
2019-11-17 05:00:00,0.13106145179831596,6.84587987526405,-0.1013239663844967,-2385.4
2019-11-17 06:00:00,0.13212892002493382,6.855408798609928,-0.10174320636330592,-2094.9
2019-11-17 07:00:00,0.049933919495011914,6.863803391452954,-0.09850250595315835,-1868.1
2019-11-17 08:00:00,-0.003394932090571068,6.86171134048073,-0.08800730197925866,-1592.5
2019-11-17 09:00:00,0.016177943971304565,6.8501261661455,-0.07615222248449882,-1184.1
2019-11-17 10:00:00,0.028055704466680265,6.80128303447162,-0.07458043143774518,-912.7
2019-11-17 11:00:00,0.047371311925482384,6.70808408385307,-0.07033228693812532,-714.5
2019-11-17 12:00:00,0.04712408693247916,6.576469569048224,-0.06863318315457256,-496.4
2019-11-17 13:00:00,0.05350470275921415,6.413458957167357,-0.07305079305529816,-443.6
2019-11-17 14:00:00,0.058918065408580134,6.2422232654551655,-0.0740131179154968,-335.9
2019-11-17 15:00:00,0.08979505607482441,6.068425588244111,-0.07961809454820745,-95.2
2019-11-17 16:00:00,0.08474783432765731,5.8805329864007,-0.05679932564662238,457.7
2019-11-17 17:00:00,0.008926023756167023,5.66988092298052,-0.05562043262034777,445.8
2019-11-17 18:00:00,-0.010770533394782955,5.438079308923196,-0.060712100657958956,473.3
2019-11-17 19:00:00,-0.004278770478754801,5.093750200806762,-0.07058891218589558,419.5
2019-11-17 20:00:00,-0.020918680591779815,4.897839799950911,-0.07585157138099063,170.8
2019-11-17 21:00:00,-0.022890420971434455,4.787491742782046,-0.08641609606621437,-132.5
2019-11-17 22:00:00,-0.02847230700659953,4.852030263919617,-0.09858592096633068,-412.3
2019-11-17 23:00:00,-0.0018211523493492088,5.056245805348308,-0.1058281145658988,-864.6
2019-11-18 00:00:00,0.057936449245314936,5.288267030694535,-0.09347453467348288,-1148.8
2019-11-18 01:00:00,0.10992190455730366,5.648974238161206,-0.09526923527280928,-1299.5
2019-11-18 02:00:00,0.11312428371905492,5.968707559985366,-0.09546087084049582,-1397.0
2019-11-18 03:00:00,0.09204439868839298,6.274762021241939,-0.09860816957436924,-1506.1
2019-11-18 04:00:00,0.005024432767643194,6.530877627725885,-0.09654487635617492,-1541.3
2019-11-18 05:00:00,-0.041057101935451534,6.732210706467206,-0.09237166589329959,-1237.4
2019-11-18 06:00:00,-0.0818803832463777,6.901737206656574,-0.0805764030880809,-228.4
2019-11-18 07:00:00,-0.09107151480070863,7.039660349862076,-0.0743822295243799,628.0
2019-11-18 08:00:00,-0.0956078816360395,7.133295954896068,-0.07612225320074373,523.9
2019-11-18 09:00:00,-0.06041660003819027,7.206377291472252,-0.08024769962086431,244.6
2019-11-18 10:00:00,-0.1204491539639494,7.252762418053187,-0.09781067376606067,148.6
2019-11-18 11:00:00,-0.06567454571353126,7.275172319452771,-0.08892570993145377,100.6
2019-11-18 12:00:00,-0.03480350356169293,7.2991214627108,-0.10606915936967098,49.8
2019-11-18 13:00:00,-0.07365362080814908,7.324489979348532,-0.08841333651796823,-85.8
2019-11-18 14:00:00,-0.1014820799916909,7.346655163176539,-0.09776328464703354,44.9
2019-11-18 15:00:00,-0.09776033317219612,7.364547014255642,-0.10391884982838384,197.6
2019-11-18 16:00:00,-0.1166191979092619,7.381501894506707,-0.0943661094860424,326.6
2019-11-18 17:00:00,-0.15665590696706788,7.367077059881012,-0.09284326190542558,391.1
2019-11-18 18:00:00,-0.15055165186595687,7.338238150065589,-0.10044918422114968,232.4
2019-11-18 19:00:00,-0.10052074153451152,7.1731917424865985,-0.09902637619351395,-22.9
2019-11-18 20:00:00,-0.09260003255145044,7.098375638590786,-0.10101049804473483,-376.9
2019-11-18 21:00:00,-0.06603916641218355,7.011213987350367,-0.11242721957412094,-787.5
2019-11-18 22:00:00,-0.054796818104595246,6.915723448631314,-0.12367262733086548,-1260.7
2019-11-18 23:00:00,-0.08508813430249385,6.822197390620491,-0.13445022604254753,-1591.4
2019-11-19 00:00:00,-0.06660204241553203,6.919683849847411,-0.12197984706942933,-2288.8
2019-11-19 01:00:00,-0.09625521240284218,6.873163834212518,-0.12623155184889612,-2451.4
2019-11-19 02:00:00,-0.11165786969214153,6.838405200847344,-0.127778086444561,-2505.5
2019-11-19 03:00:00,-0.09934903908292103,6.811244378601294,-0.12877360247992087,-2516.5
2019-11-19 04:00:00,-0.08776935680803666,6.795705775173514,-0.1291954955849235,-2361.0
2019-11-19 05:00:00,-0.10902086924022703,6.79346613258001,-0.1256483428769748,-1866.9
2019-11-19 06:00:00,-0.12188692403637802,6.804614520062624,-0.11870231088235172,-702.3
2019-11-19 07:00:00,-0.12923281381732865,6.810142450115136,-0.1114816160949541,124.6
2019-11-19 08:00:00,-0.12087976230766673,6.78332520060396,-0.11212811744451834,115.3
2019-11-19 09:00:00,-0.11421492864374194,6.775366090936392,-0.11008658780343694,101.0
2019-11-19 10:00:00,-0.14840512119524396,6.769641976852503,-0.118694672358723,294.0
2019-11-19 11:00:00,-0.11724789102216615,6.741700694652055,-0.11069538646962052,324.3
2019-11-19 12:00:00,-0.11216016959690345,6.699500340161678,-0.09675621589066274,280.1
2019-11-19 13:00:00,-0.08322987452220687,6.680854678790215,-0.10620663124680974,170.0
2019-11-19 14:00:00,-0.1065909792778097,6.695798917058491,-0.10687539917329225,247.9
2019-11-19 15:00:00,-0.11882557339925848,6.715383386334681,-0.10675816705009389,438.9
2019-11-19 16:00:00,-0.12063331795001231,6.709304340258298,-0.09898184917169495,679.0
2019-11-19 17:00:00,-0.14430883601086997,6.638567789166521,-0.09593313042991092,809.3
2019-11-19 18:00:00,-0.12285310880906675,6.556778356158042,-0.09809955905020296,724.1
2019-11-19 19:00:00,-0.08691534265413159,6.400257445308821,-0.09670746180234246,420.1
2019-11-19 20:00:00,-0.05047581379311605,6.361302477572996,-0.09763840352228215,100.1
2019-11-19 21:00:00,-0.03425868748550931,6.340359303727752,-0.10655270181685594,-385.4
2019-11-19 22:00:00,0.010475948280885383,6.313548046277095,-0.11406513538224772,-965.5
2019-11-19 23:00:00,0.1066896045800152,6.270988431858299,-0.11768255065116051,-1465.2
2019-11-20 00:00:00,0.11690529383106707,6.289715570908998,-0.10501563067985131,-1675.6
2019-11-20 01:00:00,0.093092729750897,6.2166061010848646,-0.10859569080749942,-1825.3
2019-11-20 02:00:00,0.11184266986185598,6.139884552226255,-0.10924506120738009,-1934.6
2019-11-20 03:00:00,0.08647158808506994,6.091309882077698,-0.11099174514567345,-1853.2
2019-11-20 04:00:00,0.02495637259066985,6.023447592961033,-0.11037909659907541,-1711.4
2019-11-20 05:00:00,-0.03890801737365779,5.934894195619588,-0.10247730054306814,-1162.5
2019-11-20 06:00:00,-0.04630864759034603,5.855071922202427,-0.0894288614949037,-155.8
2019-11-20 07:00:00,-0.052267741773346366,5.7745515455444085,-0.08197284053590081,636.5
2019-11-20 08:00:00,0.17696119308860858,5.66988092298052,-0.0792082678706052,780.2
2019-11-20 09:00:00,-0.019874408128107035,5.579729825986222,-0.08165157715670901,824.8
2019-11-20 10:00:00,-0.0617280608513493,5.472270673671475,-0.0797275435358884,769.4
2019-11-20 11:00:00,-0.044948086614235994,5.318119993844216,-0.08592393836734225,817.3
2019-11-20 12:00:00,-0.04002268054583835,5.209486152841421,-0.09602208800792233,748.3
2019-11-20 13:00:00,-0.028145230730158843,5.267858159063328,-0.08386296676251881,716.8
2019-11-20 14:00:00,-0.02110751801560795,5.517452896464707,-0.08925386138438718,709.3
2019-11-20 15:00:00,-0.03497235377811325,5.8289456176102075,-0.08210604576378344,855.2
2019-11-20 16:00:00,-0.07105959081430901,6.118097198041348,-0.0801463792778101,1044.8
2019-11-20 17:00:00,-0.06299339307320961,6.340359303727752,-0.07968626849308791,953.1
2019-11-20 18:00:00,-0.07168075133027996,6.52795791762255,-0.08469375778379451,627.4
2019-11-20 19:00:00,-0.05595623821305784,6.586171654854675,-0.08519570843125379,99.6
2019-11-20 20:00:00,-0.06583165526045409,6.688354713946762,-0.0891672765474425,-295.6
2019-11-20 21:00:00,-0.037860526092157176,6.77078942390898,-0.09217021810045267,-784.7
2019-11-20 22:00:00,-0.04382790732995945,6.823286122355687,-0.10117360685190313,-1322.8
2019-11-20 23:00:00,0.006843829807395174,6.852242569051878,-0.1083674325101942,-1894.0
2019-11-21 00:00:00,0.019701262581282464,6.988413181999592,-0.0970508545382689,-1429.0
2019-11-21 01:00:00,-0.016526712931725918,6.9985096422506015,-0.099283875844689,-1577.0
2019-11-21 02:00:00,-0.03350894970770968,7.00033446027523,-0.1016752538269543,-1632.0
2019-11-21 03:00:00,-0.025001874020857073,7.005789019253503,-0.1046863015701529,-1705.4
2019-11-21 04:00:00,0.022652050516612565,7.014814351275545,-0.0986076068955768,-1587.7
2019-11-21 05:00:00,0.0001348131553529086,7.01571242048723,-0.0908569458564088,-1024.4
2019-11-21 06:00:00,-0.007325498904131589,7.011213987350367,-0.07849828322499164,-73.6
2019-11-21 07:00:00,-0.02589448992232679,7.01571242048723,-0.06698956567378467,791.0
2019-11-21 08:00:00,-0.07132865847614323,7.00033446027523,-0.06611058232961042,969.3
2019-11-21 09:00:00,-0.053539973722211975,6.993932975223189,-0.06773048569774964,1045.7
2019-11-21 10:00:00,-0.011091891975087531,6.988413181999592,-0.05605674507498826,1230.6
2019-11-21 11:00:00,-0.036700926523059785,6.98100574072173,-0.0646329333881468,1294.8
2019-11-21 12:00:00,0.04040877298679346,6.97914527506881,-0.0642573151728687,1273.0
2019-11-21 13:00:00,0.023279924469529423,6.9930151229329605,-0.04242420868302332,1219.4
2019-11-21 14:00:00,-0.0017845172908326212,7.02197642307216,-0.06331623126236785,1283.5
2019-11-21 15:00:00,-0.09872214652001121,7.060476365999801,-0.0781690842645375,1273.9
2019-11-21 16:00:00,-0.07368162692182967,7.093404625868766,-0.056423889754359635,1248.5
2019-11-21 17:00:00,-0.12776532057838086,7.098375638590786,-0.05632500486422565,1181.8
2019-11-21 18:00:00,-0.10839233036860918,7.093404625868766,-0.060680097518387655,906.0
2019-11-21 19:00:00,-0.0629279284041111,6.9957661563048505,-0.05728698494315232,624.4
2019-11-21 20:00:00,-0.028118022257633157,6.990256500493881,-0.05961908748983902,291.0
2019-11-21 21:00:00,-0.03544673294514045,6.988413181999592,-0.06242544392236837,25.6
2019-11-21 22:00:00,-0.04098167458788504,6.996681488176539,-0.0705924440730854,-511.0
2019-11-21 23:00:00,-0.06570082947983957,7.017506142941256,-0.07680426851088562,-1056.3
2019-11-22 00:00:00,-0.08825376042130495,7.106606137727303,-0.07110279365063654,-2593.0
2019-11-22 01:00:00,-0.09180921359978989,7.121252453244542,-0.07262619683094762,-2783.3
2019-11-22 02:00:00,-0.06933685593144023,7.138866999945524,-0.07255672670177482,-2908.1
2019-11-22 03:00:00,-0.09765151580643572,7.161622002939187,-0.07364358388261216,-2837.7
2019-11-22 04:00:00,-0.1309991804672337,7.190676034332207,-0.0688719140325631,-2712.5
2019-11-22 05:00:00,-0.1470129760615917,7.2196420401307355,-0.06190862261836649,-2414.5
2019-11-22 06:00:00,-0.10743474353049054,7.242082359256962,-0.05230106748751595,-1383.0
2019-11-22 07:00:00,-0.09268831509323938,7.257707677160043,-0.0424723283328543,-457.0
2019-11-22 08:00:00,-0.112832441641316,7.259819610363186,-0.04361625345954678,-304.9
2019-11-22 09:00:00,-0.10499620846154789,7.2640301428995295,-0.04367907654562053,-319.3
2019-11-22 10:00:00,0.009892421956719133,7.258412150595307,-0.030936480867223892,-220.7
2019-11-22 11:00:00,-0.07885269523078087,7.238496840894365,-0.036704000505382695,-139.7
2019-11-22 12:00:00,-0.05221019661764359,7.208600337960199,-0.025113192848355226,-217.4
2019-11-22 13:00:00,-0.0794321848075028,7.179307969504034,-0.02186564031946503,-337.7
2019-11-22 14:00:00,-0.09403214308515384,7.153833801578843,-0.026464910485128,-342.1
2019-11-22 15:00:00,-0.11851367265450063,7.1316985104669115,-0.027398117222245943,-217.0
2019-11-22 16:00:00,-0.11812164879934262,7.098375638590786,-0.022958168391035372,71.6
2019-11-22 17:00:00,-0.1442557330326042,7.045776576879511,-0.03036192217901501,162.9
2019-11-22 18:00:00,-0.10929478007013316,6.982862751468942,-0.041072627261026895,-123.2
2019-11-22 19:00:00,-0.08204215091788702,6.807934943699926,-0.03949440061244758,-470.5
2019-11-22 20:00:00,-0.0793836416829885,6.721425700790643,-0.042054252754162746,-886.9
2019-11-22 21:00:00,-0.06022150445695651,6.633318433280377,-0.0445958083535416,-1263.0
2019-11-22 22:00:00,-0.06801730470984024,6.546785410760524,-0.04716233455385854,-1618.5
2019-11-22 23:00:00,-0.15187940443534487,6.466144724237619,-0.05144029037869835,-1801.3
2019-11-23 00:00:00,-0.2215528191711842,6.556778356158042,-0.05769170674776092,-2189.6
2019-11-23 01:00:00,-0.20100983887295154,6.511745329644728,-0.059527794902583864,-2369.7
2019-11-23 02:00:00,-0.18668886217412428,6.470799503782602,-0.06011894241129845,-2471.5
2019-11-23 03:00:00,-0.14563197907228886,6.437751649736401,-0.06297599289451483,-2381.2
2019-11-23 04:00:00,-0.11832339917736778,6.42648845745769,-0.06243845912112356,-2314.3
2019-11-23 05:00:00,-0.05514817183454479,6.439350371100098,-0.06475965026715791,-2191.3
2019-11-23 06:00:00,-0.06266251464235273,6.455198563340122,-0.061445813457631004,-1850.6
2019-11-23 07:00:00,-0.0870534130617644,6.466144724237619,-0.05514784464615374,-1442.9
2019-11-23 08:00:00,-0.08676403904228902,6.467698726104354,-0.04586338506011067,-1070.9
2019-11-23 09:00:00,-0.0745264964346588,6.4692503167957724,-0.0384891092975419,-678.9
2019-11-23 10:00:00,-0.007404265063188031,6.455198563340122,-0.03115466636291586,-422.1
2019-11-23 11:00:00,-0.05738080343144025,6.429719478039138,-0.025258008450348868,-268.7
2019-11-23 12:00:00,0.0018617588429301613,6.411818267709897,-0.018929446647907966,-178.1
2019-11-23 13:00:00,-0.05323573699555517,6.413458957167357,-0.017548189801132708,-217.3
2019-11-23 14:00:00,-0.07148959343557681,6.440946540632921,-0.016958244571549486,-204.4
2019-11-23 15:00:00,-0.12002496681623098,6.483107351457199,-0.03359097196633165,-63.5
2019-11-23 16:00:00,-0.10690259648654266,6.52795791762255,-0.0048781268383812915,183.8
2019-11-23 17:00:00,-0.12477341241294848,6.551080335043404,-0.015673934556339475,176.8
2019-11-23 18:00:00,-0.09748590521941258,6.559615237493242,-0.026202134636227115,23.9
2019-11-23 19:00:00,-0.09591257198574743,6.470799503782602,-0.030541100024709777,-278.3
2019-11-23 20:00:00,-0.07192562886423115,6.452048954437226,-0.030329535234189464,-633.8
2019-11-23 21:00:00,-0.03152227658349416,6.432940092739179,-0.031219890339375667,-890.4
2019-11-23 22:00:00,-0.03550107579626216,6.410174881966167,-0.029585163751043808,-1223.2
2019-11-23 23:00:00,-0.08300393762331426,6.380122536899765,-0.030431238695070917,-1526.1
2019-11-24 00:00:00,-0.10193001408914659,6.393590753950631,-0.013949366271118535,-1988.0
2019-11-24 01:00:00,-0.05953706936477454,6.359573868672378,-0.016649572580641703,-2153.1
2019-11-24 02:00:00,-0.021167180989288603,6.313548046277095,-0.021070375557028953,-2200.8
2019-11-24 03:00:00,0.022081435036235497,6.263398262591624,-0.017908783960024266,-2248.4
2019-11-24 04:00:00,0.04455616915710081,6.236369590203704,-0.021175520709173057,-2231.3
2019-11-24 05:00:00,0.11966281895664288,6.240275845170769,-0.020840700535789125,-2084.4
2019-11-24 06:00:00,0.1248200145164482,6.257667587882639,-0.022351183325895363,-1905.3
2019-11-24 07:00:00,0.05250498218827637,6.29156913955832,-0.018029551956969314,-1669.2
2019-11-24 08:00:00,-0.010202310318596197,6.326149473155099,-0.012094755894851872,-1297.8
2019-11-24 09:00:00,-0.010190898783968283,6.352629396319567,-0.002655582639103926,-859.5
2019-11-24 10:00:00,0.004363346741584007,6.327936783729195,0.0008956096238641464,-477.9
2019-11-24 11:00:00,0.023788240583184184,6.253828811575473,0.010980496764307901,-347.3
2019-11-24 12:00:00,0.038619783551934184,6.1779441140506,0.01571675974804343,-266.3
2019-11-24 13:00:00,0.04200170020308169,6.12029741895095,0.013245020397537388,-225.0
2019-11-24 14:00:00,0.05368831871130331,6.093569770045136,0.015456487066840552,-196.4
2019-11-24 15:00:00,0.08684954584506777,6.089044875446846,0.010277790753322691,47.7
2019-11-24 16:00:00,0.07416317933753369,6.104793232414985,0.02291380066390758,422.4
2019-11-24 17:00:00,-0.05104510540300966,6.126869184114185,0.016115059179742985,531.4
2019-11-24 18:00:00,-0.07047561491653909,6.135564891081739,0.01203433821234512,401.7
2019-11-24 19:00:00,-0.022574899525692693,6.035481432524756,0.006860947241769111,183.1
2019-11-24 20:00:00,-0.01920656081436567,5.971261839790462,0.005326026777181525,-124.6
2019-11-24 21:00:00,-0.006512883695031224,5.905361848054571,-0.001128214339159328,-517.3
2019-11-24 22:00:00,0.011852669610780353,5.8377304471659395,-0.0028480017581991035,-937.4
2019-11-24 23:00:00,0.05046467132552346,5.765191102784844,-0.001747934298009568,-1135.7
2019-11-25 00:00:00,0.06476779478193206,5.746203190540153,-0.008311888567643422,-1378.2
2019-11-25 01:00:00,0.0843561934192425,5.768320995793772,-0.005967458873131548,-1529.5
2019-11-25 02:00:00,0.09142907607593509,5.7745515455444085,-0.0037086665247088035,-1564.3
2019-11-25 03:00:00,0.05108682013972876,5.768320995793772,-0.007190371563217113,-1479.3
2019-11-25 04:00:00,-0.04590144719271683,5.765191102784844,-0.00483279150631688,-1291.5
2019-11-25 05:00:00,-0.02268518500227401,5.768320995793772,-0.002772200055632723,-910.3
2019-11-25 06:00:00,-0.04414005526353071,5.771441123130016,0.00019835263451994933,92.5
2019-11-25 07:00:00,-0.07634506366700178,5.75890177387728,0.003951423816582533,1051.3
2019-11-25 08:00:00,-0.09650918859205238,5.713732805509369,0.0022790424902758843,1265.2
2019-11-25 09:00:00,-0.09049235476727135,5.676753802268282,-0.0003720992205593632,1193.2
2019-11-25 10:00:00,-0.14158870693579395,5.58724865840025,-0.013925194571625,1166.7
2019-11-25 11:00:00,-0.07366636813276717,5.4510384535657,-0.0011493641043198721,1159.0
2019-11-25 12:00:00,-0.03663207549977665,5.308267697401205,-0.015441777268785373,1222.0
2019-11-25 13:00:00,-0.06930230282377448,5.220355825078324,0.005177665969309686,1128.8
2019-11-25 14:00:00,-0.09439714577305347,5.204006687076795,-0.001816677835110525,1166.8
2019-11-25 15:00:00,-0.06871404937090153,5.247024072160486,-0.00654916460303312,1337.5
2019-11-25 16:00:00,-0.06618096984144506,5.356586274672012,-0.0013248476537608411,1533.5
2019-11-25 17:00:00,0.03631896056249495,5.455321115357702,-0.005103001476836511,1497.7
2019-11-25 18:00:00,-0.10942351075475765,5.529429087511423,-0.0098896071754222,1299.4
2019-11-25 19:00:00,-0.05473272237064908,5.4510384535657,-0.004386353820519773,942.0
2019-11-25 20:00:00,-0.04369287510899822,5.438079308923196,-0.001663028732341587,511.4
2019-11-25 21:00:00,-0.02147973687670035,5.3981627015177525,-0.0072626478769475256,-68.0
2019-11-25 22:00:00,-0.009884261423772411,5.351858133476067,-0.010472066470558872,-614.7
2019-11-25 23:00:00,0.004300725022668761,5.288267030694535,-0.013154239864270778,-1160.1
2019-11-26 00:00:00,0.058888754538784394,5.153291594497779,0.002060957399175223,-1318.9
2019-11-26 01:00:00,0.042570604837644854,5.10594547390058,-0.002316203135116268,-1516.1
2019-11-26 02:00:00,0.024384212871269018,5.056245805348308,-0.002298118648837999,-1568.1
2019-11-26 03:00:00,0.01310411720273752,5.030437921392435,-0.0035385946318839956,-1509.3
2019-11-26 04:00:00,0.033904189365702386,5.0369526024136295,-0.004258459495636302,-1406.8
2019-11-26 05:00:00,-0.03894542531600109,5.093750200806762,-0.0012990976035922586,-907.0
2019-11-26 06:00:00,-0.03842481519287677,5.1647859739235145,0.003950044982788725,200.6
2019-11-26 07:00:00,-0.02020623839613256,5.236441962829949,0.011477837604168428,1011.4
2019-11-26 08:00:00,0.0790578643912263,5.2574953720277815,0.008734649749507994,1194.8
2019-11-26 09:00:00,0.02329757384688147,5.262690188904886,0.006697825868181795,1211.8
2019-11-26 10:00:00,-0.03152843806538508,5.220355825078324,-0.004060025630858277,1229.1
2019-11-26 11:00:00,-0.016662945088735892,5.135798437050262,0.005137826639497689,1273.4
2019-11-26 12:00:00,0.02128184820444723,5.043425116919247,0.018355952538483322,1372.4
2019-11-26 13:00:00,0.012902387726367426,4.976733742420574,0.007362795545127199,1241.0
2019-11-26 14:00:00,-0.005930082973668593,4.976733742420574,0.005212059335326202,1266.7
2019-11-26 15:00:00,0.002661170194609319,5.043425116919247,0.004379936877089818,1510.6
2019-11-26 16:00:00,0.011693497134758424,5.123963979403259,0.0037494862259794814,1572.2
2019-11-26 17:00:00,0.050818550029091636,5.1647859739235145,-8.517163978360998e-05,1567.4
2019-11-26 18:00:00,-0.05396899799436339,5.204006687076795,-0.003119098751772853,1349.7
2019-11-26 19:00:00,-0.041759893981035745,5.1298987149230735,-0.002058833764365886,930.1
2019-11-26 20:00:00,-0.006765848390453133,5.1298987149230735,-0.0036449127293263217,553.7
2019-11-26 21:00:00,-0.005125777123279551,5.153291594497779,-0.013136043022115018,132.8
2019-11-26 22:00:00,0.02610508204574069,5.187385805840755,-0.019636668623245868,-457.1
2019-11-26 23:00:00,0.11782896027072187,5.209486152841421,-0.024735778701415967,-1099.4
2019-11-27 00:00:00,0.09789677982541889,5.356586274672012,-0.02588456060944644,-1656.5
2019-11-27 01:00:00,0.02265043640280684,5.420534999272286,-0.029088132966007763,-1835.1
2019-11-27 02:00:00,0.03042267007079813,5.501258210544727,-0.029632900380784477,-1985.0
2019-11-27 03:00:00,0.0010864165879831411,5.583496308781699,-0.029979043161141306,-1983.6
2019-11-27 04:00:00,-0.019035196690864176,5.655991810819852,-0.029186798340536058,-1858.7
2019-11-27 05:00:00,-0.05074539357405072,5.71042701737487,-0.023516697668751974,-1411.2
2019-11-27 06:00:00,-0.06035482543372428,5.771441123130016,-0.01308565214605295,-281.4
2019-11-27 07:00:00,-0.08977073334767427,5.823045895483019,-0.006263746632138023,693.8
2019-11-27 08:00:00,-0.09134106442591694,5.84354441703136,-0.005001939495157259,772.4
2019-11-27 09:00:00,-0.07113469140741646,5.87493073085203,-0.00799968848649435,768.6
2019-11-27 10:00:00,-0.10340540179353575,5.918893854273146,-0.002807942408180608,709.5
2019-11-27 11:00:00,-0.0866347197466868,5.971261839790462,-0.004652545730092328,774.7
2019-11-27 12:00:00,-0.10835047748969817,6.045005314036012,-0.00971361214470079,689.9
2019-11-27 13:00:00,-0.09621069107187763,6.126869184114185,0.002122578831835753,598.4
2019-11-27 14:00:00,-0.11450132276123615,6.214608098422191,-0.00398252311463132,667.0
2019-11-27 15:00:00,-0.1030894675634979,6.322565239927284,0.002235726646450331,870.0
2019-11-27 16:00:00,-0.12321044464040165,6.421622267806518,-0.002386186429385262,1039.1
2019-11-27 17:00:00,-0.14255131940825816,6.490723534502507,-0.005684148182169224,913.6
2019-11-27 18:00:00,-0.14351804431022064,6.54534966033442,-0.00836664296793721,650.9
2019-11-27 19:00:00,-0.10383461750053957,6.492239835020471,-0.0049791935095164774,298.8
2019-11-27 20:00:00,-0.0947914390253568,6.530877627725885,-0.008575120221358645,-125.3
2019-11-27 21:00:00,-0.05948693084448742,6.57507584059962,-0.012421489732890478,-655.5
2019-11-27 22:00:00,-0.04582541111523142,6.60934924316738,-0.019354594608046227,-1186.0
2019-11-27 23:00:00,-0.0014787149795467691,6.635946555686647,-0.025740492291960848,-1737.3
2019-11-28 00:00:00,0.005293678718010231,6.4425401664681985,-0.04320715973113387,-2124.8
2019-11-28 01:00:00,-0.04787215948734014,6.456769655572163,-0.04697464646006111,-2283.3
2019-11-28 02:00:00,-0.06037460056531074,6.461468176353717,-0.05007329181262676,-2344.6
2019-11-28 03:00:00,-0.05602477003285111,6.464588303689961,-0.054092303766175576,-2351.6
2019-11-28 04:00:00,0.0050454992691628675,6.452048954437226,-0.04916443026803208,-2248.7
2019-11-28 05:00:00,0.001385282244143582,6.423246963533519,-0.0429518987624391,-1749.2
2019-11-28 06:00:00,-0.030935364543265287,6.395261598115449,-0.028797449284288845,-575.7
2019-11-28 07:00:00,-0.06661374743522064,6.3561076606958915,-0.014399429219100313,301.9
2019-11-28 08:00:00,-0.1035195443942043,6.284134161070802,-0.01622576307141621,468.0
2019-11-28 09:00:00,-0.07735888218000397,6.238324625039508,-0.021867068904569464,415.6
2019-11-28 10:00:00,-0.021782209912248884,6.202535517187923,-0.012671613593697728,586.7
2019-11-28 11:00:00,-0.047693903557502804,6.18826412308259,-0.022465066631887964,578.7
2019-11-28 12:00:00,0.04087088020388929,6.198478716492308,-0.02278887837124799,443.4
2019-11-28 13:00:00,0.0034864129020841794,6.230481447578482,-0.0017637531137690843,377.1
2019-11-28 14:00:00,-0.029215339931274453,6.282266746896006,-0.021199445526107752,260.8
2019-11-28 15:00:00,-0.1342067284455455,6.349138991379798,-0.033556898175271854,448.6
2019-11-28 16:00:00,-0.10986249009288285,6.439350371100098,-0.01756996574570202,583.7
2019-11-28 17:00:00,-0.16766329870542807,6.535241271013659,-0.02198927229111014,524.6
2019-11-28 18:00:00,-0.15031040507013316,6.634633357861686,-0.026165713219722164,229.7
2019-11-28 19:00:00,-0.10197948293318859,6.747586526829315,-0.021374072816291445,-198.9
2019-11-28 20:00:00,-0.05616522103482069,6.858565034791365,-0.021369009289998075,-677.6
2019-11-28 21:00:00,-0.04318999631261233,6.962243464266207,-0.021554702113672164,-1148.0
2019-11-28 22:00:00,-0.07684830490422723,7.057036981697891,-0.025152431105887274,-1804.8
2019-11-28 23:00:00,-0.11491400261381735,7.154615356913663,-0.0265202220495091,-2403.9
2019-11-29 00:00:00,-0.07613589719341318,7.351158226430694,-0.008782135744120012,-2840.9
2019-11-29 01:00:00,-0.0862184972576352,7.400009517162692,0.0027757155507543985,-3017.8
2019-11-29 02:00:00,-0.197702000918361,7.428927194802272,0.015157802783718921,-3027.2
2019-11-29 03:00:00,-0.21499986334469456,7.45182223652793,0.026139358786505085,-2953.2
2019-11-29 04:00:00,-0.1569222910666075,7.471932078245122,0.03957661231383902,-2795.1
2019-11-29 05:00:00,-0.10981644069953145,7.48605261786314,0.04712730098774287,-2263.1
2019-11-29 06:00:00,-0.09238573619572277,7.489970898834801,0.053343902730613735,-861.3
2019-11-29 07:00:00,-0.1127149002862704,7.475905969367397,0.0616140385937598,177.4
2019-11-29 08:00:00,-0.12847782790452955,7.422971251049421,0.061795099746904114,441.9
2019-11-29 09:00:00,-0.1005282410053101,7.385851078125209,0.060089109061868484,534.8
2019-11-29 10:00:00,0.011780105386536288,7.358830898342354,0.07261522159367395,550.8
2019-11-29 11:00:00,-0.08003430945310264,7.338888133838879,0.06851339522190791,543.6
2019-11-29 12:00:00,-0.07123574076214823,7.317212408359839,0.07608222298867595,512.6
2019-11-29 13:00:00,-0.08651269586107535,7.317876198626496,0.07772879675973066,322.7
2019-11-29 14:00:00,-0.09120328688467616,7.348587530927593,0.07365532832821664,290.8
2019-11-29 15:00:00,-0.09869702984314532,7.3777589082278725,0.07636050633514913,444.3
2019-11-29 16:00:00,-0.07863672402012378,7.403670290012373,0.08911748648732143,607.0
2019-11-29 17:00:00,-0.07838358200188233,7.407924322559599,0.08870593200020771,531.1
2019-11-29 18:00:00,-0.04841554335735143,7.40184157874383,0.08454290203862591,233.9
2019-11-29 19:00:00,-0.006498479234519294,7.390798521735676,0.09496997295364373,-142.8
2019-11-29 20:00:00,-0.013124533858801524,7.366445148327599,0.10284056943642383,-472.3
2019-11-29 21:00:00,-0.007159975489399173,7.338888133838879,0.11187937926286118,-877.5
2019-11-29 22:00:00,-0.015654644927808548,7.307202314764738,0.12196687677275797,-1263.6
2019-11-29 23:00:00,-0.07489749170128635,7.275864600546533,0.13197237399758954,-1490.3
2019-11-30 00:00:00,-0.18469676942693392,7.197435354096591,0.13335359207736808,-1971.0
2019-11-30 01:00:00,-0.15788731985161997,7.168579897264035,0.1400002812744905,-2093.8
2019-11-30 02:00:00,-0.13482754732256508,7.143617602704121,0.14413753474754465,-2181.4
2019-11-30 03:00:00,-0.08226236513969942,7.122059881629142,0.1441703010134816,-2171.0
2019-11-30 04:00:00,-0.061347805252002896,7.094234845924755,0.1457069107577329,-2064.6
2019-11-30 05:00:00,0.004609493119376751,7.0630481633881725,0.1426965636565427,-1868.8
2019-11-30 06:00:00,-0.017912318843738007,7.0326242610280065,0.140811688301822,-1489.8
2019-11-30 07:00:00,-0.01158600890177075,7.00397413672268,0.13902080092169022,-1027.8
2019-11-30 08:00:00,0.005601419051751044,6.976348070447749,0.1403507153829473,-635.1
2019-11-30 09:00:00,0.0021279314342108613,6.961296045910167,0.13675675402104837,-220.9
2019-11-30 10:00:00,0.06500549528247923,6.939253946041508,0.1369212266979165,18.4
2019-11-30 11:00:00,0.004744824340612297,6.901737206656574,0.13129883230681294,126.1
2019-11-30 12:00:00,0.055579296841986814,6.871091294610546,0.12258699614482893,73.6
2019-11-30 13:00:00,-0.010132096450087946,6.863803391452954,0.12247970186111168,-13.6
2019-11-30 14:00:00,-0.01909547075565765,6.875232087276577,0.12530130266972428,29.5
2019-11-30 15:00:00,-0.0543105918575133,6.880384082186005,0.11263705011422154,271.3
2019-11-30 16:00:00,0.04190819476813834,6.85751406254539,0.14564790909984815,644.8
2019-11-30 17:00:00,0.01837699629427636,6.80128303447162,0.13902006903574637,754.3
2019-11-30 18:00:00,0.034138372665977634,6.736966958001855,0.13390033289906889,664.9
2019-11-30 19:00:00,0.03943865735576102,6.678342114654332,0.13990740889880193,438.9
2019-11-30 20:00:00,0.04576993685988562,6.608000625296087,0.14956360631372512,255.1
2019-11-30 21:00:00,0.0692896513409118,6.551080335043404,0.16145824181486823,-52.1
2019-11-30 22:00:00,0.07519796261081302,6.542471960506805,0.1733834228413098,-355.0
2019-11-30 23:00:00,0.014529800021489958,6.582025138892826,0.18486278996575756,-660.0
2019-12-01 00:00:00,0.2589981933605059,6.626717749249025,0.14925483116805793,-912.1
2019-12-01 01:00:00,0.2900788287414118,6.670766320845874,0.1484820425598219,-1115.4
2019-12-01 02:00:00,0.40545244756953824,6.704414354964107,0.1471303408018514,-1190.2
2019-12-01 03:00:00,0.4769678023526356,6.739336627357174,0.15378296756264476,-1237.5
2019-12-01 04:00:00,0.33693325778310124,6.775366090936392,0.1497275632312025,-1262.7
2019-12-01 05:00:00,0.3138552771807386,6.805722553416985,0.15385921867164498,-1191.1
2019-12-01 06:00:00,0.29448468876957,6.8308742346461795,0.16260082023395128,-996.5
2019-12-01 07:00:00,0.21742618293301819,6.844815479208263,0.16493947121721675,-676.4
2019-12-01 08:00:00,0.14321787141308961,6.838405200847344,0.15464077436243784,-350.8
2019-12-01 09:00:00,0.1514720415901203,6.828712071641684,0.14635816079078623,6.0
2019-12-01 10:00:00,0.20565897904875152,6.80128303447162,0.1486676649871317,311.3
2019-12-01 11:00:00,0.20232637447902624,6.760414691083428,0.1272922690901339,503.9
2019-12-01 12:00:00,0.2156071931796424,6.726233402358747,0.11227907437756457,492.3
2019-12-01 13:00:00,0.218630958399594,6.739336627357174,0.10347288456283721,433.5
2019-12-01 14:00:00,0.23354960805735914,6.796823718274855,0.1139761033116109,411.8
2019-12-01 15:00:00,0.24341607734610982,6.8501261661455,0.10128474323813919,648.5
2019-12-01 16:00:00,0.25743093780082615,6.863803391452954,0.11764032791413648,937.1
2019-12-01 17:00:00,0.15462132285860397,6.835184586147301,0.1158083629921478,1037.9
2019-12-01 18:00:00,0.1138976263138698,6.796823718274855,0.11160039689731249,1015.9
2019-12-01 19:00:00,0.12073272423845571,6.755768921984255,0.11212878764877665,821.8
2019-12-01 20:00:00,0.11604529453455825,6.705639094860003,0.11407375186893809,537.4
2019-12-01 21:00:00,0.0982719187941532,6.663132695990803,0.11147262784603917,182.9
2019-12-01 22:00:00,0.09443502343688692,6.641182169740591,0.11393542346604235,-231.0
2019-12-01 23:00:00,0.17330370743543,6.638567789166521,0.12060370098459927,-680.1
2019-12-02 00:00:00,0.2405259405979696,6.710523109452428,0.12502270943842042,-905.5
2019-12-02 01:00:00,0.3248394741681748,6.716594773520978,0.12269437139576844,-1063.6
2019-12-02 02:00:00,0.40829507209285376,6.725033642166843,0.12660524010425434,-1032.2
2019-12-02 03:00:00,0.39520694594353367,6.731018100482083,0.12712399421103804,-963.4
2019-12-02 04:00:00,0.14242826717106416,6.742880635791903,0.127628446180843,-764.1
2019-12-02 05:00:00,0.09904023220498193,6.756932389247553,0.126786503435536,-308.7
2019-12-02 06:00:00,0.04901279778779433,6.774223886357614,0.12281388675843452,969.8
2019-12-02 07:00:00,0.07946911235719911,6.790097235513905,0.11743738131967163,1961.4
2019-12-02 08:00:00,0.20741592836612988,6.790097235513905,0.1098422006597346,2239.1
2019-12-02 09:00:00,0.20373831514114826,6.799055862058796,0.10405905777273539,2175.8
2019-12-02 10:00:00,-0.0058081788209531915,6.794586580876499,0.09916643419346372,2030.1
2019-12-02 11:00:00,0.019456672500301142,6.77078942390898,0.08891762866900343,1875.2
2019-12-02 12:00:00,0.018699205403096553,6.755768921984255,0.055992716200041315,1818.8
2019-12-02 13:00:00,0.011468179047385618,6.794586580876499,0.07274524169980445,1718.2
2019-12-02 14:00:00,0.03165455992551536,6.878326468291325,0.07613706053894553,1629.7
2019-12-02 15:00:00,0.04532666734623447,6.940222469119639,0.06826278029396171,1935.2
2019-12-02 16:00:00,0.1731574904038231,6.96979066990159,0.08592293394855233,2184.3
2019-12-02 17:00:00,0.24082671054210447,6.949856455000773,0.0912502404124389,2374.0
2019-12-02 18:00:00,0.22225190732088418,6.921658184151129,0.09244573792148003,2152.8
2019-12-02 19:00:00,0.09792843526532558,6.880384082186005,0.10741859243172414,1861.0
2019-12-02 20:00:00,0.09016158954385922,6.836259277277067,0.11633184828039411,1619.0
2019-12-02 21:00:00,0.09933655130147123,6.794586580876499,0.11827951266890935,1156.7
2019-12-02 22:00:00,0.10962330143423848,6.769641976852503,0.12489378083667191,492.5
2019-12-02 23:00:00,0.18585441169796013,6.756932389247553,0.13375226944695662,-96.1
2019-12-03 00:00:00,0.26243479894897614,6.639875833826536,0.15325665648103204,-201.3
2019-12-03 01:00:00,0.26280231060074266,6.618738983517219,0.15213374239213273,-388.8
2019-12-03 02:00:00,0.35146437025502353,6.618738983517219,0.15777632863893665,-476.0
2019-12-03 03:00:00,0.3877798233249887,6.642486801367256,0.16060911856337334,-503.3
2019-12-03 04:00:00,0.2273780417048079,6.697034247666484,0.1571839307792029,-376.2
2019-12-03 05:00:00,0.11376719294513338,6.78332520060396,0.15079040035984725,55.4
2019-12-03 06:00:00,0.09230740729216569,6.882437470997847,0.13739783330205668,1187.5
2019-12-03 07:00:00,0.4506308989654739,6.974478911025045,0.12848837508302502,2202.7
2019-12-03 08:00:00,0.5416943444584774,7.04141166379481,0.11682037948075319,2249.1
2019-12-03 09:00:00,0.48875409579131546,7.10085190894405,0.10879282353332442,2260.6
2019-12-03 10:00:00,0.3192749371188226,7.164720378771857,0.1015840129639507,2493.2
2019-12-03 11:00:00,0.32716269147563537,7.240649694255466,0.08456682827352147,2251.6
2019-12-03 12:00:00,0.25900178166609145,7.3277805384216315,0.08493123620887921,2006.5
2019-12-03 13:00:00,0.09443076195030731,7.40184157874383,0.06678964486890315,1726.0
2019-12-03 14:00:00,0.07072095640425813,7.45182223652793,0.06734015866064169,1615.7
2019-12-03 15:00:00,0.05041087598571181,7.485491608030754,0.050025455253035034,1719.7
2019-12-03 16:00:00,0.09298826579527919,7.4999765409521215,0.044643805356134436,1744.5
2019-12-03 17:00:00,0.060909383548615637,7.492760300922379,0.04012667832288486,1642.6
2019-12-03 18:00:00,0.0565184763673412,7.473069088032197,0.035609216665310583,1288.0
2019-12-03 19:00:00,0.04327510178297045,7.434847875211999,0.040092009964286746,988.7
2019-12-03 20:00:00,0.06033799984617305,7.38770923908104,0.040525022660343524,659.6
2019-12-03 21:00:00,0.042697153591700676,7.338238150065589,0.03393706034037258,168.0
2019-12-03 22:00:00,0.06711453122765976,7.293697720601438,0.032695384787500004,-404.7
2019-12-03 23:00:00,0.20794865271147556,7.252053951852814,0.035643964431910646,-972.8
2019-12-04 00:00:00,0.2485865259311031,7.20414929203594,0.03901551217918886,-1255.2
2019-12-04 01:00:00,0.2288710107081635,7.198931240688173,0.03348534650305446,-1440.6
2019-12-04 02:00:00,0.33337197943556296,7.191429330036379,0.03253236843805851,-1515.8
2019-12-04 03:00:00,0.33984913633469116,7.183870715062453,0.03329812907864316,-1496.0
2019-12-04 04:00:00,0.14418472560656426,7.186144304522325,0.029501299933860636,-1327.0
2019-12-04 05:00:00,0.01710939514848331,7.194436851100335,0.031244588035239218,-816.7
2019-12-04 06:00:00,0.04343697824337811,7.2078598714324755,0.03608184432102668,354.5
2019-12-04 07:00:00,0.01997375701888293,7.215239978730097,0.03517341561759224,1277.9
2019-12-04 08:00:00,-0.018446212170894594,7.198183577101943,0.028259826808309185,1508.7
2019-12-04 09:00:00,-0.013194669813650695,7.195187320178709,0.018474459155580547,1394.5
2019-12-04 10:00:00,-0.012035730946376777,7.201916317531627,0.030498008496572027,1366.6
2019-12-04 11:00:00,-0.006806720445335035,7.208600337960199,0.005293412276284215,1294.8
2019-12-04 12:00:00,-0.025392209818598577,7.222566018822171,-0.014092803241309682,1199.3
2019-12-04 13:00:00,-0.016785129112502073,7.268920128193722,-0.009247555456251888,1027.3
2019-12-04 14:00:00,-0.011742999177917213,7.341483852363161,-0.0053685132900263,942.2
2019-12-04 15:00:00,-0.006893234751378152,7.4109518755836366,-0.005654830330213301,1158.7
2019-12-04 16:00:00,-0.024245564189818047,7.475905969367397,-6.087890118244843e-05,1221.7
2019-12-04 17:00:00,-0.026252532882048207,7.52131798019924,0.004649077429101922,1064.9
2019-12-04 18:00:00,-0.025324026874589567,7.560080465021827,0.0019519460443397918,793.6
2019-12-04 19:00:00,0.0017538592056056679,7.588829878307813,0.009049439890679523,334.9
2019-12-04 20:00:00,0.005852776317000874,7.6128310304073565,0.006580666534906854,-124.7
2019-12-04 21:00:00,-0.015007381174936274,7.63433723562832,0.0056724973802442236,-709.2
2019-12-04 22:00:00,-0.024388883120152638,7.652070746116482,-0.00019218610399285296,-1349.9
2019-12-04 23:00:00,0.12115019328578391,7.665284718471351,-0.00550489125410536,-1993.8
2019-12-05 00:00:00,0.09809905187833845,7.680637427560936,-0.005763423944504353,-2630.5
2019-12-05 01:00:00,0.0474637785438512,7.68937110752969,-0.013620600580312114,-2871.6
2019-12-05 02:00:00,0.10439729013637677,7.694392802629421,-0.01632992971472902,-2765.4
2019-12-05 03:00:00,0.18439419018245085,7.6953031349635665,-0.01972272359441618,-2463.4
2019-12-05 04:00:00,0.10730784506213586,7.69484807238461,-0.01961450474584936,-2007.3
2019-12-05 05:00:00,0.01570229881999108,7.696212639346407,-0.014741490078426622,-1312.6
2019-12-05 06:00:00,0.04432796926452065,7.699842407396986,-0.0032898433837456054,-159.9
2019-12-05 07:00:00,0.019866502766377803,7.7057128238944275,0.0070104914629833814,777.2
2019-12-05 08:00:00,-0.0009094202123591799,7.699842407396986,-0.0005755754339027419,946.9
2019-12-05 09:00:00,0.001764940682631888,7.703007682479236,-0.007870552773844963,872.6
2019-12-05 10:00:00,0.03848741390867305,7.711996507047669,0.013510754601057329,928.3
2019-12-05 11:00:00,0.00629416751447609,7.720461694599722,-0.014405205375544128,878.7
2019-12-05 12:00:00,0.07315496669820654,7.725771441587952,-0.027286045588903463,795.0
2019-12-05 13:00:00,0.044935327817982706,7.7279755421055585,-0.010812401602875,711.5
2019-12-05 14:00:00,0.026802935638597702,7.727535110475448,-0.01872849446503544,778.6
2019-12-05 15:00:00,-0.06260026952667985,7.7279755421055585,-0.032958288324660856,1066.1
2019-12-05 16:00:00,-0.009386831249460492,7.738052297689316,-0.010552544960761523,1202.0
2019-12-05 17:00:00,-0.01519823482873539,7.746300662231439,-0.00889743911364782,1125.2
2019-12-05 18:00:00,-0.04726061153461769,7.751475318021456,-0.01255802862479527,879.4
2019-12-05 19:00:00,-0.05372570711328395,7.751475318021456,-0.005461543470225649,610.6
2019-12-05 20:00:00,-0.04704355007522132,7.747164966520335,-0.007736082961091739,187.7
2019-12-05 21:00:00,-0.06665045280912985,7.7406644019172415,-0.010771678359819958,-365.2
2019-12-05 22:00:00,-0.10359589156531834,7.734996194022781,-0.018654524822776963,-1034.7
2019-12-05 23:00:00,-0.26662032146685943,7.732369222284388,-0.02332988595971841,-1500.9
2019-12-06 00:00:00,-0.1677328069713111,7.7102051944325325,-0.02751935249664328,-1689.2
2019-12-06 01:00:00,-0.1518883955328798,7.699389406256737,-0.03253256164108542,-1929.7
2019-12-06 02:00:00,-0.33507413377658235,7.689828668736484,-0.032608968672835914,-1993.1
2019-12-06 03:00:00,-0.3273585613762675,7.677400430514807,-0.03242031703242709,-1971.0
2019-12-06 04:00:00,-0.11057494608455531,7.659171367666058,-0.030974939029714932,-1911.1
2019-12-06 05:00:00,-0.09410476844101678,7.631916513071252,-0.026272360601829803,-1419.8
2019-12-06 06:00:00,-0.11620559072569137,7.59488438721652,-0.016960081552060302,-246.2
2019-12-06 07:00:00,-0.08389289345304984,7.5569505720129,-0.011099090415127577,717.1
2019-12-06 08:00:00,-0.09252139501236689,7.51425465281641,-0.025935705314694246,935.9
2019-12-06 09:00:00,-0.11439407741828145,7.486613313139955,-0.038698308764702816,935.1
2019-12-06 10:00:00,0.021371538567804382,7.472500744737558,-0.01981987148739428,986.8
2019-12-06 11:00:00,-0.06977967515684957,7.460490305825338,-0.04474992880187223,960.3
2019-12-06 12:00:00,-0.06702273592546559,7.448333860897476,-0.040703763644412305,918.7
2019-12-06 13:00:00,-0.09604386154485223,7.409136443920128,-0.03897938504173126,798.1
2019-12-06 14:00:00,-0.10769329152309659,7.331714969726466,-0.037501305596551404,890.3
2019-12-06 15:00:00,-0.1443731812086626,7.237778191923443,-0.04648979328835168,1171.7
2019-12-06 16:00:00,-0.09033330478986201,7.142827401161621,-0.042451092905022136,1361.5
2019-12-06 17:00:00,-0.05234540298866541,7.055312843339752,-0.04363653673815193,1423.7
2019-12-06 18:00:00,-0.07301316299945793,6.994849985833071,-0.05488784120515433,1247.0
2019-12-06 19:00:00,-0.04328663489420226,6.963189985870238,-0.048549517769147954,920.1
2019-12-06 20:00:00,-0.05988634368313761,6.951772164398911,-0.05027464845168339,379.0
2019-12-06 21:00:00,-0.05375631950870874,6.953684210870537,-0.056005796544322806,-112.8
2019-12-06 22:00:00,-0.07865101724255164,6.959398512133975,-0.06190025897286233,-562.5
2019-12-06 23:00:00,-0.06576423343576288,6.968850378341948,-0.06927623180394527,-961.3
2019-12-07 00:00:00,-0.15475927942299395,6.966024187106113,-0.07741960666793979,-1773.4
2019-12-07 01:00:00,-0.19196827335371935,6.967909201801884,-0.08605378865720859,-1899.4
2019-12-07 02:00:00,-0.17379651738213298,6.9650803456014065,-0.08964979491919323,-2041.1
2019-12-07 03:00:00,-0.12693375570520837,6.9650803456014065,-0.0913405853300766,-2076.1
2019-12-07 04:00:00,-0.1962134518878158,6.9782137426306985,-0.09110448455353826,-2069.9
2019-12-07 05:00:00,-0.1726106658069244,7.00850518208228,-0.08519371892779581,-2049.6
2019-12-07 06:00:00,-0.052774619561006375,7.057036981697891,-0.06658041902776013,-1924.5
2019-12-07 07:00:00,-0.053628470905308756,7.107425474110705,-0.05286126286546988,-1540.6
2019-12-07 08:00:00,-0.06421456242922874,7.171656822768514,-0.04704387860626191,-1130.6
2019-12-07 09:00:00,-0.06642711034982884,7.242082359256962,-0.03898547205027647,-747.2
2019-12-07 10:00:00,0.012716178770804998,7.305188215393037,-0.011220198732743825,-494.2
2019-12-07 11:00:00,-0.033913325349054,7.359467638255621,-0.014064010298364238,-366.5
2019-12-07 12:00:00,0.01108824031559541,7.406103381237015,-0.00700353572166712,-378.0
2019-12-07 13:00:00,-0.04525766794588604,7.428333194190806,-0.0016999845853522544,-380.6
2019-12-07 14:00:00,-0.048964431955627497,7.424761761823209,0.011023776985599198,-231.6
2019-12-07 15:00:00,-0.06450553743483178,7.412160334945205,-0.010827481748615142,50.6
2019-12-07 16:00:00,-0.026987335134795565,7.392647520721623,0.01983050786303231,405.5
2019-12-07 17:00:00,0.01650375166748086,7.379008127628304,0.021138507458889677,521.8
2019-12-07 18:00:00,0.04553458747921013,7.362010551259734,0.01589065616148133,368.0
2019-12-07 19:00:00,0.03765835554981489,7.332369205929062,0.024899975668024155,137.8
2019-12-07 20:00:00,-0.006748525152950879,7.298445101508147,0.030215616226469066,-99.4
2019-12-07 21:00:00,0.0005164582071617296,7.264730177929867,0.03378536340239613,-363.3
2019-12-07 22:00:00,0.011721602138980103,7.229113877793302,0.037234130266524446,-646.1
2019-12-07 23:00:00,-0.004249644156691712,7.188412736496954,0.04004918307852279,-909.6
2019-12-08 00:00:00,-0.1471164763164543,7.074116816197362,0.047420234641879944,-1358.7
2019-12-08 01:00:00,-0.1937780710810153,7.009408932708637,0.04804832641399237,-1350.2
2019-12-08 02:00:00,-0.08292074914491732,6.920671504248683,0.052053647654824786,-1280.4
2019-12-08 03:00:00,0.0004302096716495285,6.837332814685591,0.06360177208433448,-1291.0
2019-12-08 04:00:00,-0.12120573153433423,6.78332520060396,0.06345708787606874,-1205.9
2019-12-08 05:00:00,-0.09943547175881617,6.760414691083428,0.0698248603047471,-1052.9
2019-12-08 06:00:00,0.05656323015379572,6.79794041297493,0.08239205101158475,-1072.0
2019-12-08 07:00:00,0.07717947041020645,6.92461239604856,0.08928005553749863,-1015.4
2019-12-08 08:00:00,0.01681493080053409,7.085901464365611,0.08356102200388094,-872.0
2019-12-08 09:00:00,-0.0017466150717058149,7.22983877815125,0.07928868919625565,-659.9
2019-12-08 10:00:00,0.024589247997240715,7.342131730584722,0.09103174250394908,-494.5
2019-12-08 11:00:00,0.02750031181718482,7.421177528595393,0.07903908175410557,-437.8
2019-12-08 12:00:00,0.027243321929725006,7.486613313139955,0.07320873788610882,-423.8
2019-12-08 13:00:00,0.04175292122370733,7.549609165154532,0.05872176997735501,-581.7
2019-12-08 14:00:00,0.039194885220318554,7.608374474380783,0.059162235250562745,-674.5
2019-12-08 15:00:00,0.03983193966367793,7.643482907077201,0.03602318823992867,-595.0
2019-12-08 16:00:00,0.07177715533106177,7.656337166430183,0.03581910199607563,-481.9
2019-12-08 17:00:00,-0.004224556809519164,7.664346632098617,0.02519662207734008,-473.4
2019-12-08 18:00:00,-0.041914151378580566,7.67368812926773,0.015164971062713306,-733.1
2019-12-08 19:00:00,-0.042385913791061824,7.6838639802564295,0.009943188581985396,-974.5
2019-12-08 20:00:00,-0.06009497326160895,7.6984827878809465,0.007488603447844966,-1321.3
2019-12-08 21:00:00,-0.0720946583351143,7.709308333385869,-0.002776997145724991,-1755.6
2019-12-08 22:00:00,-0.08327468813450478,7.707062655370473,-0.0066032115742071795,-2219.5
2019-12-08 23:00:00,-0.922892258674014,7.692569648067906,-0.007628262173424716,-2436.4
2019-12-09 00:00:00,-0.922892258674014,7.687997166393016,-0.018558888368467308,-2465.2
2019-12-09 01:00:00,-0.922892258674014,7.671360923190644,-0.021197622703644114,-2418.3
2019-12-09 02:00:00,-0.922892258674014,7.653969180478774,-0.019460481155171294,-2326.1
2019-12-09 03:00:00,-0.922892258674014,7.6324011266014535,-0.021754453128624007,-2367.9
2019-12-09 04:00:00,-0.6764768076800234,7.605392364814935,-0.020032103045648952,-2523.8
2019-12-09 05:00:00,-0.06088863227056551,7.570443252057374,-0.011909625963795634,-2152.5
2019-12-09 06:00:00,-0.09871484744641501,7.533693709848633,0.001133344641276679,-587.1
2019-12-09 07:00:00,-0.096045125240801,7.4815557019095165,0.008617273782984824,603.1
2019-12-09 08:00:00,-0.10362216405533564,7.3914152346753585,0.0022227155847769353,882.6
2019-12-09 09:00:00,-0.10379815152258809,7.312553498102598,-0.005411203124618069,987.2
2019-12-09 10:00:00,-0.14101199732558056,7.217443431696533,-0.00727280492332838,1147.6
2019-12-09 11:00:00,-0.07326452392349259,7.107425474110705,-0.012386660316199283,1350.4
2019-12-09 12:00:00,-0.031390659064357784,7.002155954403621,-0.036062600894497976,1464.0
2019-12-09 13:00:00,-0.059576180487370234,6.92951677076365,-0.015703476061712962,1528.1
2019-12-09 14:00:00,-0.08287073572403347,6.892641641172089,-0.009571691707106922,1673.2
2019-12-09 15:00:00,-0.10976199732558056,6.873163834212518,-0.016459821210940362,1960.2
2019-12-09 16:00:00,-0.1214089705741217,6.906754778648554,-0.009037032462366312,1968.8
2019-12-09 17:00:00,-0.10051495469854688,6.999422467507961,-0.005029494087217756,1929.7
2019-12-09 18:00:00,-0.11352802298179965,7.135687347028144,-0.001950921721874721,1659.7
2019-12-09 19:00:00,-0.07424075006461095,7.2456550675945355,0.012073136147987995,1315.9
2019-12-09 20:00:00,-0.07100287679140616,7.322510433997394,0.020536184087173837,872.5
2019-12-09 21:00:00,-0.06399606472365882,7.381501894506707,0.02173446733810991,150.0
2019-12-09 22:00:00,-0.06246725346305926,7.400620577371135,0.02358238595310347,-471.0
2019-12-09 23:00:00,-0.012102577892594724,7.383989457978509,0.02925713226207094,-1025.4
2019-12-10 00:00:00,0.0007541913123971788,7.380879035564116,0.04956673123376021,-1365.3
2019-12-10 01:00:00,-0.00014976072523387174,7.321849713788356,0.0473416795463546,-1385.6
2019-12-10 02:00:00,0.10682575336081968,7.259819610363186,0.055791204863293586,-1342.8
2019-12-10 03:00:00,0.18552056517769966,7.188412736496954,0.06551655240863496,-1231.4
2019-12-10 04:00:00,0.07621942041095542,7.101675971619444,0.07141326325990427,-920.5
2019-12-10 05:00:00,0.03657457651705398,7.001245622069476,0.0812194225678251,-187.2
2019-12-10 06:00:00,0.01788512896672456,6.897704943128636,0.08840718001416192,1253.0
2019-12-10 07:00:00,0.21205979685290322,6.759255270663693,0.09586745691375853,2483.6
2019-12-10 08:00:00,0.23691032308831073,6.546785410760524,0.093668583130464,2847.1
2019-12-10 09:00:00,0.23213386610452869,6.327936783729195,0.09205009418355914,2913.3
2019-12-10 10:00:00,0.14862250772432573,6.0844994130751715,0.09279710835564181,3058.5
2019-12-10 11:00:00,0.15440576838247289,5.8377304471659395,0.0799963711280256,3039.0
2019-12-10 12:00:00,0.10467005721083789,5.723585101952381,0.08226984280199012,2800.8
2019-12-10 13:00:00,0.10426830920847419,5.814130531825066,0.0700501629188377,2689.6
2019-12-10 14:00:00,0.08730008520716925,6.059123195581797,0.08328738841846928,2731.7
2019-12-10 15:00:00,0.03922315172123447,6.39024066706535,0.0833642303900266,2915.9
2019-12-10 16:00:00,0.01649223280517198,6.672032945461067,0.09369653382549181,2976.4
2019-12-10 17:00:00,-0.047088707070741975,6.874198495453294,0.10049735338212429,2865.0
2019-12-10 18:00:00,-0.06348875949423682,7.050989447068045,0.10333527695864397,2436.7
2019-12-10 19:00:00,-0.04731570696293508,7.215239978730097,0.11253042891640597,1879.6
2019-12-10 20:00:00,-0.03110650710853502,7.360103972989152,0.11474461316870332,1293.9
2019-12-10 21:00:00,-0.03596874680508089,7.479299637782834,0.10834861476722146,503.8
2019-12-10 22:00:00,-0.015541190736409582,7.5745584842024805,0.10304764084395579,-341.9
2019-12-10 23:00:00,0.11650267865398023,7.643961949002529,0.10118039005305057,-1157.1
2019-12-11 00:00:00,-0.14763571509588358,7.733245646529795,0.0818196379117957,-1535.7
2019-12-11 01:00:00,-0.6190937386667437,7.760893195851024,0.07200637895014417,-1821.9
2019-12-11 02:00:00,-0.922892258674014,7.77485576666552,0.06858876666092328,-1717.1
2019-12-11 03:00:00,-0.922892258674014,7.783640596221253,0.06390635967789748,-1678.1
2019-12-11 04:00:00,-0.4152226928195093,7.787382026484701,0.055092307852637745,-1868.8
2019-12-11 05:00:00,-0.14363902615844593,7.787796878181171,0.05025448237031327,-1588.3
2019-12-11 06:00:00,-0.10525359487608199,7.783640596221253,0.04451582849682012,-329.6
2019-12-11 07:00:00,-0.12463789976161621,7.769378609513984,0.03738352969025627,680.3
2019-12-11 08:00:00,-0.1494744745772989,7.719129840906732,0.03217696929348257,856.2
2019-12-11 09:00:00,-0.12971587564961196,7.674617497364363,0.024012958196284018,867.4
2019-12-11 10:00:00,-0.1127088369954885,7.622174594817622,0.03889347436465229,984.9
2019-12-11 11:00:00,-0.09583473537578113,7.562161631225652,0.01773950144919212,1066.7
2019-12-11 12:00:00,-0.11671402850132928,7.493317248862145,0.007621508465380344,1092.8
2019-12-11 13:00:00,-0.09477185918185516,7.416979621381154,0.017823611882807455,1092.1
2019-12-11 14:00:00,-0.09418666838899181,7.346655163176539,0.02065256492970846,1267.7
2019-12-11 15:00:00,-0.09953208860673657,7.284134806195205,0.015549488096004538,1587.4
2019-12-11 16:00:00,-0.11547824315689814,7.242082359256962,0.009963528769679542,1735.0
2019-12-11 17:00:00,-0.10779787044011968,7.197435354096591,0.01170741126928121,1760.8
2019-12-11 18:00:00,-0.08554941462366283,7.162397497355718,0.010650913535560136,1586.1
2019-12-11 19:00:00,-0.04920783213325963,7.117205503164344,0.020342918352188377,1294.9
2019-12-11 20:00:00,-0.0306522210578537,7.067319848653476,0.019532259917225403,981.5
2019-12-11 21:00:00,-0.0017172832827476725,7.01571242048723,0.02114058125054008,417.1
2019-12-11 22:00:00,-0.006703753442970584,6.952728644624869,0.02159862803777557,-68.4
2019-12-11 23:00:00,0.11306427163329813,6.878326468291325,0.024353660813869027,-696.1
2019-12-12 00:00:00,0.11855089254729112,6.835184586147301,0.003553721461820203,-1047.5
2019-12-12 01:00:00,0.15419147880965944,6.761572768804055,-0.00024383038250874733,-1158.2
2019-12-12 02:00:00,0.22604964983910847,6.703188113240863,0.0005718810878736491,-1200.9
2019-12-12 03:00:00,0.2717991904796624,6.652863029353347,-0.00013335813888559755,-1180.7
2019-12-12 04:00:00,0.14762068364534953,6.606650186198215,0.0026401057976173092,-986.7
2019-12-12 05:00:00,0.06247988709179131,6.561030665896573,0.006046478207323958,-399.4
2019-12-12 06:00:00,0.028792192641521996,6.511745329644728,0.014748879895490674,795.2
2019-12-12 07:00:00,-0.0054757488204115745,6.447305862541213,0.02082341087129791,1884.6
2019-12-12 08:00:00,0.32589578754102355,6.364750756851911,0.014922573639609027,2426.8
2019-12-12 09:00:00,0.3170480853533908,6.300785794663244,0.006857484697684768,2804.9
2019-12-12 10:00:00,0.2682418417133441,6.234410725718371,0.027468640373912834,2888.4
2019-12-12 11:00:00,0.20194628373922896,6.161207321695077,-0.0006496152885535622,2927.4
2019-12-12 12:00:00,0.26096092311062646,6.0867747269123065,-0.005098627648107978,2864.7
2019-12-12 13:00:00,0.19349999347353908,6.037870919922137,0.014902850362524589,2759.6
2019-12-12 14:00:00,0.18265032849220253,6.021023349349527,0.003687993984277327,2669.0
2019-12-12 15:00:00,0.10421206486334,6.037870919922137,-0.017232773427048542,2778.5
2019-12-12 16:00:00,0.11367076888903416,6.104793232414985,-0.0018624233969042336,2767.6
2019-12-12 17:00:00,0.19068670473704596,6.198478716492308,-0.0010530784790070413,2704.7
2019-12-12 18:00:00,0.1048729754063884,6.2878585601617845,-0.0025617900614189892,2371.3
2019-12-12 19:00:00,-0.02989655577677075,6.343880434126331,0.005962650110154399,2013.5
2019-12-12 20:00:00,-0.00754693679603502,6.391917113392602,0.0057941584950267355,1666.2
2019-12-12 21:00:00,-0.010368190965905466,6.431331081933479,0.005206787790084988,1132.6
2019-12-12 22:00:00,-0.009922804761091086,6.4457198193855785,0.0021407761918794677,514.8
2019-12-12 23:00:00,0.061049395928503,6.439350371100098,-0.002075100691396159,-53.3
2019-12-13 00:00:00,0.09236825195480636,6.566672429803241,0.013104111151408304,-887.0
2019-12-13 01:00:00,0.07738892257264007,6.559615237493242,0.00974545187472664,-1078.7
2019-12-13 02:00:00,0.15888116026244337,6.561030665896573,0.013896492086537648,-1147.0
2019-12-13 03:00:00,0.1563587436316447,6.565264970035361,0.015195323484819667,-1118.6
2019-12-13 04:00:00,0.020326397812427288,6.546785410760524,0.015502112973884152,-1009.3
2019-12-13 05:00:00,-0.06145582045096987,6.517671272912275,0.017450450412001217,-426.8
2019-12-13 06:00:00,-0.09760169445797162,6.498282149476434,0.023597261466182573,678.5
2019-12-13 07:00:00,-0.1075888335607047,6.495265555937008,0.027081154749028613,1626.1
2019-12-13 08:00:00,-0.11018078430072542,6.520621127558696,0.01710135973004867,1783.3
2019-12-13 09:00:00,-0.09352818044277722,6.57507584059962,0.007814244267159154,1660.1
2019-12-13 10:00:00,0.021114568246462184,6.5998704992128365,0.027608152545699483,1587.6
2019-12-13 11:00:00,-0.07985597795443233,6.586171654854675,0.0011049869874817375,1515.8
2019-12-13 12:00:00,-0.05031652644681017,6.576469569048224,0.004168563459620245,1422.8
2019-12-13 13:00:00,-0.07613227889691165,6.584791392385716,0.00474565971796892,1276.3
2019-12-13 14:00:00,-0.09500813199578095,6.612041034833092,0.007625300828264514,1236.6
2019-12-13 15:00:00,-0.11255769378068292,6.660575149839686,0.0027382329378617953,1368.7
2019-12-13 16:00:00,-0.09414767686533265,6.716594773520978,0.006647857405102542,1457.5
2019-12-13 17:00:00,-0.06061509051304803,6.75110146893676,0.004930333134346654,1385.6
2019-12-13 18:00:00,-0.042017062630494095,6.778784897685177,-0.004980407878703019,1052.5
2019-12-13 19:00:00,-0.008139669360682333,6.79794041297493,0.0037728648714221436,621.5
2019-12-13 20:00:00,-0.01700117057951367,6.80903930604298,0.004090915096387704,199.4
2019-12-13 21:00:00,-0.02288194398089205,6.812345094177479,0.0023736349441332294,-251.4
2019-12-13 22:00:00,-0.03748578480178866,6.796823718274855,0.0015029734902647363,-704.1
2019-12-13 23:00:00,-0.011926013556853299,6.7661917146603505,-0.0009910243476571878,-1158.3
2019-12-14 00:00:00,0.0132998304503964,6.659293919683638,0.008224261376849284,-1351.2
2019-12-14 01:00:00,-0.0006548471430698477,6.652863029353347,0.00478908331770711,-1524.6
2019-12-14 02:00:00,0.09819610652837651,6.655440350367647,0.007780650026825597,-1698.3
2019-12-14 03:00:00,0.15935369119198795,6.648984550024776,0.008352796766976311,-1782.1
2019-12-14 04:00:00,0.022682787676172822,6.637258031284457,0.008133933285575878,-1726.8
2019-12-14 05:00:00,0.018626818398612244,6.634633357861686,0.0124527643234984,-1584.6
2019-12-14 06:00:00,-0.021609741525529635,6.633318433280377,0.026121488359953204,-1285.8
2019-12-14 07:00:00,-0.06408100746238032,6.618738983517219,0.03350955813477796,-907.7
2019-12-14 08:00:00,-0.08017311959097784,6.584791392385716,0.030028156480810253,-417.8
2019-12-14 09:00:00,-0.08886215115527607,6.556778356158042,0.02588572499274555,-33.8
2019-12-14 10:00:00,-0.01521859856074892,6.608000625296087,0.04537261720165553,246.8
2019-12-14 11:00:00,-0.07416470644441153,6.558197802812269,0.030586655187052614,414.8
2019-12-14 12:00:00,-0.000122639433621341,6.51025834052315,0.030061967319717553,500.5
2019-12-14 13:00:00,-0.04750928724784487,6.481577129276431,0.03110131178537401,394.0
2019-12-14 14:00:00,-0.059878210354549655,6.473890696352274,0.039047085148073535,420.7
2019-12-14 15:00:00,-0.11880651962718991,6.483107351457199,0.014337494927776362,643.9
2019-12-14 16:00:00,-0.09837989270015912,6.501289670540389,0.03653565428026617,786.6
2019-12-14 17:00:00,-0.07843428895249582,6.508769136971682,0.031643587730174616,816.0
2019-12-14 18:00:00,-0.0781638842290735,6.498282149476434,0.020926336127097045,678.9
2019-12-14 19:00:00,-0.07281360915000956,6.464588303689961,0.02309235735788029,403.1
2019-12-14 20:00:00,-0.06986725938879745,6.428105272684596,0.020725101957834724,82.2
2019-12-14 21:00:00,-0.05551814327502047,6.401917196727186,0.017447230358600407,-411.4
2019-12-14 22:00:00,-0.05994100054593998,6.385194398997726,0.012407630472399234,-809.3
2019-12-14 23:00:00,-0.08124820944899991,6.3784261836515865,0.007950335947118248,-1131.0
2019-12-15 00:00:00,0.030319872911451107,6.2285110035911835,0.008979587230594888,-1398.3
2019-12-15 01:00:00,0.08378735471852616,6.206575926724928,-0.0008440193321899159,-1595.7
2019-12-15 02:00:00,0.21726706913876725,6.214608098422191,-0.003927176484296524,-1721.6
2019-12-15 03:00:00,0.2989231982276461,6.2285110035911835,-0.0010873731164000588,-1786.7
2019-12-15 04:00:00,0.17109528677374142,6.267200548541362,-0.005360675262144454,-1800.5
2019-12-15 05:00:00,-0.14948905997502004,6.349138991379798,-0.0012646972421670455,-1684.8
2019-12-15 06:00:00,0.0009733145922390385,6.444131256700441,0.012803179717343127,-1534.2
2019-12-15 07:00:00,0.022750762911201594,6.529418838262226,0.02448204811801702,-1312.2
2019-12-15 08:00:00,-0.057969219619535384,6.60934924316738,0.022059847903419083,-956.9
2019-12-15 09:00:00,-0.05502657110316589,6.672032945461067,0.019820296001404003,-620.8
2019-12-15 10:00:00,-0.02353391598071264,6.699500340161678,0.032580659121764555,-175.5
2019-12-15 11:00:00,-0.013459130301390232,6.706862336602747,0.019071863842116343,107.3
2019-12-15 12:00:00,0.002606651830487472,6.71901315438526,0.011361650647152999,232.1
2019-12-15 13:00:00,0.010363379613056,6.714170529909472,0.004187900075692141,207.0
2019-12-15 14:00:00,0.016126796970044044,6.678342114654332,0.020232069510919715,259.1
2019-12-15 15:00:00,0.04852155285657078,6.651571873589727,0.01914692187684608,509.8
2019-12-15 16:00:00,0.05181964287657648,6.639875833826536,0.031048179069788517,689.0
2019-12-15 17:00:00,-0.023809354484790823,6.652863029353347,0.029368577901475845,800.3
2019-12-15 18:00:00,-0.060764593446086757,6.688354713946762,0.021214295497379965,693.0
2019-12-15 19:00:00,-0.048262522280047015,6.715383386334681,0.01705643730650408,555.1
2019-12-15 20:00:00,-0.06296523929644104,6.747586526829315,0.014640212508897577,221.3
2019-12-15 21:00:00,-0.06391226318017429,6.773080375655535,0.008231620603746492,-153.9
2019-12-15 22:00:00,-0.04005067280199315,6.825460036255307,0.00037211650238333505,-598.4
2019-12-15 23:00:00,0.0418204268204474,6.898714534329988,-0.005315424901297661,-1108.6
2019-12-16 00:00:00,0.14873440351409561,6.594413459749778,0.007443402009288391,-1165.3
2019-12-16 01:00:00,0.222879228293833,6.717804695023691,0.001232832419114871,-1453.6
2019-12-16 02:00:00,0.33048621403438583,6.82001636467413,0.0043351246475022975,-1602.0
2019-12-16 03:00:00,0.3660572300669851,6.930494765951626,0.004390140633665496,-1693.8
2019-12-16 04:00:00,0.12130369625820459,7.023758954738443,0.008257599174163133,-1599.8
2019-12-16 05:00:00,0.018746992148825026,7.089243155027514,0.014598067155056071,-1138.4
2019-12-16 06:00:00,-0.032236361581180706,7.142036574706803,0.028896141618632853,199.3
2019-12-16 07:00:00,-0.04598411689951565,7.175489713624222,0.03828745113601961,1173.9
2019-12-16 08:00:00,-0.03384607015151575,7.189922170745808,0.0331959156885393,1360.9
2019-12-16 09:00:00,-0.04924139245881909,7.183111701743281,0.02721635282986945,1272.7
2019-12-16 10:00:00,-0.10089768114451925,7.170119543449628,0.02610720715567716,1265.3
2019-12-16 11:00:00,-0.045953988418515834,7.141245122350491,0.01911930437527154,1320.6
2019-12-16 12:00:00,-0.0020094566228108235,7.10002716662926,-0.0034586107488099316,1288.1
2019-12-16 13:00:00,-0.02656825779800931,7.059617628291383,0.01501539683607156,1234.2
2019-12-16 14:00:00,-0.0474775108897898,7.0317412587631285,0.018601365787690227,1366.4
2019-12-16 15:00:00,-0.04282614994995626,7.017506142941256,0.014390567585179426,1718.5
2019-12-16 16:00:00,-0.06126770590210828,7.02197642307216,0.020138215384005065,1681.0
2019-12-16 17:00:00,-0.0598109612404385,7.013915474810528,0.01924516405410337,1707.1
2019-12-16 18:00:00,-0.05919244619252417,7.004881989712859,0.01292794496135663,1488.8
2019-12-16 19:00:00,-0.004773682725890627,6.9985096422506015,0.020189122726169018,1146.0
2019-12-16 20:00:00,0.0128225968086908,6.988413181999592,0.020775332719187745,771.4
2019-12-16 21:00:00,0.012985416069492661,6.97166860472579,0.009057066526034774,285.7
2019-12-16 22:00:00,0.014937626249926783,6.93828448401696,-0.0017511211992431441,-269.4
2019-12-16 23:00:00,0.07465783917401714,6.891625897052253,-0.010541644321232724,-892.8
2019-12-17 00:00:00,0.1612308920955039,6.9782137426306985,-0.017605502933486505,-1519.9
2019-12-17 01:00:00,0.1415321083297445,6.946013991099227,-0.027433349650653582,-1683.8
2019-12-17 02:00:00,0.23272007334995992,6.913737350659685,-0.02261144648777602,-1764.6
2019-12-17 03:00:00,0.29046764084999044,6.88653164253051,-0.01749049351621501,-1723.6
2019-12-17 04:00:00,0.13651478418142116,6.846943139585379,-0.013813173051318017,-1534.0
2019-12-17 05:00:00,0.0029245610100061548,6.7912214627261855,-0.0021775797489951287,-916.9
2019-12-17 06:00:00,-0.05723896957516317,6.7226297948554485,0.01882963435286733,403.7
2019-12-17 07:00:00,-0.05594297567536488,6.628041376179533,0.03917090129155021,1389.7
2019-12-17 08:00:00,0.013456329835336511,6.499787040655854,0.03703928982895732,1701.7
2019-12-17 09:00:00,-0.05233715272635919,6.373319789577012,0.030226442185085745,1718.9
2019-12-17 10:00:00,-0.09058068460722923,6.212606095751519,0.030391542168212382,1851.9
2019-12-17 11:00:00,-0.08770408669726004,6.003887067106539,0.019054076641520368,1888.1
2019-12-17 12:00:00,-0.09220556728276152,5.771441123130016,0.02315211587579391,1899.2
2019-12-17 13:00:00,-0.08082362762055517,5.602118820879701,0.010284185671807222,1838.8
2019-12-17 14:00:00,-0.08039481972784657,5.579729825986222,0.017760477201793634,1889.0
2019-12-17 15:00:00,-0.06849602588834758,5.652489180268651,0.0151649703727319,2195.8
2019-12-17 16:00:00,-0.0754762563372493,5.733341276897746,0.017199074274389048,2350.9
2019-12-17 17:00:00,-0.06795312235412654,5.7899601708972535,0.019263056716575022,2292.7
2019-12-17 18:00:00,-0.09220372948562439,5.877735781779639,0.0166615160277388,1988.2
2019-12-17 19:00:00,-0.06946067860202287,5.953243334287785,0.020862115609633136,1613.3
2019-12-17 20:00:00,-0.04418905920396865,6.030685260261263,0.017124745452695933,1169.0
2019-12-17 21:00:00,-0.024650921872419573,6.137727054086234,0.002549561792962507,554.5
2019-12-17 22:00:00,0.030166806989471606,6.2285110035911835,-0.010593769639811512,-86.2
2019-12-17 23:00:00,0.18952781366887006,6.295266001439646,-0.0205859467262286,-632.6
2019-12-18 00:00:00,0.21753804323782822,6.285998094508865,-0.044559553398395124,-1745.8
2019-12-18 01:00:00,0.17847956517175767,6.336825731146441,-0.05315676400386238,-1997.8
2019-12-18 02:00:00,0.2836281544369941,6.396929655216146,-0.055957574078215444,-2114.5
2019-12-18 03:00:00,0.2863730968860163,6.473890696352274,-0.05597091758160211,-2159.9
2019-12-18 04:00:00,0.0919989724359942,6.593044534142437,-0.05607787152234067,-2133.7
2019-12-18 05:00:00,-0.0033599432864668266,6.75343791859778,-0.046532434566895375,-1604.0
2019-12-18 06:00:00,-0.052573930105645594,6.910750787961936,-0.024330020921855322,-499.8
2019-12-18 07:00:00,-0.07248790493615376,7.016609683894219,-0.007854030410268109,377.0
2019-12-18 08:00:00,-0.11807393812985101,7.063903961472068,-0.004655799585153275,546.6
2019-12-18 09:00:00,-0.09161131528247957,7.104144092987527,-0.0015823087699988747,415.0
2019-12-18 10:00:00,-0.08602063375036462,7.152268856032539,0.017194042870208648,395.1
2019-12-18 11:00:00,-0.08205178319133655,7.20414929203594,-0.004992217242152819,391.4
2019-12-18 12:00:00,-0.11319732053136233,7.242082359256962,-0.01857019222493328,334.5
2019-12-18 13:00:00,-0.09225613458460824,7.254884810077338,-0.005523156365269344,196.2
2019-12-18 14:00:00,-0.0891590057120264,7.2399325913204695,-0.0005098294558614214,324.4
2019-12-18 15:00:00,-0.09477791976232774,7.2196420401307355,0.002686379031061392,703.0
2019-12-18 16:00:00,-0.10453558236294569,7.20414929203594,0.0031933211453623045,889.2
2019-12-18 17:00:00,-0.09015985263773096,7.172424577124845,0.009139827420982627,994.7
2019-12-18 18:00:00,-0.07405503519792767,7.144407180321139,0.007959323125543705,803.8
2019-12-18 19:00:00,-0.03251548704423657,7.097548850614793,0.01567198065117381,470.2
2019-12-18 20:00:00,-0.026302719509760042,7.039660349862076,0.015577184361335483,172.5
2019-12-18 21:00:00,-0.016845375653242733,6.9726062513017535,0.016011092051936515,-218.8
2019-12-18 22:00:00,-0.027137647907514495,6.900730664045173,0.010983096495577271,-660.6
2019-12-18 23:00:00,0.057222427004654186,6.81783057145415,0.008271510811876936,-1170.6
2019-12-19 00:00:00,0.14644056164162222,6.736966958001855,0.000985311475362849,-1481.8
2019-12-19 01:00:00,0.13484628190626902,6.650279048587422,0.00015874611246147197,-1559.8
2019-12-19 02:00:00,0.21461760389245255,6.579251212010101,0.004120680756562578,-1527.1
2019-12-19 03:00:00,0.26368555570549246,6.51471269087253,0.010072358695381922,-1485.6
2019-12-19 04:00:00,0.1501756885838983,6.421622267806518,0.01694309098794733,-1223.4
2019-12-19 05:00:00,0.046396672756880974,6.306275286948016,0.028275895005263507,-541.7
2019-12-19 06:00:00,-0.020126316519422982,6.226536669287466,0.04673544658979978,739.1
2019-12-19 07:00:00,-0.05534202344391437,6.20050917404269,0.060776485228910104,1815.5
2019-12-19 08:00:00,-0.07931985068933445,6.192362489474872,0.05780735414548133,2052.0
2019-12-19 09:00:00,-0.075205448475689,6.220590170099739,0.04918701328697139,2045.3
2019-12-19 10:00:00,-0.043978949822810254,6.261491684321042,0.07095704742913611,1856.3
2019-12-19 11:00:00,-0.07446261459595593,6.335054251498059,0.03906954358998149,1676.0
2019-12-19 12:00:00,-0.004653515414122289,6.431331081933479,0.026797865435533197,1565.1
2019-12-19 13:00:00,-0.027996329858550162,6.5638555265321274,0.045200063572753635,1401.9
2019-12-19 14:00:00,-0.033682394244936464,6.725033642166843,0.03331752859938142,1289.2
2019-12-19 15:00:00,-0.12879998759162392,6.883462586413092,0.014376268843570017,1370.5
2019-12-19 16:00:00,-0.07647022489675459,7.00397413672268,0.03238015306154374,1250.2
2019-12-19 17:00:00,-0.09030382185891606,7.074963197966044,0.03248777704920691,1072.8
2019-12-19 18:00:00,-0.08765994524418508,7.134890851565884,0.027063864299547546,692.4
2019-12-19 19:00:00,-0.058718491102022874,7.150701457592526,0.03079855586425495,256.4
2019-12-19 20:00:00,-0.028182802385528394,7.1276936993473985,0.023448284147926657,-95.7
2019-12-19 21:00:00,-0.036721623840756834,7.0967213784947605,0.014151995116121086,-675.7
2019-12-19 22:00:00,-0.06324976505558055,7.05617528410041,0.0037571558541493744,-1228.0
2019-12-19 23:00:00,0.008249469794751274,6.999422467507961,-0.0057142542958334985,-1806.6
2019-12-20 00:00:00,0.08221275614982915,6.894670039433482,-0.012537030173273678,-2500.8
2019-12-20 01:00:00,0.1015545422652191,6.812345094177479,-0.019629156805178738,-2613.5
2019-12-20 02:00:00,0.20649408832206273,6.747586526829315,-0.018092157450068314,-2619.5
2019-12-20 03:00:00,0.19628101778686657,6.682108597449809,-0.01748597178563216,-2549.5
2019-12-20 04:00:00,0.04155607836787922,6.610696044717759,-0.019592787223315256,-2424.2
2019-12-20 05:00:00,-0.04746566501843574,6.532334292222349,-0.01604945384544898,-1846.5
2019-12-20 06:00:00,-0.08856425104923593,6.45833828334479,0.00032222034829665347,-570.7
2019-12-20 07:00:00,-0.11791868306228137,6.395261598115449,0.010781847377531406,364.5
2019-12-20 08:00:00,-0.14014944400162133,6.329720905522696,0.0032236819933686434,736.6
2019-12-20 09:00:00,-0.13623014127824273,6.274762021241939,-0.005993225869627139,641.7
2019-12-20 10:00:00,-0.004130754243131918,6.180016653652572,0.014160853617724456,689.7
2019-12-20 11:00:00,-0.09476796127438192,6.049733455231958,-0.012965279124346196,695.3
2019-12-20 12:00:00,-0.07283056640063457,5.934894195619588,-0.011690238047901147,641.2
2019-12-20 13:00:00,-0.10135032133016342,5.910796644040527,-0.012271566126795364,499.1
2019-12-20 14:00:00,-0.11062311117112467,5.988961416889864,-0.011407466448176251,460.7
2019-12-20 15:00:00,-0.1446403822790563,6.07993319509559,-0.01244187179110412,630.3
2019-12-20 16:00:00,-0.14082542407780752,6.186208623900494,-0.006253517260443431,618.2
2019-12-20 17:00:00,-0.11996661767349037,6.270988431858299,-0.006813644206753011,500.7
2019-12-20 18:00:00,-0.08151480825477853,6.349138991379798,-0.019301620320327117,158.2
2019-12-20 19:00:00,-0.04813970454327565,6.401917196727186,-0.013845040481530901,-231.7
2019-12-20 20:00:00,-0.05071833947602444,6.448889394146858,-0.018240237482089583,-744.2
2019-12-20 21:00:00,-0.04307906156786423,6.492239835020471,-0.022853589227421978,-1252.1
2019-12-20 22:00:00,-0.06134091801404651,6.502790045915623,-0.029647401333258827,-1770.4
2019-12-20 23:00:00,-0.050040154263880865,6.490723534502507,-0.03742474271988527,-2207.2
2019-12-21 00:00:00,-0.213922980599754,6.61338421837956,-0.06903381329166614,-2691.5
2019-12-21 01:00:00,-0.11552979167061883,6.576469569048224,-0.07539246503637287,-2901.8
2019-12-21 02:00:00,0.0061166432709134355,6.536691597591305,-0.07592171406424164,-2977.5
2019-12-21 03:00:00,0.15224312471055912,6.483107351457199,-0.07451786711977348,-3001.6
2019-12-21 04:00:00,0.03988066377320454,6.396929655216146,-0.07249015438900841,-2959.8
2019-12-21 05:00:00,0.002443695110518007,6.284134161070802,-0.06709522253173006,-2766.0
2019-12-21 06:00:00,-0.008804688509898462,6.1675164908883415,-0.051646573903401105,-2406.7
2019-12-21 07:00:00,-0.04563908087183011,6.045005314036012,-0.041244785630818015,-1989.5
2019-12-21 08:00:00,-0.06565486226052908,5.924255797414532,-0.03908363756787203,-1471.2
2019-12-21 09:00:00,-0.07087403263076686,5.820082930352362,-0.042604523619372614,-972.6
2019-12-21 10:00:00,0.004417375956109915,5.717027701406222,-0.019506775936005027,-673.1
2019-12-21 11:00:00,-0.03885703220440728,5.6131281063880705,-0.030434836723994607,-556.9
2019-12-21 12:00:00,0.020795708031985605,5.517452896464707,-0.0354816249427099,-497.0
2019-12-21 13:00:00,-0.028806718382274443,5.43372200355424,-0.035613801233498776,-541.6
2019-12-21 14:00:00,-0.025582813904879487,5.365976015021851,-0.02871056960411167,-488.6
2019-12-21 15:00:00,-0.0804083374586626,5.337538079701318,-0.0507888910178238,-349.3
2019-12-21 16:00:00,-0.0495242299225489,5.342334251964811,-0.024027154561604647,-209.8
2019-12-21 17:00:00,-0.03465895179595302,5.375278407684165,-0.027680760742908816,-236.0
2019-12-21 18:00:00,-0.024023096222700158,5.4116460518550396,-0.038396287278008145,-436.3
2019-12-21 19:00:00,-0.017406258334098368,5.43372200355424,-0.03883620718362657,-666.2
2019-12-21 20:00:00,-0.013134774818266859,5.442417710521793,-0.044354218327637085,-998.5
2019-12-21 21:00:00,0.017770457161556674,5.4638318050256105,-0.048140641203954004,-1364.7
2019-12-21 22:00:00,0.027510648383465952,5.459585514144159,-0.05543017302589348,-1764.2
2019-12-21 23:00:00,0.06286529250605977,5.41610040220442,-0.0645579558014866,-2074.2
2019-12-22 00:00:00,0.1276166217945236,5.342334251964811,-0.09813581437422414,-2419.7
2019-12-22 01:00:00,0.19209445331578534,5.272999558563747,-0.11038589225591977,-2630.0
2019-12-22 02:00:00,0.3214951195654816,5.220355825078324,-0.11661728245652903,-2669.5
2019-12-22 03:00:00,0.39734248598950694,5.214935757608986,-0.11331237322951182,-2696.4
2019-12-22 04:00:00,0.25623965976160523,5.231108616854587,-0.11427800620743156,-2635.8
2019-12-22 05:00:00,0.2171800235479675,5.231108616854587,-0.10670936420408772,-2504.3
2019-12-22 06:00:00,0.2117166173748024,5.247024072160486,-0.08795051087024497,-2233.3
2019-12-22 07:00:00,0.12230446140593498,5.2574953720277815,-0.0700890894715851,-1883.0
2019-12-22 08:00:00,0.04226454029194571,5.2574953720277815,-0.06609485735923037,-1506.6
2019-12-22 09:00:00,0.02483209313560053,5.262690188904886,-0.06262629650673901,-1123.1
2019-12-22 10:00:00,0.05686776145347672,5.25227342804663,-0.04576388531541298,-668.4
2019-12-22 11:00:00,0.060485189123057115,5.236441962829949,-0.05536355220565525,-507.0
2019-12-22 12:00:00,0.076100083948071,5.241747015059643,-0.058446904779062336,-427.9
2019-12-22 13:00:00,0.07353641848736281,5.2574953720277815,-0.06435531830155128,-354.4
2019-12-22 14:00:00,0.08889626002284157,5.288267030694535,-0.05139280397285262,-349.6
2019-12-22 15:00:00,0.09806897578561102,5.337538079701318,-0.054908944554352246,-187.6
2019-12-22 16:00:00,0.09786902946992493,5.3612921657094255,-0.03940047262163304,100.6
2019-12-22 17:00:00,0.026128375102529855,5.375278407684165,-0.037556462177771976,143.5
2019-12-22 18:00:00,-0.006552232188038243,5.375278407684165,-0.040991632104066866,20.5
2019-12-22 19:00:00,0.0002202025226947235,5.332718793265369,-0.040514039560093806,-121.3
2019-12-22 20:00:00,-0.0298880188568722,5.272999558563747,-0.042124656483581546,-384.1
2019-12-22 21:00:00,-0.03296423455934905,5.236441962829949,-0.05074872402737718,-766.6
2019-12-22 22:00:00,-0.017107892129256896,5.214935757608986,-0.05724569911490107,-1164.3
2019-12-22 23:00:00,0.08444437929715676,5.220355825078324,-0.059276629738926445,-1565.2
2019-12-23 00:00:00,0.044623824677620494,5.579729825986222,-0.1324815196271203,-2080.0
2019-12-23 01:00:00,0.16334346299920144,5.541263545158426,-0.14182017463134144,-2293.1
2019-12-23 02:00:00,0.24278063361528046,5.484796933490655,-0.14075259664469364,-2318.6
2019-12-23 03:00:00,0.290684410158768,5.442417710521793,-0.14152083729973342,-2314.1
2019-12-23 04:00:00,0.0770718717174832,5.384495062789089,-0.14525089585080586,-2238.4
2019-12-23 05:00:00,-0.009889325831626827,5.318119993844216,-0.15239504163275974,-1928.9
2019-12-23 06:00:00,-0.10450557092133694,5.272999558563747,-0.17165173447758342,-1029.4
2019-12-23 07:00:00,-0.14765232067021428,5.225746673713202,-0.17715190182520146,-257.5
2019-12-23 08:00:00,-0.17245429398756995,5.181783550292085,-0.15746010194147964,14.4
2019-12-23 09:00:00,-0.16097135640212512,5.153291594497779,-0.14195606869322752,81.4
2019-12-23 10:00:00,-0.19766523307951367,5.087596335232384,-0.13206060772091455,296.1
2019-12-23 11:00:00,-0.13637776710023042,4.990432586778736,-0.13394239556647136,334.8
2019-12-23 12:00:00,-0.10359230993601143,4.912654885736052,-0.158373349292944,304.2
2019-12-23 13:00:00,-0.13470569178452152,4.897839799950911,-0.13640049195494441,246.9
2019-12-23 14:00:00,-0.15765251694576632,4.941642422609304,-0.13493895314475068,285.5
2019-12-23 15:00:00,-0.1634783734062042,5.0238805208462765,-0.138896032001675,512.4
2019-12-23 16:00:00,-0.17773304470160145,5.099866427824199,-0.12434032670220496,648.2
2019-12-23 17:00:00,-0.14371604710457175,5.159055299214529,-0.12148901463270079,680.5
2019-12-23 18:00:00,-0.11429323153845994,5.214935757608986,-0.12589733448774965,417.9
2019-12-23 19:00:00,-0.07397728016452287,5.267858159063328,-0.1215802218939448,115.3
2019-12-23 20:00:00,-0.0712736226980284,5.3230099791384085,-0.12473801289728215,-198.8
2019-12-23 21:00:00,-0.060690276589159264,5.37989735354046,-0.13051184428786478,-666.0
2019-12-23 22:00:00,-0.04548891692864121,5.455321115357702,-0.12433394125653763,-1169.1
2019-12-23 23:00:00,0.008756342856297117,5.53338948872752,-0.11597664113802075,-1695.9
2019-12-24 00:00:00,0.10710138687266824,5.594711379601839,-0.12455635509649632,-2181.7
2019-12-24 01:00:00,0.10301492612335839,5.60947179518496,-0.14388086480667894,-2428.1
2019-12-24 02:00:00,0.16282002271539442,5.602118820879701,-0.15007464272968463,-2475.3
2019-12-24 03:00:00,0.19280714897747497,5.60947179518496,-0.1542817150212077,-2509.7
2019-12-24 04:00:00,0.032570655741941845,5.579729825986222,-0.16940855913218478,-2462.8
2019-12-24 05:00:00,-0.07669157817598249,5.552959584921617,-0.19946529678079727,-2348.7
2019-12-24 06:00:00,-0.13390485132308028,5.54907608489522,-0.2640659105152281,-2023.8
2019-12-24 07:00:00,-0.19605031563123987,5.53338948872752,-0.29972075970087886,-1612.7
2019-12-24 08:00:00,-0.20091015097358778,5.493061443340548,-0.27251813765872157,-1203.4
2019-12-24 09:00:00,-0.16300786860577565,5.43372200355424,-0.23796144380455608,-851.3
2019-12-24 10:00:00,-0.18233554820927678,5.351858133476067,-0.21332197622660587,-521.9
2019-12-24 11:00:00,-0.14469732173077565,5.247024072160486,-0.20904658682548138,-379.8
2019-12-24 12:00:00,-0.13879907180249385,5.159055299214529,-0.20215239934217877,-469.5
2019-12-24 13:00:00,-0.12989552161295226,5.087596335232384,-0.23005442953150101,-664.2
2019-12-24 14:00:00,-0.14479866979929268,5.0369526024136295,-0.24617959060110195,-816.9
2019-12-24 15:00:00,-0.1695818890312042,5.030437921392435,-0.26495983117036914,-771.3
2019-12-24 16:00:00,-0.1545738128670764,5.017279836814924,-0.2745890733069771,-687.0
2019-12-24 17:00:00,-0.12029211109403715,4.990432586778736,-0.2906781949459827,-902.0
2019-12-24 18:00:00,-0.12842816257744527,4.990432586778736,-0.28656850157499036,-987.5
2019-12-24 19:00:00,-0.12136421960361288,4.941642422609304,-0.27292531218014204,-1041.7
2019-12-24 20:00:00,-0.0937723354386879,4.875197323201151,-0.25410932682042997,-1097.2
2019-12-24 21:00:00,-0.07352147512505747,4.844187086458591,-0.22906502704658216,-1328.3
2019-12-24 22:00:00,-0.009606455216594867,4.795790545596741,-0.1916160625004526,-1565.5
2019-12-24 23:00:00,0.16240266740117892,4.74493212836325,-0.1593730843470631,-1831.5
2019-12-25 00:00:00,0.7495114808998595,4.718498871295094,-0.015376721443118413,-2141.0
2019-12-25 01:00:00,0.7112214352521598,4.6913478822291435,-0.02719339467555848,-2360.4
2019-12-25 02:00:00,0.8009100845545549,4.6443908991413725,-0.030030191979163234,-2495.8
2019-12-25 03:00:00,0.7968145025457769,4.605170185988092,-0.03240755765043701,-2526.4
2019-12-25 04:00:00,0.5947032873048275,4.553876891600541,-0.045467332925664294,-2481.0
2019-12-25 05:00:00,0.4725331141317102,4.499809670330265,-0.06988167472198015,-2310.1
2019-12-25 06:00:00,0.40510281614874977,4.454347296253507,-0.13836871836422482,-2163.5
2019-12-25 07:00:00,0.3300085190978037,4.406719247264253,-0.1905018983719291,-1881.2
2019-12-25 08:00:00,0.28872757416169037,4.3694478524670215,-0.181011371132616,-1577.1
2019-12-25 09:00:00,0.31333947505704973,4.356708826689592,-0.15817116293951727,-1355.1
2019-12-25 10:00:00,0.31864053341367793,4.382026634673881,-0.11738081681947499,-998.7
2019-12-25 11:00:00,0.33852135396365224,4.406719247264253,-0.12103975566453151,-825.0
2019-12-25 12:00:00,0.3315419146396872,4.418840607796598,-0.12661435861941506,-799.1
2019-12-25 13:00:00,0.3517317497403596,4.418840607796598,-0.11657547131151347,-823.6
2019-12-25 14:00:00,0.3514382933981266,4.465908118654584,-0.11068659627795441,-726.3
2019-12-25 15:00:00,0.34958278143146604,4.553876891600541,-0.10509973354782787,-472.8
2019-12-25 16:00:00,0.3510042009610621,4.6443908991413725,-0.10107055443107704,-273.7
2019-12-25 17:00:00,0.36576600820116356,4.6913478822291435,-0.10359595435909164,-304.3
2019-12-25 18:00:00,0.3902398315560349,4.736198448394496,-0.10044363086771924,-474.6
2019-12-25 19:00:00,0.4135761568353189,4.795790545596741,-0.08656015658006666,-724.8
2019-12-25 20:00:00,0.3959112290587412,4.867534450455582,-0.07578813586943411,-876.9
2019-12-25 21:00:00,0.4280458574931014,4.941642422609304,-0.058325038332853296,-1174.0
2019-12-25 22:00:00,0.45414423137391235,5.0238805208462765,-0.03509336363899074,-1464.6
2019-12-25 23:00:00,0.5653284367459692,5.117993812416755,-0.011676053578870693,-1783.9
2019-12-26 00:00:00,0.6531472361792989,5.214935757608986,0.01234744230008289,-1821.3
2019-12-26 01:00:00,0.6331569831623565,5.2574953720277815,0.00836144727545829,-1968.6
2019-12-26 02:00:00,0.6913498804377034,5.298317366548036,0.009206948591558017,-2019.4
2019-12-26 03:00:00,0.7174639198611317,5.337538079701318,0.00863414035494614,-2033.9
2019-12-26 04:00:00,0.5922632573574176,5.342334251964811,0.005719158724019735,-1962.3
2019-12-26 05:00:00,0.5137042870022013,5.3230099791384085,-0.017056336033096642,-1812.9
2019-12-26 06:00:00,0.44309449735107087,5.318119993844216,-0.07668994692922126,-1537.4
2019-12-26 07:00:00,0.3866710540137488,5.313205979041787,-0.11826604602404522,-1149.0
2019-12-26 08:00:00,0.3485264732401494,5.332718793265369,-0.10262951091982941,-804.4
2019-12-26 09:00:00,0.37745153226163985,5.342334251964811,-0.0713355178347772,-477.1
2019-12-26 10:00:00,0.4452376091153596,5.313205979041787,-0.019665248891810094,-87.1
2019-12-26 11:00:00,0.4349895161958237,5.2574953720277815,-0.029936884891421656,65.8
2019-12-26 12:00:00,0.5101715661229429,5.209486152841421,-0.030284412144414574,167.9
2019-12-26 13:00:00,0.48444325486547246,5.231108616854587,-0.006301036408236982,154.5
2019-12-26 14:00:00,0.4865336084433842,5.337538079701318,-0.014520921028589484,135.8
2019-12-26 15:00:00,0.4053528676777747,5.442417710521793,-0.028952638800822328,321.4
2019-12-26 16:00:00,0.4671494933706346,5.5093883366279774,-0.0036230379210930863,482.0
2019-12-26 17:00:00,0.4758374591490102,5.556828061699537,-0.0046802119416256005,396.4
2019-12-26 18:00:00,0.48386099506912394,5.598421958998375,0.0002853707453009946,260.7
2019-12-26 19:00:00,0.5048147448203588,5.638354669333745,0.012906853362132154,80.0
2019-12-26 20:00:00,0.5192483801985746,5.697093486505405,0.017761271436596004,-101.5
2019-12-26 21:00:00,0.5251754702080711,5.765191102784844,0.025449205134654207,-461.6
2019-12-26 22:00:00,0.5412939350725008,5.82600010738045,0.04468640421253234,-813.0
2019-12-26 23:00:00,0.6041582693317595,5.877735781779639,0.06684593167761221,-1110.5
2019-12-27 00:00:00,0.10605251597164234,6.214608098422191,-0.03968988811689833,-1384.4
2019-12-27 01:00:00,0.12242059541171058,6.253828811575473,-0.041228268608639596,-1539.8
2019-12-27 02:00:00,0.19840191842472654,6.293419278846481,-0.03453204618857697,-1606.5
2019-12-27 03:00:00,0.2040777203107167,6.335054251498059,-0.03156698364731092,-1597.5
2019-12-27 04:00:00,0.02183628787732328,6.3818160174060985,-0.02982038629060213,-1537.6
2019-12-27 05:00:00,-0.05892310487168606,6.432940092739179,-0.038113944029550595,-1257.9
2019-12-27 06:00:00,-0.10394916988871561,6.47543271670409,-0.06465572602814262,-466.0
2019-12-27 07:00:00,-0.11738634341702436,6.490723534502507,-0.07294834544304507,317.9
2019-12-27 08:00:00,-0.1291947178617554,6.481577129276431,-0.05054093755766331,749.4
2019-12-27 09:00:00,-0.10390670671072222,6.470799503782602,-0.03345840812323253,865.5
2019-12-27 10:00:00,0.024706157535694828,6.419994928147142,0.0009314608014090453,1055.6
2019-12-27 11:00:00,-0.05219736466321079,6.331501849893691,-0.01759307003735877,1068.1
2019-12-27 12:00:00,-0.011723262732229234,6.238324625039508,-0.009764228303978939,1015.4
2019-12-27 13:00:00,-0.02901109981586769,6.169610732491456,0.0008998092923420131,964.2
2019-12-27 14:00:00,0.004162044500011675,6.148468295917647,0.012666723101188992,997.4
2019-12-27 15:00:00,0.04270151071390993,6.163314804034641,0.019089076382140746,1282.0
2019-12-27 16:00:00,0.07599814476280731,6.142037405587356,0.03173310747605029,1514.1
2019-12-27 17:00:00,0.15657215628031462,6.0473721790462776,0.03761398837930052,1595.3
2019-12-27 18:00:00,0.09866999558944078,5.940171252720432,0.036021519038866856,1381.1
2019-12-27 19:00:00,0.04347816337392185,5.817111159963204,0.050084958684172065,1102.5
2019-12-27 20:00:00,0.0046870638121268016,5.66988092298052,0.05614602194178708,766.2
2019-12-27 21:00:00,-0.018509157565202994,5.537334267018537,0.06044254597338217,400.0
2019-12-27 22:00:00,-0.022265648828733386,5.4116460518550396,0.0601433128430191,-17.9
2019-12-27 23:00:00,0.003560051948749532,5.313205979041787,0.06515670676767549,-324.6
2019-12-28 00:00:00,-0.01351774837250419,5.267858159063328,0.11710785580551786,-575.5
2019-12-28 01:00:00,-0.009894210683043081,5.308267697401205,0.11649137983477864,-774.8
2019-12-28 02:00:00,0.0743513907338218,5.420534999272286,0.12235047357916606,-842.0
2019-12-28 03:00:00,0.15191871270446988,5.583496308781699,0.12515873526572818,-877.7
2019-12-28 04:00:00,0.0032206099694427337,5.762051382780177,0.12986609255377068,-848.5
2019-12-28 05:00:00,-0.023481282415796834,5.929589143389895,0.13643248607142944,-738.3
2019-12-28 06:00:00,-0.05245811378213361,6.089044875446846,0.152683506514661,-397.6
2019-12-28 07:00:00,-0.07373417442747865,6.208590026096629,0.1615707688992618,-141.1
2019-12-28 08:00:00,-0.0679636655949345,6.302618975744905,0.16343236750718226,239.9
2019-12-28 09:00:00,-0.0834880751468634,6.393590753950631,0.15860379694027316,539.5
2019-12-28 10:00:00,-0.006475065210313602,6.45833828334479,0.17725634869810136,804.5
2019-12-28 11:00:00,-0.07444997245690077,6.508769136971682,0.1605728210178814,809.7
2019-12-28 12:00:00,-0.022352109922186614,6.568077911411976,0.15467096804650105,782.4
2019-12-28 13:00:00,-0.072617596258997,6.638567789166521,0.15470926416841024,623.9
2019-12-28 14:00:00,-0.07690472837514406,6.706862336602747,0.16498472149305954,621.9
2019-12-28 15:00:00,-0.12409532805813761,6.787844982309579,0.1364488767951375,766.2
2019-12-28 16:00:00,-0.08336254563320589,6.878326468291325,0.16018986099041044,850.7
2019-12-28 17:00:00,-0.07679851977641317,6.959398512133975,0.15517908358232013,746.7
2019-12-28 18:00:00,-0.06455823217329515,7.0326242610280065,0.14330324079370804,442.0
2019-12-28 19:00:00,-0.055219511719500236,7.10085190894405,0.14279767050013348,38.2
2019-12-28 20:00:00,-0.039381519237215556,7.156176637480615,0.1363173825138837,-432.8
2019-12-28 21:00:00,-0.014141082554905093,7.203405521083095,0.13129467270895567,-859.0
2019-12-28 22:00:00,-0.016449274827716298,7.252762418053187,0.12220785705818571,-1389.0
2019-12-28 23:00:00,-0.02510348043989774,7.305188215393037,0.11336088037149672,-1774.4
2019-12-29 00:00:00,0.02933996102510239,7.419979923661835,0.10979430724612449,-2720.4
2019-12-29 01:00:00,0.013040387918470842,7.451241684987676,0.10194882499480684,-2974.4
2019-12-29 02:00:00,0.10760674701936068,7.4815557019095165,0.09694746431080681,-3170.3
2019-12-29 03:00:00,0.024346318567422198,7.509335266016592,0.09940812858054748,-3099.8
2019-12-29 04:00:00,-0.199596365480057,7.533693709848633,0.09522813245235895,-3128.1
2019-12-29 05:00:00,-0.2082625201427346,7.554858521040676,0.09637377232174948,-3082.8
2019-12-29 06:00:00,-0.16939326253702847,7.57353126274595,0.10375208640382816,-2914.0
2019-12-29 07:00:00,-0.17440052685380314,7.59337419312129,0.10715447309542547,-2842.4
2019-12-29 08:00:00,-0.1987417735006174,7.613324979540639,0.09802436595581199,-2431.9
2019-12-29 09:00:00,-0.16224953242373275,7.637716432664798,0.08902518118274116,-2189.6
2019-12-29 10:00:00,-0.13709600075195638,7.662937850461535,0.09409140832790541,-1966.8
2019-12-29 11:00:00,-0.13479227457581322,7.68662133494462,0.07678183881099088,-1850.1
2019-12-29 12:00:00,-0.08263398358922469,7.7025561132685825,0.06795456625580876,-1856.0
2019-12-29 13:00:00,-0.11821456925297058,7.71333788887187,0.057209037526515516,-1956.1
2019-12-29 14:00:00,-0.10338634292412197,7.723120092266331,0.06371344411788016,-2009.6
2019-12-29 15:00:00,-0.038007865851169775,7.731930721948486,0.043405744270271995,-1886.1
2019-12-29 16:00:00,-0.032545477514344334,7.744569809354496,0.04918741324375908,-1698.4
2019-12-29 17:00:00,-0.10622550781867313,7.756195343948118,0.043794632441541026,-1753.3
2019-12-29 18:00:00,-0.14442202641115864,7.765569081097317,0.03410181226157505,-1982.5
2019-12-29 19:00:00,-0.13898040010689972,7.771910256435763,0.02905070984651026,-2296.6
2019-12-29 20:00:00,-0.1851052665238826,7.772752716468742,0.02355146237737671,-2672.0
2019-12-29 21:00:00,-0.1989415340909133,7.769378609513984,0.013285782987129124,-3162.0
2019-12-29 22:00:00,-0.3265583469978326,7.765993079407675,0.0029397561613393464,-3657.3
2019-12-29 23:00:00,-0.39788707185641536,7.763871287820222,9.378392048553508e-05,-4067.9
2019-12-30 00:00:00,-0.922892258674014,7.764720544771477,-0.07058971491888144,-4193.7
2019-12-30 01:00:00,-0.7930122201535155,7.7651449029361315,-0.08577854457051437,-4462.0
2019-12-30 02:00:00,-0.922892258674014,7.766840537085513,-0.08997669820291598,-4523.5
2019-12-30 03:00:00,-0.922892258674014,7.768533300926033,-0.09810716869397851,-4464.4
2019-12-30 04:00:00,-0.922892258674014,7.771488760117616,-0.10844832127249582,-4408.8
2019-12-30 05:00:00,-0.7887282871891044,7.774435510302958,-0.1266838108795021,-4306.8
2019-12-30 06:00:00,-0.40033281983751934,7.776954403322442,-0.16316658423087382,-3762.6
2019-12-30 07:00:00,-0.3347354002933107,7.77779262633883,-0.17936078627674945,-3193.4
2019-12-30 08:00:00,-0.32526646471390386,7.771488760117616,-0.16326042202888935,-2619.0
2019-12-30 09:00:00,-0.3243050009513886,7.767687277186908,-0.1511877389258931,-2333.1
2019-12-30 10:00:00,-0.449973279357863,7.764296006450518,-0.14292931159378774,-2183.6
2019-12-30 11:00:00,-0.3692873498978928,7.760893195851024,-0.1460637560988154,-2231.0
2019-12-30 12:00:00,-0.30686986560967666,7.75491027202143,-0.1711169481191117,-2257.1
2019-12-30 13:00:00,-0.325377348605179,7.744569809354496,-0.15134091926256232,-2307.3
2019-12-30 14:00:00,-0.31689387112970824,7.739359202689098,-0.14973013311878702,-2277.9
2019-12-30 15:00:00,-0.27594366188611774,7.735870319952567,-0.15790436436548205,-2050.9
2019-12-30 16:00:00,-0.2764728545659598,7.736307096548285,-0.14471774412680283,-1885.2
2019-12-30 17:00:00,-0.26239784381522746,7.729735331385051,-0.14307964722506838,-1833.5
2019-12-30 18:00:00,-0.24378656639956775,7.720461694599722,-0.14722567289304322,-2031.8
2019-12-30 19:00:00,-0.257986245078754,7.710653323501202,-0.1468229724763468,-2249.0
2019-12-30 20:00:00,-0.25668687506344456,7.700747794511798,-0.15060675707321636,-2611.7
2019-12-30 21:00:00,-0.2640231115957068,7.690286020676768,-0.15285968821427964,-2984.3
2019-12-30 22:00:00,-0.25304195201373414,7.68017564043659,-0.14223998062569265,-3419.6
2019-12-30 23:00:00,-0.32324345648581865,7.671826797878781,-0.12559929637859923,-3770.7
2019-12-31 00:00:00,-0.27612757978861424,7.655864017616056,-0.18014233203239982,-3851.5
