timestamp,price_ds,wind_log,consump_log_ds,net_exchange
2020-01-01 00:00:00,0.31131859872988166,6.408528791059498,0.007080422601705827,93.3
2020-01-01 01:00:00,0.401972574930888,6.320768294250582,0.005404697395976932,177.8
2020-01-01 02:00:00,0.5087430342279173,6.257667587882639,0.0014239229252135388,211.4
2020-01-01 03:00:00,0.5016455986302906,6.2324480165505225,-0.018812847102621433,224.1
2020-01-01 04:00:00,0.4112377361255639,6.214608098422191,-0.030402753163060403,231.1
2020-01-01 05:00:00,0.18865097214085091,6.226536669287466,-0.053082378954669274,-48.8
2020-01-01 06:00:00,0.05877535287870517,6.2766434893416445,-0.11292188166681338,-180.0
2020-01-01 07:00:00,-0.03358526854194466,6.338594078203183,-0.14318400979702783,-280.8
2020-01-01 08:00:00,0.005029676547674278,6.393590753950631,-0.14650266169611026,-334.8
2020-01-01 09:00:00,0.025576559951147715,6.452048954437226,-0.12606136351462816,-252.0
2020-01-01 10:00:00,0.03834695264258059,6.492239835020471,-0.0973997854818327,-274.7
2020-01-01 11:00:00,0.06938964150068383,6.511745329644728,-0.11481838568396796,-267.7
2020-01-01 12:00:00,0.0890620695038109,6.511745329644728,-0.11119066047648207,-297.0
2020-01-01 13:00:00,0.10846486128312982,6.4967749901858625,-0.10074455732301058,-283.1
2020-01-01 14:00:00,0.1255603254712958,6.480044561926653,-0.06448321206700669,-366.0
2020-01-01 15:00:00,0.12484956551434978,6.464588303689961,-0.0850568300037855,-519.1
2020-01-01 16:00:00,0.1639342346902377,6.478509642208569,-0.07212679613587714,-985.4
2020-01-01 17:00:00,0.18370009393951747,6.52649485957079,-0.07777703255005264,-925.1
2020-01-01 18:00:00,0.2092648824728811,6.583409222158765,-0.06128228157349014,-642.8
2020-01-01 19:00:00,0.2074246826219408,6.666956792429207,-0.06892478533268065,-534.3
2020-01-01 20:00:00,0.14571186218007615,6.75110146893676,-0.07433398892151111,-545.5
2020-01-01 21:00:00,0.13793792444503472,6.7912214627261855,-0.0613511322663598,-589.7
2020-01-01 22:00:00,0.11525951703508364,6.80903930604298,-0.05614639665919885,-590.2
2020-01-01 23:00:00,0.16887350639032261,6.821107472256465,-0.04655577267663169,-478.7
2020-01-02 00:00:00,-0.5339580063352884,6.874198495453294,-0.06647333173874248,-537.5
2020-01-02 01:00:00,-0.3922184179947332,6.870053411798126,-0.060723337312182935,-252.4
2020-01-02 02:00:00,0.011835923120386838,6.828712071641684,-0.05902448584708786,-223.5
2020-01-02 03:00:00,0.12600120719478936,6.769641976852503,-0.059974388513555965,-187.3
2020-01-02 04:00:00,0.17639449439709898,6.709304340258298,-0.06994060800785107,-123.0
2020-01-02 05:00:00,0.13315973380326707,6.612041034833092,-0.07819264438265083,-415.4
2020-01-02 06:00:00,0.11918570013363583,6.551080335043404,-0.07460165432782961,-642.1
2020-01-02 07:00:00,0.07092662657970994,6.582025138892826,-0.0825052417594625,-656.2
2020-01-02 08:00:00,0.11122010680798322,6.638567789166521,-0.06773346479539288,-761.4
2020-01-02 09:00:00,0.1292799822965791,6.680854678790215,-0.057152806090259745,-787.1
2020-01-02 10:00:00,0.13485289468393535,6.70808408385307,-0.05746588055431712,-809.2
2020-01-02 11:00:00,0.13875076291448485,6.731018100482083,-0.06874646564774611,-803.6
2020-01-02 12:00:00,0.14008803276653747,6.759255270663693,-0.08340052884756055,-810.0
2020-01-02 13:00:00,0.13280959038372497,6.77078942390898,-0.07948273237351788,-814.7
2020-01-02 14:00:00,0.1586673428941081,6.778784897685177,-0.057831748074791633,-845.6
2020-01-02 15:00:00,0.16466313332312987,6.78105762593618,-0.06404961552929578,-919.2
2020-01-02 16:00:00,0.17602317396824407,6.78897174299217,-0.06454485407931188,-1055.4
2020-01-02 17:00:00,0.1765851445470461,6.78332520060396,-0.0664127517215789,-952.2
2020-01-02 18:00:00,0.16428420121551568,6.778784897685177,-0.06462640126593922,-886.2
2020-01-02 19:00:00,0.17722965498735732,6.79346613258001,-0.06458953106835352,-858.7
2020-01-02 20:00:00,0.12463330232935688,6.785587645007929,-0.07942804109169099,-839.3
2020-01-02 21:00:00,0.12607536621489102,6.763884908562435,-0.05760985767444904,-602.8
2020-01-02 22:00:00,0.14675455247975622,6.740519359606223,-0.06456354152869181,-484.9
2020-01-02 23:00:00,0.09163632562627111,6.723832440821209,-0.0517126609595735,-376.2
2020-01-03 00:00:00,-0.11826926747215216,6.79346613258001,-0.09990376220410635,-371.1
2020-01-03 01:00:00,-0.615336669220274,6.807934943699926,-0.09289905134268217,-248.4
2020-01-03 02:00:00,-1.3797633431233947,6.79794041297493,-0.08707117622348193,-215.9
2020-01-03 03:00:00,-1.3797633431233947,6.790097235513905,-0.0887626909589887,-217.7
2020-01-03 04:00:00,-1.3797633431233947,6.787844982309579,-0.09768243552751787,-214.7
2020-01-03 05:00:00,-0.6867648962260913,6.774223886357614,-0.10311560232555728,-496.6
2020-01-03 06:00:00,0.051892351382428537,6.762729506931879,-0.09408486628052426,-431.1
2020-01-03 07:00:00,0.08978416270801715,6.74993119378857,-0.10362205715141659,-382.1
2020-01-03 08:00:00,0.12921632531416938,6.723832440821209,-0.08703720313448393,-336.0
2020-01-03 09:00:00,0.11673309788354569,6.699500340161678,-0.07434624989875172,-204.8
2020-01-03 10:00:00,0.11758504289664051,6.70073110954781,-0.07157677968390797,-249.2
2020-01-03 11:00:00,0.13417200133813134,6.731018100482083,-0.07379469219982493,-263.0
2020-01-03 12:00:00,0.1352387596140292,6.74993119378857,-0.06859612204601095,-265.5
2020-01-03 13:00:00,0.13175831076157785,6.742880635791903,-0.03967478440896066,-271.8
2020-01-03 14:00:00,0.12909663896815138,6.747586526829315,-0.03327304529781383,-264.2
2020-01-03 15:00:00,0.1800858315303664,6.7580945044277305,-0.03640591670728721,-591.6
2020-01-03 16:00:00,0.18522338922509096,6.771935555839602,-0.03122110180546578,-819.4
2020-01-03 17:00:00,0.19610883076105257,6.771935555839602,-0.03391216364164329,-734.3
2020-01-03 18:00:00,0.21440225552086023,6.77078942390898,-0.03986828439438472,-633.7
2020-01-03 19:00:00,0.26605081285139676,6.778784897685177,-0.029113867462776,-605.8
2020-01-03 20:00:00,0.17693771138123449,6.775366090936392,-0.04369255539380923,-603.5
2020-01-03 21:00:00,0.17529692268064423,6.76849321164863,-0.023412506996974614,-301.6
2020-01-03 22:00:00,0.1392875694592468,6.759255270663693,-0.045086222001714304,-312.7
2020-01-03 23:00:00,0.06255216665326069,6.742880635791903,-0.034847789359397474,-303.7
2020-01-04 00:00:00,0.03609712741343207,6.76849321164863,-0.06995256987762843,-158.7
2020-01-04 01:00:00,-0.16704718372283756,6.709304340258298,-0.07981054950779853,-54.2
2020-01-04 02:00:00,-0.060164097056095045,6.519147287940395,-0.08216719303824682,65.9
2020-01-04 03:00:00,-0.7838201109240845,6.2166061010848646,-0.07938648610062327,267.7
2020-01-04 04:00:00,-1.1775291098791667,6.059123195581797,-0.0829126400089173,370.7
2020-01-04 05:00:00,-1.1906262593237418,6.2166061010848646,-0.08239108844305854,306.6
2020-01-04 06:00:00,-1.1882232704407139,6.439350371100098,-0.07502013696595533,176.6
2020-01-04 07:00:00,0.05456816188991809,6.566672429803241,-0.06768657120982535,-130.9
2020-01-04 08:00:00,-0.06023681442274942,6.655440350367647,-0.05967559671921574,-148.7
2020-01-04 09:00:00,0.16565940273407387,6.729824070489475,-0.058262170906870914,-159.0
2020-01-04 10:00:00,0.1838775999536728,6.799055862058796,-0.052089311790088466,-201.4
2020-01-04 11:00:00,0.19334199282987363,6.843749949006225,-0.06581831387372805,-250.2
2020-01-04 12:00:00,0.18818820786382906,6.8658910748834385,-0.06655264309736086,-310.5
2020-01-04 13:00:00,0.2131219712289325,6.862757913051401,-0.06775038070500905,-317.1
2020-01-04 14:00:00,0.25176525515491344,6.866933284461882,-0.053874651326205836,-293.2
2020-01-04 15:00:00,0.24661240111597849,6.872128101338986,-0.05872358067971373,-255.6
2020-01-04 16:00:00,0.21976771519307192,6.866933284461882,-0.05974668620111423,-292.5
2020-01-04 17:00:00,0.23366510897953763,6.844815479208263,-0.056334645305694764,-658.1
2020-01-04 18:00:00,0.26658353127885226,6.814542897259958,-0.05637235846648547,-1059.1
2020-01-04 19:00:00,0.28361764287754765,6.778784897685177,-0.04473935739301993,-995.6
2020-01-04 20:00:00,0.24463238666009568,6.725033642166843,-0.04689818775257404,-717.8
2020-01-04 21:00:00,0.27119016990768374,6.648984550024776,-0.047363896031378694,-670.4
2020-01-04 22:00:00,0.30096762201534455,6.561030665896573,-0.04137605099238684,-159.8
2020-01-04 23:00:00,0.3083239889989833,6.517671272912275,-0.04873955167252042,-147.1
2020-01-05 00:00:00,0.3144151225945775,6.4692503167957724,-0.0536245099553998,-20.5
2020-01-05 01:00:00,0.40661937810964055,6.473890696352274,-0.04815361416098085,-4.9
2020-01-05 02:00:00,0.5204931803674211,6.481577129276431,-0.053253314480970815,-9.0
2020-01-05 03:00:00,0.5716321443584573,6.493753839851686,-0.033902421846553565,-45.5
2020-01-05 04:00:00,0.5974358008953744,6.489204931325317,-0.03391512310341316,-94.7
2020-01-05 05:00:00,0.5903020731151871,6.4425401664681985,-0.03480044230916146,-241.0
2020-01-05 06:00:00,0.6303190002968964,6.373319789577012,-0.026181781192739173,-578.6
2020-01-05 07:00:00,0.6017502619143347,6.261491684321042,-0.02821552864814425,-1332.2
2020-01-05 08:00:00,0.5874866295612229,6.124683390894205,-0.031337791902475765,-1417.3
2020-01-05 09:00:00,0.5216804821674943,6.021023349349527,-0.03692224881325945,-1430.0
2020-01-05 10:00:00,0.4879407473531483,5.950642552587727,-0.03005714003932436,-1629.5
2020-01-05 11:00:00,0.46098826146118377,5.924255797414532,-0.028368238575030347,-1578.3
2020-01-05 12:00:00,0.47347159362645863,5.921578419643816,-0.03476672615892351,-1383.8
2020-01-05 13:00:00,0.46803682415910375,5.996452088619021,-0.04819483016716486,-1255.0
2020-01-05 14:00:00,0.4720400239027063,6.1224928095143865,-0.0295148378162855,-1267.8
2020-01-05 15:00:00,0.45596035660951006,6.2324480165505225,-0.037786891350720886,-1317.1
2020-01-05 16:00:00,0.40095557662995107,6.338594078203183,-0.04669335869835578,-1477.9
2020-01-05 17:00:00,0.35052401865463567,6.423246963533519,-0.05088772166773392,-1709.8
2020-01-05 18:00:00,0.32463679523972777,6.4692503167957724,-0.05738788094407976,-1530.7
2020-01-05 19:00:00,0.3281880526225156,6.478509642208569,-0.041093927237435324,-1441.1
2020-01-05 20:00:00,0.2759039548517763,6.4457198193855785,-0.0571610865231138,-1347.3
2020-01-05 21:00:00,0.2672926493551602,6.386879319362645,-0.05893375629809672,-1168.8
2020-01-05 22:00:00,0.2581612234740156,6.3578422665081,-0.04754055182794659,-430.0
2020-01-05 23:00:00,0.27374108059007973,6.403574197934815,-0.03335373308666867,-185.1
2020-01-06 00:00:00,0.45464899268958625,6.654152520183219,-0.025046746587836566,-106.5
2020-01-06 01:00:00,0.519325236757104,6.692083742506628,-0.022664976085165378,-96.6
2020-01-06 02:00:00,0.607261433172297,6.70073110954781,-0.01675247413926151,-132.3
2020-01-06 03:00:00,0.6991403494575565,6.693323668269949,-0.012160155583104348,-159.9
2020-01-06 04:00:00,0.5305070449084099,6.695798917058491,-0.034641432536443695,-162.9
2020-01-06 05:00:00,0.3241034272924397,6.690842277418564,-0.07901689426351322,-587.0
2020-01-06 06:00:00,0.2490669851927656,6.688354713946762,-0.11489714180239474,-676.2
2020-01-06 07:00:00,0.21357643625059453,6.693323668269949,-0.12480939619206577,-957.5
2020-01-06 08:00:00,0.2479818633333779,6.693323668269949,-0.14731481000939883,-1301.0
2020-01-06 09:00:00,0.2663817923369378,6.693323668269949,-0.13822982035116205,-1773.4
2020-01-06 10:00:00,0.2865493342021219,6.683360945766275,-0.12780626098546843,-1931.3
2020-01-06 11:00:00,0.2742052435203899,6.658011045870748,-0.11838595260951212,-1953.2
2020-01-06 12:00:00,0.2750741075320544,6.637258031284457,-0.12819045047430677,-1956.8
2020-01-06 13:00:00,0.2507243736611948,6.617402977974478,-0.13334712088376222,-1926.2
2020-01-06 14:00:00,0.2325828223852664,6.580639137284949,-0.11419017549648114,-1915.9
2020-01-06 15:00:00,0.2377976927067147,6.539585955617669,-0.12640004776185076,-1898.1
2020-01-06 16:00:00,0.24080570143964586,6.481577129276431,-0.11957979797669083,-1951.3
2020-01-06 17:00:00,0.20959937737052448,6.313548046277095,-0.11489466092263445,-1820.7
2020-01-06 18:00:00,0.2155935964844451,6.068425588244111,-0.10779958389466326,-1529.1
2020-01-06 19:00:00,0.19927015717286922,5.877735781779639,-0.09543307949768298,-1308.7
2020-01-06 20:00:00,0.1903285763396445,5.869296913133774,-0.0830671448714222,-1205.5
2020-01-06 21:00:00,0.2184481186146936,6.0014148779611505,-0.07333330069146715,-768.2
2020-01-06 22:00:00,0.24800172168187418,6.068425588244111,-0.05934611830430647,-30.2
2020-01-06 23:00:00,0.29499170166073263,6.07073772800249,-0.06254040789335757,-41.2
2020-01-07 00:00:00,0.18927439892233666,5.6240175061873385,-0.0442281946951093,167.6
2020-01-07 01:00:00,0.2551735944776259,5.594711379601839,-0.04580072958385806,293.0
2020-01-07 02:00:00,0.3562008038489397,5.60947179518496,-0.04528890872464064,289.8
2020-01-07 03:00:00,0.37825414457064843,5.655991810819852,-0.04919606743991789,265.9
2020-01-07 04:00:00,0.3071756092046263,5.723585101952381,-0.05006413478916816,224.1
2020-01-07 05:00:00,0.17823834959517404,5.808142489980444,-0.0591756445954319,-409.0
2020-01-07 06:00:00,0.12849685666448485,5.8971538676367405,-0.06567205658212583,-1667.5
2020-01-07 07:00:00,0.015504387579235779,5.991464547107982,-0.06536855121903518,-1759.5
2020-01-07 08:00:00,-0.02182036196344672,6.0844994130751715,-0.06970562654827361,-1776.2
2020-01-07 09:00:00,-0.0034506564144747287,6.198478716492308,-0.0718034328975774,-1828.4
2020-01-07 10:00:00,0.008764991952866286,6.322565239927284,-0.0750878930344161,-1978.9
2020-01-07 11:00:00,0.02678176877385985,6.439350371100098,-0.07426623624502149,-2113.4
2020-01-07 12:00:00,0.03693084772118471,6.523562306149512,-0.07691587193947935,-2202.6
2020-01-07 13:00:00,0.046889477401595325,6.584791392385716,-0.07469190343361998,-2272.9
2020-01-07 14:00:00,0.028467888705063338,6.6039438246004725,-0.06731311967294218,-2282.0
2020-01-07 15:00:00,0.028844307788537193,6.594413459749778,-0.06584503512883,-2209.3
2020-01-07 16:00:00,0.02940383235257782,6.573680166960646,-0.0679965243866425,-2142.7
2020-01-07 17:00:00,-0.006995003949566758,6.517671272912275,-0.06889246279647132,-1981.2
2020-01-07 18:00:00,0.03554613231614212,6.450470422144176,-0.06438920077591703,-2002.2
2020-01-07 19:00:00,-0.02100768643456341,6.431331081933479,-0.05788297858367297,-1676.0
2020-01-07 20:00:00,0.03638008374515733,6.459904454377535,-0.06572164764657895,-1020.8
2020-01-07 21:00:00,0.05205276379487067,6.4967749901858625,-0.06245625764576879,-534.8
2020-01-07 22:00:00,0.03509627501246593,6.559615237493242,-0.0590392809753828,-441.1
2020-01-07 23:00:00,0.024634744377522555,6.637258031284457,-0.0596918908128119,-374.7
2020-01-08 00:00:00,-0.1704734273656734,6.77078942390898,-0.05176238207123873,-338.9
2020-01-08 01:00:00,-1.1964909538276889,6.77078942390898,-0.06028788257664619,-147.5
2020-01-08 02:00:00,-1.3797633431233947,6.704414354964107,-0.06189699889726885,-83.4
2020-01-08 03:00:00,-1.3797633431233947,6.651571873589727,-0.058868083259197235,-56.5
2020-01-08 04:00:00,-1.3797633431233947,6.652863029353347,-0.05747296235667054,-56.5
2020-01-08 05:00:00,-0.13429169958388476,6.651571873589727,-0.05960570238401797,-520.8
2020-01-08 06:00:00,-0.0437602481081365,6.650279048587422,-0.05875947525193137,-669.8
2020-01-08 07:00:00,-0.057478659235364216,6.655440350367647,-0.05454382244884837,-1286.7
2020-01-08 08:00:00,-0.02815796549874383,6.673297967767654,-0.054108677672290995,-1609.2
2020-01-08 09:00:00,-0.029146016232463712,6.70196036600254,-0.0551640446985564,-1544.8
2020-01-08 10:00:00,-0.03801731878518577,6.71901315438526,-0.06096806246135955,-1574.8
2020-01-08 11:00:00,-0.028141872569812598,6.721425700790643,-0.06060179480233341,-1584.6
2020-01-08 12:00:00,-0.030847773232992814,6.714170529909472,-0.06164879943189838,-1609.5
2020-01-08 13:00:00,-0.028599190734015068,6.705639094860003,-0.058950256964266146,-1664.1
2020-01-08 14:00:00,-0.02437481644417394,6.703188113240863,-0.051859839505455696,-1854.9
2020-01-08 15:00:00,-0.037406368060537876,6.704414354964107,-0.047998744616498,-1973.9
2020-01-08 16:00:00,-0.014670433216874113,6.742880635791903,-0.0472784487209692,-1981.3
2020-01-08 17:00:00,0.00048281312131459586,6.806829360392176,-0.048822719225873,-1897.0
2020-01-08 18:00:00,0.03671202646052851,6.852242569051878,-0.0464237380497039,-1977.9
2020-01-08 19:00:00,0.05682784262073115,6.877296071497429,-0.034642880758126715,-1992.3
2020-01-08 20:00:00,0.041703784883284634,6.893656354602635,-0.04854109967186915,-1803.7
2020-01-08 21:00:00,0.035546285579400205,6.904750769961838,-0.04534970895551993,-1298.4
2020-01-08 22:00:00,0.036220646889204566,6.90875477931522,-0.04713759134625661,-685.6
2020-01-08 23:00:00,0.05603316627209898,6.910750787961936,-0.049500136545511,-550.8
2020-01-09 00:00:00,-0.016924321051694502,6.923628628138427,-0.07758455716381274,-670.4
2020-01-09 01:00:00,0.013022499999276071,6.937314081223682,-0.08971087418543533,-554.2
2020-01-09 02:00:00,0.054635777780578376,6.930494765951626,-0.09566550344776825,-546.4
2020-01-09 03:00:00,0.12424989326205438,6.927557906278317,-0.10129482063399298,-546.2
2020-01-09 04:00:00,0.13881668756082677,6.925595197110468,-0.09579615725803592,-585.3
2020-01-09 05:00:00,0.1320881137685852,6.923628628138427,-0.0862391786338641,-904.9
2020-01-09 06:00:00,0.07727480451799895,6.925595197110468,-0.07712160526234335,-1124.4
2020-01-09 07:00:00,-0.006685140670176892,6.920671504248683,-0.07103910467181862,-1329.9
2020-01-09 08:00:00,0.009460372238137449,6.90975328164481,-0.07258000093792205,-1421.2
2020-01-09 09:00:00,0.015433649622122125,6.900730664045173,-0.07649265142029371,-1493.1
2020-01-09 10:00:00,0.025799417825646653,6.897704943128636,-0.07693121534242042,-1544.4
2020-01-09 11:00:00,0.030582242603589993,6.894670039433482,-0.07118450017517652,-1580.9
2020-01-09 12:00:00,0.03920680791275721,6.881411303642535,-0.06797188337449445,-1660.0
2020-01-09 13:00:00,0.0340211462030755,6.870053411798126,-0.07385796864875172,-1675.5
2020-01-09 14:00:00,0.05823756398734359,6.86484777797086,-0.0506973539609179,-1791.0
2020-01-09 15:00:00,0.04492865355323428,6.837332814685591,-0.049211389363032154,-1839.6
2020-01-09 16:00:00,0.05172992172586044,6.812345094177479,-0.05516245530739816,-1875.1
2020-01-09 17:00:00,0.058305347383284634,6.807934943699926,-0.056993529805087206,-1866.0
2020-01-09 18:00:00,0.06613421860086044,6.81783057145415,-0.05347090709415436,-1903.0
2020-01-09 19:00:00,0.11434514520348493,6.835184586147301,-0.04757818524181712,-1945.2
2020-01-09 20:00:00,0.09752218744503205,6.835184586147301,-0.052892487465724614,-1943.2
2020-01-09 21:00:00,0.11015631708964202,6.826545223556594,-0.0443316542883716,-1887.1
2020-01-09 22:00:00,0.11954433232681971,6.824373670043086,-0.04046598994963091,-1256.1
2020-01-09 23:00:00,0.1660996006794493,6.815639990074331,-0.04376559926704182,-807.6
2020-01-10 00:00:00,0.17844302708004456,6.844815479208263,-0.04856343223412907,-1115.7
2020-01-10 01:00:00,0.24443788381372977,6.79794041297493,-0.04236004701540885,-916.5
2020-01-10 02:00:00,0.3437964198762673,6.748759547491679,-0.035730846253504644,-841.8
2020-01-10 03:00:00,0.37841141627907504,6.709304340258298,-0.034054428220965605,-825.0
2020-01-10 04:00:00,0.3203890962604561,6.683360945766275,-0.024369902896049567,-1565.2
2020-01-10 05:00:00,0.2136195528448357,6.659293919683638,-0.015575983237842372,-2500.3
2020-01-10 06:00:00,0.12469185099094293,6.618738983517219,-0.019795312550780153,-2754.8
2020-01-10 07:00:00,0.07525262931107957,6.577861357721047,-0.019311419312471934,-2611.3
2020-01-10 08:00:00,0.0705990644929666,6.561030665896573,-0.018855690718411644,-2663.5
2020-01-10 09:00:00,0.043892842235396134,6.565264970035361,-0.02129168694286232,-2676.5
2020-01-10 10:00:00,0.058339068970534314,6.561030665896573,-0.026150018776904815,-2673.9
2020-01-10 11:00:00,0.054757100047896134,6.555356891810665,-0.025961191262256378,-2684.7
2020-01-10 12:00:00,0.07169807657688043,6.553933404025811,-0.021023799403258714,-2688.1
2020-01-10 13:00:00,0.06354616254789613,6.573680166960646,-0.014318066675828689,-2704.9
2020-01-10 14:00:00,0.043091566263281145,6.591673732008658,-0.024063463704357524,-2727.1
2020-01-10 15:00:00,0.0648312422273416,6.602587892189336,-0.03946636286039329,-2730.5
2020-01-10 16:00:00,0.05620627337982187,6.635946555686647,-0.03582233691718262,-2715.7
2020-01-10 17:00:00,0.06423771089232311,6.677083461247136,-0.04083260648621767,-2683.9
2020-01-10 18:00:00,0.1146384389675581,6.710523109452428,-0.039088557259363554,-2341.5
2020-01-10 19:00:00,0.17765347512504137,6.729824070489475,-0.020359334828529363,-2336.3
2020-01-10 20:00:00,0.12679756388156793,6.742880635791903,-0.02253635542649768,-2317.9
2020-01-10 21:00:00,0.1620007156020673,6.755768921984255,-0.04157981095242391,-2488.6
2020-01-10 22:00:00,0.1651882978914041,6.752270376141742,-0.02648889818612421,-2333.3
2020-01-10 23:00:00,0.21224742337177105,6.734591659972948,-0.017635660478276804,-1908.7
2020-01-11 00:00:00,0.22217528925599872,6.670766320845874,-0.013199753285179305,-1789.6
2020-01-11 01:00:00,0.2835494437440724,6.628041376179533,-0.011987953169037446,-1419.3
2020-01-11 02:00:00,0.3674976482938952,6.573680166960646,-0.015475818539574249,-1242.8
2020-01-11 03:00:00,0.4219825200789278,6.51471269087253,-0.011014539812137514,-1077.2
2020-01-11 04:00:00,0.40645288256158496,6.456769655572163,-0.014471898838744224,-888.7
2020-01-11 05:00:00,0.3547582828988918,6.42648845745769,-0.02664910543482346,-813.6
2020-01-11 06:00:00,0.35283947390491344,6.429719478039138,-0.02184857182362432,-774.9
2020-01-11 07:00:00,0.32051156786431934,6.455198563340122,-0.016480846330628296,-829.1
2020-01-11 08:00:00,0.29419953629125706,6.490723534502507,-0.01888758748333519,-998.7
2020-01-11 09:00:00,0.22846030397310413,6.535241271013659,-0.021357613971419553,-1122.2
2020-01-11 10:00:00,0.21741676713544456,6.5638555265321274,-0.019433348816035867,-1138.4
2020-01-11 11:00:00,0.20923000485026133,6.568077911411976,-0.03281201740555861,-955.7
2020-01-11 12:00:00,0.1975148936399136,6.565264970035361,-0.03761304601174498,-727.8
2020-01-11 13:00:00,0.21536748115451543,6.566672429803241,-0.04474197049523365,-598.2
2020-01-11 14:00:00,0.23758591311459787,6.54534966033442,-0.034234085451658736,-570.9
2020-01-11 15:00:00,0.20440897548100212,6.52795791762255,-0.04255507971058847,-692.5
2020-01-11 16:00:00,0.15554987573587198,6.542471960506805,-0.05168862487135151,-963.6
2020-01-11 17:00:00,0.12218970202498669,6.569481420414296,-0.04912018515636252,-1050.9
2020-01-11 18:00:00,0.12407196284674527,6.602587892189336,-0.0555563649491555,-913.7
2020-01-11 19:00:00,0.1223815871926619,6.635946555686647,-0.04473935739301993,-643.5
2020-01-11 20:00:00,0.11424907751693825,6.679599185844383,-0.057818077866595985,-538.5
2020-01-11 21:00:00,0.11394617261128692,6.71295620067707,-0.060124596621593085,-554.0
2020-01-11 22:00:00,0.06841893644347463,6.740519359606223,-0.070111158229059,-358.5
2020-01-11 23:00:00,0.04067497419089028,6.756932389247553,-0.07292344412540341,-364.1
2020-01-12 00:00:00,0.05257907365129677,6.86171134048073,-0.06088406996820428,-388.7
2020-01-12 01:00:00,0.09356324629502621,6.876264611890766,-0.05994513400338697,-188.1
2020-01-12 02:00:00,0.15910300247834241,6.8501261661455,-0.06867312113867463,-183.2
2020-01-12 03:00:00,0.1985585320415284,6.824373670043086,-0.05461455352557376,-172.7
2020-01-12 04:00:00,0.19364713911446252,6.825460036255307,-0.05708906566854921,-155.5
2020-01-12 05:00:00,0.1851638158025457,6.841615476477592,-0.05072998268418338,-147.0
2020-01-12 06:00:00,0.14758957926391147,6.848005274576363,-0.03834526738593613,-129.3
2020-01-12 07:00:00,0.13853313603100537,6.833031732786201,-0.03510616745426809,-260.8
2020-01-12 08:00:00,0.26842295636827407,6.80903930604298,-0.03639682461487048,-305.4
2020-01-12 09:00:00,0.2729231012416742,6.786716950605081,-0.04109762022374053,-322.5
2020-01-12 10:00:00,0.23812489570515716,6.752270376141742,-0.040796607158084974,-552.2
2020-01-12 11:00:00,0.23589026315934936,6.726233402358747,-0.039881523647410155,-626.8
2020-01-12 12:00:00,0.24355454710480817,6.717804695023691,-0.03969689226678241,-561.8
2020-01-12 13:00:00,0.245428789057057,6.714170529909472,-0.042464155458180386,-545.6
2020-01-12 14:00:00,0.2774872277966729,6.71901315438526,-0.028701499015856946,-595.6
2020-01-12 15:00:00,0.27000478392877403,6.721425700790643,-0.04664719901312164,-765.6
2020-01-12 16:00:00,0.21912022380813712,6.717804695023691,-0.04669335869835578,-1040.8
2020-01-12 17:00:00,0.18660734124929146,6.727431724850855,-0.03102214982567819,-1567.1
2020-01-12 18:00:00,0.1797307065215965,6.7464121285733745,-0.028306671643238523,-1691.2
2020-01-12 19:00:00,0.18609129713907002,6.7580945044277305,-0.009422583399783413,-1363.6
2020-01-12 20:00:00,0.1315125213785997,6.752270376141742,-0.024127529693959815,-1111.2
2020-01-12 21:00:00,0.1397380112239346,6.738152494595957,-0.023724754815610538,-1088.1
2020-01-12 22:00:00,0.1642547403006951,6.726233402358747,-0.01766210220521014,-1082.6
2020-01-12 23:00:00,0.18512903738168518,6.71174039505618,-0.008189715486389026,-863.1
2020-01-13 00:00:00,0.21251505347889843,6.639875833826536,-0.020890903715997666,-321.8
2020-01-13 01:00:00,0.33006908431209103,6.620073206530356,-0.0010108739722740623,-268.2
2020-01-13 02:00:00,0.4020543463933617,6.625392368007956,0.0013798016662187607,-268.2
2020-01-13 03:00:00,0.5038011889003884,6.638567789166521,0.001483222783707383,-292.2
2020-01-13 04:00:00,0.36464802925021855,6.650279048587422,-0.002878980943364695,-374.4
2020-01-13 05:00:00,0.17392477173706178,6.660575149839686,0.0020351376042260227,-1969.4
2020-01-13 06:00:00,0.06978549830888703,6.672032945461067,-0.021960242337486946,-1773.6
2020-01-13 07:00:00,-0.0018605082206279988,6.677083461247136,-0.029193182540591778,-1647.5
2020-01-13 08:00:00,0.01460336968830278,6.694562058521095,-0.02532732501574042,-1814.8
2020-01-13 09:00:00,0.010401318517819558,6.721425700790643,-0.017191220817841746,-1955.1
2020-01-13 10:00:00,0.013234713013934307,6.739336627357174,-0.01791918292589667,-1902.2
2020-01-13 11:00:00,-0.007200189514386501,6.741700694652055,-0.014004463797241407,-1815.7
2020-01-13 12:00:00,-0.006583103435471749,6.745236349484363,-0.024208422200451274,-1788.4
2020-01-13 13:00:00,-0.027953597169113387,6.7580945044277305,-0.04685546292743581,-1789.9
2020-01-13 14:00:00,-0.0482158145143865,6.760414691083428,-0.03341231069144346,-1803.6
2020-01-13 15:00:00,-0.045728631897199,6.7661917146603505,-0.03471445525231953,-1781.4
2020-01-13 16:00:00,-0.05581504888814859,6.773080375655535,-0.0361232438748722,-1797.6
2020-01-13 17:00:00,-0.08240737682981569,6.776506992372183,-0.0369946745258245,-1886.5
2020-01-13 18:00:00,-0.062393781142817684,6.776506992372183,-0.02375344794308898,-1939.6
2020-01-13 19:00:00,-0.06703707282284554,6.773080375655535,-0.025685851741469534,-1992.1
2020-01-13 20:00:00,-0.06459566657284554,6.761572768804055,-0.02856619324356302,-1950.7
2020-01-13 21:00:00,-0.018818726068922764,6.752270376141742,-0.0274084987288008,-2125.1
2020-01-13 22:00:00,0.013318763473761486,6.747586526829315,-0.03153743837412826,-1687.8
2020-01-13 23:00:00,0.027530271521476024,6.739336627357174,-0.0248330044957763,-615.3
2020-01-14 00:00:00,0.0014011276608743017,6.776506992372183,-0.008888828249800085,-455.8
2020-01-14 01:00:00,-0.16779283537639555,6.736966958001855,-0.014589992973716548,-120.2
2020-01-14 02:00:00,-0.36016233322415125,6.650279048587422,-0.013143283751223755,-40.7
2020-01-14 03:00:00,-0.30519095018284625,6.541029999189903,-0.013509854300521873,41.0
2020-01-14 04:00:00,-0.049696943666672766,6.440946540632921,-0.007281530069525921,118.8
2020-01-14 05:00:00,-0.14748634830245777,6.338594078203183,-0.0015325702506734373,-318.7
2020-01-14 06:00:00,-0.055592823853554574,6.230481447578482,0.004264028002189946,-901.7
2020-01-14 07:00:00,-0.12986577367819052,6.126869184114185,0.007405043107822529,-1519.5
2020-01-14 08:00:00,-0.15535175458796946,6.09807428216624,0.008154695223998587,-1650.5
2020-01-14 09:00:00,-0.14038163982985896,6.100318952020064,0.00102717741492242,-1609.0
2020-01-14 10:00:00,-0.13392289454446038,6.206575926724928,-0.004675264851818461,-1616.5
2020-01-14 11:00:00,-0.12118408081357135,6.359573868672378,-0.010085798851717342,-1658.1
2020-01-14 12:00:00,-0.12030811219152815,6.467698726104354,-0.019893299979790946,-1633.4
2020-01-14 13:00:00,-0.11361572143857135,6.513230110912307,-0.02075337401089339,-1744.2
2020-01-14 14:00:00,-0.12526712032747422,6.530877627725885,-0.019948307748985705,-1879.2
2020-01-14 15:00:00,-0.11214828746120986,6.535241271013659,-0.02467417204919453,-1892.6
2020-01-14 16:00:00,-0.1046695167480407,6.511745329644728,-0.03369854059476829,-1948.0
2020-01-14 17:00:00,-0.13487168018761286,6.437751649736401,-0.03988219632587331,-1930.5
2020-01-14 18:00:00,-0.0910342054643376,6.371611847231857,-0.03655440178247371,-1988.3
2020-01-14 19:00:00,-0.14216178235053079,6.329720905522696,-0.027333979212008863,-1892.5
2020-01-14 20:00:00,-0.0864370042174083,6.302618975744905,-0.0321532072331383,-1343.6
2020-01-14 21:00:00,-0.09873882654535349,6.298949246855942,-0.021230304323817784,-517.4
2020-01-14 22:00:00,-0.1410358952158055,6.349138991379798,-0.011532468599734003,-187.1
2020-01-14 23:00:00,-0.5825292047659483,6.4425401664681985,-0.004728210495499319,-213.5
2020-01-15 00:00:00,-0.3164411493777566,6.448889394146858,0.006558029524940778,-16.4
2020-01-15 01:00:00,-0.31420471253506577,6.516193076042964,0.0006082791442461044,76.6
2020-01-15 02:00:00,-0.5121452934878521,6.54534966033442,-0.0007268530915256477,88.6
2020-01-15 03:00:00,-0.410408797030811,6.541029999189903,-0.004995093319045907,93.2
2020-01-15 04:00:00,-0.10121620367050355,6.4967749901858625,-0.003833731677135077,97.6
2020-01-15 05:00:00,-0.19811873011869174,6.436150368369428,-0.0025446737513332707,-366.6
2020-01-15 06:00:00,-0.08831187918551997,6.364750756851911,0.0007915043746002937,-763.8
2020-01-15 07:00:00,-0.12552722012308148,6.230481447578482,0.003194521369658254,-1139.4
2020-01-15 08:00:00,-0.0942566209407425,6.09807428216624,0.004024697468019589,-1468.5
2020-01-15 09:00:00,-0.0906984320157469,5.929589143389895,0.0031955704870263446,-1404.2
2020-01-15 10:00:00,-0.10617281367467601,5.638354669333745,-0.0012488277597375586,-1143.3
2020-01-15 11:00:00,-0.11037012203468022,5.187385805840755,-0.0017843737440790264,-754.9
2020-01-15 12:00:00,-0.11114886771301391,4.718498871295094,-0.007750554167431645,-721.1
2020-01-15 13:00:00,-0.1093862229674083,4.3694478524670215,-0.005178052027391189,-765.1
2020-01-15 14:00:00,-0.10993344609539024,4.219507705176107,0.0015791226501047362,-860.7
2020-01-15 15:00:00,-0.11320552952314422,4.219507705176107,-0.0038851283309675466,-1280.9
2020-01-15 16:00:00,-0.08836212895704998,4.343805421853684,-0.007729568378477936,-1294.4
2020-01-15 17:00:00,-0.06897240735001331,4.61512051684126,-0.0129273038447284,-1251.4
2020-01-15 18:00:00,-0.03271870535597543,4.770684624465665,-0.00926776116161232,-1247.2
2020-01-15 19:00:00,-0.011484525267315693,4.882801922586371,0.006948048825004882,-1324.5
2020-01-15 20:00:00,-0.036992507060100266,5.099866427824199,-0.0053689278066606505,-807.8
2020-01-15 21:00:00,-0.04429389630757141,5.327876168789581,0.0015086207508261396,-623.8
2020-01-15 22:00:00,-0.04946092110501432,5.356586274672012,0.01030641438482327,-145.2
2020-01-15 23:00:00,-0.013151809720294061,5.262690188904886,0.018191652494015997,242.2
2020-01-16 00:00:00,-0.010039612274197474,4.394449154672439,0.035012282862529887,466.4
2020-01-16 01:00:00,0.04653533637411611,4.07753744390572,0.0341678188111727,592.0
2020-01-16 02:00:00,0.12871086331093107,3.8501476017100584,0.034270918258894945,571.0
2020-01-16 03:00:00,0.1713274779105558,3.6109179126442243,0.029716621056016024,526.4
2020-01-16 04:00:00,0.12516185692394988,3.4011973816621555,0.028926675270010804,493.8
2020-01-16 05:00:00,0.03770673766051047,3.367295829986474,0.022526663372330447,-68.8
2020-01-16 06:00:00,0.0016146501478147002,3.4011973816621555,0.013667320815389239,-448.4
2020-01-16 07:00:00,-0.04843415488870306,3.4011973816621555,0.0125053574554439,-854.8
2020-01-16 08:00:00,-0.026037741029367734,3.1780538303479458,0.006777327101943342,-1178.5
2020-01-16 09:00:00,-0.028295087780040085,2.8903717578961645,0.0032370574087838833,-1144.1
2020-01-16 10:00:00,-0.02367808610172606,2.8903717578961645,0.0017876150692002213,-1087.6
2020-01-16 11:00:00,-0.024696413192223154,3.4011973816621555,0.0032721267557427325,-1010.3
2020-01-16 12:00:00,-0.026822581931819744,3.912023005428146,-0.00021533854272259845,-925.5
2020-01-16 13:00:00,-0.03335531212496745,4.477336814478207,-0.010221296362325383,-953.3
2020-01-16 14:00:00,-0.011695924910973154,4.983606621708336,0.0008723635136700381,-1074.4
2020-01-16 15:00:00,-0.023178216694422993,5.438079308923196,-0.005231595246497633,-1267.8
2020-01-16 16:00:00,-0.015447577479298591,5.823045895483019,-0.012505569355040436,-1410.9
2020-01-16 17:00:00,-0.015194199382976059,6.068425588244111,-0.01567166024318123,-1326.5
2020-01-16 18:00:00,-0.015485301658382244,6.304448802421981,-0.013092751150757032,-1289.7
2020-01-16 19:00:00,0.028332270543444782,6.480044561926653,-0.010522309798077778,-1357.0
2020-01-16 20:00:00,0.002830160756307265,6.56244409369372,-0.017519024493144464,-1286.3
2020-01-16 21:00:00,0.0005761452876327233,6.598509028614515,-0.01428473293607535,-1152.4
2020-01-16 22:00:00,0.014338987745416087,6.62273632394984,-0.007018055882090479,-895.6
2020-01-16 23:00:00,0.04221450390906334,6.625392368007956,0.0009538036732035238,-491.0
2020-01-17 00:00:00,0.058229856570369165,6.539585955617669,-0.0014342918925782655,-484.6
2020-01-17 01:00:00,0.11589839615945818,6.519147287940395,-0.011479781234782216,-421.9
2020-01-17 02:00:00,0.20292678619762583,6.507277712385012,-0.010144977685918377,-341.3
2020-01-17 03:00:00,0.24296515698069054,6.504288173536645,-0.007783215067065363,-362.5
2020-01-17 04:00:00,0.2092055672998412,6.511745329644728,0.002842660628835425,-439.4
2020-01-17 05:00:00,0.08984965288875468,6.508769136971682,0.0017012873335593426,-1216.0
2020-01-17 06:00:00,0.04308172170027369,6.4967749901858625,0.0027649597093937217,-1586.0
2020-01-17 07:00:00,0.01870305627807234,6.405228458030842,-0.005674844362926201,-1849.8
2020-01-17 08:00:00,0.013607748990778212,6.212606095751519,0.0006498039058451255,-1936.1
2020-01-17 09:00:00,-0.009662114222180218,5.976350909297934,0.005696457774784669,-1951.5
2020-01-17 10:00:00,0.009247226937532549,5.723585101952381,0.01656910308325177,-1935.9
2020-01-17 11:00:00,0.005683107025356016,5.429345628954441,0.021880517723538162,-1821.2
2020-01-17 12:00:00,0.02189676307034505,5.176149732573829,0.027294777867549413,-1707.8
2020-01-17 13:00:00,0.014472169525356016,4.990432586778736,0.03019966983532285,-1673.2
2020-01-17 14:00:00,-0.004900194670126368,4.912654885736052,0.021483789207913162,-1692.1
2020-01-17 15:00:00,0.021653848089138616,4.859812404361672,0.008411142671261196,-1758.0
2020-01-17 16:00:00,0.03201300095747461,4.844187086458591,0.013663021294261668,-1959.4
2020-01-17 17:00:00,0.04723603531469456,4.812184355372417,0.004423985101903227,-1959.3
2020-01-17 18:00:00,0.07610982112506148,4.727387818712341,0.01181494955747553,-1942.3
2020-01-17 19:00:00,0.12941202723881462,4.634728988229636,0.030616952106691464,-1662.0
2020-01-17 20:00:00,0.06612861484156163,4.553876891600541,0.026177124566676646,-1428.3
2020-01-17 21:00:00,0.0908417601006728,4.499809670330265,0.016689097171552092,-1384.6
2020-01-17 22:00:00,0.09380824493711604,4.454347296253507,0.04306216477499092,-1255.2
2020-01-17 23:00:00,0.14408176731819644,4.382026634673881,0.030666817751228592,-968.9
2020-01-18 00:00:00,0.053834078888217896,4.919980925828125,0.02734634110917078,241.0
2020-01-18 01:00:00,0.16918275592186394,4.912654885736052,0.03766465176105349,362.9
2020-01-18 02:00:00,0.22835235174780566,5.003946305945459,0.0296959001071464,347.0
2020-01-18 03:00:00,0.3057978407395363,5.099866427824199,0.022336135521348055,354.0
2020-01-18 04:00:00,0.2959636245096724,5.153291594497779,0.016820294949856596,347.2
2020-01-18 05:00:00,0.24511827753974202,5.204006687076795,0.018775019679432958,312.2
2020-01-18 06:00:00,0.23750804342677023,5.25227342804663,0.018905508675755023,74.9
2020-01-18 07:00:00,0.21699097912850007,5.308267697401205,0.029055475834604216,-250.2
2020-01-18 08:00:00,0.19896231989581503,5.389071729816501,0.03509377108135325,-367.0
2020-01-18 09:00:00,0.1422391285259752,5.501258210544727,0.04182128765011228,-663.9
2020-01-18 10:00:00,0.14216502907794748,5.575949103146316,0.04811269338549096,-873.2
2020-01-18 11:00:00,0.14175462403938033,5.60947179518496,0.051218731445933585,-830.2
2020-01-18 12:00:00,0.1374471163854314,5.652489180268651,0.0467460801116939,-745.1
2020-01-18 13:00:00,0.1560737490123283,5.746203190540153,0.030351937652519645,-649.5
2020-01-18 14:00:00,0.18552094504734518,5.793013608384144,0.039931768796253486,-689.2
2020-01-18 15:00:00,0.15372180689288406,5.8289456176102075,0.03828923121228467,-897.0
2020-01-18 16:00:00,0.09979155474614743,5.855071922202427,0.03217440909505154,-1056.8
2020-01-18 17:00:00,0.07318045580845212,5.8888779583328805,0.02920071665581414,-1259.7
2020-01-18 18:00:00,0.07541065635418764,5.932245187448011,0.023607552886894645,-1126.1
2020-01-18 19:00:00,0.08551105138433401,5.937536205082426,0.03854299103674297,-888.5
2020-01-18 20:00:00,0.0860008281180007,5.926926025970411,0.029474791032000347,-583.0
2020-01-18 21:00:00,0.11314263701160376,5.929589143389895,0.020444842694355536,-402.7
2020-01-18 22:00:00,0.14354812207312584,5.940171252720432,0.021014241606895467,-315.2
2020-01-18 23:00:00,0.18835754636165625,5.953243334287785,0.019663175211880102,-127.6
2020-01-19 00:00:00,0.1476812018580751,6.104793232414985,0.041192370488432495,-250.6
2020-01-19 01:00:00,0.20717949937273872,6.124683390894205,0.03652561958618339,-91.3
2020-01-19 02:00:00,0.3124004399330169,6.169610732491456,0.02380773165549055,-103.5
2020-01-19 03:00:00,0.3459992145322004,6.208590026096629,0.03746433799556037,-115.7
2020-01-19 04:00:00,0.3535243914989219,6.2422232654551655,0.03501900950719605,-135.4
2020-01-19 05:00:00,0.3325691074902726,6.267200548541362,0.03880571073981365,-189.3
2020-01-19 06:00:00,0.3697917571494682,6.2766434893416445,0.05266451557038909,-191.6
2020-01-19 07:00:00,0.31616770734483657,6.244166900663736,0.06435974028953506,-540.2
2020-01-19 08:00:00,0.2800994860301098,6.214608098422191,0.06098605389334111,-523.1
2020-01-19 09:00:00,0.22177331858645388,6.184148890937483,0.049255447427793086,-540.3
2020-01-19 10:00:00,0.19000835904519953,6.131226489483141,0.058732988188948454,-521.6
2020-01-19 11:00:00,0.16738098965071124,6.045005314036012,0.06374050901947559,-526.3
2020-01-19 12:00:00,0.18902054175612415,5.973809611869261,0.0723954442324155,-480.9
2020-01-19 13:00:00,0.19201994459322425,5.937536205082426,0.06207970029308996,-464.8
2020-01-19 14:00:00,0.1983499072379491,5.863631175598097,0.06586930922058976,-402.6
2020-01-19 15:00:00,0.19387272156793278,5.771441123130016,0.05992617306991388,-576.7
2020-01-19 16:00:00,0.15046581907005896,5.616771097666572,0.06563080618264205,-972.6
2020-01-19 17:00:00,0.09779160753865135,5.429345628954441,0.08684830223882045,-1041.3
2020-01-19 18:00:00,0.08297633054875364,5.313205979041787,0.08522103844300677,-1000.7
2020-01-19 19:00:00,0.10239796749924057,5.402677381872279,0.09161204231091968,-970.9
2020-01-19 20:00:00,0.05481460351724321,5.739792912179234,0.07036997229237407,-804.5
2020-01-19 21:00:00,0.06909361169851014,6.1224928095143865,0.05543047260950118,-1016.0
2020-01-19 22:00:00,0.08714673759475255,6.439350371100098,0.04824218055664531,-1034.3
2020-01-19 23:00:00,0.13910321498640288,6.664409020350408,0.04601279632051991,-800.1
2020-01-20 00:00:00,0.2182692822621508,6.643789733147672,0.01975455271570592,-734.2
2020-01-20 01:00:00,0.26690713313593273,6.643789733147672,0.03393089971121466,-497.8
2020-01-20 02:00:00,0.32019416450799243,6.694562058521095,0.03133497250200712,-331.0
2020-01-20 03:00:00,0.4077984616481225,6.769641976852503,0.02293406672618037,-380.1
2020-01-20 04:00:00,0.2544993291554518,6.843749949006225,0.019897203947191855,-593.2
2020-01-20 05:00:00,0.06104315561064322,6.884486652042782,0.03675804456222309,-1182.8
2020-01-20 06:00:00,-0.041954948370227285,6.895682697747868,0.006276927844123037,-1063.3
2020-01-20 07:00:00,-0.08917196023126417,6.891625897052253,-0.003875374556302269,-1237.5
2020-01-20 08:00:00,-0.0740380537360048,6.879355804460439,-0.011680411174558536,-1252.1
2020-01-20 09:00:00,-0.0812308469073475,6.873163834212518,-0.01567606901283103,-1225.5
2020-01-20 10:00:00,-0.0794913449542225,6.854354502255021,-0.015631724818297776,-1211.6
2020-01-20 11:00:00,-0.09597738015313917,6.824373670043086,-0.01020651012448237,-1182.9
2020-01-20 12:00:00,-0.09109735082504677,6.802394763324311,-0.011305017364543701,-1242.1
2020-01-20 13:00:00,-0.11090466305916902,6.762729506931879,-0.02318119956795872,-1251.3
2020-01-20 14:00:00,-0.13379683782979823,6.728628613084702,-0.008171965041132268,-1186.3
2020-01-20 15:00:00,-0.1289192158273118,6.738152494595957,0.0070203645252959745,-1222.3
2020-01-20 16:00:00,-0.13695605431074753,6.763884908562435,0.006404611909542446,-1317.2
2020-01-20 17:00:00,-0.17233846392278007,6.804614520062624,0.00199077218712862,-1244.3
2020-01-20 18:00:00,-0.15063038470425205,6.835184586147301,0.0027331552614846544,-1372.4
2020-01-20 19:00:00,-0.176082474511301,6.85751406254539,-0.009400109870684403,-1014.0
2020-01-20 20:00:00,-0.21632415798078375,6.859614903654202,-0.0071792394644054625,-998.0
2020-01-20 21:00:00,-0.20460949709688858,6.855408798609928,-0.012104132355354125,-991.0
2020-01-20 22:00:00,-0.19488888000364257,6.860663671448287,-0.030693912385688193,-996.2
2020-01-20 23:00:00,-0.21834381692160454,6.873163834212518,-0.030901510332157045,-662.1
2020-01-21 00:00:00,-0.19547256379508227,6.875232087276577,-0.021995175755100682,-534.0
2020-01-21 01:00:00,-0.12934654195653295,6.875232087276577,-0.020754697657769938,-234.8
2020-01-21 02:00:00,-0.03699633182298756,6.86484777797086,-0.015782968521996565,-202.4
2020-01-21 03:00:00,-0.009438086089905706,6.86171134048073,-0.01614258947632141,-185.1
2020-01-21 04:00:00,-0.0061908076438461634,6.882437470997847,-0.008992394473155585,-210.3
2020-01-21 05:00:00,-0.17740802816750678,6.90875477931522,-0.005659691255324617,-914.9
2020-01-21 06:00:00,-0.21341602094726042,6.921658184151129,0.005040124277077673,-893.4
2020-01-21 07:00:00,-0.2819421436896259,6.927557906278317,0.012674155787834707,-1148.4
2020-01-21 08:00:00,-0.3031773026382587,6.921658184151129,0.004402345605448055,-1288.0
2020-01-21 09:00:00,-0.28976105890706094,6.918695219020472,0.002536611663776611,-1223.3
2020-01-21 10:00:00,-0.28165825248419507,6.920671504248683,-0.006969720925342315,-1207.2
2020-01-21 11:00:00,-0.26744110134015875,6.92461239604856,-0.005491610066662211,-1177.7
2020-01-21 12:00:00,-0.2586215628531092,6.920671504248683,-0.008412117605835157,-1249.1
2020-01-21 13:00:00,-0.25606965265706094,6.884486652042782,-0.00466723625926857,-1204.8
2020-01-21 14:00:00,-0.2722917358184782,6.875232087276577,0.0014102463548928412,-1195.0
2020-01-21 15:00:00,-0.25558436409194885,6.879355804460439,0.003834885509159669,-1259.7
2020-01-21 16:00:00,-0.2482152621005822,6.876264611890766,-0.0005380041438067806,-1331.2
2020-01-21 17:00:00,-0.2811143389326731,6.876264611890766,-0.0004831611820454995,-1323.0
2020-01-21 18:00:00,-0.24141366774851658,6.872128101338986,0.0004013047399560321,-1316.1
2020-01-21 19:00:00,-0.2942643920684782,6.8658910748834385,0.002309376950004882,-1187.8
2020-01-21 20:00:00,-0.2468120288009028,6.848005274576363,-0.0067146335944539,-940.1
2020-01-21 21:00:00,-0.22049099640924164,6.827629234502852,-0.005204320307973909,-851.0
2020-01-21 22:00:00,-0.24252150981707787,6.806829360392176,-0.010704311202505146,-834.9
2020-01-21 23:00:00,-0.2145324564048443,6.79346613258001,-0.008981726053555406,-477.3
2020-01-22 00:00:00,-0.36808773823992347,6.76849321164863,-0.028380021836339253,-507.4
2020-01-22 01:00:00,-0.31544080663559404,6.782192056006791,-0.03476233993800637,-216.2
2020-01-22 02:00:00,-0.23453941305174375,6.7912214627261855,-0.03806452352917056,-220.2
2020-01-22 03:00:00,-0.14387909958425693,6.787844982309579,-0.03787233255015199,-227.1
2020-01-22 04:00:00,-0.12221435051027729,6.784457062637643,-0.03425763403730109,-256.5
2020-01-22 05:00:00,-0.1682239303410369,6.7650389767805414,-0.02769268803456182,-908.8
2020-01-22 06:00:00,-0.24508211774168354,6.715383386334681,-0.001554996506523132,-1174.1
2020-01-22 07:00:00,-0.2912950439041726,6.658011045870748,0.010747427365589424,-1308.6
2020-01-22 08:00:00,-0.260976782336372,6.621405651764134,0.007032218531975332,-1424.5
2020-01-22 09:00:00,-0.2602577371958503,6.598509028614515,0.004706144792392841,-1385.2
2020-01-22 10:00:00,-0.2677364258910595,6.593044534142437,-0.0027755456135372114,-1392.9
2020-01-22 11:00:00,-0.2520613194356849,6.582025138892826,-0.0010230490023195316,-1389.4
2020-01-22 12:00:00,-0.25545640000209113,6.568077911411976,-0.002441478367665617,-1354.7
2020-01-22 13:00:00,-0.25114196101483444,6.55250788703459,-0.002147746678212492,-1428.2
2020-01-22 14:00:00,-0.2544323127600938,6.539585955617669,0.003086281940675839,-1464.2
2020-01-22 15:00:00,-0.2695459912473268,6.570882962339584,0.013083187309886668,-1542.0
2020-01-22 16:00:00,-0.24069363418765022,6.626717749249025,0.010009255958904006,-1651.7
2020-01-22 17:00:00,-0.2162101980871025,6.664409020350408,0.009328807673095518,-1693.3
2020-01-22 18:00:00,-0.1790532952241075,6.648984550024776,0.006563704055068342,-1721.9
2020-01-22 19:00:00,-0.15843330995430582,6.626717749249025,0.015367539816534048,-1770.9
2020-01-22 20:00:00,-0.16421707113725947,6.61338421837956,-0.002243925263525348,-1795.6
2020-01-22 21:00:00,-0.15851052743297522,6.593044534142437,0.0015086207508261396,-1792.4
2020-01-22 22:00:00,-0.14147044749052418,6.539585955617669,0.0005502394394589771,-1617.0
2020-01-22 23:00:00,-0.06295112844808548,6.476972362889683,0.00652485349440024,-1351.9
2020-01-23 00:00:00,-0.045835664546114874,6.406879986069314,0.02413806445815858,-1221.6
2020-01-23 01:00:00,0.01347082997764426,6.244166900663736,0.021514760924788767,-1007.2
2020-01-23 02:00:00,0.07604401965934615,6.059123195581797,0.030903911710991494,-844.9
2020-01-23 03:00:00,0.09715518673446111,5.860786223465865,0.028875224287824963,-775.2
2020-01-23 04:00:00,0.03597924607859948,5.6937321388027,0.0363310694442216,-927.2
2020-01-23 05:00:00,-0.08056738478077552,5.652489180268651,0.04324453587607735,-1221.2
2020-01-23 06:00:00,-0.14524990754205414,5.713732805509369,0.05725047677697237,-1217.0
2020-01-23 07:00:00,-0.2073956902662033,5.8998973535824915,0.06361136838893966,-1317.7
2020-01-23 08:00:00,-0.1964831960668727,6.1224928095143865,0.05424881759453548,-1432.6
2020-01-23 09:00:00,-0.206561339477207,6.313548046277095,0.043728418763520516,-1440.9
2020-01-23 10:00:00,-0.20282069518473422,6.4425401664681985,0.031618313198340964,-1493.8
2020-01-23 11:00:00,-0.20627530378048675,6.517671272912275,0.019751900463462313,-1452.5
2020-01-23 12:00:00,-0.20832388589278894,6.588926477533519,0.014732622893150804,-1459.0
2020-01-23 13:00:00,-0.21784096811805886,6.62273632394984,-0.005720163481534257,-1489.0
2020-01-23 14:00:00,-0.20042728228972262,6.612041034833092,0.002371614169311087,-1489.5
2020-01-23 15:00:00,-0.21902252952099488,6.586171654854675,0.00215942139989167,-1462.8
2020-01-23 16:00:00,-0.2172218228051448,6.555356891810665,-0.002119719322917213,-1412.9
2020-01-23 17:00:00,-0.21040858297601606,6.548219102762372,-0.002268630115840331,-1398.2
2020-01-23 18:00:00,-0.2055202302780299,6.5998704992128365,-0.004001779449504639,-1402.7
2020-01-23 19:00:00,-0.16014592406204153,6.628041376179533,0.0010207194835967215,-1429.2
2020-01-23 20:00:00,-0.1925674528076855,6.663132695990803,-0.003401142947359048,-1260.7
2020-01-23 21:00:00,-0.1976425323737283,6.682108597449809,-0.0015659605283007139,-1196.2
2020-01-23 22:00:00,-0.22908247835009554,6.703188113240863,-0.004553988926931929,-899.0
2020-01-23 23:00:00,-0.24399432110555352,6.720220155135295,-0.005797276820215913,-758.6
2020-01-24 00:00:00,-0.23188827067929285,6.815639990074331,-0.008277774546253447,-543.9
2020-01-24 01:00:00,-0.14864483190166933,6.834108738813838,-0.013218912107909375,-298.8
2020-01-24 02:00:00,-0.06094299879511533,6.829793737512425,-0.011888657290744398,-311.6
2020-01-24 03:00:00,-0.02002093360280588,6.810142450115136,-0.010379495192696986,-281.7
2020-01-24 04:00:00,-0.029051621824416785,6.7912214627261855,0.005356277369150675,-278.0
2020-01-24 05:00:00,-0.10893809147735611,6.787844982309579,0.006583314930867168,-968.4
2020-01-24 06:00:00,-0.1387013114048572,6.78105762593618,0.0248274749730113,-1395.5
2020-01-24 07:00:00,-0.15361954490185425,6.756932389247553,0.01811809957529409,-1670.0
2020-01-24 08:00:00,-0.15423270082565077,6.723832440821209,0.022693312194460802,-1756.2
2020-01-24 09:00:00,-0.18690676000684592,6.706862336602747,0.03197534223862508,-1678.6
2020-01-24 10:00:00,-0.17658402244091675,6.680854678790215,0.03258109000815779,-1610.2
2020-01-24 11:00:00,-0.18682427779763433,6.651571873589727,0.03493363996811727,-1511.8
2020-01-24 12:00:00,-0.1720462928434805,6.625392368007956,0.03812130007375103,-1458.7
2020-01-24 13:00:00,-0.18029612514609905,6.593044534142437,0.04102619204152447,-1433.3
2020-01-24 14:00:00,-0.20049379421610558,6.559615237493242,0.028756548536992277,-1414.5
2020-01-24 15:00:00,-0.18021230477778616,6.511745329644728,0.014963768956416601,-1366.2
2020-01-24 16:00:00,-0.18648128723020507,6.501289670540389,0.01658486413262672,-1375.4
2020-01-24 17:00:00,-0.1735389260245248,6.516193076042964,0.013965341890011196,-1371.3
2020-01-24 18:00:00,-0.14072109772645325,6.505784060128229,0.014034706295787736,-1362.3
2020-01-24 19:00:00,-0.06841371609110558,6.508769136971682,0.02760035856726617,-1298.3
2020-01-24 20:00:00,-0.13107326510597161,6.516193076042964,0.02310492552970622,-1146.3
2020-01-24 21:00:00,-0.12439065558516882,6.523562306149512,0.010379927978287462,-1041.6
2020-01-24 22:00:00,-0.14790871235873926,6.541029999189903,0.024134154889472015,-700.7
2020-01-24 23:00:00,-0.15817630499704727,6.5722825426940075,0.010132215309520909,-472.7
2020-01-25 00:00:00,-0.10360090562774671,6.693323668269949,0.01986811764192442,-591.7
2020-01-25 01:00:00,-0.02696578000592753,6.70808408385307,0.023609025571194486,-290.1
2020-01-25 02:00:00,0.0730194331792795,6.70808408385307,0.018803458940722884,-401.6
2020-01-25 03:00:00,0.13904238611330522,6.706862336602747,0.012192346090842854,-438.4
2020-01-25 04:00:00,0.13569251158913342,6.710523109452428,0.010974766822420712,-524.6
2020-01-25 05:00:00,0.08683536042757334,6.706862336602747,0.019597050140847116,-590.7
2020-01-25 06:00:00,0.11090241915520771,6.706862336602747,0.024594268430177202,-830.7
2020-01-25 07:00:00,0.10972232605104493,6.697034247666484,0.03933630976367297,-1406.1
2020-01-25 08:00:00,0.09502757528685946,6.675823221634848,0.0466190619304081,-1614.8
2020-01-25 09:00:00,0.029920990895445865,6.642486801367256,0.0575696446182512,-1667.3
2020-01-25 10:00:00,0.02320897275920064,6.601230118728877,0.062276180245355306,-1739.9
2020-01-25 11:00:00,0.037265188576006913,6.542471960506805,0.05791269470873228,-1808.7
2020-01-25 12:00:00,0.03889825923701595,6.472346294500901,0.054952019482017,-1776.9
2020-01-25 13:00:00,0.054276887888148106,6.421622267806518,0.0348632234990216,-1700.7
2020-01-25 14:00:00,0.0804243164473899,6.361302477572996,0.05189900211894738,-1636.4
2020-01-25 15:00:00,0.042174177253784695,6.285998094508865,0.0573374261829791,-1626.8
2020-01-25 16:00:00,-0.0029463750881255635,6.171700597410915,0.06698575588371103,-1695.1
2020-01-25 17:00:00,-0.03354431654118839,5.988961416889864,0.07397353743725876,-1668.1
2020-01-25 18:00:00,-0.029649255947500563,5.765191102784844,0.062045396347989445,-1589.2
2020-01-25 19:00:00,-0.031831940260548475,5.43372200355424,0.08392080209285879,-1380.8
2020-01-25 20:00:00,-0.023213768993346928,5.10594547390058,0.07634656016167352,-1131.4
2020-01-25 21:00:00,0.003216516538402381,4.927253685157205,0.07126409109056908,-899.8
2020-01-25 22:00:00,0.025463472781519503,4.812184355372417,0.07897878205236797,-556.8
2020-01-25 23:00:00,0.07154739795270038,4.844187086458591,0.06648367161826485,-326.0
2020-01-26 00:00:00,0.010994011562539097,5.0106352940962555,0.0558865124276533,30.0
2020-01-26 01:00:00,0.0729834340750255,5.1647859739235145,0.05295984319956304,350.9
2020-01-26 02:00:00,0.17097257803372656,5.402677381872279,0.05174710034473229,522.3
2020-01-26 03:00:00,0.19905641604484314,5.575949103146316,0.0636738644632926,536.0
2020-01-26 04:00:00,0.225301611884428,5.755742213586912,0.06419449864112714,330.2
2020-01-26 05:00:00,0.18810067547585518,5.921578419643816,0.06377680283390408,320.7
2020-01-26 06:00:00,0.2206515262176536,6.021023349349527,0.07632492528995716,96.1
2020-01-26 07:00:00,0.187418724600529,6.018593214496234,0.08985358911575503,-261.5
2020-01-26 08:00:00,0.1548257786445686,5.993961427306569,0.0889651946884209,-547.4
2020-01-26 09:00:00,0.10445143119740807,5.950642552587727,0.08160125337084789,-857.9
2020-01-26 10:00:00,0.07313400132503389,5.834810737062605,0.0912802397554433,-1042.3
2020-01-26 11:00:00,0.05221338652838403,5.652489180268651,0.09602504435923631,-1071.3
2020-01-26 12:00:00,0.07556281586567826,5.5053315359323625,0.1007094953707357,-1031.1
2020-01-26 13:00:00,0.08077058046834606,5.429345628954441,0.08317906431733668,-1049.0
2020-01-26 14:00:00,0.09636435259664866,5.313205979041787,0.08853938428243868,-1071.7
2020-01-26 15:00:00,0.08908912473588027,5.1647859739235145,0.08364269968723015,-1252.6
2020-01-26 16:00:00,0.03861982941881914,4.990432586778736,0.10020215024773105,-1427.8
2020-01-26 17:00:00,-0.015598999190087781,4.820281565605037,0.1137557551587447,-1459.1
2020-01-26 18:00:00,-0.03195115056940967,4.700480365792417,0.12014078752382229,-1426.9
2020-01-26 19:00:00,-0.016652433669213984,4.553876891600541,0.12849565574147448,-1353.4
2020-01-26 20:00:00,-0.06850861251475582,4.477336814478207,0.10879441649219679,-1014.6
2020-01-26 21:00:00,-0.07364402481931087,4.454347296253507,0.10371315135824766,-690.4
2020-01-26 22:00:00,-0.05732867670908748,4.465908118654584,0.09740722757957698,-406.2
2020-01-26 23:00:00,-0.0015850822488863159,4.499809670330265,0.1035769719838493,-264.5
2020-01-27 00:00:00,0.08145381443643807,4.653960350157523,0.11429401957243979,-70.1
2020-01-27 01:00:00,0.13479855317733325,4.787491742782046,0.11436008081951243,90.8
2020-01-27 02:00:00,0.19960948832472925,4.941642422609304,0.10994975755997238,143.0
2020-01-27 03:00:00,0.2945036453695895,5.099866427824199,0.1051945040934914,66.4
2020-01-27 04:00:00,0.1461664910418201,5.241747015059643,0.10614376254389946,-181.2
2020-01-27 05:00:00,-0.06713893893409661,5.365976015021851,0.11899614279919479,-574.9
2020-01-27 06:00:00,-0.13056119245236175,5.501258210544727,0.09996869966757238,-1176.5
2020-01-27 07:00:00,-0.17651079451793095,5.627621113690637,0.1017123880062627,-1611.8
2020-01-27 08:00:00,-0.1564473897370302,5.720311776607412,0.09533536029720935,-1650.6
2020-01-27 09:00:00,-0.16370887796428146,5.799092654460526,0.09527063162526161,-1660.4
2020-01-27 10:00:00,-0.1611013204010927,5.840641657373398,0.10206668341028635,-1688.8
2020-01-27 11:00:00,-0.1772212891723095,5.869296913133774,0.10293261968958323,-1700.8
2020-01-27 12:00:00,-0.17470453085031146,5.910796644040527,0.0999206177456804,-1703.6
2020-01-27 13:00:00,-0.1957082539948427,5.942799375126701,0.08270747847434912,-1707.5
2020-01-27 14:00:00,-0.21477070619582328,5.948034989180646,0.09165969948203845,-1712.1
2020-01-27 15:00:00,-0.20195640942278636,5.950642552587727,0.1010025228861009,-1760.7
2020-01-27 16:00:00,-0.17662131070317866,5.958424693029782,0.11037628921686693,-1973.5
2020-01-27 17:00:00,-0.15064563931152009,5.973809611869261,0.11518814635219332,-2291.2
2020-01-27 18:00:00,-0.1662588334336048,5.971261839790462,0.11494097364747713,-2152.4
2020-01-27 19:00:00,-0.23111928896666134,5.950642552587727,0.10186601024997,-1800.0
2020-01-27 20:00:00,-0.2477178347855249,5.926926025970411,0.12134354951504722,-1722.6
2020-01-27 21:00:00,-0.214651057133032,5.932245187448011,0.11882595815197572,-1566.7
2020-01-27 22:00:00,-0.17730898168653342,5.924255797414532,0.11133834478058979,-1148.9
2020-01-27 23:00:00,-0.10407094735591116,5.8944028342648505,0.11676858848925598,-890.5
2020-01-28 00:00:00,-0.08945136150737332,5.7899601708972535,0.1050287213410055,-618.1
2020-01-28 01:00:00,-0.022152845217045858,5.796057750765372,0.10290034547583549,-593.3
2020-01-28 02:00:00,0.08095842187279789,5.814130531825066,0.10989830915862697,-582.7
2020-01-28 03:00:00,0.10669031192539657,5.831882477283517,0.11000218668404482,-644.0
2020-01-28 04:00:00,0.0382198204377695,5.84354441703136,0.1141037466609971,-837.2
2020-01-28 05:00:00,-0.13442015655425799,5.849324779946859,0.11423488982641583,-1209.5
2020-01-28 06:00:00,-0.194501887712196,5.857933154483459,0.12617930094348395,-1775.1
2020-01-28 07:00:00,-0.2167106033596724,5.869296913133774,0.13611350331399574,-2281.8
2020-01-28 08:00:00,-0.24282470555302238,5.869296913133774,0.12934432301614418,-2339.0
2020-01-28 09:00:00,-0.2315956074288743,5.863631175598097,0.12516793902056644,-2321.6
2020-01-28 10:00:00,-0.22103363066776005,5.849324779946859,0.1268487667774716,-2310.5
2020-01-28 11:00:00,-0.21145940741194336,5.820082930352362,0.12603242156262784,-2248.7
2020-01-28 12:00:00,-0.21774900071129144,5.777652323222656,0.12730486053258527,-2175.6
2020-01-28 13:00:00,-0.21516330910044346,5.7745515455444085,0.1281990416084433,-2165.1
2020-01-28 14:00:00,-0.23224510499948137,5.780743515792329,0.12612933956803207,-2171.0
2020-01-28 15:00:00,-0.20372542920621806,5.7745515455444085,0.12882397920678645,-2230.6
2020-01-28 16:00:00,-0.19066291483028808,5.730099782973574,0.1299308831870336,-2273.1
2020-01-28 17:00:00,-0.22388630902530782,5.676753802268282,0.1289536789138177,-2265.4
2020-01-28 18:00:00,-0.207289082254408,5.631211781821365,0.13128368919290168,-2150.4
2020-01-28 19:00:00,-0.27507314808735917,5.572154032177765,0.13391732216482577,-1943.5
2020-01-28 20:00:00,-0.23335404404505988,5.568344503761097,0.12544218836690213,-1704.3
2020-01-28 21:00:00,-0.211254071266878,5.579729825986222,0.12154738533117015,-1599.1
2020-01-28 22:00:00,-0.2193122769067073,5.560681631015528,0.1158699898650486,-961.8
2020-01-28 23:00:00,-0.14870988482945036,5.568344503761097,0.11888574547167785,-574.0
2020-01-29 00:00:00,-0.12327259428434179,5.389071729816501,0.11157513858598556,-789.6
2020-01-29 01:00:00,-0.038952880926965694,5.393627546352362,0.11073586775168387,-403.5
2020-01-29 02:00:00,0.06630708133404628,5.420534999272286,0.11763774698950691,-193.3
2020-01-29 03:00:00,0.09341563127619601,5.4510384535657,0.11975661165343077,-430.2
2020-01-29 04:00:00,0.0190457194859035,5.438079308923196,0.12228584335501491,-661.8
2020-01-29 05:00:00,-0.15451256379512346,5.455321115357702,0.12037598788464177,-991.9
2020-01-29 06:00:00,-0.2264480381967906,5.455321115357702,0.12824980555440213,-1329.9
2020-01-29 07:00:00,-0.268685385136044,5.4680601411351315,0.13311820097642357,-1603.7
2020-01-29 08:00:00,-0.2356915269652462,5.529429087511423,0.12448153150880525,-1860.3
2020-01-29 09:00:00,-0.23917715445417853,5.583496308781699,0.12206980531157541,-1810.4
2020-01-29 10:00:00,-0.24967141849342056,5.5909869805108565,0.12067850274436154,-1804.9
2020-01-29 11:00:00,-0.24176521818342067,5.605802066295998,0.11455902072704482,-1779.5
2020-01-29 12:00:00,-0.2537330044872137,5.598421958998375,0.11180530707673508,-1669.1
2020-01-29 13:00:00,-0.25673457615089434,5.641907070938114,0.10736450168407607,-1658.7
2020-01-29 14:00:00,-0.26217095843071503,5.707110264748875,0.10331316107875743,-1673.3
2020-01-29 15:00:00,-0.2798288582029107,5.749392985908253,0.10259083641072397,-1711.2
2020-01-29 16:00:00,-0.24154217051348903,5.733341276897746,0.10231793275947254,-1891.7
2020-01-29 17:00:00,-0.20736617329064977,5.676753802268282,0.0977454086605718,-2053.2
2020-01-29 18:00:00,-0.18201500671843585,5.62040086571715,0.09662452797324939,-1899.8
2020-01-29 19:00:00,-0.17374624209166134,5.537334267018537,0.10497969850622191,-1706.8
2020-01-29 20:00:00,-0.1907710938598095,5.472270673671475,0.08866002184161559,-1560.4
2020-01-29 21:00:00,-0.1958779842222862,5.402677381872279,0.08185484619765848,-1445.5
2020-01-29 22:00:00,-0.1895146213232346,5.351858133476067,0.07150197541174297,-1199.5
2020-01-29 23:00:00,-0.12268367748791897,5.3471075307174685,0.07535006633396435,-919.6
2020-01-30 00:00:00,-0.09083303047685032,5.5254529391317835,0.07336867789295454,-761.7
2020-01-30 01:00:00,-0.028173256438991157,5.521460917862246,0.07119384995779843,-615.8
2020-01-30 02:00:00,0.04072734773444653,5.5053315359323625,0.07704059464674451,-631.8
2020-01-30 03:00:00,0.06466548396174199,5.5134287461649825,0.0773446700452709,-691.0
2020-01-30 04:00:00,-0.00784977016087618,5.54907608489522,0.08277656665439892,-809.2
2020-01-30 05:00:00,-0.0925755344091721,5.572154032177765,0.08191911594135881,-1310.7
2020-01-30 06:00:00,-0.13251647534096112,5.594711379601839,0.09051457041748545,-1670.4
2020-01-30 07:00:00,-0.1661704451903976,5.6131281063880705,0.09789244471455838,-2289.8
2020-01-30 08:00:00,-0.14119700938617097,5.631211781821365,0.08860200288418785,-2573.2
2020-01-30 09:00:00,-0.1457549396112694,5.634789603169249,0.08610764173238206,-2508.7
2020-01-30 10:00:00,-0.13394592928431415,5.648974238161206,0.09081562999964632,-2591.8
2020-01-30 11:00:00,-0.13328153787016817,5.659482215759621,0.08933894903266015,-2572.5
2020-01-30 12:00:00,-0.13214165454274696,5.655991810819852,0.08974099499118093,-2545.5
2020-01-30 13:00:00,-0.14232526601596707,5.69035945432406,0.07478305536753638,-2497.5
2020-01-30 14:00:00,-0.1281796564402513,5.733341276897746,0.07947136117985565,-2443.3
2020-01-30 15:00:00,-0.14174569278509752,5.762051382780177,0.08140879305403192,-2503.6
2020-01-30 16:00:00,-0.13189877983128317,5.771441123130016,0.08070084665210242,-2604.0
2020-01-30 17:00:00,-0.12051357885946823,5.752572638825633,0.07731880780250666,-2664.6
2020-01-30 18:00:00,-0.13038179496878488,5.713732805509369,0.07777975669205528,-2400.9
2020-01-30 19:00:00,-0.11379024021339434,5.652489180268651,0.07403507822998545,-1916.5
2020-01-30 20:00:00,-0.14855496105436972,5.60947179518496,0.0657993912960233,-1597.8
2020-01-30 21:00:00,-0.15446381872450976,5.5909869805108565,0.06045161317794179,-1413.7
2020-01-30 22:00:00,-0.14376311422725463,5.564520407322694,0.048951786389361374,-1080.5
2020-01-30 23:00:00,-0.11274068119087088,5.552959584921617,0.051784417449333375,-608.8
2020-01-31 00:00:00,-0.1915216643853639,5.6131281063880705,0.05411251805302886,-297.2
2020-01-31 01:00:00,-0.20193950819220596,5.60947179518496,0.04755928415403954,18.9
2020-01-31 02:00:00,-0.11803740649045213,5.605802066295998,0.04657780120921906,49.6
2020-01-31 03:00:00,-0.07943335242886063,5.5909869805108565,0.04605653184996239,20.2
2020-01-31 04:00:00,-0.09244021216932596,5.568344503761097,0.054345664569424024,-6.7
2020-01-31 05:00:00,-0.16893129574045274,5.572154032177765,0.050258378433529316,-257.4
2020-01-31 06:00:00,-0.1720142675002836,5.605802066295998,0.06970444238450302,-643.6
2020-01-31 07:00:00,-0.1813801444126697,5.700443573390687,0.06196270728701414,-1291.1
2020-01-31 08:00:00,-0.18173048924309443,5.805134968916488,0.05416944429647863,-1549.7
2020-01-31 09:00:00,-0.21592058119756175,5.87493073085203,0.06805990805924278,-1456.7
2020-01-31 10:00:00,-0.20480619592715543,5.940171252720432,0.06734869254628428,-1422.7
2020-01-31 11:00:00,-0.21383438852836845,5.993961427306569,0.05772664949667394,-1378.6
2020-01-31 12:00:00,-0.20329883634758472,6.073044534100405,0.051668744347132645,-1292.2
2020-01-31 13:00:00,-0.2143694029034915,6.1779441140506,0.05669602833905696,-1275.6
2020-01-31 14:00:00,-0.23692853671961212,6.29156913955832,0.0467103521535881,-1292.2
2020-01-31 15:00:00,-0.21483381015711212,6.413458957167357,0.0315168637198191,-1346.8
2020-01-31 16:00:00,-0.20622934575607887,6.484635235635252,0.03322177589078201,-1603.9
2020-01-31 17:00:00,-0.18635961445358618,6.532334292222349,0.03206210792203201,-1757.4
2020-01-31 18:00:00,-0.15773691411545387,6.582025138892826,0.01698673795986938,-1701.4
2020-01-31 19:00:00,-0.10344033820235632,6.616065185132817,0.03512484854588127,-1582.2
2020-01-31 20:00:00,-0.17613015878961935,6.633318433280377,0.02310492552970622,-1099.4
2020-01-31 21:00:00,-0.16605337239400164,6.651571873589727,0.01432782098587193,-943.9
2020-01-31 22:00:00,-0.1749839571817735,6.668228248417403,0.021742762757396505,-869.9
2020-01-31 23:00:00,-0.17084138194031384,6.682108597449809,0.0017988337503762608,-834.1
2020-02-01 00:00:00,0.23242321994341308,6.767343125265392,-0.08387128304499569,-885.1
2020-02-01 01:00:00,0.2807307300423898,6.784457062637643,-0.08571144011219367,-711.1
2020-02-01 02:00:00,0.297123013801166,6.78897174299217,-0.09103992460458432,-636.9
2020-02-01 03:00:00,0.2799893754003935,6.794586580876499,-0.09552245671779591,-466.1
2020-02-01 04:00:00,0.2501504372389043,6.795705775173514,-0.0964938273092164,-361.5
2020-02-01 05:00:00,0.18165745117240828,6.7912214627261855,-0.08683743364052177,-523.0
2020-02-01 06:00:00,0.030896791940000945,6.787844982309579,-0.07324277536176993,-501.1
2020-02-01 07:00:00,-0.007374381381679562,6.778784897685177,-0.06177648846447337,-477.5
2020-02-01 08:00:00,0.17716546158159208,6.761572768804055,-0.05141041645412159,-673.5
2020-02-01 09:00:00,0.15344663767490863,6.738152494595957,-0.040717167936962895,-791.7
2020-02-01 10:00:00,0.15810455573132565,6.727431724850855,-0.02697388638309839,-854.2
2020-02-01 11:00:00,0.15940763262258484,6.721425700790643,-0.02383260875729487,-785.0
2020-02-01 12:00:00,0.1452938353034119,6.717804695023691,-0.015555935938524001,-694.0
2020-02-01 13:00:00,0.1983952325332936,6.71901315438526,-0.03088329401273704,-773.0
2020-02-01 14:00:00,0.15399654008811492,6.715383386334681,-0.0210966881777761,-631.1
2020-02-01 15:00:00,0.23246864476593032,6.716594773520978,-0.010227275486806242,-802.0
2020-02-01 16:00:00,0.2437572861188526,6.70196036600254,-0.016923763584873797,-1180.9
2020-02-01 17:00:00,0.20173967310976826,6.659293919683638,-0.027530235110462264,-1360.1
2020-02-01 18:00:00,0.2132988629422483,6.602587892189336,-0.044176389274872996,-1420.7
2020-02-01 19:00:00,0.2143694482111167,6.502790045915623,-0.03731769824530762,-1034.7
2020-02-01 20:00:00,0.14384647994468525,6.343880434126331,-0.05802804713173515,-475.2
2020-02-01 21:00:00,0.16141217106075612,6.133398042996649,-0.07387822872242022,-290.2
2020-02-01 22:00:00,0.20351232461914348,5.877735781779639,-0.07467552658521548,-167.8
2020-02-01 23:00:00,0.2955583949409708,5.575949103146316,-0.0878759809923162,-44.7
2020-02-02 00:00:00,0.13653914921693122,5.241747015059643,-0.043946029141078036,473.5
2020-02-02 01:00:00,0.16634015569665817,5.147494476813453,-0.05074957272683367,588.8
2020-02-02 02:00:00,0.17730425503655045,5.0689042022202315,-0.05303919284289993,571.9
2020-02-02 03:00:00,0.08199301061848141,4.955827057601261,-0.04134007311395038,609.1
2020-02-02 04:00:00,-0.0827276013263667,4.820281565605037,-0.04285936798936785,649.0
2020-02-02 05:00:00,0.24964159923399132,4.6913478822291435,-0.04095448901530929,602.8
2020-02-02 06:00:00,0.15571809127620595,4.532599493153256,-0.027902619141507934,655.2
2020-02-02 07:00:00,0.08979245214941844,4.343805421853684,-0.022364051132807816,702.2
2020-02-02 08:00:00,0.3377962587523724,4.174387269895637,-0.013076293518768267,416.4
2020-02-02 09:00:00,0.39007586345276835,4.189654742026425,-0.012042990636956574,-206.0
2020-02-02 10:00:00,0.36837027479066986,4.5217885770490405,-0.0028568149092862427,-307.5
2020-02-02 11:00:00,0.35762808729066986,4.90527477843843,0.005230343293838757,-363.0
2020-02-02 12:00:00,0.3870776097113535,5.187385805840755,0.010311859117131839,-395.7
2020-02-02 13:00:00,0.39420148837807156,5.424950017481403,0.000505781575092179,-437.2
2020-02-02 14:00:00,0.4186946403927472,5.648974238161206,0.0013814987150579938,-516.0
2020-02-02 15:00:00,0.4300523581180924,5.855071922202427,0.01327506887179375,-724.2
2020-02-02 16:00:00,0.39226618333271057,6.045005314036012,0.015307650104867676,-1087.8
2020-02-02 17:00:00,0.34392016209379195,6.230481447578482,0.013219034287869746,-1633.4
2020-02-02 18:00:00,0.32019464895103544,6.436150368369428,0.013483894561548304,-1685.1
2020-02-02 19:00:00,0.35579395776491785,6.618738983517219,0.011137775786712822,-1449.1
2020-02-02 20:00:00,0.33170653034473485,6.7226297948554485,-0.017032614660394074,-1251.1
2020-02-02 21:00:00,0.3544461171489832,6.795705775173514,-0.022676363152629442,-1214.9
2020-02-02 22:00:00,0.3634368258459233,6.839476438228843,-0.027902991562495316,-1189.7
2020-02-02 23:00:00,0.429756442719166,6.870053411798126,-0.041397619798707375,-1041.9
2020-02-03 00:00:00,0.45887601350959395,6.855408798609928,0.01686822414602762,-679.1
2020-02-03 01:00:00,0.48524408324900437,6.862757913051401,0.01417997821972694,-456.8
2020-02-03 02:00:00,0.4705888340415618,6.866933284461882,0.010639163373066474,-422.4
2020-02-03 03:00:00,0.5198060581626556,6.862757913051401,0.01267443689990344,-393.2
2020-02-03 04:00:00,0.44702446895857717,6.8501261661455,0.01421197499378124,-470.1
2020-02-03 05:00:00,0.3070575768312467,6.831953565565855,0.012632656774018258,-1080.4
2020-02-03 06:00:00,0.29305565657453947,6.813444599510896,0.004119450451328888,-2411.6
2020-02-03 07:00:00,0.25592311001497725,6.785587645007929,0.004772832699652341,-2823.0
2020-02-03 08:00:00,0.23505978653020687,6.761572768804055,0.001456853697635374,-2988.7
2020-02-03 09:00:00,0.2449201336122493,6.7357800142423265,0.003780048474324005,-3011.2
2020-02-03 10:00:00,0.2667338503128356,6.706862336602747,0.009591102011376584,-3059.1
2020-02-03 11:00:00,0.2715415086116302,6.659293919683638,0.01691727546360955,-3075.4
2020-02-03 12:00:00,0.2899311957644066,6.61472560020376,0.018903401219497518,-3114.7
2020-02-03 13:00:00,0.2772383136693981,6.590301048196686,0.012053673115596908,-3118.0
2020-02-03 14:00:00,0.2671637116214294,6.579251212010101,0.029530708638057845,-3125.6
2020-02-03 15:00:00,0.2799215763245888,6.577861357721047,0.04730476971656916,-3110.7
2020-02-03 16:00:00,0.2742650856878992,6.56244409369372,0.05283419186463778,-3103.5
2020-02-03 17:00:00,0.2131595702026905,6.53813982376767,0.04597705674516206,-3073.2
2020-02-03 18:00:00,0.21756269181019405,6.489204931325317,0.0390860315548176,-3062.6
2020-02-03 19:00:00,0.2444696652144751,6.437751649736401,0.02904193670355859,-3044.8
2020-02-03 20:00:00,0.233711676401283,6.398594934535208,0.04913941053121018,-2543.6
2020-02-03 21:00:00,0.25564609786472126,6.361302477572996,0.05165502799550303,-1962.5
2020-02-03 22:00:00,0.2755060622812926,6.304448802421981,0.05187836206223739,-1497.9
2020-02-03 23:00:00,0.3592883784713643,6.230481447578482,0.06209035950104447,-910.3
2020-02-04 00:00:00,0.334809781603953,6.19644412779452,0.07000653791913525,-611.8
2020-02-04 01:00:00,0.3755006054742087,6.066108090103747,0.07242252805977678,-25.5
2020-02-04 02:00:00,0.37791233344646935,5.937536205082426,0.07762557740575105,69.9
2020-02-04 03:00:00,0.336028407848445,5.823045895483019,0.07729374574266057,135.9
2020-02-04 04:00:00,0.3367185667709527,5.730099782973574,0.07953012561853257,145.5
2020-02-04 05:00:00,0.2383792119367536,5.680172609017068,0.07696337998919045,-557.6
2020-02-04 06:00:00,0.25266514749273394,5.645446897643238,0.07392121216019021,-2212.0
2020-02-04 07:00:00,0.2778609984190541,5.583496308781699,0.07668110258887939,-2741.8
2020-02-04 08:00:00,0.22846176144934383,5.493061443340548,0.07499352051613517,-2810.6
2020-02-04 09:00:00,0.23741357770575355,5.3981627015177525,0.07372894837258048,-2702.0
2020-02-04 10:00:00,0.23575461845995127,5.288267030694535,0.07944903955068483,-2612.9
2020-02-04 11:00:00,0.22834695101557134,5.214935757608986,0.08074445804524544,-2483.2
2020-02-04 12:00:00,0.22512122446361493,5.170483995038151,0.08179748534402886,-2441.3
2020-02-04 13:00:00,0.21807239918916332,5.272999558563747,0.0850113119486009,-2429.3
2020-02-04 14:00:00,0.17878758604045064,5.662960480135946,0.08399062224107201,-2467.6
2020-02-04 15:00:00,0.1820953114575352,6.068425588244111,0.10144037278491869,-2365.1
2020-02-04 16:00:00,0.17405207398483347,6.297109319933935,0.09158301451933415,-2324.1
2020-02-04 17:00:00,0.09144485889020038,6.45833828334479,0.08205843129580437,-2166.0
2020-02-04 18:00:00,0.10631814576450926,6.5638555265321274,0.08598895894993941,-2141.7
2020-02-04 19:00:00,0.08673249728020771,6.661854740545311,0.0860298919602398,-2081.0
2020-02-04 20:00:00,0.2060533528160975,6.7580945044277305,0.0798044568481151,-2056.0
2020-02-04 21:00:00,0.24968647691637624,6.842683282238422,0.07504477453644043,-1972.1
2020-02-04 22:00:00,0.23385360908556763,6.894670039433482,0.08115931611346117,-1665.1
2020-02-04 23:00:00,0.31857766193959636,6.917705609835305,0.08580662828692809,-1228.3
2020-02-05 00:00:00,0.2339572968598107,6.826545223556594,0.0801229041871494,-913.4
2020-02-05 01:00:00,0.3255461840055536,6.795705775173514,0.08526747758192954,-879.7
2020-02-05 02:00:00,0.38060154695171633,6.78897174299217,0.0881781249774587,-869.3
2020-02-05 03:00:00,0.3499753099834604,6.795705775173514,0.08611523806774724,-867.9
2020-02-05 04:00:00,0.3233924262699617,6.80903930604298,0.08106953003024042,-940.8
2020-02-05 05:00:00,0.17397130674732297,6.833031732786201,0.07100479863050246,-1125.1
2020-02-05 06:00:00,0.10145429033762454,6.844815479208263,0.057050858539655636,-2182.5
2020-02-05 07:00:00,0.0495364384992536,6.841615476477592,0.04933941713447254,-2549.7
2020-02-05 08:00:00,0.037818845980150506,6.82001636467413,0.04573533478426928,-2411.1
2020-02-05 09:00:00,0.052520195996621055,6.822197390620491,0.039537984555884975,-2382.9
2020-02-05 10:00:00,0.04775716451207446,6.829793737512425,0.0474020715938801,-2318.2
2020-02-05 11:00:00,0.05503154694790924,6.8001700683022,0.051227328151416174,-2158.4
2020-02-05 12:00:00,0.04853244502838683,6.761572768804055,0.05282755011684337,-1913.7
2020-02-05 13:00:00,0.04265510370254333,6.734591659972948,0.054678116840436886,-1736.4
2020-02-05 14:00:00,0.040700727935754966,6.728628613084702,0.055043948589101,-1565.9
2020-02-05 15:00:00,0.02774985791467177,6.744059186311348,0.06575354278892487,-1528.4
2020-02-05 16:00:00,0.05803514640943552,6.740519359606223,0.0560126205746343,-1704.8
2020-02-05 17:00:00,0.05387894291329065,6.726233402358747,0.04376603027542458,-1869.7
2020-02-05 18:00:00,0.07199890080755322,6.688354713946762,0.0498131176430503,-1624.4
2020-02-05 19:00:00,0.10553122143793914,6.688354713946762,0.06451890085132117,-1228.5
2020-02-05 20:00:00,0.11089237527118545,6.725033642166843,0.05833369696028523,-1043.9
2020-02-05 21:00:00,0.11771854102380219,6.756932389247553,0.056734482657937235,-1006.1
2020-02-05 22:00:00,0.10722741417270187,6.7580945044277305,0.06728802230123421,-871.8
2020-02-05 23:00:00,0.18677712762583454,6.748759547491679,0.07582289069905279,-689.9
2020-02-06 00:00:00,0.18301868222260165,6.957497370876951,0.09261225338468737,-927.1
2020-02-06 01:00:00,0.2458751531525598,6.98100574072173,0.09541860821496861,-936.8
2020-02-06 02:00:00,0.24164236925638338,7.002155954403621,0.09497895145153379,-951.3
2020-02-06 03:00:00,0.23193784861240863,7.017506142941256,0.09244196571228525,-1003.8
2020-02-06 04:00:00,0.21844690021998625,7.025538314638521,0.08849507033963455,-1108.2
2020-02-06 05:00:00,0.16413960097678348,7.02197642307216,0.08032928661303451,-1307.8
2020-02-06 06:00:00,0.11748571214431225,7.013915474810528,0.07184312287020678,-2298.4
2020-02-06 07:00:00,0.08907671115053173,6.9865664594064265,0.06905084634127778,-2605.6
2020-02-06 08:00:00,0.0871665651517115,6.959398512133975,0.06951328145970503,-2723.8
2020-02-06 09:00:00,0.1035594679223295,6.925595197110468,0.06479297265615358,-2748.4
2020-02-06 10:00:00,0.12481605705452647,6.885509670034818,0.07022036908838736,-2734.3
2020-02-06 11:00:00,0.13172332175027046,6.849066282633458,0.06882417737350455,-2634.1
2020-02-06 12:00:00,0.1341679613003266,6.80903930604298,0.06741196868176846,-2532.3
2020-02-06 13:00:00,0.12032288683872938,6.775366090936392,0.05549701656883155,-2575.6
2020-02-06 14:00:00,0.15157051628437168,6.7650389767805414,0.05929359409130264,-2589.4
2020-02-06 15:00:00,0.15982619650612984,6.767343125265392,0.06951615753817553,-2693.6
2020-02-06 16:00:00,0.18170083344007804,6.736966958001855,0.06126009142384792,-2809.8
2020-02-06 17:00:00,0.1621398352676917,6.679599185844383,0.054909420813800125,-2804.2
2020-02-06 18:00:00,0.16531465301301473,6.598509028614515,0.05889182158189232,-2801.1
2020-02-06 19:00:00,0.25112101980732193,6.452048954437226,0.0627830883461753,-2787.0
2020-02-06 20:00:00,0.27823356273651934,6.246106765481563,0.06244826015825211,-2722.3
2020-02-06 21:00:00,0.30495552579280005,6.030685260261263,0.05929881305726514,-2630.8
2020-02-06 22:00:00,0.2924277361769745,5.726847747587197,0.06556866132547068,-2199.2
2020-02-06 23:00:00,0.35491759305605797,5.318119993844216,0.0714528681449691,-1891.6
2020-02-07 00:00:00,0.2954136263512135,4.859812404361672,0.0623459215251394,-1083.8
2020-02-07 01:00:00,0.3542226454490094,5.099866427824199,0.056858580153701155,-1109.0
2020-02-07 02:00:00,0.37958398678533545,5.739792912179234,0.052543464259514394,-1212.9
2020-02-07 03:00:00,0.36868182707978336,6.208590026096629,0.047572841113767694,-1344.7
2020-02-07 04:00:00,0.34248048662454966,6.45833828334479,0.043927536716149795,-1483.4
2020-02-07 05:00:00,0.23916787372335024,6.569481420414296,0.034540644161923595,-1563.2
2020-02-07 06:00:00,0.13105496274588102,6.61472560020376,0.024892475926528768,-2297.4
2020-02-07 07:00:00,0.10498019279596038,6.660575149839686,0.007890475688710374,-2418.1
2020-02-07 08:00:00,0.04547510957373824,6.731018100482083,0.005829752484267203,-2468.9
2020-02-07 09:00:00,0.020444311115747293,6.794586580876499,0.00812736610801501,-2519.8
2020-02-07 10:00:00,0.03276496862384759,6.822197390620491,0.01884665441925293,-2515.2
2020-02-07 11:00:00,0.03198353014532307,6.806829360392176,0.0207560943105225,-2505.5
2020-02-07 12:00:00,0.055334389958253904,6.78332520060396,0.02459248546839632,-2493.4
2020-02-07 13:00:00,0.057559457930493885,6.77078942390898,0.023422480728325645,-2528.5
2020-02-07 14:00:00,0.053997810794704115,6.744059186311348,0.016635650458016293,-2571.6
2020-02-07 15:00:00,0.09593468721656251,6.717804695023691,0.014675893331517642,-2605.0
2020-02-07 16:00:00,0.09693542500347974,6.698268054115413,0.012161834484279765,-2607.7
2020-02-07 17:00:00,0.08754747093754878,6.660575149839686,-0.0040429995000952346,-2619.2
2020-02-07 18:00:00,0.11646073151508674,6.608000625296087,-0.02000379049843204,-2599.7
2020-02-07 19:00:00,0.2084917063140237,6.507277712385012,-0.0012488738973930325,-2550.3
2020-02-07 20:00:00,0.17807402608724576,6.3835066348840055,-0.004948453266060859,-2456.2
2020-02-07 21:00:00,0.2101653225754414,6.22455842927536,-0.009985145969977793,-2349.8
2020-02-07 22:00:00,0.18280738966838417,6.003887067106539,-0.010679598347912211,-2068.9
2020-02-07 23:00:00,0.26618314143012434,5.811140992976701,-0.0262476110454104,-1824.3
2020-02-08 00:00:00,0.16904797938789473,5.272999558563747,-0.030790830188496265,-729.3
2020-02-08 01:00:00,0.23814405971255237,5.288267030694535,-0.03155410033602202,-570.1
2020-02-08 02:00:00,0.24434371237057695,5.4680601411351315,-0.029147264779991744,-398.0
2020-02-08 03:00:00,0.2529160810718589,5.703782474656201,-0.02676109350829936,-336.2
2020-02-08 04:00:00,0.2788409297018335,5.932245187448011,-0.028361170929072976,-368.3
2020-02-08 05:00:00,0.24583567686381924,6.102558594613569,-0.02303820598331452,-444.1
2020-02-08 06:00:00,0.23688326377994606,6.2422232654551655,-0.017739991039082526,-550.9
2020-02-08 07:00:00,0.21079815721050998,6.309918278226516,-0.01931728069268157,-674.1
2020-02-08 08:00:00,0.15029244333049574,6.349138991379798,-0.021350349648320943,-979.3
2020-02-08 09:00:00,0.10547730441480452,6.363028103540465,-0.012968855945918456,-1160.7
2020-02-08 10:00:00,0.11343211567973288,6.272877006546167,-0.008295719168707194,-1166.8
2020-02-08 11:00:00,0.133789236907921,6.037870919922137,-0.006545443942981954,-1114.5
2020-02-08 12:00:00,0.13958497108309187,5.780743515792329,0.0009982419439804602,-946.1
2020-02-08 13:00:00,0.16511115540640686,5.645446897643238,-0.006658036667587908,-849.2
2020-02-08 14:00:00,0.20495465766676224,5.545177444479562,0.0023803461620204303,-837.4
2020-02-08 15:00:00,0.175872977142296,5.5093883366279774,0.007020996137502067,-899.0
2020-02-08 16:00:00,0.13184666362149233,5.58724865840025,0.005879725432702543,-1207.5
2020-02-08 17:00:00,0.07779902419554352,5.713732805509369,-0.004154444659810963,-1457.5
2020-02-08 18:00:00,0.07048577134351675,5.817111159963204,-0.010628703588779764,-1363.5
2020-02-08 19:00:00,0.10417178394398974,5.857933154483459,-0.0010873205500567806,-1045.7
2020-02-08 20:00:00,0.12768059281411004,5.860786223465865,-0.011794852092527286,-642.8
2020-02-08 21:00:00,0.16539359635994133,5.846438775057725,-0.021213800515186065,-435.2
2020-02-08 22:00:00,0.16160396388666776,5.860786223465865,-0.017928381515201153,-204.1
2020-02-08 23:00:00,0.1995285317662523,5.916202062607435,-0.024817845025179253,-35.3
2020-02-09 00:00:00,0.18801332449490893,5.726847747587197,-0.03491847501285683,-64.6
2020-02-09 01:00:00,0.2373542507115438,5.768320995793772,-0.03915043688348163,117.1
2020-02-09 02:00:00,0.2544983896150672,5.680172609017068,-0.04645480691472059,297.6
2020-02-09 03:00:00,0.025038117691009276,5.568344503761097,-0.03887195174586733,315.6
2020-02-09 04:00:00,-0.09344581754639059,5.5909869805108565,-0.046143443190557853,319.6
2020-02-09 05:00:00,-0.5474436811475845,5.805134968916488,-0.047506519006609516,264.2
2020-02-09 06:00:00,-0.6031967295212421,6.018593214496234,-0.04241900308263169,222.8
2020-02-09 07:00:00,-0.45798887813900135,6.163314804034641,-0.0454634453808378,142.0
2020-02-09 08:00:00,-0.25785255732269485,6.302618975744905,-0.04265043330124563,109.4
2020-02-09 09:00:00,-0.12688474888073786,6.415096959171596,-0.04573683642342896,99.4
2020-02-09 10:00:00,-0.09472394615413071,6.46302945692067,-0.047037648191007086,66.8
2020-02-09 11:00:00,-0.10292698713545434,6.472346294500901,-0.04128967234105474,30.5
2020-02-09 12:00:00,-0.07249928393991656,6.499787040655854,-0.0346823866839312,128.4
2020-02-09 13:00:00,-0.07195516027375826,6.539585955617669,-0.041501158046235886,113.2
2020-02-09 14:00:00,-0.19100686494087338,6.595780513961311,-0.037144066842491164,64.4
2020-02-09 15:00:00,-0.2107055231430448,6.658011045870748,-0.033846110209249325,61.2
2020-02-09 16:00:00,-0.13335940437416038,6.710523109452428,-0.03598564428268247,-132.4
2020-02-09 17:00:00,-0.08110547186886619,6.747586526829315,-0.04842924295765094,-193.3
2020-02-09 18:00:00,-0.0869709332702766,6.79346613258001,-0.05253933673165889,-249.3
2020-02-09 19:00:00,-0.3118866163579668,6.831953565565855,-0.05555359871195975,-303.3
2020-02-09 20:00:00,-0.8792742507008489,6.853299093186078,-0.0703889106524258,-339.7
2020-02-09 21:00:00,-1.0029927871383515,6.859614903654202,-0.06646756630993966,-317.5
2020-02-09 22:00:00,-1.3797633431233947,6.862757913051401,-0.05828102692166759,-325.3
2020-02-09 23:00:00,-1.3797633431233947,6.859614903654202,-0.0553265627354822,-289.1
2020-02-10 00:00:00,-1.3797633431233947,6.738152494595957,-0.06037454681306542,-77.4
2020-02-10 01:00:00,-1.3797633431233947,6.720220155135295,-0.06442020084486799,90.0
2020-02-10 02:00:00,-1.3797633431233947,6.705639094860003,-0.06395501275279525,111.3
2020-02-10 03:00:00,-1.3797633431233947,6.697034247666484,-0.06416072702927433,124.6
2020-02-10 04:00:00,-1.3797633431233947,6.679599185844383,-0.06460693941246554,153.8
2020-02-10 05:00:00,-0.8876415907093598,6.650279048587422,-0.06872571691018248,-335.9
2020-02-10 06:00:00,-0.39024846349796904,6.630683385642372,-0.08354428483660126,-596.2
2020-02-10 07:00:00,-0.1300358228076406,6.620073206530356,-0.09116124231051881,-1082.8
2020-02-10 08:00:00,-0.10087083606801661,6.608000625296087,-0.09027106821141562,-1333.1
2020-02-10 09:00:00,-0.15337969529532858,6.617402977974478,-0.0891258711988181,-1074.4
2020-02-10 10:00:00,-0.18391348058856183,6.641182169740591,-0.0869655290311222,-1052.0
2020-02-10 11:00:00,-0.18279140643164027,6.643789733147672,-0.07249931820551758,-645.7
2020-02-10 12:00:00,-0.21095427891476337,6.608000625296087,-0.0683612365034092,-624.3
2020-02-10 13:00:00,-0.22862234662637038,6.54965074223381,-0.07451434319286232,-594.0
2020-02-10 14:00:00,-0.24161901051476065,6.48768401848461,-0.05400240397524758,-569.5
2020-02-10 15:00:00,-0.2114018042099608,6.4425401664681985,-0.049440866091441826,-543.8
2020-02-10 16:00:00,-0.1868257514632785,6.423246963533519,-0.05297265274503005,-1049.8
2020-02-10 17:00:00,-0.16850254855481372,6.431331081933479,-0.06360615659744884,-1152.3
2020-02-10 18:00:00,-0.16182616238207048,6.424869023905388,-0.07253794645423728,-1169.8
2020-02-10 19:00:00,-0.170873692465352,6.4457198193855785,-0.07917164793667464,-1172.2
2020-02-10 20:00:00,-0.1451397831887915,6.48768401848461,-0.07358319060865703,-741.2
2020-02-10 21:00:00,-0.13540647488317825,6.525029657843462,-0.06900872197460828,-638.9
2020-02-10 22:00:00,-0.14621956669865188,6.558197802812269,-0.06959853787804615,-418.2
2020-02-10 23:00:00,-0.6937263187578728,6.593044534142437,-0.06089175750660125,-225.1
2020-02-11 00:00:00,-0.09092102396379431,6.47543271670409,-0.033386441442380566,71.7
2020-02-11 01:00:00,-0.6795589214097308,6.517671272912275,-0.03310285446842531,241.5
2020-02-11 02:00:00,-0.7718490638977451,6.56244409369372,-0.03364337493824188,205.2
2020-02-11 03:00:00,-0.31802764079503687,6.602587892189336,-0.03609367844068423,141.7
2020-02-11 04:00:00,-0.06712710778490827,6.6293632534374485,-0.04087556584817076,15.2
2020-02-11 05:00:00,-0.15928024153265863,6.648984550024776,-0.050454237640998656,-904.3
2020-02-11 06:00:00,-0.1797115048619471,6.661854740545311,-0.056932802693615336,-1477.4
2020-02-11 07:00:00,-0.20307689712224652,6.665683717782408,-0.06178213830504298,-2026.2
2020-02-11 08:00:00,-0.27793767741108555,6.668228248417403,-0.06291587733128878,-2107.1
2020-02-11 09:00:00,-0.3005310198157525,6.68586094706836,-0.061942477634388204,-1802.1
2020-02-11 10:00:00,-0.2922955449075415,6.688354713946762,-0.05632870370021248,-1720.4
2020-02-11 11:00:00,-0.26826690034818457,6.659293919683638,-0.051843805206340576,-1601.2
2020-02-11 12:00:00,-0.26464807350046193,6.618738983517219,-0.052585172406385716,-1495.9
2020-02-11 13:00:00,-0.2619600288070285,6.6052979209482015,-0.04614984965395852,-1454.9
2020-02-11 14:00:00,-0.25389312105130957,6.61338421837956,-0.051254240578973764,-1547.0
2020-02-11 15:00:00,-0.2373497312081616,6.61338421837956,-0.046953488884247996,-1582.2
2020-02-11 16:00:00,-0.18786543074610051,6.610696044717759,-0.06019108430382758,-1851.5
2020-02-11 17:00:00,-0.2225279087932983,6.598509028614515,-0.06468122701721235,-2029.1
2020-02-11 18:00:00,-0.193786446685829,6.568077911411976,-0.05907074917606714,-1987.5
2020-02-11 19:00:00,-0.227894210415025,6.522092798170152,-0.05290512570063477,-1870.5
2020-02-11 20:00:00,-0.15531085181363036,6.4692503167957724,-0.051425438788127664,-1479.6
2020-02-11 21:00:00,-0.15195087532202356,6.416732282512326,-0.05673411058083566,-1140.7
2020-02-11 22:00:00,-0.16377216441204334,6.373319789577012,-0.048680010250522265,-1023.9
2020-02-11 23:00:00,-0.2303808315218383,6.311734809152915,-0.040021503054286534,-163.1
2020-02-12 00:00:00,-0.08852561650712998,6.12029741895095,-0.023444473815220412,-573.3
2020-02-12 01:00:00,0.005548051035645152,5.991464547107982,-0.020174800882041488,-428.7
2020-02-12 02:00:00,0.05798892639319142,5.831882477283517,-0.01677547307556715,-345.4
2020-02-12 03:00:00,0.029067589903359448,5.717027701406222,-0.016321298898644088,-385.5
2020-02-12 04:00:00,0.0040498365923413715,5.631211781821365,-0.014748392866993143,-639.0
2020-02-12 05:00:00,-0.08726818858094143,5.575949103146316,-0.01658825554469967,-1513.2
2020-02-12 06:00:00,-0.1475974458352498,5.4638318050256105,-0.007168734194638482,-1985.2
2020-02-12 07:00:00,-0.15445399555819517,5.332718793265369,-0.004171290125113636,-2321.1
2020-02-12 08:00:00,-0.19866904502335547,5.1647859739235145,-0.0030548293851619945,-2248.8
2020-02-12 09:00:00,-0.18823670178980745,5.0369526024136295,0.003095313187615467,-2216.5
2020-02-12 10:00:00,-0.17264290085638434,4.919980925828125,0.003811635519017642,-2243.0
2020-02-12 11:00:00,-0.17333128933519548,4.77912349311153,0.00025643529985686087,-2076.5
2020-02-12 12:00:00,-0.1824866876288369,4.653960350157523,-0.006818327392858592,-1945.4
2020-02-12 13:00:00,-0.17919058889606676,4.564348191467836,-0.008812878411716518,-1937.8
2020-02-12 14:00:00,-0.18348939594912572,4.5217885770490405,-0.010773929389332082,-1872.4
2020-02-12 15:00:00,-0.19303797970707892,4.532599493153256,-0.004979468348270899,-1881.5
2020-02-12 16:00:00,-0.16134729548437043,4.51085950651685,-0.012788385984637607,-1955.4
2020-02-12 17:00:00,-0.15133839213276712,4.477336814478207,-0.012052798635466822,-2083.7
2020-02-12 18:00:00,-0.12832408950505902,4.465908118654584,-0.0084153872567434,-2066.1
2020-02-12 19:00:00,-0.0854400769354986,4.382026634673881,0.003597020183939037,-2015.9
2020-02-12 20:00:00,-0.06160913534179402,4.189654742026425,-0.002419445794529018,-1938.9
2020-02-12 21:00:00,-0.054548237949836764,3.970291913552122,-0.011514617876169808,-1830.4
2020-02-12 22:00:00,-0.06394372558014849,3.7376696182833684,-0.012282653265354604,-1678.5
2020-02-12 23:00:00,0.04206282276156603,3.4011973816621555,-0.007277648298578576,-1491.2
2020-02-13 00:00:00,0.05959667711659389,3.7612001156935624,0.006586389434316331,-402.3
2020-02-13 01:00:00,0.1305371064892431,3.58351893845611,0.010519164428482775,-366.6
2020-02-13 02:00:00,0.13052525875422027,3.58351893845611,0.010208102582050849,-361.2
2020-02-13 03:00:00,0.11324198769866589,3.713572066704308,0.007799322558206256,-377.8
2020-02-13 04:00:00,0.08075749744679994,3.8918202981106265,0.006297963269071616,-408.0
2020-02-13 05:00:00,-0.0015224079801510193,4.02535169073515,0.0037333473584277854,-1297.9
2020-02-13 06:00:00,-0.03392448912484314,4.127134385045092,0.000980150859812845,-2395.3
2020-02-13 07:00:00,0.03883660274763967,4.276666119016055,-0.001996948342164906,-2603.9
2020-02-13 08:00:00,0.03408438540318581,4.394449154672439,-0.002839996437868031,-2631.6
2020-02-13 09:00:00,0.042745720809822974,4.465908118654584,0.0006034307578595133,-2624.2
2020-02-13 10:00:00,0.06836824903591765,4.418840607796598,0.006998503835563774,-2650.9
2020-02-13 11:00:00,0.08059063983194648,4.23410650459726,0.004818847397592307,-2650.4
2020-02-13 12:00:00,0.08686539647162972,4.04305126783455,0.00309668674592789,-2648.6
2020-02-13 13:00:00,0.08760228972619499,3.970291913552122,-0.007023340412502854,-2645.9
2020-02-13 14:00:00,0.10549405798653622,4.060443010546419,-0.0015005336158671057,-2666.0
2020-02-13 15:00:00,0.09847012718614279,4.248495242049359,0.005111765567193061,-2671.5
2020-02-13 16:00:00,0.051938602195614525,4.406719247264253,-0.004697876367949938,-2628.6
2020-02-13 17:00:00,0.003844930694407278,4.499809670330265,-0.0035708702840642204,-2614.3
2020-02-13 18:00:00,-0.01858918259206943,4.564348191467836,0.0013416963498853463,-2611.4
2020-02-13 19:00:00,0.049959044551452614,4.6443908991413725,0.00740561887722091,-2615.5
2020-02-13 20:00:00,0.05042685411966463,4.770684624465665,0.010760778239840896,-2600.5
2020-02-13 21:00:00,0.06086234816705316,4.983606621708336,0.006804492193752232,-2598.6
2020-02-13 22:00:00,0.07670980579335351,5.288267030694535,0.013939602417613273,-2629.4
2020-02-13 23:00:00,0.15424689759390686,5.598421958998375,0.022014545802256258,-2609.5
2020-02-14 00:00:00,0.268656177181664,5.375278407684165,0.024832145423641983,-1076.5
2020-02-14 01:00:00,0.34188373399529404,5.579729825986222,0.01796690784932231,-1109.3
2020-02-14 02:00:00,0.3996851661064227,5.780743515792329,0.014283250639794964,-1201.0
2020-02-14 03:00:00,0.4134283140854058,5.971261839790462,0.014007523874245642,-1277.4
2020-02-14 04:00:00,0.399419784128499,6.135564891081739,0.020644472191048813,-1443.0
2020-02-14 05:00:00,0.2880906726830821,6.253828811575473,0.02795445130906682,-2203.1
2020-02-14 06:00:00,0.11383295270546201,6.326149473155099,0.031832129037069556,-2947.3
2020-02-14 07:00:00,0.13151574642192587,6.3578422665081,0.024868812223128423,-2989.3
2020-02-14 08:00:00,0.0989521165791083,6.369900982828227,0.026210892749217507,-3040.3
2020-02-14 09:00:00,0.0950773554789599,6.364750756851911,0.0297644509126771,-3062.2
2020-02-14 10:00:00,0.13426969727002502,6.349138991379798,0.03374198736569323,-3089.9
2020-02-14 11:00:00,0.1584446648104625,6.2878585601617845,0.024193705120985953,-3120.1
2020-02-14 12:00:00,0.17699490236105753,6.234410725718371,0.02389972478949609,-3114.8
2020-02-14 13:00:00,0.14996687807685705,6.2285110035911835,0.027606587250899928,-3069.0
2020-02-14 14:00:00,0.12674705911613104,6.248042874508429,0.030592611142035153,-3093.1
2020-02-14 15:00:00,0.14973196652272058,6.272877006546167,0.03774577350648389,-3090.9
2020-02-14 16:00:00,0.09466913508165398,6.285998094508865,0.0433170022640752,-3050.4
2020-02-14 17:00:00,0.07114902600653705,6.272877006546167,0.03661020440451779,-3023.8
2020-02-14 18:00:00,0.08577650607126452,6.26530121273771,0.023603681148407496,-3013.1
2020-02-14 19:00:00,0.15232643983944927,6.2166061010848646,0.04079508114848451,-2973.0
2020-02-14 20:00:00,0.05386938028320598,6.0844994130751715,0.03486860516039858,-2549.1
2020-02-14 21:00:00,0.0601823250589133,5.926926025970411,0.03263702905442489,-2039.1
2020-02-14 22:00:00,0.03563510522258806,5.703782474656201,0.033406733924683074,-1655.7
2020-02-14 23:00:00,0.13134507149959918,5.356586274672012,0.025361838893303457,-232.0
2020-02-15 00:00:00,0.022140620534791378,5.459585514144159,0.026502200330662085,-770.9
2020-02-15 01:00:00,0.08475066882720261,5.170483995038151,0.022897219268148028,-530.0
2020-02-15 02:00:00,0.09184401525282082,5.187385805840755,0.032192715819364004,-313.2
2020-02-15 03:00:00,0.10221771270841629,5.393627546352362,0.03985185474368169,-216.8
2020-02-15 04:00:00,0.14039125723689105,5.645446897643238,0.029377172889433645,-358.0
2020-02-15 05:00:00,0.13066746282297315,5.8522024797744745,0.035439991603700705,-647.2
2020-02-15 06:00:00,0.11708206396732512,5.971261839790462,0.03706824545591303,-708.1
2020-02-15 07:00:00,0.10136883623528936,5.934894195619588,0.03462838219903297,-906.0
2020-02-15 08:00:00,0.03639290770051007,5.802118375377063,0.039050923273880045,-1049.0
2020-02-15 09:00:00,-0.0015154012232287961,5.655991810819852,0.05078348345069372,-1203.9
2020-02-15 10:00:00,0.013415446236149986,5.541263545158426,0.047834120800961166,-1295.5
2020-02-15 11:00:00,0.03193872836374512,5.455321115357702,0.04430065657857796,-1279.6
2020-02-15 12:00:00,0.0378931486892462,5.365976015021851,0.06530352692889085,-1207.2
2020-02-15 13:00:00,0.06230166154018635,5.3230099791384085,0.06686209311783653,-1145.0
2020-02-15 14:00:00,0.09746874269662253,5.3230099791384085,0.07456174167359908,-1124.5
2020-02-15 15:00:00,0.06487069757780173,5.3612921657094255,0.060579381261605114,-1193.2
2020-02-15 16:00:00,0.010025728395813172,5.537334267018537,0.07200789150590836,-1311.8
2020-02-15 17:00:00,-0.04143588960530842,5.777652323222656,0.05608785732018795,-1552.8
2020-02-15 18:00:00,-0.05759984585500488,5.953243334287785,0.037323237564263145,-1423.0
2020-02-15 19:00:00,-0.036220079711840825,6.061456918928017,0.04597166969870514,-1145.1
2020-02-15 20:00:00,-0.049439391783771214,6.12029741895095,0.03814210119341155,-411.0
2020-02-15 21:00:00,-0.08459720499045664,6.152732694704104,0.03751730826987654,-78.9
2020-02-15 22:00:00,-0.12517272145030045,6.126869184114185,0.03355914420247341,78.8
2020-02-15 23:00:00,-0.2752380421840357,6.0063531596017325,0.02094430774661138,272.2
2020-02-16 00:00:00,-0.06389037899456351,5.37989735354046,0.029160381671665903,76.8
2020-02-16 01:00:00,-0.007218692058565068,5.278114659230517,0.02312027583962184,297.4
2020-02-16 02:00:00,-0.016570805282366763,5.288267030694535,0.011705747946555434,406.6
2020-02-16 03:00:00,-0.08829056761599396,5.375278407684165,0.02247743032745131,442.4
2020-02-16 04:00:00,-0.10101751407728443,5.730099782973574,0.02295907140817466,376.8
2020-02-16 05:00:00,-0.1577092344942561,6.148468295917647,0.016158572322307663,89.7
2020-02-16 06:00:00,-0.2829556878286117,6.440946540632921,0.01825340275005871,-16.1
2020-02-16 07:00:00,-0.13313853672377407,6.633318433280377,0.01852093352951112,-191.3
2020-02-16 08:00:00,-0.14140617658310584,6.748759547491679,0.02307222059754288,-481.3
2020-02-16 09:00:00,-0.1769879919556403,6.824373670043086,0.03286702208100856,-640.2
2020-02-16 10:00:00,-0.1640195268911615,6.858565034791365,0.03156621031343043,-720.9
2020-02-16 11:00:00,-0.1505344190558371,6.848005274576363,0.03387717917150379,-706.0
2020-02-16 12:00:00,-0.11134750085618217,6.796823718274855,0.04259639445689256,-619.6
2020-02-16 13:00:00,-0.10668087164758822,6.727431724850855,0.035055340650763434,-568.6
2020-02-16 14:00:00,-0.11992057387480282,6.683360945766275,0.03702001416241618,-540.9
2020-02-16 15:00:00,-0.11981992954480036,6.656726524178391,0.03384890256210138,-522.0
2020-02-16 16:00:00,-0.13164707518864782,6.63200177739563,0.029696387556967352,-577.0
2020-02-16 17:00:00,-0.1815398691906367,6.577861357721047,0.015351989238011399,-597.9
2020-02-16 18:00:00,-0.2003871497603198,6.507277712385012,0.008446100531591227,-589.3
2020-02-16 19:00:00,-0.16466789275094662,6.413458957167357,0.008200916113402457,-487.4
2020-02-16 20:00:00,-0.1947403878190186,6.338594078203183,-0.0020846532245206717,-442.3
2020-02-16 21:00:00,-0.20030223450817175,6.331501849893691,-0.00598401806360549,-409.1
2020-02-16 22:00:00,-0.24295794444861585,6.320768294250582,-0.0030183482466181744,-402.3
2020-02-16 23:00:00,-0.183265762880783,6.282266746896006,-0.0062221308073349135,-161.5
2020-02-17 00:00:00,-0.6850698164600366,6.320768294250582,-0.0181672063261189,-148.0
2020-02-17 01:00:00,-0.6127933275648139,6.4425401664681985,-0.018636091666875743,92.5
2020-02-17 02:00:00,-0.6397952209343385,6.584791392385716,-0.016584295237589863,28.7
2020-02-17 03:00:00,-0.6285916235132889,6.678342114654332,-0.01686862982421733,-3.7
2020-02-17 04:00:00,-0.5743190389187212,6.76849321164863,-0.019609573481729647,-35.8
2020-02-17 05:00:00,-0.235494483202773,6.814542897259958,-0.023317677371187173,-732.6
2020-02-17 06:00:00,-0.20435741428207388,6.834108738813838,-0.01910365415968318,-1493.1
2020-02-17 07:00:00,-0.23659502005939714,6.840546529288687,-0.03408758500746867,-1866.1
2020-02-17 08:00:00,-0.25934755798883025,6.815639990074331,-0.027957031508657693,-1987.8
2020-02-17 09:00:00,-0.25325180438518213,6.812345094177479,-0.03121302503338441,-1971.0
2020-02-17 10:00:00,-0.24008375205561627,6.773080375655535,-0.03209631878530761,-1926.9
2020-02-17 11:00:00,-0.25298295951252214,6.698268054115413,-0.039586848666239405,-1757.5
2020-02-17 12:00:00,-0.24875055251848144,6.617402977974478,-0.04954246510699356,-1625.7
2020-02-17 13:00:00,-0.2679887368139249,6.542471960506805,-0.055695571796446686,-1575.6
2020-02-17 14:00:00,-0.27874279838895966,6.52649485957079,-0.035240127519724496,-1576.3
2020-02-17 15:00:00,-0.26957057428640185,6.56244409369372,-0.03970660727306008,-1534.6
2020-02-17 16:00:00,-0.2731481859523548,6.6052979209482015,-0.03235336554229473,-1658.9
2020-02-17 17:00:00,-0.3250931595771518,6.6052979209482015,-0.01860582110913267,-1769.2
2020-02-17 18:00:00,-0.31757352145641304,6.617402977974478,-0.018749659656092987,-1746.1
2020-02-17 19:00:00,-0.29846643352229174,6.593044534142437,-0.03019764334021513,-1637.1
2020-02-17 20:00:00,-0.27742135591308603,6.519147287940395,-0.03448277097170038,-1381.8
2020-02-17 21:00:00,-0.23523069818271436,6.429719478039138,-0.022131142063727793,-1222.4
2020-02-17 22:00:00,-0.21085744696989295,6.304448802421981,-0.03447920646997371,-1023.4
2020-02-17 23:00:00,-0.1782603154353799,6.07993319509559,-0.03489516760121347,-654.5
2020-02-18 00:00:00,-0.19191662653691965,5.627621113690637,-0.014724642253960418,-1077.5
2020-02-18 01:00:00,-0.12758259003226557,5.583496308781699,-0.012702310167933994,-1035.0
2020-02-18 02:00:00,-0.15227765750131272,5.659482215759621,-0.014890277468349034,-791.2
2020-02-18 03:00:00,-0.20964792939970822,5.8377304471659395,-0.0173558593376546,-569.9
2020-02-18 04:00:00,-0.2132197262824045,6.0330862217988015,-0.020705458899038298,-916.9
2020-02-18 05:00:00,-0.26891373089060355,6.1675164908883415,-0.021306841443610836,-1485.9
2020-02-18 06:00:00,-0.3138374867419218,6.263398262591624,-0.021657100103174898,-1829.4
2020-02-18 07:00:00,-0.37967870524341407,6.354370040797351,-0.025867688495655905,-2169.6
2020-02-18 08:00:00,-0.47002283170532255,6.38856140554563,-0.028417043272612297,-2121.6
2020-02-18 09:00:00,-0.43767355387279494,6.405228458030842,-0.028239654099265543,-2175.0
2020-02-18 10:00:00,-0.42688569888030603,6.410174881966167,-0.019532793998166653,-2145.1
2020-02-18 11:00:00,-0.4211745719358455,6.391917113392602,-0.025056489242690994,-1908.6
2020-02-18 12:00:00,-0.4435484842959454,6.38856140554563,-0.033094300518347275,-1669.7
2020-02-18 13:00:00,-0.4345428075805118,6.391917113392602,-0.02962054770274758,-1664.3
2020-02-18 14:00:00,-0.394231891903857,6.395261598115449,-0.029391326801329498,-1928.4
2020-02-18 15:00:00,-0.3650592560400754,6.398594934535208,-0.028177120518467547,-2002.4
2020-02-18 16:00:00,-0.3441815510037638,6.393590753950631,-0.04222652932852888,-2168.1
2020-02-18 17:00:00,-0.39406295689150017,6.38856140554563,-0.03588632506926803,-2279.4
2020-02-18 18:00:00,-0.35854167976188434,6.406879986069314,-0.03154948822534198,-2274.0
2020-02-18 19:00:00,-0.37528049015374165,6.401917196727186,-0.025896732352300944,-2288.9
2020-02-18 20:00:00,-0.2435615399049964,6.338594078203183,-0.026452517856748514,-2358.5
2020-02-18 21:00:00,-0.2033949878985335,6.282266746896006,-0.03365616329829102,-2232.3
2020-02-18 22:00:00,-0.21406418787217918,6.261491684321042,-0.029737060237563284,-2039.7
2020-02-18 23:00:00,-0.11692595528779526,6.263398262591624,-0.017656353594706964,-1736.4
2020-02-19 00:00:00,-0.1740067713159923,6.484635235635252,-0.014526700893165767,-1395.7
2020-02-19 01:00:00,-0.07404395965958965,6.46302945692067,-0.009601298551578097,-1295.5
2020-02-19 02:00:00,-0.006187060105403486,6.436150368369428,-0.008671701012459287,-1319.2
2020-02-19 03:00:00,0.00562901693134199,6.406879986069314,-0.008243710552276795,-1604.7
2020-02-19 04:00:00,-0.01878220545030418,6.375024819828097,-0.010765910502676057,-1908.5
2020-02-19 05:00:00,-0.13355626637413565,6.345636360828596,-0.013489879712029307,-2696.7
2020-02-19 06:00:00,-0.22109990782817635,6.327936783729195,-0.015218539829002786,-2801.8
2020-02-19 07:00:00,-0.24796789750952675,6.285998094508865,-0.022663993505350533,-2914.2
2020-02-19 08:00:00,-0.21257571667778263,6.182084906716632,-0.021534388659999237,-2888.7
2020-02-19 09:00:00,-0.17074718665945943,6.028278520230698,-0.015993283374907463,-2828.9
2020-02-19 10:00:00,-0.14138077793652837,5.849324779946859,-0.008999927615182202,-2808.6
2020-02-19 11:00:00,-0.1150744220779214,5.666426688112432,-0.01708503973663067,-2746.4
2020-02-19 12:00:00,-0.10399061633016249,5.4638318050256105,-0.03245136758536482,-2694.9
2020-02-19 13:00:00,-0.07987946235665344,5.298317366548036,-0.03314139123473048,-2702.6
2020-02-19 14:00:00,-0.03590472789275756,5.209486152841421,-0.030722873168324227,-2710.2
2020-02-19 15:00:00,0.009235708350528338,5.19295685089021,-0.02550804848939947,-2620.2
2020-02-19 16:00:00,0.01827374657090841,5.214935757608986,-0.030937704490314744,-2701.5
2020-02-19 17:00:00,0.01703266952732463,5.187385805840755,-0.01916520415127465,-2690.6
2020-02-19 18:00:00,0.046105776550696476,5.117993812416755,-0.01055901079999444,-2678.6
2020-02-19 19:00:00,0.08349324273993997,4.9344739331306915,0.005760742629250082,-2652.0
2020-02-19 20:00:00,0.11472274931141913,4.672828834461906,-0.00023683306921107317,-2632.2
2020-02-19 21:00:00,0.06703875254953351,4.418840607796598,-0.001895601793467705,-2587.1
2020-02-19 22:00:00,0.03610740451970651,4.248495242049359,0.00520163858025402,-2563.9
2020-02-19 23:00:00,0.12693812527331128,4.204692619390966,0.01815724884924297,-2513.6
2020-02-20 00:00:00,0.05407942174183944,4.143134726391533,0.027639798632148604,-2535.7
2020-02-20 01:00:00,0.06746271445656138,4.454347296253507,0.03474856385531755,-2287.4
2020-02-20 02:00:00,0.04968039668025437,4.787491742782046,0.036710043327557784,-2073.1
2020-02-20 03:00:00,0.00712014729908006,5.170483995038151,0.034260010329549395,-1837.5
2020-02-20 04:00:00,-0.03906843983938346,5.616771097666572,0.03167418076244566,-1803.7
2020-02-20 05:00:00,-0.12923400647478545,6.0063531596017325,0.02399670484578653,-1974.4
2020-02-20 06:00:00,-0.2147146520513692,6.329720905522696,0.01243338987331466,-2033.4
2020-02-20 07:00:00,-0.2756085529568888,6.543911845564792,0.0035974718431592834,-2263.0
2020-02-20 08:00:00,-0.3223615246757068,6.626717749249025,0.004148152196060018,-2289.5
2020-02-20 09:00:00,-0.3171498378289517,6.661854740545311,0.00547639549973411,-2252.3
2020-02-20 10:00:00,-0.2997117708799917,6.682108597449809,0.013294432292378033,-2277.5
2020-02-20 11:00:00,-0.2888605881101989,6.717804695023691,0.01331146744324574,-2256.5
2020-02-20 12:00:00,-0.2944060551877663,6.7650389767805414,0.015166410833258759,-2118.4
2020-02-20 13:00:00,-0.3175946140086303,6.812345094177479,0.002252502050018812,-2027.2
2020-02-20 14:00:00,-0.3032283819919348,6.862757913051401,0.008535392911918294,-2019.1
2020-02-20 15:00:00,-0.3288657269138513,6.897704943128636,0.01294935467211733,-1995.0
2020-02-20 16:00:00,-0.33162167052449965,6.912742820493176,-0.005408355971548318,-1990.4
2020-02-20 17:00:00,-0.32498218586854977,6.914730892718563,-0.014130630499066044,-2169.8
2020-02-20 18:00:00,-0.33031087422999716,6.903747257584598,-0.008580426156431287,-2147.8
2020-02-20 19:00:00,-0.2892797783054206,6.913737350659685,-0.002608770967182039,-1947.5
2020-02-20 20:00:00,-0.29506502726620853,6.911747300251674,-0.001500464442020899,-1778.0
2020-02-20 21:00:00,-0.31394431950261303,6.90875477931522,-0.00270893484412138,-1574.4
2020-02-20 22:00:00,-0.3375714803242835,6.906754778648554,0.004190743804863395,-1373.0
2020-02-20 23:00:00,-0.3175463269140586,6.915723448631314,0.013659009154324941,-1065.3
2020-02-21 00:00:00,-0.30032536674140076,6.9975959829819265,0.0024114149853406985,-1023.1
2020-02-21 01:00:00,-0.29850395894088955,6.98933526597456,-0.002457997002718315,-746.7
2020-02-21 02:00:00,-0.2863014220289144,6.9584483932976555,-0.01419968749342182,-588.0
2020-02-21 03:00:00,-0.23482091121151427,6.903747257584598,-0.015915968598029906,-868.6
2020-02-21 04:00:00,-0.21053739712030062,6.851184927493743,-0.011790803562105268,-1176.5
2020-02-21 05:00:00,-0.2951440339013738,6.799055862058796,-0.005643333657110006,-1324.5
2020-02-21 06:00:00,-0.3121066933832122,6.754604099487962,-0.013437269354025005,-1632.3
2020-02-21 07:00:00,-0.23227666528567026,6.695798917058491,-0.02200399932299124,-2264.7
2020-02-21 08:00:00,-0.27101866011658826,6.61338421837956,-0.026960070338723163,-2373.5
2020-02-21 09:00:00,-0.2748078201965787,6.52795791762255,-0.025232224834771166,-2404.4
2020-02-21 10:00:00,-0.28189069995488714,6.4457198193855785,-0.015854953773678737,-2095.3
2020-02-21 11:00:00,-0.3079811430873889,6.376726947898627,-0.013573020971757721,-1825.2
2020-02-21 12:00:00,-0.348383992814969,6.366470447731438,0.0028905487001527064,-1440.3
2020-02-21 13:00:00,-0.37971045104773715,6.447305862541213,-0.0034913250483192826,-1290.9
2020-02-21 14:00:00,-0.41324465700970325,6.558197802812269,-0.008267806565085856,-1245.7
2020-02-21 15:00:00,-0.39700810705265654,6.665683717782408,-0.011113501551395899,-1247.7
2020-02-21 16:00:00,-0.3990973065944865,6.759255270663693,-0.01926932430530215,-1316.3
2020-02-21 17:00:00,-0.3801033478563909,6.80903930604298,-0.02249632654096345,-1519.3
2020-02-21 18:00:00,-0.34718375319070516,6.842683282238422,-0.02649497809425938,-1583.4
2020-02-21 19:00:00,-0.2907644657691488,6.88653164253051,-0.007820639060627244,-1469.4
2020-02-21 20:00:00,-0.327777414857104,6.920671504248683,-0.015342013793324227,-1311.6
2020-02-21 21:00:00,-0.30513806589995784,6.943122422819428,-0.017520976658681242,-1174.7
2020-02-21 22:00:00,-0.34273179188631486,6.959398512133975,-0.023751679915265278,-917.7
2020-02-21 23:00:00,-0.35468589365317493,6.968850378341948,-0.03498129101416492,-582.0
2020-02-22 00:00:00,-0.3189484982169275,6.97914527506881,-0.03564913933957303,-664.0
2020-02-22 01:00:00,-0.8728826321039393,6.984716320118266,-0.03561749479327858,-216.6
2020-02-22 02:00:00,-1.1113592622940867,6.97914527506881,-0.029147264779991744,-210.8
2020-02-22 03:00:00,-1.129370258650493,6.97354301952014,-0.02676109350829936,-219.5
2020-02-22 04:00:00,-0.8952789114744213,6.9650803456014065,-0.03238532122879789,-204.2
2020-02-22 05:00:00,-0.4352227063771217,6.9584483932976555,-0.03419370015509937,-377.4
2020-02-22 06:00:00,-0.326604256961037,6.954638864880987,-0.03271859193221527,-341.3
2020-02-22 07:00:00,-0.3372568083238372,6.951772164398911,-0.028598089767154278,-413.6
2020-02-22 08:00:00,-0.3683457201722886,6.940222469119639,-0.02897233776737984,-528.1
2020-02-22 09:00:00,-0.36490929541070605,6.90975328164481,-0.029374891333028508,-765.4
2020-02-22 10:00:00,-0.3138427087229809,6.856461984594587,-0.03075175260658103,-1023.0
2020-02-22 11:00:00,-0.2921369430715832,6.795705775173514,-0.04219578734097151,-981.5
2020-02-22 12:00:00,-0.2822345178890999,6.697034247666484,-0.03935744340484959,-852.1
2020-02-22 13:00:00,-0.2744537007907324,6.566672429803241,-0.04166922292288877,-583.2
2020-02-22 14:00:00,-0.2745204362151523,6.466144724237619,-0.03809864331893387,-246.9
2020-02-22 15:00:00,-0.3099513444182773,6.440946540632921,-0.03550629295925045,-226.6
2020-02-22 16:00:00,-0.3196072045751581,6.431331081933479,-0.02514196448925965,-662.6
2020-02-22 17:00:00,-0.34460781054489287,6.505784060128229,-0.036438979999571686,-1067.3
2020-02-22 18:00:00,-0.336213143213576,6.612041034833092,-0.048735667689391526,-1179.9
2020-02-22 19:00:00,-0.30003467075697854,6.70808408385307,-0.0380866333081844,-1144.7
2020-02-22 20:00:00,-0.33375489365979716,6.75110146893676,-0.0416021791897192,-545.3
2020-02-22 21:00:00,-0.42464726295955346,6.760414691083428,-0.03976147287094722,-481.2
2020-02-22 22:00:00,-0.5261231492039382,6.748759547491679,-0.03913058916580425,-521.9
2020-02-22 23:00:00,-0.39693497716155557,6.755768921984255,-0.04001205976609601,-336.2
2020-02-23 00:00:00,-0.34951150562632183,6.546785410760524,-0.05555478305761419,-353.8
2020-02-23 01:00:00,-0.2664290904290345,6.593044534142437,-0.054924944137314746,25.8
2020-02-23 02:00:00,-0.30202676773550063,6.655440350367647,-0.0588363105272256,1.0
2020-02-23 03:00:00,-0.40828394492012143,6.694562058521095,-0.04961141886462794,-8.2
2020-02-23 04:00:00,-0.21839346647952196,6.706862336602747,-0.05357228461913888,-13.3
2020-02-23 05:00:00,-0.1736913098328241,6.720220155135295,-0.059908496898983365,-285.1
2020-02-23 06:00:00,-0.20311280031759438,6.731018100482083,-0.04893899357991316,-279.7
2020-02-23 07:00:00,-0.2081461204695514,6.75110146893676,-0.03903772045986731,-294.6
2020-02-23 08:00:00,-0.2699472622060397,6.777646593635117,-0.0355665784128405,-387.2
2020-02-23 09:00:00,-0.1817567182077231,6.79794041297493,-0.032583842160830656,-885.3
2020-02-23 10:00:00,-0.17039768063191474,6.814542897259958,-0.04237563508519582,-1217.3
2020-02-23 11:00:00,-0.1977301103921114,6.821107472256465,-0.056232931136630526,-1041.0
2020-02-23 12:00:00,-0.17682543023568886,6.843749949006225,-0.06557593265383499,-1009.5
2020-02-23 13:00:00,-0.16300820295476415,6.879355804460439,-0.06918184984681464,-1030.5
2020-02-23 14:00:00,-0.15341207618110353,6.912742820493176,-0.06988152130643321,-1034.2
2020-02-23 15:00:00,-0.17564837909774234,6.946013991099227,-0.07677798135411606,-1015.0
2020-02-23 16:00:00,-0.23995842826441915,6.97354301952014,-0.06461429191427381,-1006.3
2020-02-23 17:00:00,-0.22079334291329955,6.990256500493881,-0.04842924295765094,-1784.9
2020-02-23 18:00:00,-0.19063097481495506,7.002155954403621,-0.03580890847244955,-2648.8
2020-02-23 19:00:00,-0.18150330721480934,7.014814351275545,-0.02240990989938041,-1870.1
2020-02-23 20:00:00,-0.28616539114117456,7.023758954738443,-0.037573466184268156,-1150.7
2020-02-23 21:00:00,-0.28422844220810584,7.0317412587631285,-0.03809686918072419,-1129.0
2020-02-23 22:00:00,-0.24867224571205426,7.038783541388542,-0.034222127913974276,-1181.3
2020-02-23 23:00:00,-0.20421415984459346,7.0431599159883405,-0.041397619798707375,-973.2
2020-02-24 00:00:00,-0.34735611475075867,7.057897937411856,-0.06037454681306542,-871.6
2020-02-24 01:00:00,-0.17676556904648288,7.063903961472068,-0.05762900326686626,-452.9
2020-02-24 02:00:00,-0.19428995138885208,7.067319848653476,-0.05548038576182357,-440.5
2020-02-24 03:00:00,0.025998830047837096,7.0707241072602764,-0.05401693759876913,-521.6
2020-02-24 04:00:00,-0.03917610750202405,7.074116816197362,-0.05130666022498431,-1715.8
2020-02-24 05:00:00,-0.1567540821665676,7.072421900537371,-0.03901658691429066,-2489.7
2020-02-24 06:00:00,-0.22233367013154526,7.068172000388042,-0.022781481034271245,-2743.8
2020-02-24 07:00:00,-0.3032346976055935,7.064759027791802,-0.029774134753749237,-2546.4
2020-02-24 08:00:00,-0.3274948528478703,7.050989447068045,-0.03365911395756527,-2626.2
2020-02-24 09:00:00,-0.3142463170880241,7.044905117129371,-0.033352063282134026,-2693.4
2020-02-24 10:00:00,-0.295674767455552,7.028201432058005,-0.04297781897284203,-2732.4
2020-02-24 11:00:00,-0.2958685510506114,7.01211529430638,-0.05366636987242579,-2748.6
2020-02-24 12:00:00,-0.28567782511069995,6.9975959829819265,-0.0706434740858759,-2739.4
2020-02-24 13:00:00,-0.28942906805179414,6.977281341630747,-0.06242960397779029,-2773.1
2020-02-24 14:00:00,-0.2832917069153287,6.9584483932976555,-0.05173225544070803,-2830.3
2020-02-24 15:00:00,-0.2605139086086048,6.937314081223682,-0.06079172576013203,-2903.5
2020-02-24 16:00:00,-0.25453953584712563,6.917705609835305,-0.047777835867925944,-2958.2
2020-02-24 17:00:00,-0.2957870329916523,6.878326468291325,-0.03218230688307511,-2954.7
2020-02-24 18:00:00,-0.1733795643212228,6.849066282633458,-0.011601666390806287,-3104.7
2020-02-24 19:00:00,-0.14539044482479913,6.812345094177479,-0.03166931395167083,-3111.2
2020-02-24 20:00:00,-0.11724952920695886,6.755768921984255,-0.03298014108716529,-2979.8
2020-02-24 21:00:00,-0.04464889824194174,6.680854678790215,-0.00944913695630678,-3054.5
2020-02-24 22:00:00,0.03833496459961516,6.595780513961311,-0.02200827321585752,-3183.6
2020-02-24 23:00:00,-0.0878548207262968,6.501289670540389,-0.02373077731633,-2255.6
2020-02-25 00:00:00,-0.09170873570204385,6.419994928147142,-0.016333653059660946,-1242.2
2020-02-25 01:00:00,-0.08553435378876628,6.309918278226516,-0.012702310167933994,-1087.0
2020-02-25 02:00:00,-0.06154880411155039,6.244166900663736,-0.009251921814082742,-894.7
2020-02-25 03:00:00,-0.08328851184349917,6.220590170099739,-0.014132649456085389,-784.4
2020-02-25 04:00:00,-0.11944289714906908,6.20050917404269,-0.00958540785496087,-731.4
2020-02-25 05:00:00,-0.16078626591369627,6.19644412779452,-0.003607264344210215,-1502.2
2020-02-25 06:00:00,-0.03711934351391388,6.12029741895095,0.00813079065344624,-2822.0
2020-02-25 07:00:00,0.09837230470940339,5.971261839790462,0.011579286594894711,-2879.2
2020-02-25 08:00:00,0.11077377830954749,5.7745515455444085,0.008414315258531424,-2928.0
2020-02-25 09:00:00,0.03480226451832946,5.564520407322694,0.0008713827638517913,-2831.3
2020-02-25 10:00:00,-0.09936825096838531,5.342334251964811,-0.005185345590025037,-2719.3
2020-02-25 11:00:00,-0.07179893047872499,5.159055299214529,-0.01628450316985397,-2680.2
2020-02-25 12:00:00,-0.11059531288992819,5.0369526024136295,-0.03161062072095522,-2631.5
2020-02-25 13:00:00,-0.13041199388005298,5.049856007249537,-0.02962054770274758,-2607.5
2020-02-25 14:00:00,-0.1965462732851595,5.1647859739235145,-0.03013731713805079,-2455.6
2020-02-25 15:00:00,-0.1986007285382203,5.384495062789089,-0.01634266287146513,-2304.7
2020-02-25 16:00:00,-0.20290330811064106,5.666426688112432,-0.01442664105093261,-2309.2
2020-02-25 17:00:00,-0.08600603625066716,5.857933154483459,0.0005592948511887741,-2679.1
2020-02-25 18:00:00,-0.10888700289934272,5.958424693029782,0.015737258007992416,-2685.1
2020-02-25 19:00:00,-0.1774739537690535,5.958424693029782,0.015428466405487562,-2684.0
2020-02-25 20:00:00,-0.11525209126162572,5.8805329864007,0.013113082349443417,-2407.7
2020-02-25 21:00:00,-0.046017457901177394,5.7745515455444085,0.012414390818498156,-2470.2
2020-02-25 22:00:00,-0.07219582012315051,5.680172609017068,0.012366364659162521,-2312.9
2020-02-25 23:00:00,-0.013618017914355907,5.575949103146316,0.014980575718316125,-1882.0
2020-02-26 00:00:00,0.04730023219091617,5.030437921392435,0.015682273510231326,-2146.8
2020-02-26 01:00:00,0.13917603868559913,4.859812404361672,0.019894661988193008,-1857.1
2020-02-26 02:00:00,0.1895759279715259,4.68213122712422,0.02388377427206123,-1802.8
2020-02-26 03:00:00,0.1592148845436414,4.477336814478207,0.018742053969551087,-1839.0
2020-02-26 04:00:00,0.12974397650559144,4.30406509320417,0.025147394723536998,-2269.4
2020-02-26 05:00:00,0.018927051666253636,4.1588830833596715,0.03112999811902295,-2756.2
2020-02-26 06:00:00,0.15667846759774262,4.110873864173311,0.03981499580052361,-2738.7
2020-02-26 07:00:00,0.19992445107977774,4.219507705176107,0.04129108395164405,-2693.3
2020-02-26 08:00:00,0.20825973297496958,4.477336814478207,0.0369781215276781,-2741.8
2020-02-26 09:00:00,0.1849985331145323,4.836281906951478,0.029358052734682616,-2776.1
2020-02-26 10:00:00,0.1799765079652138,5.135798437050262,0.02203218163254661,-2824.0
2020-02-26 11:00:00,0.14761396898699441,5.262690188904886,0.005970736563295276,-2835.5
2020-02-26 12:00:00,0.20576479139305315,5.3612921657094255,-0.016262640235446213,-2864.9
2020-02-26 13:00:00,0.10654406327131882,5.484796933490655,-0.01612285248315448,-2900.1
2020-02-26 14:00:00,0.1045198481070786,5.583496308781699,-0.011505725982545734,-2914.7
2020-02-26 15:00:00,0.052595856501202576,5.683579767338681,0.004410272001567961,-2907.6
2020-02-26 16:00:00,0.02097426130958402,5.7899601708972535,0.008564738485931755,-2882.0
2020-02-26 17:00:00,0.09439081183019171,5.869296913133774,0.020028055706923453,-2890.7
2020-02-26 18:00:00,0.1297657193422932,5.953243334287785,0.034887467426374386,-2904.5
2020-02-26 19:00:00,0.1886363434605034,5.976350909297934,0.04392791940739471,-2896.4
2020-02-26 20:00:00,0.2242797994545307,5.908082938168931,0.03334974652735223,-2900.4
2020-02-26 21:00:00,0.2603010197239586,5.849324779946859,0.03141667467364684,-2890.7
2020-02-26 22:00:00,0.7672223874157469,5.7745515455444085,0.028293912366688545,-2970.1
2020-02-26 23:00:00,0.6819114215971496,5.683579767338681,0.029508108517933174,-2907.5
2020-02-27 00:00:00,1.0330916723068753,5.71042701737487,0.03302649884477393,-934.3
2020-02-27 01:00:00,0.862746492289951,5.627621113690637,0.0332029684935371,-751.3
2020-02-27 02:00:00,0.8126149665959406,5.572154032177765,0.039015077002774845,-773.8
2020-02-27 03:00:00,0.7247184237231896,5.521460917862246,0.034260010329549395,-798.8
2020-02-27 04:00:00,0.718305671907983,5.537334267018537,0.03773021743948757,-773.0
2020-02-27 05:00:00,0.9303199099969937,5.627621113690637,0.04458566742340775,-1310.8
2020-02-27 06:00:00,1.1141061999096324,5.717027701406222,0.05425132955663603,-2065.3
2020-02-27 07:00:00,1.2932602414281487,5.786897381366708,0.05590141295633355,-2051.2
2020-02-27 08:00:00,1.3886128069778163,5.796057750765372,0.04908423491197045,-2033.5
2020-02-27 09:00:00,1.2758714135191385,5.823045895483019,0.036921228207392076,-2054.0
2020-02-27 10:00:00,1.1930971741158318,5.817111159963204,0.025079664017000347,-2046.6
2020-02-27 11:00:00,0.9754542993749031,5.723585101952381,0.0012588578777386061,-2119.9
2020-02-27 12:00:00,0.8909549019435707,5.598421958998375,-0.0200257306749263,-1916.5
2020-02-27 13:00:00,0.9125021897342922,5.541263545158426,-0.03390472654932708,-1917.2
2020-02-27 14:00:00,1.0452472191573667,5.560681631015528,-0.01820996706355693,-1924.3
2020-02-27 15:00:00,1.0532740789988924,5.616771097666572,-0.002067016159812418,-1989.6
2020-02-27 16:00:00,1.0664777360451536,5.697093486505405,0.008706204390898975,-2105.9
2020-02-27 17:00:00,1.3867906681712734,5.777652323222656,0.03489541054373202,-2089.0
2020-02-27 18:00:00,1.3577088252379648,5.872117789475416,0.05689248736041019,-2047.9
2020-02-27 19:00:00,1.1455638121556073,5.902633333401366,0.05399033639819617,-2043.8
2020-02-27 20:00:00,0.9721150475761862,5.849324779946859,0.05355931274100634,-2084.8
2020-02-27 21:00:00,0.9067359604943812,5.84354441703136,0.05444947899582786,-2085.8
2020-02-27 22:00:00,0.8770653235174968,5.910796644040527,0.05129290139609921,-1901.8
2020-02-27 23:00:00,0.8136246356004979,5.973809611869261,0.05035350412072237,-1472.5
2020-02-28 00:00:00,0.8151106735046239,6.391917113392602,0.026360029601694812,-1365.3
2020-02-28 01:00:00,0.745842817722421,6.421622267806518,0.02802501972235749,-985.1
2020-02-28 02:00:00,0.7803378829382286,6.4457198193855785,0.018952519823479008,-989.6
2020-02-28 03:00:00,0.7509033663882976,6.461468176353717,0.02250506438468669,-995.7
2020-02-28 04:00:00,0.7245760501636851,6.431331081933479,0.036475937407729475,-983.8
2020-02-28 05:00:00,0.620385952405472,6.3578422665081,0.054042887393364936,-1855.9
2020-02-28 06:00:00,0.8854626739075169,6.2878585601617845,0.05642353217439133,-2114.5
2020-02-28 07:00:00,0.2646378900127031,6.2324480165505225,0.069642584135015,-2809.1
2020-02-28 08:00:00,0.2175613547020827,6.175867270105761,0.06963876943774938,-2896.8
2020-02-28 09:00:00,0.19443564177575912,6.118097198041348,0.05421231538842708,-2779.8
2020-02-28 10:00:00,0.22688719528584134,6.018593214496234,0.0477562307405055,-2798.0
2020-02-28 11:00:00,0.2433202928356768,5.84354441703136,0.03579397167506304,-2797.7
2020-02-28 12:00:00,0.2658106360716981,5.673323267171493,0.03903068746679228,-2718.1
2020-02-28 13:00:00,0.25949417631335425,5.572154032177765,0.03246602062464632,-2696.9
2020-02-28 14:00:00,0.2410126380204085,5.605802066295998,0.022241831924614708,-2651.5
2020-02-28 15:00:00,0.26775495418985384,5.746203190540153,0.02732539439559112,-2651.1
2020-02-28 16:00:00,0.2537505123655519,5.91350300563827,0.018471003677544395,-2618.4
2020-02-28 17:00:00,0.23583208870272854,6.042632833682381,0.0345824916448656,-2636.2
2020-02-28 18:00:00,0.26347110261507334,6.142037405587356,0.03319279572110645,-2668.1
2020-02-28 19:00:00,0.3558626991559035,6.194405391104672,0.05189859564099475,-2648.4
2020-02-28 20:00:00,0.35962812313516634,6.182084906716632,0.043349221358819356,-2720.8
2020-02-28 21:00:00,0.3933606234179927,6.152732694704104,0.04408207530029795,-2550.7
2020-02-28 22:00:00,0.6347925134114414,6.091309882077698,0.031211343361247756,-1881.6
2020-02-28 23:00:00,0.6438429364579519,6.013715156042802,0.0276115586273189,-1625.4
2020-02-29 00:00:00,0.11298318307939992,5.886104031450156,0.014222690700600005,-641.2
2020-02-29 01:00:00,0.046952108204944665,5.768320995793772,0.014412787346276268,-79.4
2020-02-29 02:00:00,0.09184401525282082,5.720311776607412,0.02299724872626374,156.5
2020-02-29 03:00:00,0.12301168488313063,5.700443573390687,0.025342245475995284,172.0
2020-02-29 04:00:00,0.1587825802083147,5.730099782973574,0.02633996478398437,125.2
2020-02-29 05:00:00,0.05264444783296085,5.771441123130016,0.026430921661335205,-412.9
2020-02-29 06:00:00,0.03583914137443589,5.762051382780177,0.0243956942021466,-457.4
2020-02-29 07:00:00,0.08718420124333326,5.69035945432406,0.041895856046011204,-584.6
2020-02-29 08:00:00,0.10451330566985151,5.556828061699537,0.04617346050707827,-605.2
2020-02-29 09:00:00,0.11056961331851722,5.407171771460119,0.04869942573216424,-939.8
2020-02-29 10:00:00,0.10578876636716528,5.241747015059643,0.05062937069926576,-568.8
2020-02-29 11:00:00,0.09045882467526445,4.983606621708336,0.05766701808184127,-516.0
2020-02-29 12:00:00,0.07589426686786016,4.68213122712422,0.050498885717011,-477.2
2020-02-29 13:00:00,0.04300845860550728,4.442651256490317,0.04223897081622496,-422.7
2020-02-29 14:00:00,0.06722885750690422,4.3694478524670215,0.04559468632089558,-421.9
2020-02-29 15:00:00,0.026667853772749606,4.574710978503383,0.04566962689531806,-433.2
2020-02-29 16:00:00,-0.016945388378978965,4.927253685157205,0.04719614316020326,-483.5
2020-02-29 17:00:00,0.032819549798662084,5.209486152841421,0.025018737692991344,-623.1
2020-02-29 18:00:00,0.03535041321890686,5.420534999272286,0.021119994725800062,-855.3
2020-02-29 19:00:00,0.014638337521649891,5.60947179518496,0.036021338845537265,-846.8
2020-02-29 20:00:00,-0.11787655333699965,5.746203190540153,0.022257290653388218,-673.3
2020-02-29 21:00:00,-0.07276274734345378,5.8522024797744745,0.012662227608636556,-505.1
2020-02-29 22:00:00,-0.03027397962750511,5.905361848054571,0.018688981723022025,-521.5
2020-02-29 23:00:00,-0.011272496349570726,5.916202062607435,0.018667266914559555,-358.1
2020-03-01 00:00:00,0.20645925998359527,5.537334267018537,0.05175210708008571,-221.4
2020-03-01 01:00:00,0.22440209651565368,5.594711379601839,0.04463397459392837,349.5
2020-03-01 02:00:00,0.2231771199917434,5.659482215759621,0.0422584465771525,477.2
2020-03-01 03:00:00,0.21103585291170068,5.68697535633982,0.04523749469508864,464.7
2020-03-01 04:00:00,0.2553789627840395,5.700443573390687,0.03312349128768588,476.6
2020-03-01 05:00:00,0.35116162700789655,5.673323267171493,0.029375468456758647,485.4
2020-03-01 06:00:00,0.38967207528875303,5.652489180268651,0.03531386934357883,522.5
2020-03-01 07:00:00,0.38138685003774864,5.5909869805108565,0.04057060730205997,224.2
2020-03-01 08:00:00,0.3569694147522342,5.472270673671475,0.052938253149817704,275.1
2020-03-01 09:00:00,0.34207676534967524,5.298317366548036,0.06323880432114581,121.3
2020-03-01 10:00:00,0.3371631619365534,5.159055299214529,0.05129464389179095,136.4
2020-03-01 11:00:00,0.3346593225286423,5.123963979403259,0.05021875679672938,131.2
2020-03-01 12:00:00,0.3586468460100778,5.176149732573829,0.061824543244155095,135.1
2020-03-01 13:00:00,0.36783204441463413,5.267858159063328,0.06756592659937155,121.5
2020-03-01 14:00:00,0.38931719508683127,5.375278407684165,0.07157347373482015,98.7
2020-03-01 15:00:00,0.37397636271311674,5.476463551931511,0.06815008861670169,88.9
2020-03-01 16:00:00,0.4422632366429924,5.583496308781699,0.077841304868973,-410.1
2020-03-01 17:00:00,0.5295283576090117,5.680172609017068,0.08538419345440307,-1525.8
2020-03-01 18:00:00,0.5138417042396628,5.780743515792329,0.07118503501790485,-1790.5
2020-03-01 19:00:00,0.45865778008659097,5.849324779946859,0.08567195874964195,-1514.3
2020-03-01 20:00:00,0.37821828765183074,5.8916442118257715,0.06803728931599018,-1278.1
2020-03-01 21:00:00,0.3489197763338172,5.950642552587727,0.06561278195437037,-922.0
2020-03-01 22:00:00,0.3700979614420663,6.0112671744041615,0.07068304102162148,-892.8
2020-03-01 23:00:00,0.3741251704229893,6.07073772800249,0.07564975018240361,-764.2
2020-03-02 00:00:00,0.34500419084976475,6.030685260261263,0.0721731469607505,-455.9
2020-03-02 01:00:00,0.38669818776528686,6.09807428216624,0.06876676793174141,-84.3
2020-03-02 02:00:00,0.37595257940204574,6.139884552226255,0.07096239851300812,-98.6
2020-03-02 03:00:00,0.45763578549469397,6.175867270105761,0.06750876791274418,-145.2
2020-03-02 04:00:00,0.4009057087235206,6.222576268071369,0.06864631603502236,-300.9
2020-03-02 05:00:00,0.42064076745841517,6.218600119691729,0.08876841761293175,-1856.0
2020-03-02 06:00:00,0.45416504102910205,6.20455776256869,0.08455183712360448,-2391.7
2020-03-02 07:00:00,0.46022773417021723,6.156978985585555,0.07899311912556772,-2551.9
2020-03-02 08:00:00,0.48695517163325164,5.988961416889864,0.07715234453814457,-2692.3
2020-03-02 09:00:00,0.5007359529977928,5.771441123130016,0.08533541256776278,-2638.4
2020-03-02 10:00:00,0.5168333933219227,5.5909869805108565,0.08930813861752185,-2606.9
2020-03-02 11:00:00,0.5205392830909354,5.4510384535657,0.086055394957401,-2565.0
2020-03-02 12:00:00,0.5449364272884374,5.3230099791384085,0.07066047286206345,-2566.6
2020-03-02 13:00:00,0.540417094818209,5.298317366548036,0.07324517670239938,-2568.6
2020-03-02 14:00:00,0.5347001765641548,5.420534999272286,0.08380406163099074,-2614.1
2020-03-02 15:00:00,0.5341503667655632,5.598421958998375,0.07078053575763121,-2641.3
2020-03-02 16:00:00,0.5137556085457415,5.808142489980444,0.07614302045313348,-2666.1
2020-03-02 17:00:00,0.4594890361083528,5.981414211254481,0.07954089910590234,-2691.3
2020-03-02 18:00:00,0.4541295495305331,6.100318952020064,0.07882726022485365,-2688.5
2020-03-02 19:00:00,0.4251032347077497,6.173786103901937,0.0643071681361631,-2669.4
2020-03-02 20:00:00,0.4164362425202497,6.2166061010848646,0.059940111797312845,-2699.4
2020-03-02 21:00:00,0.4716428871959084,6.278521424165844,0.06904579417035972,-2771.4
2020-03-02 22:00:00,0.48391357441754224,6.331501849893691,0.05793623213124022,-2624.8
2020-03-02 23:00:00,0.49300425530808445,6.315358001522335,0.06607744654781111,-2497.2
2020-03-03 00:00:00,0.5314811107594726,6.0330862217988015,0.09760470900491836,-988.5
2020-03-03 01:00:00,0.5414163209995735,5.937536205082426,0.09846260277214913,-569.0
2020-03-03 02:00:00,0.5652625314848803,5.905361848054571,0.10167355562095803,-562.2
2020-03-03 03:00:00,0.5864118691295022,5.857933154483459,0.09596896217520534,-543.5
2020-03-03 04:00:00,0.5761722134810867,5.805134968916488,0.09233846442721116,-598.1
2020-03-03 05:00:00,0.4083761149202645,5.762051382780177,0.09490475271229215,-1698.5
2020-03-03 06:00:00,0.3067318965511667,5.752572638825633,0.09397098572530904,-1865.1
2020-03-03 07:00:00,0.2734855809385488,5.68697535633982,0.08381364288973803,-2174.5
2020-03-03 08:00:00,0.22088911108671327,5.455321115357702,0.08771950957532315,-2195.5
2020-03-03 09:00:00,0.2425154256980444,5.204006687076795,0.09305428505545077,-2152.1
2020-03-03 10:00:00,0.26025404312652034,4.927253685157205,0.08349954778943225,-2150.1
2020-03-03 11:00:00,0.2909671863821526,4.584967478670572,0.07675444659402597,-2114.0
2020-03-03 12:00:00,0.2999839715417014,4.30406509320417,0.06770276432382527,-2050.8
2020-03-03 13:00:00,0.28467528356169947,4.330733340286331,0.08149250063527447,-2019.7
2020-03-03 14:00:00,0.2533468729385606,4.574710978503383,0.08263118776906353,-1995.0
2020-03-03 15:00:00,0.26391181458609436,4.836281906951478,0.0786817807120066,-1956.0
2020-03-03 16:00:00,0.2695766081640403,5.159055299214529,0.0825109034877256,-1972.4
2020-03-03 17:00:00,0.2384095912067017,5.442417710521793,0.0936320708730225,-2048.1
2020-03-03 18:00:00,0.26764487458353114,5.648974238161206,0.09330620016210478,-2048.6
2020-03-03 19:00:00,0.292086126533587,5.746203190540153,0.08852998436692161,-2238.5
2020-03-03 20:00:00,0.29268913039361566,5.733341276897746,0.09106372593949974,-2119.4
2020-03-03 21:00:00,0.3149951144003631,5.717027701406222,0.09665493764416322,-2101.9
2020-03-03 22:00:00,0.31048491562422553,5.723585101952381,0.0969815983421407,-1665.9
2020-03-03 23:00:00,0.2739382507470691,5.75890177387728,0.10587803736462842,-1180.7
2020-03-04 00:00:00,0.3433388383019542,5.814130531825066,0.1228676323283544,-1293.2
2020-03-04 01:00:00,0.376191311009173,5.860786223465865,0.12510947470020994,-1092.4
2020-03-04 02:00:00,0.40603500050451125,5.8805329864007,0.1280592553776776,-1118.0
2020-03-04 03:00:00,0.3855966147781018,5.883322388488279,0.12129050061889046,-1191.0
2020-03-04 04:00:00,0.3618897939135457,5.902633333401366,0.11519670432263229,-1508.0
2020-03-04 05:00:00,0.3029201506405701,5.934894195619588,0.11387435873947194,-2209.1
2020-03-04 06:00:00,0.24165424254694434,5.966146739123692,0.10694360525807411,-2329.1
2020-03-04 07:00:00,0.20188895459590706,5.937536205082426,0.09215778184281831,-2512.2
2020-03-04 08:00:00,0.1957419835914287,5.8522024797744745,0.0968521322611009,-2517.7
2020-03-04 09:00:00,0.21348759322593525,5.75890177387728,0.10803465910630639,-2502.4
2020-03-04 10:00:00,0.21440312056968525,5.659482215759621,0.11330172364653635,-2491.8
2020-03-04 11:00:00,0.24017964301997052,5.6131281063880705,0.11749887259205849,-2389.7
2020-03-04 12:00:00,0.25109405332929136,5.6131281063880705,0.11929106411333024,-2371.1
2020-03-04 13:00:00,0.2629810337256,5.700443573390687,0.13258528408403336,-2323.8
2020-03-04 14:00:00,0.2678535633945245,5.8522024797744745,0.13244117941015165,-2290.6
2020-03-04 15:00:00,0.24686254434570598,6.021023349349527,0.12088265057594416,-2259.9
2020-03-04 16:00:00,0.2728298186093201,6.182084906716632,0.1158489046834692,-2273.0
2020-03-04 17:00:00,0.283239497470706,6.309918278226516,0.11403914812926708,-2361.2
2020-03-04 18:00:00,0.29796867875161004,6.395261598115449,0.10047947089509446,-2434.5
2020-03-04 19:00:00,0.3328027438679295,6.4425401664681985,0.1049050698670797,-2992.6
2020-03-04 20:00:00,0.31781570242226165,6.464588303689961,0.10109263629945264,-3045.6
2020-03-04 21:00:00,0.3324635145179209,6.489204931325317,0.10878285412074007,-3146.8
2020-03-04 22:00:00,0.3452416688986806,6.508769136971682,0.11009443523852358,-2863.1
2020-03-04 23:00:00,0.37845320944088945,6.516193076042964,0.1220738053585233,-2288.3
2020-03-05 00:00:00,0.37876774957431847,6.448889394146858,0.11184407101022042,-1556.3
2020-03-05 01:00:00,0.40714701920199214,6.436150368369428,0.11381316230948268,-1043.1
2020-03-05 02:00:00,0.3797690172135768,6.375024819828097,0.11494905252380327,-997.8
2020-03-05 03:00:00,0.3859739960931696,6.297109319933935,0.10700372938465819,-1130.3
2020-03-05 04:00:00,0.382989179801124,6.22455842927536,0.09855830435483881,-1662.8
2020-03-05 05:00:00,0.3627618326571973,6.150602768446279,0.09544045489633302,-2791.1
2020-03-05 06:00:00,0.3326674165033259,6.091309882077698,0.08293467731507764,-2706.6
2020-03-05 07:00:00,0.3080807366409837,6.028278520230698,0.06721048983137567,-2844.4
2020-03-05 08:00:00,0.3053817256367757,5.953243334287785,0.07135875410911474,-2877.4
2020-03-05 09:00:00,0.32151700762258484,5.87493073085203,0.0818719587126493,-2845.7
2020-03-05 10:00:00,0.33910149399976675,5.755742213586912,0.0931827249203252,-2815.2
2020-03-05 11:00:00,0.36248394012024976,5.666426688112432,0.10125631193250939,-2766.5
2020-03-05 12:00:00,0.37260529274254495,5.579729825986222,0.10672537623311307,-2724.5
2020-03-05 13:00:00,0.3756887732620866,5.53338948872752,0.10683855280661625,-2697.0
2020-03-05 14:00:00,0.4021324546120688,5.529429087511423,0.11272334993618127,-2670.8
2020-03-05 15:00:00,0.3991786230468808,5.54907608489522,0.10072931474952185,-2718.9
2020-03-05 16:00:00,0.4042965938167917,5.602118820879701,0.0904677791049906,-2715.5
2020-03-05 17:00:00,0.39869231886541723,5.662960480135946,0.08394938678773389,-2728.7
2020-03-05 18:00:00,0.3847043086605417,5.723585101952381,0.06942598046067161,-2749.4
2020-03-05 19:00:00,0.55981160211494,5.768320995793772,0.06512650929608821,-3042.6
2020-03-05 20:00:00,0.468843939033587,5.765191102784844,0.07034390232923293,-3054.3
2020-03-05 21:00:00,0.4720418149936094,5.746203190540153,0.0776936111083204,-3068.5
2020-03-05 22:00:00,0.47286875231792713,5.7430031878094825,0.0810140473866241,-3041.9
2020-03-05 23:00:00,0.4343825043939509,5.7430031878094825,0.0933501553961289,-2614.5
2020-03-06 00:00:00,0.5315393871699889,5.808142489980444,0.0724624334852555,-1869.9
2020-03-06 01:00:00,0.5142192968152877,5.713732805509369,0.07101447469985356,-1495.6
2020-03-06 02:00:00,0.5237846307213889,5.659482215759621,0.06673495958633957,-1495.8
2020-03-06 03:00:00,0.5424198238288218,5.652489180268651,0.0717942281433368,-1575.8
2020-03-06 04:00:00,0.5432381651078058,5.723585101952381,0.07110434854119152,-1875.1
2020-03-06 05:00:00,0.5546983713530862,5.8289456176102075,0.07231375272404073,-2483.7
2020-03-06 06:00:00,0.44508401371903483,5.921578419643816,0.0666347549755093,-3114.1
2020-03-06 07:00:00,0.48595673619143875,5.978885764901122,0.0657053357543651,-3167.2
2020-03-06 08:00:00,0.5820841079935413,5.955837369464831,0.06596230507498202,-3221.5
2020-03-06 09:00:00,0.6224795335764619,5.8916442118257715,0.0659558307564918,-3270.1
2020-03-06 10:00:00,0.6187297403075638,5.780743515792329,0.06016986639105859,-3244.9
2020-03-06 11:00:00,0.5701191002687467,5.71042701737487,0.054339032433070145,-3205.1
2020-03-06 12:00:00,0.506141776683533,5.768320995793772,0.050101133327526526,-3175.7
2020-03-06 13:00:00,0.4670798988960754,5.945420608606575,0.050017800880779006,-3225.6
2020-03-06 14:00:00,0.4357041022948738,6.135564891081739,0.04090992991265008,-3245.6
2020-03-06 15:00:00,0.4413565573628695,6.313548046277095,0.04106090158165987,-3284.5
2020-03-06 16:00:00,0.4226278787979356,6.4967749901858625,0.03884523446364341,-3298.3
2020-03-06 17:00:00,0.4155142735898405,6.608000625296087,0.05395303814204411,-3267.2
2020-03-06 18:00:00,0.4339379977741795,6.666956792429207,0.03841959087641911,-3336.4
2020-03-06 19:00:00,0.5264663203633382,6.690842277418564,0.05879673574451871,-2986.5
2020-03-06 20:00:00,0.47818953795515284,6.68586094706836,0.054160562111247756,-2931.5
2020-03-06 21:00:00,0.46564693957221737,6.688354713946762,0.054192704112675294,-2712.7
2020-03-06 22:00:00,0.4720786535133037,6.68586094706836,0.03730482913678035,-1851.5
2020-03-06 23:00:00,0.44586449995141075,6.68586094706836,0.05345710362537304,-1276.9
2020-03-07 00:00:00,0.3878886162877788,6.68586094706836,0.04687924208580618,-1236.2
2020-03-07 01:00:00,0.3907497509689484,6.715383386334681,0.05102083337123542,-975.1
2020-03-07 02:00:00,0.38456885796884466,6.75343791859778,0.04735578857399059,-979.1
2020-03-07 03:00:00,0.423444576083281,6.796823718274855,0.04742413446243443,-1108.5
2020-03-07 04:00:00,0.4934537021622951,6.81783057145415,0.04539797140463797,-1427.2
2020-03-07 05:00:00,0.5121427764261277,6.826545223556594,0.04106532877661628,-2212.1
2020-03-07 06:00:00,0.5988495030991303,6.825460036255307,0.03574799166240794,-2727.1
2020-03-07 07:00:00,0.6071163932123245,6.779921907472252,0.041580392048097714,-2913.8
2020-03-07 08:00:00,0.5899812535094835,6.637258031284457,0.04812733713921258,-3285.2
2020-03-07 09:00:00,0.5820544987336032,6.436150368369428,0.050284382348720236,-3260.9
2020-03-07 10:00:00,0.5827100017502036,6.19644412779452,0.03617770499119377,-3155.2
2020-03-07 11:00:00,0.5929360411932385,5.937536205082426,0.03616765572277281,-3077.3
2020-03-07 12:00:00,0.5868780432816179,5.700443573390687,0.026425103592220722,-2989.3
2020-03-07 13:00:00,0.6065965033698872,5.4680601411351315,0.025149415800927777,-2888.4
2020-03-07 14:00:00,0.6388685578127458,5.365976015021851,0.03665890038760189,-2798.6
2020-03-07 15:00:00,0.602332650644509,5.4638318050256105,0.03600376439456898,-2873.5
2020-03-07 16:00:00,0.5512678090391079,5.697093486505405,0.04760653799900627,-3011.3
2020-03-07 17:00:00,0.5313790415882464,5.910796644040527,0.04232798646895741,-3099.9
2020-03-07 18:00:00,0.5050567885646129,6.095824562432225,0.04132648833715802,-3133.8
2020-03-07 19:00:00,0.4962943517554912,6.192362489474872,0.05471695385190323,-3053.9
2020-03-07 20:00:00,0.4526973314892344,6.198478716492308,0.039975637814808174,-2432.4
2020-03-07 21:00:00,0.48502899808931543,6.175867270105761,0.031118750423712704,-1637.1
2020-03-07 22:00:00,0.48135377902307175,6.173786103901937,0.041660039816845185,-1336.9
2020-03-07 23:00:00,0.4783478682173796,6.202535517187923,0.06193607640628773,-1034.6
2020-03-08 00:00:00,0.258430443901116,6.556778356158042,0.043004536389638304,-447.3
2020-03-08 01:00:00,0.25023872295896066,6.5722825426940075,0.030918551849008935,-412.9
2020-03-08 02:00:00,0.2539766559426937,6.6052979209482015,0.02068349866007324,-361.9
2020-03-08 03:00:00,0.22319121529148234,6.648984550024776,0.030894619335684048,-295.6
2020-03-08 04:00:00,0.24867074404892087,6.680854678790215,0.032330784151447745,-316.8
2020-03-08 05:00:00,0.3378660845266519,6.726233402358747,0.02778690577162024,-311.2
2020-03-08 06:00:00,0.3954524382042526,6.767343125265392,0.032176611868446336,-354.6
2020-03-08 07:00:00,0.4101058223867602,6.799055862058796,0.0344025075614125,-412.0
2020-03-08 08:00:00,0.3569694147522342,6.827629234502852,0.03709484366509219,-461.9
2020-03-08 09:00:00,0.2989552584623114,6.852242569051878,0.04987557650897845,-455.7
2020-03-08 10:00:00,0.2804956420242868,6.859614903654202,0.046049221598729595,-492.3
2020-03-08 11:00:00,0.25946192093588794,6.85751406254539,0.05021875679672938,-493.0
2020-03-08 12:00:00,0.2537550437425997,6.8501261661455,0.07235887692911458,-442.3
2020-03-08 13:00:00,0.22512459180971867,6.827629234502852,0.06228090108531781,-435.6
2020-03-08 14:00:00,0.2837664025756097,6.824373670043086,0.06777263297516356,-424.2
2020-03-08 15:00:00,0.33919024662770125,6.840546529288687,0.06137550493494626,-509.6
2020-03-08 16:00:00,0.29198103359365435,6.848005274576363,0.06606780610522289,-574.0
2020-03-08 17:00:00,0.24354552091019066,6.846943139585379,0.06375393414569785,-630.4
2020-03-08 18:00:00,0.2557914293942529,6.853299093186078,0.04952353823672606,-778.4
2020-03-08 19:00:00,0.2707915475146936,6.8658910748834385,0.06761440777851035,-803.2
2020-03-08 20:00:00,0.18734667526760962,6.8658910748834385,0.05041568796617124,-713.1
2020-03-08 21:00:00,0.18550073747628382,6.872128101338986,0.04704559427879573,-667.6
2020-03-08 22:00:00,0.18704245966103672,6.881411303642535,0.06544546825537356,-656.9
2020-03-08 23:00:00,0.18862396071165488,6.897704943128636,0.06949588460802492,-636.3
2020-03-09 00:00:00,0.20790094063559916,6.9363427358340495,0.009198347799362239,-664.8
2020-03-09 01:00:00,0.2056558124697121,6.952728644624869,-0.006555238606857472,-679.7
2020-03-09 02:00:00,0.18286461081994565,6.953684210870537,-0.003808403950300132,-678.5
2020-03-09 03:00:00,0.25978596637418416,6.934397209928558,-0.003603575615323429,-663.8
2020-03-09 04:00:00,0.17081387566087924,6.918695219020472,0.0047696588322097,-654.8
2020-03-09 05:00:00,0.11530484578066647,6.914730892718563,0.025826297656134756,-1021.6
2020-03-09 06:00:00,0.09857492216442276,6.8966943316227125,0.02487504183971989,-2241.9
2020-03-09 07:00:00,0.09959865301150472,6.862757913051401,0.01690421506862716,-2648.3
2020-03-09 08:00:00,0.10668824712978564,6.82001636467413,0.008111821101028482,-2744.5
2020-03-09 09:00:00,0.12242656055712953,6.777646593635117,-0.0049672455059397436,-2720.9
2020-03-09 10:00:00,0.11636369457636286,6.7226297948554485,0.005367451260518408,-2642.3
2020-03-09 11:00:00,0.10686112047047702,6.683360945766275,-0.02322353069268157,-2467.1
2020-03-09 12:00:00,0.11588469507340093,6.659293919683638,-0.02098411704905434,-2373.7
2020-03-09 13:00:00,0.11244938267634152,6.682108597449809,-0.03864488266714261,-2376.5
2020-03-09 14:00:00,0.10572322062944517,6.728628613084702,-0.04012790397268695,-2413.4
2020-03-09 15:00:00,0.10772124292496343,6.756932389247553,-0.03584700572696686,-2412.9
2020-03-09 16:00:00,0.11386598282188087,6.779921907472252,-0.03211072160417938,-2559.8
2020-03-09 17:00:00,0.08239650597943493,6.821107472256465,-0.014107460623413282,-2736.6
2020-03-09 18:00:00,0.07923973288181507,6.8658910748834385,-0.006315306652577846,-2772.7
2020-03-09 19:00:00,0.06607072582636286,6.897704943128636,-0.009421944380521019,-2814.8
2020-03-09 20:00:00,0.04632767103965607,6.902742737158593,-0.01555332429273193,-2712.4
2020-03-09 21:00:00,0.0696870282012716,6.901737206656574,-0.022886368262845735,-2569.0
2020-03-09 22:00:00,0.10772701104189641,6.900730664045173,-0.024665218786249277,-2420.8
2020-03-09 23:00:00,0.1051762886860268,6.90875477931522,-0.028925560776752235,-1966.8
2020-03-10 00:00:00,0.05351837184616892,6.942156705699469,-0.0406018756089912,-928.6
2020-03-10 01:00:00,0.06105933685641585,6.948897222313312,-0.04340399932949168,-717.0
2020-03-10 02:00:00,0.046246243909267015,6.952728644624869,-0.03869417202185588,-701.9
2020-03-10 03:00:00,0.06707709652883942,6.943122422819428,-0.03788593290536557,-712.1
2020-03-10 04:00:00,0.10360118873010515,6.917705609835305,-0.037797339196173674,-769.0
2020-03-10 05:00:00,0.030884858854506536,6.875232087276577,-0.025224219236076095,-2057.9
2020-03-10 06:00:00,0.08420965622308252,6.82001636467413,-0.018947106268596414,-2928.8
2020-03-10 07:00:00,0.08740991368210649,6.706862336602747,-0.02147235434337258,-3440.5
2020-03-10 08:00:00,0.06344417384760526,6.45833828334479,-0.02713746956875518,-3360.8
2020-03-10 09:00:00,0.1156685499422454,6.054439346269371,-0.021784974556918968,-3225.3
2020-03-10 10:00:00,0.14445316867412838,5.54907608489522,-0.026549497267215116,-3107.2
2020-03-10 11:00:00,0.13434797901156603,5.10594547390058,-0.03347608104540978,-3000.0
2020-03-10 12:00:00,0.09944609584332609,4.68213122712422,-0.03328659396672062,-2773.6
2020-03-10 13:00:00,0.08764207881286623,4.477336814478207,-0.02123926455428382,-2445.6
2020-03-10 14:00:00,0.05331210754553517,4.59511985013459,-0.024086234350698454,-2190.8
2020-03-10 15:00:00,0.07235231680720355,4.812184355372417,-0.019487586172362903,-2214.6
2020-03-10 16:00:00,0.06684354309132301,5.081404364984463,-0.019648859993738554,-2149.2
2020-03-10 17:00:00,0.06762276611385198,5.3981627015177525,-0.00928270831652167,-2580.6
2020-03-10 18:00:00,0.0850732865343673,5.645446897643238,-0.0033701000732628827,-2578.6
2020-03-10 19:00:00,-0.0012090449487924815,5.739792912179234,-0.0037985339003290264,-2325.2
2020-03-10 20:00:00,0.028392739051252835,5.749392985908253,-0.005015980643853446,-1871.1
2020-03-10 21:00:00,0.03969125517223526,5.765191102784844,-0.002026978987530903,-1529.1
2020-03-10 22:00:00,-0.06615975394844709,5.736572297479192,-0.006139991064565642,-570.7
2020-03-10 23:00:00,-0.08110769670029994,5.69035945432406,-0.004260475685189391,-385.4
2020-03-11 00:00:00,-0.12360485374612784,5.438079308923196,-0.02510637560717477,-197.4
2020-03-11 01:00:00,-0.0931400493036807,5.332718793265369,-0.027297525522222088,-143.9
2020-03-11 02:00:00,-0.07219579767664541,5.19295685089021,-0.020301448311413672,-111.1
2020-03-11 03:00:00,-0.06571983625531974,5.099866427824199,-0.01913783695326643,-89.2
2020-03-11 04:00:00,-0.050206638230000156,5.0689042022202315,-0.018334688301890445,-111.3
2020-03-11 05:00:00,-0.06916573539375959,5.017279836814924,-0.005952667852938021,-745.9
2020-03-11 06:00:00,-0.08591413500568867,4.969813299576001,-0.00173466340539008,-962.5
2020-03-11 07:00:00,-0.023344125727380316,4.882801922586371,-0.007085605258690286,-1747.7
2020-03-11 08:00:00,-0.012291936331014774,4.787491742782046,-0.0037210422704090362,-1902.6
2020-03-11 09:00:00,-0.02191813173837609,4.7535901911063645,0.013123866912962079,-1640.5
2020-03-11 10:00:00,-0.041503527390559736,4.718498871295094,0.026412364837766766,-1472.0
2020-03-11 11:00:00,-0.04642981321827877,4.700480365792417,0.028267738864116154,-1196.4
2020-03-11 12:00:00,-0.0840903531074928,4.6913478822291435,0.031846398144126375,-883.7
2020-03-11 13:00:00,-0.07620982713460656,4.77912349311153,0.039926453601328404,-858.7
2020-03-11 14:00:00,-0.07291080441763054,4.859812404361672,0.03501271667223005,-836.1
2020-03-11 15:00:00,-0.07911124836836203,4.836281906951478,0.0271422762333966,-887.8
2020-03-11 16:00:00,-0.037740576952773,4.852030263919617,0.014333242795276924,-983.1
2020-03-11 17:00:00,0.030341685074703584,4.897839799950911,0.010620815796519523,-1393.1
2020-03-11 18:00:00,0.09881790541465607,5.003946305945459,0.0012479825706899206,-1868.1
2020-03-11 19:00:00,0.09146662769636205,5.0689042022202315,0.0038819654151556193,-1726.2
2020-03-11 20:00:00,0.03522269947795209,5.075173815233827,-0.007575193067996366,-1388.3
2020-03-11 21:00:00,-0.018901124875862152,5.087596335232384,-0.007097560534466751,-1009.5
2020-03-11 22:00:00,-0.02764108526690512,5.043425116919247,-0.016868291455549134,-798.9
2020-03-11 23:00:00,0.018846959918740414,4.955827057601261,-0.02147436550947024,-183.3
2020-03-12 00:00:00,-0.019024260002936444,5.214935757608986,-0.027917871364937952,-130.0
2020-03-12 01:00:00,-0.027633979090534222,5.198497031265826,-0.032194660122499386,-53.2
2020-03-12 02:00:00,-0.07268460033050683,5.147494476813453,-0.02642467497079526,-10.7
2020-03-12 03:00:00,-0.13132414217843857,5.0689042022202315,-0.02727588624521715,-16.3
2020-03-12 04:00:00,-0.19174345260907888,4.976733742420574,-0.02927506715504613,5.3
2020-03-12 05:00:00,-0.0922674334670881,4.852030263919617,-0.018292352461028116,-465.5
2020-03-12 06:00:00,-0.04731860630385354,4.709530201312334,-0.013481850271850782,-1317.8
2020-03-12 07:00:00,0.0046204889633423285,4.543294782270004,-0.01277553010653687,-1574.2
2020-03-12 08:00:00,0.02426243309751852,4.30406509320417,-0.011403193853174898,-1732.6
2020-03-12 09:00:00,-0.07351535780824081,4.060443010546419,0.0019990735749715327,-1357.9
2020-03-12 10:00:00,-0.09101769476542465,3.871201010907891,0.00932680298509947,-1208.4
2020-03-12 11:00:00,-0.0787328589517573,3.7376696182833684,0.0055342422342583575,-1133.8
2020-03-12 12:00:00,-0.08310885956037906,3.6375861597263857,0.010038733720064918,-970.8
2020-03-12 13:00:00,-0.08524816032699523,3.6375861597263857,0.0008656672582514346,-914.5
2020-03-12 14:00:00,-0.04725700868953142,3.970291913552122,0.006978292839276534,-935.3
2020-03-12 15:00:00,-0.033608014912476225,4.454347296253507,-0.004554096933556018,-1136.5
2020-03-12 16:00:00,-0.01777550726542465,4.820281565605037,-0.011736338382026368,-1260.1
2020-03-12 17:00:00,-0.008949068665342619,5.087596335232384,-0.009427624781297439,-1381.4
2020-03-12 18:00:00,-0.0065674109159532534,5.3471075307174685,-0.010790353396129326,-1499.9
2020-03-12 19:00:00,0.025153502980851172,5.66988092298052,-0.011212817017550059,-1587.5
2020-03-12 20:00:00,-0.02116152669484661,5.942799375126701,-0.014924470442609028,-1597.9
2020-03-12 21:00:00,-0.03568423248221686,6.182084906716632,-0.010938984744234048,-1575.4
2020-03-12 22:00:00,-0.030165402604290126,6.401917196727186,-0.0194920898064046,-1501.3
2020-03-12 23:00:00,-0.08291563387765732,6.583409222158765,-0.027048237626237537,-1183.9
2020-03-13 00:00:00,-0.0789715145268679,6.80903930604298,-0.010215999413168753,-642.0
2020-03-13 01:00:00,-0.13442405275591085,6.849066282633458,-0.011045346583399507,-637.5
2020-03-13 02:00:00,-0.181994296744457,6.876264611890766,-0.009353508338515226,-603.6
2020-03-13 03:00:00,-0.11949289166938115,6.902742737158593,-0.005504293245730096,-671.3
2020-03-13 04:00:00,-0.08435768948227862,6.920671504248683,0.0065155875081091,-691.2
2020-03-13 05:00:00,-0.05012448070160058,6.92461239604856,0.006455680042460443,-1544.4
2020-03-13 06:00:00,-0.003098824074283524,6.922643891475888,0.007878602210285912,-2131.4
2020-03-13 07:00:00,0.04387228494303663,6.920671504248683,0.010442657079315687,-2496.3
2020-03-13 08:00:00,0.002407466773037825,6.904750769961838,0.014810864719870587,-2450.0
2020-03-13 09:00:00,-0.07918639229981128,6.9167150203536085,0.018527137185381015,-2095.4
2020-03-13 10:00:00,-0.08514401799102433,6.917705609835305,0.026340001872653396,-1933.0
2020-03-13 11:00:00,-0.06765409633905062,6.898714534329988,0.02851263287317174,-1944.1
2020-03-13 12:00:00,-0.08221452651368155,6.874198495453294,0.028234372847564693,-1498.1
2020-03-13 13:00:00,-0.08851413639279881,6.811244378601294,0.04192654673393914,-1316.6
2020-03-13 14:00:00,-0.09034188933660525,6.70073110954781,0.036468767912682054,-1316.5
2020-03-13 15:00:00,-0.05829576580499607,6.543911845564792,0.0542093744251666,-1275.1
2020-03-13 16:00:00,-0.016804589942533088,6.416732282512326,0.04471465703644917,-1592.9
2020-03-13 17:00:00,0.041577628143218526,6.380122536899765,0.05037265479703201,-1863.8
2020-03-13 18:00:00,0.13060548261183502,6.456769655572163,0.035556310466403396,-2412.9
2020-03-13 19:00:00,0.19246017623731904,6.5638555265321274,0.05879673574451871,-2486.8
2020-03-13 20:00:00,0.11188651088744495,6.63200177739563,0.06508963264343759,-2367.0
2020-03-13 21:00:00,0.13349381535637228,6.693323668269949,0.0696058532777366,-2268.5
2020-03-13 22:00:00,0.09598562371746988,6.752270376141742,0.052422275012693476,-2059.0
2020-03-13 23:00:00,0.10338377877830585,6.787844982309579,0.054230199914361066,-1959.8
2020-03-14 00:00:00,0.063634254212654,6.8885724595653635,0.05553049541422439,-1930.1
2020-03-14 01:00:00,0.0568041861018207,6.901737206656574,0.05653482922452113,-1769.4
2020-03-14 02:00:00,0.04837787574408603,6.893656354602635,0.051303681581575056,-1766.9
2020-03-14 03:00:00,0.09295996439673937,6.879355804460439,0.05995366407736746,-1783.6
2020-03-14 04:00:00,0.1811245223418747,6.856461984594587,0.060075716561915904,-1832.2
2020-03-14 05:00:00,0.24762411256161077,6.822197390620491,0.05492236343804269,-2247.1
2020-03-14 06:00:00,0.25071332635200294,6.769641976852503,0.05108571564611797,-2302.7
2020-03-14 07:00:00,0.25853408777459963,6.634633357861686,0.04758641610830949,-2559.9
2020-03-14 08:00:00,0.2644614773505469,6.361302477572996,0.04590922162719124,-3007.7
2020-03-14 09:00:00,0.2689361174872089,5.971261839790462,0.04144780054822217,-3010.2
2020-03-14 10:00:00,0.3095714668437113,5.564520407322694,0.04513298872029825,-2975.8
2020-03-14 11:00:00,0.343363318481948,5.209486152841421,0.05198719466766555,-2933.1
2020-03-14 12:00:00,0.31794201365089236,4.770684624465665,0.04413831219129083,-2840.4
2020-03-14 13:00:00,0.3277921049501238,4.454347296253507,0.03986125683281738,-2779.4
2020-03-14 14:00:00,0.3528988145464771,4.430816798843313,0.04827343280829499,-2739.4
2020-03-14 15:00:00,0.3621001779057158,4.553876891600541,0.042918889914501435,-2827.8
2020-03-14 16:00:00,0.2853439171160437,5.062595033026967,0.04535512991854951,-2847.6
2020-03-14 17:00:00,0.19945031373484623,5.762051382780177,0.04084210209453332,-2904.6
2020-03-14 18:00:00,0.13461830256769947,6.282266746896006,0.03470151011284539,-2710.7
2020-03-14 19:00:00,0.11364392141349855,6.580639137284949,0.05176274195447217,-2460.7
2020-03-14 20:00:00,0.0767779409846332,6.7464121285733745,0.04072780031736212,-2059.5
2020-03-14 21:00:00,0.08396396477351553,6.858565034791365,0.031118750423712704,-1764.8
2020-03-14 22:00:00,0.08917093538785315,6.918695219020472,0.035515627244503634,-1578.3
2020-03-14 23:00:00,0.08554802801526362,6.961296045910167,0.051083256705480196,-1342.2
2020-03-15 00:00:00,0.04276955710957786,7.030857476116121,0.05412458743371573,-1212.4
2020-03-15 01:00:00,0.014260297510623854,7.0326242610280065,0.04463397459392837,-678.5
2020-03-15 02:00:00,-0.03103280912761086,7.023758954738443,0.027124744762930142,-538.8
2020-03-15 03:00:00,-0.10882997540547112,7.00850518208228,0.036496874884353936,-515.7
2020-03-15 04:00:00,-0.050616874523167876,6.999422467507961,0.0386549159009153,-493.6
2020-03-15 05:00:00,-0.10311723045348842,7.00033446027523,0.04356010344871475,-460.0
2020-03-15 06:00:00,-0.03481335749844128,6.992096427415888,0.04233691810860396,-447.6
2020-03-15 07:00:00,-0.04161840910331738,6.97354301952014,0.03980167223918318,-428.2
2020-03-15 08:00:00,0.04665169953610304,6.90975328164481,0.03481086855726101,-386.3
2020-03-15 09:00:00,0.03497097744035349,6.796823718274855,0.040112074241127615,-326.6
2020-03-15 10:00:00,0.01724759490978789,6.670766320845874,0.04228557394942545,-251.8
2020-03-15 11:00:00,0.00878847722920062,6.536691597591305,0.05324447771326657,-181.6
2020-03-15 12:00:00,0.02873531927016204,6.413458957167357,0.07086074930809261,-125.0
2020-03-15 13:00:00,0.053950114358938706,6.309918278226516,0.048561173687837744,-59.7
2020-03-15 14:00:00,0.07737050063541862,6.295266001439646,0.049324761611554635,-8.7
2020-03-15 15:00:00,0.06963202600474272,6.304448802421981,0.044619591206506826,3.0
2020-03-15 16:00:00,0.03829737919046927,6.3578422665081,0.04512463225997987,-41.4
2020-03-15 17:00:00,0.04823676858942472,6.452048954437226,0.04164544339149501,-1594.3
2020-03-15 18:00:00,0.05232327688959337,6.546785410760524,0.038514252728356624,-1810.1
2020-03-15 19:00:00,0.059578175107251496,6.608000625296087,0.05956460214414605,-1795.8
2020-03-15 20:00:00,-0.015108644723047071,6.608000625296087,0.03172355495401824,-1709.1
2020-03-15 21:00:00,-0.026767346800696146,6.588926477533519,0.03041633730726101,-1037.2
2020-03-15 22:00:00,-0.037203020139329634,6.565264970035361,0.050328022379460435,-440.7
2020-03-15 23:00:00,-0.080130101854607,6.54534966033442,0.058634645176420364,-340.8
2020-03-16 00:00:00,-0.013336032408028942,6.410174881966167,0.02408696029311308,-420.6
2020-03-16 01:00:00,-0.021570847675612015,6.570882962339584,0.016144348909248762,-527.3
2020-03-16 02:00:00,-0.03385264204873595,6.745236349484363,0.017069181071255102,-705.6
2020-03-16 03:00:00,0.052940796793093714,6.848005274576363,0.020394266119301285,-862.6
2020-03-16 04:00:00,-0.014079793519330863,6.911747300251674,0.03128788609004207,-1034.0
2020-03-16 05:00:00,-0.06302815114309102,6.946975992135418,0.034297661370875865,-2020.3
2020-03-16 06:00:00,-0.03793958823822319,6.959398512133975,0.030714474491278843,-3151.3
2020-03-16 07:00:00,0.0014317818500892976,6.945051063725834,0.026819310460823864,-3303.1
2020-03-16 08:00:00,0.002709185671972758,6.907755278982137,0.013813903549936057,-3364.2
2020-03-16 09:00:00,0.02083704696835209,6.838405200847344,-0.004234912994264484,-3348.1
2020-03-16 10:00:00,0.03013879029734623,6.769641976852503,0.011968135291870574,-3292.9
2020-03-16 11:00:00,0.0383241933662104,6.679599185844383,0.004861806733309493,-3250.1
2020-03-16 12:00:00,0.08317531953736879,6.584791392385716,0.019961708813071688,-3188.5
2020-03-16 13:00:00,0.07396735245292829,6.569481420414296,0.007623971343925895,-3179.7
2020-03-16 14:00:00,0.05809517164019029,6.678342114654332,0.008547324273395773,-3262.5
2020-03-16 15:00:00,0.04377251832468998,6.835184586147301,0.010600971583506258,-3367.5
2020-03-16 16:00:00,0.028513998009856323,6.943122422819428,0.007802481076526924,-3417.6
2020-03-16 17:00:00,-0.020787730255795722,6.980075940561763,0.021036342983497214,-3394.4
2020-03-16 18:00:00,-0.029355475459635905,6.983789965258135,0.019487820438544468,-3366.9
2020-03-16 19:00:00,-0.055950230724570726,6.983789965258135,0.02043101876915987,-3291.2
2020-03-16 20:00:00,-0.12036486764900145,6.96979066990159,0.021784346144912092,-3215.6
2020-03-16 21:00:00,-0.11636013426265812,6.943122422819428,0.016577166478468186,-3013.9
2020-03-16 22:00:00,-0.05193484283377936,6.90975328164481,0.026790531941516704,-2456.0
2020-03-16 23:00:00,-0.026359095291780932,6.874198495453294,0.03328762372482075,-1970.6
2020-03-17 00:00:00,-0.1162791987627485,6.668228248417403,-0.003798406632787632,-1686.8
2020-03-17 01:00:00,-0.12879279092794604,6.660575149839686,-0.001983065266608186,-1673.7
2020-03-17 02:00:00,-0.14132270123710589,6.715383386334681,0.003938029774027463,-1706.2
2020-03-17 03:00:00,-0.15834176862250615,6.7650389767805414,0.0010360696796380964,-1709.5
2020-03-17 04:00:00,-0.1775328176202713,6.784457062637643,-0.001187593583612312,-1737.1
2020-03-17 05:00:00,-0.2184610648537273,6.794586580876499,0.005990800111848493,-1812.4
2020-03-17 06:00:00,-0.3069942735887139,6.79346613258001,0.006772919665781529,-1743.1
2020-03-17 07:00:00,-0.33225997872437496,6.76849321164863,0.01078850787484864,-1783.0
2020-03-17 08:00:00,-0.3536370539437881,6.7226297948554485,0.011187043700891408,-1794.5
2020-03-17 09:00:00,-0.3209222101937881,6.672032945461067,0.0189463129017291,-1612.9
2020-03-17 10:00:00,-0.30658944793035525,6.618738983517219,0.026706430757198696,-1583.6
2020-03-17 11:00:00,-0.27666884356410604,6.56244409369372,0.027611610934428654,-1554.5
2020-03-17 12:00:00,-0.2669809308351949,6.541029999189903,0.022990296543928146,-1540.0
2020-03-17 13:00:00,-0.2592840065131168,6.555356891810665,0.026906679572783254,-1507.5
2020-03-17 14:00:00,-0.27157251390329007,6.606650186198215,0.016607956475856334,-1549.0
2020-03-17 15:00:00,-0.269081939608967,6.678342114654332,0.010759000284900289,-1557.6
2020-03-17 16:00:00,-0.25455107829503687,6.763884908562435,0.0019402591543249414,-1622.7
2020-03-17 17:00:00,-0.29537622484079007,6.826545223556594,0.003610909820488395,-1676.4
2020-03-17 18:00:00,-0.2589291061505987,6.8658910748834385,-0.0003670948134937291,-1738.1
2020-03-17 19:00:00,-0.3108700241193487,6.885509670034818,0.006053762542682861,-1816.2
2020-03-17 20:00:00,-0.2471972876354993,6.907755278982137,-0.0011742548278546039,-1870.8
2020-03-17 21:00:00,-0.22192266535242666,6.923628628138427,-0.007459666000757537,-1968.7
2020-03-17 22:00:00,-0.2439461555770106,6.920671504248683,-0.0165776610954671,-1920.0
2020-03-17 23:00:00,-0.26241247658916755,6.901737206656574,-0.02512063968061007,-1666.4
2020-03-18 00:00:00,-0.3359146354698215,6.887552571664617,-0.06736618489705748,-1043.2
2020-03-18 01:00:00,-0.3243808108505095,6.877296071497429,-0.06095880809535359,-913.9
2020-03-18 02:00:00,-0.34589162815368635,6.866933284461882,-0.04997203668041639,-793.7
2020-03-18 03:00:00,-0.3774994602861612,6.851184927493743,-0.05116134359077229,-754.7
2020-03-18 04:00:00,-0.35061067670742974,6.836259277277067,-0.051458735726923166,-890.0
2020-03-18 05:00:00,-0.33932545715333795,6.81783057145415,-0.039329799483755146,-974.8
2020-03-18 06:00:00,-0.3030058915413609,6.821107472256465,-0.03085549510477925,-1305.2
2020-03-18 07:00:00,-0.28377943926723104,6.80128303447162,-0.0263740370758061,-2476.9
2020-03-18 08:00:00,-0.1992017457752029,6.716594773520978,-0.03203888080691897,-2873.9
2020-03-18 09:00:00,-0.11633585275968139,6.6039438246004725,-0.037938275953738554,-2912.1
2020-03-18 10:00:00,-0.10742383678170508,6.511745329644728,-0.04331283916086015,-2925.5
2020-03-18 11:00:00,-0.09205175964148715,6.455198563340122,-0.05270132366955149,-2849.8
2020-03-18 12:00:00,-0.12172673638882747,6.408528791059498,-0.059904003353459245,-2695.0
2020-03-18 13:00:00,-0.10381047521671904,6.363028103540465,-0.0531457543625411,-2565.2
2020-03-18 14:00:00,-0.12247681692481915,6.35088571671474,-0.05466998626636688,-2569.4
2020-03-18 15:00:00,-0.14052589336227905,6.335054251498059,-0.037946533819734896,-2659.5
2020-03-18 16:00:00,-0.10115180258990852,6.38856140554563,-0.03423121321384759,-2726.3
2020-03-18 17:00:00,-0.11185610748221686,6.486160788944089,-0.032847712532801054,-2739.0
2020-03-18 18:00:00,-0.1279120215307814,6.597145701886651,-0.029779856448432618,-2729.1
2020-03-18 19:00:00,-0.13758385595758105,6.648984550024776,-0.010649839064090116,-2723.4
2020-03-18 20:00:00,-0.18644140530201314,6.643789733147672,-0.02545363273950496,-2146.9
2020-03-18 21:00:00,-0.21350607310662673,6.659293919683638,-0.029111028071645784,-1535.0
2020-03-18 22:00:00,-0.20381908741245436,6.666956792429207,-0.04381969816539577,-1212.1
2020-03-18 23:00:00,-0.16461160666228958,6.641182169740591,-0.059085636255254315,-955.4
2020-03-19 00:00:00,-0.21076189357961228,6.3835066348840055,-0.0819372010617272,-565.9
2020-03-19 01:00:00,-0.23293561974640786,6.361302477572996,-0.07138043938816008,-426.4
2020-03-19 02:00:00,-0.265368944160008,6.342121418721152,-0.06333571924134596,-402.4
2020-03-19 03:00:00,-0.2617681597047099,6.342121418721152,-0.06386533367750857,-444.5
2020-03-19 04:00:00,-0.2530697795978054,6.338594078203183,-0.06004672582179982,-666.3
2020-03-19 05:00:00,-0.2165502052539492,6.335054251498059,-0.05199879034293886,-894.6
2020-03-19 06:00:00,-0.25524828898223584,6.3784261836515865,-0.04754086986376915,-1187.9
2020-03-19 07:00:00,-0.2844762109700687,6.39024066706535,-0.041178037224091746,-1342.2
2020-03-19 08:00:00,-0.2879759843147984,6.349138991379798,-0.046678896443615336,-1478.9
2020-03-19 09:00:00,-0.26799847964147094,6.333279628139691,-0.051659433911872554,-1478.1
2020-03-19 10:00:00,-0.2610922779494058,6.385194398997726,-0.04787521709054765,-1427.8
2020-03-19 11:00:00,-0.24962571992208948,6.476972362889683,-0.05277998413711771,-1383.1
2020-03-19 12:00:00,-0.23611863795184584,6.548219102762372,-0.054903909467864054,-1362.2
2020-03-19 13:00:00,-0.23086300369193102,6.606650186198215,-0.06071653387103737,-1360.7
2020-03-19 14:00:00,-0.19993384889848898,6.651571873589727,-0.051629134114194564,-1357.1
2020-03-19 15:00:00,-0.21192613484662193,6.664409020350408,-0.035084843989614534,-1438.1
2020-03-19 16:00:00,-0.18560542059558216,6.670766320845874,-0.030355960861991882,-1633.8
2020-03-19 17:00:00,-0.19071055823659222,6.684611727667927,-0.02626046293153017,-1674.9
2020-03-19 18:00:00,-0.19515858072350367,6.692083742506628,-0.018343259392060496,-1766.4
2020-03-19 19:00:00,-0.15198669507110596,6.682108597449809,-0.002101136666293968,-1794.9
2020-03-19 20:00:00,-0.1784677787209148,6.617402977974478,-0.0010887385899591706,-1746.7
2020-03-19 21:00:00,-0.13312433854436678,6.530877627725885,0.002214009518364257,-2132.4
2020-03-19 22:00:00,-0.1360788627052898,6.419994928147142,-0.0018916354706268734,-1618.6
2020-03-19 23:00:00,-0.13969214967973898,6.282266746896006,-0.008699098958041773,-1196.3
2020-03-20 00:00:00,-0.11276219531158826,5.755742213586912,0.003909702850480201,-1383.6
2020-03-20 01:00:00,-0.09953024820333667,5.68697535633982,0.015689746163288554,-1319.3
2020-03-20 02:00:00,-0.07639167964494487,5.717027701406222,0.016384732698005777,-1413.0
2020-03-20 03:00:00,-0.052324006096234665,5.768320995793772,0.009298608635565309,-1720.1
2020-03-20 04:00:00,-0.051288009384670374,5.855071922202427,0.024835494530123015,-2006.9
2020-03-20 05:00:00,-0.05529245086004275,6.0063531596017325,0.025060867873494708,-2295.3
2020-03-20 06:00:00,-0.02128984747612206,6.118097198041348,0.030499048646333016,-2848.1
2020-03-20 07:00:00,0.15861595358494007,6.035481432524756,0.030830006440353053,-2920.2
2020-03-20 08:00:00,0.23683463568927499,5.793013608384144,0.02469097331957748,-2869.4
2020-03-20 09:00:00,0.21725002447987185,5.488937726156687,0.00847680133187989,-2787.7
2020-03-20 10:00:00,0.11177633822408284,5.3471075307174685,0.0038671460205952357,-2756.9
2020-03-20 11:00:00,-0.02640124460212645,5.4680601411351315,-0.001736814785767038,-2746.4
2020-03-20 12:00:00,-0.04003960146296892,5.707110264748875,-0.02239978963158684,-2633.9
2020-03-20 13:00:00,-0.057774011033103534,5.817111159963204,-0.015840271800801276,-2499.9
2020-03-20 14:00:00,-0.09449558170529881,5.786897381366708,-0.03104152361404644,-2162.8
2020-03-20 15:00:00,-0.0875254041199347,5.765191102784844,-0.01566507981911691,-1880.9
2020-03-20 16:00:00,-0.0831215919361945,5.84354441703136,-0.0304630446903289,-1969.2
2020-03-20 17:00:00,-0.06543954558660525,6.063785208687608,-0.030268031725873,-2355.2
2020-03-20 18:00:00,-0.057089169698403275,6.309918278226516,-0.030369073952686065,-2353.9
2020-03-20 19:00:00,0.002175967020346725,6.478509642208569,-0.020705382673578576,-2429.6
2020-03-20 20:00:00,-0.06359831141480488,6.579251212010101,-0.011697510570332526,-2375.7
2020-03-20 21:00:00,-0.04052160549732564,6.639875833826536,-0.012320151328613527,-2305.4
2020-03-20 22:00:00,-0.06034608205614855,6.678342114654332,-0.0263709010725508,-1907.0
2020-03-20 23:00:00,-0.055251213496280815,6.704414354964107,-0.03292169558881319,-1756.7
2020-03-21 00:00:00,-0.04736667441946096,6.773080375655535,-0.009164655060342142,-2224.5
2020-03-21 01:00:00,-0.03781928155504888,6.776506992372183,-0.021872662072609295,-2046.7
2020-03-21 02:00:00,-0.046538680752657324,6.748759547491679,-0.01887192215442557,-1984.5
2020-03-21 03:00:00,-0.01250853679113062,6.715383386334681,-0.005155707383186936,-1963.8
2020-03-21 04:00:00,0.042248381558471326,6.648984550024776,0.002466100259771231,-2038.5
2020-03-21 05:00:00,0.10846946238272581,6.543911845564792,0.0007277130500407125,-1921.9
2020-03-21 06:00:00,0.13618585515538584,6.403574197934815,0.0011533468979090244,-1712.8
2020-03-21 07:00:00,0.13817040552472415,6.1675164908883415,0.02334280449831727,-1956.0
2020-03-21 08:00:00,0.10312759577979591,5.765191102784844,0.02496604778194822,-2308.9
2020-03-21 09:00:00,0.06275424797664053,5.209486152841421,0.005299286431911021,-2348.0
2020-03-21 10:00:00,-0.0026713703506660025,4.770684624465665,-0.01535234116323636,-1340.7
2020-03-21 11:00:00,-0.01543940497058216,4.584967478670572,-0.01444649436046408,-1203.8
2020-03-21 12:00:00,-0.0049091270183558855,4.553876891600541,-0.03444236045081439,-1193.8
2020-03-21 13:00:00,-0.01171503536624341,4.700480365792417,-0.047639374054392114,-992.9
2020-03-21 14:00:00,0.01282729389561732,4.912654885736052,-0.05460961372534712,-943.9
2020-03-21 15:00:00,-0.005082743631431796,5.159055299214529,-0.05599655594348807,-1103.3
2020-03-21 16:00:00,0.016251773124135838,5.529429087511423,-0.056588573381409546,-1508.5
2020-03-21 17:00:00,0.01438055871517463,5.973809611869261,-0.0477250637569524,-2453.0
2020-03-21 18:00:00,0.008307157916663588,6.313548046277095,-0.062160833793340586,-2641.3
2020-03-21 19:00:00,0.0516085304940459,6.529418838262226,-0.027479004522859896,-2926.7
2020-03-21 20:00:00,0.09235761346137794,6.616065185132817,-0.035812276804972676,-3179.1
2020-03-21 21:00:00,0.10600894569364261,6.658011045870748,-0.0458117568274341,-3092.6
2020-03-21 22:00:00,0.11792034867383894,6.672032945461067,-0.03634289152477077,-2966.5
2020-03-21 23:00:00,0.12882654972598573,6.672032945461067,-0.03429974369862432,-2767.3
2020-03-22 00:00:00,0.027747815413740273,6.655440350367647,-0.037637392314511686,-1932.0
2020-03-22 01:00:00,0.04388396672084971,6.661854740545311,-0.03975845720607385,-1913.2
2020-03-22 02:00:00,0.015325433474493888,6.693323668269949,-0.045256111244716735,-1942.5
2020-03-22 03:00:00,-0.055854159427707106,6.744059186311348,-0.03204005221991224,-1609.7
2020-03-22 04:00:00,-0.035172552095694254,6.811244378601294,-0.032366353847428364,-1451.1
2020-03-22 05:00:00,0.0672460373515924,6.877296071497429,-0.03706963095139404,-1563.9
2020-03-22 06:00:00,0.10680928927292133,6.912742820493176,-0.04114612271057361,-1461.2
2020-03-22 07:00:00,0.03963755631569166,6.899723107284872,-0.03525349392331378,-1370.1
2020-03-22 08:00:00,0.011865583450687556,6.871091294610546,-0.032169656235861765,-1505.3
2020-03-22 09:00:00,-0.03536103050383321,6.823286122355687,-0.029420026161559143,-1491.4
2020-03-22 10:00:00,-0.10485510189111169,6.7912214627261855,-0.032054470611928565,-1340.6
2020-03-22 11:00:00,-0.12556711390896957,6.79346613258001,-0.031846196257574455,-1313.8
2020-03-22 12:00:00,-0.10278602242633639,6.799055862058796,-0.0383385426568994,-1277.3
2020-03-22 13:00:00,-0.09961730502600452,6.787844982309579,-0.0694137453040673,-1231.8
2020-03-22 14:00:00,-0.08068643415890442,6.79794041297493,-0.07001106938788926,-1229.4
2020-03-22 15:00:00,-0.07605706487492414,6.831953565565855,-0.05461533102463623,-1284.0
2020-03-22 16:00:00,-0.08469583511831313,6.892641641172089,-0.02532702869063197,-1489.1
2020-03-22 17:00:00,-0.0606847180359491,6.954638864880987,-0.017443472978511565,-2004.5
2020-03-22 18:00:00,-0.1079761551723113,7.011213987350367,-0.024696736685377196,-1968.6
2020-03-22 19:00:00,-0.005831747365749873,7.044032897274685,0.0059870968483979325,-2324.3
2020-03-22 20:00:00,-0.0530478628992741,7.046647277848756,-0.0574170168370447,-2311.1
2020-03-22 21:00:00,-0.042801896647953086,7.040536390215956,-0.06382733824422537,-2250.4
2020-03-22 22:00:00,-0.017551732742040915,7.029972911706386,-0.04635400429804015,-2179.1
2020-03-22 23:00:00,-0.021187566221156917,7.0192966537150445,-0.059636028857013024,-2176.0
2020-03-23 00:00:00,0.024051499663591436,6.9874902470009905,-0.06876319367034966,-2121.1
2020-03-23 01:00:00,0.002211486042313915,6.98100574072173,-0.07700689955746842,-1974.3
2020-03-23 02:00:00,-0.024407471477217335,6.974478911025045,-0.07099459021230192,-1966.5
2020-03-23 03:00:00,0.05639901349605081,6.9650803456014065,-0.06669144649571113,-2060.8
2020-03-23 04:00:00,-0.031897636836124565,6.950814768442584,-0.041052601221402085,-2230.6
2020-03-23 05:00:00,-0.10436949129953232,6.931471805599453,-0.0396923375626308,-2497.3
2020-03-23 06:00:00,-0.14266295828672826,6.90875477931522,-0.02618710102698074,-2778.0
2020-03-23 07:00:00,-0.16872628875066775,6.8501261661455,-0.014913364047752786,-3109.0
2020-03-23 08:00:00,-0.14584887901922539,6.756932389247553,-0.027541282131977596,-3221.7
2020-03-23 09:00:00,-0.13631213585516289,6.601230118728877,-0.06770031564438472,-3098.2
2020-03-23 10:00:00,-0.13652553717960947,6.450470422144176,-0.056085327953145026,-3010.5
2020-03-23 11:00:00,-0.1450235307830563,6.405228458030842,-0.06568273846447337,-2952.7
2020-03-23 12:00:00,-0.13934498463918477,6.428105272684596,-0.03894633367721401,-2797.1
2020-03-23 13:00:00,-0.15377775477417988,6.448889394146858,-0.056964789689156525,-2642.6
2020-03-23 14:00:00,-0.16736392644066367,6.517671272912275,-0.05962486600212724,-2572.0
2020-03-23 15:00:00,-0.17168197332169788,6.61472560020376,-0.0446015383612135,-2451.4
2020-03-23 16:00:00,-0.1825915747448743,6.717804695023691,-0.047101140376333284,-2431.9
2020-03-23 17:00:00,-0.23959287997140732,6.804614520062624,-0.027129475351524768,-2260.6
2020-03-23 18:00:00,-0.24226263117273916,6.871091294610546,-0.03433682957523576,-2282.9
2020-03-23 19:00:00,-0.2603810731066267,6.925595197110468,-0.04646321606086978,-2307.0
2020-03-23 20:00:00,-0.2833261771584148,6.927557906278317,-0.051116139446319764,-2255.2
2020-03-23 21:00:00,-0.2561707633147172,6.9167150203536085,-0.07555143348883142,-2161.7
2020-03-23 22:00:00,-0.20190343517596832,6.907755278982137,-0.07037321651213091,-2120.1
2020-03-23 23:00:00,-0.1930506969423691,6.901737206656574,-0.09436538887033574,-1861.9
2020-03-24 00:00:00,-0.27295832494336514,6.881411303642535,-0.07429300538799488,-1773.6
2020-03-24 01:00:00,-0.2918324181724503,6.876264611890766,-0.06657794189462773,-1638.8
2020-03-24 02:00:00,-0.3051024557467916,6.878326468291325,-0.06428004058944214,-1564.0
2020-03-24 03:00:00,-0.30266992897724565,6.882437470997847,-0.07211481195597713,-1628.4
2020-03-24 04:00:00,-0.28782412271057645,6.860663671448287,-0.07932579789275529,-1758.3
2020-03-24 05:00:00,-0.29427232476382104,6.844815479208263,-0.08640794040886224,-1944.8
2020-03-24 06:00:00,-0.34442554397401004,6.854354502255021,-0.08793997775554807,-1913.0
2020-03-24 07:00:00,-0.4350011334370185,6.843749949006225,-0.08372833591008,-1933.1
2020-03-24 08:00:00,-0.4810019316526466,6.844815479208263,-0.07799588680224634,-2093.0
2020-03-24 09:00:00,-0.4378035906077886,6.837332814685591,-0.07694458701183127,-2180.0
2020-03-24 10:00:00,-0.415988042337462,6.848005274576363,-0.0706511320378258,-2252.0
2020-03-24 11:00:00,-0.3776317129725313,6.8658910748834385,-0.06304275733370268,-2298.1
2020-03-24 12:00:00,-0.35966022251324326,6.862757913051401,-0.059804821224552995,-2304.8
2020-03-24 13:00:00,-0.348429856031379,6.848005274576363,-0.054400410618418604,-2239.0
2020-03-24 14:00:00,-0.352153000562629,6.835184586147301,-0.06650695023465047,-2254.7
2020-03-24 15:00:00,-0.33427355753692334,6.828712071641684,-0.06293770309888735,-2274.7
2020-03-24 16:00:00,-0.32617004227752355,6.838405200847344,-0.060211080515910176,-2263.3
2020-03-24 17:00:00,-0.375956711500129,6.866933284461882,-0.06985962134737456,-2201.7
2020-03-24 18:00:00,-0.3531816443967881,6.884486652042782,-0.07102122977835101,-2161.2
2020-03-24 19:00:00,-0.406286029628836,6.885509670034818,-0.06991229863709059,-2151.3
2020-03-24 20:00:00,-0.333043842128836,6.889591308354466,-0.07681714669966055,-2245.1
2020-03-24 21:00:00,-0.2937829778710235,6.894670039433482,-0.07423154823492517,-2241.0
2020-03-24 22:00:00,-0.30939006382939427,6.895682697747868,-0.08332469938485776,-1969.1
2020-03-24 23:00:00,-0.3240284432841367,6.901737206656574,-0.0904464295986509,-1740.9
2020-03-25 00:00:00,-0.34914234156737267,6.919683849847411,-0.0891852322916975,-940.9
2020-03-25 01:00:00,-0.3421529805963073,6.906754778648554,-0.08005897946877294,-756.7
2020-03-25 02:00:00,-0.3416272293672289,6.904750769961838,-0.07872514055484814,-748.8
2020-03-25 03:00:00,-0.343645733761736,6.904750769961838,-0.08424437855484701,-766.3
2020-03-25 04:00:00,-0.34122093635759043,6.911747300251674,-0.09289260422023293,-893.4
2020-03-25 05:00:00,-0.36700017930955875,6.939253946041508,-0.1034269169505091,-1518.6
2020-03-25 06:00:00,-0.4612618206496957,6.957497370876951,-0.1092795032115621,-1741.7
2020-03-25 07:00:00,-0.497055343648364,6.968850378341948,-0.10991849920306862,-1802.0
2020-03-25 08:00:00,-0.5051272430624265,6.982862751468942,-0.10411391873742115,-1842.0
2020-03-25 09:00:00,-0.486740402242114,7.00397413672268,-0.10073204373650224,-1869.1
2020-03-25 10:00:00,-0.4845337191347445,7.010311867307229,-0.09899482936821347,-1904.0
2020-03-25 11:00:00,-0.4549011507753695,7.007600613951853,-0.09452783861581171,-1902.2
2020-03-25 12:00:00,-0.4472210973890962,6.9930151229329605,-0.09639229661659598,-1878.9
2020-03-25 13:00:00,-0.43081276826004444,6.962243464266207,-0.08732999155247256,-1881.0
2020-03-25 14:00:00,-0.4181807517423728,6.933423025730715,-0.09155597844329844,-1894.8
2020-03-25 15:00:00,-0.42884796583590523,6.905753276311464,-0.08801854402272191,-1907.6
2020-03-25 16:00:00,-0.3869381398767904,6.905753276311464,-0.08444419004920256,-1979.5
2020-03-25 17:00:00,-0.35477810843517865,6.913737350659685,-0.09225522653364493,-2110.5
2020-03-25 18:00:00,-0.33080296657284425,6.884486652042782,-0.08834089025002623,-2089.8
2020-03-25 19:00:00,-0.2907136066507321,6.885509670034818,-0.0750856433405982,-2177.7
2020-03-25 20:00:00,-0.29332836991471734,6.894670039433482,-0.08192024440727597,-2293.5
2020-03-25 21:00:00,-0.28351207642633147,6.891625897052253,-0.07215461940727597,-2357.0
2020-03-25 22:00:00,-0.2622884610625995,6.876264611890766,-0.07492771306243906,-2312.8
2020-03-25 23:00:00,-0.23531242049439705,6.8679744089702925,-0.0722379521067591,-2152.1
2020-03-26 00:00:00,-0.2590087271189976,6.849066282633458,-0.08467068795738708,-1511.8
2020-03-26 01:00:00,-0.2454671120583214,6.841615476477592,-0.07047258639798049,-1222.6
2020-03-26 02:00:00,-0.26787207437812643,6.81783057145415,-0.06602509782331722,-1202.9
2020-03-26 03:00:00,-0.2642372967616309,6.767343125265392,-0.06920342464512519,-1220.1
2020-03-26 04:00:00,-0.27356477062746,6.692083742506628,-0.06964121721556094,-1435.0
2020-03-26 05:00:00,-0.2600608896981327,6.6293632534374485,-0.07997857233485117,-2001.2
2020-03-26 06:00:00,-0.2692836070986191,6.570882962339584,-0.08688757520570167,-2671.5
2020-03-26 07:00:00,-0.3261007169219745,6.421622267806518,-0.08614685397648625,-2961.8
2020-03-26 08:00:00,-0.31976072580911197,6.184148890937483,-0.08087026119189478,-2967.1
2020-03-26 09:00:00,-0.306552007181212,5.908082938168931,-0.09773589220970891,-2863.4
2020-03-26 10:00:00,-0.3035541931839125,5.768320995793772,-0.10107067472789577,-2811.5
2020-03-26 11:00:00,-0.3165914267172716,5.8664680569332965,-0.09697702989708468,-2719.3
2020-03-26 12:00:00,-0.3131252901623509,6.089044875446846,-0.10207856440064145,-2663.9
2020-03-26 13:00:00,-0.30938132082637093,6.282266746896006,-0.11166701029156911,-2617.0
2020-03-26 14:00:00,-0.28351469079132974,6.400257445308821,-0.1061042689124605,-2508.7
2020-03-26 15:00:00,-0.30018361791649895,6.473890696352274,-0.09994138071262881,-2539.9
2020-03-26 16:00:00,-0.29571060740931676,6.548219102762372,-0.09254798111843954,-2456.9
2020-03-26 17:00:00,-0.30695502445875933,6.658011045870748,-0.08997627731763735,-2384.4
2020-03-26 18:00:00,-0.32284061669699327,6.81783057145415,-0.07929962690476788,-2440.5
2020-03-26 19:00:00,-0.302268898120444,6.940222469119639,-0.07743085607033873,-2420.2
2020-03-26 20:00:00,-0.3376087655497617,6.996681488176539,-0.08132230417036368,-2424.2
2020-03-26 21:00:00,-0.32788973752581496,7.016609683894219,-0.07195309049938015,-2450.1
2020-03-26 22:00:00,-0.2965177082497368,7.010311867307229,-0.07850380804737433,-2442.9
2020-03-26 23:00:00,-0.26914090415208536,6.99117688712121,-0.0744504765208216,-2420.3
2020-03-27 00:00:00,-0.28537493797858193,6.945051063725834,-0.047731055056896565,-1811.0
2020-03-27 01:00:00,-0.2943185737624212,6.932447891572509,-0.03590732152492482,-1796.2
2020-03-27 02:00:00,-0.28923982709805474,6.93828448401696,-0.03923195796125167,-1793.4
2020-03-27 03:00:00,-0.2770662787741416,6.9363427358340495,-0.045222230242851325,-1786.8
2020-03-27 04:00:00,-0.2684161116716166,6.92461239604856,-0.056523522402843085,-1814.4
2020-03-27 05:00:00,-0.2591923037816257,6.915723448631314,-0.08526158798458194,-2101.6
2020-03-27 06:00:00,-0.29268023232971707,6.890609120147166,-0.07598443175611713,-2273.7
2020-03-27 07:00:00,-0.31469242333761827,6.843749949006225,-0.07553619529612465,-2526.2
2020-03-27 08:00:00,-0.34493928649475114,6.760414691083428,-0.0749121157131567,-2679.2
2020-03-27 09:00:00,-0.35302305792953925,6.654152520183219,-0.08842194115758328,-2653.5
2020-03-27 10:00:00,-0.32684097720098215,6.612041034833092,-0.09386531999032499,-2631.2
2020-03-27 11:00:00,-0.31784979984938433,6.641182169740591,-0.08202924152665236,-2517.0
2020-03-27 12:00:00,-0.28882877587668077,6.690842277418564,-0.07983183871746213,-2408.5
2020-03-27 13:00:00,-0.2819271535486654,6.728628613084702,-0.07881507096218954,-2309.8
2020-03-27 14:00:00,-0.29297190081771207,6.742880635791903,-0.08652067593427493,-2017.6
2020-03-27 15:00:00,-0.277076420425749,6.71295620067707,-0.06921362887859495,-1592.1
2020-03-27 16:00:00,-0.2756213536459051,6.71174039505618,-0.07069373141765745,-1592.5
2020-03-27 17:00:00,-0.26806955706771207,6.7226297948554485,-0.08213446241273292,-1970.4
2020-03-27 18:00:00,-0.2547519961644382,6.752270376141742,-0.08222672518997953,-1927.1
2020-03-27 19:00:00,-0.1980313900806827,6.81783057145415,-0.07772604597952615,-1733.4
2020-03-27 20:00:00,-0.2701094626798728,6.8679744089702925,-0.08052272340989663,-1717.5
2020-03-27 21:00:00,-0.24872972917775993,6.903747257584598,-0.07512105256764379,-1720.4
2020-03-27 22:00:00,-0.2562972189303854,6.92461239604856,-0.06358065055634743,-1751.9
2020-03-27 23:00:00,-0.24932697433581485,6.945051063725834,-0.05854222591416125,-1774.5
2020-03-28 00:00:00,-0.310798744647782,7.010311867307229,-0.057078010756239195,-1988.8
2020-03-28 01:00:00,-0.303100417317663,7.02108396428914,-0.07151280504374569,-1948.4
2020-03-28 02:00:00,-0.31847239623629897,7.023758954738443,-0.06647935407480787,-1927.0
2020-03-28 03:00:00,-0.2866044152792677,7.036148493750536,-0.051043111894657045,-1940.9
2020-03-28 04:00:00,-0.23089184925351147,7.046647277848756,-0.05953029873100579,-1947.1
2020-03-28 05:00:00,-0.15971190348236552,7.037027614686276,-0.059997801668663975,-1958.9
2020-03-28 06:00:00,-0.11080424206251727,7.027314514039777,-0.059871354939865284,-1995.0
2020-03-28 07:00:00,-0.13066294136838907,7.035268599281097,-0.05230008737348868,-2003.0
2020-03-28 08:00:00,-0.1862723949780094,7.04141166379481,-0.047108990148553964,-2000.7
2020-03-28 09:00:00,-0.249890652564015,7.037027614686276,-0.050686952890343306,-1963.3
2020-03-28 10:00:00,-0.25599553881486714,7.0326242610280065,-0.05973235485511541,-1962.3
2020-03-28 11:00:00,-0.25070773473832264,7.018401799069201,-0.06020611150993105,-1905.9
2020-03-28 12:00:00,-0.28100877968320725,7.001245622069476,-0.0452353253285116,-1770.6
2020-03-28 13:00:00,-0.38233341214423944,6.9874902470009905,-0.04095038590359579,-1558.9
2020-03-28 14:00:00,-0.3636159372695811,6.966967138613983,-0.038528014507004826,-1480.1
2020-03-28 15:00:00,-0.36242860339539784,6.939253946041508,-0.030953510977824727,-1505.9
2020-03-28 16:00:00,-0.2907563338200203,6.912742820493176,-0.03518857976947487,-1659.0
2020-03-28 17:00:00,-0.2702103211669331,6.876264611890766,-0.02761984291326236,-1786.5
2020-03-28 18:00:00,-0.24403554808980843,6.844815479208263,-0.0262001072272664,-1787.4
2020-03-28 19:00:00,-0.23607354195773533,6.860663671448287,0.008688459485200362,-1789.8
2020-03-28 20:00:00,-0.2719377345170446,6.860663671448287,0.0024089360152252937,-1753.6
2020-03-28 21:00:00,-0.2682341141531619,6.85751406254539,-0.008590631727137144,-1672.9
2020-03-28 22:00:00,-0.25566955090387644,6.853299093186078,-0.0005667183594875169,-1636.2
2020-03-28 23:00:00,-0.24661849689473714,6.853299093186078,0.012143096555177202,-1585.8
2020-03-29 00:00:00,-0.35950575563048637,6.877296071497429,-0.00862511857962378,-1453.3
2020-03-29 01:00:00,-0.35942131333388483,6.846943139585379,0.0020743601751318508,-1405.4
2020-03-29 03:00:00,-0.38620267819839094,6.835184586147301,-0.01173478605916678,-1336.7
2020-03-29 04:00:00,-0.4030392466468513,6.823286122355687,-0.018920773138077607,-1232.6
2020-03-29 05:00:00,-0.35911251834484936,6.806829360392176,-0.031149951931094044,-1192.0
2020-03-29 06:00:00,-0.23893658413362107,6.804614520062624,-0.021061765591428916,-1258.1
2020-03-29 07:00:00,-0.24276745903524533,6.782192056006791,-0.03525349392331378,-1268.2
2020-03-29 08:00:00,-0.24797342714960924,6.71174039505618,-0.04446993431751345,-1272.2
2020-03-29 09:00:00,-0.24881549211059673,6.602587892189336,-0.03672821946828364,-1267.8
2020-03-29 10:00:00,-0.2650848277947522,6.505784060128229,-0.05506288082170396,-1253.3
2020-03-29 11:00:00,-0.260984943614333,6.408528791059498,-0.05261968942838724,-1234.5
2020-03-29 12:00:00,-0.2296462762338365,6.331501849893691,-0.056904476779434,-1173.4
2020-03-29 13:00:00,-0.19819813369845218,6.230481447578482,-0.03879910948445975,-1103.7
2020-03-29 14:00:00,-0.18149113328086997,6.118097198041348,-0.028909393702337027,-1015.8
2020-03-29 15:00:00,-0.18949299453829593,5.976350909297934,-0.03779407653449329,-964.8
2020-03-29 16:00:00,-0.23230295597702022,5.840641657373398,-0.04663931075744454,-977.0
2020-03-29 17:00:00,-0.2783771010675309,5.7899601708972535,-0.05859490252068866,-1049.7
2020-03-29 18:00:00,-0.2072615535868727,5.717027701406222,-0.054216231523366964,-1336.6
2020-03-29 19:00:00,-0.1535652928723752,5.831882477283517,-0.02871670115992142,-2271.8
2020-03-29 20:00:00,-0.1654746993551326,5.983936280687191,-0.024148228570235908,-2640.9
2020-03-29 21:00:00,-0.17019453457415112,6.0844994130751715,-0.022804358897648314,-2614.6
2020-03-29 22:00:00,-0.16398452448819167,6.1675164908883415,-0.006875193324252571,-2272.3
2020-03-29 23:00:00,-0.14912297334155866,6.244166900663736,0.0057800702219177325,-1670.6
2020-03-30 00:00:00,-0.15918790942059213,6.400257445308821,-0.003380434407498356,-1429.1
2020-03-30 01:00:00,-0.15940925014534368,6.419994928147142,0.0027550275442385086,-1365.1
2020-03-30 02:00:00,-0.18602820766487493,6.447305862541213,-0.007189641322169038,-1381.6
2020-03-30 03:00:00,-0.1220176342358219,6.455198563340122,-0.017943762307594646,-1506.0
2020-03-30 04:00:00,-0.23144536755365186,6.447305862541213,-0.01082359926008536,-1567.3
2020-03-30 05:00:00,-0.31034523899137634,6.439350371100098,-0.01441581862229846,-2501.8
2020-03-30 06:00:00,-0.3275355368722881,6.403574197934815,-0.014697123988219651,-2777.1
2020-03-30 07:00:00,-0.29444226151627984,6.293419278846481,-0.025253190288855087,-3010.3
2020-03-30 08:00:00,-0.21957192488157817,6.0330862217988015,-0.0077386548357987195,-3099.0
2020-03-30 09:00:00,-0.1813555740229864,5.730099782973574,0.006686200284292454,-2946.9
2020-03-30 10:00:00,-0.0400186894918817,5.53338948872752,-0.007966079608946686,-2951.6
2020-03-30 11:00:00,-0.1368435260711256,5.4116460518550396,-0.011742348318725782,-2930.6
2020-03-30 12:00:00,-0.17528965762347148,5.356586274672012,-0.02021042261974415,-2935.2
2020-03-30 13:00:00,-0.23793443385028334,5.262690188904886,-0.030000428050801276,-2937.3
2020-03-30 14:00:00,-0.260043218118712,5.198497031265826,-0.03451216518705191,-2904.3
2020-03-30 15:00:00,-0.26763065479717785,5.14166355650266,-0.030315581113737444,-2777.2
2020-03-30 16:00:00,-0.2848704238652928,5.0369526024136295,-0.03367812004419246,-2665.2
2020-03-30 17:00:00,-0.34567515675764326,4.912654885736052,-0.04816648021533165,-2571.2
2020-03-30 18:00:00,-0.32230533884627555,4.969813299576001,-0.06633331637883,-2719.0
2020-03-30 19:00:00,-0.3280506267653114,5.247024072160486,-0.03707347571103092,-2821.2
2020-03-30 20:00:00,-0.3367176189528114,5.455321115357702,-0.021783874043368456,-2866.1
2020-03-30 21:00:00,-0.35248929007580365,5.572154032177765,-0.03879760290394785,-2629.3
2020-03-30 22:00:00,-0.34284584931473194,5.777652323222656,-0.046842719101936936,-2517.2
2020-03-30 23:00:00,-0.31703667672336033,6.135564891081739,-0.07383811745757463,-2305.0
2020-03-31 00:00:00,-0.35881961554975783,6.680854678790215,-0.02674884021969781,-1897.6
2020-03-31 01:00:00,-0.384541816276718,6.792344427470809,-0.025070880012671992,-1802.4
2020-03-31 02:00:00,-0.3953788456133416,6.882437470997847,-0.03521590764553029,-1729.5
2020-03-31 03:00:00,-0.4094935026868325,6.967909201801884,-0.057050282494580884,-1712.5
2020-03-31 04:00:00,-0.44091917064417574,7.023758954738443,-0.06354983529858771,-1688.3
2020-03-31 05:00:00,-0.5090973492029398,7.036148493750536,-0.07097024102427962,-1661.7
2020-03-31 06:00:00,-0.548678332818666,7.036148493750536,-0.0822093030465636,-1689.3
2020-03-31 07:00:00,-0.6113949905976976,7.035268599281097,-0.08452167192947613,-1905.2
2020-03-31 08:00:00,-0.6684890317474965,7.033506484287697,-0.06777165302638721,-1951.1
2020-03-31 09:00:00,-0.6371876157946437,7.025538314638521,-0.05717328263933563,-1941.7
2020-03-31 10:00:00,-0.6191023117760992,7.007600613951853,-0.05546905856633,-1927.2
2020-03-31 11:00:00,-0.5790725278412465,6.980075940561763,-0.04775070883800314,-1934.5
2020-03-31 12:00:00,-0.5627744919518805,6.949856455000773,-0.037259582903496735,-1808.9
2020-03-31 13:00:00,-0.5648941317516714,6.93828448401696,-0.03808683512689548,-1580.9
2020-03-31 14:00:00,-0.5950117704058635,6.93828448401696,-0.051618337740899634,-1362.3
2020-03-31 15:00:00,-0.5910783914242648,6.927557906278317,-0.05965362789769735,-1381.8
2020-03-31 16:00:00,-0.5886503227553539,6.910750787961936,-0.07492925298993125,-1388.7
2020-03-31 17:00:00,-0.6262726374514456,6.90875477931522,-0.08621321556766848,-1384.1
2020-03-31 18:00:00,-0.5998556931211918,6.899723107284872,-0.10041110019153088,-1403.3
2020-03-31 19:00:00,-0.6429076636726958,6.898714534329988,-0.08136905242847625,-1471.6
2020-03-31 20:00:00,-0.559393925850866,6.900730664045173,-0.06530386162728075,-1544.8
2020-03-31 21:00:00,-0.534839208982749,6.887552571664617,-0.06842481271528555,-1413.1
2020-03-31 22:00:00,-0.5407191997300433,6.88653164253051,-0.07131769407113353,-1389.9
2020-03-31 23:00:00,-0.5244109543062532,6.905753276311464,-0.062050555443470934,-1382.7
2020-04-01 00:00:00,-0.1525627783386967,6.934397209928558,-0.018936336985554192,-1498.6
2020-04-01 01:00:00,-0.10222802244897755,6.970730078143525,-0.019388750447737024,-1434.8
2020-04-01 02:00:00,-0.05795869573068746,6.99117688712121,-0.019279575267476368,-1488.0
2020-04-01 03:00:00,-0.06970209298626084,7.00397413672268,-0.02617249077051298,-1594.5
2020-04-01 04:00:00,-0.08149049105829564,7.009408932708637,-0.008619373278873965,-1691.9
2020-04-01 05:00:00,-0.15205561872892703,6.99117688712121,0.007410512835584804,-1860.6
2020-04-01 06:00:00,-0.1800763114937045,6.959398512133975,0.023613899107427727,-2315.6
2020-04-01 07:00:00,-0.1756225207840889,6.903747257584598,0.0392578436447808,-2404.5
2020-04-01 08:00:00,-0.117060344228467,6.848005274576363,0.053137183040900204,-2387.7
2020-04-01 09:00:00,-0.057270121430945675,6.806829360392176,0.05518992839196457,-2379.1
2020-04-01 10:00:00,-0.001557671871577071,6.76849321164863,0.04627142939257922,-2359.6
2020-04-01 11:00:00,-0.0026173104716367135,6.699500340161678,0.052061053631855536,-2299.0
2020-04-01 12:00:00,0.0450996355919866,6.576469569048224,0.062191655142980196,-1819.2
2020-04-01 13:00:00,0.008117789994793512,6.431331081933479,0.056758698671418806,-1709.2
2020-04-01 14:00:00,-0.01725614838629541,6.280395838960195,0.062018336487865255,-1614.3
2020-04-01 15:00:00,-0.06675058276495749,6.1070228877422545,0.06215764706680993,-1440.9
2020-04-01 16:00:00,-0.0556357224180668,5.886104031450156,0.05641562437637848,-1683.4
2020-04-01 17:00:00,-0.062418996968363505,5.638354669333745,0.0623161281242961,-1617.6
2020-04-01 18:00:00,-0.016817140526671714,5.424950017481403,0.05734052993051364,-1623.8
2020-04-01 19:00:00,-0.004322455203501274,5.327876168789581,0.07815852873461182,-1623.5
2020-04-01 20:00:00,-0.04523982388720604,5.424950017481403,0.08298465529536081,-1610.7
2020-04-01 21:00:00,-0.07132521277392545,5.5254529391317835,0.08021591768779857,-1504.7
2020-04-01 22:00:00,-0.10329398783868893,5.575949103146316,0.07251526330698965,-1344.0
2020-04-01 23:00:00,-0.0937067777786178,5.583496308781699,0.07310711334300812,-1119.6
2020-04-02 00:00:00,-0.11513431769490823,5.198497031265826,0.043308510102553655,-991.0
2020-04-02 01:00:00,-0.11536247157478585,5.1647859739235145,0.0481265377786988,-948.9
2020-04-02 02:00:00,-0.1349166097583796,5.176149732573829,0.052084339652453515,-906.7
2020-04-02 03:00:00,-0.13348494961558455,5.262690188904886,0.043731948674820664,-963.2
2020-04-02 04:00:00,-0.1298327093839684,5.4116460518550396,0.05059052689153365,-1073.1
2020-04-02 05:00:00,-0.1296194339853256,5.556828061699537,0.0642157423738885,-1241.4
2020-04-02 06:00:00,-0.11775985601526773,5.680172609017068,0.06418414353475654,-1612.1
2020-04-02 07:00:00,-0.11043313888978123,5.749392985908253,0.07404918093259649,-1684.2
2020-04-02 08:00:00,-0.11171060473761374,5.726847747587197,0.08069340601697217,-1674.6
2020-04-02 09:00:00,-0.11952943649370451,5.75890177387728,0.0892232017297303,-1684.3
2020-04-02 10:00:00,-0.1128597374230842,5.823045895483019,0.09158513437002824,-1715.2
2020-04-02 11:00:00,-0.10128962751798953,5.8971538676367405,0.09809131044919805,-1721.8
2020-04-02 12:00:00,-0.09571311803281124,5.8998973535824915,0.10559431725077673,-1705.9
2020-04-02 13:00:00,-0.08251442537664966,5.902633333401366,0.09410283456534074,-1658.5
2020-04-02 14:00:00,-0.045327160980170644,5.902633333401366,0.1096514934340922,-1651.9
2020-04-02 15:00:00,-0.05336290270676791,5.910796644040527,0.11127837191768286,-1637.5
2020-04-02 16:00:00,-0.0441157133254928,5.929589143389895,0.1042426236876759,-1650.5
2020-04-02 17:00:00,-0.060695483790013105,5.948034989180646,0.10708860639881834,-1673.9
2020-04-02 18:00:00,-0.06851223715373389,5.950642552587727,0.10055144320674536,-1693.0
2020-04-02 19:00:00,-0.03522552889796926,5.940171252720432,0.10496763471913084,-1720.4
2020-04-02 20:00:00,-0.06333580889330159,5.948034989180646,0.10522262669703153,-1754.8
2020-04-02 21:00:00,-0.07206415254844067,5.971261839790462,0.09554914070812437,-1765.7
2020-04-02 22:00:00,-0.08954049924099516,6.018593214496234,0.08187542279708637,-1718.8
2020-04-02 23:00:00,-0.1160939510528658,6.042632833682381,0.07582070726500145,-1455.9
2020-04-03 00:00:00,-0.2504861978331143,6.236369590203704,0.04414335883741316,-1695.8
2020-04-03 01:00:00,-0.24837648255023437,6.285998094508865,0.04435085220648283,-1624.5
2020-04-03 02:00:00,-0.23541452256000084,6.343880434126331,0.06906872251295493,-1630.7
2020-04-03 03:00:00,-0.22976824933221995,6.396929655216146,0.060889815349016274,-1710.1
2020-04-03 04:00:00,-0.22147614168939023,6.439350371100098,0.047983280923723726,-1830.4
2020-04-03 05:00:00,-0.21624749930568643,6.47543271670409,0.05139372299025613,-2197.2
2020-04-03 06:00:00,-0.19486330654220008,6.498282149476434,0.07492801467036081,-2550.9
2020-04-03 07:00:00,-0.16626951587899597,6.484635235635252,0.08708131015026677,-2769.7
2020-04-03 08:00:00,-0.1430493586342887,6.423246963533519,0.07962179129772995,-2794.2
2020-04-03 09:00:00,-0.17353815255657334,6.386879319362645,0.08560466433114211,-2723.3
2020-04-03 10:00:00,-0.1603972575845265,6.395261598115449,0.0825246513179545,-2672.5
2020-04-03 11:00:00,-0.15017201286433668,6.405228458030842,0.08629876871032671,-2627.0
2020-04-03 12:00:00,-0.1341828417459323,6.385194398997726,0.08265185402090847,-2569.8
2020-04-03 13:00:00,-0.12393383343305509,6.345636360828596,0.08702123188901023,-2530.1
2020-04-03 14:00:00,-0.1259885708358517,6.295266001439646,0.07059855698690498,-2402.3
2020-04-03 15:00:00,-0.10464816577915026,6.244166900663736,0.06788614917350522,-2285.0
2020-04-03 16:00:00,-0.09098490872647669,6.184148890937483,0.07358386149997997,-2343.4
2020-04-03 17:00:00,-0.08195886308946454,6.07993319509559,0.06412889652192266,-2446.3
2020-04-03 18:00:00,-0.034838051481276944,6.018593214496234,0.04658133482559723,-2524.1
2020-04-03 19:00:00,0.03651014112608819,6.142037405587356,0.08050988142425197,-2689.1
2020-04-03 20:00:00,-0.018098769519892643,6.315358001522335,0.07506259217993705,-2801.9
2020-04-03 21:00:00,-0.009827968764775541,6.421622267806518,0.06244756405899743,-2793.3
2020-04-03 22:00:00,-0.048220009489089444,6.470799503782602,0.05167481219336523,-2755.8
2020-04-03 23:00:00,-0.03421612402653085,6.48768401848461,0.046755264911940486,-2752.2
2020-04-04 00:00:00,-0.06209788174968023,6.343880434126331,0.0545348562195036,-2604.8
2020-04-04 01:00:00,-0.037042710623265585,6.345636360828596,0.05816651405375772,-2622.1
2020-04-04 02:00:00,-0.03503867604155775,6.335054251498059,0.06795662486949627,-2598.9
2020-04-04 03:00:00,-0.006848063248588998,6.302618975744905,0.06457052242876493,-2590.6
2020-04-04 04:00:00,0.048246054964035556,6.289715570908998,0.06875497476326231,-2578.9
2020-04-04 05:00:00,0.0892930533135945,6.261491684321042,0.08244504096309324,-2563.1
2020-04-04 06:00:00,0.129560997649532,6.173786103901937,0.09296260160114045,-2499.1
2020-04-04 07:00:00,0.11344194233093252,6.021023349349527,0.09276055869806576,-2499.0
2020-04-04 08:00:00,0.09950063845431734,5.7745515455444085,0.10401651820308455,-2550.3
2020-04-04 09:00:00,0.04349866651671319,5.5254529391317835,0.08685775123020267,-2561.2
2020-04-04 10:00:00,0.041134384792296474,5.356586274672012,0.07184264797663875,-2524.1
2020-04-04 11:00:00,0.06364991771475403,5.303304908059076,0.08786371692822303,-2486.4
2020-04-04 12:00:00,0.0646074233367504,5.472270673671475,0.08350429852950825,-2458.6
2020-04-04 13:00:00,0.1141644946408662,5.697093486505405,0.06879645029656078,-2448.8
2020-04-04 14:00:00,0.16985215431485812,5.8664680569332965,0.0900982312812193,-2473.8
2020-04-04 15:00:00,0.14043805809524246,6.054439346269371,0.08397394412914228,-2494.2
2020-04-04 16:00:00,0.08614520409846915,6.18826412308259,0.08513915503382297,-2574.4
2020-04-04 17:00:00,0.030456739929265675,6.2166061010848646,0.09038164310395391,-2684.1
2020-04-04 18:00:00,0.037290555446504836,6.313548046277095,0.07872986356142864,-2829.8
2020-04-04 19:00:00,0.06790806333407207,6.428105272684596,0.08652411493945422,-2979.5
2020-04-04 20:00:00,0.06744895352960034,6.532334292222349,0.08682437180624092,-3052.3
2020-04-04 21:00:00,0.08454984753737271,6.620073206530356,0.0812204216401371,-3076.7
2020-04-04 22:00:00,0.07883118403132494,6.682108597449809,0.07436278286666109,-3094.1
2020-04-04 23:00:00,0.09687391065733819,6.710523109452428,0.07702233690367333,-3125.9
2020-04-05 00:00:00,0.08058214915621109,6.723832440821209,0.09736525532420792,-2669.4
2020-04-05 01:00:00,0.09679047101534333,6.70808408385307,0.11372775804045343,-2569.0
2020-04-05 02:00:00,0.13166756820917258,6.692083742506628,0.09977784237057907,-2564.0
2020-04-05 03:00:00,0.12561640696783494,6.678342114654332,0.11246845860475663,-2535.3
2020-04-05 04:00:00,0.19912209447463103,6.661854740545311,0.1234908613920398,-2519.3
2020-04-05 05:00:00,0.26912423375431116,6.639875833826536,0.1179120316028035,-2488.7
2020-04-05 06:00:00,0.31676061109894715,6.583409222158765,0.11782567954488599,-2287.1
2020-04-05 07:00:00,0.28377480697870383,6.484635235635252,0.11308748703800564,-2232.4
2020-04-05 08:00:00,0.26826920542148236,6.306275286948016,0.10828919507071166,-2140.9
2020-04-05 09:00:00,0.21214938452141063,6.045005314036012,0.10801922450905543,-2247.3
2020-04-05 10:00:00,0.12397330946884955,5.8377304471659395,0.07680278835975507,-2111.2
2020-04-05 11:00:00,0.032709846436099754,5.783825182329737,0.07007282787675084,-2033.4
2020-04-05 12:00:00,0.05556124212478064,5.746203190540153,0.058170373690257016,-1913.6
2020-04-05 13:00:00,0.07641459234881443,5.676753802268282,0.06952937820895055,-1829.6
2020-04-05 14:00:00,0.09786282933252344,5.497168225293202,0.08101995641588466,-1716.9
2020-04-05 15:00:00,0.10066100970080494,5.272999558563747,0.06588399441295945,-1488.0
2020-04-05 16:00:00,0.08127546341746661,5.0369526024136295,0.08215482007506036,-1628.2
2020-04-05 17:00:00,0.06595095180775412,4.709530201312334,0.08633967532163123,-1687.7
2020-04-05 18:00:00,0.11813028273759274,4.51085950651685,0.07385515888093597,-1795.5
2020-04-05 19:00:00,0.18656468789237857,4.543294782270004,0.08532809288828869,-2121.7
2020-04-05 20:00:00,0.20631768409428863,4.624972813284271,0.06663158828963134,-2531.2
2020-04-05 21:00:00,0.12125659864445337,4.7535901911063645,0.07108727570773521,-2157.0
2020-04-05 22:00:00,0.025222843458621913,4.976733742420574,0.08891226355664017,-1853.4
2020-04-05 23:00:00,0.005336152836282082,5.123963979403259,0.0861721181304711,-1994.0
2020-04-06 00:00:00,0.05101051246006971,5.14166355650266,0.055969362043223114,-1829.3
2020-04-06 01:00:00,0.03418675265047644,5.153291594497779,0.05907938322814932,-1829.2
2020-04-06 02:00:00,0.025392147039754898,5.14166355650266,0.04734297511848151,-1826.5
2020-04-06 03:00:00,0.0209656453405076,5.147494476813453,0.041026523684546845,-1623.8
2020-04-06 04:00:00,-0.09402707182039616,5.293304824724492,0.04551876882115469,-1537.6
2020-04-06 05:00:00,-0.10943052662118347,5.541263545158426,0.06323296303551373,-1808.8
2020-04-06 06:00:00,-0.10584635242469065,5.802118375377063,0.08994603669103984,-1861.1
2020-04-06 07:00:00,-0.07634832835711403,5.905361848054571,0.10078718872695536,-2401.9
2020-04-06 08:00:00,-0.025370282101579766,5.802118375377063,0.14447057077172865,-2545.7
2020-04-06 09:00:00,-0.013042534444545284,5.616771097666572,0.12625395831277597,-2525.1
2020-04-06 10:00:00,0.016043920751424245,5.459585514144159,0.14753504853533617,-2517.7
2020-04-06 11:00:00,-0.002303908528600518,5.476463551931511,0.11656713431530807,-2375.9
2020-04-06 12:00:00,-0.0481700003715817,5.627621113690637,0.10416905466850945,-1968.7
2020-04-06 13:00:00,-0.09301247225164966,5.71042701737487,0.12955641931555562,-1805.7
2020-04-06 14:00:00,-0.11230799802020353,5.733341276897746,0.07977263294697856,-1802.2
2020-04-06 15:00:00,-0.10792521807854683,5.720311776607412,0.09443819950365029,-1806.7
2020-04-06 16:00:00,-0.120072791412968,5.700443573390687,0.08500357109987977,-1818.5
2020-04-06 17:00:00,-0.17105817973937998,5.680172609017068,0.07738425292228435,-1808.8
2020-04-06 18:00:00,-0.1686347304971989,5.673323267171493,0.08079977471316102,-1813.0
2020-04-06 19:00:00,-0.18933436520770353,5.713732805509369,0.09165556918330786,-1825.8
2020-04-06 20:00:00,-0.1935923979364118,5.796057750765372,0.0719628891765316,-1898.3
2020-04-06 21:00:00,-0.1635335936911415,5.8377304471659395,0.023697822447271477,-1925.4
2020-04-06 22:00:00,-0.16760500142145784,5.886104031450156,0.006504681602962137,-1971.4
2020-04-06 23:00:00,-0.1654680502119712,5.905361848054571,-0.06502905991617158,-2001.8
2020-04-07 00:00:00,-0.19611818037197204,5.971261839790462,-0.060689525885343265,-2077.3
2020-04-07 01:00:00,-0.192762471330991,5.937536205082426,-0.06864259650762516,-2045.2
2020-04-07 02:00:00,-0.18079499597580195,5.8888779583328805,-0.06725033775756195,-2013.0
2020-04-07 03:00:00,-0.17152600211002533,5.8805329864007,-0.06721944505369581,-2133.4
2020-04-07 04:00:00,-0.16843815905329063,5.8998973535824915,-0.06320534585364701,-2203.8
2020-04-07 05:00:00,-0.2264956810321166,5.910796644040527,-0.039472384022468,-2209.9
2020-04-07 06:00:00,-0.1949103477079439,5.877735781779639,-0.020000163509631186,-2207.0
2020-04-07 07:00:00,-0.3437113409757653,5.840641657373398,0.0015496822485365769,-2099.7
2020-04-07 08:00:00,-0.35300780522648756,5.924255797414532,0.007523478699779318,-2085.3
2020-04-07 09:00:00,-0.34064695728524597,6.068425588244111,0.0033217036914638953,-2101.1
2020-04-07 10:00:00,-0.33639632656870955,6.22455842927536,-0.004811922444369898,-2182.3
2020-04-07 11:00:00,-0.3279504647453251,6.345636360828596,-0.0029695219744390045,-2245.0
2020-04-07 12:00:00,-0.30564291593462745,6.455198563340122,-0.007927592833173236,-2308.6
2020-04-07 13:00:00,-0.29310858172006515,6.51025834052315,-0.014774449560285063,-2344.4
2020-04-07 14:00:00,-0.2932246131963965,6.546785410760524,-0.017106335184252863,-2325.8
2020-04-07 15:00:00,-0.2790257018775264,6.570882962339584,-0.022417762934066054,-2313.1
2020-04-07 16:00:00,-0.27446184266888163,6.641182169740591,-0.0311589771035381,-2359.6
2020-04-07 17:00:00,-0.22680995114520353,6.679599185844383,-0.031276028177416926,-2539.5
2020-04-07 18:00:00,-0.1895014555129928,6.684611727667927,-0.0334477954629131,-2562.9
2020-04-07 19:00:00,-0.24272084092586543,6.698268054115413,-0.017451921346115284,-2557.2
2020-04-07 20:00:00,-0.16842006166592793,6.7464121285733745,-0.009082664832655851,-2579.2
2020-04-07 21:00:00,-0.14791637069390084,6.807934943699926,-0.014137648110817302,-2642.1
2020-04-07 22:00:00,-0.18477583110656748,6.880384082186005,-0.03746746454328065,-2737.5
2020-04-07 23:00:00,-0.17956144397261808,6.933423025730715,-0.05820157863356634,-2786.4
2020-04-08 00:00:00,-0.2693029522883017,6.97166860472579,-0.03940216757784487,-2164.3
2020-04-08 01:00:00,-0.22606093574224628,6.959398512133975,-0.03809837010446504,-2166.0
2020-04-08 02:00:00,-0.19409087005526726,6.942156705699469,-0.03514551704379443,-2143.6
2020-04-08 03:00:00,-0.22602314805506896,6.926577033222725,-0.0364963741121489,-2118.2
2020-04-08 04:00:00,-0.26094534737017416,6.913737350659685,-0.03536140022654344,-2075.6
2020-04-08 05:00:00,-0.36710508075816195,6.905753276311464,-0.029151740657691327,-2029.6
2020-04-08 06:00:00,-0.4431871232149802,6.881411303642535,-0.03787915524296093,-2317.1
2020-04-08 07:00:00,-0.46283455797457185,6.799055862058796,-0.03611195832936254,-2398.6
2020-04-08 08:00:00,-0.41483887693125765,6.675823221634848,-0.035402078126782754,-2389.3
2020-04-08 09:00:00,-0.37867322385018265,6.616065185132817,-0.034205574262402116,-2432.3
2020-04-08 10:00:00,-0.37511823346099615,6.568077911411976,-0.036528814005072796,-2395.7
2020-04-08 11:00:00,-0.34768670829006143,6.591673732008658,-0.03624370573251401,-2402.9
2020-04-08 12:00:00,-0.36223988731052814,6.729824070489475,-0.038589425372245856,-2356.4
2020-04-08 13:00:00,-0.3556202738867027,6.878326468291325,-0.03823632197492355,-2342.8
2020-04-08 14:00:00,-0.33290875722511837,6.961296045910167,-0.03425000372192688,-2391.8
2020-04-08 15:00:00,-0.341341559169859,6.98100574072173,-0.032913897728627184,-2396.6
2020-04-08 16:00:00,-0.31014402118784945,6.97914527506881,-0.03327100094608593,-2419.6
2020-04-08 17:00:00,-0.303175894754792,6.9363427358340495,-0.029702770595956274,-2471.4
2020-04-08 18:00:00,-0.27600725718414654,6.905753276311464,-0.030029668692733935,-2509.4
2020-04-08 19:00:00,-0.25972102230415595,6.900730664045173,-0.011114013718155569,-2593.2
2020-04-08 20:00:00,-0.27716820475714865,6.934397209928558,-0.015085839097064735,-2641.0
2020-04-08 21:00:00,-0.28554013334383366,6.953684210870537,-0.01540342891447466,-2602.3
2020-04-08 22:00:00,-0.2945925434719767,6.963189985870238,-0.01632033251097109,-2608.1
2020-04-08 23:00:00,-0.25829512763677753,6.963189985870238,-0.010990443362439706,-2571.3
2020-04-09 00:00:00,-0.20626563642426632,6.967909201801884,-0.023591151237606134,-2409.6
2020-04-09 01:00:00,-0.20407308431737547,6.954638864880987,-0.011526214191788675,-2362.8
2020-04-09 02:00:00,-0.22920863233916422,6.925595197110468,-0.008164170615609478,-2339.7
2020-04-09 03:00:00,-0.25231368232427753,6.899723107284872,-0.018900324593247753,-2325.8
2020-04-09 04:00:00,-0.2831667293046707,6.891625897052253,-0.002954513549901172,-2298.0
2020-04-09 05:00:00,-0.32151044179543087,6.893656354602635,-0.0023049399676740023,-2248.5
2020-04-09 06:00:00,-0.38226708778073726,6.866933284461882,0.01781292635263476,-2560.1
2020-04-09 07:00:00,-0.3876638097938545,6.790097235513905,0.02709942743118443,-2463.3
2020-04-09 08:00:00,-0.33558648856349893,6.693323668269949,0.011806192515220637,-2400.6
2020-04-09 09:00:00,-0.31144914735638163,6.661854740545311,0.010721373895108854,-2374.1
2020-04-09 10:00:00,-0.2810180319983073,6.630683385642372,0.004029243345708977,-2368.1
2020-04-09 11:00:00,-0.24593965814549223,6.54534966033442,0.0043588327864902965,-2367.0
2020-04-09 12:00:00,-0.22746038886383246,6.448889394146858,-0.0011736581749293151,-2350.6
2020-04-09 13:00:00,-0.202859796129651,6.359573868672378,0.002453609950021196,-2317.4
2020-04-09 14:00:00,-0.15655279609039496,6.311734809152915,-0.0031327107801768506,-2294.7
2020-04-09 15:00:00,-0.15961270254947846,6.249975242259483,-0.005374081368414885,-2271.1
2020-04-09 16:00:00,-0.15196423453190033,6.175867270105761,-0.005565513953749601,-2252.1
2020-04-09 17:00:00,-0.16958957202915026,6.077642243349034,-0.005193506337514364,-2214.0
2020-04-09 18:00:00,-0.1717652704719954,5.963579343618446,0.01230524408038125,-2176.1
2020-04-09 19:00:00,-0.1395383755233517,5.849324779946859,0.009283413391836248,-2165.0
2020-04-09 20:00:00,-0.16556643154220008,5.802118375377063,0.004746024558951234,-2200.2
2020-04-09 21:00:00,-0.16326235439376258,5.8377304471659395,0.0016805939923578705,-2191.2
2020-04-09 22:00:00,-0.165016375606025,5.863631175598097,0.0026260511429452293,-2209.0
2020-04-09 23:00:00,-0.15389914039458108,5.8289456176102075,0.028012861445679604,-2216.8
2020-04-10 00:00:00,0.016772148876111004,5.8888779583328805,0.021276682979889827,-1982.9
2020-04-10 01:00:00,0.03582464911455174,6.025865973825314,0.02386840987546357,-2050.5
2020-04-10 02:00:00,0.04947405552549511,6.2324480165505225,0.02574427128728818,-2135.7
2020-04-10 03:00:00,0.04724627232237011,6.395261598115449,0.01542842636247066,-2216.0
2020-04-10 04:00:00,0.031498554291368164,6.511745329644728,0.03309393148643203,-2237.5
2020-04-10 05:00:00,-0.010709204442245879,6.568077911411976,0.02078233964777798,-2309.0
2020-04-10 06:00:00,-0.051030669732026857,6.525029657843462,-0.01909668478440185,-2260.7
2020-04-10 07:00:00,-0.09471540966320946,6.418364935936212,-0.016857546025521586,-2407.1
2020-04-10 08:00:00,-0.1582026318377714,6.311734809152915,-0.009532811835915922,-2823.4
2020-04-10 09:00:00,-0.17237920340364488,6.274762021241939,-0.034217628451931326,-2774.0
2020-04-10 10:00:00,-0.15736309780549607,6.236369590203704,-0.026516443484503327,-2755.5
2020-04-10 11:00:00,-0.13393829782030187,6.20050917404269,-0.017045798327233186,-2679.5
2020-04-10 12:00:00,-0.1153615554740346,6.19644412779452,-0.020740120985940358,-2682.2
2020-04-10 13:00:00,-0.10405513928989607,6.226536669287466,-0.012590020277932545,-2655.8
2020-04-10 14:00:00,-0.09595541595205681,6.259581464064923,-0.009272119945557655,-2650.6
2020-04-10 15:00:00,-0.05869801457984414,6.289715570908998,0.001087832577390202,-2639.1
2020-04-10 16:00:00,0.0038190823151000863,6.318968113746434,0.028837103036002176,-1978.9
2020-04-10 17:00:00,-0.004323021978346109,6.336825731146441,0.029983278148602466,-2049.6
2020-04-10 18:00:00,0.03146481078592389,6.3561076606958915,-0.0006654200192075521,-2139.2
2020-04-10 19:00:00,0.09022111377429054,6.380122536899765,0.017961538699881707,-2242.0
2020-04-10 20:00:00,0.029351030664805045,6.4692503167957724,0.016352778802840362,-2340.9
2020-04-10 21:00:00,0.040250520098289444,6.566672429803241,0.012583644870663768,-2337.1
2020-04-10 22:00:00,0.033221913993795704,6.642486801367256,0.01739290761881218,-2474.3
2020-04-10 23:00:00,0.05051774463366554,6.659293919683638,0.03638836687295122,-2503.4
2020-04-11 00:00:00,-0.01212777644039953,6.723832440821209,0.04352246199787757,-2147.9
2020-04-11 01:00:00,0.02075828826656312,6.709304340258298,0.048871981574508006,-2184.7
2020-04-11 02:00:00,0.03681984272771732,6.672032945461067,0.041717286221961025,-2215.6
2020-04-11 03:00:00,0.07878267014191342,6.616065185132817,0.031134060000464814,-2270.9
2020-04-11 04:00:00,0.13360590391519245,6.5337888379333435,0.03819232435309594,-2230.1
2020-04-11 05:00:00,0.1775392524399586,6.434546518787453,0.052317239279319416,-2184.8
2020-04-11 06:00:00,0.2342623175023406,6.282266746896006,0.053320747148730696,-2164.4
2020-04-11 07:00:00,0.2375489669015256,6.040254711277414,0.04129963376783774,-2240.2
2020-04-11 08:00:00,0.17717942589794955,5.7430031878094825,0.037325143704412866,-2160.8
2020-04-11 09:00:00,0.13412087992704613,5.476463551931511,0.025262914920275215,-2183.6
2020-04-11 10:00:00,0.145684199149134,5.293304824724492,0.028075533109250372,-2183.9
2020-04-11 11:00:00,0.1647460345861227,5.214935757608986,0.025317959573501803,-2124.4
2020-04-11 12:00:00,0.17443555625429275,5.181783550292085,0.004254926875367104,-2109.2
2020-04-11 13:00:00,0.22135362023388705,5.159055299214529,0.0068187500206633445,-2066.5
2020-04-11 14:00:00,0.27738060211503224,5.159055299214529,0.017536189002830938,-2072.8
2020-04-11 15:00:00,0.24629844879471974,5.075173815233827,0.018951044197891065,-2004.8
2020-04-11 16:00:00,0.19001206749951205,4.912654885736052,0.02366958175182443,-1965.5
2020-04-11 17:00:00,0.1272561232850582,4.762173934797756,0.03809792275231061,-1946.9
2020-04-11 18:00:00,0.1283325707023042,4.672828834461906,0.03668648476402936,-1776.2
2020-04-11 19:00:00,0.12436851867421561,4.804021044733257,0.024866308115610636,-1647.3
2020-04-11 20:00:00,0.11511362517729773,5.147494476813453,0.029757865507370695,-1593.7
2020-04-11 21:00:00,0.12377056069065384,5.5254529391317835,0.04105437991480265,-1542.0
2020-04-11 22:00:00,0.10740455647538094,5.857933154483459,0.017963094404535696,-1591.2
2020-04-11 23:00:00,0.1032841890182572,6.1092475827643655,0.02058630986101395,-1587.7
2020-04-12 00:00:00,0.034136651946033325,6.4425401664681985,0.0327183272268039,-1775.1
2020-04-12 01:00:00,0.0335090210678235,6.530877627725885,0.023137775807598793,-1820.8
2020-04-12 02:00:00,0.040249958520359064,6.593044534142437,0.016780922799610742,-1842.9
2020-04-12 03:00:00,0.03644846239665389,6.634633357861686,0.028526586327288328,-1847.2
2020-04-12 04:00:00,0.08835663147689399,6.677083461247136,0.025709477811077797,-1878.1
2020-04-12 05:00:00,0.1410807267062315,6.736966958001855,0.04528939206527305,-1919.2
2020-04-12 06:00:00,0.19681668667322483,6.779921907472252,0.04223969258829108,-1927.1
2020-04-12 07:00:00,0.16110465378578587,6.790097235513905,0.0379386453581958,-1952.9
2020-04-12 08:00:00,0.1184414821039741,6.771935555839602,0.0709980832132926,-1914.9
2020-04-12 09:00:00,0.06963556760730993,6.769641976852503,0.044924449110558484,-1905.6
2020-04-12 10:00:00,0.04487406166716901,6.75343791859778,0.04927068496955389,-1890.3
2020-04-12 11:00:00,0.05034698792220649,6.706862336602747,0.011625477231071102,-1830.7
2020-04-12 12:00:00,0.05375781512562994,6.625392368007956,0.05488089703985821,-1743.0
2020-04-12 13:00:00,-0.07682575514429857,6.555356891810665,0.06386822277421178,-1601.6
2020-04-12 14:00:00,-0.22198852605264907,6.507277712385012,0.06533659740033304,-1087.2
2020-04-12 15:00:00,-0.2131907804843607,6.455198563340122,0.04333606630381848,-1045.1
2020-04-12 16:00:00,-0.09611129309063982,6.424869023905388,0.047063500263790026,-1520.4
2020-04-12 17:00:00,-0.055726728517359714,6.410174881966167,0.05913799816483678,-1578.2
2020-04-12 18:00:00,-0.059383572488258984,6.45833828334479,0.037280582479628066,-1599.4
2020-04-12 19:00:00,-0.06052140427900654,6.593044534142437,0.0302087936672093,-1716.6
2020-04-12 20:00:00,-0.11213604702424607,6.704414354964107,0.007839149015492985,-1813.5
2020-04-12 21:00:00,-0.10841107874669964,6.754604099487962,0.017284569714759,-1871.1
2020-04-12 22:00:00,-0.10131472483200898,6.8001700683022,0.030627406342160768,-1943.3
2020-04-12 23:00:00,-0.15514976371478717,6.843749949006225,0.03668613091759454,-1994.1
2020-04-13 00:00:00,-0.09106944370502146,6.874198495453294,0.015200464582893147,-1931.9
2020-04-13 01:00:00,-0.397638545247063,6.910750787961936,0.02193443778659976,-1526.3
2020-04-13 02:00:00,-0.3946826351381483,6.937314081223682,0.0302363898270519,-1551.5
2020-04-13 03:00:00,-0.48782980357328065,6.963189985870238,0.026375539471578335,-1564.8
2020-04-13 04:00:00,-0.543142914033713,6.9865664594064265,-0.002805719449646027,-1577.0
2020-04-13 05:00:00,-0.6694157915758521,7.005789019253503,-0.03651418355212588,-1587.8
2020-04-13 06:00:00,-0.6532498582053246,7.018401799069201,-0.04119578871446272,-1617.1
2020-04-13 07:00:00,-0.6609091269513896,7.023758954738443,-0.048368658543297194,-1583.4
2020-04-13 08:00:00,-0.6075872598952086,7.026426808699636,-0.035351253457871934,-1566.7
2020-04-13 09:00:00,-0.5516948683677603,7.022868086082641,0.012419812630829696,-1564.1
2020-04-13 10:00:00,-0.5105190315252193,7.022868086082641,0.0034100251606226095,-1561.6
2020-04-13 11:00:00,-0.5226726926073071,7.02108396428914,0.005415717596498837,-1577.4
2020-04-13 12:00:00,-0.5286485616150494,7.018401799069201,-0.004136843034713067,-1589.7
2020-04-13 13:00:00,-0.540074154069321,7.018401799069201,-0.001748874322514915,-1601.8
2020-04-13 14:00:00,-0.5552387521559603,7.024649030453636,0.0011803385310278358,-1620.7
2020-04-13 15:00:00,-0.5703907093256944,7.039660349862076,-0.004428728103435198,-1620.5
2020-04-13 16:00:00,-0.555008284635016,7.046647277848756,0.019291282010615696,-1626.6
2020-04-13 17:00:00,-0.48264764819603956,7.050122520269059,0.04082551082761032,-1689.1
2020-04-13 18:00:00,-0.33225454317295,7.050989447068045,0.023311216181509664,-2123.1
2020-04-13 19:00:00,-0.24074723871614645,7.051855622955894,0.0336838934863497,-2168.4
2020-04-13 20:00:00,-0.25307634027864645,7.05617528410041,0.01879327045287571,-2217.1
2020-04-13 21:00:00,-0.21605859922272663,7.061334366910438,0.019644919834035157,-2214.1
2020-04-13 22:00:00,-0.16306732614061437,7.063903961472068,0.04848398025818046,-2262.9
2020-04-13 23:00:00,-0.11654552960093256,7.062191632286556,0.06239472642458033,-2293.6
2020-04-14 00:00:00,-0.20690965200473643,7.048386408721883,0.031486946619159184,-2218.9
2020-04-14 01:00:00,-0.18915235910689132,7.042286171939743,0.0238447162139952,-2225.1
2020-04-14 02:00:00,-0.17898175885162115,7.033506484287697,0.02409944083066584,-2230.9
2020-04-14 03:00:00,-0.18586316525643265,7.022868086082641,0.021563411584315517,-2219.7
2020-04-14 04:00:00,-0.1931307716436621,7.01301578963963,0.01933460880258142,-2192.0
2020-04-14 05:00:00,-0.3122875456754852,6.994849985833071,0.030251481649081313,-2139.8
2020-04-14 06:00:00,-0.511427969799612,6.970730078143525,0.04027395884148266,-1981.7
2020-04-14 07:00:00,-0.5742349995875975,6.9363427358340495,0.062078961546903066,-1972.5
2020-04-14 08:00:00,-0.5677327860751016,6.893656354602635,0.06037182832603616,-1948.6
2020-04-14 09:00:00,-0.48098189521490253,6.837332814685591,0.0645172647183836,-1928.6
2020-04-14 10:00:00,-0.40562811813803035,6.761572768804055,0.059209936320561596,-1918.8
2020-04-14 11:00:00,-0.3384217646126204,6.635946555686647,0.06083895793552685,-1832.3
2020-04-14 12:00:00,-0.2987582071571302,6.452048954437226,0.06306995690615658,-1723.0
2020-04-14 13:00:00,-0.23331280371403085,6.20455776256869,0.04849099693048764,-1701.9
2020-04-14 14:00:00,-0.18983031499211256,5.902633333401366,0.05217459622115328,-1685.0
2020-04-14 15:00:00,-0.1425653897321184,5.53338948872752,0.044665219961219194,-1608.8
2020-04-14 16:00:00,-0.12056952739544391,5.062595033026967,0.041646063269767275,-1497.0
2020-04-14 17:00:00,-0.16704373941533945,4.5217885770490405,0.0307203708133601,-1442.8
2020-04-14 18:00:00,-0.15341910990900143,4.1588830833596715,0.027993486260077027,-1405.6
2020-04-14 19:00:00,-0.2364315120183016,4.204692619390966,0.03554060879439547,-1390.6
2020-04-14 20:00:00,-0.18424317660517064,4.6443908991413725,0.033722223681169616,-1411.3
2020-04-14 21:00:00,-0.16717860348895353,5.153291594497779,0.027465689339817523,-1417.5
2020-04-14 22:00:00,-0.2247145833911921,5.521460917862246,0.00897101495067254,-1359.9
2020-04-14 23:00:00,-0.21925604265756515,5.739792912179234,-0.0033432180815200496,-1353.8
2020-04-15 00:00:00,-0.21277012495608738,5.560681631015528,-0.04034245913748702,-1391.0
2020-04-15 01:00:00,-0.2055569555445389,5.537334267018537,-0.051406551306960147,-1379.4
2020-04-15 02:00:00,-0.19409087005526726,5.645446897643238,-0.04935703050475482,-1382.9
2020-04-15 03:00:00,-0.2336567729101402,5.762051382780177,-0.04883635034772471,-1389.4
2020-04-15 04:00:00,-0.2705331485253277,5.786897381366708,-0.05422988453092614,-1376.2
2020-04-15 05:00:00,-0.36327365844660586,5.948034989180646,-0.03919290215718174,-1423.0
2020-04-15 06:00:00,-0.45687257630023437,6.212606095751519,-0.016391435506271534,-1430.4
2020-04-15 07:00:00,-0.4516194871544319,6.3080984415095305,0.015560052214958375,-1524.3
2020-04-15 08:00:00,-0.39837006921798945,6.295266001439646,0.015807809946861262,-1543.0
2020-04-15 09:00:00,-0.38228986432037115,6.320768294250582,0.016708541253507292,-1538.8
2020-04-15 10:00:00,-0.38056783822856066,6.302618975744905,0.006137632313829577,-1541.1
2020-04-15 11:00:00,-0.33133757028853195,6.1463292576688975,0.002678296852489659,-1504.9
2020-04-15 12:00:00,-0.3110404059536762,5.942799375126701,0.0027841411421363205,-1403.7
2020-04-15 13:00:00,-0.22978122688533564,5.749392985908253,-0.018501661782692302,-1351.2
2020-04-15 14:00:00,-0.157018090761454,5.6240175061873385,-0.009085986121647238,-1287.0
2020-04-15 15:00:00,-0.14752562295016936,5.521460917862246,-0.0036014542631610524,-1265.6
2020-04-15 16:00:00,-0.1201742435556381,5.442417710521793,5.1176437605882086e-05,-1249.2
2020-04-15 17:00:00,-0.11425987223555656,5.365976015021851,0.00497300796686595,-1253.9
2020-04-15 18:00:00,-0.08405680164344065,5.393627546352362,0.01296051623863459,-1320.8
2020-04-15 19:00:00,-0.0829396458858167,5.501258210544727,0.039372503699454775,-1359.7
2020-04-15 20:00:00,-0.10377115711219065,5.529429087511423,0.03755789438835766,-1388.3
2020-04-15 21:00:00,-0.11720481852461906,5.5093883366279774,0.03273864709228658,-1389.2
2020-04-15 22:00:00,-0.155479741009259,5.537334267018537,0.004495683626753788,-1396.7
2020-04-15 23:00:00,-0.18042775255915,5.541263545158426,-0.013679821944410975,-1435.0
2020-04-16 00:00:00,-0.26482816563234546,5.3471075307174685,-0.024514086236207433,-1301.5
2020-04-16 01:00:00,-0.2892308926576823,5.402677381872279,-0.033790584689188385,-1206.2
2020-04-16 02:00:00,-0.32302738755681926,5.4680601411351315,-0.030325742418462198,-1165.3
2020-04-16 03:00:00,-0.332670312461544,5.5053315359323625,-0.030042501146489542,-1166.3
2020-04-16 04:00:00,-0.3180539883051112,5.54907608489522,-0.0331627601785387,-1249.7
2020-04-16 05:00:00,-0.2690639664228882,5.598421958998375,-0.023696129948991285,-1326.1
2020-04-16 06:00:00,-0.35282433296403726,5.616771097666572,-0.023111364725430406,-1264.0
2020-04-16 07:00:00,-0.35603326590724893,5.594711379601839,-0.006557595572291852,-1262.8
2020-04-16 08:00:00,-0.32284746278606913,5.552959584921617,-0.012252706492472676,-1226.9
2020-04-16 09:00:00,-0.31144914735638163,5.62040086571715,-0.011951662119764173,-1220.5
2020-04-16 10:00:00,-0.2973079849775757,5.697093486505405,-0.018276514168589664,-1283.4
2020-04-16 11:00:00,-0.2786698524541098,5.793013608384144,-0.017344857197370445,-1316.8
2020-04-16 12:00:00,-0.25823204753058615,5.8944028342648505,-0.020413063828510047,-1354.5
2020-04-16 13:00:00,-0.24457028471102116,5.948034989180646,-0.046295537833358935,-1393.1
2020-04-16 14:00:00,-0.20213954054228922,6.045005314036012,-0.02799468572170216,-1376.6
2020-04-16 15:00:00,-0.23921066927728085,6.111467339502679,-0.022468514727714606,-1400.0
2020-04-16 16:00:00,-0.2589076551502316,6.210600077024653,-0.019113561991055406,-1423.0
2020-04-16 17:00:00,-0.24111409043788146,6.29156913955832,-0.020370863442848552,-1569.4
2020-04-16 18:00:00,-0.25782016723566836,6.385194398997726,-0.009344227616471912,-1636.6
2020-04-16 19:00:00,-0.22702582964646756,6.517671272912275,0.00846002923663125,-1684.8
2020-04-16 20:00:00,-0.22272484538214865,6.656726524178391,0.013788420737400386,-1833.6
2020-04-16 21:00:00,-0.2259507362431723,6.774223886357614,0.0141134105842875,-1925.5
2020-04-16 22:00:00,-0.21502679618068643,6.843749949006225,0.003484788851363163,-2033.4
2020-04-16 23:00:00,-0.20971921049227116,6.871091294610546,0.0027831630698003096,-2078.9
2020-04-17 00:00:00,-0.23316141417580827,6.88653164253051,0.004172790507375623,-2334.3
2020-04-17 01:00:00,-0.21927646606379336,6.885509670034818,0.0058171882042401535,-2366.1
2020-04-17 02:00:00,-0.21004730868157773,6.884486652042782,0.016583559178167562,-2370.9
2020-04-17 03:00:00,-0.21035016347511837,6.892641641172089,0.013364673486170986,-2401.6
2020-04-17 04:00:00,-0.21379856079035586,6.910750787961936,0.011709874136888843,-2436.3
2020-04-17 05:00:00,-0.26503766347511837,6.930494765951626,0.007318792771170202,-2417.6
2020-04-17 06:00:00,-0.2933033793554527,6.937314081223682,0.0262909781331091,-2388.8
2020-04-17 07:00:00,-0.29536838054172665,6.946013991099227,0.021273071598374216,-2381.4
2020-04-17 08:00:00,-0.32344968525034945,6.953684210870537,0.013132050028897169,-2352.9
2020-04-17 09:00:00,-0.3374928324804527,6.970730078143525,0.007088161892654377,-2397.4
2020-04-17 10:00:00,-0.30247977119829916,6.988413181999592,0.0004987997123642174,-2455.0
2020-04-17 11:00:00,-0.28490460683449337,6.9985096422506015,-0.0037816643967207852,-2439.2
2020-04-17 12:00:00,-0.2515400736913902,7.001245622069476,-0.004839912779970312,-2443.7
2020-04-17 13:00:00,-0.22910312622004336,7.004881989712859,-0.0024725625938746276,-2450.5
2020-04-17 14:00:00,-0.20967373900922914,7.003065458786462,-0.026118862514901586,-2463.0
2020-04-17 15:00:00,-0.18189243286066836,6.9975959829819265,-0.015700566934760296,-2418.3
2020-04-17 16:00:00,-0.1842030375585777,6.993932975223189,-0.01385440983978281,-2405.8
2020-04-17 17:00:00,-0.19719412666704916,6.9782137426306985,-0.005647981277237868,-2418.0
2020-04-17 18:00:00,-0.19949477209542632,6.951772164398911,-0.01483788377479911,-2293.8
2020-04-17 19:00:00,-0.13303168902146756,6.93537044601511,0.006342138193735636,-2381.5
2020-04-17 20:00:00,-0.19154265228182976,6.943122422819428,-0.006216893519434663,-2388.3
2020-04-17 21:00:00,-0.16911587768110414,6.947937068614969,0.008512924824049861,-2374.7
2020-04-17 22:00:00,-0.09899233486251258,6.946975992135418,-0.015918478939163094,-2385.8
2020-04-17 23:00:00,-0.08874411109770608,6.945051063725834,-0.009366495743723391,-2395.9
2020-04-18 00:00:00,-0.10775247110814412,6.946975992135418,0.0035518936678400337,-2472.3
2020-04-18 01:00:00,-0.07924306511364199,6.937314081223682,0.00016670344561742212,-2482.5
2020-04-18 02:00:00,-0.06700102674451602,6.922643891475888,0.002359342383683405,-2498.2
2020-04-18 03:00:00,-0.04052127835517694,6.90975328164481,0.009097028953735098,-2490.4
2020-04-18 04:00:00,0.012977916126577727,6.894670039433482,0.01816553400322185,-2461.6
2020-04-18 05:00:00,0.0591904459056829,6.874198495453294,0.020376673407584533,-2458.8
2020-04-18 06:00:00,0.1196271411252412,6.844815479208263,0.01204231598624439,-2435.3
2020-04-18 07:00:00,0.10195699246403556,6.786716950605081,0.0028497885494331854,-2431.1
2020-04-18 08:00:00,0.06665696388517062,6.721425700790643,-0.008022676274046958,-2355.8
2020-04-18 09:00:00,0.005820171892983117,6.710523109452428,-0.015146623417601646,-2335.5
2020-04-18 10:00:00,0.004826766432538321,6.71901315438526,-0.01856284673244435,-2339.9
2020-04-18 11:00:00,0.03543227790580361,6.734591659972948,-0.021880847838137818,-2361.4
2020-04-18 12:00:00,0.044506244015663166,6.738152494595957,-0.028048187376239042,-2353.8
2020-04-18 13:00:00,0.09229650800428546,6.7357800142423265,-0.04478867814558285,-2324.0
2020-04-18 14:00:00,0.14449153902763556,6.714170529909472,-0.02037050895394721,-2302.8
2020-04-18 15:00:00,0.10997885061053392,6.674561391814426,-0.01968413843079908,-2277.4
2020-04-18 16:00:00,0.05412899019951056,6.621405651764134,-0.02216637052017667,-2232.7
2020-04-18 17:00:00,0.04671726080104599,6.52795791762255,-0.021443470938705467,-2291.1
2020-04-18 18:00:00,0.08615764565159134,6.419994928147142,-0.022854908926986717,-2310.0
2020-04-18 19:00:00,0.10640396369891691,6.3473892096560105,-0.012648747528117177,-2278.3
2020-04-18 20:00:00,0.10908951057391691,6.359573868672378,-0.020273763750125795,-2268.0
2020-04-18 21:00:00,0.12990554925816977,6.380122536899765,-0.03292749678449347,-2264.4
2020-04-18 22:00:00,0.14728714275370036,6.326149473155099,-0.031894191838202524,-2286.4
2020-04-18 23:00:00,0.1607088081040211,6.230481447578482,-0.026429000484351484,-2245.0
2020-04-19 00:00:00,0.10072225670532942,6.023447592961033,-0.01798172553429378,-2145.5
2020-04-19 01:00:00,0.11856427056490393,5.886104031450156,-0.011702728853121513,-2119.6
2020-04-19 02:00:00,0.1440708279925924,5.746203190540153,-0.02790926615820588,-2079.7
2020-04-19 03:00:00,0.15825333628085736,5.638354669333745,-0.012587336380706304,-2035.1
2020-04-19 04:00:00,0.23145747511756753,5.648974238161206,-0.015514997459565194,-2005.4
2020-04-19 05:00:00,0.29197366652665524,5.69035945432406,-0.022776265632486137,-2012.0
2020-04-19 06:00:00,0.35827310500321774,5.655991810819852,-0.02281665025757995,-1984.0
2020-04-19 07:00:00,0.3384166229703087,5.5134287461649825,-0.02762956524739124,-2013.5
2020-04-19 08:00:00,0.33338095672665635,5.225746673713202,-0.039134421871965586,-2072.9
2020-04-19 09:00:00,0.29559206029813456,4.990432586778736,-0.035736751521566745,-2113.1
2020-04-19 10:00:00,0.25992894570487857,4.962844630259907,-0.037292964231087744,-2095.9
2020-04-19 11:00:00,0.22623765438587085,5.017279836814924,-0.04406721650113177,-1961.1
2020-04-19 12:00:00,0.21970047983554486,5.187385805840755,-0.04828543232898408,-1859.7
2020-04-19 13:00:00,0.19480460829697455,5.365976015021851,-0.04212329303976503,-1787.6
2020-04-19 14:00:00,0.20879439003980504,5.472270673671475,-0.02424956329119876,-1749.8
2020-04-19 15:00:00,0.19898576221179054,5.545177444479562,-0.03298328886490243,-1744.3
2020-04-19 16:00:00,0.1594136677266098,5.602118820879701,-0.029731441710756812,-1796.9
2020-04-19 17:00:00,0.1091922759809485,5.66988092298052,-0.03698354071036736,-1927.0
2020-04-19 18:00:00,0.11057166776366589,5.823045895483019,-0.04552532120460473,-2031.9
2020-04-19 19:00:00,0.12390763485451295,6.0330862217988015,-0.049556174801653086,-2075.4
2020-04-19 20:00:00,0.06503944120116589,6.220590170099739,-0.060012958035658315,-2102.5
2020-04-19 21:00:00,0.05092095982255618,6.380122536899765,-0.057467856930559336,-2160.7
2020-04-19 22:00:00,0.05026327541830944,6.466144724237619,-0.046671815385624704,-2275.6
2020-04-19 23:00:00,0.053577017348947154,6.495265555937008,-0.04385827897037142,-2282.0
2020-04-20 00:00:00,0.100854716537361,6.530877627725885,-0.04654620148237232,-2452.2
2020-04-20 01:00:00,0.08852949396657817,6.513230110912307,-0.03768360202762011,-2359.3
2020-04-20 02:00:00,-0.020633675355527403,6.532334292222349,-0.04305276620495757,-2230.1
2020-04-20 03:00:00,-0.008887317809173512,6.558197802812269,-0.04258254753465707,-2265.9
2020-04-20 04:00:00,-0.04700213317553348,6.597145701886651,-0.044389005355562006,-2314.2
2020-04-20 05:00:00,-0.06462303141524406,6.588926477533519,-0.042953657584617666,-2608.1
2020-04-20 06:00:00,-0.1043019505733167,6.489204931325317,-0.03643550422057551,-2499.0
2020-04-20 07:00:00,-0.13946538514730755,6.3835066348840055,-0.058352853443298436,-2402.1
2020-04-20 08:00:00,-0.09724028241484706,6.331501849893691,-0.06708062433716488,-2398.7
2020-04-20 09:00:00,-0.07849975109918894,6.298949246855942,-0.04484728441368624,-2413.2
2020-04-20 10:00:00,-0.06923499695078439,6.2285110035911835,-0.04138626541614432,-2381.6
2020-04-20 11:00:00,-0.057231008687113505,6.2324480165505225,-0.040634002395119495,-2395.5
2020-04-20 12:00:00,-0.07084670904261148,6.274762021241939,-0.047891246285046485,-2328.2
2020-04-20 13:00:00,-0.09774807699748389,6.257667587882639,-0.062403419672347304,-2240.4
2020-04-20 14:00:00,-0.10102665355616369,6.236369590203704,-0.05843530756144588,-2191.6
2020-04-20 15:00:00,-0.09005309331242506,6.198478716492308,-0.06507442346499381,-2125.3
2020-04-20 16:00:00,-0.08606141600426764,6.1224928095143865,-0.06442921664827583,-2135.2
2020-04-20 17:00:00,-0.10937855374893823,6.0330862217988015,-0.06897633578890083,-2262.1
2020-04-20 18:00:00,-0.10705252936791032,5.998936561946683,-0.07130800348429744,-2270.4
2020-04-20 19:00:00,-0.13877067240900143,6.018593214496234,-0.062118107811963696,-2213.5
2020-04-20 20:00:00,-0.12224431713894557,6.037870919922137,-0.05759586525051219,-2313.5
2020-04-20 21:00:00,-0.0964780815444164,6.1070228877422545,-0.06777984155579908,-2338.4
2020-04-20 22:00:00,-0.08935280452170957,6.180016653652572,-0.05900546250705485,-2362.7
2020-04-20 23:00:00,-0.05907180168061266,6.2324480165505225,-0.04631944025944357,-2341.0
2020-04-21 00:00:00,-0.062363199149536364,6.267200548541362,-0.027776352871003773,-2314.9
2020-04-21 01:00:00,-0.10289201482248433,6.364750756851911,-0.033417631524088165,-2215.7
2020-04-21 02:00:00,-0.12777904827680509,6.4425401664681985,-0.03399311600107957,-2145.6
2020-04-21 03:00:00,-0.13999974846325136,6.498282149476434,-0.031128158491323,-2179.2
2020-04-21 04:00:00,-0.158039451832392,6.543911845564792,-0.03492824975678577,-2232.3
2020-04-21 05:00:00,-0.16468739366024043,6.543911845564792,-0.039472384022468,-2528.9
2020-04-21 06:00:00,-0.13328303677783104,6.448889394146858,-0.056399329059884096,-2651.8
2020-04-21 07:00:00,-0.18397405443986714,6.2422232654551655,-0.05942954051890581,-2536.3
2020-04-21 08:00:00,-0.12504496747632876,6.030685260261263,-0.06701432367762461,-2482.2
2020-04-21 09:00:00,-0.0761447306124583,5.966146739123692,-0.06186427619323176,-2498.7
2020-04-21 10:00:00,-0.14934794323439227,5.934894195619588,-0.061775897240345934,-2411.1
2020-04-21 11:00:00,-0.15756326587042624,5.905361848054571,-0.05606418325141682,-2364.3
2020-04-21 12:00:00,-0.15668705298447305,5.973809611869261,-0.058517033593213696,-2361.4
2020-04-21 13:00:00,-0.14147616058953005,6.0473721790462776,-0.0661123858085162,-2321.8
2020-04-21 14:00:00,-0.14111683499893823,6.018593214496234,-0.05497964189070004,-2259.5
2020-04-21 15:00:00,-0.1536502221566114,5.877735781779639,-0.05593059930890565,-2094.2
2020-04-21 16:00:00,-0.1665728806576965,5.69035945432406,-0.05754573227673365,-1983.6
2020-04-21 17:00:00,-0.19805397615789966,5.472270673671475,-0.05577419122143201,-2026.2
2020-04-21 18:00:00,-0.08782182742318811,5.3230099791384085,-0.05450120466074537,-2199.9
2020-04-21 19:00:00,-0.16389216763720604,5.313205979041787,-0.0467896595887316,-2188.6
2020-04-21 20:00:00,-0.09431208951220604,5.298317366548036,-0.04591766424875221,-2177.4
2020-04-21 21:00:00,-0.049575666887536896,5.278114659230517,-0.042575583431350594,-2180.2
2020-04-21 22:00:00,-0.06644916945147372,5.153291594497779,-0.036571005496243814,-2169.6
2020-04-21 23:00:00,0.019261675906232734,4.890349128221754,-0.024926789748694667,-2166.9
2020-04-22 00:00:00,-0.07239165975005624,4.859812404361672,-0.02911689691767183,-1562.5
2020-04-22 01:00:00,-0.06467258861475744,4.787491742782046,-0.033388045804281674,-1457.8
2020-04-22 02:00:00,-0.05795869573068746,4.7535901911063645,-0.02951698436069705,-1377.6
2020-04-22 03:00:00,-0.06807739725925899,4.8283137373023015,-0.02337528614945139,-1465.0
2020-04-22 04:00:00,-0.07513116915000317,5.147494476813453,-0.02698536242436056,-1542.0
2020-04-22 05:00:00,0.028716751078198488,5.442417710521793,-0.030969922976749942,-2068.7
2020-04-22 06:00:00,0.12828596619561505,5.5093883366279774,-0.04835960051766186,-2465.5
2020-04-22 07:00:00,0.11698393727837031,5.407171771460119,-0.050525094654235936,-2456.9
2020-04-22 08:00:00,0.2764615810355231,5.093750200806762,-0.05392112589402043,-2495.7
2020-04-22 09:00:00,0.29441858989641423,4.882801922586371,-0.04607012021859447,-2453.6
2020-04-22 10:00:00,0.057745848835282665,4.852030263919617,-0.048566792564551875,-2194.3
2020-04-22 11:00:00,0.01410333631544125,4.962844630259907,-0.0431701403503828,-1999.6
2020-04-22 12:00:00,-0.12014018391767656,5.099866427824199,-0.04898813259314494,-1663.4
2020-04-22 13:00:00,-0.12104802674887005,5.19295685089021,-0.058368292926847865,-1632.2
2020-04-22 14:00:00,-0.1283992854558016,5.247024072160486,-0.05108691009627808,-1557.9
2020-04-22 15:00:00,-0.1586989235482945,5.303304908059076,-0.05592376245423658,-1503.3
2020-04-22 16:00:00,-0.11542364079704015,5.365976015021851,-0.05700837921433255,-1560.9
2020-04-22 17:00:00,0.0023052424351328593,5.389071729816501,-0.06028619396803592,-1874.3
2020-04-22 18:00:00,0.06099988183013583,5.389071729816501,-0.0624176199369888,-1965.7
2020-04-22 19:00:00,0.030719672586704716,5.438079308923196,-0.047418778648590454,-1894.7
2020-04-22 20:00:00,-0.030767791278671686,5.541263545158426,-0.053833691093833735,-1832.1
2020-04-22 21:00:00,-0.057961984961758306,5.641907070938114,-0.053536298609918376,-1839.1
2020-04-22 22:00:00,-0.07144899215776701,5.659482215759621,-0.05291522358658529,-1859.3
2020-04-22 23:00:00,-0.04994979742151773,5.6240175061873385,-0.04652949096269854,-1796.3
2020-04-23 00:00:00,-0.027006869160857372,5.41610040220442,-0.01807135801400861,-1565.8
2020-04-23 01:00:00,-0.01681629233668991,5.225746673713202,-0.023524512258589425,-1522.9
2020-04-23 02:00:00,-0.04099649890906565,5.062595033026967,-0.02103199522700283,-1481.9
2020-04-23 03:00:00,-0.04856606135764707,4.867534450455582,-0.02167425147597246,-1473.9
2020-04-23 04:00:00,-0.05888097341168397,4.68213122712422,-0.025755318900676727,-1498.0
2020-04-23 05:00:00,0.003911958639197133,4.499809670330265,-0.029116197418330714,-1731.6
2020-04-23 06:00:00,0.04552330737526322,4.219507705176107,-0.045526096249535186,-1870.0
2020-04-23 07:00:00,0.04084809850952409,3.8918202981106265,-0.04561532282349301,-1966.2
2020-04-23 08:00:00,0.06987861954466545,3.7376696182833684,-0.04693826448036287,-1973.3
2020-04-23 09:00:00,0.07638096436214648,3.784189633918261,-0.0385092395396871,-1956.0
2020-04-23 10:00:00,0.09468478218982135,3.970291913552122,-0.03682679314830306,-1964.0
2020-04-23 11:00:00,0.08848601853909477,4.127134385045092,-0.028375940629643992,-1889.7
2020-04-23 12:00:00,0.10211262529710874,4.30406509320417,-0.0280434526942015,-1807.7
2020-04-23 13:00:00,0.10765030887833094,4.51085950651685,-0.048019676191498384,-1785.1
2020-04-23 14:00:00,0.12576733322000067,4.653960350157523,-0.0306022491287834,-1740.2
2020-04-23 15:00:00,0.10329890730660907,4.672828834461906,-0.030257390106242177,-1685.9
2020-04-23 16:00:00,0.087416877913993,4.6913478822291435,-0.032847683450854426,-1684.0
2020-04-23 17:00:00,0.0866292309668455,4.770684624465665,-0.035782127363373384,-1757.3
2020-04-23 18:00:00,0.10400402046354351,4.890349128221754,-0.0383812804710173,-1880.1
2020-04-23 19:00:00,0.09574756261658335,5.081404364984463,-0.035318004970956274,-1820.3
2020-04-23 20:00:00,0.056187265482955384,5.303304908059076,-0.04000606086120051,-1849.0
2020-04-23 21:00:00,0.018769808678016142,5.517452896464707,-0.042657443905785186,-1792.2
2020-04-23 22:00:00,-0.04221305522150143,5.66988092298052,-0.039485434207181314,-1688.9
2020-04-23 23:00:00,-0.06353670031418979,5.780743515792329,-0.033095124595101666,-1664.3
2020-04-24 00:00:00,-0.04893327911127221,5.991464547107982,-0.05329856340710393,-1202.1
2020-04-24 01:00:00,-0.04110628039231479,6.018593214496234,-0.051131163666655155,-1177.2
2020-04-24 02:00:00,-0.027404673060013263,6.042632833682381,-0.050077353983554396,-1154.5
2020-04-24 03:00:00,-0.026427325314189787,6.030685260261263,-0.05626050911890701,-1157.2
2020-04-24 04:00:00,-0.027660205469700605,5.950642552587727,-0.06314257370348031,-1149.6
2020-04-24 05:00:00,-0.044975778698316704,5.840641657373398,-0.07106440299512151,-1166.6
2020-04-24 06:00:00,-0.04518690710986295,5.730099782973574,-0.0671720341380091,-1288.5
2020-04-24 07:00:00,-0.014694045247350518,5.680172609017068,-0.06609375984351118,-1731.9
2020-04-24 08:00:00,-0.01675563330999652,5.703782474656201,-0.0699099426732337,-1730.0
2020-04-24 09:00:00,-0.020084579763471,5.793013608384144,-0.06269804561369341,-1795.4
2020-04-24 10:00:00,0.009708711441304363,5.905361848054571,-0.06017622660016286,-1828.0
2020-04-24 11:00:00,0.02229724748660633,6.0330862217988015,-0.059398355055978236,-1862.8
2020-04-24 12:00:00,0.033264298932775604,6.124683390894205,-0.05639336413035512,-1855.3
2020-04-24 13:00:00,0.053787370221838104,6.173786103901937,-0.056954119896595934,-1876.1
2020-04-24 14:00:00,0.05400334017529396,6.2285110035911835,-0.06830437943952816,-1816.0
2020-04-24 15:00:00,0.05981577361479773,6.282266746896006,-0.06924560737619512,-1533.8
2020-04-24 16:00:00,0.04123672601598227,6.333279628139691,-0.06915590613027067,-1384.8
2020-04-24 17:00:00,0.024421540469107272,6.352629396319567,-0.06359761264436958,-1437.0
2020-04-24 18:00:00,0.05052179746987995,6.342121418721152,-0.07398555627749381,-1555.8
2020-04-24 19:00:00,0.10335708904276286,6.272877006546167,-0.05224481213209842,-1596.6
2020-04-24 20:00:00,0.04813020098359044,6.222576268071369,-0.05390690101716089,-1654.4
2020-04-24 21:00:00,0.07096128616254549,6.253828811575473,-0.04494808038158826,-1640.7
2020-04-24 22:00:00,0.04918817797824193,6.342121418721152,-0.057870190603676264,-1644.2
2020-04-24 23:00:00,0.05610651426675495,6.376726947898627,-0.043696877027471714,-1537.7
2020-04-25 00:00:00,0.011183302428047659,6.368187186350492,-0.037159291389174065,-1302.4
2020-04-25 01:00:00,0.030075125846793727,6.456769655572163,-0.03891141737888937,-1295.9
2020-04-25 02:00:00,0.029085852127981093,6.523562306149512,-0.038611339966746705,-1319.1
2020-04-25 03:00:00,0.06808738102516543,6.56244409369372,-0.03835712967295457,-1441.8
2020-04-25 04:00:00,0.12141063082137427,6.606650186198215,-0.037907019185551505,-1491.6
2020-04-25 05:00:00,0.1714877967566033,6.633318433280377,-0.035544116512014945,-1606.0
2020-04-25 06:00:00,0.21478604644171995,6.634633357861686,-0.03837340045994697,-1613.3
2020-04-25 07:00:00,0.206822336039449,6.616065185132817,-0.050830360914190464,-1730.7
2020-04-25 08:00:00,0.1905426537101167,6.601230118728877,-0.06094507772838931,-1771.1
2020-04-25 09:00:00,0.14579984479119235,6.641182169740591,-0.056362452639783456,-1884.5
2020-04-25 10:00:00,0.13982766703642113,6.70196036600254,-0.05570239368190144,-1863.6
2020-04-25 11:00:00,0.15433701867138705,6.7650389767805414,-0.054026472811554704,-1789.8
2020-04-25 12:00:00,0.15189515793488217,6.78332520060396,-0.05229724262955404,-1671.8
2020-04-25 13:00:00,0.18791585460655935,6.792344427470809,-0.05743563984635092,-1529.3
2020-04-25 14:00:00,0.23449501057694344,6.806829360392176,-0.033939238160016316,-1451.9
2020-04-25 15:00:00,0.20027805845125957,6.81783057145415,-0.034111800777320234,-1442.1
2020-04-25 16:00:00,0.13942657071140574,6.8308742346461795,-0.038223807416034816,-1523.7
2020-04-25 17:00:00,0.08158608645186982,6.824373670043086,-0.04270202173158033,-1578.1
2020-04-25 18:00:00,0.09382051839716055,6.803505257608338,-0.053106326080425426,-1668.8
2020-04-25 19:00:00,0.10942055723834265,6.7650389767805414,-0.043529013308743814,-1710.5
2020-04-25 20:00:00,0.12259309160859044,6.7357800142423265,-0.04760027679549683,-1759.9
2020-04-25 21:00:00,0.15556733477265294,6.738152494595957,-0.05073740653695502,-1750.4
2020-04-25 22:00:00,0.15626923906952794,6.74993119378857,-0.03458840092189419,-1750.0
2020-04-25 23:00:00,0.15617365293862995,6.734591659972948,-0.03280715422510472,-1650.2
2020-04-26 00:00:00,0.1129175297991476,6.660575149839686,-0.032687872923989225,-1695.2
2020-04-26 01:00:00,0.12927592615983174,6.61338421837956,-0.030051867521317277,-1615.6
2020-04-26 02:00:00,0.15479890023259157,6.584791392385716,-0.0389387897337059,-1575.4
2020-04-26 03:00:00,0.16738581984413003,6.559615237493242,-0.02729348377040175,-1615.2
2020-04-26 04:00:00,0.23900468075295045,6.53813982376767,-0.03026180847971549,-1662.9
2020-04-26 05:00:00,0.3143126446089173,6.51025834052315,-0.033023211370480254,-1786.1
2020-04-26 06:00:00,0.38208375369693615,6.455198563340122,-0.03765922329550886,-1775.5
2020-04-26 07:00:00,0.34577500790149585,6.398594934535208,-0.0451819789215433,-1777.3
2020-04-26 08:00:00,0.317496146186633,6.396929655216146,-0.05185030619726838,-1815.8
2020-04-26 09:00:00,0.29418657868939957,6.391917113392602,-0.048326845881638825,-2065.0
2020-04-26 10:00:00,0.28365650686583344,6.3784261836515865,-0.04899953646324828,-2211.2
2020-04-26 11:00:00,0.292881728551067,6.345636360828596,-0.04043744845055297,-2250.4
2020-04-26 12:00:00,0.3158443403884472,6.306275286948016,-0.03648320727235621,-2151.6
2020-04-26 13:00:00,0.34199631779992945,6.272877006546167,-0.041221986083752604,-2101.8
2020-04-26 14:00:00,0.3813461552379547,6.234410725718371,-0.01880490374296695,-2062.2
2020-04-26 15:00:00,0.3776775509551664,6.1779441140506,-0.02210376178976503,-2055.1
2020-04-26 16:00:00,0.3247065241071101,6.102558594613569,-0.02615041729305112,-2067.1
2020-04-26 17:00:00,0.2682569706106359,6.0014148779611505,-0.04056136205825123,-2186.4
2020-04-26 18:00:00,0.23992133979151475,5.863631175598097,-0.046425006375502065,-2143.6
2020-04-26 19:00:00,0.249512962206615,5.739792912179234,-0.03344123340924643,-2115.1
2020-04-26 20:00:00,0.2576768524649333,5.662960480135946,-0.04926979293684575,-2332.6
2020-04-26 21:00:00,0.2574938646616318,5.7430031878094825,-0.05027358129653248,-2312.0
2020-04-26 22:00:00,0.33484937016496197,5.849324779946859,-0.036676275553945814,-2559.8
2020-04-26 23:00:00,0.318233062567427,5.8888779583328805,-0.018097884878390147,-2509.9
2020-04-27 00:00:00,0.7964300650244611,5.978885764901122,-0.0039076760357197315,-1676.6
2020-04-27 01:00:00,0.7890871654170084,5.937536205082426,-0.019043733368577342,-1555.5
2020-04-27 02:00:00,0.7756977414396489,5.8916442118257715,-0.019676292668768802,-1554.0
2020-04-27 03:00:00,0.8513139474139377,5.817111159963204,-0.011782166028936558,-1666.5
2020-04-27 04:00:00,0.7420974879686821,5.733341276897746,-0.01747322739265922,-1618.8
2020-04-27 05:00:00,0.6269579781119563,5.5909869805108565,-0.034723158448102254,-2094.0
2020-04-27 06:00:00,0.628184644546661,5.3981627015177525,-0.04423788450475996,-2571.3
2020-04-27 07:00:00,0.335261918446204,5.225746673713202,-0.04225763093544099,-2669.7
2020-04-27 08:00:00,0.22270265225515518,5.153291594497779,-0.046115495872119716,-2608.2
2020-04-27 09:00:00,0.23459203687795993,5.087596335232384,-0.04317504322132404,-2593.2
2020-04-27 10:00:00,0.2505666249231093,5.0238805208462765,-0.04223193142848736,-2595.1
2020-04-27 11:00:00,0.19606263844870053,4.962844630259907,-0.03381385660691105,-2583.3
2020-04-27 12:00:00,0.1841984340961469,4.890349128221754,-0.03592529154343449,-2576.6
2020-04-27 13:00:00,0.10234707888043504,4.8283137373023015,-0.045206091287930406,-2555.2
2020-04-27 14:00:00,0.10530977944166464,4.836281906951478,-0.020761119331921485,-2548.1
2020-04-27 15:00:00,0.11587385603855305,4.890349128221754,-0.022104200406449337,-2482.9
2020-04-27 16:00:00,0.1047168508079106,4.882801922586371,-0.024284209914650745,-2399.4
2020-04-27 17:00:00,0.04126026996678034,4.875197323201151,-0.03140092361690616,-2331.1
2020-04-27 18:00:00,0.043372118751288546,4.867534450455582,-0.034494030361581274,-2364.9
2020-04-27 19:00:00,0.017798388282538546,4.90527477843843,-0.03521843817432746,-2370.4
2020-04-27 20:00:00,0.008100867186094707,4.976733742420574,-0.03494681346812456,-2436.8
2020-04-27 21:00:00,0.042693483956367295,5.187385805840755,-0.03779523190311718,-2500.7
2020-04-27 22:00:00,0.07070534243624182,5.4510384535657,-0.03192799594515083,-2622.0
2020-04-27 23:00:00,0.17149752633044635,5.627621113690637,-0.018895418167210742,-2023.5
2020-04-28 00:00:00,0.3944473668265378,5.652489180268651,0.010340784228231037,-2121.9
2020-04-28 01:00:00,0.4194374334249913,5.638354669333745,0.003317444801234082,-2155.4
2020-04-28 02:00:00,0.4271540447186948,5.631211781821365,0.004508431353496434,-2134.6
2020-04-28 03:00:00,0.4146777578315888,5.648974238161206,0.007302920365159338,-2131.7
2020-04-28 04:00:00,0.38868572627195297,5.66988092298052,0.004256717833409418,-2111.8
2020-04-28 05:00:00,0.25952826379329963,5.564520407322694,-0.006210890888273646,-2353.3
2020-04-28 06:00:00,0.3763757257122391,5.37989735354046,-0.02170374143441478,-2573.0
2020-04-28 07:00:00,0.3502524994907361,5.293304824724492,-0.028057743541402225,-2586.0
2020-04-28 08:00:00,0.1123554444627457,5.231108616854587,-0.028223625581496492,-2385.0
2020-04-28 09:00:00,0.2536650162517957,5.220355825078324,-0.017938295735385523,-2352.9
2020-04-28 10:00:00,0.2721688738842798,5.1647859739235145,-0.009782935166390061,-2317.9
2020-04-28 11:00:00,0.2810222201601902,5.0689042022202315,-0.0029695219744390045,-2268.4
2020-04-28 12:00:00,0.3469700813029051,4.919980925828125,-0.0054223723162358795,-2291.0
2020-04-28 13:00:00,0.4114172774075393,4.736198448394496,-0.003808502472360864,-2312.1
2020-04-28 14:00:00,0.42722501179629147,4.624972813284271,0.005116801600457244,-2308.4
2020-04-28 15:00:00,0.3274382395136173,4.532599493153256,0.003268580775261931,-2327.5
2020-04-28 16:00:00,0.3533025786282118,4.465908118654584,0.001294767746199632,-2344.4
2020-04-28 17:00:00,0.3774085890990708,4.48863636973214,-0.001473907745798364,-2490.5
2020-04-28 18:00:00,0.4151810706615935,4.499809670330265,-0.007739438752706107,-2551.0
2020-04-28 19:00:00,0.32631416892604914,4.477336814478207,-0.008141655195019304,-2538.9
2020-04-28 20:00:00,0.3787844194845884,4.770684624465665,-0.014987363557393607,-2562.6
2020-04-28 21:00:00,0.33354756971612654,5.153291594497779,-0.009898557405049857,-2499.5
2020-04-28 22:00:00,0.46417908161069654,5.424950017481403,0.007257218472937588,-2646.3
2020-04-28 23:00:00,0.6575322462403439,5.517452896464707,0.01778432834435506,-2573.5
2020-04-29 00:00:00,0.5790664324446617,5.659482215759621,0.010997870832490264,-1878.2
2020-04-29 01:00:00,0.5983787865689072,5.564520407322694,0.009837073933758766,-1736.5
2020-04-29 02:00:00,0.6007168077105396,5.472270673671475,0.009919579424785496,-1697.1
2020-04-29 03:00:00,0.6507122139140238,5.402677381872279,0.01229379005728326,-1735.2
2020-04-29 04:00:00,0.6629499838892001,5.337538079701318,0.006730815258761069,-1750.9
2020-04-29 05:00:00,0.9835322672611233,5.1647859739235145,-0.010257791297729746,-2162.9
2020-04-29 06:00:00,0.7332248815320845,4.820281565605037,-0.04572917374888785,-2457.5
2020-04-29 07:00:00,0.9030460869166852,4.3694478524670215,-0.06601593798289418,-2452.5
2020-04-29 08:00:00,0.709275704547788,4.07753744390572,-0.06933238981454526,-2339.8
2020-04-29 09:00:00,0.6100221220865425,4.110873864173311,-0.058077125532318696,-2267.7
2020-04-29 10:00:00,0.7137852410801528,4.189654742026425,-0.048566792564551875,-2343.2
2020-04-29 11:00:00,0.6352008644878193,4.127134385045092,-0.04143402880320668,-2270.8
2020-04-29 12:00:00,0.7622997796137181,4.02535169073515,-0.044642189203597304,-2193.5
2020-04-29 13:00:00,0.7327223481439509,3.8918202981106265,-0.042578491194213086,-2169.2
2020-04-29 14:00:00,0.6336362679233583,3.7612001156935624,-0.02899144646845997,-2242.5
2020-04-29 15:00:00,0.6315079634322234,3.6375861597263857,-0.032913897728627184,-2233.6
2020-04-29 16:00:00,0.6790474833957907,3.58351893845611,-0.03762451239328346,-2253.3
2020-04-29 17:00:00,0.6912653966408615,3.713572066704308,-0.04182413112830119,-2277.8
2020-04-29 18:00:00,0.6632389439863942,3.871201010907891,-0.045654986595814684,-2264.2
2020-04-29 19:00:00,0.5930864938940172,3.912023005428146,-0.03952746194134704,-2230.1
2020-04-29 20:00:00,0.49205454877495036,3.970291913552122,-0.04945348260127247,-2195.6
2020-04-29 21:00:00,0.5906999114142901,4.04305126783455,-0.04386589357823656,-2201.3
2020-04-29 22:00:00,0.6409153355879567,4.174387269895637,-0.02071208309194983,-2218.9
2020-04-29 23:00:00,0.31282272638533337,4.174387269895637,-0.00030467828197888736,-1944.4
2020-04-30 00:00:00,0.3249021344783445,3.8918202981106265,0.006397465832002958,-1309.4
2020-04-30 01:00:00,0.32840873539411763,3.784189633918261,0.012046953526278159,-1161.4
2020-04-30 02:00:00,0.2934865669822102,3.713572066704308,0.009935871028008414,-1095.1
2020-04-30 03:00:00,0.2719801584925796,3.6635616461296463,0.01021911229998107,-1065.1
2020-04-30 04:00:00,0.253605076405905,3.6635616461296463,0.0042332981689323645,-1104.2
2020-04-30 05:00:00,0.279015248884118,3.5553480614894135,-0.016514770540326573,-1337.8
2020-04-30 06:00:00,0.3782780675963435,3.295836866004329,-0.04639831610422096,-2095.9
2020-04-30 07:00:00,0.9640117096714409,3.1354942159291497,-0.0609871028713469,-2348.2
2020-04-30 08:00:00,1.1578525100077193,3.2188758248682006,-0.06559868719776496,-2391.8
2020-04-30 09:00:00,1.1688393874558778,3.5553480614894135,-0.0606189837118043,-2252.0
2020-04-30 10:00:00,1.1168784226741302,3.912023005428146,-0.050537376386810884,-2248.0
2020-04-30 11:00:00,0.9695939685815196,4.174387269895637,-0.04732568940930548,-2352.4
2020-04-30 12:00:00,0.7358363853862531,4.343805421853684,-0.05565521547765062,-2299.1
2020-04-30 13:00:00,0.4660165301342798,4.499809670330265,-0.06630490484497376,-2227.8
2020-04-30 14:00:00,0.38792479384020284,4.61512051684126,-0.04993501293776248,-2172.3
2020-04-30 15:00:00,0.48336435858187565,4.68213122712422,-0.044255868912621565,-2260.1
2020-04-30 16:00:00,0.4242891945565459,4.812184355372417,-0.04852744719734936,-2231.9
2020-04-30 17:00:00,0.36051798128629065,4.955827057601261,-0.052311429314583435,-2183.7
2020-04-30 18:00:00,0.23953075794696188,5.135798437050262,-0.052343112852786255,-1839.7
2020-04-30 19:00:00,0.1572642813252383,5.288267030694535,-0.057067448632276196,-1593.7
2020-04-30 20:00:00,0.10504365701093343,5.476463551931511,-0.06359824287801974,-1564.8
2020-04-30 21:00:00,0.12572095441599007,5.69035945432406,-0.050534946348880005,-1610.4
2020-04-30 22:00:00,0.12092201724092932,5.863631175598097,-0.021722977867340454,-1604.7
2020-04-30 23:00:00,0.073787490549029,5.924255797414532,-0.0007472907295822395,-1429.9
2020-05-01 00:00:00,-0.1917451965302912,5.8664680569332965,0.11946344199718784,-583.3
2020-05-01 01:00:00,-0.1785666954313232,5.8377304471659395,0.13171129656811065,-260.6
2020-05-01 02:00:00,-0.2315950997726457,5.796057750765372,0.13406717931989132,-174.1
2020-05-01 03:00:00,-0.24431941839276505,5.707110264748875,0.12989295332163664,-157.5
2020-05-01 04:00:00,-0.24719852387388097,5.655991810819852,0.12229540227143954,-132.7
2020-05-01 05:00:00,-0.32567640723605007,5.537334267018537,0.10936385283630212,-206.8
2020-05-01 06:00:00,-0.44308348011786247,5.231108616854587,0.05689203893903194,-210.6
2020-05-01 07:00:00,-0.5223998107045977,4.941642422609304,0.02888879396804711,-168.9
2020-05-01 08:00:00,-0.49188610009456024,4.890349128221754,0.02650064209438252,-138.5
2020-05-01 09:00:00,-0.35248291720915503,5.075173815233827,0.032812249836679186,-416.4
2020-05-01 10:00:00,-0.262485931573198,5.303304908059076,0.035832008792096914,-675.0
2020-05-01 11:00:00,-0.23509522219259438,5.455321115357702,0.03944994168616578,-748.7
2020-05-01 12:00:00,-0.19675574105108762,5.568344503761097,0.039030976412570695,-715.6
2020-05-01 13:00:00,-0.18245365926295198,5.700443573390687,0.04031230439681632,-681.3
2020-05-01 14:00:00,-0.14899257084618744,5.780743515792329,0.041676534012692557,-670.1
2020-05-01 15:00:00,-0.1355941924709052,5.777652323222656,0.055914826510226945,-627.0
2020-05-01 16:00:00,-0.12903181132554398,5.733341276897746,0.06515325325464794,-676.9
2020-05-01 17:00:00,0.0342324105382259,5.700443573390687,0.0667644641115599,-1819.1
2020-05-01 18:00:00,0.008770372925866354,5.659482215759621,0.06433009363723485,-1933.8
2020-05-01 19:00:00,0.033084650969159135,5.627621113690637,0.08446146207190797,-1902.5
2020-05-01 20:00:00,-0.027107850894254604,5.631211781821365,0.08310525359164167,-1955.4
2020-05-01 21:00:00,0.0010590323633468124,5.645446897643238,0.0891208977989173,-2040.3
2020-05-01 22:00:00,0.0978939805640211,5.652489180268651,0.09387492395950048,-2264.6
2020-05-01 23:00:00,0.11004775371223596,5.662960480135946,0.10625466921218774,-1981.0
2020-05-02 00:00:00,-0.045264268468693025,5.545177444479562,0.07619080548105295,-851.5
2020-05-02 01:00:00,-0.006551344454782004,5.583496308781699,0.08256968352254912,-632.8
2020-05-02 02:00:00,0.023589178052610293,5.6240175061873385,0.08111896742004987,-688.9
2020-05-02 03:00:00,0.06431130816567032,5.6937321388027,0.06875138285942395,-725.4
2020-05-02 04:00:00,0.12149416606093899,5.7745515455444085,0.07426050913839788,-755.9
2020-05-02 05:00:00,0.11001901080238907,5.793013608384144,0.08410995689286249,-760.0
2020-05-02 06:00:00,0.1002340755135478,5.726847747587197,0.07851175940938049,-1022.8
2020-05-02 07:00:00,0.00269235238322052,5.676753802268282,0.0748595835078234,-1611.6
2020-05-02 08:00:00,-0.04376648664813043,5.726847747587197,0.06810165413074731,-1619.8
2020-05-02 09:00:00,-0.021294892864586412,5.802118375377063,0.06777025549662685,-1777.2
2020-05-02 10:00:00,0.05694908347619565,5.846438775057725,0.07121507004702377,-1868.4
2020-05-02 11:00:00,0.09608742683527138,5.872117789475416,0.06897146753745265,-1896.2
2020-05-02 12:00:00,0.18981545531058552,5.869296913133774,0.07003958277182765,-1919.1
2020-05-02 13:00:00,0.05397666600188744,5.793013608384144,0.05890008531049773,-1446.8
2020-05-02 14:00:00,0.03561433386108659,5.717027701406222,0.07027659852299717,-742.3
2020-05-02 15:00:00,0.044324232890794235,5.66988092298052,0.07169524358611401,-780.9
2020-05-02 16:00:00,0.004275963213880907,5.659482215759621,0.06871397547202296,-818.7
2020-05-02 17:00:00,0.10225459972553708,5.631211781821365,0.06747419237603935,-1830.7
2020-05-02 18:00:00,0.3538864419225023,5.529429087511423,0.07038995347456023,-2102.3
2020-05-02 19:00:00,0.3338058755162523,5.459585514144159,0.08834715558772999,-2085.8
2020-05-02 20:00:00,0.2832197592798251,5.375278407684165,0.07731993250327296,-2047.4
2020-05-02 21:00:00,0.3315995615388485,5.288267030694535,0.0728733213944821,-2031.0
2020-05-02 22:00:00,0.5274239171214785,5.176149732573829,0.0769656701782706,-2029.9
2020-05-02 23:00:00,0.31361496139356904,5.049856007249537,0.06892910269394115,-1825.8
2020-05-03 00:00:00,0.29062953349004683,4.997212273764115,0.06145724411018705,-1718.5
2020-05-03 01:00:00,0.17760894557582585,4.795790545596741,0.07143652401781075,-1408.5
2020-05-03 02:00:00,0.19054318675389892,4.634728988229636,0.06467914231693417,-1111.7
2020-05-03 03:00:00,0.22103024486817002,4.543294782270004,0.07051263609966263,-1232.4
2020-05-03 04:00:00,0.2756986738144458,4.477336814478207,0.06839636602963317,-1092.1
2020-05-03 05:00:00,0.2815313459335864,4.418840607796598,0.06873803045831384,-1100.8
2020-05-03 06:00:00,0.31042033373866573,4.2626798770413155,0.06509988372483377,-1475.2
2020-05-03 07:00:00,0.22771846516673389,4.07753744390572,0.06358937032711864,-1680.4
2020-05-03 08:00:00,0.31379833189138795,3.970291913552122,0.06365319276722214,-1777.1
2020-05-03 09:00:00,0.23098902054526294,3.9318256327243257,0.058698259255042906,-1733.9
2020-05-03 10:00:00,0.22677053566965188,4.007333185232471,0.04710551309729283,-1759.5
2020-05-03 11:00:00,0.25372447935232545,4.174387269895637,0.05375631894742572,-1796.4
2020-05-03 12:00:00,0.1745227782748957,4.343805421853684,0.048782072545535016,-1645.6
2020-05-03 13:00:00,0.0743000700302856,4.605170185988092,0.03707636667992542,-888.0
2020-05-03 14:00:00,0.004071557966030426,4.836281906951478,0.04900673181475845,-462.1
2020-05-03 15:00:00,-0.008418331286504266,4.9344739331306915,0.04834536583721061,-425.1
2020-05-03 16:00:00,0.09631674838065019,4.969813299576001,0.05504002868078928,-943.1
2020-05-03 17:00:00,0.042081859951510925,5.0106352940962555,0.04732912707003223,-1581.8
2020-05-03 18:00:00,-0.004856765870709268,5.0689042022202315,0.0416265211508815,-1674.7
2020-05-03 19:00:00,-0.022617996339459268,5.159055299214529,0.05803018779556535,-1686.7
2020-05-03 20:00:00,-0.0789173911874399,5.3706380281276624,0.04979712514597079,-1729.1
2020-05-03 21:00:00,-0.10042884647874883,5.62040086571715,0.041657818095941046,-1715.8
2020-05-03 22:00:00,-0.06454565022602576,5.814130531825066,0.05119171378682719,-1791.8
2020-05-03 23:00:00,-0.016220646268207073,5.963579343618446,0.06006781775952952,-1325.1
2020-05-04 00:00:00,0.07244814674248534,6.07993319509559,0.023597763452261944,-1406.8
2020-05-04 01:00:00,0.08709112374768013,6.18826412308259,0.014040822374603579,-1242.4
2020-05-04 02:00:00,0.07990108205216195,6.306275286948016,0.013018265364861392,-1236.0
2020-05-04 03:00:00,0.15569517154303902,6.366470447731438,0.015528260773118419,-1296.9
2020-05-04 04:00:00,0.08332100603828474,6.391917113392602,0.01934424878186647,-1499.1
2020-05-04 05:00:00,-0.06338438387765732,6.354370040797351,0.019434326514061517,-1852.6
2020-05-04 06:00:00,-0.1768659817214413,6.180016653652572,0.02964261468820162,-2235.8
2020-05-04 07:00:00,-0.277322584736841,5.955837369464831,0.046439583697246434,-2404.2
2020-05-04 08:00:00,-0.23979166553600217,5.831882477283517,0.05073453629656122,-2388.1
2020-05-04 09:00:00,-0.14964011222722862,5.786897381366708,0.038936747492265056,-2407.6
2020-05-04 10:00:00,-0.12567492624275145,5.7430031878094825,0.027297150845671858,-2424.5
2020-05-04 11:00:00,-0.0824759015063452,5.717027701406222,0.02883648551232021,-2454.0
2020-05-04 12:00:00,-0.058434171214120756,5.717027701406222,0.021503918756022422,-2449.4
2020-05-04 13:00:00,-0.052666257623707136,5.723585101952381,0.0068752440019039796,-2416.0
2020-05-04 14:00:00,-0.02963959332636401,5.713732805509369,0.009150747604643072,-2383.0
2020-05-04 15:00:00,-7.571727022570585e-05,5.655991810819852,0.01417717479357794,-2346.6
2020-05-04 16:00:00,-0.038875462281531714,5.58724865840025,0.016931305009653563,-2325.7
2020-05-04 17:00:00,-0.13115444342960947,5.53338948872752,0.00984311515835401,-2302.7
2020-05-04 18:00:00,-0.1998837600520864,5.54907608489522,0.015313590933869747,-2308.4
2020-05-04 19:00:00,-0.25161065222232537,5.552959584921617,0.01680543710611282,-2330.8
2020-05-04 20:00:00,-0.26832520615979716,5.648974238161206,0.016657442663287725,-2385.0
2020-05-04 21:00:00,-0.26576271683119623,5.8944028342648505,0.016592383477958883,-2356.1
2020-05-04 22:00:00,-0.204002612134226,6.1070228877422545,0.018537987516448418,-2449.0
2020-05-04 23:00:00,-0.11324830373583605,6.194405391104672,0.022702818748501663,-2214.6
2020-05-05 00:00:00,-0.11459431966734224,6.115892125483034,0.019980892565473418,-2131.6
2020-05-05 01:00:00,-0.08028801348716685,6.030685260261263,0.012678260195038149,-1931.9
2020-05-05 02:00:00,-0.0506674373368563,5.955837369464831,0.01912761076835512,-1762.3
2020-05-05 03:00:00,-0.04406037499331816,5.8522024797744745,0.01923632964042543,-1801.5
2020-05-05 04:00:00,-0.052150337955855885,5.755742213586912,0.017673707630550872,-1864.6
2020-05-05 05:00:00,-0.17858276440704346,5.598421958998375,0.017329209525226652,-2069.3
2020-05-05 06:00:00,-0.24225936990637242,5.25227342804663,0.03995097579579543,-2320.3
2020-05-05 07:00:00,-0.3214755349742915,4.74493212836325,0.05213909801731731,-2517.9
2020-05-05 08:00:00,-0.2728849625528591,4.727387818712341,0.05377210515828068,-2480.3
2020-05-05 09:00:00,-0.2879055247232034,5.187385805840755,0.05247830596817504,-2514.2
2020-05-05 10:00:00,-0.3656914973031631,5.631211781821365,0.04853802379856731,-2559.0
2020-05-05 11:00:00,-0.3613084421719974,5.926926025970411,0.04753411983981248,-2466.6
2020-05-05 12:00:00,-0.3497184893707912,6.180016653652572,0.040787092697594396,-2366.3
2020-05-05 13:00:00,-0.30899792042026686,6.405228458030842,0.03496599528698141,-2257.3
2020-05-05 14:00:00,-0.27179297711601214,6.555356891810665,0.03199033020429365,-2176.4
2020-05-05 15:00:00,-0.24492397781302477,6.638567789166521,0.03539075859482832,-2006.8
2020-05-05 16:00:00,-0.25573657023223584,6.661854740545311,0.03583749840584183,-1895.0
2020-05-05 17:00:00,-0.332311420253836,6.706862336602747,0.04004315909386591,-1926.5
2020-05-05 18:00:00,-0.3635576209592881,6.75110146893676,0.04187305029204236,-2025.4
2020-05-05 19:00:00,-0.4515092811155381,6.784457062637643,0.0436564789142011,-2053.4
2020-05-05 20:00:00,-0.39007945923883147,6.8658910748834385,0.030995611496244635,-2095.4
2020-05-05 21:00:00,-0.36838720564435423,6.96979066990159,0.03589666258711777,-2099.7
2020-05-05 22:00:00,-0.35143383866471734,7.020190708311925,0.033687648448953667,-2134.2
2020-05-05 23:00:00,-0.2634572470396095,7.02197642307216,0.026802136934914067,-1785.1
2020-05-06 00:00:00,-0.21297350229446632,6.917705609835305,0.02015353514562701,-1985.7
2020-05-06 01:00:00,-0.1703389523891552,6.884486652042782,0.014308076349723642,-1672.2
2020-05-06 02:00:00,-0.11583619811584489,6.8308742346461795,0.020427756133122088,-1573.5
2020-05-06 03:00:00,-0.1213307672119317,6.779921907472252,0.021014265837711932,-1609.9
2020-05-06 04:00:00,-0.11993909579315121,6.709304340258298,0.016672186675114276,-1776.2
2020-05-06 05:00:00,-0.22538511545754947,6.634633357861686,0.013190847095311042,-2020.9
2020-05-06 06:00:00,-0.3262113364935999,6.551080335043404,0.030485060333128366,-2069.5
2020-05-06 07:00:00,-0.47295676767661243,6.498282149476434,0.0361180239806318,-2062.2
2020-05-06 08:00:00,-0.4595431653179367,6.448889394146858,0.03960440316463565,-2115.7
2020-05-06 09:00:00,-0.42588340341879993,6.421622267806518,0.0410005823638544,-2012.5
2020-05-06 10:00:00,-0.4217448605470895,6.410174881966167,0.037744916238430015,-1964.4
2020-05-06 11:00:00,-0.3871763039279146,6.39024066706535,0.036323380989601084,-1934.3
2020-05-06 12:00:00,-0.36152780377875615,6.359573868672378,0.03338860808707711,-1875.0
2020-05-06 13:00:00,-0.3198827247851992,6.368187186350492,0.02833039592677178,-1784.4
2020-05-06 14:00:00,-0.2811549449892441,6.408528791059498,0.028617963266841073,-1631.4
2020-05-06 15:00:00,-0.296046252794238,6.42648845745769,0.030823837312638602,-1461.9
2020-05-06 16:00:00,-0.29410637635147463,6.440946540632921,0.029043476566598336,-1288.8
2020-05-06 17:00:00,-0.29639516389111975,6.448889394146858,0.03084363945420332,-1442.4
2020-05-06 18:00:00,-0.3350850790610216,6.459904454377535,0.030982206923482636,-1447.5
2020-05-06 19:00:00,-0.33472220299576483,6.455198563340122,0.04457421626351099,-1628.6
2020-05-06 20:00:00,-0.34569653397721734,6.522092798170152,0.02920651847866651,-1762.6
2020-05-06 21:00:00,-0.3382705095531011,6.661854740545311,0.03735527537951544,-1955.9
2020-05-06 22:00:00,-0.34360783424861596,6.767343125265392,0.036575690523306115,-1808.6
2020-05-06 23:00:00,-0.27514226915330875,6.806829360392176,0.036234351367790296,-1366.6
2020-05-07 00:00:00,-0.21632536183676887,6.825460036255307,-0.006285151118518684,-1517.2
2020-05-07 01:00:00,-0.18855851795254575,6.825460036255307,-0.014083541363068441,-1364.6
2020-05-07 02:00:00,-0.17988972412529103,6.836259277277067,-0.007277536452593658,-1422.4
2020-05-07 03:00:00,-0.14966551233031966,6.827629234502852,-0.0015673091753880541,-1679.2
2020-05-07 04:00:00,-0.1332820503216663,6.815639990074331,-0.0012440633810300028,-1942.0
2020-05-07 05:00:00,-0.17786924631692447,6.79346613258001,-0.0017397507397891587,-2179.2
2020-05-07 06:00:00,-0.24658168981348672,6.754604099487962,0.016813635919365133,-2139.8
2020-05-07 07:00:00,-0.3831015552931558,6.70808408385307,0.02694055161909148,-2328.1
2020-05-07 08:00:00,-0.3664966081680481,6.630683385642372,0.029236233987453453,-2512.5
2020-05-07 09:00:00,-0.31902833303271105,6.617402977974478,0.02955885602718311,-2596.3
2020-05-07 10:00:00,-0.2943863695863511,6.595780513961311,0.027693046023970602,-2633.5
2020-05-07 11:00:00,-0.24506136664029432,6.556778356158042,0.031198783483514347,-2779.8
2020-05-07 12:00:00,-0.22148564151019023,6.525029657843462,0.026497169103631535,-2717.3
2020-05-07 13:00:00,-0.17812384698473638,6.486160788944089,0.004947141068198491,-2688.0
2020-05-07 14:00:00,-0.09279669854723638,6.470799503782602,0.011420492477689947,-2693.1
2020-05-07 15:00:00,-0.0777439311396182,6.431331081933479,0.01059510995767532,-2685.4
2020-05-07 16:00:00,-0.06266183568607842,6.371611847231857,0.009313925922977973,-2701.0
2020-05-07 17:00:00,-0.10120119388549931,6.253828811575473,0.012423726542214908,-2616.2
2020-05-07 18:00:00,-0.15152575234895105,6.1092475827643655,0.018334831168244747,-2643.4
2020-05-07 19:00:00,-0.12886387996151427,5.961005339623274,0.017127955089854652,-2694.7
2020-05-07 20:00:00,-0.1440089485729561,5.872117789475416,0.009412240082505186,-2733.1
2020-05-07 21:00:00,-0.14324099969539317,5.87493073085203,0.019975645494921146,-2728.9
2020-05-07 22:00:00,-0.1186946175182686,5.8998973535824915,0.025958573942475027,-2752.5
2020-05-07 23:00:00,-0.05132050608100469,5.87493073085203,0.024179227809534076,-2610.5
2020-05-08 00:00:00,-0.04015575143186778,5.777652323222656,-0.003861323684564155,-2505.5
2020-05-08 01:00:00,-0.011108863357114807,5.68697535633982,-0.0029479541877472926,-2322.4
2020-05-08 02:00:00,0.024561449682132697,5.537334267018537,0.005137979095872325,-2224.9
2020-05-08 03:00:00,0.035928266644117635,5.318119993844216,-0.0013464676574406198,-2207.5
2020-05-08 04:00:00,0.03532144475499521,5.017279836814924,-0.0031894722083771754,-2225.0
2020-05-08 05:00:00,-0.04695900654831142,4.499809670330265,0.0036597550096537645,-2220.5
2020-05-08 06:00:00,-0.08094323095758105,3.784189633918261,0.010309786413287725,-2405.1
2020-05-08 07:00:00,-0.08582326406741192,3.091042453358316,0.021525578929192157,-2437.2
2020-05-08 08:00:00,0.14319184323809697,2.833213344056216,0.02548249226294441,-2407.3
2020-05-08 09:00:00,0.14819330506244865,3.1354942159291497,0.033535500851412436,-2416.4
2020-05-08 10:00:00,-0.026849423531532413,3.4657359027997265,0.02574761372290535,-2373.3
2020-05-08 11:00:00,-0.13273075183696292,3.6635616461296463,0.022072987986809345,-2361.6
2020-05-08 12:00:00,-0.1231340954687461,3.784189633918261,0.0424809607496881,-2366.4
2020-05-08 13:00:00,-0.11038000951433835,3.8918202981106265,0.03658212399020311,-2205.0
2020-05-08 14:00:00,-0.08880562649399737,3.9318256327243257,0.024216023186115265,-2064.0
2020-05-08 15:00:00,-0.055352918069415225,3.8918202981106265,0.02932158635955151,-1788.2
2020-05-08 16:00:00,-0.059052495517789794,3.8918202981106265,0.01722073967007276,-1767.1
2020-05-08 17:00:00,-0.07071350813250543,3.9318256327243257,0.013338598574920368,-2030.8
2020-05-08 18:00:00,-0.09817163499704007,3.9512437185814275,0.019987448872196723,-2135.4
2020-05-08 19:00:00,-0.06635187760686678,3.8501476017100584,0.03456887099203154,-2187.6
2020-05-08 20:00:00,-0.12438757787371335,3.8501476017100584,-0.0006800087607459204,-2232.9
2020-05-08 21:00:00,-0.09827745030263912,3.9889840465642745,0.0026120749794884546,-2278.3
2020-05-08 22:00:00,-0.11354591847664919,4.204692619390966,-0.014629665022823701,-2165.1
2020-05-08 23:00:00,-0.03028236720123756,4.394449154672439,-0.01934872434815471,-1915.3
2020-05-09 00:00:00,0.0071822069038494085,4.787491742782046,-0.03359030468217039,-537.7
2020-05-09 01:00:00,0.05334679712628665,4.962844630259907,-0.028156159823836013,-584.0
2020-05-09 02:00:00,0.06735984110793858,5.231108616854587,-0.035114696613593566,-660.9
2020-05-09 03:00:00,0.10696402811965733,5.497168225293202,-0.05182681776928977,-746.3
2020-05-09 04:00:00,0.16405378047973507,5.730099782973574,-0.045575791325343395,-789.9
2020-05-09 05:00:00,0.16226157516099127,5.840641657373398,-0.03703442646622612,-818.1
2020-05-09 06:00:00,0.18388410480047268,5.805134968916488,-0.03389780818585919,-788.1
2020-05-09 07:00:00,0.049459641825658984,5.717027701406222,-0.016383050604217964,-1761.9
2020-05-09 08:00:00,0.022468963455950064,5.652489180268651,-0.005432429915401826,-1763.3
2020-05-09 09:00:00,0.031744050680123426,5.6131281063880705,0.005309085872890584,-1847.2
2020-05-09 10:00:00,0.04735208083518616,5.521460917862246,0.005215628269777284,-1928.1
2020-05-09 11:00:00,0.07408749603340814,5.375278407684165,-0.010306304735823169,-1855.9
2020-05-09 12:00:00,0.09281495883673063,5.267858159063328,-0.014220760845912395,-1717.8
2020-05-09 13:00:00,0.14638234178624687,5.241747015059643,-0.03273023753542681,-1652.4
2020-05-09 14:00:00,0.22468645326477166,5.198497031265826,-0.020695179682729048,-1625.1
2020-05-09 15:00:00,0.2000209063266709,5.093750200806762,-0.018176884197599996,-1589.6
2020-05-09 16:00:00,0.1385432451938584,4.983606621708336,-0.020553889876339326,-1583.3
2020-05-09 17:00:00,0.07830135870304433,4.859812404361672,-0.008680574436559674,-1560.6
2020-05-09 18:00:00,0.0253023781502959,4.770684624465665,-0.00819452453806413,-1569.1
2020-05-09 19:00:00,0.0022173027237468723,4.700480365792417,0.005718305147804692,-1549.1
2020-05-09 20:00:00,-0.021783174114586412,4.718498871295094,-0.009941914118223316,-1522.3
2020-05-09 21:00:00,0.0014868819573621295,4.912654885736052,-0.005711156618142255,-1548.1
2020-05-09 22:00:00,0.03932654443304395,5.1647859739235145,0.0010771341838724524,-1616.2
2020-05-09 23:00:00,0.12124306874611301,5.375278407684165,-0.008827709529483307,-1625.6
2020-05-10 00:00:00,0.11786762614497226,5.666426688112432,-0.017941548537881324,-1953.3
2020-05-10 01:00:00,0.15605859901428243,5.8888779583328805,-0.022334898029538586,-1973.0
2020-05-10 02:00:00,0.1936994229353366,6.0473721790462776,-0.03672478367417131,-2000.2
2020-05-10 03:00:00,0.19999897548325718,6.0867747269123065,-0.025185968646427526,-1991.9
2020-05-10 04:00:00,0.2522434407703731,6.066108090103747,-0.02467023872247598,-1951.2
2020-05-10 05:00:00,0.24504661259918015,6.003887067106539,-0.024112123505148908,-1878.7
2020-05-10 06:00:00,0.25912703935111514,5.863631175598097,-0.010446229690268538,-1812.5
2020-05-10 07:00:00,0.1370281392567012,5.768320995793772,0.006258438588010229,-1844.9
2020-05-10 08:00:00,0.09681125899708887,5.723585101952381,0.03165821936212243,-1837.8
2020-05-10 09:00:00,0.08220988451991573,5.62040086571715,0.0434888405915137,-1849.3
2020-05-10 10:00:00,0.05037543861334681,5.4510384535657,0.04236392052471061,-1809.3
2020-05-10 11:00:00,0.038851572150361946,5.293304824724492,0.05469927045529577,-1734.1
2020-05-10 12:00:00,0.07013360800670121,5.187385805840755,0.0535012884771815,-1660.1
2020-05-10 13:00:00,0.013391316943293319,5.111987788356544,0.03897210184482436,-891.3
2020-05-10 14:00:00,0.01847914182930266,5.087596335232384,0.04135119203343063,-339.6
2020-05-10 15:00:00,-0.0016933563788303907,5.111987788356544,0.0473943434165065,-398.6
2020-05-10 16:00:00,-0.002987730600134242,5.214935757608986,0.061572949722411785,-640.0
2020-05-10 17:00:00,0.009039206325157867,5.3612921657094255,0.051074449800194266,-1499.5
2020-05-10 18:00:00,-0.0006987557220456964,5.517452896464707,0.03206621888889938,-1850.0
2020-05-10 19:00:00,-0.0009788212359782555,5.676753802268282,0.04381867433460496,-1951.6
2020-05-10 20:00:00,-0.045992606490973476,5.834810737062605,0.03465965539874283,-2025.1
2020-05-10 21:00:00,-0.03015200306278132,5.983936280687191,0.030207311307945517,-2113.0
2020-05-10 22:00:00,-0.01908327614926808,6.150602768446279,0.037768693454686364,-2141.6
2020-05-10 23:00:00,0.05828763012207627,6.261491684321042,0.031731774387304235,-2096.8
2020-05-11 00:00:00,0.05882705079052064,6.230481447578482,0.026629600034381973,-1409.6
2020-05-11 01:00:00,-0.015312521464999396,6.280395838960195,0.022229199753962092,-836.4
2020-05-11 02:00:00,-0.06238752382895196,6.322565239927284,0.01921023561278279,-766.4
2020-05-11 03:00:00,-0.03340132063797552,6.349138991379798,0.01656185259640086,-743.2
2020-05-11 04:00:00,-0.10465347705845773,6.359573868672378,0.022413304899284725,-809.4
2020-05-11 05:00:00,-0.12705747873879947,6.322565239927284,0.04228678646593664,-1472.0
2020-05-11 06:00:00,-0.09598201884560353,6.236369590203704,0.0756912657138491,-2356.1
2020-05-11 07:00:00,-0.1608095371285394,6.139884552226255,0.09214173717810148,-2546.6
2020-05-11 08:00:00,-0.18235495597722862,5.998936561946683,0.09981886137412932,-2411.2
2020-05-11 09:00:00,-0.13741617064151423,5.940171252720432,0.0970371778127932,-2396.3
2020-05-11 10:00:00,-0.11818425451359404,5.934894195619588,0.08289152713261316,-2374.4
2020-05-11 11:00:00,-0.10828378546221762,5.8888779583328805,0.08391257045539557,-2349.3
2020-05-11 12:00:00,-0.08163706829378459,5.87493073085203,0.07672720951921708,-2353.0
2020-05-11 13:00:00,-0.07263839081062251,5.902633333401366,0.06418725587609941,-2317.1
2020-05-11 14:00:00,-0.053995400274462924,5.955837369464831,0.06405932400113823,-2270.7
2020-05-11 15:00:00,-0.06076066909180655,5.988961416889864,0.06617246991195813,-2073.2
2020-05-11 16:00:00,-0.06404035337585334,6.0330862217988015,0.06607677207854223,-2125.1
2020-05-11 17:00:00,-0.13318284169100236,6.052089168924417,0.058498879757662436,-2157.9
2020-05-11 18:00:00,-0.1866114876354561,6.052089168924417,0.05605996822848436,-2190.2
2020-05-11 19:00:00,-0.23017032098445567,6.042632833682381,0.05384670878646158,-2212.7
2020-05-11 20:00:00,-0.23777293165125313,6.082218910376446,0.05312712244467921,-2263.9
2020-05-11 21:00:00,-0.21007822950281563,6.148468295917647,0.05775815844049248,-2314.5
2020-05-11 22:00:00,-0.15781687696375313,6.269096283706261,0.057683797108031065,-2393.2
2020-05-11 23:00:00,-0.0365703367872543,6.3473892096560105,0.045263854134147685,-2377.7
2020-05-12 00:00:00,0.05707989641738731,6.421622267806518,0.034037348904696785,-1549.9
2020-05-12 01:00:00,0.09465343600916531,6.391917113392602,0.027976875756901443,-1512.7
2020-05-12 02:00:00,0.13715645759699013,6.359573868672378,0.030346494373143074,-1493.6
2020-05-12 03:00:00,0.14748825037225588,6.297109319933935,0.028424755694831383,-1464.3
2020-05-12 04:00:00,0.15118156685577455,6.1675164908883415,0.032910162872640925,-1390.1
2020-05-12 05:00:00,0.14899063707203952,5.905361848054571,0.03230702322226087,-1793.3
2020-05-12 06:00:00,0.1107647592826626,5.488937726156687,0.05295023033943558,-2596.4
2020-05-12 07:00:00,0.05297933639131269,5.003946305945459,0.061107768000077556,-2550.0
2020-05-12 08:00:00,0.011107469250910107,4.6443908991413725,0.05822645550766126,-2398.8
2020-05-12 09:00:00,0.06830419473633098,4.465908118654584,0.0569366281098862,-2389.8
2020-05-12 10:00:00,0.09264641312661004,4.3694478524670215,0.050338204302715184,-2394.0
2020-05-12 11:00:00,0.08989687843182637,4.276666119016055,0.0520610628355902,-2366.1
2020-05-12 12:00:00,0.003991537225477071,4.248495242049359,0.05253598518667779,-2318.0
2020-05-12 13:00:00,-0.00256185099516415,4.31748811353631,0.0513747499533741,-2348.1
2020-05-12 14:00:00,0.005121068366210402,4.418840607796598,0.05582280557239194,-2306.5
2020-05-12 15:00:00,0.002186354843364935,4.574710978503383,0.056463457730065336,-2265.0
2020-05-12 16:00:00,-0.034685799591156474,4.709530201312334,0.04958027080987115,-2212.6
2020-05-12 17:00:00,-0.050174378790909024,4.709530201312334,0.04737591422325771,-2323.6
2020-05-12 18:00:00,-0.01388387247953915,4.709530201312334,0.04928049156990433,-2372.6
2020-05-12 19:00:00,-0.09367222199662795,4.770684624465665,0.04551176701594706,-2378.6
2020-05-12 20:00:00,0.03354338166078508,4.859812404361672,0.03475148445605036,-2389.4
2020-05-12 21:00:00,0.026829487972442223,5.043425116919247,0.03589666258711777,-2395.9
2020-05-12 22:00:00,-0.05294085010872074,5.356586274672012,0.03176457093321172,-2342.0
2020-05-12 23:00:00,-0.008473089869740935,5.627621113690637,0.02779174612008095,-2226.3
2020-05-13 00:00:00,0.30644816294132227,5.365976015021851,0.023194591721406255,-1526.9
2020-05-13 01:00:00,0.35410917305813205,5.537334267018537,0.018423308494829982,-1421.3
2020-05-13 02:00:00,0.39774597419427415,5.707110264748875,0.018365899732563307,-1384.0
2020-05-13 03:00:00,0.38027130867655146,5.723585101952381,0.01791988482296336,-1402.4
2020-05-13 04:00:00,0.37092967191654624,5.6937321388027,0.016672186675114276,-1505.5
2020-05-13 05:00:00,0.28058444604290056,5.517452896464707,0.011160389544929039,-1987.7
2020-05-13 06:00:00,0.14179713746581912,5.135798437050262,0.012346138188724431,-2439.0
2020-05-13 07:00:00,0.08957023046626844,4.59511985013459,0.008261069477665473,-2409.2
2020-05-13 08:00:00,0.14730820178917226,4.060443010546419,0.0036060538127227204,-2383.4
2020-05-13 09:00:00,0.19863527075204868,3.8918202981106265,0.0040619414522993225,-2357.8
2020-05-13 10:00:00,0.20504396215829868,3.8918202981106265,-0.0013298221682234157,-2382.6
2020-05-13 11:00:00,0.2401421796239238,3.970291913552122,0.001756651354296146,-2384.2
2020-05-13 12:00:00,0.27720408177905487,4.127134385045092,-0.0010815023076062857,-2280.6
2020-05-13 13:00:00,0.3279492595627036,4.23410650459726,-0.0073876866753073145,-2298.8
2020-05-13 14:00:00,0.3796734443155336,4.290459441148391,-0.007370769065394356,-2332.1
2020-05-13 15:00:00,0.36332430581721686,4.31748811353631,-0.012826355826789815,-2306.3
2020-05-13 16:00:00,0.34572868851723504,4.343805421853684,-0.013596805782705168,-2271.7
2020-05-13 17:00:00,0.32245732058588983,4.343805421853684,-0.012682625595688002,-2271.5
2020-05-13 18:00:00,0.3562378382991769,4.330733340286331,-0.012024898502109416,-1941.1
2020-05-13 19:00:00,0.34165811770711363,4.2626798770413155,-0.00021650063647271622,-1965.1
2020-05-13 20:00:00,0.3272719203681005,4.343805421853684,-0.010127089099631448,-1990.4
2020-05-13 21:00:00,0.31709177477886463,4.634728988229636,-0.005692978188998943,-1974.6
2020-05-13 22:00:00,0.33872843020711363,5.10594547390058,-0.002415603441877856,-2018.5
2020-05-13 23:00:00,0.4475389461530406,5.365976015021851,0.0013528878057602611,-2031.4
2020-05-14 00:00:00,0.5197468634402105,5.303304908059076,0.008162984628866887,-1750.5
2020-05-14 01:00:00,0.5495962586648355,5.459585514144159,0.004784942941314263,-1749.4
2020-05-14 02:00:00,0.5433349116719319,5.560681631015528,0.0011347108420585172,-1794.7
2020-05-14 03:00:00,0.5447124376157584,5.627621113690637,-0.0015673091753880541,-1833.6
2020-05-14 04:00:00,0.5430378101057536,5.713732805509369,-0.0012440633810300028,-1883.5
2020-05-14 05:00:00,0.33295637744906603,5.6240175061873385,-0.006886442491557787,-2622.7
2020-05-14 06:00:00,0.20956490477082257,5.25227342804663,0.0023833710903362615,-2464.1
2020-05-14 07:00:00,0.16196264200195598,4.653960350157523,-0.0010986684453015982,-2375.3
2020-05-14 08:00:00,0.17341723966135225,4.382026634673881,-0.01078772138653239,-2365.8
2020-05-14 09:00:00,0.2063201427100272,4.442651256490317,-0.012327210950391354,-2368.6
2020-05-14 10:00:00,0.2320037707207514,4.59511985013459,-0.013511284574350135,-2393.3
2020-05-14 11:00:00,0.24593174677896723,4.7535901911063645,-0.011080881324383007,-2406.2
2020-05-14 12:00:00,0.33273347925307784,4.882801922586371,-0.013864949574994512,-2031.2
2020-05-14 13:00:00,0.3801040156758382,4.997212273764115,-0.027252610463272653,-2068.3
2020-05-14 14:00:00,0.46419583350534577,5.135798437050262,-0.02011580464057605,-2102.3
2020-05-14 15:00:00,0.3949442634767868,5.241747015059643,-0.022981185575928542,-2498.2
2020-05-14 16:00:00,0.35865146466210973,5.318119993844216,-0.024198065950348457,-2501.0
2020-05-14 17:00:00,0.2819367354048796,5.384495062789089,-0.019082459342414815,-2511.7
2020-05-14 18:00:00,0.2654397438795293,5.44673737166631,-0.015306015298373943,-2384.8
2020-05-14 19:00:00,0.26552078237007803,5.459585514144159,-0.014651320056662698,-2373.7
2020-05-14 20:00:00,0.23264758290343357,5.602118820879701,-0.01578289109368125,-2385.7
2020-05-14 21:00:00,0.18599007566926007,5.8377304471659395,-0.014844119664306987,-2404.7
2020-05-14 22:00:00,0.30883758461857447,6.018593214496234,-0.016433184831780245,-2090.6
2020-05-14 23:00:00,0.3184265194250804,6.173786103901937,-0.019283903934360858,-1902.1
2020-05-15 00:00:00,0.3553306566264003,6.037870919922137,0.016423347486941964,-1552.6
2020-05-15 01:00:00,0.38122695330925715,6.111467339502679,0.01654984152551986,-1525.7
2020-05-15 02:00:00,0.4004823114835716,6.154858094016418,0.016449153677395856,-1606.2
2020-05-15 03:00:00,0.4355667013120761,6.137727054086234,0.015131763074943905,-1634.7
2020-05-15 04:00:00,0.42146051837078424,6.07073772800249,0.012234998117254037,-2128.9
2020-05-15 05:00:00,0.37549164792559697,5.916202062607435,0.011732452734764642,-2577.7
2020-05-15 06:00:00,0.33367293236794104,5.673323267171493,0.0007403353971371374,-2471.6
2020-05-15 07:00:00,0.2719331507770142,5.501258210544727,0.0002776663950143643,-2462.7
2020-05-15 08:00:00,0.26276664504205316,5.438079308923196,-0.0029467492575729892,-2432.0
2020-05-15 09:00:00,0.24888190735953186,5.537334267018537,-0.00018067683170919224,-2433.9
2020-05-15 10:00:00,0.2599649699070259,5.683579767338681,-0.003612293290564672,-2463.1
2020-05-15 11:00:00,0.25816456211450634,5.762051382780177,-0.0047929168515921106,-2499.1
2020-05-15 12:00:00,0.26755157194124246,5.749392985908253,0.005016551924279078,-2419.0
2020-05-15 13:00:00,0.26140222971961435,5.733341276897746,0.008981475908091063,-2391.6
2020-05-15 14:00:00,0.2616679158593085,5.703782474656201,0.005593511088113345,-2246.7
2020-05-15 15:00:00,0.2897637731681386,5.634789603169249,0.01160550529507276,-2163.7
2020-05-15 16:00:00,0.2737784800549532,5.5254529391317835,0.018161031229714908,-2008.1
2020-05-15 17:00:00,0.2657587284887075,5.41610040220442,0.02178538741688918,-2120.7
2020-05-15 18:00:00,0.33765231713665056,5.303304908059076,0.02468449837206599,-2182.3
2020-05-15 19:00:00,0.3636844912318029,5.247024072160486,0.03551271249673782,-2165.7
2020-05-15 20:00:00,0.3047555166446916,5.303304908059076,0.014884507780365652,-2182.4
2020-05-15 21:00:00,0.3652783639866284,5.424950017481403,0.008477194431886659,-1747.3
2020-05-15 22:00:00,0.3486399057544305,5.564520407322694,0.022813132460952623,-1671.8
2020-05-15 23:00:00,0.3762822462403439,5.627621113690637,0.02196697544008952,-1491.7
2020-05-16 00:00:00,0.2536185767313226,5.627621113690637,0.03272669731149147,-1701.2
2020-05-16 01:00:00,0.24862144943170428,5.598421958998375,0.03816084216982585,-1625.6
2020-05-16 02:00:00,0.21813990337297673,5.521460917862246,0.04220355117037666,-1412.2
2020-05-16 03:00:00,0.2503503413597574,5.327876168789581,0.04218808959767806,-1359.1
2020-05-16 04:00:00,0.27612251487268,5.093750200806762,0.0418888742809056,-1087.5
2020-05-16 05:00:00,0.2697407356791026,4.804021044733257,0.04100828054064376,-1092.8
2020-05-16 06:00:00,0.2524653689550025,4.564348191467836,0.042427883685359546,-1011.4
2020-05-16 07:00:00,0.11574896586158312,4.418840607796598,0.04112144387597283,-1011.0
2020-05-16 08:00:00,0.18717268664853526,4.382026634673881,0.0329770181994693,-1489.4
2020-05-16 09:00:00,0.18086959430470895,4.553876891600541,0.03228567357109302,-1626.0
2020-05-16 10:00:00,0.1782280705717021,4.736198448394496,0.031191114673037923,-1615.4
2020-05-16 11:00:00,0.1873470990979742,4.9344739331306915,0.031548953000789304,-1545.8
2020-05-16 12:00:00,0.17368607338070197,5.099866427824199,0.03166332471985456,-1415.0
2020-05-16 13:00:00,0.2038750360906154,5.117993812416755,0.020379587778521113,-1110.0
2020-05-16 14:00:00,0.2646518118640744,5.0369526024136295,0.032571849498758354,-775.6
2020-05-16 15:00:00,0.23642533075390837,4.976733742420574,0.034026006492999805,-600.5
2020-05-16 16:00:00,0.19363980263324843,4.890349128221754,0.029383063409599508,-777.8
2020-05-16 17:00:00,0.16993168154896843,4.727387818712341,0.029169649694537725,-1296.2
2020-05-16 18:00:00,0.1719967573010992,4.700480365792417,0.03186945594258361,-1518.3
2020-05-16 19:00:00,0.16819064002218553,4.6443908991413725,0.03594976392746929,-1584.1
2020-05-16 20:00:00,0.17025464423677983,4.68213122712422,0.0264615152697818,-1597.7
2020-05-16 21:00:00,0.20103113404498307,4.820281565605037,0.027625263649449394,-1614.9
2020-05-16 22:00:00,0.2336627985933153,4.90527477843843,0.027666588373111978,-1634.1
2020-05-16 23:00:00,0.2865272414428208,4.969813299576001,0.028343822578863254,-1418.0
2020-05-17 00:00:00,0.2785500078354457,4.90527477843843,0.023047795995315923,-950.2
2020-05-17 01:00:00,0.26690198156012546,5.117993812416755,0.02916979050318158,-416.2
2020-05-17 02:00:00,0.26367220630863697,5.424950017481403,0.023334671245999417,-334.8
2020-05-17 03:00:00,0.2707614457331826,5.598421958998375,0.0379493248378191,-373.4
2020-05-17 04:00:00,0.30988118355898386,5.598421958998375,0.04767534839211596,-323.3
2020-05-17 05:00:00,0.3136751189882765,5.488937726156687,0.051847415293890364,-271.2
2020-05-17 06:00:00,0.3769100750074985,5.187385805840755,0.05123827563820971,-287.3
2020-05-17 07:00:00,0.35346098241272905,4.820281565605037,0.04782549709405526,-876.7
2020-05-17 08:00:00,0.3298527536012621,4.624972813284271,0.03460952499670267,-1069.7
2020-05-17 09:00:00,0.2434780321160379,4.59511985013459,0.02414587774838317,-661.8
2020-05-17 10:00:00,0.2492433915217105,4.5217885770490405,0.012453345391720383,-942.2
2020-05-17 11:00:00,0.2400021370972243,4.430816798843313,0.019203937440765984,-836.6
2020-05-17 12:00:00,0.261048128523488,4.343805421853684,0.021934822509346752,-570.6
2020-05-17 13:00:00,0.2855550496792434,4.290459441148391,0.014042718802299348,-306.6
2020-05-17 14:00:00,0.35066951395440604,4.356708826689592,0.02293089418211114,-209.3
2020-05-17 15:00:00,0.3636569839791717,4.430816798843313,0.026239708373604564,-212.0
2020-05-17 16:00:00,0.32173561353199576,4.418840607796598,0.026548072886482643,-395.2
2020-05-17 17:00:00,0.26196984680595437,4.394449154672439,0.014914468385750723,-758.8
2020-05-17 18:00:00,0.3515056292297234,4.430816798843313,0.014623916225556144,-1482.6
2020-05-17 19:00:00,0.37167381117057996,4.51085950651685,0.024550255468727578,-1654.6
2020-05-17 20:00:00,0.3486175782077554,4.672828834461906,0.013464256931003504,-1818.8
2020-05-17 21:00:00,0.3713130997120371,4.882801922586371,0.015707298923191004,-1929.0
2020-05-17 22:00:00,0.3694034954244785,5.123963979403259,0.02514103658688427,-1871.6
2020-05-17 23:00:00,0.42593236221853337,5.267858159063328,0.032722363869000404,-1686.4
2020-05-18 00:00:00,0.5687379706281108,5.043425116919247,0.04463008605800223,-1323.0
2020-05-18 01:00:00,0.608750090757717,5.049856007249537,0.04739409084828328,-1300.8
2020-05-18 02:00:00,0.6067941139967168,5.1647859739235145,0.051601731404018025,-1273.5
2020-05-18 03:00:00,0.6639563924583132,5.2574953720277815,0.049085044301961034,-1228.4
2020-05-18 04:00:00,0.5864508018716874,5.198497031265826,0.04363694135091123,-1350.9
2020-05-18 05:00:00,0.44092655886713983,4.897839799950911,0.03241503798678291,-1552.9
2020-05-18 06:00:00,0.3730120191987796,4.31748811353631,0.002897945193857332,-2137.4
2020-05-18 07:00:00,0.4368888218540925,3.58351893845611,-0.018578668799968945,-2291.7
2020-05-18 08:00:00,0.32353894307376807,3.258096538021482,-0.02344133143378979,-2214.1
2020-05-18 09:00:00,0.3743435961162729,3.258096538021482,-0.022748704662899577,-2225.0
2020-05-18 10:00:00,0.32571193245105245,3.367295829986474,-0.020087467990236085,-2203.3
2020-05-18 11:00:00,0.30431424170847077,3.5553480614894135,-0.013127713586712275,-2184.8
2020-05-18 12:00:00,0.34274040012517526,3.7612001156935624,-0.011072251678590384,-2177.8
2020-05-18 13:00:00,0.32220372990625457,3.970291913552122,-0.021163976062489098,-2209.4
2020-05-18 14:00:00,0.33756680266471006,4.127134385045092,-0.002202259860353273,-2119.3
2020-05-18 15:00:00,0.3423084084331318,4.174387269895637,0.004769767691682247,-2005.9
2020-05-18 16:00:00,0.35927335113594827,4.127134385045092,0.0009460092890734018,-2112.2
2020-05-18 17:00:00,0.29205171576340394,4.02535169073515,-0.006278618558725135,-2132.0
2020-05-18 18:00:00,0.23959708757087883,3.970291913552122,-0.0037709577585411935,-2150.9
2020-05-18 19:00:00,0.19529545383037838,4.174387269895637,-0.008996280880361418,-2166.3
2020-05-18 20:00:00,0.18525683680853966,4.3694478524670215,-0.0006340544467731135,-2193.4
2020-05-18 21:00:00,0.2195003508358826,4.564348191467836,-0.0036688016618633412,-2188.9
2020-05-18 22:00:00,0.2446346678391471,4.927253685157205,0.007769405726318013,-2138.8
2020-05-18 23:00:00,0.3356554597837551,5.170483995038151,0.019722190610363732,-1950.0
2020-05-19 00:00:00,0.40156820802683635,5.123963979403259,0.018969258690629154,-1522.6
2020-05-19 01:00:00,0.43031134033782026,5.337538079701318,0.021885486363498963,-1513.8
2020-05-19 02:00:00,0.45947302024953807,5.442417710521793,0.023221782301018123,-1528.6
2020-05-19 03:00:00,0.46107371377288464,5.429345628954441,0.022308528677395856,-1538.0
2020-05-19 04:00:00,0.4557397524838467,5.3981627015177525,0.020739627252385873,-1544.5
2020-05-19 05:00:00,0.3940783951726856,5.288267030694535,0.013296945997288034,-1689.0
2020-05-19 06:00:00,0.34051295784167745,5.087596335232384,-0.005946180896506448,-2033.8
2020-05-19 07:00:00,0.3528894897976782,4.997212273764115,-0.01588898805953498,-2481.2
2020-05-19 08:00:00,0.21515264620309082,4.875197323201151,-0.01553969473194794,-2432.9
2020-05-19 09:00:00,0.24190159586994708,4.859812404361672,-0.011166959192181025,-2425.8
2020-05-19 10:00:00,0.24138107448553914,4.867534450455582,-0.007984662111515384,-2425.1
2020-05-19 11:00:00,0.19600796558270384,4.955827057601261,-0.0017552614767497587,-2389.3
2020-05-19 12:00:00,0.186441389612654,5.062595033026967,-0.0076395012078798175,-2340.0
2020-05-19 13:00:00,0.2349048618506,5.198497031265826,-0.008233209815593945,-2317.4
2020-05-19 14:00:00,0.4804523607197333,5.303304908059076,-0.008715715565179138,-1822.5
2020-05-19 15:00:00,0.42507402087995505,5.293304824724492,-0.010071615481929364,-1844.7
2020-05-19 16:00:00,0.3411708464452903,5.278114659230517,-0.015261602370068239,-1848.1
2020-05-19 17:00:00,0.39572634542774354,5.231108616854587,-0.016736518098785957,-1825.2
2020-05-19 18:00:00,0.36444027308282,5.181783550292085,-0.009615919666037698,-1849.5
2020-05-19 19:00:00,0.2776109475000488,5.159055299214529,-0.0117011650194625,-1843.0
2020-05-19 20:00:00,0.44815489499502537,5.278114659230517,-0.014226138707275737,-1870.0
2020-05-19 21:00:00,0.43017931237279283,5.517452896464707,-0.015100437889988605,-1905.8
2020-05-19 22:00:00,0.39156611627062743,5.713732805509369,-0.004496138521205673,-1864.1
2020-05-19 23:00:00,0.32514607776906557,5.849324779946859,0.008819634384481745,-1849.5
2020-05-20 00:00:00,0.380658025155757,5.961005339623274,0.030254631132130783,-1195.6
2020-05-20 01:00:00,0.4314801342655876,6.0014148779611505,0.033706336475007426,-1066.6
2020-05-20 02:00:00,0.48400631847868114,6.021023349349527,0.035757642444432136,-1040.6
2020-05-20 03:00:00,0.47140640285004354,6.008813185442595,0.035329438718475714,-1082.1
2020-05-20 04:00:00,0.4489280858628022,5.932245187448011,0.03301575781727095,-1116.2
2020-05-20 05:00:00,0.37980654956898974,5.69035945432406,0.02227722965126855,-1520.9
2020-05-20 06:00:00,0.5089731002786397,5.241747015059643,-0.002210159585483318,-1937.9
2020-05-20 07:00:00,1.4178508188710328,4.77912349311153,-0.020394186282710614,-1904.7
2020-05-20 08:00:00,1.428650710926724,4.564348191467836,-0.02402791038939789,-1861.6
2020-05-20 09:00:00,1.3425525080768836,4.553876891600541,-0.021666014070220285,-1851.3
2020-05-20 10:00:00,1.344696800696676,4.394449154672439,-0.020487496201156752,-1841.2
2020-05-20 11:00:00,1.3232439532629776,4.189654742026425,-0.013569319123931223,-1826.3
2020-05-20 12:00:00,1.3208133202315855,4.060443010546419,-0.019255125398345285,-1828.3
2020-05-20 13:00:00,1.0229009518905077,3.970291913552122,-0.017969796005844252,-1827.2
2020-05-20 14:00:00,0.7855439852287653,3.9318256327243257,-0.014143896071240114,-1812.6
2020-05-20 15:00:00,0.8009544319795303,3.8918202981106265,-0.014768104009700522,-1810.5
2020-05-20 16:00:00,0.692116217416908,3.8066624897703196,-0.019422064973785957,-1802.4
2020-05-20 17:00:00,0.6765144619825434,3.784189633918261,-0.020449654933347716,-1803.0
2020-05-20 18:00:00,0.6599202520973986,3.871201010907891,-0.013979933337912698,-1822.3
2020-05-20 19:00:00,0.5672142154267075,3.9318256327243257,-0.005101708202522204,-1805.7
2020-05-20 20:00:00,0.39113575352325824,3.970291913552122,-0.014048662752813357,-1761.7
2020-05-20 21:00:00,0.4344736068190338,4.2626798770413155,-0.012559116002197612,-1808.3
2020-05-20 22:00:00,0.3614159704739084,4.68213122712422,-0.00540216613962663,-1635.0
2020-05-20 23:00:00,0.3973856242039009,4.77912349311153,0.006411067533113268,-1098.1
2020-05-21 00:00:00,0.6429602130476479,4.1588830833596715,0.044725408311691695,-436.2
2020-05-21 01:00:00,0.5847787835236145,3.970291913552122,0.05176402030265148,-479.8
2020-05-21 02:00:00,0.5453352575930523,3.7376696182833684,0.053454356517034896,-472.7
2020-05-21 03:00:00,0.5355506681192135,3.5263605246161616,0.05084275459925092,-478.5
2020-05-21 04:00:00,0.5096412127413421,3.367295829986474,0.04496746166683252,-492.9
2020-05-21 05:00:00,0.3936650630047649,3.2188758248682006,0.026863862118492676,-1360.3
2020-05-21 06:00:00,0.3184871205080393,2.9444389791664403,-0.018839583462119336,-1437.0
2020-05-21 07:00:00,0.24388625137298403,2.4849066497880004,-0.038393555879912,-1769.6
2020-05-21 08:00:00,0.29744369040492113,2.0794415416798357,-0.03729612762770529,-1789.7
2020-05-21 09:00:00,0.37219643645669676,1.9459101490553132,-0.036902697293336395,-1803.0
2020-05-21 10:00:00,0.3886368861751137,1.9459101490553132,-0.027467453403350106,-1785.1
2020-05-21 11:00:00,0.42349648528482176,1.9459101490553132,-0.019252502220943768,-1782.8
2020-05-21 12:00:00,0.4490222189238846,2.0794415416798357,-0.021031562158225547,-1772.7
2020-05-21 13:00:00,0.3982012886391333,2.4849066497880004,-0.034494125766631356,-1722.7
2020-05-21 14:00:00,0.4082426386441278,2.70805020110221,-0.02650828454412757,-1480.9
2020-05-21 15:00:00,0.530647965983829,2.70805020110221,-0.022538971255634976,-1758.0
2020-05-21 16:00:00,0.5589573064524571,2.833213344056216,-0.030633716187252524,-1758.2
2020-05-21 17:00:00,0.6261496104410558,3.1354942159291497,-0.029405383667721274,-1787.9
2020-05-21 18:00:00,0.5610589688621048,3.4339872044851463,-0.02179962277444325,-1789.6
2020-05-21 19:00:00,0.4920254352887494,3.6635616461296463,-0.021159488257507242,-1775.0
2020-05-21 20:00:00,0.34705121743561973,4.007333185232471,-0.02432893282735371,-1749.5
2020-05-21 21:00:00,0.3265939273865919,4.5217885770490405,-0.023440259309937872,-1621.0
2020-05-21 22:00:00,0.3256508856528533,4.997212273764115,-0.006143401874117771,-1511.7
2020-05-21 23:00:00,0.2431757581730154,5.3471075307174685,0.013484825918177457,-1307.8
2020-05-22 00:00:00,0.38844393207795314,5.902633333401366,0.03433427405347267,-801.3
2020-05-22 01:00:00,0.4108855467022603,5.950642552587727,0.042629554308571294,-758.4
2020-05-22 02:00:00,0.39898193610833665,6.003887067106539,0.04666293227389229,-655.9
2020-05-22 03:00:00,0.31787496901115464,6.040254711277414,0.04233747120411824,-580.9
2020-05-22 04:00:00,0.1961053922517344,6.07993319509559,0.036429726704310994,-600.4
2020-05-22 05:00:00,0.1301742391170655,6.025865973825314,0.021732536069348107,-720.6
2020-05-22 06:00:00,0.23220347220308124,5.749392985908253,-0.022607028599853862,-1199.9
2020-05-22 07:00:00,0.2554038488258037,5.298317366548036,-0.04264737832201959,-1870.1
2020-05-22 08:00:00,0.38013448451227694,5.19295685089021,-0.04473820580237575,-2023.3
2020-05-22 09:00:00,0.2944436095526135,5.3612921657094255,-0.04278058702146925,-1971.4
2020-05-22 10:00:00,0.267100906772475,5.497168225293202,-0.03963514553994685,-1940.5
2020-05-22 11:00:00,0.17544984216315918,5.598421958998375,-0.03626904895360905,-1450.6
2020-05-22 12:00:00,0.10877339658193641,5.700443573390687,-0.03875827712942126,-772.1
2020-05-22 13:00:00,0.08749994170284259,5.777652323222656,-0.03878309495900645,-694.9
2020-05-22 14:00:00,-0.027798278385973596,5.834810737062605,-0.03762012559075156,-619.3
2020-05-22 15:00:00,-0.03133429620348638,5.8888779583328805,-0.028707054882209704,-634.8
2020-05-22 16:00:00,-0.08937486353778334,5.953243334287785,-0.02407173239355842,-645.6
2020-05-22 17:00:00,-0.1117619775716312,6.023447592961033,-0.02607063376074592,-670.4
2020-05-22 18:00:00,-0.12874170108171779,6.1092475827643655,-0.018404982166037698,-701.4
2020-05-22 19:00:00,-0.12225684430351214,6.2166061010848646,-1.6708657748942812e-05,-753.8
2020-05-22 20:00:00,-0.21969775767803812,6.338594078203183,-0.003625518990502563,-837.3
2020-05-22 21:00:00,-0.19979784952911084,6.473890696352274,-0.0013172031604007373,-925.2
2020-05-22 22:00:00,-0.27903887490784207,6.566672429803241,0.005251705531005513,-1004.7
2020-05-22 23:00:00,-0.26894729441807064,6.597145701886651,0.019990690211877826,-1009.7
2020-05-23 00:00:00,-0.5008666014714891,6.517671272912275,-0.019970397966899256,-1021.6
2020-05-23 01:00:00,-0.4480100552108517,6.517671272912275,-0.01870727062590305,-901.2
2020-05-23 02:00:00,-0.45134830287032157,6.556778356158042,-0.012856226012650573,-925.0
2020-05-23 03:00:00,-0.4225941318826685,6.586171654854675,-0.015263605178179596,-944.3
2020-05-23 04:00:00,-0.36764341777134035,6.568077911411976,-0.018735747535529867,-928.9
2020-05-23 05:00:00,-0.34468328875131515,6.455198563340122,-0.020931018899647214,-853.2
2020-05-23 06:00:00,-0.3393640389640751,6.2285110035911835,-0.017948506778181716,-775.3
2020-05-23 07:00:00,-0.4749574091438704,5.973809611869261,-0.023678549350942824,-1038.9
2020-05-23 08:00:00,-0.3519470806482523,5.8664680569332965,-0.028795605313995054,-973.5
2020-05-23 09:00:00,-0.3649873774592862,5.991464547107982,-0.04167606768378018,-1006.7
2020-05-23 10:00:00,-0.36585749966845604,6.1779441140506,-0.03861608910647174,-812.6
2020-05-23 11:00:00,-0.42456239256676764,6.338594078203183,-0.0375120128649975,-913.5
2020-05-23 12:00:00,-0.498897128181494,6.452048954437226,-0.035422968496515495,-974.8
2020-05-23 13:00:00,-0.48360640693365253,6.539585955617669,-0.04288260899944518,-1051.1
2020-05-23 14:00:00,-0.7080486368357604,6.626717749249025,-0.02373932206395768,-971.2
2020-05-23 15:00:00,-0.7866613501388828,6.683360945766275,-0.01716627269167681,-983.4
2020-05-23 16:00:00,-0.8398858695149749,6.706862336602747,-0.01955037749909927,-1419.5
2020-05-23 17:00:00,-0.7035114589425573,6.656726524178391,-0.019620514474894435,-1436.0
2020-05-23 18:00:00,-0.5350636911758311,6.576469569048224,-0.012190533851446084,-1565.9
2020-05-23 19:00:00,-0.3863403911951273,6.513230110912307,-0.003232525372279582,-1510.8
2020-05-23 20:00:00,-0.38449598338831636,6.486160788944089,-0.01799024730105181,-1382.1
2020-05-23 21:00:00,-0.3541566023747078,6.4967749901858625,-0.027889485014714666,-1331.6
2020-05-23 22:00:00,-0.3369467575743168,6.51025834052315,-0.03241153557017107,-1343.7
2020-05-23 23:00:00,-0.37953221916637636,6.51471269087253,-0.033699457918063835,-1330.4
2020-05-24 00:00:00,-0.8901718470196904,6.403574197934815,-0.06615656432932404,-692.2
2020-05-24 01:00:00,-0.9068902056158192,6.398594934535208,-0.0710722094730789,-471.1
2020-05-24 02:00:00,-0.9059638379787482,6.428105272684596,-0.08594193333258371,-488.6
2020-05-24 03:00:00,-0.9805174759896904,6.385194398997726,-0.07333531254400949,-457.2
2020-05-24 04:00:00,-0.9887231442846254,6.263398262591624,-0.058460919507195896,-391.7
2020-05-24 05:00:00,-0.9791660730745022,6.111467339502679,-0.05708214274271839,-459.1
2020-05-24 06:00:00,-0.9040237704545657,5.908082938168931,-0.050473206280746474,-363.4
2020-05-24 07:00:00,-0.9713403243567731,5.707110264748875,-0.040360172067913425,-557.1
2020-05-24 08:00:00,-0.9021711887221795,5.666426688112432,-0.033471609568374916,-508.3
2020-05-24 09:00:00,-0.7279393867133419,5.707110264748875,-0.0289994595597447,-627.2
2020-05-24 10:00:00,-0.4524875327296263,5.752572638825633,-0.02547535262577849,-370.8
2020-05-24 11:00:00,-0.449696764183805,5.924255797414532,-0.027781216115904783,-446.0
2020-05-24 12:00:00,-0.4057122968632625,6.1463292576688975,-0.03094532691161067,-514.1
2020-05-24 13:00:00,-0.3687961062955252,6.322565239927284,-0.04597529092395369,-565.5
2020-05-24 14:00:00,-0.3185133861668106,6.366470447731438,-0.03653246478341288,-590.6
2020-05-24 15:00:00,-0.24823177023209886,6.284134161070802,-0.03590453200715071,-647.7
2020-05-24 16:00:00,-0.15923704708431385,6.07993319509559,-0.03504040442625911,-856.2
2020-05-24 17:00:00,-0.06291757969589318,5.786897381366708,-0.044983673195318374,-765.8
2020-05-24 18:00:00,-0.05615006025825986,5.342334251964811,-0.0375443814347447,-826.1
2020-05-24 19:00:00,-0.005064628758558509,4.983606621708336,-0.031464386085943374,-779.3
2020-05-24 20:00:00,0.25426192223672794,4.736198448394496,-0.04157714853711525,-1044.9
2020-05-24 21:00:00,0.2679545867248838,4.624972813284271,-0.03830582881936184,-1091.3
2020-05-24 22:00:00,0.2776486318224305,4.564348191467836,-0.03946265448130326,-992.7
2020-05-24 23:00:00,0.07172452479431879,4.477336814478207,-0.047650431280713335,-600.4
2020-05-25 00:00:00,0.22385711047441426,4.382026634673881,-0.05534905370063825,-417.6
2020-05-25 01:00:00,0.20397250416168067,4.143134726391533,-0.05289866030050572,-263.3
2020-05-25 02:00:00,0.2168012072656289,3.9512437185814275,-0.05331620845548013,-265.7
2020-05-25 03:00:00,0.23833145040612758,3.713572066704308,-0.05627547135586486,-215.8
2020-05-25 04:00:00,0.14877511691478373,3.6635616461296463,-0.05950381756860157,-211.2
2020-05-25 05:00:00,0.17522339313413404,3.58351893845611,-0.05893474060144488,-632.6
2020-05-25 06:00:00,0.4834731409841937,3.258096538021482,-0.05796871946534221,-2261.0
2020-05-25 07:00:00,0.5858696499948293,2.9444389791664403,-0.05076087075967273,-2269.4
2020-05-25 08:00:00,0.7049482390236741,2.6390573296152584,-0.04846669900073053,-2269.7
2020-05-25 09:00:00,0.6129413434904851,2.6390573296152584,-0.04192474767723642,-2253.8
2020-05-25 10:00:00,0.5888584715368133,2.833213344056216,-0.05198964175671961,-2254.4
2020-05-25 11:00:00,0.6420218089376761,3.044522437723423,-0.050977937717809674,-2268.4
2020-05-25 12:00:00,0.5097944847883418,3.1354942159291497,-0.05655662771352343,-2236.2
2020-05-25 13:00:00,0.43008533678594807,3.1780538303479458,-0.07670674566119207,-2183.6
2020-05-25 14:00:00,0.40957733864098245,3.2188758248682006,-0.053946354425840504,-2090.9
2020-05-25 15:00:00,0.4181772888876947,3.258096538021482,-0.045628494066877856,-2047.4
2020-05-25 16:00:00,0.5141866620773854,3.332204510175204,-0.04363501626748523,-2223.6
2020-05-25 17:00:00,0.6065766437383617,3.4011973816621555,-0.0492539815387838,-2309.3
2020-05-25 18:00:00,0.7545202651501026,3.4339872044851463,-0.04809135743920212,-2350.6
2020-05-25 19:00:00,0.8030501083702966,3.5263605246161616,-0.056577108827911005,-2370.5
2020-05-25 20:00:00,0.7149570853294382,3.7376696182833684,-0.04521796105479936,-2380.7
2020-05-25 21:00:00,0.7364429976452298,3.9512437185814275,-0.050560184862067814,-2405.7
2020-05-25 22:00:00,0.5537159146547932,4.143134726391533,-0.04788481344181683,-2376.2
2020-05-25 23:00:00,0.45134571476700813,4.2626798770413155,-0.04183570238906942,-2198.5
2020-05-26 00:00:00,0.6044139995069395,4.2626798770413155,-0.0436817062710384,-1163.5
2020-05-26 01:00:00,0.6190616115410248,4.07753744390572,-0.04441969963527992,-934.5
2020-05-26 02:00:00,0.6527012972946271,3.8501476017100584,-0.044385794953971214,-906.2
2020-05-26 03:00:00,0.6049961376323032,3.6375861597263857,-0.0442770760819009,-902.5
2020-05-26 04:00:00,0.5439941377130735,3.6888794541139363,-0.046796579738101585,-901.6
2020-05-26 05:00:00,0.5407954283017715,3.8501476017100584,-0.0470751824457567,-1669.7
2020-05-26 06:00:00,0.39637390156597974,3.9318256327243257,-0.05405164801762119,-2356.6
2020-05-26 07:00:00,0.9318325411933372,3.8501476017100584,-0.06126166195907423,-2449.0
2020-05-26 08:00:00,0.5097258140401997,3.912023005428146,-0.06557465247428507,-2422.8
2020-05-26 09:00:00,0.3162833531040925,4.356708826689592,-0.06899786801376173,-2407.3
2020-05-26 10:00:00,0.20767322741094807,4.812184355372417,-0.07195137345555924,-2348.4
2020-05-26 11:00:00,0.14371258612802595,5.10594547390058,-0.06979529820842956,-2182.1
2020-05-26 12:00:00,0.0895263306322156,5.293304824724492,-0.07166924594170077,-2103.1
2020-05-26 13:00:00,0.09125690422249066,5.442417710521793,-0.06652131198173983,-2020.0
2020-05-26 14:00:00,0.10275953793012649,5.529429087511423,-0.06434077873413813,-1937.7
2020-05-26 15:00:00,0.1256132492355615,5.537334267018537,-0.06586297511034545,-1862.3
2020-05-26 16:00:00,0.09849637005094491,5.4638318050256105,-0.06196656344658358,-1707.6
2020-05-26 17:00:00,0.03639792025533284,5.459585514144159,-0.058492086855254755,-1771.1
2020-05-26 18:00:00,0.01040882008950561,5.575949103146316,-0.055670104016595445,-1876.2
2020-05-26 19:00:00,-0.13432485416572915,5.752572638825633,-0.05379154619940518,-1688.9
2020-05-26 20:00:00,-0.0954043512960796,5.976350909297934,-0.05952829855437791,-1654.7
2020-05-26 21:00:00,-0.07835495584761976,6.113682179832232,-0.06364384079968577,-1590.0
2020-05-26 22:00:00,-0.09024535328623795,6.156978985585555,-0.06624414558965253,-1443.8
2020-05-26 23:00:00,-0.1135170997486945,6.152732694704104,-0.06870608227989994,-1153.3
2020-05-27 00:00:00,-0.3271658698201212,6.137727054086234,-0.08916290542250227,-1027.5
2020-05-27 01:00:00,-0.4909771125242317,6.068425588244111,-0.09105243930810314,-938.0
2020-05-27 02:00:00,-0.606375471052913,6.021023349349527,-0.08710928824922348,-863.9
2020-05-27 03:00:00,-0.7519575907905431,5.996452088619021,-0.08996907718822111,-842.0
2020-05-27 04:00:00,-0.6738483056954534,5.8805329864007,-0.089718725776609,-887.4
2020-05-27 05:00:00,-0.25821338577088504,5.87493073085203,-0.08475973233381051,-1128.5
2020-05-27 06:00:00,-0.09264394277834942,5.8664680569332965,-0.06994701248570845,-1594.8
2020-05-27 07:00:00,-0.12025797211751943,5.808142489980444,-0.06396543457635051,-2193.3
2020-05-27 08:00:00,-0.1291960284393534,5.645446897643238,-0.05443731583719291,-2041.4
2020-05-27 09:00:00,-0.07398173823272547,5.556828061699537,-0.05403764892771257,-2096.8
2020-05-27 10:00:00,-0.06279976807381793,5.53338948872752,-0.057930293684933076,-2121.0
2020-05-27 11:00:00,-0.02313380045147051,5.537334267018537,-0.05999741032064687,-2150.2
2020-05-27 12:00:00,-0.00827556711752564,5.5909869805108565,-0.06770750878429155,-2114.6
2020-05-27 13:00:00,0.03483403157855092,5.645446897643238,-0.06550349647158349,-2102.9
2020-05-27 14:00:00,0.07067908979694026,5.68697535633982,-0.06799539088182982,-1988.9
2020-05-27 15:00:00,0.03852632001417877,5.777652323222656,-0.06560116980893227,-1817.2
2020-05-27 16:00:00,-0.03813312901105492,5.8805329864007,-0.05611433177370806,-1478.6
2020-05-27 17:00:00,-0.05688148293005435,5.973809611869261,-0.05515814633407423,-1523.6
2020-05-27 18:00:00,-0.035025490098461454,6.075346031088684,-0.05696506157105219,-1752.7
2020-05-27 19:00:00,-0.08024571674421077,6.089044875446846,-0.04608695470257018,-1672.3
2020-05-27 20:00:00,-0.10185216205671077,6.169610732491456,-0.057206388865433944,-1696.6
2020-05-27 21:00:00,-0.17900135078911772,6.2766434893416445,-0.0640596428016389,-1590.1
2020-05-27 22:00:00,-0.3060887794726992,6.380122536899765,-0.06920981451618324,-1385.8
2020-05-27 23:00:00,-0.4233582134607523,6.472346294500901,-0.07337940152135403,-1279.6
2020-05-28 00:00:00,-1.001280091649837,6.655440350367647,-0.07179434417588748,-1467.6
2020-05-28 01:00:00,-1.0696697427055275,6.62273632394984,-0.07517123334290687,-1409.8
2020-05-28 02:00:00,-1.0691941933318412,6.584791392385716,-0.07385967903359081,-1402.1
2020-05-28 03:00:00,-1.0684223366996681,6.53813982376767,-0.07333723052001062,-1386.0
2020-05-28 04:00:00,-1.0161679768420135,6.470799503782602,-0.07607571184181428,-1357.7
2020-05-28 05:00:00,-0.5850659565893668,6.345636360828596,-0.07080596020484542,-1403.7
2020-05-28 06:00:00,-0.5296870952378558,6.131226489483141,-0.06267207949787768,-1830.8
2020-05-28 07:00:00,-0.45893963168466057,5.945420608606575,-0.058647456770870576,-1906.6
2020-05-28 08:00:00,-0.5417944310826952,5.730099782973574,-0.05446278488919365,-1774.9
2020-05-28 09:00:00,-0.5256604793272817,5.648974238161206,-0.050104099999363605,-1731.8
2020-05-28 10:00:00,-0.5317923678211249,5.641907070938114,-0.04853431936391406,-1724.4
2020-05-28 11:00:00,-0.5281294113854742,5.746203190540153,-0.04723528314451908,-1743.8
2020-05-28 12:00:00,-0.5247167525981435,5.8944028342648505,-0.03516294725392832,-1780.3
2020-05-28 13:00:00,-0.4968473016382844,6.003887067106539,-0.04570869528418342,-1823.0
2020-05-28 14:00:00,-0.42496322345723714,6.056784013228625,-0.033801257725830425,-1781.2
2020-05-28 15:00:00,-0.42524449880230897,6.09807428216624,-0.03377089299730862,-1732.6
2020-05-28 16:00:00,-0.4413325906567218,6.159095388491933,-0.029078505115256448,-1672.8
2020-05-28 17:00:00,-0.47978721344242126,6.184148890937483,-0.023943917628660216,-1668.7
2020-05-28 18:00:00,-0.5274626856179103,6.194405391104672,-0.028095171414695308,-1775.7
2020-05-28 19:00:00,-0.5194607316028395,6.156978985585555,-0.028444642188998337,-1779.0
2020-05-28 20:00:00,-0.5348752572599678,6.159095388491933,-0.03360514500118583,-1877.0
2020-05-28 21:00:00,-0.5351618826958005,6.2324480165505225,-0.040767804674098684,-1931.0
2020-05-28 22:00:00,-0.4917298445622078,6.318968113746434,-0.04400001466443548,-2052.4
2020-05-28 23:00:00,-0.45101283510342793,6.38856140554563,-0.0465107166345744,-1833.9
2020-05-29 00:00:00,-0.6694295256110527,6.3473892096560105,-0.10060695949257514,-1669.0
2020-05-29 01:00:00,-0.7647448053977108,6.335054251498059,-0.10773293026134123,-1640.6
2020-05-29 02:00:00,-0.8500343063854223,6.338594078203183,-0.10864582527399413,-1573.3
2020-05-29 03:00:00,-0.7998171186919347,6.35088571671474,-0.09489288708338339,-1623.1
2020-05-29 04:00:00,-0.744935610701579,6.3561076606958915,-0.09881058117518027,-1637.6
2020-05-29 05:00:00,-0.4664405166300114,6.331501849893691,-0.0886155210995172,-1791.8
2020-05-29 06:00:00,-0.44098001391730124,6.289715570908998,-0.06997104484751482,-2327.1
2020-05-29 07:00:00,-0.4493488778544492,6.280395838960195,-0.05047520694226648,-2331.7
2020-05-29 08:00:00,-0.5202262208501383,6.269096283706261,-0.042800220699697356,-2289.1
2020-05-29 09:00:00,-0.5477827316979742,6.311734809152915,-0.03603357347487446,-2306.7
2020-05-29 10:00:00,-0.5504770842298012,6.369900982828227,-0.027164959963077884,-2309.4
2020-05-29 11:00:00,-0.56214910096762,6.431331081933479,-0.023750830596205752,-2336.7
2020-05-29 12:00:00,-0.5414760232739093,6.453624998892692,-0.012832677234364098,-2339.9
2020-05-29 13:00:00,-0.5027181241886816,6.432940092739179,-0.021323873587237863,-2330.0
2020-05-29 14:00:00,-0.46015228671046926,6.38856140554563,-0.022040453114007263,-2304.0
2020-05-29 15:00:00,-0.40651820619717793,6.335054251498059,-0.03263247699831506,-2276.5
2020-05-29 16:00:00,-0.42334168944176764,6.284134161070802,-0.039882338420200725,-2249.1
2020-05-29 17:00:00,-0.45414063754267064,6.2878585601617845,-0.034933321018590924,-2233.6
2020-05-29 18:00:00,-0.4844668269974839,6.298949246855942,-0.03717096496775163,-2272.3
2020-05-29 19:00:00,-0.4362111302608167,6.267200548541362,-0.018764174357700725,-2277.7
2020-05-29 20:00:00,-0.4950530176491603,6.293419278846481,-0.04375126299628018,-2307.6
2020-05-29 21:00:00,-0.48554605945594065,6.336825731146441,-0.0642821598505412,-2335.2
2020-05-29 22:00:00,-0.45605135590203005,6.400257445308821,-0.06931063997396425,-2392.8
2020-05-29 23:00:00,-0.4847851948706168,6.436150368369428,-0.071075294305742,-2374.8
2020-05-30 00:00:00,-0.5183495642518365,6.498282149476434,-0.07230481686286083,-2544.6
2020-05-30 01:00:00,-0.5605711468860837,6.444131256700441,-0.0778961420162334,-2005.0
2020-05-30 02:00:00,-0.6215138286746245,6.371611847231857,-0.08005376488092786,-1643.3
2020-05-30 03:00:00,-0.7261592505074526,6.246106765481563,-0.0920557059920748,-1585.4
2020-05-30 04:00:00,-0.7269191434101301,6.052089168924417,-0.08780428774485038,-1461.5
2020-05-30 05:00:00,-0.4883259909801583,5.69035945432406,-0.06557642980571021,-1532.3
2020-05-30 06:00:00,-0.38192365338287115,5.062595033026967,-0.04901688667751625,-2065.1
2020-05-30 07:00:00,-0.412064978912968,4.430816798843313,-0.04588993311365641,-1996.0
2020-05-30 08:00:00,-0.3285542010735467,3.9318256327243257,-0.04433190952913968,-1972.0
2020-05-30 09:00:00,-0.32103983776564227,3.8066624897703196,-0.04989810783579607,-1938.9
2020-05-30 10:00:00,-0.2581673382278207,3.9318256327243257,-0.04167575493042719,-1958.9
2020-05-30 11:00:00,-0.29342239207432064,3.970291913552122,-0.04881156811893117,-1953.3
2020-05-30 12:00:00,-0.310693201484473,3.9512437185814275,-0.05500113119084027,-1947.3
2020-05-30 13:00:00,-0.2937801244856302,3.970291913552122,-0.06767726761266157,-1939.4
2020-05-30 14:00:00,-0.5885399752119074,4.007333185232471,-0.056800184324846015,-1876.4
2020-05-30 15:00:00,-0.709598001979288,3.9889840465642745,-0.05735715327492219,-1834.7
2020-05-30 16:00:00,-0.3411882885622588,3.9512437185814275,-0.04597467916961229,-1923.1
2020-05-30 17:00:00,-0.36577858553289966,3.912023005428146,-0.05111118156626482,-1921.3
2020-05-30 18:00:00,-0.39476888234723084,3.8918202981106265,-0.04578147828748236,-1912.0
2020-05-30 19:00:00,-0.40425131776165735,3.9889840465642745,-0.027500652644717682,-1939.8
2020-05-30 20:00:00,-0.42519489341090866,4.174387269895637,-0.03633938596924846,-1969.7
2020-05-30 21:00:00,-0.43383118930048314,4.31748811353631,-0.04433384324109202,-1997.0
2020-05-30 22:00:00,-0.5838068355058426,4.465908118654584,-0.05537705427485928,-1989.6
2020-05-30 23:00:00,-0.8536823643739604,4.584967478670572,-0.06568512706941387,-1880.1
2020-05-31 00:00:00,-0.7618916479777957,4.564348191467836,-0.07830469826497133,-1473.9
2020-05-31 01:00:00,-0.7748614428758318,4.574710978503383,-0.07775374880656116,-1132.3
2020-05-31 02:00:00,-0.7513626062177585,4.653960350157523,-0.08370229073907964,-1114.7
2020-05-31 03:00:00,-0.7470468105196311,4.77912349311153,-0.07109566995050542,-1126.7
2020-05-31 04:00:00,-0.7217769703120225,4.836281906951478,-0.05957018196148223,-1104.4
2020-05-31 05:00:00,-0.6739800990938498,4.736198448394496,-0.0515110976932629,-1139.7
2020-05-31 06:00:00,-0.6484300125542855,4.59511985013459,-0.053789958906740765,-1115.4
2020-05-31 07:00:00,-0.5991008638769288,4.406719247264253,-0.058970451924581724,-1338.3
2020-05-31 08:00:00,-0.6999343222272834,4.204692619390966,-0.07206160683824425,-1266.2
2020-05-31 09:00:00,-0.932520920167492,4.189654742026425,-0.07214134170376862,-1631.7
2020-05-31 10:00:00,-1.069312445729938,4.23410650459726,-0.07340119053452288,-1365.1
2020-05-31 11:00:00,-1.1725404500976027,4.31748811353631,-0.08031430259283212,-1240.4
2020-05-31 12:00:00,-1.1745712991589041,4.394449154672439,-0.08029917451086455,-1182.3
2020-05-31 13:00:00,-1.1183731790417166,4.406719247264253,-0.08058808018296038,-1177.1
2020-05-31 14:00:00,-1.062091420353648,4.465908118654584,-0.07787380493985463,-1159.3
2020-05-31 15:00:00,-1.0557373255670637,4.59511985013459,-0.08247379295759316,-1144.3
2020-05-31 16:00:00,-1.0940811868542166,4.653960350157523,-0.06626042178747316,-1171.0
2020-05-31 17:00:00,-1.0203562717664967,4.653960350157523,-0.06787749306117075,-1382.0
2020-05-31 18:00:00,-0.8954391410346574,4.736198448394496,-0.06892771014069066,-1861.7
2020-05-31 19:00:00,-0.4534009124319136,4.941642422609304,-0.057521097360304196,-2074.6
2020-05-31 20:00:00,-0.38347750142657255,5.214935757608986,-0.07718300399132971,-2154.9
2020-05-31 21:00:00,-0.4281599550628634,5.4510384535657,-0.07600662876694475,-2198.4
2020-05-31 22:00:00,-0.42910420079329326,5.645446897643238,-0.08098005932165542,-2245.8
2020-05-31 23:00:00,-0.47818492895452525,5.69035945432406,-0.08036872590368027,-2240.9
2020-06-01 00:00:00,-0.08803550832486451,5.241747015059643,0.053569774491209365,-1403.2
2020-06-01 01:00:00,0.008827625569876929,5.272999558563747,0.05652809672212378,-1399.3
2020-06-01 02:00:00,0.1224728247183886,5.117993812416755,0.055027576478628326,-1387.1
2020-06-01 03:00:00,0.1973153804677994,4.962844630259907,0.05243406822213181,-1357.4
2020-06-01 04:00:00,-0.031908936537159205,4.890349128221754,0.04500492564991365,-1306.8
2020-06-01 05:00:00,-0.15048573618156724,4.718498871295094,0.032236588666604504,-1363.7
2020-06-01 06:00:00,-0.18181776181941522,4.189654742026425,0.00895650089617206,-1996.9
2020-06-01 07:00:00,-0.08623034111478267,3.295836866004329,-0.010111393272492997,-2071.1
2020-06-01 08:00:00,-0.11505999384014176,2.3978952727983707,-0.01827085555813568,-2132.3
2020-06-01 09:00:00,-0.24505530757689575,2.302585092994046,-0.021927379939639557,-1988.6
2020-06-01 10:00:00,-0.673244959417655,2.3978952727983707,-0.03194869885623586,-1728.2
2020-06-01 11:00:00,-0.61706209808953,2.3978952727983707,-0.03140694075784456,-1724.0
2020-06-01 12:00:00,-0.6185271387429103,2.5649493574615367,-0.043402441562856886,-1736.3
2020-06-01 13:00:00,-0.6428496750093782,2.833213344056216,-0.05261929927101594,-1741.7
2020-06-01 14:00:00,-0.704024015262599,3.1354942159291497,-0.04578595492443949,-1745.6
2020-06-01 15:00:00,-0.7309552203544285,3.4339872044851463,-0.04273096457970027,-1747.9
2020-06-01 16:00:00,-0.7608095032778965,3.6888794541139363,-0.03212674556007844,-1744.2
2020-06-01 17:00:00,-0.13703136033773156,3.9889840465642745,-0.036475051487728116,-2065.1
2020-06-01 18:00:00,-0.2476629980932814,4.31748811353631,-0.03542685553180824,-2050.0
2020-06-01 19:00:00,-0.2985682877776523,4.634728988229636,-0.039381227623970894,-2066.9
2020-06-01 20:00:00,-0.3491369741144119,5.0238805208462765,-0.02341221561051121,-2026.8
2020-06-01 21:00:00,-0.305386929473181,5.5053315359323625,-0.01954700056449976,-2078.6
2020-06-01 22:00:00,-0.1241879782950166,5.857933154483459,-0.008922263143615439,-2280.9
2020-06-01 23:00:00,-0.31031543688218677,5.940171252720432,0.019438552488483474,-2180.1
2020-06-02 00:00:00,0.05901596135747189,6.07073772800249,-0.007688533023660682,-1935.3
2020-06-02 01:00:00,0.050667798260608965,6.1224928095143865,-0.006733965270758091,-1605.5
2020-06-02 02:00:00,0.015338414605782447,6.12029741895095,-0.0020139124199420877,-1437.2
2020-06-02 03:00:00,0.015756241919257175,6.066108090103747,-0.006355428972936394,-1407.3
2020-06-02 04:00:00,0.03631084485609448,5.983936280687191,-0.012076605719414601,-1417.8
2020-06-02 05:00:00,0.30148968877704574,5.755742213586912,-0.01506058881907002,-2521.5
2020-06-02 06:00:00,-0.1861294147430006,5.220355825078324,-0.03300054680904818,-2120.3
2020-06-02 07:00:00,-0.21921864458442464,4.553876891600541,-0.04625886055446937,-2070.3
2020-06-02 08:00:00,1.2304390969793335,4.23410650459726,-0.055365000501870654,-1915.5
2020-06-02 09:00:00,0.8134350911429147,4.189654742026425,-0.06434998302644512,-1891.8
2020-06-02 10:00:00,0.8808128952372787,4.2626798770413155,-0.05906447895959932,-1903.3
2020-06-02 11:00:00,0.3496869265072009,4.477336814478207,-0.07147204109453398,-1930.6
2020-06-02 12:00:00,0.3454211420184907,4.727387818712341,-0.06871644689899004,-1961.9
2020-06-02 13:00:00,0.29090610608466205,4.962844630259907,-0.06587970669713528,-1985.3
2020-06-02 14:00:00,0.12381267627109649,5.147494476813453,-0.0628781230038582,-1978.4
2020-06-02 15:00:00,0.02722630864439779,5.19295685089021,-0.05094132213777325,-1962.3
2020-06-02 16:00:00,-0.5190143817980766,5.153291594497779,-0.04239001684928212,-2245.2
2020-06-02 17:00:00,-0.6689279384119327,5.1298987149230735,-0.042394838463814644,-2234.5
2020-06-02 18:00:00,-0.6784911597664458,5.14166355650266,-0.03749607791519871,-2263.6
2020-06-02 19:00:00,-0.528666427998616,5.075173815233827,-0.037024419557549315,-2334.3
2020-06-02 20:00:00,-0.4318175789466068,4.969813299576001,-0.0376395028397134,-2322.4
2020-06-02 21:00:00,-0.5035816938321331,5.0238805208462765,-0.03683739516726181,-2321.2
2020-06-02 22:00:00,-0.18375899117656136,5.1298987149230735,-0.02636065586821612,-2446.6
2020-06-02 23:00:00,-0.12292232986380602,5.25227342804663,-0.025229776446148655,-2465.0
2020-06-03 00:00:00,0.6775061729286174,5.075173815233827,-0.0459711174592039,-1824.5
2020-06-03 01:00:00,0.8864878238018141,5.225746673713202,-0.04509972456380762,-1543.3
2020-06-03 02:00:00,0.8982269268644476,5.236441962829949,-0.038377880413886345,-1522.9
2020-06-03 03:00:00,0.935203404425891,5.10594547390058,-0.04255190863615432,-1540.1
2020-06-03 04:00:00,0.9032416164130224,4.969813299576001,-0.04027495775608081,-1571.3
2020-06-03 05:00:00,0.695572852426873,4.74493212836325,-0.03868125812419976,-2172.2
2020-06-03 06:00:00,0.08267786213939843,4.605170185988092,-0.029123326388986293,-1884.9
2020-06-03 07:00:00,0.08344863593774576,4.499809670330265,-0.024401439737049557,-1936.3
2020-06-03 08:00:00,-0.003917081017420276,4.418840607796598,-0.024384794310197577,-1923.5
2020-06-03 09:00:00,-0.0027814488090291967,4.442651256490317,-0.023164177191756785,-1881.6
2020-06-03 10:00:00,-0.06830746093966811,4.564348191467836,-0.022259047869449766,-1805.7
2020-06-03 11:00:00,0.11974088043282327,4.624972813284271,-0.027844747879414378,-1712.1
2020-06-03 12:00:00,0.01946577247634851,4.718498871295094,-0.020077169829908925,-1688.7
2020-06-03 13:00:00,0.027823224541723146,4.875197323201151,-0.018858781947676206,-1669.4
2020-06-03 14:00:00,0.005119060410716525,5.1298987149230735,-0.00709575503498705,-1660.0
2020-06-03 15:00:00,-0.13160802956018003,5.318119993844216,-0.011341384295231016,-1653.0
2020-06-03 16:00:00,-0.15881397285943022,5.438079308923196,-0.007877959110142108,-1628.0
2020-06-03 17:00:00,-0.2040106695122037,5.529429087511423,-0.0032866811650329453,-1592.0
2020-06-03 18:00:00,-0.2174344382559541,5.6131281063880705,-0.003880843521857358,-1586.9
2020-06-03 19:00:00,-0.174537054263864,5.641907070938114,0.00047359441468852737,-1630.5
2020-06-03 20:00:00,-0.16803226073641664,5.5909869805108565,-0.011409521547433243,-1612.5
2020-06-03 21:00:00,0.15731853383014416,5.424950017481403,-0.010003554721839336,-1889.5
2020-06-03 22:00:00,0.1920909052251778,5.236441962829949,-0.006998699024420851,-1953.8
2020-06-03 23:00:00,0.26241611710623625,5.159055299214529,-0.009258169631872093,-1866.8
2020-06-04 00:00:00,0.7271209088767141,4.787491742782046,-0.009848255241512227,-2266.9
2020-06-04 01:00:00,0.8117193704971544,4.74493212836325,-0.009127539406268426,-2209.1
2020-06-04 02:00:00,0.8596024848151997,4.624972813284271,-0.00048477589392703635,-2144.7
2020-06-04 03:00:00,0.8600596599417929,4.59511985013459,0.0005002683555099807,-2130.4
2020-06-04 04:00:00,0.8724970907158154,4.477336814478207,-0.0006375219627887674,-2184.4
2020-06-04 05:00:00,0.7644938718874936,4.248495242049359,0.010715971104271915,-2284.0
2020-06-04 06:00:00,0.12802577703494222,3.912023005428146,0.017948388608816757,-1940.3
2020-06-04 07:00:00,0.39254620928293704,3.6375861597263857,0.019662396075690758,-2149.7
2020-06-04 08:00:00,0.22131635296578178,3.6375861597263857,0.01980333211535079,-2106.4
2020-06-04 09:00:00,0.16813748911379411,3.828641396489095,0.018694931226090894,-2056.9
2020-06-04 10:00:00,0.06888574376023149,4.0943445622221,0.016906944028332482,-2007.6
2020-06-04 11:00:00,0.09836573759037437,4.382026634673881,0.008049159503571879,-1994.9
2020-06-04 12:00:00,0.20454127885764617,4.663439094112067,0.008172934878830418,-1921.7
2020-06-04 13:00:00,0.10951024774473117,4.875197323201151,0.0007972652503243083,-1894.5
2020-06-04 14:00:00,0.226484700467255,4.976733742420574,0.013464504987555692,-1946.8
2020-06-04 15:00:00,0.17989362740154036,4.990432586778736,0.007967568906463995,-1940.1
2020-06-04 16:00:00,0.15148942699823786,4.976733742420574,0.013851159293293058,-1928.5
2020-06-04 17:00:00,0.09882994669931522,4.955827057601261,0.02050725768849837,-1974.3
2020-06-04 18:00:00,0.4182033067668973,4.969813299576001,0.02037435240205987,-1885.8
2020-06-04 19:00:00,0.5111304865358397,4.941642422609304,0.016695596250213995,-1929.4
2020-06-04 20:00:00,0.49760471645927895,4.897839799950911,0.0131297698673567,-1907.7
2020-06-04 21:00:00,0.4390794346274993,5.0238805208462765,0.018417930352188527,-1880.1
2020-06-04 22:00:00,0.33482159471051,5.204006687076795,0.02467305363054706,-1826.8
2020-06-04 23:00:00,0.19140091984855978,5.332718793265369,0.023501849164186517,-1542.8
2020-06-05 00:00:00,0.20253279166271154,5.793013608384144,0.03156639860061716,-1261.9
2020-06-05 01:00:00,-0.0011195851719920658,5.966146739123692,0.02023902238708697,-1251.9
2020-06-05 02:00:00,-0.026214544158135844,6.061456918928017,0.014841986081042258,-1313.2
2020-06-05 03:00:00,-0.1265013709434044,6.016157159698354,0.01764897342355365,-1305.5
2020-06-05 04:00:00,-0.13025622852329088,5.934894195619588,0.010521750779731498,-1281.9
2020-06-05 05:00:00,0.23822920001049175,5.820082930352362,-0.01812304940642573,-1538.0
2020-06-05 06:00:00,0.30219915209802606,5.6937321388027,0.018102151830914792,-1907.6
2020-06-05 07:00:00,0.33124581259835306,5.641907070938114,0.03995600643663977,-2004.3
2020-06-05 08:00:00,0.3008079818884011,5.783825182329737,0.060559826269276584,-2014.4
2020-06-05 09:00:00,0.16492491882763716,6.040254711277414,0.07183848328637232,-1970.8
2020-06-05 10:00:00,0.1376865677767909,6.246106765481563,0.06118950389514044,-1902.3
2020-06-05 11:00:00,0.03256909068774627,6.3784261836515865,0.06371913832532172,-1832.2
2020-06-05 12:00:00,0.07713968256648362,6.431331081933479,0.05810877220828381,-1861.7
2020-06-05 13:00:00,0.04698173791845184,6.459904454377535,0.04811400266312127,-1750.8
2020-06-05 14:00:00,0.0528505605537104,6.415096959171596,0.0577387323920755,-1724.8
2020-06-05 15:00:00,0.09664521983172181,6.326149473155099,0.05373260095557608,-1748.1
2020-06-05 16:00:00,0.10942957626522709,6.282266746896006,0.05639367106743176,-1728.1
2020-06-05 17:00:00,0.05614380329038404,6.192362489474872,0.046917898777589784,-1712.6
2020-06-05 18:00:00,0.08787097994644544,6.077642243349034,0.03623588327280469,-1800.8
2020-06-05 19:00:00,0.18109446761239978,5.945420608606575,0.043463847600526684,-1850.5
2020-06-05 20:00:00,0.21348137083210572,5.805134968916488,0.02725177914470045,-1878.0
2020-06-05 21:00:00,0.28558819658685186,5.627621113690637,0.016179938118156656,-1882.7
2020-06-05 22:00:00,0.3041148734570358,5.438079308923196,0.012684013555586127,-1868.3
2020-06-05 23:00:00,0.48835756320275925,5.293304824724492,0.013754653562702224,-1896.7
2020-06-06 00:00:00,0.2607880807087839,5.159055299214529,0.030132239904072655,-1423.4
2020-06-06 01:00:00,-0.6261544812603255,5.0238805208462765,0.017583579836692564,-622.5
2020-06-06 02:00:00,-0.5662470798719654,4.787491742782046,0.0032480358268820453,-559.8
2020-06-06 03:00:00,-0.528881013271717,4.584967478670572,-0.004652132560738487,-543.2
2020-06-06 04:00:00,-0.4972241717028052,4.394449154672439,0.018162892180814794,-521.9
2020-06-06 05:00:00,-0.6989793553003667,4.204692619390966,0.05468446104634683,-507.4
2020-06-06 06:00:00,-0.8260264174369505,4.1588830833596715,0.059490514859979804,-512.1
2020-06-06 07:00:00,-0.6185122847019533,4.2626798770413155,0.05388793729839669,-696.1
2020-06-06 08:00:00,-0.2673018488998853,4.477336814478207,0.056531304784841474,-979.4
2020-06-06 09:00:00,-0.3303959379781394,4.624972813284271,0.05150452953476847,-919.0
2020-06-06 10:00:00,-0.4849673520172415,4.709530201312334,0.053217102276272854,-743.1
2020-06-06 11:00:00,-0.5856182312072746,4.77912349311153,0.052261317590001966,-746.2
2020-06-06 12:00:00,-0.7036249425609093,4.90527477843843,0.03686663903077214,-736.5
2020-06-06 13:00:00,-0.8515658063755625,5.062595033026967,0.0284956576277553,-638.6
2020-06-06 14:00:00,-0.8835581297216037,5.236441962829949,0.0289672924181108,-625.6
2020-06-06 15:00:00,-0.7748573266767429,5.43372200355424,0.023776402560944376,-747.9
2020-06-06 16:00:00,-0.8030702535095806,5.659482215759621,0.03814837731202214,-805.5
2020-06-06 17:00:00,-0.27716717014098013,5.808142489980444,0.02428994136391527,-1080.9
2020-06-06 18:00:00,0.006622807317426815,5.786897381366708,0.03308049520885881,-1564.0
2020-06-06 19:00:00,0.07390104180437351,5.730099782973574,0.053084910620543546,-1620.5
2020-06-06 20:00:00,-0.027135866448838808,5.8805329864007,0.053229522605462876,-1456.8
2020-06-06 21:00:00,-0.009575709918389741,5.945420608606575,0.04138040332701376,-1453.0
2020-06-06 22:00:00,-0.19264276928639346,5.929589143389895,0.026319386399148215,-1168.4
2020-06-06 23:00:00,-0.32188107303234936,5.87493073085203,0.029649703056096932,-1113.4
2020-06-07 00:00:00,-0.28326469690145495,6.118097198041348,-0.009299257526796723,-1134.1
2020-06-07 01:00:00,-0.3823187793291405,6.274762021241939,-0.0016294193144918978,-888.9
2020-06-07 02:00:00,-0.5091050188482411,6.156978985585555,-0.012113299873790062,-635.2
2020-06-07 03:00:00,-0.5053146816814316,6.1224928095143865,-0.0015066782530057665,-616.4
2020-06-07 04:00:00,-0.4799327491729486,6.068425588244111,0.008528768935402553,-537.6
2020-06-07 05:00:00,-0.6603030799834955,5.948034989180646,0.024853381477051073,-483.9
2020-06-07 06:00:00,-0.7585554946828226,5.805134968916488,0.027148209336059992,-453.7
2020-06-07 07:00:00,-0.8861187410739795,5.783825182329737,0.030355178146574957,-678.6
2020-06-07 08:00:00,-0.8993990601515038,5.905361848054571,0.022042852385964373,-761.8
2020-06-07 09:00:00,-0.7762337041727274,6.095824562432225,0.043639344239959854,-997.9
2020-06-07 10:00:00,-0.7195323485067502,6.261491684321042,0.04797593456406535,-1108.1
2020-06-07 11:00:00,-0.6900288346206869,6.403574197934815,0.046617635024484905,-1207.0
2020-06-07 12:00:00,-0.6589543106949056,6.61338421837956,0.049376667357735826,-1334.0
2020-06-07 13:00:00,-0.6637345760642879,6.727431724850855,0.050792504391441895,-1345.7
2020-06-07 14:00:00,-0.6094872650316101,6.78332520060396,0.042933654685541,-1419.2
2020-06-07 15:00:00,-0.5029279372848359,6.822197390620491,0.0471836199528779,-1571.8
2020-06-07 16:00:00,-0.46547357212936014,6.838405200847344,0.043832134728527095,-1603.6
2020-06-07 17:00:00,-0.4654858733694136,6.851184927493743,0.04653119301477826,-1624.1
2020-06-07 18:00:00,-0.41514964989924774,6.844815479208263,0.04119029678828401,-1671.8
2020-06-07 19:00:00,-0.3128823596773165,6.823286122355687,0.058132519397227966,-1828.8
2020-06-07 20:00:00,-0.19356618843401474,6.779921907472252,0.05401460033554972,-1949.6
2020-06-07 21:00:00,-0.07374985285922842,6.706862336602747,0.051665496726556626,-2016.5
2020-06-07 22:00:00,-0.027598794838100904,6.595780513961311,0.0407612545338365,-2013.5
2020-06-07 23:00:00,0.05002709994573795,6.48768401848461,0.03524943473837183,-1882.7
2020-06-08 00:00:00,-0.23530967335341701,6.598509028614515,0.0365721981226379,-1405.5
2020-06-08 01:00:00,-0.24224470126934317,6.519147287940395,0.05312480359041594,-1290.2
2020-06-08 02:00:00,-0.1694645733035307,6.456769655572163,0.05844249157869719,-1269.9
2020-06-08 03:00:00,-0.05604194944290697,6.3578422665081,0.045521598301507815,-1252.0
2020-06-08 04:00:00,0.06959124795368798,6.19644412779452,0.041546708946956556,-1215.6
2020-06-08 05:00:00,0.026848279101348016,5.937536205082426,0.04791440138583436,-1619.0
2020-06-08 06:00:00,0.1562317621950462,5.703782474656201,0.06319294122091712,-1998.8
2020-06-08 07:00:00,0.26372145933467017,5.560681631015528,0.05540321383813396,-2075.5
2020-06-08 08:00:00,0.21972352861673716,5.605802066295998,0.05693767065215649,-2136.2
2020-06-08 09:00:00,0.2159713940818584,5.814130531825066,0.06055310663156099,-2155.2
2020-06-08 10:00:00,0.29118735807114593,5.993961427306569,0.05695482628543225,-2206.0
2020-06-08 11:00:00,0.3198911446047519,6.077642243349034,0.0686269133942563,-2212.5
2020-06-08 12:00:00,0.45580082559200497,6.07073772800249,0.0636303152873321,-2343.8
2020-06-08 13:00:00,0.4462084008539198,6.063785208687608,0.0511626840937609,-2360.6
2020-06-08 14:00:00,0.40028954312446663,6.040254711277414,0.052620801768805237,-2300.5
2020-06-08 15:00:00,0.4414205395596813,5.993961427306569,0.04870324137993176,-2305.2
2020-06-08 16:00:00,0.47304931057831867,5.953243334287785,0.059256414207843555,-2327.2
2020-06-08 17:00:00,0.38910298202732463,5.902633333401366,0.05605321851731304,-2328.2
2020-06-08 18:00:00,0.2577588298752036,5.860786223465865,0.05202721481137029,-2178.4
2020-06-08 19:00:00,0.25219004632370945,5.75890177387728,0.05437374191354749,-2148.5
2020-06-08 20:00:00,0.2981385941402146,5.771441123130016,0.04615396820402573,-2128.8
2020-06-08 21:00:00,0.333088982682447,5.869296913133774,0.037370362291998305,-2136.0
2020-06-08 22:00:00,0.14124848520944466,5.993961427306569,0.041926981503068284,-2049.2
2020-06-08 23:00:00,0.24192629060052084,6.066108090103747,0.05985912865853038,-1941.9
2020-06-09 00:00:00,-0.16779835505553464,6.0014148779611505,0.045564789312970255,-1507.6
2020-06-09 01:00:00,-0.24374830637251632,6.091309882077698,0.048347326310781646,-1397.1
2020-06-09 02:00:00,-0.24793397766742187,6.111467339502679,0.0575483487314008,-1380.5
2020-06-09 03:00:00,-0.289299798468577,6.003887067106539,0.054768177064565826,-1327.2
2020-06-09 04:00:00,-0.22691093002552565,5.793013608384144,0.05715924961030705,-1289.6
2020-06-09 05:00:00,-0.04845877240073593,5.4680601411351315,0.06552752383117166,-1771.5
2020-06-09 06:00:00,0.10663138878779632,5.0369526024136295,0.05587545872754518,-2181.5
2020-06-09 07:00:00,0.0922415076370866,4.6913478822291435,0.06094978304146981,-2224.8
2020-06-09 08:00:00,0.089781729535372,4.406719247264253,0.0542074118734055,-2205.9
2020-06-09 09:00:00,0.30387953921598143,4.02535169073515,0.04824325159034171,-2204.5
2020-06-09 10:00:00,0.31836473346954186,3.6109179126442243,0.04316951806061198,-2188.8
2020-06-09 11:00:00,0.42427097579440876,3.295836866004329,0.03859745769406775,-2189.2
2020-06-09 12:00:00,0.4095683502964409,3.258096538021482,0.04022072677426092,-2179.1
2020-06-09 13:00:00,0.3474308464986793,3.295836866004329,0.05056667404245374,-2161.0
2020-06-09 14:00:00,0.4054461689756881,3.4011973816621555,0.042919933680419575,-2174.2
2020-06-09 15:00:00,0.49565637344270286,3.4965075614664802,0.04604183940793494,-2168.8
2020-06-09 16:00:00,0.31815530145395954,3.58351893845611,0.04372874203234289,-2135.6
2020-06-09 17:00:00,0.21581071423624376,3.6109179126442243,0.05136013107370374,-2129.7
2020-06-09 18:00:00,0.2372094275051584,3.6888794541139363,0.05487724221581658,-2154.7
2020-06-09 19:00:00,0.24424771226675945,3.8918202981106265,0.05160203180737888,-2184.6
2020-06-09 20:00:00,0.37883825120681225,4.143134726391533,0.04517363854133993,-2194.7
2020-06-09 21:00:00,0.3373110205578098,4.418840607796598,0.04685355818506576,-2203.1
2020-06-09 22:00:00,0.30237914293675505,4.6913478822291435,0.05089362197487102,-2203.5
2020-06-09 23:00:00,0.02368114432806978,4.820281565605037,0.042516212086239236,-1698.1
2020-06-10 00:00:00,-0.25610359440274877,4.941642422609304,0.05091688302633823,-855.2
2020-06-10 01:00:00,-0.19066814739789884,4.859812404361672,0.05875021678865178,-754.5
2020-06-10 02:00:00,-0.13371477235638163,4.700480365792417,0.07086467630980309,-696.6
2020-06-10 03:00:00,-0.15912622245021768,4.532599493153256,0.06973776860412073,-673.9
2020-06-10 04:00:00,-0.11588152119684847,4.276666119016055,0.06797083870911536,-719.4
2020-06-10 05:00:00,0.03103620590819345,3.871201010907891,0.06619311265288008,-1137.1
2020-06-10 06:00:00,0.4969758352460718,3.332204510175204,0.04106197332093853,-1813.3
2020-06-10 07:00:00,0.3997968568621335,2.772588722239781,0.03553385101652573,-1893.4
2020-06-10 08:00:00,0.32572919053339255,2.4849066497880004,0.024805449880574315,-1878.8
2020-06-10 09:00:00,0.3741576786477774,2.5649493574615367,0.02069802956961464,-1877.8
2020-06-10 10:00:00,0.42482919912846384,2.6390573296152584,0.022463852124528394,-1869.8
2020-06-10 11:00:00,0.508602510867457,2.833213344056216,0.022396468557332128,-1868.6
2020-06-10 12:00:00,0.5169986906204076,3.044522437723423,0.022439355070405398,-1870.3
2020-06-10 13:00:00,0.5389520623791699,3.2188758248682006,0.029881829435639773,-1874.0
2020-06-10 14:00:00,0.555628682026716,3.4965075614664802,0.026461028493855565,-1909.5
2020-06-10 15:00:00,0.54429332623363,3.6635616461296463,0.01936727232393487,-1899.3
2020-06-10 16:00:00,0.5592186099579575,3.9318256327243257,0.015604487943269518,-1883.8
2020-06-10 17:00:00,0.4782399198235283,4.07753744390572,0.020005511070428916,-1857.9
2020-06-10 18:00:00,0.49010862258772336,4.110873864173311,0.025698059424217767,-1885.0
2020-06-10 19:00:00,0.3887842206535006,4.204692619390966,0.03228746265988569,-1793.0
2020-06-10 20:00:00,0.12064533195686566,4.499809670330265,0.024084809865034806,-1546.7
2020-06-10 21:00:00,-0.057441516587731556,4.836281906951478,0.031076471021625807,-1354.2
2020-06-10 22:00:00,-0.38479646921890565,5.262690188904886,0.03952131661047176,-1001.2
2020-06-10 23:00:00,-0.6061907086982992,5.583496308781699,0.040023918791145974,-746.1
2020-06-11 00:00:00,-0.9328692827202172,5.717027701406222,0.027626855925034555,-796.6
2020-06-11 01:00:00,-0.7800636066982254,5.60947179518496,0.03585045587680913,-744.4
2020-06-11 02:00:00,-0.7403266396498733,5.556828061699537,0.04887894722440933,-730.9
2020-06-11 03:00:00,-0.741754327381648,5.594711379601839,0.04300962015209375,-701.4
2020-06-11 04:00:00,-0.7845247131238355,5.676753802268282,0.03830545198581792,-687.3
2020-06-11 05:00:00,-1.0231418801566994,5.627621113690637,0.03577422983763512,-637.5
2020-06-11 06:00:00,-0.603898475006718,5.3230099791384085,0.008338063709028454,-1102.9
2020-06-11 07:00:00,-0.283862056479955,5.153291594497779,0.0032685863000141424,-1505.1
2020-06-11 08:00:00,-0.23785293411424346,5.0238805208462765,-0.008624978241877912,-1873.4
2020-06-11 09:00:00,-0.25400459871296155,4.983606621708336,-0.01568661497315471,-1728.4
2020-06-11 10:00:00,-0.2211498247178585,4.976733742420574,-0.015451794278838804,-1614.6
2020-06-11 11:00:00,-0.22841906087514907,4.955827057601261,-0.01651707078015452,-1427.7
2020-06-11 12:00:00,-0.358095152421698,4.919980925828125,-0.014140364085160506,-1307.7
2020-06-11 13:00:00,-0.5343078303411717,4.8283137373023015,-0.018502470408402694,-1178.2
2020-06-11 14:00:00,-0.49627822345712924,4.8283137373023015,-0.014102324845099545,-1173.1
2020-06-11 15:00:00,-0.49395080090387644,4.812184355372417,-0.013582777655079425,-1180.5
2020-06-11 16:00:00,-0.5068649128658991,4.844187086458591,-0.02303826939242093,-1097.8
2020-06-11 17:00:00,-0.5591184968947371,4.897839799950911,-0.018115428934451394,-1009.5
2020-06-11 18:00:00,-0.5819000788576956,4.948759890378168,-0.011374345912519956,-1032.1
2020-06-11 19:00:00,-0.5787120786590014,4.955827057601261,-0.013188131870474074,-999.3
2020-06-11 20:00:00,-0.6849768978853392,5.0369526024136295,-0.0130634510095744,-823.7
2020-06-11 21:00:00,-0.8561159525704447,5.075173815233827,-0.004789862292827962,-663.2
2020-06-11 22:00:00,-1.0181472388540203,5.170483995038151,0.010641522826289496,-672.4
2020-06-11 23:00:00,-1.0675925983974441,5.214935757608986,0.01123175657237141,-606.4
2020-06-12 00:00:00,-1.1065030863200476,5.327876168789581,-0.0017891951002662054,-728.4
2020-06-12 01:00:00,-0.9843777924991216,5.2574953720277815,-0.010496257430324896,-708.1
2020-06-12 02:00:00,-0.9465786014199268,5.075173815233827,-0.008968662612677036,-671.7
2020-06-12 03:00:00,-0.9498028789622801,4.941642422609304,-0.008511852615118443,-655.2
2020-06-12 04:00:00,-0.9617504237373692,4.852030263919617,-0.004908822446914485,-619.0
2020-06-12 05:00:00,-0.998019631720463,4.499809670330265,-0.026402221475446908,-579.0
2020-06-12 06:00:00,-0.9222763145544273,3.8066624897703196,-0.008566095251246963,-707.2
2020-06-12 07:00:00,-0.7315865486363395,3.4011973816621555,-0.028125128128437815,-1072.7
2020-06-12 08:00:00,-0.7595897642058764,3.367295829986474,-0.0041052050841630106,-1245.6
2020-06-12 09:00:00,-0.7730049881499987,3.5553480614894135,-0.02477487086229857,-1216.5
2020-06-12 10:00:00,-0.74327668889475,3.7612001156935624,-0.031969433438995054,-1106.5
2020-06-12 11:00:00,-0.7262029772219909,3.912023005428146,-0.01765842094605219,-1015.5
2020-06-12 12:00:00,-0.750909066671579,3.8918202981106265,-0.032863005997443295,-907.7
2020-06-12 13:00:00,-0.7997546401406936,3.8501476017100584,-0.04161870331138484,-780.9
2020-06-12 14:00:00,-0.8507011455430149,3.8066624897703196,-0.038624633396907804,-639.0
2020-06-12 15:00:00,-0.8265183913301954,3.8501476017100584,-0.025826196715775573,-638.8
2020-06-12 16:00:00,-0.8081451275379441,4.007333185232471,-0.022355375364885077,-644.2
2020-06-12 17:00:00,-0.8669904112374454,4.1588830833596715,-0.04595859766443766,-676.7
2020-06-12 18:00:00,-0.899037319141663,4.248495242049359,-0.04628514041519871,-684.9
2020-06-12 19:00:00,-0.8688407726603933,4.174387269895637,-0.02710484256363621,-672.4
2020-06-12 20:00:00,-0.9579478857613588,4.343805421853684,-0.0335021167976981,-711.1
2020-06-12 21:00:00,-0.9866364640013161,4.624972813284271,-0.039359647150845056,-702.8
2020-06-12 22:00:00,-1.1446292605608706,4.9344739331306915,-0.03048815830962237,-759.3
2020-06-12 23:00:00,-1.0150163513074293,5.159055299214529,-0.011077322138479673,-714.0
2020-06-13 00:00:00,-0.9244947212973049,5.4638318050256105,-0.023687490387086285,-740.4
2020-06-13 01:00:00,-0.8098917595799122,5.572154032177765,-0.015532781298436937,-730.0
2020-06-13 02:00:00,-0.7685066832737075,5.594711379601839,-0.02799140790408927,-730.3
2020-06-13 03:00:00,-0.7568255923984091,5.564520407322694,-0.026369262766642976,-714.0
2020-06-13 04:00:00,-0.7319350002025822,5.579729825986222,-0.012911245755811152,-705.4
2020-06-13 05:00:00,-0.8779009573435093,5.521460917862246,-0.0011384351595289388,-661.3
2020-06-13 06:00:00,-0.9379552131780833,5.204006687076795,-0.008658263074338812,-599.6
2020-06-13 07:00:00,-1.0573184695452456,4.770684624465665,-0.021781362665823423,-611.7
2020-06-13 08:00:00,-1.0363923989558828,4.663439094112067,-0.03584766499879066,-718.8
2020-06-13 09:00:00,-0.9084567514121409,4.820281565605037,-0.0513736728533134,-797.5
2020-06-13 10:00:00,-0.9280136192419273,5.003946305945459,-0.05540858140225158,-954.0
2020-06-13 11:00:00,-0.9118724298117358,5.1647859739235145,-0.06148926115076758,-978.9
2020-06-13 12:00:00,-0.9565339549395555,5.2574953720277815,-0.06477642171265785,-944.6
2020-06-13 13:00:00,-0.9390705479677104,5.356586274672012,-0.06688705778162696,-923.4
2020-06-13 14:00:00,-0.9256328864254861,5.497168225293202,-0.06074442967192706,-822.9
2020-06-13 15:00:00,-0.9975954614220257,5.652489180268651,-0.06760921856531699,-860.1
2020-06-13 16:00:00,-1.014245220569275,5.780743515792329,-0.0646201759531424,-914.4
2020-06-13 17:00:00,-1.0192903890056562,5.8377304471659395,-0.07692717976713404,-1050.0
2020-06-13 18:00:00,-0.9960219947133953,5.831882477283517,-0.06014885866200359,-1072.1
2020-06-13 19:00:00,-1.0804645058876756,5.831882477283517,-0.05029912620905286,-1075.3
2020-06-13 20:00:00,-1.1183970316080756,5.937536205082426,-0.059037900762827,-1013.3
2020-06-13 21:00:00,-1.0858433967718333,6.0867747269123065,-0.048955348936410736,-1047.4
2020-06-13 22:00:00,-1.1262212541249685,6.220590170099739,-0.05297406965903928,-1063.7
2020-06-13 23:00:00,-1.0077309460865205,6.336825731146441,-0.06210634623607447,-992.4
2020-06-14 00:00:00,-0.8921515338436603,6.406879986069314,-0.023636420673203595,-894.6
2020-06-14 01:00:00,-0.8072019732944065,6.46302945692067,-0.02450820169942336,-903.3
2020-06-14 02:00:00,-0.7838580201011647,6.507277712385012,-0.04247385884307864,-911.8
2020-06-14 03:00:00,-0.8836288007236451,6.489204931325317,-0.04197817330793985,-889.0
2020-06-14 04:00:00,-0.8654125649008562,6.448889394146858,-0.045472079919225195,-868.5
2020-06-14 05:00:00,-0.8975203585093672,6.345636360828596,-0.025577472149841185,-813.0
2020-06-14 06:00:00,-0.861209648742906,6.040254711277414,-0.03504191482813912,-673.2
2020-06-14 07:00:00,-0.8772560538161343,5.429345628954441,-0.04069416800327463,-462.4
2020-06-14 08:00:00,-0.5409399944192699,5.0369526024136295,-0.07792681463698514,-690.2
2020-06-14 09:00:00,-0.45502893968230285,5.099866427824199,-0.055085750664433775,-809.1
2020-06-14 10:00:00,-0.4177985225993188,5.332718793265369,-0.036641113995590224,-895.4
2020-06-14 11:00:00,-0.39968506243404556,5.5134287461649825,-0.0576097360361727,-915.1
2020-06-14 12:00:00,-0.42099567359555534,5.575949103146316,-0.06638412291788054,-913.5
2020-06-14 13:00:00,-0.43308049684581507,5.594711379601839,-0.07672081590751834,-875.0
2020-06-14 14:00:00,-0.3618669672908461,5.602118820879701,-0.06105605883850629,-874.6
2020-06-14 15:00:00,-0.2995391102225582,5.60947179518496,-0.04812655985144687,-884.5
2020-06-14 16:00:00,-0.34505335064595344,5.6240175061873385,-0.05432762974371652,-931.3
2020-06-14 17:00:00,-0.423126599530272,5.666426688112432,-0.05482130124550899,-1021.3
2020-06-14 18:00:00,-0.3893232503393491,5.683579767338681,-0.05036296130008644,-1075.2
2020-06-14 19:00:00,-0.10764654336048629,5.641907070938114,-0.036875591230959515,-1344.8
2020-06-14 20:00:00,-0.44930164074968815,5.755742213586912,-0.03613649665874785,-1125.0
2020-06-14 21:00:00,-0.4754383176870576,5.978885764901122,-0.03984532542430319,-1145.8
2020-06-14 22:00:00,-0.5422833955031352,6.173786103901937,-0.04382752327685502,-1092.3
2020-06-14 23:00:00,-0.5352823651759187,6.280395838960195,-0.045346523295057395,-905.6
2020-06-15 00:00:00,-0.47379166156443886,5.857933154483459,-0.08221133786732882,-602.5
2020-06-15 01:00:00,-0.5936425881072318,5.926926025970411,-0.07522523029210859,-567.5
2020-06-15 02:00:00,-0.5517463459560379,5.966146739123692,-0.07379104233022549,-567.9
2020-06-15 03:00:00,-0.48321333613293427,6.0112671744041615,-0.06692886004294873,-581.8
2020-06-15 04:00:00,-0.5328593711354452,5.953243334287785,-0.0643271537447303,-603.9
2020-06-15 05:00:00,0.13956801280118514,5.752572638825633,-0.07865714030362891,-774.1
2020-06-15 06:00:00,0.15859303838072591,5.420534999272286,-0.054082609014780125,-2041.7
2020-06-15 07:00:00,0.22471590534022923,5.0369526024136295,-0.03756823950553212,-1972.1
2020-06-15 08:00:00,0.10208132811304083,4.74493212836325,-0.03172165328225862,-1881.4
2020-06-15 09:00:00,0.1271717664710459,4.6443908991413725,-0.03428593064343577,-1847.3
2020-06-15 10:00:00,-0.028925765224994127,4.532599493153256,-0.03091617424204607,-1818.8
2020-06-15 11:00:00,0.02487140908692753,4.442651256490317,-0.02001375692840135,-1791.0
2020-06-15 12:00:00,0.02437399447408284,4.532599493153256,-0.011490315180775923,-1756.4
2020-06-15 13:00:00,0.024613910815872053,4.68213122712422,-0.03077755735596721,-1709.9
2020-06-15 14:00:00,0.03685093407408102,4.718498871295094,-0.04046962129720644,-1698.2
2020-06-15 15:00:00,0.057830871110764015,4.709530201312334,-0.04379536063548706,-1709.3
2020-06-15 16:00:00,0.054687878859440264,4.90527477843843,-0.034232009495540616,-1670.2
2020-06-15 17:00:00,-0.04023737843114761,5.081404364984463,-0.036475051487728116,-1671.7
2020-06-15 18:00:00,-0.05574030811864761,5.0689042022202315,-0.038620046110962925,-1701.0
2020-06-15 19:00:00,-0.07295864396824925,5.262690188904886,-0.030870537956062094,-1774.6
2020-06-15 20:00:00,-0.03347322155583132,5.3981627015177525,-0.04295681168348153,-1786.9
2020-06-15 21:00:00,0.019908333462070438,5.5254529391317835,-0.048151811146163404,-1815.4
2020-06-15 22:00:00,0.07384287220411778,5.7899601708972535,-0.03934714509641779,-1871.3
2020-06-15 23:00:00,0.11588556970515596,5.966146739123692,-0.052185584719457445,-1154.5
2020-06-16 00:00:00,-0.026868654949566917,5.605802066295998,-0.031757083544181164,-846.2
2020-06-16 01:00:00,-0.12176987948603002,5.60947179518496,-0.02007558220833161,-740.1
2020-06-16 02:00:00,-0.15405646286459285,5.5053315359323625,-0.014120597822962822,-658.0
2020-06-16 03:00:00,-0.283133283552913,5.356586274672012,-0.016099720447614096,-597.9
2020-06-16 04:00:00,-0.3021633944357913,5.1298987149230735,-0.012076605719414601,-561.3
2020-06-16 05:00:00,-0.11665387759088963,4.812184355372417,-0.007993421595977601,-683.6
2020-06-16 06:00:00,0.282473029635566,4.477336814478207,-0.01634274908425315,-1829.7
2020-06-16 07:00:00,0.2897312859042125,4.1588830833596715,-0.010979948118791327,-2179.5
2020-06-16 08:00:00,0.08924481677079577,3.828641396489095,-0.011948970804568582,-2064.9
2020-06-16 09:00:00,0.13863704925116593,3.6109179126442243,-0.013652749237971662,-2063.2
2020-06-16 10:00:00,0.22237635764057861,3.4657359027997265,-0.007663547738619769,-2027.4
2020-06-16 11:00:00,0.24773938344561452,3.4011973816621555,-0.010782851077915545,-1953.1
2020-06-16 12:00:00,0.2582674871599435,3.367295829986474,-0.011739012156449569,-1912.1
2020-06-16 13:00:00,0.29375267789009163,3.332204510175204,-0.009571684696079608,-1914.4
2020-06-16 14:00:00,0.32366855455193466,3.295836866004329,-0.023194631912617503,-1905.4
2020-06-16 15:00:00,0.32546566390205545,3.332204510175204,-0.023161758030696866,-1850.1
2020-06-16 16:00:00,0.3412400791587493,3.4965075614664802,-0.02751195282310359,-1846.1
2020-06-16 17:00:00,0.2019341718114238,3.6888794541139363,-0.027548330346819583,-1793.3
2020-06-16 18:00:00,0.30785382703058284,3.8918202981106265,-0.020438095010621993,-1981.5
2020-06-16 19:00:00,0.21854797383160474,4.143134726391533,-0.02950962305506266,-1955.9
2020-06-16 20:00:00,0.3666901172711645,4.477336814478207,-0.02353183532903369,-1988.4
2020-06-16 21:00:00,0.2828421121963731,4.787491742782046,-0.02039866882410113,-1773.8
2020-06-16 22:00:00,0.014487008515921218,5.093750200806762,-0.010647650203659431,-1436.0
2020-06-16 23:00:00,0.08963911211986675,5.2832037287379885,-0.013615244025455553,-669.4
2020-06-17 00:00:00,-0.14234470904609076,5.424950017481403,0.0036458346862229263,-806.2
2020-06-17 01:00:00,-0.07231155279261148,5.484796933490655,0.013525118783715762,-802.9
2020-06-17 02:00:00,0.06712030216424769,5.3612921657094255,0.021286800402121386,-759.0
2020-06-17 03:00:00,0.1676180552423263,5.170483995038151,0.021117081598046816,-741.3
2020-06-17 04:00:00,0.30605842411482076,4.976733742420574,0.02064521600575908,-815.3
2020-06-17 05:00:00,0.23617244046831942,4.709530201312334,0.014554255859080989,-1077.5
2020-06-17 06:00:00,0.7543023056836056,4.2626798770413155,-0.008093220967531956,-1831.3
2020-06-17 07:00:00,0.6166442825051619,4.02535169073515,-0.015917825759234283,-1827.1
2020-06-17 08:00:00,0.43218499655263365,4.060443010546419,-0.024384794310197577,-1676.0
2020-06-17 09:00:00,0.4530609031089847,4.204692619390966,-0.029440348420993523,-1663.6
2020-06-17 10:00:00,0.5100240451916958,4.382026634673881,-0.030609827086869323,-1677.0
2020-06-17 11:00:00,0.5623362638260416,4.564348191467836,-0.03311624137292668,-1624.3
2020-06-17 12:00:00,0.5705672475882748,4.700480365792417,-0.0336119938349162,-1648.4
2020-06-17 13:00:00,0.6134172759831942,4.795790545596741,-0.02721828726376696,-1688.3
2020-06-17 14:00:00,0.6922239265146994,4.804021044733257,-0.03435111090290199,-1756.1
2020-06-17 15:00:00,0.6815788293206406,4.6913478822291435,-0.03341269537555824,-1722.4
2020-06-17 16:00:00,0.7459481081707775,4.543294782270004,-0.03829456717845581,-1743.1
2020-06-17 17:00:00,0.26167329858901534,4.442651256490317,-0.037682984944667375,-1848.1
2020-06-17 18:00:00,0.32314414365938404,4.477336814478207,-0.03222919852611206,-1993.2
2020-06-17 19:00:00,0.3113408714447088,4.624972813284271,-0.03130874165491182,-1996.0
2020-06-17 20:00:00,0.3755189246951991,4.820281565605037,-0.03180743757621851,-2036.8
2020-06-17 21:00:00,0.402759230098956,4.990432586778736,-0.02626407559361965,-2086.7
2020-06-17 22:00:00,0.5209121533247125,5.19295685089021,-0.013665390382610276,-2318.8
2020-06-17 23:00:00,0.47444933756538,5.293304824724492,-0.01270843182402448,-1891.1
2020-06-18 00:00:00,0.6464911744766053,5.0238805208462765,0.018388914940097756,-2086.1
2020-06-18 01:00:00,0.6497989746099457,4.812184355372417,0.020689815646128373,-1584.3
2020-06-18 02:00:00,0.5595297389915106,4.574710978503383,0.022148709626777396,-1388.5
2020-06-18 03:00:00,0.5500206803887355,4.48863636973214,0.02786664004953021,-1298.5
2020-06-18 04:00:00,0.4958815670397887,4.51085950651685,0.02783415211852258,-1221.2
2020-06-18 05:00:00,0.5395408331983385,4.51085950651685,0.011868708984080989,-1989.4
2020-06-18 06:00:00,0.3596907622715704,4.3694478524670215,-0.0024495274199685113,-2124.0
2020-06-18 07:00:00,0.2039646905411061,4.248495242049359,-0.009205587925161574,-2039.9
2020-06-18 08:00:00,0.059053702300778,4.07753744390572,-0.009655375035774405,-1881.0
2020-06-18 09:00:00,0.08760243738029017,3.8501476017100584,-0.00953274939877602,-1862.5
2020-06-18 10:00:00,0.15401476725288,3.7376696182833684,-0.017509408173518537,-1793.5
2020-06-18 11:00:00,0.21974766474771723,3.7376696182833684,-0.023797394148280304,-1739.2
2020-06-18 12:00:00,0.23944768742578582,3.828641396489095,-0.02756338441730133,-1804.3
2020-06-18 13:00:00,0.25793025286300475,4.007333185232471,-0.030886529608124214,-1776.1
2020-06-18 14:00:00,0.3136739975712226,4.07753744390572,-0.03502359000573918,-1762.6
2020-06-18 15:00:00,0.3189382797977851,4.204692619390966,-0.03348914477188192,-1758.2
2020-06-18 16:00:00,0.32379508561775383,4.51085950651685,-0.03142406276869458,-1664.8
2020-06-18 17:00:00,0.2197234047700909,4.787491742782046,-0.029579858825150573,-1521.2
2020-06-18 18:00:00,0.21832769406581365,4.9344739331306915,-0.02499425262779109,-1606.5
2020-06-18 19:00:00,0.2490252558737085,5.1298987149230735,-0.03539951563318766,-1642.8
2020-06-18 20:00:00,0.24149114590749976,5.484796933490655,-0.02480944830887033,-1643.0
2020-06-18 21:00:00,0.14611720910443493,5.7430031878094825,-0.028549079255729026,-1644.1
2020-06-18 22:00:00,0.14275168002095784,5.955837369464831,-0.021387719745987965,-1729.6
2020-06-18 23:00:00,0.14602108296517224,6.148468295917647,-0.010323246989457857,-1128.2
2020-06-19 00:00:00,-0.19393675353687478,6.630683385642372,-0.0017891951002662054,-658.4
2020-06-19 01:00:00,-0.11508894145812998,6.723832440821209,0.006170795054886824,-742.5
2020-06-19 02:00:00,-0.24732763792196377,6.742880635791903,0.01130633124873448,-771.3
2020-06-19 03:00:00,-0.5023546250049244,6.70073110954781,0.005842460836564811,-748.4
2020-06-19 04:00:00,-0.6264403022963336,6.630683385642372,0.0010542244413320745,-679.7
2020-06-19 05:00:00,-0.3689864339771296,6.522092798170152,-0.026402221475446908,-629.7
2020-06-19 06:00:00,-0.3518349811140822,6.354370040797351,-0.08026532833594135,-519.6
2020-06-19 07:00:00,0.055633187807580864,6.131226489483141,-0.10118212803618487,-712.9
2020-06-19 08:00:00,-0.051910779166685295,5.8805329864007,-0.08524500557207304,-792.7
2020-06-19 09:00:00,-0.014099327779766746,5.6131281063880705,-0.07412871846155245,-1088.0
2020-06-19 10:00:00,0.08711399414115828,5.278114659230517,-0.06753803641673706,-1139.4
2020-06-19 11:00:00,0.1543254022954903,4.941642422609304,-0.05831018821251277,-1080.2
2020-06-19 12:00:00,0.15250200233891498,4.672828834461906,-0.067621639362617,-807.1
2020-06-19 13:00:00,0.13560652762522762,4.51085950651685,-0.05971392828933908,-388.5
2020-06-19 14:00:00,-0.03742955621304622,4.406719247264253,-0.0534869027181486,-131.2
2020-06-19 15:00:00,0.007140075963689263,4.30406509320417,-0.04380658592564046,-129.8
2020-06-19 16:00:00,0.20014097170682144,4.2626798770413155,-0.03504053489220027,-208.9
2020-06-19 17:00:00,0.14889316223303517,4.2626798770413155,-0.04062525168907527,-267.7
2020-06-19 18:00:00,0.06867973596532684,4.3694478524670215,-0.048437993776299315,-163.0
2020-06-19 19:00:00,0.010579423405434163,4.543294782270004,-0.045553548115969456,-146.3
2020-06-19 20:00:00,-0.30372589552340523,4.7535901911063645,-0.05124094113508004,-39.4
2020-06-19 21:00:00,-0.3108346149031447,5.003946305945459,-0.039359647150845056,-50.5
2020-06-19 22:00:00,-0.41339674597705045,5.318119993844216,-0.019239445773751918,-66.7
2020-06-19 23:00:00,-0.499770133036042,5.541263545158426,-0.003109152489302325,-111.3
2020-06-20 00:00:00,-0.7847696450034363,5.545177444479562,0.015180840051108646,-192.0
2020-06-20 01:00:00,-0.6386157016981373,5.5053315359323625,0.01641467263171048,-173.1
2020-06-20 02:00:00,-0.6013383996832355,5.327876168789581,0.026861883935186626,-156.6
2020-06-20 03:00:00,-0.5873392137583111,5.117993812416755,0.014579229367148727,-108.9
2020-06-20 04:00:00,-0.5859522873114893,4.927253685157205,0.014597826016318649,-67.0
2020-06-20 05:00:00,-0.7246217859137043,4.653960350157523,0.001183330931862514,-51.2
2020-06-20 06:00:00,-0.3868674635423133,4.356708826689592,-0.015630115608128214,-138.0
2020-06-20 07:00:00,-0.20211810606159863,4.189654742026425,-0.03779634539062471,-153.5
2020-06-20 08:00:00,0.23230570850482835,4.204692619390966,-0.042301099732060976,-376.4
2020-06-20 09:00:00,0.2963164727384169,4.31748811353631,-0.05656418005993746,-763.2
2020-06-20 10:00:00,0.37116006101986976,4.454347296253507,-0.053819859708806206,-825.5
2020-06-20 11:00:00,0.46660101789112485,4.574710978503383,-0.045377151973914565,-920.9
2020-06-20 12:00:00,0.4538278461301335,4.61512051684126,-0.04642587908011997,-811.2
2020-06-20 13:00:00,0.5114798852386198,4.6443908991413725,-0.05189039768863957,-812.2
2020-06-20 14:00:00,0.5768442035520085,4.605170185988092,-0.03786792040653175,-783.7
2020-06-20 15:00:00,0.5414784458362374,4.51085950651685,-0.03678263903446144,-722.7
2020-06-20 16:00:00,0.4959715633700239,4.430816798843313,-0.032969114923591114,-717.1
2020-06-20 17:00:00,0.4017953754270085,4.382026634673881,-0.027601000483764793,-760.0
2020-06-20 18:00:00,0.4319040746130556,4.394449154672439,-0.02529151101304894,-995.4
2020-06-20 19:00:00,0.4287224170937831,4.465908118654584,-0.0176569774906703,-969.3
2020-06-20 20:00:00,0.44243713047846445,4.663439094112067,-0.020403728437990765,-776.8
2020-06-20 21:00:00,0.5045698125572713,4.919980925828125,-0.02371849888434152,-847.2
2020-06-20 22:00:00,0.4419730780485671,5.176149732573829,-0.0012609607830249558,-560.4
2020-06-20 23:00:00,0.26824876047833346,5.402677381872279,0.011691869188436677,-288.2
2020-06-21 00:00:00,-0.393521183171488,5.393627546352362,-0.0010298660442895624,-107.2
2020-06-21 01:00:00,-0.4366531302924699,5.3706380281276624,-0.004013210669768341,-113.0
2020-06-21 02:00:00,-0.5242339004445413,5.298317366548036,-0.019316212167848512,-84.8
2020-06-21 03:00:00,-0.5083774712119775,5.267858159063328,-0.014816009621786641,-78.3
2020-06-21 04:00:00,-0.4830431715873411,5.214935757608986,-0.016880946589965973,-73.1
2020-06-21 05:00:00,-0.5487505940777482,5.0238805208462765,-0.020663457347412262,-6.0
2020-06-21 06:00:00,-0.12508064560927545,4.700480365792417,-0.030210987558473512,39.9
2020-06-21 07:00:00,0.36960719255204566,4.406719247264253,-0.04069416800327463,-120.6
2020-06-21 08:00:00,0.3771316818258801,4.343805421853684,-0.04849561446276773,-825.9
2020-06-21 09:00:00,0.40740386351338254,4.48863636973214,-0.043747760727037566,-1161.8
2020-06-21 10:00:00,0.5184468238043811,4.653960350157523,-0.03553796992343372,-1606.3
2020-06-21 11:00:00,0.5563169995540473,4.762173934797756,-0.035212383223147015,-1582.1
2020-06-21 12:00:00,0.566951047185035,4.844187086458591,-0.03506165178883869,-1492.6
2020-06-21 13:00:00,0.5048063373172216,4.955827057601261,-0.05188884020633644,-1056.6
2020-06-21 14:00:00,0.20438846141447575,5.043425116919247,-0.04407772230408913,-119.4
2020-06-21 15:00:00,0.22262266732976865,5.087596335232384,-0.030308716534652724,-112.3
2020-06-21 16:00:00,0.4297559711398313,5.099866427824199,-0.027777397649596303,-730.9
2020-06-21 17:00:00,0.4313867726476399,5.181783550292085,-0.02418433178361923,-1351.6
2020-06-21 18:00:00,0.38212181738604123,5.356586274672012,-0.025045153315796043,-1344.7
2020-06-21 19:00:00,0.36019725783181933,5.560681631015528,-0.022581779973815053,-1237.0
2020-06-21 20:00:00,0.3360835205776116,5.8664680569332965,-0.01635563191139866,-1209.1
2020-06-21 21:00:00,0.3248448612019499,6.173786103901937,-0.016445929132588688,-1168.6
2020-06-21 22:00:00,0.3708388774626066,6.408528791059498,-0.0299864718649836,-1412.1
2020-06-21 23:00:00,0.47521377747102767,6.519147287940395,-0.029879231001749496,-1283.4
2020-06-22 00:00:00,0.5426940426666473,6.695798917058491,-0.023481158325504126,-961.3
2020-06-22 01:00:00,0.27509560351784135,6.706862336602747,-0.04343615811556134,-670.9
2020-06-22 02:00:00,0.15844230045875918,6.694562058521095,-0.03937081844374557,-660.7
2020-06-22 03:00:00,0.25588373461886693,6.642486801367256,-0.011568813770368003,-641.0
2020-06-22 04:00:00,0.45910705465417445,6.559615237493242,-0.027776141094383533,-745.1
2020-06-22 05:00:00,0.5220986910818675,6.3784261836515865,-0.033054661147833286,-1416.3
2020-06-22 06:00:00,0.38800620270853114,5.948034989180646,-0.01820432134987815,-1588.3
2020-06-22 07:00:00,0.2767857781623966,5.293304824724492,-0.0069912659362492136,-1732.1
2020-06-22 08:00:00,0.15994362035186782,4.804021044733257,-0.008045817596974203,-1534.6
2020-06-22 09:00:00,0.16559036978950603,4.564348191467836,0.0033392496623880774,-1404.0
2020-06-22 10:00:00,0.2225651544082936,4.465908118654584,0.005562034360363732,-1304.3
2020-06-22 11:00:00,0.27751192163589034,4.442651256490317,0.00037430911026170577,-1283.8
2020-06-22 12:00:00,0.30539139518013103,4.418840607796598,-0.00040707830279362867,-1372.9
2020-06-22 13:00:00,0.3274248648639526,4.406719247264253,-0.01647700721377099,-1441.0
2020-06-22 14:00:00,0.3320679164241769,4.48863636973214,-0.02468812595980374,-1365.5
2020-06-22 15:00:00,0.33331893073278973,4.51085950651685,-0.018557428045624214,-1228.6
2020-06-22 16:00:00,0.33655356598978114,4.499809670330265,-0.020626357439762266,-1220.2
2020-06-22 17:00:00,0.22831729175648974,4.564348191467836,-0.018720015885138608,-1185.0
2020-06-22 18:00:00,0.22034262848978114,4.6913478822291435,-0.029070901931109283,-1236.9
2020-06-22 19:00:00,0.1948222741662371,4.882801922586371,-0.03405356451618324,-1217.9
2020-06-22 20:00:00,0.21064095407268324,5.181783550292085,-0.03858043708368264,-1142.9
2020-06-22 21:00:00,0.23141418069607056,5.568344503761097,-0.042586966512756064,-1094.4
2020-06-22 22:00:00,0.34893577828696243,5.921578419643816,-0.040491964912351186,-1495.9
2020-06-22 23:00:00,0.5006147793341422,6.068425588244111,-0.06302253604933483,-1524.6
2020-06-23 00:00:00,0.6995041732386986,5.929589143389895,-0.08042545245129773,-1703.7
2020-06-23 01:00:00,0.8458141467756755,6.008813185442595,-0.083068696555757,-1615.1
2020-06-23 02:00:00,0.8611222701617711,5.968707559985366,-0.08215690590813463,-1352.2
2020-06-23 03:00:00,0.8628369706152372,5.87493073085203,-0.07925201394036119,-1277.5
2020-06-23 04:00:00,0.8491440112185096,5.749392985908253,-0.08515697256994859,-1342.2
2020-06-23 05:00:00,0.588384049490577,5.53338948872752,-0.06847134055877824,-1604.6
2020-06-23 06:00:00,0.4358039252933992,5.123963979403259,-0.04539507167875545,-1910.7
2020-06-23 07:00:00,0.2897312859042125,4.442651256490317,-0.026861700671734212,-2297.5
2020-06-23 08:00:00,0.14104818513012995,3.784189633918261,-0.020273680690600315,-2287.4
2020-06-23 09:00:00,0.1795018236050141,3.5553480614894135,-0.02192580573117109,-2211.5
2020-06-23 10:00:00,0.24451748351779212,3.332204510175204,-0.022081923162891925,-2070.6
2020-06-23 11:00:00,0.3336617709571086,3.1780538303479458,-0.022211546901537815,-2071.6
2020-06-23 12:00:00,0.34958564569473083,3.1354942159291497,-0.012765179511761815,-2102.1
2020-06-23 13:00:00,0.3818530959210902,3.258096538021482,-0.00031711992987393245,-2092.1
2020-06-23 14:00:00,0.39130610620187545,3.6375861597263857,-0.011694243792301329,-2002.4
2020-06-23 15:00:00,0.4363534663590767,3.871201010907891,-0.012679481757186473,-2056.6
2020-06-23 16:00:00,0.45348148965450497,4.007333185232471,-0.019108542026724074,-2044.8
2020-06-23 17:00:00,0.34701765787055816,4.04305126783455,-0.018119240057967723,-2013.5
2020-06-23 18:00:00,0.3062022989921096,4.219507705176107,-0.014115629271135077,-1658.4
2020-06-23 19:00:00,0.1822432089011694,4.442651256490317,-0.037024419557549315,-1313.7
2020-06-23 20:00:00,0.3018552559328769,4.477336814478207,-0.044218473937755576,-1303.6
2020-06-23 21:00:00,0.3178456857697065,4.672828834461906,-0.05355087614100196,-1176.0
2020-06-23 22:00:00,0.3770270719070514,4.941642422609304,-0.06088652471728917,-1448.0
2020-06-23 23:00:00,0.5459040225322829,5.231108616854587,-0.07553978658535065,-1511.4
2020-06-24 00:00:00,0.720953492687554,5.568344503761097,-0.05594626251602275,-1625.7
2020-06-24 01:00:00,0.9090909303867174,5.762051382780177,-0.06158709867282841,-1640.1
2020-06-24 02:00:00,0.973898477170704,5.973809611869261,-0.06122151333335335,-1563.5
2020-06-24 03:00:00,0.9443581830418926,6.118097198041348,-0.06040952603616123,-1563.2
2020-06-24 04:00:00,0.8659853992318429,6.18826412308259,-0.06701111424711659,-1566.8
2020-06-24 05:00:00,0.5356889705671031,6.152732694704104,-0.043553374948199775,-1569.7
2020-06-24 06:00:00,0.2992600104979988,5.91350300563827,-0.005905036286979026,-1470.4
2020-06-24 07:00:00,0.27100496778591765,5.6240175061873385,0.01935554062005096,-1813.9
2020-06-24 08:00:00,0.20348416017355753,5.389071729816501,0.03178106361700017,-1911.2
2020-06-24 09:00:00,0.23219502127514824,5.123963979403259,0.033588639400692344,-1839.4
2020-06-24 10:00:00,0.2982736777069288,4.90527477843843,0.031370392940731406,-1839.8
2020-06-24 11:00:00,0.3824132005581391,4.804021044733257,0.029372082293757984,-1843.7
2020-06-24 12:00:00,0.37784549390982525,4.812184355372417,0.03719614031624996,-1769.2
2020-06-24 13:00:00,0.4141526549934187,4.820281565605037,0.04756401901058904,-1827.4
2020-06-24 14:00:00,0.4497019003631788,4.919980925828125,0.03442919814303291,-1853.0
2020-06-24 15:00:00,0.4445067577552777,5.003946305945459,0.03039495300099837,-1788.0
2020-06-24 16:00:00,0.4919454293505323,5.0106352940962555,0.023644732261835166,-1815.2
2020-06-24 17:00:00,0.3892345242270343,4.919980925828125,0.022005511737095418,-1489.0
2020-06-24 18:00:00,0.38359745339618545,4.804021044733257,0.02066026539426069,-1467.9
2020-06-24 19:00:00,0.3854911331550306,4.5217885770490405,0.010847131422016432,-1454.7
2020-06-24 20:00:00,0.4179821396344776,4.330733340286331,0.0044052519185884265,-1412.9
2020-06-24 21:00:00,0.4508400389334839,4.23410650459726,-0.006782940021796691,-1444.0
2020-06-24 22:00:00,0.4621345533065173,4.219507705176107,-0.021499789715220707,-1423.8
2020-06-24 23:00:00,0.6432953589947537,4.07753744390572,-0.044308486511426715,-1482.0
2020-06-25 00:00:00,0.6796502962512911,4.532599493153256,-0.019440654932951773,-1164.6
2020-06-25 01:00:00,0.830623525136307,4.553876891600541,-0.020083218067243003,-1146.5
2020-06-25 02:00:00,0.857689828828867,4.634728988229636,-0.023642422569157162,-1100.9
2020-06-25 03:00:00,0.8587833355821881,4.812184355372417,-0.027636144273157193,-1146.8
2020-06-25 04:00:00,0.7947149521610664,5.087596335232384,-0.03242503939967367,-1116.1
2020-06-25 05:00:00,0.4986110277782969,5.308267697401205,-0.019731345703321246,-1002.4
2020-06-25 06:00:00,0.2675809868179715,5.209486152841421,-0.0024495274199685113,-806.9
2020-06-25 07:00:00,0.12026076954748,4.897839799950911,0.020678140195526495,-810.6
2020-06-25 08:00:00,0.02848221578274046,4.844187086458591,0.02678590412648152,-851.2
2020-06-25 09:00:00,0.035702449118590884,5.049856007249537,0.02661576471753513,-781.2
2020-06-25 10:00:00,0.08358674355552642,5.375278407684165,0.02483562778383952,-715.1
2020-06-25 11:00:00,0.14377894625007626,5.655991810819852,0.026085720599422046,-710.2
2020-06-25 12:00:00,0.13156691840877155,5.840641657373398,0.031959983081657484,-634.0
2020-06-25 13:00:00,0.08274000668012649,5.961005339623274,0.028576829357399802,-592.6
2020-06-25 14:00:00,0.12151951986102949,5.955837369464831,0.023484628904318683,-618.2
2020-06-25 15:00:00,0.10359203894360736,6.0063531596017325,0.02607671569631087,-644.8
2020-06-25 16:00:00,0.050577433657539306,6.111467339502679,0.01686472259855698,-645.4
2020-06-25 17:00:00,-0.054023547837731556,6.1070228877422545,0.017511748708699315,-626.0
2020-06-25 18:00:00,-0.02485388548390377,6.025865973825314,0.02138190916236038,-617.7
2020-06-25 19:00:00,0.011468568234625831,5.886104031450156,0.00956362511294273,-603.7
2020-06-25 20:00:00,0.04198364704038404,5.849324779946859,0.015195886304828932,-557.4
2020-06-25 21:00:00,0.10284122562261322,5.860786223465865,0.007935654078678134,-560.2
2020-06-25 22:00:00,0.25892311178299954,5.908082938168931,0.0030037333781711695,-761.5
2020-06-25 23:00:00,0.370463697281036,5.955837369464831,-0.016073694117896054,-731.4
2020-06-26 00:00:00,0.17298402953140757,5.68697535633982,-0.01355403667985211,-595.4
2020-06-26 01:00:00,0.2744810663055848,5.723585101952381,-0.023789504540988382,-605.6
2020-06-26 02:00:00,0.4033481155290888,5.7430031878094825,-0.025980008439213442,-660.6
2020-06-26 03:00:00,0.44475599200750393,5.752572638825633,-0.03290330573927758,-702.2
2020-06-26 04:00:00,0.4225093486847338,5.768320995793772,-0.02423309527331785,-738.3
2020-06-26 05:00:00,0.029094374743466656,5.666426688112432,-0.01577010714439897,-603.2
2020-06-26 06:00:00,-0.05778025587000313,5.3981627015177525,0.01070644986978575,-558.7
2020-06-26 07:00:00,-0.13570724523321287,5.267858159063328,0.024114090970981827,-549.9
2020-06-26 08:00:00,-0.2521597294410238,5.1298987149230735,0.031683902767421834,-524.5
2020-06-26 09:00:00,-0.23687718152178983,5.135798437050262,0.03198501184424796,-496.2
2020-06-26 10:00:00,-0.17309121946963923,5.231108616854587,0.028836539443374498,-458.3
2020-06-26 11:00:00,-0.125934153138354,5.337538079701318,0.0379666422229068,-465.0
2020-06-26 12:00:00,-0.11416781402518561,5.44673737166631,0.0457453241889505,-470.6
2020-06-26 13:00:00,-0.07470528581426539,5.529429087511423,0.042311278450553935,-534.8
2020-06-26 14:00:00,-0.0892645757622037,5.564520407322694,0.019703918652848706,-520.5
2020-06-26 15:00:00,-0.0616521735946125,5.572154032177765,0.016252868994530267,-515.4
2020-06-26 16:00:00,-0.07924229793026427,5.60947179518496,0.02383035980558823,-499.2
2020-06-26 17:00:00,-0.1094388387065175,5.556828061699537,0.01321798033174737,-514.0
2020-06-26 18:00:00,-0.03696163912420136,5.420534999272286,0.01623521656613569,-580.6
2020-06-26 19:00:00,-0.05139587542287094,5.288267030694535,0.02628303085442596,-514.0
2020-06-26 20:00:00,-0.08186357436524405,5.4680601411351315,0.015811196742807176,-520.8
2020-06-26 21:00:00,-0.11691613955828029,5.723585101952381,0.0055302102014991306,-534.8
2020-06-26 22:00:00,0.019103677911681327,5.8944028342648505,0.006162251309199007,-723.5
2020-06-26 23:00:00,0.11577307763616895,6.056784013228625,0.00028643651183557495,-730.9
2020-06-27 00:00:00,0.40866086214974207,6.194405391104672,0.004582943551168839,-1149.8
2020-06-27 01:00:00,0.5322204482299302,6.2324480165505225,0.002271843335070578,-1143.2
2020-06-27 02:00:00,0.5867154932568068,6.2422232654551655,-0.0038356440247531154,-1126.8
2020-06-27 03:00:00,0.6047987190534605,6.161207321695077,-0.008087217929193535,-1065.8
2020-06-27 04:00:00,0.40459652332782126,6.013715156042802,-0.006861620529988066,-818.4
2020-06-27 05:00:00,0.5118357479673543,5.834810737062605,-0.014288654546406931,-968.4
2020-06-27 06:00:00,0.5529851226617648,5.631211781821365,-0.009823085570631385,-979.6
2020-06-27 07:00:00,-0.08076854615289397,5.407171771460119,-0.016083341551185626,-440.9
2020-06-27 08:00:00,-0.5498808693490758,5.135798437050262,-0.01580245039755912,-196.0
2020-06-27 09:00:00,-0.5878076297301706,4.890349128221754,-0.016320796098271195,-133.3
2020-06-27 10:00:00,-0.6121606698234501,4.634728988229636,-0.01192346946251277,-95.3
2020-06-27 11:00:00,-0.7534020888399611,4.442651256490317,-0.00896077487072855,-62.4
2020-06-27 12:00:00,-0.7898902108648307,4.356708826689592,-0.0068683826501994005,-61.7
2020-06-27 13:00:00,-0.30438620015107887,4.31748811353631,-0.020775705822221546,-138.6
2020-06-27 14:00:00,0.13422641594539053,4.23410650459726,-0.013247926743715333,-372.7
2020-06-27 15:00:00,0.09381144352481385,4.248495242049359,-0.0046397727086571194,-340.2
2020-06-27 16:00:00,0.010029448453002576,4.330733340286331,-0.002406991451569418,-311.1
2020-06-27 17:00:00,-0.03980975386522356,4.382026634673881,0.004595397599766571,-344.3
2020-06-27 18:00:00,-0.13305611477524737,4.584967478670572,0.006071748658552423,-317.8
2020-06-27 19:00:00,-0.20970165957118825,4.812184355372417,0.014799776002302423,-319.0
2020-06-27 20:00:00,-0.17324338121711325,5.062595033026967,0.004001209148125184,-318.4
2020-06-27 21:00:00,-0.23582814340812974,5.247024072160486,0.005411893337585738,-391.0
2020-06-27 22:00:00,0.08817006151280937,5.41610040220442,0.0015849145913948703,-482.4
2020-06-27 23:00:00,0.13392309384015721,5.5053315359323625,0.007933941049813598,-534.6
2020-06-28 00:00:00,0.2903809392444061,5.497168225293202,0.012989055135040672,-431.0
2020-06-28 01:00:00,0.49575073972481665,5.616771097666572,0.016070157784908723,-474.9
2020-06-28 02:00:00,0.636436702041852,5.5093883366279774,0.0009587816935630045,-496.6
2020-06-28 03:00:00,0.678268166941455,5.267858159063328,0.017541516717688665,-478.1
2020-06-28 04:00:00,0.7939021140045259,5.093750200806762,0.023941047930289727,-493.6
2020-06-28 05:00:00,0.6552222102481879,4.859812404361672,0.004746258177956264,-551.6
2020-06-28 06:00:00,0.5233940948990772,4.709530201312334,0.0041322336351381495,-468.1
2020-06-28 07:00:00,0.2005531072222122,4.7535901911063645,0.0011724113895157373,-335.1
2020-06-28 08:00:00,0.04902294990544487,4.804021044733257,0.02312334951971895,-345.0
2020-06-28 09:00:00,-0.02731194321168351,4.844187086458591,0.007883695192226092,-283.2
2020-06-28 10:00:00,0.05510786630437803,4.882801922586371,0.019167357932290408,-324.9
2020-06-28 11:00:00,0.0760834172866427,4.912654885736052,0.023912841330727908,-322.8
2020-06-28 12:00:00,0.1021902211104897,4.955827057601261,0.02478526422041316,-318.0
2020-06-28 13:00:00,0.09068915931647181,4.941642422609304,0.01702970670516013,-241.1
2020-06-28 14:00:00,0.13223935374608642,4.836281906951478,0.01687694341118018,-210.8
2020-06-28 15:00:00,0.14426935308325373,4.709530201312334,0.02862638639266013,-222.3
2020-06-28 16:00:00,0.13983090709346868,4.624972813284271,0.03873788020678415,-244.3
2020-06-28 17:00:00,0.0653308968751416,4.584967478670572,0.03947826705289259,-259.3
2020-06-28 18:00:00,-0.023343290722123378,4.553876891600541,0.038133748305734905,-224.6
2020-06-28 19:00:00,-0.012042202648024247,4.543294782270004,0.052071894785536976,-239.0
2020-06-28 20:00:00,-0.013622754045027552,4.6443908991413725,0.04994955408738022,-247.2
2020-06-28 21:00:00,0.002209685939810413,4.795790545596741,0.0588413347966279,-274.2
2020-06-28 22:00:00,0.15612234231027688,4.969813299576001,0.03969344877300607,-421.4
2020-06-28 23:00:00,0.2850502037188005,5.099866427824199,0.029703108817815682,-445.6
2020-06-29 00:00:00,0.3216668942588148,5.198497031265826,0.04567351236898354,-253.3
2020-06-29 01:00:00,0.12548007885597423,5.267858159063328,0.03593240305004297,-39.6
2020-06-29 02:00:00,0.17065619275269706,5.298317366548036,0.04125009103832422,-43.1
2020-06-29 03:00:00,0.2618539016053707,5.220355825078324,0.05243406822213181,-37.0
2020-06-29 04:00:00,0.1774802099648729,5.0369526024136295,0.038076491467949225,-60.5
2020-06-29 05:00:00,0.3849994056734434,4.770684624465665,0.04680267253314341,-350.1
2020-06-29 06:00:00,0.5482099542488665,4.430816798843313,0.06420765465146339,-1030.0
2020-06-29 07:00:00,0.39200900145318185,4.290459441148391,0.0641453773339995,-1103.9
2020-06-29 08:00:00,0.29354977094749435,4.3694478524670215,0.059793455553514896,-1141.8
2020-06-29 09:00:00,0.30548445620185705,4.543294782270004,0.0689998954735298,-1041.2
2020-06-29 10:00:00,0.37043123731716765,4.718498871295094,0.07289515442895045,-978.9
2020-06-29 11:00:00,0.40125530789425,4.882801922586371,0.07520279430041388,-933.2
2020-06-29 12:00:00,0.3870694261943979,5.075173815233827,0.07298492045455252,-890.5
2020-06-29 13:00:00,0.39421310573553914,5.298317366548036,0.06621470863134249,-930.4
2020-06-29 14:00:00,0.399151886574006,5.476463551931511,0.07081182517064377,-939.0
2020-06-29 15:00:00,0.4630220441398287,5.680172609017068,0.07552477257449475,-1037.8
2020-06-29 16:00:00,0.4746837429770343,5.823045895483019,0.07826839369641547,-1084.5
2020-06-29 17:00:00,0.36906440196350365,5.8664680569332965,0.08353007735829543,-1104.6
2020-06-29 18:00:00,0.3184896896293057,5.857933154483459,0.0626810686086463,-1072.0
2020-06-29 19:00:00,0.2928696819569705,5.921578419643816,0.057287779915397685,-1078.3
2020-06-29 20:00:00,0.30936470908272806,6.035481432524756,0.06896110452050408,-1037.5
2020-06-29 21:00:00,0.3233742736151135,6.09807428216624,0.06963122451022041,-975.3
2020-06-29 22:00:00,0.3826296240734348,6.16541785423142,0.07103506566113893,-1041.7
2020-06-29 23:00:00,0.34423940448477275,6.280395838960195,0.049094762071371534,-755.3
2020-06-30 00:00:00,0.5002848568411946,6.214608098422191,0.057889875305590976,-577.2
2020-06-30 01:00:00,0.3186948835235843,6.285998094508865,0.048347326310781646,-551.1
2020-06-30 02:00:00,-0.19801958628570904,6.329720905522696,0.035770983808037116,-491.1
2020-06-30 03:00:00,-0.24296724182757812,6.349138991379798,0.03286528418034518,-511.6
2020-06-30 04:00:00,-0.08343840825383131,6.3561076606958915,0.04000617038405707,-461.5
2020-06-30 05:00:00,0.40606249269662253,6.352629396319567,0.03788618415471667,-739.0
2020-06-30 06:00:00,0.3549863594485019,6.386879319362645,0.04764495959102977,-1051.4
2020-06-30 07:00:00,0.330368931636039,6.385194398997726,0.06094978304146981,-1745.8
2020-06-30 08:00:00,0.17710617256213013,6.313548046277095,0.07342029873339673,-1704.4
2020-06-30 09:00:00,0.14609579453884214,6.298949246855942,0.08436885291845186,-1181.4
2020-06-30 10:00:00,-0.24720092327211596,6.306275286948016,0.08410812385730981,-443.5
2020-06-30 11:00:00,-0.7052765974918953,6.2766434893416445,0.08283543998745557,-302.3
2020-06-30 12:00:00,-0.5448673526097507,6.2324480165505225,0.08496879191451345,-309.8
2020-06-30 13:00:00,-0.7330282474618881,6.175867270105761,0.09991254814560957,-218.5
2020-06-30 14:00:00,-0.8795520872714468,6.0844994130751715,0.09002138368551726,-155.8
2020-06-30 15:00:00,-1.104962275557316,5.921578419643816,0.09590835438442014,-60.3
2020-06-30 16:00:00,-0.7005064072296558,5.723585101952381,0.08698392326382276,-19.1
2020-06-30 17:00:00,0.40122315538934306,5.5093883366279774,0.08578035496018366,-1179.4
2020-06-30 18:00:00,0.405262014497914,5.3230099791384085,0.09334352304361282,-1114.2
2020-06-30 19:00:00,0.3318564471144745,5.214935757608986,0.08839224095390552,-935.3
2020-06-30 20:00:00,0.325289251533587,5.293304824724492,0.09137350049973492,-661.6
2020-06-30 21:00:00,0.3510713333980271,5.472270673671475,0.08669946673226558,-620.8
2020-06-30 22:00:00,0.20100144356991168,5.645446897643238,0.0899129455393135,-378.4
2020-06-30 23:00:00,-0.20889409765282707,5.799092654460526,0.08211475106631116,-140.4
2020-07-01 00:00:00,-1.0448229299849765,5.950642552587727,0.01688283332134155,-43.1
2020-07-01 01:00:00,-1.0582429304936714,6.035481432524756,0.011646640966104016,-114.0
2020-07-01 02:00:00,-0.9973321293818235,6.068425588244111,0.009148202763864077,-177.8
2020-07-01 03:00:00,-0.9495721196161985,6.104793232414985,0.009998599018842924,-133.9
2020-07-01 04:00:00,-0.919276080566922,6.12029741895095,0.013260178153549518,-153.3
2020-07-01 05:00:00,-0.8625401492510869,6.133398042996649,0.01869137668792753,-136.0
2020-07-01 06:00:00,-0.06946314367978701,6.135564891081739,0.039805947845872325,-264.4
2020-07-01 07:00:00,0.22501038903815918,6.129050210060545,0.053182831905575156,-666.8
2020-07-01 08:00:00,0.2835237339782335,6.1070228877422545,0.05604666562698846,-1134.8
2020-07-01 09:00:00,0.3086736758601951,6.095824562432225,0.06351812399876877,-1192.2
2020-07-01 10:00:00,0.31224548706055266,6.066108090103747,0.0569610239375109,-1238.0
2020-07-01 11:00:00,0.364186628152519,6.0063531596017325,0.052851290319537725,-1263.4
2020-07-01 12:00:00,0.4026432872699748,5.945420608606575,0.05699518014810501,-1272.1
2020-07-01 13:00:00,0.456837761979322,5.8944028342648505,0.06072652708907089,-1282.9
2020-07-01 14:00:00,0.46817783839928184,5.869296913133774,0.0664214731562609,-1215.3
2020-07-01 15:00:00,0.4327226178465078,5.840641657373398,0.06394377004992524,-1124.2
2020-07-01 16:00:00,0.429428489156332,5.811140992976701,0.052714800779109616,-985.5
2020-07-01 17:00:00,0.42759821126078945,5.814130531825066,0.049440950964068975,-995.4
2020-07-01 18:00:00,0.40737135531993607,5.877735781779639,0.055160895601431115,-1084.5
2020-07-01 19:00:00,0.3893110219297329,5.8805329864007,0.07429510084153179,-1128.4
2020-07-01 20:00:00,0.4175826079746954,5.8805329864007,0.053696680100634886,-1179.0
2020-07-01 21:00:00,0.3965582114727493,5.886104031450156,0.04608368029424703,-1055.3
2020-07-01 22:00:00,0.39245675866925067,5.91350300563827,0.03838215020529212,-838.5
2020-07-01 23:00:00,0.4504351482149862,5.983936280687191,0.03157947727036792,-599.1
2020-07-02 00:00:00,0.5135660804907316,6.154858094016418,0.019587071348881047,-465.0
2020-07-02 01:00:00,0.3800018984369502,6.226536669287466,0.016115349231926146,-405.8
2020-07-02 02:00:00,0.2863164094682329,6.270988431858299,0.008753391297964264,-375.1
2020-07-02 03:00:00,0.3131327337646308,6.244166900663736,0.010705255670278468,-319.8
2020-07-02 04:00:00,0.4233880771164493,6.1903154058531475,0.015545611904618895,-319.5
2020-07-02 05:00:00,0.4578123551189832,6.066108090103747,0.01711509226721386,-325.4
2020-07-02 06:00:00,0.5287933607589363,5.924255797414532,0.03356990431750173,-710.8
2020-07-02 07:00:00,0.5025464889482758,5.793013608384144,0.046487577418909076,-1340.3
2020-07-02 08:00:00,0.5795788451903379,5.655991810819852,0.05300890369165412,-1824.7
2020-07-02 09:00:00,0.5705426393978259,5.666426688112432,0.05182209242004987,-1817.6
2020-07-02 10:00:00,0.6427741591144103,5.720311776607412,0.046695208493953366,-1954.6
2020-07-02 11:00:00,0.6310519350315205,5.726847747587197,0.04287594047440546,-1834.2
2020-07-02 12:00:00,0.6058283872861465,5.700443573390687,0.046166194119138915,-1669.8
2020-07-02 13:00:00,0.5806160690086459,5.631211781821365,0.03624721778516715,-1451.0
2020-07-02 14:00:00,0.5992287977075441,5.5254529391317835,0.05283772954729482,-1285.2
2020-07-02 15:00:00,0.5330135808170788,5.438079308923196,0.04629200187577265,-1065.9
2020-07-02 16:00:00,0.511856467671957,5.293304824724492,0.03836018250547735,-922.5
2020-07-02 17:00:00,0.49028713534994717,5.117993812416755,0.04308545598772451,-845.3
2020-07-02 18:00:00,0.4208937348627009,4.927253685157205,0.04710416596354339,-762.9
2020-07-02 19:00:00,0.41094820013840394,4.7535901911063645,0.05022667770199529,-685.1
2020-07-02 20:00:00,0.38678435076260786,4.68213122712422,0.040243567646553124,-583.6
2020-07-02 21:00:00,0.37605288224331135,4.672828834461906,0.039850004176721576,-459.4
2020-07-02 22:00:00,0.3733782634493612,4.663439094112067,0.03635551131006576,-232.6
2020-07-02 23:00:00,0.3825596540785745,4.709530201312334,0.023031134407219156,-76.0
2020-07-03 00:00:00,0.11313730853215831,4.77912349311153,-0.011316198562019153,39.3
2020-07-03 01:00:00,0.023113671876626052,4.867534450455582,-0.011792279081613621,75.2
2020-07-03 02:00:00,-0.030149845147745102,4.9344739331306915,-0.012352579230533678,54.1
2020-07-03 03:00:00,-0.004319471073458203,4.927253685157205,-0.023777032955329958,39.4
2020-07-03 04:00:00,0.06393687170104045,5.017279836814924,-0.03046318058340436,54.5
2020-07-03 05:00:00,0.16928522108106625,5.318119993844216,-0.009771012828984738,25.4
2020-07-03 06:00:00,0.38655358521922123,5.68697535633982,0.04064918075676971,-106.6
2020-07-03 07:00:00,0.40462816652474753,5.945420608606575,0.05433913782081046,-548.0
2020-07-03 08:00:00,0.4099886623826863,6.0063531596017325,0.04401860598030449,-1021.4
2020-07-03 09:00:00,0.391784842376671,6.059123195581797,0.057531209217406065,-1113.8
2020-07-03 10:00:00,0.4061105654236621,6.139884552226255,0.04625356566328964,-1151.8
2020-07-03 11:00:00,0.375707763677664,6.244166900663736,0.047265264017800845,-1051.1
2020-07-03 12:00:00,0.4024875918177404,6.246106765481563,0.04901048801682428,-986.2
2020-07-03 13:00:00,0.3718010631841606,6.248042874508429,0.04688504632882662,-717.9
2020-07-03 14:00:00,0.3313271942525451,6.230481447578482,0.05652185814578381,-594.0
2020-07-03 15:00:00,0.2370551480016707,6.244166900663736,0.052117121853513915,-487.8
2020-07-03 16:00:00,0.0898308983910936,6.295266001439646,0.056809199490232665,-448.5
2020-07-03 17:00:00,-0.4587925116941536,6.298949246855942,0.05443569434766715,-321.5
2020-07-03 18:00:00,-0.4985471645858517,6.317164686747284,0.054552645300006475,-261.8
2020-07-03 19:00:00,-0.4903686179358073,6.345636360828596,0.07357329221390252,-253.2
2020-07-03 20:00:00,-0.5291386265115747,6.369900982828227,0.03654332301639229,-237.8
2020-07-03 21:00:00,-0.5521406461188638,6.369900982828227,0.027323342832245245,-188.0
2020-07-03 22:00:00,-0.5994783793282572,6.376726947898627,0.018748627803920392,-206.3
2020-07-03 23:00:00,-0.6154883893729399,6.38856140554563,0.015659570249441757,-221.7
2020-07-04 00:00:00,-0.5954569292947447,6.342121418721152,-0.015305992467659735,-420.7
2020-07-04 01:00:00,-0.712009069711812,6.240275845170769,-0.00900533156220007,-381.6
2020-07-04 02:00:00,-0.6794100396092091,6.142037405587356,-0.022602364468753855,-385.0
2020-07-04 03:00:00,-0.6239428970254393,5.998936561946683,-0.03626130655845472,-320.6
2020-07-04 04:00:00,-0.6155244530358286,5.817111159963204,-0.018156128948606742,-236.0
2020-07-04 05:00:00,-0.6465188238034478,5.476463551931511,-0.009680180437568353,-116.5
2020-07-04 06:00:00,-0.653384621954838,5.093750200806762,0.0115970139044137,-38.1
2020-07-04 07:00:00,-0.7772597270180102,4.859812404361672,0.009473163768547899,-40.3
2020-07-04 08:00:00,-0.6156567348269826,4.736198448394496,0.01590752557170738,-75.6
2020-07-04 09:00:00,-0.739397769273018,4.700480365792417,0.026282764103329193,-78.2
2020-07-04 10:00:00,-0.9978525980143256,4.74493212836325,0.025829463458650004,-33.1
2020-07-04 11:00:00,-0.9700108930516647,4.74493212836325,0.024636631463688552,-33.0
2020-07-04 12:00:00,-0.9342097350587155,4.709530201312334,0.02908753542862108,-6.6
2020-07-04 13:00:00,-0.8638097211766647,4.672828834461906,0.00737390112790326,21.6
2020-07-04 14:00:00,-0.8184221130261793,4.61512051684126,0.018514256922233407,54.6
2020-07-04 15:00:00,-0.7531543416106703,4.499809670330265,0.015319876494450213,20.2
2020-07-04 16:00:00,-0.20158391542074505,4.465908118654584,0.017249439971385172,-24.4
2020-07-04 17:00:00,-0.20999341005792171,4.5217885770490405,0.01911550230440362,-28.1
2020-07-04 18:00:00,-0.09044547713502205,4.653960350157523,0.005310110869450213,-23.4
2020-07-04 19:00:00,-0.056605950996412524,4.812184355372417,0.020138355245236106,-54.8
2020-07-04 20:00:00,-0.05407090466066311,5.017279836814924,0.0009949397588338016,-130.7
2020-07-04 21:00:00,0.0004911075055886727,5.298317366548036,-0.00882913704473065,-196.0
2020-07-04 22:00:00,-0.138068865204642,5.598421958998375,-0.014829118760316895,-305.2
2020-07-04 23:00:00,-0.1925641659242603,5.840641657373398,-0.015750951984473183,-420.8
2020-07-05 00:00:00,-0.2766268472493205,5.8377304471659395,-0.05409869632230713,-326.6
2020-07-05 01:00:00,-0.6249459906518131,6.082218910376446,-0.06042637921394167,-327.2
2020-07-05 02:00:00,-0.6907899069230569,6.19644412779452,-0.06395524249269169,-376.1
2020-07-05 03:00:00,-0.796831966811663,6.259581464064923,-0.045246425393699496,-413.7
2020-07-05 04:00:00,-0.771121782642992,6.3473892096560105,-0.04197513261396768,-447.3
2020-07-05 05:00:00,-0.8072873994843637,6.421622267806518,-0.03682853364001648,-498.4
2020-07-05 06:00:00,-0.7831799355843501,6.46302945692067,-0.024233176392183253,-543.7
2020-07-05 07:00:00,-0.8351331965538815,6.4692503167957724,-0.022114223382638798,-557.2
2020-07-05 08:00:00,-0.8628045577552106,6.393590753950631,-0.0015972200261433755,-535.2
2020-07-05 09:00:00,-0.8886815473485397,6.278521424165844,-0.011737678338945123,-445.8
2020-07-05 10:00:00,-0.919753234226319,6.111467339502679,-0.004387441221048505,-380.8
2020-07-05 11:00:00,-0.9173558550524146,5.905361848054571,-0.00914411290185857,-276.6
2020-07-05 12:00:00,-0.8921566591770334,5.697093486505405,-0.008816803013059094,-184.1
2020-07-05 13:00:00,-0.9419027314018507,5.5093883366279774,-0.022811019932004406,-129.6
2020-07-05 14:00:00,-0.9496414895885917,5.3706380281276624,-0.006252523034298463,-63.9
2020-07-05 15:00:00,-1.0447375492183917,5.214935757608986,-0.004939310250929196,-8.7
2020-07-05 16:00:00,-1.1715385675726062,5.062595033026967,0.0004128854160976303,40.1
2020-07-05 17:00:00,-1.1550415247858137,4.955827057601261,-0.002339201902618271,70.4
2020-07-05 18:00:00,-1.1459596395507277,4.90527477843843,-0.004050819764506386,72.7
2020-07-05 19:00:00,-1.0720715354439296,4.9344739331306915,0.01715177701766013,31.5
2020-07-05 20:00:00,-1.0610988742418588,5.049856007249537,-0.00949769564739178,-29.4
2020-07-05 21:00:00,-1.0398045448455868,5.176149732573829,-0.002600393451795746,-25.7
2020-07-05 22:00:00,-0.9848299157965168,5.241747015059643,-0.023443901555846303,-21.1
2020-07-05 23:00:00,-0.9165956998521465,5.181783550292085,-0.03423708588968832,-51.4
2020-07-06 00:00:00,-1.1846156236461094,5.2832037287379885,-0.019901378487475974,-54.0
2020-07-06 01:00:00,-1.1420542470906958,5.602118820879701,-0.01223385964232282,-142.7
2020-07-06 02:00:00,-1.1028989443907498,5.950642552587727,-0.01271844079524076,-302.7
2020-07-06 03:00:00,-0.9650729327677023,6.148468295917647,-0.014562330287383851,-380.9
2020-07-06 04:00:00,-1.127528239919542,6.220590170099739,-0.018090924004902753,-342.6
2020-07-06 05:00:00,-1.3190012597194438,6.248042874508429,-0.005464728050825762,-353.3
2020-07-06 06:00:00,-1.2089410180381681,6.269096283706261,0.00686772926795598,-320.0
2020-07-06 07:00:00,-1.1225040164202456,6.251903883165888,0.014337078692878258,-346.6
2020-07-06 08:00:00,-0.8037748291564673,6.152732694704104,0.008001649006557088,-290.4
2020-07-06 09:00:00,-0.962670252852238,6.144185634125646,0.011406812100702268,-244.7
2020-07-06 10:00:00,-1.190371866671685,6.148468295917647,0.008295508594352796,-222.1
2020-07-06 11:00:00,-1.3006173345456353,6.124683390894205,0.012841203136696677,-195.4
2020-07-06 12:00:00,-1.2156015515622487,6.07993319509559,0.015429039544986978,-171.2
2020-07-06 13:00:00,-1.2461610642687277,6.0112671744041615,0.004042235481803935,-145.1
2020-07-06 14:00:00,-1.2091781024698096,5.916202062607435,0.020512401942138325,-80.9
2020-07-06 15:00:00,-1.2196543834162081,5.811140992976701,0.021036597461540296,-60.6
2020-07-06 16:00:00,-1.2367724173044468,5.703782474656201,0.020108201427712302,-49.6
2020-07-06 17:00:00,-1.1845591409830756,5.631211781821365,0.011389553431396138,-98.0
2020-07-06 18:00:00,-0.5132371509371427,5.60947179518496,-0.00015032924765723266,-217.5
2020-07-06 19:00:00,-0.5071449892135789,5.529429087511423,0.013521545752342767,-213.8
2020-07-06 20:00:00,-0.511196619573905,5.4116460518550396,0.016869122297126005,-161.2
2020-07-06 21:00:00,-0.6671663960110392,5.267858159063328,0.01212701392087201,-118.7
2020-07-06 22:00:00,-1.0768839440880413,5.153291594497779,0.004599275514021173,-42.0
2020-07-06 23:00:00,-1.0538256785822238,5.056245805348308,-0.00013963415484941066,13.1
2020-07-07 00:00:00,-1.2340802331192806,5.030437921392435,0.004884001957184303,76.8
2020-07-07 01:00:00,-1.3113754088790923,5.0238805208462765,0.004668926155404485,57.5
2020-07-07 02:00:00,-1.2162956400245772,5.003946305945459,0.0003025922439405804,31.1
2020-07-07 03:00:00,-1.156406125913672,4.897839799950911,0.000663361471446855,38.8
2020-07-07 04:00:00,-1.1649383707374679,4.812184355372417,0.010376829194663983,52.4
2020-07-07 05:00:00,-1.0057450139159667,4.74493212836325,0.0013408649694710562,47.3
2020-07-07 06:00:00,-0.8141608670875802,4.574710978503383,0.0023258644983741306,57.9
2020-07-07 07:00:00,-0.02272850649850433,4.406719247264253,0.014697528507626068,-304.4
2020-07-07 08:00:00,-0.0012750439181785644,4.290459441148391,0.02158300231740462,-635.0
2020-07-07 09:00:00,0.0944096718355123,4.276666119016055,0.015969878074673538,-831.3
2020-07-07 10:00:00,0.22593768981256934,4.248495242049359,0.019360455899530393,-1157.0
2020-07-07 11:00:00,0.30366632649516445,4.189654742026425,0.018293610714168906,-1255.8
2020-07-07 12:00:00,0.304639937696936,4.219507705176107,0.02058694593454824,-1152.9
2020-07-07 13:00:00,0.3719268664238764,4.30406509320417,0.019625159473259046,-1178.2
2020-07-07 14:00:00,0.3624529261909708,4.248495242049359,0.024406202296838764,-1123.9
2020-07-07 15:00:00,0.3293071411938109,4.2626798770413155,0.02321056674868327,-1023.3
2020-07-07 16:00:00,0.3059147158411779,4.330733340286331,0.016071393526710942,-958.3
2020-07-07 17:00:00,0.4599135706716937,4.330733340286331,0.018278351925106406,-1293.6
2020-07-07 18:00:00,0.44836361292657,4.290459441148391,0.019539085141613732,-1330.9
2020-07-07 19:00:00,0.31109999937373267,4.330733340286331,0.02345656700813681,-1361.5
2020-07-07 20:00:00,0.34819218306968525,4.61512051684126,0.014866023517243754,-1337.6
2020-07-07 21:00:00,0.3463181560280164,4.90527477843843,0.014464710967478922,-1191.8
2020-07-07 22:00:00,0.30144790736631233,5.123963979403259,0.010401956020150926,-964.7
2020-07-07 23:00:00,0.2655586346923098,5.262690188904886,0.005229558213949659,-605.2
2020-07-08 00:00:00,0.45303940638786333,4.897839799950911,0.012448236253476352,-328.2
2020-07-08 01:00:00,0.39419123313076465,5.0106352940962555,0.004851597833274823,-237.6
2020-07-08 02:00:00,-0.004080356371540139,5.099866427824199,-0.005820412930057195,-154.0
2020-07-08 03:00:00,-0.004605587765377228,5.099866427824199,-0.007352906292356742,-150.1
2020-07-08 04:00:00,0.0801558880115536,5.030437921392435,0.005255561370935524,-145.0
2020-07-08 05:00:00,0.5413405963708797,4.859812404361672,-0.0014886803164504414,-423.7
2020-07-08 06:00:00,0.5985781157490822,4.59511985013459,0.017850021444456132,-1240.4
2020-07-08 07:00:00,0.5197328371722683,4.330733340286331,0.044276291089372144,-1867.2
2020-07-08 08:00:00,0.5952807537753011,3.9889840465642745,0.06085667971077324,-2252.1
2020-07-08 09:00:00,0.7145532917463155,3.7376696182833684,0.06066776577441235,-2421.3
2020-07-08 10:00:00,0.7762678191017991,3.6109179126442243,0.06639505617086883,-2477.3
2020-07-08 11:00:00,0.7535523173265024,3.58351893845611,0.06233003427408157,-2422.9
2020-07-08 12:00:00,0.7312689273988076,3.5553480614894135,0.06544990406703732,-2377.1
2020-07-08 13:00:00,0.7259189017290946,3.6375861597263857,0.06447184981923293,-2241.3
2020-07-08 14:00:00,0.701259660822688,3.828641396489095,0.06831541311633149,-2128.9
2020-07-08 15:00:00,0.672395471111928,3.8501476017100584,0.06299724844589427,-2133.5
2020-07-08 16:00:00,0.666411797559121,3.6635616461296463,0.05557058568046802,-2030.9
2020-07-08 17:00:00,0.6720895553567647,3.4965075614664802,0.06268617771408991,-2042.5
2020-07-08 18:00:00,0.6226855952682393,3.4339872044851463,0.054204415375473936,-1999.4
2020-07-08 19:00:00,0.5539216708856922,3.4339872044851463,0.06172847824167249,-1818.1
2020-07-08 20:00:00,0.4932158596848164,3.58351893845611,0.04589936964060293,-1547.9
2020-07-08 21:00:00,0.45810633651012145,3.784189633918261,0.04903498592882727,-1284.4
2020-07-08 22:00:00,0.4929736300253631,3.9889840465642745,0.034312968598566584,-932.5
2020-07-08 23:00:00,0.4964032113037842,4.189654742026425,0.018867441682005825,-582.2
2020-07-09 00:00:00,0.6624637277517416,4.418840607796598,0.016281283214381936,-604.3
2020-07-09 01:00:00,0.6512057401563465,4.51085950651685,0.011620959644086604,-365.4
2020-07-09 02:00:00,0.6456226191279546,4.68213122712422,0.001888375778284157,-233.7
2020-07-09 03:00:00,0.6554369211735054,4.804021044733257,-0.0019313283342343723,-197.8
2020-07-09 04:00:00,0.6212699261495285,4.820281565605037,0.01100530898583596,-188.7
2020-07-09 05:00:00,0.5959626935998004,4.672828834461906,0.0070871530810885375,-383.7
2020-07-09 06:00:00,0.5615146927767909,4.382026634673881,0.023153143459246017,-712.0
2020-07-09 07:00:00,0.5072970917068735,4.0943445622221,0.04549796823374219,-1321.5
2020-07-09 08:00:00,0.49793309983962475,3.8501476017100584,0.06068648459068893,-1693.6
2020-07-09 09:00:00,0.5302546902841221,3.7376696182833684,0.057530956640370334,-1826.5
2020-07-09 10:00:00,0.556247395654982,3.6109179126442243,0.06464561961779669,-1874.6
2020-07-09 11:00:00,0.5825923367684971,3.5553480614894135,0.06374956361715789,-1877.6
2020-07-09 12:00:00,0.6583614737630743,3.5553480614894135,0.06688256587288599,-1983.4
2020-07-09 13:00:00,0.6892583908764895,3.5553480614894135,0.05223251350574731,-1977.2
2020-07-09 14:00:00,0.7292098907448996,3.6109179126442243,0.060449564586924964,-1988.3
2020-07-09 15:00:00,0.6895292597758349,3.6635616461296463,0.06528592521694776,-1957.4
2020-07-09 16:00:00,0.6581745618784476,3.784189633918261,0.05553617727648774,-1821.9
2020-07-09 17:00:00,0.6456147652021609,4.007333185232471,0.06388015614223264,-1808.6
2020-07-09 18:00:00,0.5989049401555331,4.110873864173311,0.056673616979693975,-1850.3
2020-07-09 19:00:00,0.6122219591817317,4.189654742026425,0.05895189059286565,-1844.5
2020-07-09 20:00:00,0.5971151622152258,4.30406509320417,0.05292048046533626,-1738.8
2020-07-09 21:00:00,0.5870923341953111,4.454347296253507,0.05555199508480779,-1548.0
2020-07-09 22:00:00,0.6046826580002036,4.59511985013459,0.04546027830298538,-1306.5
2020-07-09 23:00:00,0.6616128189436972,4.787491742782046,0.029366952856305417,-1022.1
2020-07-10 00:00:00,0.695710626463945,4.672828834461906,0.0031526125578968944,-434.2
2020-07-10 01:00:00,0.7497672643264139,4.804021044733257,0.002938865495899279,-228.6
2020-07-10 02:00:00,0.7757697612407233,4.962844630259907,0.01610693967784016,-117.0
2020-07-10 03:00:00,0.7236060696357032,5.147494476813453,0.003906395793086936,-70.7
2020-07-10 04:00:00,0.825514652155952,5.303304908059076,0.005275493191239988,-133.3
2020-07-10 05:00:00,0.7869498588241233,5.389071729816501,0.01478379227822213,-517.9
2020-07-10 06:00:00,0.7116900671386777,5.438079308923196,0.04573307579404151,-941.2
2020-07-10 07:00:00,0.6404568773662729,5.429345628954441,0.049487114716281866,-1448.6
2020-07-10 08:00:00,0.6436300018762253,5.43372200355424,0.0459361521095758,-1854.1
2020-07-10 09:00:00,0.6219919952096307,5.501258210544727,0.06685094116620771,-1914.6
2020-07-10 10:00:00,0.6687205603261037,5.545177444479562,0.060226778576708107,-2068.0
2020-07-10 11:00:00,0.6850476960113716,5.568344503761097,0.06680986009077117,-2050.7
2020-07-10 12:00:00,0.7027462793450456,5.6240175061873385,0.06022555883696423,-1946.0
2020-07-10 13:00:00,0.7110372007888421,5.700443573390687,0.04594209482095657,-1834.4
2020-07-10 14:00:00,0.7021648173583528,5.697093486505405,0.051784757861514485,-1778.1
2020-07-10 15:00:00,0.7114938540179714,5.579729825986222,0.06441042087815241,-1748.3
2020-07-10 16:00:00,0.6916022651371492,5.472270673671475,0.06722103041516547,-1682.8
2020-07-10 17:00:00,0.6835242112086855,5.351858133476067,0.05727526085574475,-1642.9
2020-07-10 18:00:00,0.681047113944945,5.187385805840755,0.05169141301897451,-1700.7
2020-07-10 19:00:00,0.6903557728119902,5.0238805208462765,0.06680016520805676,-1569.0
2020-07-10 20:00:00,0.5868967523394493,4.927253685157205,0.029525750357746183,-1151.4
2020-07-10 21:00:00,0.5995143785337271,4.844187086458591,0.02325416122551971,-987.7
2020-07-10 22:00:00,0.5705928733219974,4.804021044733257,0.025954011525191056,-655.3
2020-07-10 23:00:00,0.43760507747489585,4.7535901911063645,0.025178415258649167,-104.6
2020-07-11 00:00:00,0.19440164568458917,3.970291913552122,0.01133265261340366,31.0
2020-07-11 01:00:00,0.3249096499509574,3.9318256327243257,0.019949920689828815,295.1
2020-07-11 02:00:00,0.26429798969334284,3.871201010907891,0.027238074803441314,302.3
2020-07-11 03:00:00,-0.09687971212776514,3.784189633918261,0.02030310667002766,306.6
2020-07-11 04:00:00,-0.1520720872773147,3.6375861597263857,0.01737769544578338,312.1
2020-07-11 05:00:00,-0.15776600787841977,3.4339872044851463,0.03229989180331483,227.4
2020-07-11 06:00:00,-0.15087372469720273,3.2188758248682006,0.04711684115294901,260.0
2020-07-11 07:00:00,0.4987500911761056,3.1354942159291497,0.04000988762862967,254.9
2020-07-11 08:00:00,0.46146585503703363,2.995732273553991,0.03589767044821013,154.0
2020-07-11 09:00:00,0.5054163064958059,3.091042453358316,0.03443775323263587,-75.9
2020-07-11 10:00:00,0.551894835595137,3.295836866004329,0.02684007496457319,-223.5
2020-07-11 11:00:00,0.5616354447695961,3.4339872044851463,0.022610288318455574,-154.3
2020-07-11 12:00:00,0.5561904364101049,3.5263605246161616,0.030096108383505182,-1.1
2020-07-11 13:00:00,0.5303155335237739,3.6109179126442243,0.01851325681861038,150.9
2020-07-11 14:00:00,0.5308011216567508,3.4011973816621555,0.03182730557197111,215.0
2020-07-11 15:00:00,0.3974532421758199,3.4339872044851463,0.024545979867742318,265.2
2020-07-11 16:00:00,0.3709352773505854,3.5263605246161616,0.02232301757208699,275.0
2020-07-11 17:00:00,0.4081561185743152,3.6109179126442243,0.016086726642243754,149.8
2020-07-11 18:00:00,0.583594804749421,3.6888794541139363,0.014536214242742318,-574.1
2020-07-11 19:00:00,0.5804855796371173,3.713572066704308,0.03861937405341642,-614.8
2020-07-11 20:00:00,0.6112881341019212,3.828641396489095,0.02379385472363893,-569.5
2020-07-11 21:00:00,0.6702526069561157,4.060443010546419,0.013219000177032036,-632.7
2020-07-11 22:00:00,0.7006636323236384,4.382026634673881,0.011782350465193048,-467.5
2020-07-11 23:00:00,0.7268850174262451,4.564348191467836,0.019986473164440355,-238.1
2020-07-12 00:00:00,0.7405244949598087,4.110873864173311,0.015286716877240814,-69.6
2020-07-12 01:00:00,0.729702727752084,4.204692619390966,0.009045993600825142,169.3
2020-07-12 02:00:00,0.7228002664722348,4.330733340286331,0.000131913256940841,210.6
2020-07-12 03:00:00,0.09991416898952199,4.394449154672439,0.017564914749036653,198.0
2020-07-12 04:00:00,0.2612411204839169,4.442651256490317,0.02428966207872829,200.8
2020-07-12 05:00:00,0.5603148286233743,4.343805421853684,0.025070966173299958,130.1
2020-07-12 06:00:00,0.5572886133301234,3.9889840465642745,0.025516816211042403,165.3
2020-07-12 07:00:00,0.6328930618303903,3.6109179126442243,0.018987452302912544,171.8
2020-07-12 08:00:00,0.5564377414540296,3.367295829986474,0.03197388058082584,119.1
2020-07-12 09:00:00,0.5884820436510894,3.258096538021482,0.03895955544952834,-17.0
2020-07-12 10:00:00,0.5568673163169158,3.258096538021482,0.036940754271798326,-58.6
2020-07-12 11:00:00,0.5860224854213616,3.332204510175204,0.036412418700509264,-132.1
2020-07-12 12:00:00,0.6172999867189768,3.4657359027997265,0.03664557106369859,-39.7
2020-07-12 13:00:00,0.539212931487695,3.5553480614894135,0.017588052188206582,149.3
2020-07-12 14:00:00,0.5380730499772022,3.4965075614664802,0.03856998752484042,191.8
2020-07-12 15:00:00,0.49427789891916296,3.4339872044851463,0.040476130892980855,205.1
2020-07-12 16:00:00,0.4302429909995009,3.4011973816621555,0.04318926440774096,240.2
2020-07-12 17:00:00,0.4175727990947271,3.367295829986474,0.03317949878274096,138.7
2020-07-12 18:00:00,0.5273516792641333,3.4339872044851463,0.022699746524144082,-256.7
2020-07-12 19:00:00,0.6227917975619537,3.6109179126442243,0.04587169967008009,-881.4
2020-07-12 20:00:00,0.6128775593298128,3.784189633918261,0.024684814097145846,-961.9
2020-07-12 21:00:00,0.6303338878528613,4.007333185232471,0.032563519005870845,-845.5
2020-07-12 22:00:00,0.662204014063863,4.04305126783455,0.028667835109009943,-633.3
2020-07-12 23:00:00,0.6349257847023986,3.9318256327243257,0.03044298808271506,-167.4
2020-07-13 00:00:00,0.5836982270072648,4.394449154672439,0.01839158835994681,-68.8
2020-07-13 01:00:00,0.7318943139789869,4.30406509320417,0.019514838672257007,131.9
2020-07-13 02:00:00,0.719051497116451,4.356708826689592,0.0182651047247262,97.8
2020-07-13 03:00:00,0.7637974479114189,4.51085950651685,0.010931518538836116,71.6
2020-07-13 04:00:00,0.8346982865679191,4.68213122712422,0.007373414861032046,67.7
2020-07-13 05:00:00,0.7632453328880007,4.663439094112067,0.01806576935936821,-232.3
2020-07-13 06:00:00,0.6323268889218201,4.477336814478207,0.024791245456860622,-428.6
2020-07-13 07:00:00,0.5277061998585548,4.382026634673881,0.030466460622761815,-813.5
2020-07-13 08:00:00,0.5432154820043933,4.394449154672439,0.023812255033199392,-1218.8
2020-07-13 09:00:00,0.5728848028007194,4.406719247264253,0.026034084109872957,-1412.1
2020-07-13 10:00:00,0.6070475096132193,4.382026634673881,0.02769475904465679,-1602.2
2020-07-13 11:00:00,0.6285538997126245,4.48863636973214,0.03509659677195831,-1634.3
2020-07-13 12:00:00,0.6538825302897164,4.5217885770490405,0.035631746862506475,-1568.2
2020-07-13 13:00:00,0.6740934960188105,4.532599493153256,0.025156263598819173,-1504.5
2020-07-13 14:00:00,0.6589291639203663,4.543294782270004,0.04482084241868023,-1373.2
2020-07-13 15:00:00,0.6449850091805072,4.584967478670572,0.04331354773945861,-1319.8
2020-07-13 16:00:00,0.6146646399142734,4.605170185988092,0.03467863889359002,-1258.8
2020-07-13 17:00:00,0.566940653959279,4.553876891600541,0.026045409309928935,-1298.6
2020-07-13 18:00:00,0.5184552580943294,4.634728988229636,0.020735561732177388,-1295.6
2020-07-13 19:00:00,0.459263603471709,4.795790545596741,0.03440743673217739,-1222.3
2020-07-13 20:00:00,0.46413342549564307,5.017279836814924,0.03384406808725782,-1095.6
2020-07-13 21:00:00,0.4548028241551738,5.1647859739235145,0.02225881285127862,-876.2
2020-07-13 22:00:00,0.5157989999084411,5.187385805840755,0.016087652520782036,-750.7
2020-07-13 23:00:00,0.5326706646094697,5.176149732573829,0.02875483184486516,-411.3
2020-07-14 00:00:00,0.7706327965172344,4.948759890378168,0.02693561215485296,-684.4
2020-07-14 01:00:00,0.8443185643004991,4.941642422609304,0.0214948979893812,-605.3
2020-07-14 02:00:00,0.9398016458877794,4.941642422609304,0.019610403848865587,-593.5
2020-07-14 03:00:00,1.008376429783541,4.948759890378168,0.017777298843697942,-612.9
2020-07-14 04:00:00,0.9911589151748887,4.941642422609304,0.02279934919322102,-595.6
2020-07-14 05:00:00,0.8045678632078359,4.90527477843843,0.015858149518190423,-762.1
2020-07-14 06:00:00,0.6247935384697216,4.897839799950911,0.014034353763274332,-792.4
2020-07-14 07:00:00,0.46081934785498824,4.844187086458591,0.01674251899535406,-1148.3
2020-07-14 08:00:00,0.36163044977118997,4.736198448394496,0.023575034848644982,-1548.5
2020-07-14 09:00:00,0.3867976353247058,4.700480365792417,0.026823462666084374,-1571.0
2020-07-14 10:00:00,0.4084752526555331,4.663439094112067,0.033019204830570636,-1630.3
2020-07-14 11:00:00,0.4577268715709084,4.6443908991413725,0.033934203255241435,-1587.8
2020-07-14 12:00:00,0.4928227942408818,4.653960350157523,0.037084166270125785,-1562.8
2020-07-14 13:00:00,0.5370485833359884,4.634728988229636,0.029371825325553935,-1455.7
2020-07-14 14:00:00,0.5322702068648333,4.430816798843313,0.030323379324927124,-1303.3
2020-07-14 15:00:00,0.5266463510649584,4.1588830833596715,0.034010868099453084,-1182.1
2020-07-14 16:00:00,0.522099296831084,4.07753744390572,0.029837589290859334,-1125.7
2020-07-14 17:00:00,0.471714775346709,3.9512437185814275,0.0387568832686469,-1123.3
2020-07-14 18:00:00,0.45004664277686324,3.7612001156935624,0.0363130354120873,-1080.2
2020-07-14 19:00:00,0.3663305415844973,3.6375861597263857,0.03744280898287666,-974.7
2020-07-14 20:00:00,0.4516907996951991,3.6109179126442243,0.021918949479129424,-824.2
2020-07-14 21:00:00,0.4794257300405582,3.6635616461296463,0.02860636078215073,-735.6
2020-07-14 22:00:00,0.5239924769315563,3.7376696182833684,0.02905534661128506,-708.5
2020-07-14 23:00:00,0.6172522482808382,3.6888794541139363,0.024522761148628724,-524.6
2020-07-15 00:00:00,0.7568009842139927,4.060443010546419,0.03333959528485231,-614.0
2020-07-15 01:00:00,0.8673149897127437,3.970291913552122,0.03507214047615914,-549.7
2020-07-15 02:00:00,0.9582711488791493,3.8501476017100584,0.03620735087786997,-342.1
2020-07-15 03:00:00,0.9976358881547145,3.6635616461296463,0.03603289338471871,-262.1
2020-07-15 04:00:00,0.9659711258886747,3.58351893845611,0.039118842126770303,-213.8
2020-07-15 05:00:00,0.8196684360205149,3.4339872044851463,0.027531213257068643,-751.7
2020-07-15 06:00:00,0.622502701834327,3.044522437723423,0.012550591977957382,-772.6
2020-07-15 07:00:00,0.48737465350565,2.8903717578961645,0.002667041768673606,-1055.6
2020-07-15 08:00:00,0.44128452602959145,3.091042453358316,0.0035853544497141954,-1447.6
2020-07-15 09:00:00,0.44886814419365395,3.4339872044851463,0.004907601554035246,-1477.3
2020-07-15 10:00:00,0.455718008832247,3.784189633918261,0.00641576598927962,-1597.7
2020-07-15 11:00:00,0.5000954136679496,4.060443010546419,0.0030606258165226663,-1606.8
2020-07-15 12:00:00,0.5281639561484184,4.30406509320417,0.0017217810039280579,-1609.2
2020-07-15 13:00:00,0.5714603875143043,4.48863636973214,-0.005188801325254566,-1559.6
2020-07-15 14:00:00,0.5825717296199864,4.663439094112067,0.0018197588688062538,-1492.5
2020-07-15 15:00:00,0.546685730713321,4.820281565605037,0.004501041764285674,-1407.3
2020-07-15 16:00:00,0.5587923900011345,4.897839799950911,-0.0011406009606131917,-1287.9
2020-07-15 17:00:00,0.5647507996868328,4.867534450455582,0.0036462957744358704,-1324.4
2020-07-15 18:00:00,0.5140517542654437,4.762173934797756,0.004169457633136808,-1016.9
2020-07-15 19:00:00,0.49117558614843615,4.6443908991413725,0.017983929278815758,-953.4
2020-07-15 20:00:00,0.4972868161648383,4.59511985013459,-0.0011799301251995686,-871.4
2020-07-15 21:00:00,0.4884116860054504,4.718498871295094,0.00690237523145143,-806.7
2020-07-15 22:00:00,0.549604144365115,4.9344739331306915,0.012673793495085128,-848.6
2020-07-15 23:00:00,0.6285749844122672,5.099866427824199,0.016732969153372856,-596.6
2020-07-16 00:00:00,0.8594247931203076,5.099866427824199,0.03161564721448862,-799.5
2020-07-16 01:00:00,0.9330295650397593,5.123963979403259,0.03168852269489619,-723.6
2020-07-16 02:00:00,0.9478307822358145,5.0238805208462765,0.032416467227981194,-604.8
2020-07-16 03:00:00,1.0173842850588106,4.8283137373023015,0.033279577708817065,-585.8
2020-07-16 04:00:00,1.0128752161317163,4.574710978503383,0.0346151746249701,-577.5
2020-07-16 05:00:00,0.9146309786258269,4.1588830833596715,0.02374495080588357,-796.7
2020-07-16 06:00:00,0.731777533250618,3.58351893845611,0.0019883322672029635,-670.6
2020-07-16 07:00:00,0.583138496278579,3.1354942159291497,-0.008404250148608128,-1273.6
2020-07-16 08:00:00,0.5250056790572586,3.091042453358316,-0.011658077848174742,-1709.0
2020-07-16 09:00:00,0.5429869577750477,3.258096538021482,-0.01424431289557404,-1734.7
2020-07-16 10:00:00,0.5450859723172483,3.4011973816621555,-0.012203068279631246,-1724.8
2020-07-16 11:00:00,0.5820582913619461,3.5263605246161616,-0.011297816778498948,-1733.8
2020-07-16 12:00:00,0.6122800225676355,3.6109179126442243,-0.01160806947294013,-1697.1
2020-07-16 13:00:00,0.6496858310419422,3.6888794541139363,-0.03037878869151811,-1652.8
2020-07-16 14:00:00,0.694914786175997,3.784189633918261,-0.017383894910150133,-1694.3
2020-07-16 15:00:00,0.6607732847885308,3.871201010907891,-0.012955332977833578,-1600.2
2020-07-16 16:00:00,0.65600300836494,4.007333185232471,-0.016027911541496742,-1508.1
2020-07-16 17:00:00,0.6515687746722683,4.143134726391533,-0.01087564759794013,-1602.8
2020-07-16 18:00:00,0.5787242716483596,4.219507705176107,-0.008245929119621742,-1280.6
2020-07-16 19:00:00,0.5924952921041369,4.248495242049359,-0.0017330612287151936,-1209.9
2020-07-16 20:00:00,0.5887608947453682,4.454347296253507,-0.012134970122877675,-1098.3
2020-07-16 21:00:00,0.5870923341953111,4.8283137373023015,-0.0036131275671733576,-878.5
2020-07-16 22:00:00,0.6076883711136967,5.204006687076795,0.005393285706099427,-736.4
2020-07-16 23:00:00,0.656526984713691,5.429345628954441,0.011310169109062684,-634.7
2020-07-17 00:00:00,0.838398730193689,5.4510384535657,-0.011316198562019153,-505.7
2020-07-17 01:00:00,0.9108525018223403,5.44673737166631,-0.0038331694140456563,-422.5
2020-07-17 02:00:00,1.007224888800891,5.402677381872279,0.008219574844674504,-391.8
2020-07-17 03:00:00,1.0802810135744356,5.288267030694535,0.003906395793086936,-352.9
2020-07-17 04:00:00,1.0426559741091346,5.159055299214529,0.0018722000595321475,-140.5
2020-07-17 05:00:00,0.8851319891571183,4.919980925828125,-0.005261422323009413,-197.5
2020-07-17 06:00:00,0.7325369287782006,4.51085950651685,-0.025725888188103063,-280.5
2020-07-17 07:00:00,0.6778444094378933,4.143134726391533,-0.040003456034778395,-916.4
2020-07-17 08:00:00,0.6067216609391548,4.30406509320417,-0.04526371267880602,-1321.4
2020-07-17 09:00:00,0.5809395400814061,4.700480365792417,-0.0449205156921888,-1296.7
2020-07-17 10:00:00,0.5905597825947333,5.0369526024136295,-0.04915042717173357,-1121.4
2020-07-17 11:00:00,0.5927225930505,5.2574953720277815,-0.04729331860721242,-902.0
2020-07-17 12:00:00,0.6236875079233792,5.384495062789089,-0.04968888727422005,-774.0
2020-07-17 13:00:00,0.6106184530417944,5.459585514144159,-0.051067641619449766,-514.7
2020-07-17 14:00:00,0.5774319207269993,5.53338948872752,-0.043810362819506565,-360.1
2020-07-17 15:00:00,0.5508461291384315,5.634789603169249,-0.04053247105257718,-215.1
2020-07-17 16:00:00,0.4859376494302925,5.733341276897746,-0.03479709650328022,-147.3
2020-07-17 17:00:00,0.48795742766471006,5.771441123130016,-0.04305696010954563,-170.1
2020-07-17 18:00:00,0.47043204850837883,5.723585101952381,-0.04342776306019758,-175.7
2020-07-17 19:00:00,0.5056056907048099,5.680172609017068,-0.020387749870124594,-187.1
2020-07-17 20:00:00,0.4172403349525893,5.736572297479192,-0.03487864161323717,-169.4
2020-07-17 21:00:00,0.4120133798982235,5.857933154483459,-0.03336473277398877,-189.0
2020-07-17 22:00:00,0.41367532769328363,5.973809611869261,-0.027771387830972216,-255.4
2020-07-17 23:00:00,0.4005158759638099,6.028278520230698,-0.015643579261606533,-260.0
2020-07-18 00:00:00,0.4928193500427034,5.945420608606575,-0.004120193509944414,-206.1
2020-07-18 01:00:00,0.5552996097859348,5.780743515792329,-0.0011268439901197524,-158.6
2020-07-18 02:00:00,0.4963725171023725,5.648974238161206,0.008274874095685725,-93.8
2020-07-18 03:00:00,0.6056768426111074,5.53338948872752,0.004465671571401764,-36.4
2020-07-18 04:00:00,0.6800202089838252,5.342334251964811,0.00034150829321522025,17.3
2020-07-18 05:00:00,0.8241425760529824,4.983606621708336,0.007551722114120807,-69.3
2020-07-18 06:00:00,0.7931596186124779,4.477336814478207,0.016106604410389025,-223.8
2020-07-18 07:00:00,0.7575072030194772,3.9889840465642745,0.00503364482318247,-364.6
2020-07-18 08:00:00,0.6637573535036658,3.6109179126442243,-0.008838223393181188,-463.9
2020-07-18 09:00:00,0.6194139461530406,3.367295829986474,-0.01979868709210919,-612.1
2020-07-18 10:00:00,0.6159372019222324,3.367295829986474,-0.02498499290001277,-606.1
2020-07-18 11:00:00,0.633117850189171,3.5553480614894135,-0.02836278404575765,-463.3
2020-07-18 12:00:00,0.6568790387071881,3.871201010907891,-0.025877049895142612,-417.9
2020-07-18 13:00:00,0.6766353197704844,4.189654742026425,-0.03633753196251277,-275.3
2020-07-18 14:00:00,0.6534981721155635,4.343805421853684,-0.018235285286507974,-274.7
2020-07-18 15:00:00,0.6730627333933317,4.394449154672439,-0.024601390949531066,-289.4
2020-07-18 16:00:00,0.6213946393117582,4.356708826689592,-0.03281315088709391,-317.8
2020-07-18 17:00:00,0.5957854747412772,4.3694478524670215,-0.038992128502877144,-406.6
2020-07-18 18:00:00,0.5691790113862796,4.477336814478207,-0.029266408415650425,-494.1
2020-07-18 19:00:00,0.5673808679162371,4.584967478670572,-0.008239797087525425,-560.9
2020-07-18 20:00:00,0.4298428369872429,4.795790545596741,-0.02126353084210919,-187.0
2020-07-18 21:00:00,0.4581007291200083,5.087596335232384,-0.025960176974914262,-126.4
2020-07-18 22:00:00,0.47266962687567915,5.327876168789581,-0.023496561970484997,-29.1
2020-07-18 23:00:00,-0.026186259527441802,5.476463551931511,-0.01464902349831565,77.1
2020-07-19 00:00:00,-0.1131899718458933,5.786897381366708,-0.013700819996011582,-296.1
2020-07-19 01:00:00,-0.07403986125803086,5.817111159963204,-0.0067378741004366915,-346.6
2020-07-19 02:00:00,0.023132336211852733,5.8805329864007,-0.011218946411748476,-370.9
2020-07-19 03:00:00,0.0904712281892397,5.924255797414532,0.00508602337584918,-374.1
2020-07-19 04:00:00,0.13356340311085502,5.84354441703136,0.008416312922437719,-352.0
2020-07-19 05:00:00,0.12735247105798786,5.634789603169249,0.01138774242184315,-293.8
2020-07-19 06:00:00,0.24196520120188714,5.351858133476067,0.011880241261496671,-244.5
2020-07-19 07:00:00,0.5994279055358436,5.176149732573829,0.003203584601650711,-270.1
2020-07-19 08:00:00,0.5405011491912166,5.332718793265369,-0.01937546604742746,-569.7
2020-07-19 09:00:00,0.48495441689942753,5.638354669333745,-0.032537552449620755,-692.9
2020-07-19 10:00:00,0.4436242804468198,5.855071922202427,-0.044199046216111704,-780.3
2020-07-19 11:00:00,0.4450710246608329,5.955837369464831,-0.045825679536463326,-804.7
2020-07-19 12:00:00,0.5062005743921323,5.983936280687191,-0.0487142778874583,-862.9
2020-07-19 13:00:00,0.543279630870249,5.998936561946683,-0.06380921038258869,-822.9
2020-07-19 14:00:00,0.5448184381167338,6.0063531596017325,-0.04096316599754335,-678.9
2020-07-19 15:00:00,0.5477576424853967,5.968707559985366,-0.045893309259528614,-822.5
2020-07-19 16:00:00,0.48749628600086625,5.8971538676367405,-0.0497309521000453,-823.1
2020-07-19 17:00:00,0.4451227508629576,5.802118375377063,-0.05755492450506505,-953.9
2020-07-19 18:00:00,0.4035626195475377,5.71042701737487,-0.057596800470466114,-1103.9
2020-07-19 19:00:00,0.4243261746581166,5.605802066295998,-0.036279734692674204,-1249.9
2020-07-19 20:00:00,0.40819240644899946,5.552959584921617,-0.051461894746424264,-1229.7
2020-07-19 21:00:00,0.4135453284210291,5.662960480135946,-0.044519480786424204,-1081.1
2020-07-19 22:00:00,0.4605600148541309,5.811140992976701,-0.034420960186996474,-996.5
2020-07-19 23:00:00,0.4939777944228263,5.820082930352362,-0.019621873518717692,-561.7
2020-07-20 00:00:00,0.5606238299470527,5.4680601411351315,-0.0107584576548021,-1192.9
2020-07-20 01:00:00,0.573302684227142,5.44673737166631,-0.008783597450170433,-1073.9
2020-07-20 02:00:00,0.592400258649743,5.455321115357702,-0.0022835635026616785,-1001.1
2020-07-20 03:00:00,0.7096175315376261,5.476463551931511,-0.004054352688968699,-1001.7
2020-07-20 04:00:00,0.6540788578444952,5.41610040220442,-0.009918082249028792,-1056.2
2020-07-20 05:00:00,0.5353636837390074,5.198497031265826,-0.016867360148637545,-1303.1
2020-07-20 06:00:00,0.2983319988965141,4.890349128221754,-0.039956283937297776,-1130.8
2020-07-20 07:00:00,0.20214618158843844,4.727387818712341,-0.05727245368524514,-1282.0
2020-07-20 08:00:00,0.23547072677646508,4.8283137373023015,-0.06748637396805002,-1451.5
2020-07-20 09:00:00,0.2531829191141668,5.030437921392435,-0.06618311043340253,-1507.3
2020-07-20 10:00:00,0.3043742026757048,5.198497031265826,-0.07542683036204956,-1597.6
2020-07-20 11:00:00,0.29677650739561967,5.365976015021851,-0.07186008841869018,-1605.1
2020-07-20 12:00:00,0.25637945217191005,5.541263545158426,-0.07503382102501277,-1522.1
2020-07-20 13:00:00,0.2579163325075462,5.645446897643238,-0.087299108949777,-1507.6
2020-07-20 14:00:00,0.2165674510365574,5.638354669333745,-0.061500749718697456,-1488.0
2020-07-20 15:00:00,0.16405933111019078,5.598421958998375,-0.06375127169690042,-1396.4
2020-07-20 16:00:00,0.12685314400273118,5.602118820879701,-0.0677930928583459,-1266.3
2020-07-20 17:00:00,0.11642163642427983,5.58724865840025,-0.07062359822943964,-1334.6
2020-07-20 18:00:00,0.10697756013177084,5.501258210544727,-0.06663378912918283,-1356.4
2020-07-20 19:00:00,0.04425590260295209,5.420534999272286,-0.056189458620049315,-1274.2
2020-07-20 20:00:00,0.034709890436484425,5.3981627015177525,-0.05623230724519512,-1199.2
2020-07-20 21:00:00,0.03434126055736675,5.3981627015177525,-0.05417817207790687,-1081.1
2020-07-20 22:00:00,0.06291950172064853,5.420534999272286,-0.04492645323436406,-976.9
2020-07-20 23:00:00,0.10156312588796768,5.459585514144159,-0.02431663593853628,-857.4
2020-07-21 00:00:00,0.2393215065263381,5.123963979403259,-0.013114234165431782,-388.8
2020-07-21 01:00:00,0.18109880428202718,5.147494476813453,-0.014749159701697323,-249.3
2020-07-21 02:00:00,0.059742234825280516,5.214935757608986,-0.014717909680784125,-221.4
2020-07-21 03:00:00,-0.10492791492001463,5.298317366548036,-0.014409387652203343,-223.7
2020-07-21 04:00:00,-0.15034493812253413,5.327876168789581,-0.013776156293332953,-230.9
2020-07-21 05:00:00,0.1743494529491758,5.220355825078324,-0.02026315889580399,-251.6
2020-07-21 06:00:00,-0.04863385159966782,5.049856007249537,-0.04144479855695504,-162.6
2020-07-21 07:00:00,-0.23120738440846722,4.919980925828125,-0.05524622627519804,-161.4
2020-07-21 08:00:00,-0.22441859523238827,4.736198448394496,-0.05937404813210634,-414.1
2020-07-21 09:00:00,-0.13364431946286093,4.812184355372417,-0.05707028831821859,-613.7
2020-07-21 10:00:00,-0.0838049037874633,4.927253685157205,-0.056108575065437094,-729.6
2020-07-21 11:00:00,-0.04627156074701588,5.0106352940962555,-0.054224114616218344,-719.9
2020-07-21 12:00:00,-0.047101780804359006,4.990432586778736,-0.056687255777223555,-615.0
2020-07-21 13:00:00,0.020935318478210174,4.976733742420574,-0.059846376057948625,-659.6
2020-07-21 14:00:00,0.018496902261500026,5.003946305945459,-0.052673540246041206,-593.7
2020-07-21 15:00:00,-0.004593878096369242,5.043425116919247,-0.05158106223595027,-529.6
2020-07-21 16:00:00,-0.05314070928515413,5.111987788356544,-0.05575434104454402,-409.8
2020-07-21 17:00:00,0.022280266727864095,5.278114659230517,-0.05212297049890324,-715.2
2020-07-21 18:00:00,0.003969719852864095,5.384495062789089,-0.04626059576618324,-750.0
2020-07-21 19:00:00,-0.08573538697457073,5.521460917862246,-0.036665163170845894,-746.9
2020-07-21 20:00:00,-0.025393943357392867,5.707110264748875,-0.05095407345928926,-673.0
2020-07-21 21:00:00,-0.040341831101093906,5.8664680569332965,-0.04527017453350801,-529.0
2020-07-21 22:00:00,0.005749759926295006,6.008813185442595,-0.033431891755729026,-561.6
2020-07-21 23:00:00,0.07342870679983493,6.102558594613569,-0.0244266513689384,-472.1
2020-07-22 00:00:00,0.07220608546936447,6.180016653652572,-0.0009747840786644701,-712.3
2020-07-22 01:00:00,-0.4132450938313086,6.206575926724928,-0.005428332786474144,-661.5
2020-07-22 02:00:00,-0.4070233950469948,6.2422232654551655,-0.00698117916601948,-657.3
2020-07-22 03:00:00,-0.3770529268448679,6.272877006546167,-0.007352906292356742,-705.0
2020-07-22 04:00:00,-0.3713779721859396,6.2878585601617845,-0.007454026234014144,-702.4
2020-07-22 05:00:00,-0.19388398869943746,6.295266001439646,-0.011733505264874822,-722.8
2020-07-22 06:00:00,-0.13282172367750933,6.293419278846481,-0.027563187215245755,-1055.4
2020-07-22 07:00:00,-0.23978941233254947,6.297109319933935,-0.040748987928628466,-1229.3
2020-07-22 08:00:00,-0.3282184734449989,6.326149473155099,-0.041097403017159806,-1232.5
2020-07-22 09:00:00,-0.26835022046173096,6.385194398997726,-0.03302621364958469,-1263.3
2020-07-22 10:00:00,-0.20106152755682327,6.413458957167357,-0.031171187760138608,-1306.5
2020-07-22 11:00:00,-0.258985362570364,6.4457198193855785,-0.028462065555454608,-1327.0
2020-07-22 12:00:00,-0.4778227180860355,6.48768401848461,-0.03173293546057909,-1314.2
2020-07-22 13:00:00,-0.4444601853086918,6.546785410760524,-0.03777824342420111,-1361.8
2020-07-22 14:00:00,-0.41782117870081636,6.62273632394984,-0.03002679478304593,-1381.4
2020-07-22 15:00:00,-0.31455986909012257,6.68586094706836,-0.028154921209766925,-1386.3
2020-07-22 16:00:00,-0.30015608760604406,6.742880635791903,-0.031786513006641925,-1412.2
2020-07-22 17:00:00,-0.29695174190291906,6.8001700683022,-0.03083988029673357,-1499.4
2020-07-22 18:00:00,-0.43762308032355124,6.863803391452954,-0.026476454412891925,-1624.3
2020-07-22 19:00:00,-0.46456511151640956,6.902742737158593,-0.007750892889998973,-1686.5
2020-07-22 20:00:00,-0.524815942323954,6.9440872082295275,-0.030318307936968658,-1671.3
2020-07-22 21:00:00,-0.47995819491359426,6.966967138613983,-0.02643404503614022,-1706.7
2020-07-22 22:00:00,-0.7040568933419378,6.985641817639208,-0.01692667628120592,-1705.3
2020-07-22 23:00:00,-0.7394741395408972,7.011213987350367,-0.0114379078133231,-1703.8
2020-07-23 00:00:00,-0.4524321065512824,7.023758954738443,-0.003786279836427653,-1293.5
2020-07-23 01:00:00,-0.542950400475114,7.02197642307216,-0.0042704076925481615,-1334.8
2020-07-23 02:00:00,-0.508870127934612,7.0192966537150445,-0.006180832270163528,-1336.2
2020-07-23 03:00:00,-0.492846977291842,7.018401799069201,-0.006566330838382761,-1363.7
2020-07-23 04:00:00,-0.6136989785453713,7.01301578963963,-0.006206819895285598,-1355.1
2020-07-23 05:00:00,-0.3551524497951333,7.00033446027523,-0.008714530110233376,-1415.1
2020-07-23 06:00:00,-0.3755380305457936,6.9650803456014065,-0.025113597510588725,-1562.7
2020-07-23 07:00:00,-0.43024874359734255,6.93828448401696,-0.03702305545426121,-1517.1
2020-07-23 08:00:00,-0.6195163109149291,6.904750769961838,-0.03874306684810147,-1605.4
2020-07-23 09:00:00,-0.7283985228183218,6.890609120147166,-0.0358834879990555,-1657.6
2020-07-23 10:00:00,-0.718153922098542,6.881411303642535,-0.03366531262576711,-1623.4
2020-07-23 11:00:00,-0.7644402425930015,6.878326468291325,-0.031748427249790545,-1636.2
2020-07-23 12:00:00,-0.7147145962709636,6.88653164253051,-0.03506656486704607,-1604.5
2020-07-23 13:00:00,-0.6934211973943583,6.880384082186005,-0.05188499391248236,-1615.5
2020-07-23 14:00:00,-0.6780495988400361,6.870053411798126,-0.03808856827184126,-1614.9
2020-07-23 15:00:00,-0.6127327855254834,6.853299093186078,-0.034550002459293516,-1566.7
2020-07-23 16:00:00,-0.5662518407984451,6.823286122355687,-0.038639357928043516,-1514.7
2020-07-23 17:00:00,-0.47940169766245955,6.786716950605081,-0.03433414299204607,-1522.3
2020-07-23 18:00:00,-0.5882907439041503,6.774223886357614,-0.030857375506168516,-1535.7
2020-07-23 19:00:00,-0.5133372445374595,6.752270376141742,-0.021412619175161574,-1521.2
2020-07-23 20:00:00,-0.6795018908883521,6.706862336602747,-0.03620729943067147,-1453.1
2020-07-23 21:00:00,-0.6351942349860513,6.658011045870748,-0.0308399402673869,-1357.3
2020-07-23 22:00:00,-0.5879161835417228,6.57507584059962,-0.017937571056596546,-1290.4
2020-07-23 23:00:00,-0.5383519639847001,6.431331081933479,-0.011455041663950283,-1192.6
2020-07-24 00:00:00,-0.5702058719311662,5.918893854273146,-0.02032526850438554,-919.2
2020-07-24 01:00:00,-0.5101848077414233,5.739792912179234,-0.012934483660391294,-887.4
2020-07-24 02:00:00,-0.4443031052135473,5.755742213586912,-0.007744276144339146,-903.9
2020-07-24 03:00:00,-0.37325490509967185,5.771441123130016,-0.012148994960210935,-928.1
2020-07-24 04:00:00,-0.3499956875062227,5.707110264748875,-0.01879443674902692,-918.6
2020-07-24 05:00:00,-0.45249096558696,5.634789603169249,-0.022278282181378728,-932.4
2020-07-24 06:00:00,-0.16601164471953456,5.659482215759621,-0.04330875874596973,-1050.6
2020-07-24 07:00:00,-0.33200412597493645,5.700443573390687,-0.05285159851262744,-1408.9
2020-07-24 08:00:00,-0.28125315081771207,5.645446897643238,-0.052636047281129805,-1507.5
2020-07-24 09:00:00,-0.15337891897021105,5.683579767338681,-0.04699735963702789,-1606.9
2020-07-24 10:00:00,-0.06402086751577407,5.746203190540153,-0.054323744451954425,-1672.6
2020-07-24 11:00:00,-0.014597882823128128,5.817111159963204,-0.05351095521808258,-1699.8
2020-07-24 12:00:00,-0.03611413987985257,5.831882477283517,-0.05906884140403523,-1650.2
2020-07-24 13:00:00,-0.021075948304487113,5.746203190540153,-0.05941842083686932,-1588.0
2020-07-24 14:00:00,-0.018799809970914794,5.5909869805108565,-0.05325925201743953,-1558.7
2020-07-24 15:00:00,-0.006238011875211669,5.37989735354046,-0.049971450413509366,-1511.6
2020-07-24 16:00:00,-0.023098664978860928,5.153291594497779,-0.04002449993843182,-1459.1
2020-07-24 17:00:00,-0.029557184252077207,5.003946305945459,-0.044102438511099074,-1472.2
2020-07-24 18:00:00,-0.03050881602506994,4.882801922586371,-0.04342776306019758,-1479.2
2020-07-24 19:00:00,-0.003894551820112113,4.795790545596741,-0.019328988521881918,-1453.3
2020-07-24 20:00:00,-0.10803880425600854,4.962844630259907,-0.031664927010140786,-1393.1
2020-07-24 21:00:00,-0.05858389733170233,5.135798437050262,-0.03013371219254246,-1385.5
2020-07-24 22:00:00,-0.06208572817754465,5.14166355650266,-0.0288542249698045,-1387.9
2020-07-24 23:00:00,-0.12774260175078456,5.123963979403259,-0.021141119220801308,-1317.7
2020-07-25 00:00:00,-0.04432358204066089,4.941642422609304,-0.02094616534392113,-1216.5
2020-07-25 01:00:00,0.1543369856460859,4.997212273764115,-0.019226885633737645,-826.9
2020-07-25 02:00:00,0.18183370681334377,5.135798437050262,-0.012203657247854771,-715.4
2020-07-25 03:00:00,0.24199060717746068,5.220355825078324,-0.018603402203001274,-692.0
2020-07-25 04:00:00,0.2003685525226293,5.308267697401205,-0.02518191897301225,-810.3
2020-07-25 05:00:00,0.07440792086357306,5.459585514144159,-0.017824495379254124,-1239.5
2020-07-25 06:00:00,-0.02605065996446454,5.568344503761097,-0.010105722541080553,-1525.9
2020-07-25 07:00:00,-0.2369937072624635,5.634789603169249,-0.010661744640508175,-2212.6
2020-07-25 08:00:00,-0.192878435517142,5.680172609017068,-0.020893163898535683,-2391.9
2020-07-25 09:00:00,-0.2574179489805668,5.765191102784844,-0.033830217896366754,-2463.2
2020-07-25 10:00:00,-0.2620160087593295,5.8522024797744745,-0.03568028201676121,-2533.1
2020-07-25 11:00:00,-0.23679671989483309,5.908082938168931,-0.03909250071832471,-2551.9
2020-07-25 12:00:00,-0.19212312545854826,6.021023349349527,-0.03551826008752901,-2533.9
2020-07-25 13:00:00,-0.17223610506414966,6.1092475827643655,-0.05242366971413759,-2516.2
2020-07-25 14:00:00,-0.15254205880657334,6.126869184114185,-0.03767434231873068,-2508.0
2020-07-25 15:00:00,-0.2146261152953437,6.113682179832232,-0.04189911954041037,-2501.0
2020-07-25 16:00:00,-0.2481039310556381,6.0473721790462776,-0.05007355782009437,-2477.4
2020-07-25 17:00:00,-0.26189534719098084,5.963579343618446,-0.052978370477617,-2503.3
2020-07-25 18:00:00,-0.2852994500757844,5.840641657373398,-0.04647113386528101,-2484.0
2020-07-25 19:00:00,-0.28327270031793894,5.69035945432406,-0.02652970983844316,-2469.4
2020-07-25 20:00:00,-0.21494327187928097,5.556828061699537,-0.039652367015323264,-2371.7
2020-07-25 21:00:00,-0.12784006539182657,5.44673737166631,-0.040098531026125706,-2321.6
2020-07-25 22:00:00,-0.11738865996710346,5.365976015021851,-0.037743378283192186,-2322.4
2020-07-25 23:00:00,-0.07497642369687374,5.278114659230517,-0.03804841979003015,-2288.6
2020-07-26 00:00:00,-0.1149245776581016,5.293304824724492,-0.03311890585311339,-2358.6
2020-07-26 01:00:00,0.09810113560380618,5.111987788356544,-0.03555831263592868,-1927.2
2020-07-26 02:00:00,0.27900541308351623,4.941642422609304,-0.04488434269608543,-1195.9
2020-07-26 03:00:00,0.34389180720657353,4.762173934797756,-0.03450005331821604,-1168.4
2020-07-26 04:00:00,0.3512445920332248,4.605170185988092,-0.034789472953093536,-1121.4
2020-07-26 05:00:00,0.09783003179166605,4.442651256490317,-0.03442179360945108,-1327.4
2020-07-26 06:00:00,-0.0942081264348853,4.2626798770413155,-0.020680774787815714,-2031.3
2020-07-26 07:00:00,-0.2645883380862686,4.189654742026425,-0.015145554066545941,-2351.1
2020-07-26 08:00:00,-0.2566687541848949,4.0943445622221,-0.018255017750938407,-2367.0
2020-07-26 09:00:00,-0.3573136512822348,4.0943445622221,-0.011737678338945123,-2351.8
2020-07-26 10:00:00,-0.5205577391317502,4.174387269895637,-0.018195414187382575,-1993.0
2020-07-26 11:00:00,-0.7551514404180593,4.276666119016055,-0.023011001770291806,-1725.0
2020-07-26 12:00:00,-0.8634465532946021,4.465908118654584,-0.02480009478786993,-1556.4
2020-07-26 13:00:00,-0.8205418743975832,4.663439094112067,-0.04634151734219838,-1576.9
2020-07-26 14:00:00,-0.8533103806501596,4.787491742782046,-0.029986107366393178,-1547.4
2020-07-26 15:00:00,-0.8691049805752338,4.919980925828125,-0.03386473339392104,-1559.4
2020-07-26 16:00:00,-0.885977386689963,5.049856007249537,-0.02915632270685098,-1601.0
2020-07-26 17:00:00,-0.7941447361575258,5.1647859739235145,-0.028505006545737288,-1771.9
2020-07-26 18:00:00,-0.8064524992343607,5.214935757608986,-0.039067660001765425,-1813.5
2020-07-26 19:00:00,-0.6248668211630002,5.214935757608986,-0.014563354675565243,-2060.5
2020-07-26 20:00:00,-0.6428947403562648,5.3706380281276624,-0.030797755443481734,-1953.2
2020-07-26 21:00:00,-0.6941579319483326,5.638354669333745,-0.02065717719903848,-1930.0
2020-07-26 22:00:00,-0.7360439338689693,5.857933154483459,-0.016915042673382175,-1902.3
2020-07-26 23:00:00,-0.7064171885552257,5.942799375126701,-0.02859054350147794,-1900.1
2020-07-27 00:00:00,-0.5549380170348304,5.937536205082426,-0.016462979684443546,-1507.7
2020-07-27 01:00:00,-0.5063941574484321,5.8522024797744745,-0.03790621469645039,-1420.5
2020-07-27 02:00:00,-0.459835868228216,5.799092654460526,-0.019736013453887757,-1363.4
2020-07-27 03:00:00,-0.33684529830707266,5.7430031878094825,-0.020448162464644426,-1341.5
2020-07-27 04:00:00,-0.3755405593366632,5.697093486505405,-0.026331111890359082,-1446.6
2020-07-27 05:00:00,-0.44634546374215844,5.541263545158426,-0.03188786207336225,-1635.2
2020-07-27 06:00:00,-0.5664375702969775,5.241747015059643,-0.03218278560391763,-1990.9
2020-07-27 07:00:00,-0.6665741143861719,5.10594547390058,-0.030345678773995743,-2136.8
2020-07-27 08:00:00,-0.638966854855221,5.288267030694535,-0.018235981210299457,-2222.9
2020-07-27 09:00:00,-0.5033946958465014,5.572154032177765,-0.008435108698301441,-2307.2
2020-07-27 10:00:00,-0.5399189172097452,5.808142489980444,-0.02051920228544013,-2376.6
2020-07-27 11:00:00,-0.534494613535246,5.940171252720432,-0.015944903581780245,-2452.1
2020-07-27 12:00:00,-0.5342291075468368,6.0112671744041615,-0.02219916195907423,-2456.0
2020-07-27 13:00:00,-0.49447738125620955,6.095824562432225,-0.04261635148290299,-2480.3
2020-07-27 14:00:00,-0.47083494556649597,6.159095388491933,-0.028917730742994863,-2538.1
2020-07-27 15:00:00,-0.4795186934203437,6.1675164908883415,-0.02199155066830727,-2568.2
2020-07-27 16:00:00,-0.37577571255908104,6.1092475827643655,-0.03211249783850878,-2569.8
2020-07-27 17:00:00,-0.300559913745444,6.0112671744041615,-0.027752422664248932,-2532.4
2020-07-27 18:00:00,-0.33705058271070376,5.926926025970411,-0.022508984220245054,-2488.3
2020-07-27 19:00:00,-0.2610653185105889,5.846438775057725,-0.013989104129673358,-2471.1
2020-07-27 20:00:00,-0.3418177634347881,5.780743515792329,-0.019013763777186554,-2436.8
2020-07-27 21:00:00,-0.33791633870228166,5.726847747587197,-0.022055495823665616,-2441.5
2020-07-27 22:00:00,-0.33861632824762644,5.631211781821365,-0.02417202176491884,-2412.0
2020-07-27 23:00:00,-0.2688106624089266,5.488937726156687,-0.01987711699317085,-2413.5
2020-07-28 00:00:00,-0.3004295403826449,5.214935757608986,-0.004074624587707021,-1457.4
2020-07-28 01:00:00,-0.2884135451699905,5.0369526024136295,-0.00442204554584702,-1423.8
2020-07-28 02:00:00,-0.35884540817335564,4.890349128221754,-0.007757324733160154,-1341.6
2020-07-28 03:00:00,-0.3659417402896341,4.795790545596741,-0.00510699498989009,-1311.9
2020-07-28 04:00:00,-0.41570172352647905,4.77912349311153,-0.006815571345708982,-1295.5
2020-07-28 05:00:00,-0.5841804868736213,4.7535901911063645,-0.013390279608041844,-1313.7
2020-07-28 06:00:00,-0.4493764007536585,4.736198448394496,-0.02480547955298995,-1391.6
2020-07-28 07:00:00,-0.5643257889312487,4.762173934797756,-0.03031268530631337,-1791.7
2020-07-28 08:00:00,-0.6881916747274877,4.852030263919617,-0.033758987034603116,-1974.5
2020-07-28 09:00:00,-0.6678340555004718,5.003946305945459,-0.03073911989093414,-1955.7
2020-07-28 10:00:00,-0.6572078792058016,5.176149732573829,-0.02997012932017107,-1705.2
2020-07-28 11:00:00,-0.6110483609235247,5.298317366548036,-0.02808566887095232,-1556.7
2020-07-28 12:00:00,-0.5754114590680559,5.37989735354046,-0.03266521293833513,-1512.9
2020-07-28 13:00:00,-1.1273358845568573,5.3981627015177525,-0.03574882447888861,-1179.8
2020-07-28 14:00:00,-1.1617737897576474,5.303304908059076,-0.03048562527067844,-1077.8
2020-07-28 15:00:00,-0.6615085770185913,5.262690188904886,-0.024297103287482358,-1396.1
2020-07-28 16:00:00,-0.6275122982759642,5.272999558563747,-0.023307748017268537,-1392.1
2020-07-28 17:00:00,-0.5630575601479693,5.236441962829949,-0.020902953137689195,-1528.8
2020-07-28 18:00:00,-0.5813681070229693,5.176149732573829,-0.013847930891123461,-1531.2
2020-07-28 19:00:00,-0.6545040460409279,5.093750200806762,-0.0040821441951433,-1609.3
2020-07-28 20:00:00,-0.5484091226479693,5.017279836814924,-0.018024916652514378,-1544.0
2020-07-28 21:00:00,-0.49332545717374043,4.983606621708336,-0.01129663120882718,-1546.0
2020-07-28 22:00:00,-0.43451927037656124,5.030437921392435,-0.001171029537506918,-1720.3
2020-07-28 23:00:00,-0.4126168879676686,5.056245805348308,-0.00019639107204749706,-1349.8
2020-07-29 00:00:00,-0.43699879239889294,5.3230099791384085,0.007993885904095777,-1174.8
2020-07-29 01:00:00,-0.447455955747625,5.332718793265369,0.009386752998666203,-1096.2
2020-07-29 02:00:00,-0.6164081301897768,5.337538079701318,0.006859872245851939,-932.8
2020-07-29 03:00:00,-0.6130998829949856,5.365976015021851,0.008851151962366188,-912.4
2020-07-29 04:00:00,-0.663204269383747,5.4116460518550396,0.005255561370935524,-910.7
2020-07-29 05:00:00,-0.8307914509365066,5.43372200355424,-0.007167287285293256,-1048.9
2020-07-29 06:00:00,-0.7901404889823149,5.3981627015177525,-0.025353241564442186,-1226.7
2020-07-29 07:00:00,-0.8478494035275361,5.41610040220442,-0.03858682492413301,-1521.6
2020-07-29 08:00:00,-0.8831776755504708,5.393627546352362,-0.041097403017159806,-1637.8
2020-07-29 09:00:00,-0.9256044779610697,5.44673737166631,-0.03721470144833727,-1618.5
2020-07-29 10:00:00,-0.932187956181985,5.517452896464707,-0.036360613002363706,-1626.1
2020-07-29 11:00:00,-1.0245677588082338,5.5909869805108565,-0.035719743861738706,-1587.8
2020-07-29 12:00:00,-1.2630594637502635,5.69035945432406,-0.04001455629230133,-1340.2
2020-07-29 13:00:00,-1.341590419443771,5.771441123130016,-0.041927626971012266,-1330.5
2020-07-29 14:00:00,-1.2900455539698537,5.75890177387728,-0.03525966909970446,-1288.9
2020-07-29 15:00:00,-1.205937143800264,5.634789603169249,-0.036488302768911574,-1282.4
2020-07-29 16:00:00,-0.9855211277239346,5.579729825986222,-0.0359445231553055,-1468.6
2020-07-29 17:00:00,-0.9343883154488588,5.594711379601839,-0.034976390848513894,-1481.2
2020-07-29 18:00:00,-0.9553047544517463,5.717027701406222,-0.029593340053144956,-1507.3
2020-07-29 19:00:00,-0.9669810888863588,5.783825182329737,-0.009838576320483128,-1476.0
2020-07-29 20:00:00,-0.9630708732551094,5.908082938168931,-0.02820860251311874,-1495.0
2020-07-29 21:00:00,-0.892523924571335,6.0330862217988015,-0.019046148636250315,-1565.5
2020-07-29 22:00:00,-0.6549672831454141,6.1092475827643655,-0.0105095419605723,-1747.1
2020-07-29 23:00:00,-0.6489361537722951,6.208590026096629,-0.004866142650088889,-1678.6
2020-07-30 00:00:00,-0.7816502042569753,6.338594078203183,0.015176920871327937,-1622.9
2020-07-30 01:00:00,-0.7413386413087155,6.406879986069314,0.019472934926771934,-1621.1
2020-07-30 02:00:00,-0.7077740384848772,6.472346294500901,0.016703461563424504,-1640.9
2020-07-30 03:00:00,-0.7917023503417481,6.539585955617669,0.016396790670066608,-1632.6
2020-07-30 04:00:00,-0.8610530056101804,6.610696044717759,0.013278037236839069,-1667.9
2020-07-30 05:00:00,-0.7926948037123733,6.678342114654332,0.0037220349307753864,-1820.0
2020-07-30 06:00:00,-0.9225586465485285,6.7226297948554485,-0.012012973464890386,-1914.8
2020-07-30 07:00:00,-0.9997467860344968,6.726233402358747,-0.016798842991634366,-2017.9
2020-07-30 08:00:00,-1.041049417994913,6.693323668269949,-0.017843664580885488,-2071.1
2020-07-30 09:00:00,-1.1385739552266696,6.682108597449809,-0.012207652313771078,-1906.5
2020-07-30 10:00:00,-1.1255111783587444,6.684611727667927,-0.006154662743750983,-1896.3
2020-07-30 11:00:00,-1.112062708302193,6.670766320845874,0.0007747644557696276,-1847.9
2020-07-30 12:00:00,-1.1354471765099163,6.606650186198215,-0.002576397442592082,-1690.7
2020-07-30 13:00:00,-1.0968265725395119,6.5638555265321274,-0.016294048809779582,-1610.7
2020-07-30 14:00:00,-1.0698374816407468,6.520621127558696,-0.003141538194606497,-1552.1
2020-07-30 15:00:00,-1.1069658141980543,6.453624998892692,-0.0008217159664072327,-1501.2
2020-07-30 16:00:00,-1.1026160683608108,6.371611847231857,-0.0019005322822858162,-1442.8
2020-07-30 17:00:00,-1.0381817145504861,6.270988431858299,0.00015203307912337038,-1495.3
2020-07-30 18:00:00,-0.9796958664440161,6.173786103901937,0.0038754314127231737,-1567.9
2020-07-30 19:00:00,-0.9588930093074453,6.037870919922137,0.01049950720691939,-1565.5
2020-07-30 20:00:00,-1.0279742715126756,5.937536205082426,-0.0018468135333895574,-1476.5
2020-07-30 21:00:00,-0.9398812953587901,5.877735781779639,0.0056414371990323176,-1638.8
2020-07-30 22:00:00,-0.880903308223197,5.855071922202427,0.015820908868358075,-1688.0
2020-07-30 23:00:00,-0.8465948458169141,5.910796644040527,0.013451497550406089,-1594.4
2020-07-31 00:00:00,-0.8243116488493429,5.8998973535824915,0.022846903360822957,-1377.8
2020-07-31 01:00:00,-0.7422060330876505,5.976350909297934,0.03394910223845926,-1389.5
2020-07-31 02:00:00,-0.6563824369223772,6.016157159698354,0.042686577482552224,-1386.3
2020-07-31 03:00:00,-0.5924691782739919,6.0063531596017325,0.0418573787028782,-1402.9
2020-07-31 04:00:00,-0.5879162503989397,5.948034989180646,0.029885236287205963,-1395.5
2020-07-31 05:00:00,-0.7021101908851977,5.780743515792329,0.026838732783576624,-1379.0
2020-07-31 06:00:00,-0.7241382291034895,5.442417710521793,0.012740392639693177,-1416.3
2020-07-31 07:00:00,-0.6646319101308347,4.9344739331306915,0.007773023303807136,-1775.2
2020-07-31 08:00:00,-0.5002808185314152,4.48863636973214,0.01282699350229688,-2201.0
2020-07-31 09:00:00,-0.5134908292668066,4.394449154672439,0.021302270920947386,-2207.8
2020-07-31 10:00:00,-0.48183181144623766,4.465908118654584,0.007032852510008958,-2254.5
2020-07-31 11:00:00,-0.4704592586381089,4.532599493153256,0.009922485688719895,-2280.9
2020-07-31 12:00:00,-0.4239928634859407,4.532599493153256,0.0008780022663632536,-2252.3
2020-07-31 13:00:00,-0.37334559877530293,4.382026634673881,0.0015760918659726286,-2269.0
2020-07-31 14:00:00,-0.35793044425873766,4.1588830833596715,0.011081464748010639,-2263.4
2020-07-31 15:00:00,-0.32690658332329914,3.9889840465642745,0.006367051228236775,-2229.6
2020-07-31 16:00:00,-0.4795630795259642,3.871201010907891,0.017017438448585942,-1937.1
2020-07-31 17:00:00,-0.4866688812224085,3.6375861597263857,0.009854668791108523,-1910.9
2020-07-31 18:00:00,-0.496803484981025,3.332204510175204,0.012738094867000171,-1933.4
2020-07-31 19:00:00,-0.4516313802900962,3.1780538303479458,0.03021674802954788,-1960.5
2020-07-31 20:00:00,-0.49693548601694015,3.4965075614664802,0.016361003266535334,-1954.7
2020-07-31 21:00:00,-0.4487275507454329,3.9318256327243257,0.017119172658003556,-1975.1
2020-07-31 22:00:00,-0.409352597042721,4.3694478524670215,0.01978115241811018,-2002.2
2020-07-31 23:00:00,-0.35986824938082185,4.718498871295094,0.017782713297520125,-1926.4
2020-08-01 00:00:00,-0.9824555061537912,3.9318256327243257,-0.01411821306191463,-1887.1
2020-08-01 01:00:00,-0.9965558743471354,3.912023005428146,-0.009579099574207106,-1785.3
2020-08-01 02:00:00,-0.9904566292493875,4.04305126783455,-0.005258760582955269,-1786.8
2020-08-01 03:00:00,-0.9836557629219638,4.189654742026425,-0.021035586520390837,-1815.8
2020-08-01 04:00:00,-0.9493129405353349,4.2626798770413155,-0.02122579314160422,-1757.0
2020-08-01 05:00:00,-0.8977556894277097,4.2626798770413155,-0.011729763920524938,-1722.3
2020-08-01 06:00:00,-0.9401786846055149,4.02535169073515,-0.00627764899246408,-1576.4
2020-08-01 07:00:00,-0.9642455428354553,3.5553480614894135,-0.010619211257281158,-1553.1
2020-08-01 08:00:00,-1.0560860978634736,3.091042453358316,-0.009536038276410252,-1470.7
2020-08-01 09:00:00,-1.0821497375288445,2.833213344056216,-0.017048017076442434,-1645.1
2020-08-01 10:00:00,-1.0705554637286943,2.833213344056216,-0.01461415923738052,-1659.8
2020-08-01 11:00:00,-1.0715005944365512,2.8903717578961645,-0.024645298701283735,-1594.6
2020-08-01 12:00:00,-1.1230328917061954,2.995732273553991,-0.019052640489528372,-1480.2
2020-08-01 13:00:00,-1.107339463475444,2.995732273553991,-0.03230800086611474,-1486.9
2020-08-01 14:00:00,-1.0287163990586583,2.995732273553991,-0.03305683897217815,-1513.2
2020-08-01 15:00:00,-1.0475945817501924,3.044522437723423,-0.03603864752933994,-1479.4
2020-08-01 16:00:00,-1.0696968575966737,3.091042453358316,-0.02476263852157423,-1457.7
2020-08-01 17:00:00,-1.0890603410275361,3.1354942159291497,-0.020223186993373332,-1496.1
2020-08-01 18:00:00,-1.0512383717149083,3.332204510175204,-0.017761531477901826,-1544.8
2020-08-01 19:00:00,-1.048826139775735,3.58351893845611,-0.016014912165098316,-1519.2
2020-08-01 20:00:00,-1.0389763350268573,3.8918202981106265,-0.019069806627223684,-1486.9
2020-08-01 21:00:00,-1.001875967846487,4.2626798770413155,-0.021114940191584886,-1546.3
2020-08-01 22:00:00,-1.00041279002354,4.465908118654584,-0.01625847305182404,-1503.6
2020-08-01 23:00:00,-0.9635772513181713,4.5217885770490405,-0.01779687534945218,-1465.4
2020-08-02 00:00:00,-0.8808722134682123,4.6913478822291435,-0.01645250457081815,-1384.9
2020-08-02 01:00:00,-0.9167413865438074,4.795790545596741,-0.014494047054615322,-1339.1
2020-08-02 02:00:00,-0.963248351658049,4.948759890378168,-0.025133171009350974,-1256.4
2020-08-02 03:00:00,-0.9248105870556547,5.030437921392435,-0.01709568318092991,-1354.8
2020-08-02 04:00:00,-0.8997393695987506,4.997212273764115,-0.011067727368897273,-1324.8
2020-08-02 05:00:00,-0.809934355762661,4.90527477843843,-0.006446527376348321,-1308.2
2020-08-02 06:00:00,-0.7803423506472096,4.852030263919617,0.006512847717012882,-1350.2
2020-08-02 07:00:00,-0.8139352952352137,4.820281565605037,0.006797689828220044,-1465.3
2020-08-02 08:00:00,-0.8189027562942714,4.812184355372417,-0.0037388758670040545,-1547.3
2020-08-02 09:00:00,-0.845834058475802,4.718498871295094,-0.004290088055168617,-1561.0
2020-08-02 10:00:00,-0.8880822388992711,4.6443908991413725,-0.011559306763357924,-1520.9
2020-08-02 11:00:00,-0.9522215288087086,4.663439094112067,-0.01693043075077849,-1481.8
2020-08-02 12:00:00,-0.9907801068751374,4.709530201312334,-0.01554831560964498,-1483.6
2020-08-02 13:00:00,-0.996364367842026,4.787491742782046,-0.029209228871604154,-1465.4
2020-08-02 14:00:00,-0.9359295105041496,4.795790545596741,-0.0253068326066197,-1516.4
2020-08-02 15:00:00,-0.9161502926662195,4.718498871295094,-0.027172092777189683,-1479.3
2020-08-02 16:00:00,-0.8951131419117919,4.564348191467836,-0.02098468460726366,-1522.4
2020-08-02 17:00:00,-0.9224675458298441,4.430816798843313,-0.030258952759451674,-1522.4
2020-08-02 18:00:00,-0.9516280351991622,4.31748811353631,-0.029861866723206454,-1464.0
2020-08-02 19:00:00,-0.9144830963347175,4.248495242049359,-0.020877967050572543,-1476.5
2020-08-02 20:00:00,-0.9585438491687026,4.219507705176107,-0.03548086979321585,-1450.0
2020-08-02 21:00:00,-0.9601547532598558,4.23410650459726,-0.02943429601027603,-1445.5
2020-08-02 22:00:00,-0.9139916627273961,4.23410650459726,-0.026276427244415146,-1496.1
2020-08-02 23:00:00,-0.9471478217685725,4.248495242049359,-0.02949805850608822,-1415.7
2020-08-03 00:00:00,-1.083506671474235,4.48863636973214,-0.042661953148844134,-1517.2
2020-08-03 01:00:00,-1.079089343706961,4.418840607796598,-0.05144659026122156,-1457.5
2020-08-03 02:00:00,-1.114751382224299,4.406719247264253,-0.02999465083892794,-1442.6
2020-08-03 03:00:00,-1.088146933678239,4.394449154672439,-0.02874533748443575,-1464.2
2020-08-03 04:00:00,-1.1902397173639856,4.3694478524670215,-0.039751965106757936,-1466.0
2020-08-03 05:00:00,-1.3164247842058505,4.276666119016055,-0.0446597066854606,-1522.9
2020-08-03 06:00:00,-1.2672128168195678,4.060443010546419,-0.05214964255218124,-1735.6
2020-08-03 07:00:00,-1.2443187714323478,3.828641396489095,-0.04624319882430861,-1723.0
2020-08-03 08:00:00,-1.1989007290469587,3.784189633918261,-0.042985874901707355,-1719.9
2020-08-03 09:00:00,-1.197804789888807,3.8501476017100584,-0.04612506122683069,-1699.1
2020-08-03 10:00:00,-1.1792054993716465,3.8918202981106265,-0.04511374246704136,-1716.2
2020-08-03 11:00:00,-1.1992388044014242,3.8918202981106265,-0.040332443428979126,-1688.8
2020-08-03 12:00:00,-1.1978647184323516,3.912023005428146,-0.03462125527514459,-1706.6
2020-08-03 13:00:00,-1.2096004654463257,3.9512437185814275,-0.049451378612678454,-1764.7
2020-08-03 14:00:00,-1.1987935710123472,4.02535169073515,-0.042016162335148266,-1757.6
2020-08-03 15:00:00,-1.1797505745517505,4.0943445622221,-0.033406761913459704,-1733.7
2020-08-03 16:00:00,-1.1513864469479766,4.07753744390572,-0.03589743387329136,-1723.1
2020-08-03 17:00:00,-1.1608910854922712,4.04305126783455,-0.032071617870490954,-1743.1
2020-08-03 18:00:00,-1.120290141451307,4.04305126783455,-0.03170164819946386,-1722.4
2020-08-03 19:00:00,-1.1700985767565286,4.110873864173311,-0.045262283129377856,-1708.2
2020-08-03 20:00:00,-1.2084698083289627,4.204692619390966,-0.03822482265586036,-1688.8
2020-08-03 21:00:00,-1.216715818031241,4.276666119016055,-0.03871298642196486,-1640.3
2020-08-03 22:00:00,-1.2288474204190178,4.31748811353631,-0.025482365037849064,-1636.4
2020-08-03 23:00:00,-1.1542815970212963,4.2626798770413155,-0.02694212302093124,-1567.9
2020-08-04 00:00:00,-0.8972952612882616,3.9318256327243257,-0.0506182480031514,-1452.3
2020-08-04 01:00:00,-0.8834563062310388,3.6888794541139363,-0.0483097072795573,-1456.2
2020-08-04 02:00:00,-0.9136294494499635,3.4657359027997265,-0.049947249224020496,-1369.4
2020-08-04 03:00:00,-0.8831797738343345,3.2188758248682006,-0.051193856762090206,-1499.1
2020-08-04 04:00:00,-0.8611154300231394,3.044522437723423,-0.05145564183013018,-1583.5
2020-08-04 05:00:00,-0.9003688436062212,2.8903717578961645,-0.055764935289597695,-1573.2
2020-08-04 06:00:00,-0.9600840178235512,2.833213344056216,-0.06729166804914044,-1556.4
2020-08-04 07:00:00,-1.0750123152653328,2.6390573296152584,-0.06844358766437164,-1539.3
2020-08-04 08:00:00,-1.1600301994070346,2.6390573296152584,-0.06459286150702237,-1491.8
2020-08-04 09:00:00,-1.1216674292976958,2.70805020110221,-0.056579535537393255,-1484.4
2020-08-04 10:00:00,-1.0879760230476958,2.8903717578961645,-0.047980023597539834,-1540.0
2020-08-04 11:00:00,-1.0362263202141717,3.1780538303479458,-0.04186876465036882,-1559.8
2020-08-04 12:00:00,-1.0472034037152185,3.58351893845611,-0.042323058886213794,-1598.4
2020-08-04 13:00:00,-1.0114237475487795,3.9318256327243257,-0.038922256273909106,-1652.5
2020-08-04 14:00:00,-0.974214497508211,4.219507705176107,-0.038166563936244735,-1683.3
2020-08-04 15:00:00,-0.8991813893340099,4.382026634673881,-0.038166946215315356,-1745.2
2020-08-04 16:00:00,-0.9110527883507953,4.564348191467836,-0.04199842733956505,-1744.3
2020-08-04 17:00:00,-0.9751301288079217,4.718498871295094,-0.03701245224759209,-1764.8
2020-08-04 18:00:00,-0.9336581787093114,4.875197323201151,-0.034941388343633584,-1802.6
2020-08-04 19:00:00,-0.9835416375757844,4.997212273764115,-0.05035413890261431,-1821.3
2020-08-04 20:00:00,-0.8950959334293953,5.176149732573829,-0.05342465613705727,-1830.4
2020-08-04 21:00:00,-0.8802243768335969,5.402677381872279,-0.04448173844579362,-1812.7
2020-08-04 22:00:00,-0.8157355879063195,5.5909869805108565,-0.033108133824836905,-1847.0
2020-08-04 23:00:00,-0.7345295185168266,5.720311776607412,-0.038618288170845894,-1909.0
2020-08-05 00:00:00,-0.7248085988186992,5.860786223465865,-0.05196396002182979,-2228.9
2020-08-05 01:00:00,-0.6804142132358029,5.831882477283517,-0.04809132559752527,-2243.1
2020-08-05 02:00:00,-0.6664860911790618,5.808142489980444,-0.047927851153852785,-2178.2
2020-08-05 03:00:00,-0.7139867015306243,5.780743515792329,-0.04983493693003105,-2165.7
2020-08-05 04:00:00,-0.7595196014096273,5.733341276897746,-0.05196914398657615,-2122.8
2020-08-05 05:00:00,-0.8097798139493206,5.6240175061873385,-0.055180031360420045,-2186.3
2020-08-05 06:00:00,-0.7516777323416108,5.3230099791384085,-0.06560602808784655,-2225.1
2020-08-05 07:00:00,-0.9926427277593275,4.762173934797756,-0.06811552369952789,-2084.5
2020-08-05 08:00:00,-1.0125401886968275,4.343805421853684,-0.06448968409472045,-2038.8
2020-08-05 09:00:00,-1.0227109085664476,4.290459441148391,-0.05870863793468217,-1950.2
2020-08-05 10:00:00,-1.0510898193343114,4.418840607796598,-0.05513013987917681,-1829.8
2020-08-05 11:00:00,-1.0513362999230842,4.584967478670572,-0.05324889035262892,-1758.4
2020-08-05 12:00:00,-1.0723879144413448,4.709530201312334,-0.05542892762963181,-1751.1
2020-08-05 13:00:00,-1.0978909073840895,4.770684624465665,-0.05597449154891798,-1724.8
2020-08-05 14:00:00,-1.0970909581133654,4.812184355372417,-0.053835362177846235,-1649.2
2020-08-05 15:00:00,-1.095607593165013,4.875197323201151,-0.049942317610714326,-1632.9
2020-08-05 16:00:00,-1.0305457652251508,4.962844630259907,-0.05428076596298048,-1640.4
2020-08-05 17:00:00,-0.9914816166025131,4.969813299576001,-0.047719574533488185,-1644.0
2020-08-05 18:00:00,-0.9856814720477416,4.867534450455582,-0.04734564633407423,-1531.7
2020-08-05 19:00:00,-0.9889313125348644,4.804021044733257,-0.05586783849163268,-1539.0
2020-08-05 20:00:00,-0.9764041282977416,4.941642422609304,-0.0644588072986867,-1608.9
2020-08-05 21:00:00,-0.98158647803757,5.187385805840755,-0.053060851086907945,-1668.7
2020-08-05 22:00:00,-0.9471075285743085,5.389071729816501,-0.043293288592106016,-1775.6
2020-08-05 23:00:00,-0.8566783354364118,5.44673737166631,-0.049680192979066895,-1828.2
2020-08-06 00:00:00,-0.7637302323144253,5.062595033026967,-0.04698465399182439,-1808.9
2020-08-06 01:00:00,-0.7453534111030795,4.948759890378168,-0.04251100644269723,-1831.8
2020-08-06 02:00:00,-0.7500507929586289,4.74493212836325,-0.04608598692870203,-1851.0
2020-08-06 03:00:00,-0.7569065337826741,4.430816798843313,-0.04804562263710643,-1924.9
2020-08-06 04:00:00,-0.7594814957675218,4.110873864173311,-0.0474302642844453,-2015.1
2020-08-06 05:00:00,-0.7347139930404651,3.7612001156935624,-0.04671719075280567,-2067.4
2020-08-06 06:00:00,-0.6153504766631652,3.258096538021482,-0.05486192313562199,-2089.0
2020-08-06 07:00:00,-0.7688084188212487,2.5649493574615367,-0.054366886361666644,-2035.7
2020-08-06 08:00:00,-0.8762753986794243,2.1972245773362196,-0.05323935360946486,-1990.0
2020-08-06 09:00:00,-0.8851602004109416,2.4849066497880004,-0.047618544474888225,-1967.3
2020-08-06 10:00:00,-0.8973102802355766,2.995732273553991,-0.03969185110219531,-1973.6
2020-08-06 11:00:00,-0.8859819239701696,3.4011973816621555,-0.03754417654164843,-1966.5
2020-08-06 12:00:00,-0.9120142062283147,3.7376696182833684,-0.04075615163930468,-1923.8
2020-08-06 13:00:00,-0.9372997941073655,4.110873864173311,-0.055058425707502856,-1923.3
2020-08-06 14:00:00,-0.8694248333529904,4.3694478524670215,-0.04872403386919988,-1991.5
2020-08-06 15:00:00,-0.8393260234451765,4.48863636973214,-0.04725702453806413,-2033.1
2020-08-06 16:00:00,-0.7937400147954508,4.59511985013459,-0.050016022287394435,-2035.8
2020-08-06 17:00:00,-0.7560681941710317,4.700480365792417,-0.040273897190465924,-2038.2
2020-08-06 18:00:00,-0.7507490194146667,4.8283137373023015,-0.03960947849727958,-2064.5
2020-08-06 19:00:00,-0.710400906470265,5.056245805348308,-0.05321831056420212,-2098.9
2020-08-06 20:00:00,-0.7427200155737954,5.327876168789581,-0.053848175288112365,-2124.4
2020-08-06 21:00:00,-0.7682689884066263,5.529429087511423,-0.044138401728627485,-2110.6
2020-08-06 22:00:00,-0.770245927402831,5.697093486505405,-0.03705402214243669,-2113.7
2020-08-06 23:00:00,-0.7431369384749364,5.8377304471659395,-0.049737544145146195,-2120.5
2020-08-07 00:00:00,-0.6523263759483162,5.940171252720432,-0.02094020012945741,-2385.1
2020-08-07 01:00:00,-0.5758456578451239,5.934894195619588,-0.016070802720277833,-2460.6
2020-08-07 02:00:00,-0.5392470030612682,5.869296913133774,-0.014785621454179498,-2463.9
2020-08-07 03:00:00,-0.5408874031653568,5.783825182329737,-0.024963875194034202,-2457.3
2020-08-07 04:00:00,-0.542634045082302,5.641907070938114,-0.03317295500161155,-2442.6
2020-08-07 05:00:00,-0.544879673476081,5.4116460518550396,-0.03699355023644291,-2421.8
2020-08-07 06:00:00,-0.6352366855327594,5.10594547390058,-0.04849516500431683,-2302.5
2020-08-07 07:00:00,-0.7688679208231992,4.61512051684126,-0.05080950893515723,-2140.9
2020-08-07 08:00:00,-0.808219825854819,4.174387269895637,-0.04510649439087011,-2067.4
2020-08-07 09:00:00,-0.8377444197770854,4.07753744390572,-0.04402306440369408,-2048.1
2020-08-07 10:00:00,-0.8183713620382513,4.127134385045092,-0.04831990298718836,-2018.6
2020-08-07 11:00:00,-0.8512363567904904,4.382026634673881,-0.0412779069707252,-1954.2
2020-08-07 12:00:00,-0.873851443980074,4.59511985013459,-0.0413337333788375,-1873.2
2020-08-07 13:00:00,-0.9097037687725937,4.653960350157523,-0.03921664447878381,-1789.1
2020-08-07 14:00:00,-0.8968046707937869,4.499809670330265,-0.037615954991455425,-1756.5
2020-08-07 15:00:00,-0.8470839066336306,4.248495242049359,-0.04310858804482898,-1737.3
2020-08-07 16:00:00,-0.8139619868342862,4.02535169073515,-0.03310005422719531,-1675.1
2020-08-07 17:00:00,-0.7778110747982991,3.8066624897703196,-0.032586821414737344,-1706.1
2020-08-07 18:00:00,-0.7101567454759368,3.713572066704308,-0.02981372524350423,-1741.8
2020-08-07 19:00:00,-0.6502128019757187,3.8066624897703196,-0.036545100813839326,-1754.7
2020-08-07 20:00:00,-0.701515537504281,4.127134385045092,-0.03769157731298112,-1780.1
2020-08-07 21:00:00,-0.6880725443402185,4.418840607796598,-0.03772895299358581,-1795.7
2020-08-07 22:00:00,-0.6860698917269388,4.727387818712341,-0.03826709587290544,-1879.6
2020-08-07 23:00:00,-0.6010208680419331,5.003946305945459,-0.03579225150476262,-2148.5
2020-08-08 00:00:00,-0.5525518827758957,4.0943445622221,0.013051692290013683,-2058.3
2020-08-08 01:00:00,-0.5612378030892899,3.9318256327243257,0.020805637052509596,-2058.7
2020-08-08 02:00:00,-0.5675997784293538,3.784189633918261,0.02525386427843923,-2038.2
2020-08-08 03:00:00,-0.5721239021315618,3.6635616461296463,0.01747184487734632,-2019.6
2020-08-08 04:00:00,-0.5520783315636859,3.6375861597263857,0.019552388808818044,-1998.7
2020-08-08 05:00:00,-0.5019792384232946,3.7612001156935624,0.024637880250349298,-1953.9
2020-08-08 06:00:00,-0.492036763133211,3.784189633918261,0.027516485528594536,-2089.9
2020-08-08 07:00:00,-0.41748301808576826,3.4965075614664802,0.014408163847965838,-2159.6
2020-08-08 08:00:00,-0.4572961614647735,3.2188758248682006,0.003722697514536577,-2194.0
2020-08-08 09:00:00,-0.5399205670307685,3.367295829986474,-0.004999678560268173,-2149.5
2020-08-08 10:00:00,-0.5454874832471606,3.6888794541139363,-0.007617628947544475,-2102.8
2020-08-08 11:00:00,-0.5290306619379948,4.04305126783455,-0.010560558819545207,-2040.5
2020-08-08 12:00:00,-0.6325851679701553,4.330733340286331,-0.010002804969610146,-1975.0
2020-08-08 13:00:00,-0.6335955146139853,4.564348191467836,-0.022217097884151826,-1996.4
2020-08-08 14:00:00,-0.5961380555419331,4.700480365792417,-0.015718311809904684,-1989.7
2020-08-08 15:00:00,-0.6281039982875234,4.727387818712341,-0.01873541684188673,-1919.0
2020-08-08 16:00:00,-0.6453037396029904,4.672828834461906,-0.015721893869425685,-1941.1
2020-08-08 17:00:00,-0.6667881146029904,4.624972813284271,-0.019224684663783798,-1939.1
2020-08-08 18:00:00,-0.6450687901714802,4.61512051684126,-0.014754010413946084,-1882.9
2020-08-08 19:00:00,-0.6312483078698492,4.6443908991413725,-0.018020930891964326,-1819.0
2020-08-08 20:00:00,-0.6516737312696292,4.795790545596741,-0.015037543099285067,-1647.0
2020-08-08 21:00:00,-0.6533189920102023,5.0238805208462765,-0.017074530654580755,-1511.0
2020-08-08 22:00:00,-0.6407121251682706,5.278114659230517,-0.007125989488551809,-1496.7
2020-08-08 23:00:00,-0.6141178191701471,5.564520407322694,0.0018419987224698176,-1461.1
2020-08-09 00:00:00,-0.5960844990427958,6.202535517187923,0.021327434431819725,-1474.9
2020-08-09 01:00:00,-0.6055052309417697,6.3578422665081,0.029770291656612713,-1444.8
2020-08-09 02:00:00,-0.5814529876357892,6.459904454377535,0.021436089941091474,-1484.7
2020-08-09 03:00:00,-0.6003145414811573,6.55250788703459,0.028632645129089696,-1515.5
2020-08-09 04:00:00,-0.5540927567014964,6.643789733147672,0.03371587525807662,-1526.5
2020-08-09 05:00:00,-0.47315950149652997,6.6895992691789665,0.04067139560072164,-1599.1
2020-08-09 06:00:00,-0.44771456649131136,6.706862336602747,0.04445206589323991,-1717.4
2020-08-09 07:00:00,-0.43797490022967955,6.71295620067707,0.04112243236929469,-2040.2
2020-08-09 08:00:00,-0.5007895666399507,6.698268054115413,0.02797733751246234,-2115.5
2020-08-09 09:00:00,-0.5348325436788763,6.643789733147672,0.018814907611140796,-2155.2
2020-08-09 10:00:00,-0.5410835892910706,6.546785410760524,0.00947301584238236,-2140.3
2020-08-09 11:00:00,-0.5519783646816956,6.452048954437226,0.005203269595231319,-2089.9
2020-08-09 12:00:00,-0.5534397902365242,6.3835066348840055,0.0045528637114422565,-2037.6
2020-08-09 13:00:00,-0.557132397263044,6.333279628139691,-0.008049749264134043,-2040.4
2020-08-09 14:00:00,-0.5054466394206973,6.311734809152915,0.004121978084191902,-2040.3
2020-08-09 15:00:00,-0.4949985883903554,6.298949246855942,-0.001930974850071543,-2039.1
2020-08-09 16:00:00,-0.5236147724028353,6.298949246855942,-0.0009639958763676404,-2021.8
2020-08-09 17:00:00,-0.568393383591169,6.26530121273771,-0.00922663015371139,-2038.7
2020-08-09 18:00:00,-0.5314426612901881,6.144185634125646,-0.005691505795393681,-2138.9
2020-08-09 19:00:00,-0.49202041185798207,5.963579343618446,-0.0009172244880337743,-2140.6
2020-08-09 20:00:00,-0.529102829184827,5.921578419643816,-0.007281619605163492,-2124.3
2020-08-09 21:00:00,-0.5276524748181504,6.066108090103747,-0.009272322719931836,-2190.1
2020-08-09 22:00:00,-0.5335278568246489,6.240275845170769,0.001234222637600979,-2177.7
2020-08-09 23:00:00,-0.49917876768040514,6.311734809152915,0.012218104816159148,-2189.3
2020-08-10 00:00:00,-0.4284835487560277,6.269096283706261,0.011230397088372257,-2171.7
2020-08-10 01:00:00,-0.43045046282033805,6.202535517187923,0.010834593574699625,-2144.2
2020-08-10 02:00:00,-0.45261443840691395,6.1675164908883415,0.018742660604612382,-2114.4
2020-08-10 03:00:00,-0.4079365441490128,6.159095388491933,0.018934332400969645,-2124.6
2020-08-10 04:00:00,-0.48573594787170427,6.139884552226255,0.013725041898611678,-2213.4
2020-08-10 05:00:00,-0.5661191898059568,6.049733455231958,0.0018100261084414981,-2286.2
2020-08-10 06:00:00,-0.6390380910121607,5.799092654460526,-0.01491679999002038,-2329.8
2020-08-10 07:00:00,-0.6199518999183367,5.459585514144159,-0.023299549003167996,-2466.4
2020-08-10 08:00:00,-0.6435267290198992,5.204006687076795,-0.03218557355093754,-2396.2
2020-08-10 09:00:00,-0.6397834747865416,4.983606621708336,-0.035367011260280634,-2344.5
2020-08-10 10:00:00,-0.594753560360981,4.820281565605037,-0.035319344874753966,-2373.6
2020-08-10 11:00:00,-0.6074313955363881,4.6913478822291435,-0.03152181374682428,-2322.8
2020-08-10 12:00:00,-0.6295083106861945,4.574710978503383,-0.027821811886220793,-2309.9
2020-08-10 13:00:00,-0.6699958771302916,4.543294782270004,-0.04067511555366199,-2280.9
2020-08-10 14:00:00,-0.6579638891979993,4.499809670330265,-0.025275249454257853,-2274.7
2020-08-10 15:00:00,-0.62039986282729,4.442651256490317,-0.023660096061164815,-2286.6
2020-08-10 16:00:00,-0.572536763485981,4.30406509320417,-0.02415561599660876,-2341.3
2020-08-10 17:00:00,-0.5782617295972972,4.1588830833596715,-0.024266700201106772,-2356.9
2020-08-10 18:00:00,-0.5516867170185047,4.04305126783455,-0.021868727283225198,-2309.3
2020-08-10 19:00:00,-0.5745898657604993,4.0943445622221,-0.03537100565063511,-2269.5
2020-08-10 20:00:00,-0.5894305999227392,4.23410650459726,-0.025244111183138962,-2239.3
2020-08-10 21:00:00,-0.5681147085252474,4.442651256490317,-0.020712500398344602,-2241.0
2020-08-10 22:00:00,-0.5657525849254745,4.634728988229636,-0.00425872858622256,-2158.6
2020-08-10 23:00:00,-0.5022741811456619,4.564348191467836,0.008258198516307047,-2159.1
2020-08-11 00:00:00,-0.39123479289706564,4.204692619390966,-0.0007704422755843154,-2295.1
2020-08-11 01:00:00,-0.3855516374725094,4.04305126783455,0.004161344457896732,-2283.9
2020-08-11 02:00:00,-0.3675532731292148,3.8501476017100584,0.006019082409320475,-2258.5
2020-08-11 03:00:00,-0.3994744562875381,3.6375861597263857,0.005901780468402507,-2275.1
2020-08-11 04:00:00,-0.4257973587652941,3.4339872044851463,0.0067705777706486,-2267.9
2020-08-11 05:00:00,-0.5072877946977785,3.295836866004329,0.0017658486905682835,-2218.4
2020-08-11 06:00:00,-0.6082524091030166,3.044522437723423,-0.012040514293849114,-2188.9
2020-08-11 07:00:00,-0.6183521011932815,2.772588722239781,-0.020743017976469602,-2181.5
2020-08-11 08:00:00,-0.5687721697494563,2.772588722239781,-0.021521607271488108,-2161.2
2020-08-11 09:00:00,-0.5915598759822549,2.8903717578961645,-0.019959906988216147,-2154.4
2020-08-11 10:00:00,-0.5798087969483152,2.995732273553991,-0.016450318229133565,-2152.9
2020-08-11 11:00:00,-0.5423057915441438,3.044522437723423,-0.013365606570796551,-2164.4
2020-08-11 12:00:00,-0.5668812342426426,3.044522437723423,-0.012937986726470285,-2154.6
2020-08-11 13:00:00,-0.5405643202191479,3.1354942159291497,-0.011469551865219252,-2147.8
2020-08-11 14:00:00,-0.5386586235462207,3.258096538021482,-0.013522635652496895,-2154.4
2020-08-11 15:00:00,-0.49588595011777103,3.4011973816621555,-0.011681827755361418,-2153.8
2020-08-11 16:00:00,-0.4615751884893151,3.713572066704308,-0.013467224967414815,-2177.6
2020-08-11 17:00:00,-0.5365023417948929,4.174387269895637,-0.010579195179436951,-2165.3
2020-08-11 18:00:00,-0.565933398583994,4.718498871295094,-0.008273141261472716,-2171.5
2020-08-11 19:00:00,-0.6236079142755733,5.204006687076795,-0.023446685982690063,-2181.9
2020-08-11 20:00:00,-0.5425532267755733,5.5254529391317835,-0.01826282192319173,-2202.5
2020-08-11 21:00:00,-0.5369925031513172,5.746203190540153,-0.012479007359619487,-2181.5
2020-08-11 22:00:00,-0.5450030737683118,5.883322388488279,-0.004650929010801441,-2176.7
2020-08-11 23:00:00,-0.4795335398282474,5.924255797414532,0.00015031753756744592,-2201.0
2020-08-12 00:00:00,-0.23737420639485496,5.739792912179234,0.006621120313242912,-1906.4
2020-08-12 01:00:00,-0.16377220414837224,5.662960480135946,0.005679168570487114,-1934.2
2020-08-12 02:00:00,-0.09874017716038885,5.53338948872752,0.00500622551925467,-1942.4
2020-08-12 03:00:00,-0.10422112990972998,5.438079308923196,0.004292023281090351,-1970.1
2020-08-12 04:00:00,-0.1256490307792224,5.351858133476067,0.002277691114447755,-2013.2
2020-08-12 05:00:00,-0.26544377644463335,5.176149732573829,0.0004201186930279377,-2058.4
2020-08-12 06:00:00,-0.16699304743749543,4.836281906951478,0.002814433538026684,-2589.2
2020-08-12 07:00:00,-0.2898469540835502,4.31748811353631,0.0011545096517258102,-2485.0
2020-08-12 08:00:00,-0.2995089111270235,3.912023005428146,0.0019041844929601481,-2478.9
2020-08-12 09:00:00,-0.25312817295708534,3.5263605246161616,0.00886478689804271,-2480.5
2020-08-12 10:00:00,-0.27210478960540385,3.1354942159291497,0.01318910409830032,-2444.5
2020-08-12 11:00:00,-0.247003417962961,3.091042453358316,0.0206428266191363,-2434.4
2020-08-12 12:00:00,-0.217588143402347,3.1354942159291497,0.02484614904692517,-2486.2
2020-08-12 13:00:00,-0.25277645397782944,3.2188758248682006,0.024456249189904078,-2465.1
2020-08-12 14:00:00,-0.254083496087961,3.4339872044851463,0.023163203114461517,-2450.9
2020-08-12 15:00:00,-0.21157772350907944,3.5553480614894135,0.028245101961076102,-2475.3
2020-08-12 16:00:00,-0.15680082329909606,3.5263605246161616,0.02521844233772974,-2477.9
2020-08-12 17:00:00,-0.12065325880511502,3.5553480614894135,0.028315111742509558,-2471.7
2020-08-12 18:00:00,-0.08290445934030943,3.6635616461296463,0.01996400644205032,-2481.4
2020-08-12 19:00:00,-1.397020737758936e-06,3.8501476017100584,0.01121845472473737,-2553.1
2020-08-12 20:00:00,0.09096449435251452,4.02535169073515,0.010091349253130488,-2391.4
2020-08-12 21:00:00,0.07909315646188952,4.0943445622221,0.01811542738098737,-2400.1
2020-08-12 22:00:00,0.003608349463568139,4.174387269895637,0.018187026693813557,-2386.6
2020-08-12 23:00:00,-0.024188704921638493,4.219507705176107,0.008975361602244547,-2426.8
2020-08-13 00:00:00,0.10277436446275079,3.871201010907891,0.021564660158069238,-1738.8
2020-08-13 01:00:00,0.07580622940707027,3.7612001156935624,0.02454113143518999,-1714.2
2020-08-13 02:00:00,0.02733435059172651,3.5263605246161616,0.024634065553083673,-1686.9
2020-08-13 03:00:00,0.030241925871166142,3.258096538021482,0.02275148930320281,-1710.3
2020-08-13 04:00:00,0.01327614694377699,3.044522437723423,0.01915187829655185,-1726.9
2020-08-13 05:00:00,-0.06493557348834944,2.6390573296152584,0.015601573646452316,-1972.2
2020-08-13 06:00:00,0.025048440534384042,2.1972245773362196,0.0036462957744358704,-2209.1
2020-08-13 07:00:00,-0.010597644914241755,1.9459101490553132,-0.0035338205624348973,-2363.2
2020-08-13 08:00:00,-0.06390322114619451,2.0794415416798357,-0.004977895804034738,-2297.6
2020-08-13 09:00:00,-0.04622263952590977,2.3978952727983707,-0.005681633856025492,-2329.2
2020-08-13 10:00:00,-0.012206230898004655,2.772588722239781,-0.003713250066962992,-2335.1
2020-08-13 11:00:00,-0.01028141004784322,3.1780538303479458,0.0012956567746158498,-2276.2
2020-08-13 12:00:00,-0.03817394428373433,3.5263605246161616,0.000936750659366048,-2262.3
2020-08-13 13:00:00,-0.06876044028511519,3.828641396489095,-0.011298405490236085,-2232.1
2020-08-13 14:00:00,0.00024005718110942098,4.0943445622221,-0.007501318045245675,-2268.1
2020-08-13 15:00:00,0.014365348985359905,4.30406509320417,-0.00336894761901263,-2312.1
2020-08-13 16:00:00,0.05491931619007362,4.499809670330265,-0.004087090398994242,-2334.6
2020-08-13 17:00:00,0.0736259617979238,4.718498871295094,0.0023269296992296518,-2314.0
2020-08-13 18:00:00,0.08186020848145237,4.9344739331306915,0.0014921971882726481,-2265.5
2020-08-13 19:00:00,0.12934974828155532,5.198497031265826,-0.00986176637984748,-2322.7
2020-08-13 20:00:00,0.1500135037800976,5.5254529391317835,-0.001282777943108826,-2229.9
2020-08-13 21:00:00,0.13046480954645956,5.786897381366708,0.003348264537359924,-2172.8
2020-08-13 22:00:00,0.09213953963512145,5.961005339623274,0.009325257442684531,-2083.7
2020-08-13 23:00:00,-0.017199935092000462,6.035481432524756,0.00879535821310462,-2013.4
2020-08-14 00:00:00,0.09790332000366453,6.023447592961033,0.021886187666938284,-2352.9
2020-08-14 01:00:00,0.09597599726724848,6.0014148779611505,0.02513946592638483,-2305.8
2020-08-14 02:00:00,0.11079282795088918,6.013715156042802,0.030748978255486392,-2251.2
2020-08-14 03:00:00,0.08590891537047574,6.021023349349527,0.02299416910212848,-2241.6
2020-08-14 04:00:00,0.01315098768969003,5.988961416889864,0.0193860578500491,-2103.7
2020-08-14 05:00:00,0.0646015171240375,5.905361848054571,0.012937160482052512,-2195.3
2020-08-14 06:00:00,0.024784912841748774,5.762051382780177,-0.007714794659388957,-2330.1
2020-08-14 07:00:00,-0.022678004278772868,5.472270673671475,-0.017209510259700522,-2259.1
2020-08-14 08:00:00,-0.08153581048495395,4.962844630259907,-0.01685327562331196,-2195.6
2020-08-14 09:00:00,-0.06807088619913637,4.499809670330265,-0.0160154394167904,-2223.9
2020-08-14 10:00:00,-0.024729206795163883,4.343805421853684,-0.014516587963680827,-2214.8
2020-08-14 11:00:00,-0.031089485469237843,4.48863636973214,-0.01615581285338763,-2176.4
2020-08-14 12:00:00,-0.017938885420041295,4.709530201312334,-0.007563037500254666,-2262.2
2020-08-14 13:00:00,-0.04757577371394239,4.867534450455582,-0.005380647229688229,-2251.1
2020-08-14 14:00:00,-0.03195892083117435,4.890349128221754,-0.005651974733585696,-2254.2
2020-08-14 15:00:00,0.02260446780476988,4.820281565605037,-0.008051443999526064,-2266.5
2020-08-14 16:00:00,0.06150675051961363,4.787491742782046,0.0009665003364114355,-2212.0
2020-08-14 17:00:00,0.08316465525303363,4.770684624465665,0.00036189550567211626,-2186.5
2020-08-14 18:00:00,0.09631912039101165,4.820281565605037,-0.0015880071788751948,-2046.1
2020-08-14 19:00:00,0.20401961608015284,5.0369526024136295,-0.0010384123569293635,-2216.4
2020-08-14 20:00:00,0.1664141226764526,5.375278407684165,0.003130417207274583,-2269.2
2020-08-14 21:00:00,0.17925633480712522,5.697093486505405,0.004235246105446677,-2330.7
2020-08-14 22:00:00,0.17478955693371123,5.955837369464831,0.007126476387457004,-2443.0
2020-08-14 23:00:00,0.08524397289507046,6.129050210060545,0.012695843488532255,-2182.6
2020-08-15 00:00:00,0.1258750319832398,6.16541785423142,0.029411975395220225,-2430.6
2020-08-15 01:00:00,0.1448965729974665,6.186208623900494,0.038197379764378425,-2441.1
2020-08-15 02:00:00,0.13544520645785152,6.18826412308259,0.042717071293918885,-2462.6
2020-08-15 03:00:00,0.12437786057453648,6.220590170099739,0.03926824486567959,-2471.9
2020-08-15 04:00:00,0.14519256618012166,6.244166900663736,0.04139413072386677,-2480.3
2020-08-15 05:00:00,0.19809797680132046,6.19644412779452,0.043368916956413095,-2468.6
2020-08-15 06:00:00,0.2138323834523832,6.077642243349034,0.04908897078272201,-2461.3
2020-08-15 07:00:00,0.24573826518399233,5.945420608606575,0.04283647420519454,-2506.4
2020-08-15 08:00:00,0.23059859966656182,5.831882477283517,0.03856942884470449,-2667.1
2020-08-15 09:00:00,0.1877027127644726,5.840641657373398,0.028369462614350027,-2706.4
2020-08-15 10:00:00,0.18162185321259905,5.8998973535824915,0.023757493620209402,-2635.0
2020-08-15 11:00:00,0.17797633674792745,6.037870919922137,0.022841367564703674,-2589.5
2020-08-15 12:00:00,0.1124136267777116,6.175867270105761,0.02346488550147452,-2508.3
2020-08-15 13:00:00,0.12658706728211833,6.304448802421981,0.013289590572758136,-2559.4
2020-08-15 14:00:00,0.17356364142675718,6.453624998892692,0.021010382298097596,-2574.4
2020-08-15 15:00:00,0.1517063092150006,6.569481420414296,0.01792049484323499,-2610.5
2020-08-15 16:00:00,0.12660327481760225,6.645090969505644,0.02061003537796502,-2630.4
2020-08-15 17:00:00,0.09284880722578803,6.668228248417403,0.017036024790633597,-2642.9
2020-08-15 18:00:00,0.13567644970645087,6.6895992691789665,0.0206479166369693,-2684.0
2020-08-15 19:00:00,0.16029468106760225,6.710523109452428,0.015545892747119261,-2686.9
2020-08-15 20:00:00,0.17317031562524576,6.721425700790643,0.018595696259250616,-2725.5
2020-08-15 21:00:00,0.20549531043856062,6.742880635791903,0.013697128012172932,-2774.3
2020-08-15 22:00:00,0.20744854804208845,6.784457062637643,0.019781463431372437,-2779.9
2020-08-15 23:00:00,0.18531111156694546,6.836259277277067,0.026110125994907918,-2603.4
2020-08-16 00:00:00,0.06988509988913671,6.841615476477592,0.033610086287660934,-2731.8
2020-08-16 01:00:00,0.06965045982513418,6.851184927493743,0.04002679182380131,-2752.8
2020-08-16 02:00:00,0.06887419574122777,6.85751406254539,0.03070018090088933,-2730.5
2020-08-16 03:00:00,0.0536721650749481,6.853299093186078,0.03897399892382225,-2722.2
2020-08-16 04:00:00,0.1034193598110642,6.799055862058796,0.0399529017136242,-2694.7
2020-08-16 05:00:00,0.21467860326364852,6.679599185844383,0.049004777159866286,-2661.2
2020-08-16 06:00:00,0.24543261406863381,6.551080335043404,0.05474022248272803,-2606.4
2020-08-16 07:00:00,0.30210370790507257,6.4692503167957724,0.0512954600823452,-2643.7
2020-08-16 08:00:00,0.28841064382657455,6.428105272684596,0.042970122098603625,-2663.5
2020-08-16 09:00:00,0.25579846806652373,6.349138991379798,0.03457878084420418,-2628.4
2020-08-16 10:00:00,0.2522405383502089,6.263398262591624,0.029100731322823314,-2589.5
2020-08-16 11:00:00,0.21190536697002793,6.2285110035911835,0.02393225470150817,-2552.3
2020-08-16 12:00:00,0.19748289767261618,6.270988431858299,0.026207253146823817,-2556.8
2020-08-16 13:00:00,0.14185705892112965,6.35088571671474,0.01462248850464487,-2552.5
2020-08-16 14:00:00,0.17131210486201454,6.436150368369428,0.03173714511716508,-2584.5
2020-08-16 15:00:00,0.16518581881002126,6.486160788944089,0.022688683203102578,-2596.4
2020-08-16 16:00:00,0.14845125855398855,6.51471269087253,0.023511038838398335,-2619.3
2020-08-16 17:00:00,0.10701934202900754,6.498282149476434,0.019109413218513893,-2589.5
2020-08-16 18:00:00,0.14181294265556943,6.413458957167357,0.023722379410899386,-2568.0
2020-08-16 19:00:00,0.1764809714951352,6.320768294250582,0.026374917799973474,-2529.9
2020-08-16 20:00:00,0.14198231568169106,6.297109319933935,0.020144193375743136,-2520.8
2020-08-16 21:00:00,0.1441772840810409,6.297109319933935,0.01731713146930769,-2534.3
2020-08-16 22:00:00,0.16718556411861218,6.315358001522335,0.02898625143063427,-2566.9
2020-08-16 23:00:00,0.21737979531386298,6.359573868672378,0.03743376253732311,-2607.1
2020-08-17 00:00:00,0.20872361592157818,6.480044561926653,0.04527184803680573,-2439.3
2020-08-17 01:00:00,0.15066757777468975,6.476972362889683,0.04211973107173428,-2414.3
2020-08-17 02:00:00,0.117074182316804,6.47543271670409,0.047911395195269435,-2415.0
2020-08-17 03:00:00,0.17448273280398663,6.470799503782602,0.04916070854976162,-2433.9
2020-08-17 04:00:00,0.15855833129365582,6.455198563340122,0.04716598449923737,-2467.0
2020-08-17 05:00:00,0.2214594358796247,6.385194398997726,0.04318097235584517,-2704.0
2020-08-17 06:00:00,0.02712798071667688,6.226536669287466,0.03845554993711797,-2450.4
2020-08-17 07:00:00,0.05658627306978081,6.0867747269123065,0.031390337293451864,-2538.7
2020-08-17 08:00:00,0.04054646347263713,6.003887067106539,0.026599121343489962,-2518.9
2020-08-17 09:00:00,0.05813951745091783,5.926926025970411,0.023195517947798727,-2486.1
2020-08-17 10:00:00,0.0978715632829048,5.855071922202427,0.025190604617720602,-2454.1
2020-08-17 11:00:00,0.08835222208981941,5.805134968916488,0.024390426497021167,-2452.1
2020-08-17 12:00:00,0.058880732427333715,5.777652323222656,0.024052146410028286,-2444.8
2020-08-17 13:00:00,0.035836462956969406,5.752572638825633,0.009501050223646779,-2433.7
2020-08-17 14:00:00,0.06931629773140457,5.739792912179234,0.025187622102677665,-2442.5
2020-08-17 15:00:00,0.09425352295361877,5.752572638825633,0.021845385180009558,-2437.4
2020-08-17 16:00:00,0.11327670164849435,5.749392985908253,0.023336689457223336,-2434.2
2020-08-17 17:00:00,0.1050126765641548,5.68697535633982,0.0194665045266067,-2437.7
2020-08-17 18:00:00,0.12393944192863104,5.529429087511423,0.02122075325487849,-2392.3
2020-08-17 19:00:00,0.11481098983982463,5.3706380281276624,0.0041903520811752415,-2362.8
2020-08-17 20:00:00,0.10642147814790581,5.420534999272286,0.022222426055784616,-2361.3
2020-08-17 21:00:00,0.12177337083379092,5.564520407322694,0.024815943514253647,-2326.3
2020-08-17 22:00:00,0.12399900663333296,5.66988092298052,0.032073200661168144,-2300.8
2020-08-17 23:00:00,0.19596783070099244,5.683579767338681,0.04127770650756801,-2331.2
2020-08-18 00:00:00,0.3054883812564979,5.351858133476067,0.021185484125831877,-2169.4
2020-08-18 01:00:00,0.2768399263864647,5.2574953720277815,0.02314925670258816,-2189.2
2020-08-18 02:00:00,0.2878535794478836,5.14166355650266,0.022950703825100227,-2162.6
2020-08-18 03:00:00,0.2585261746591221,5.049856007249537,0.02283340188418226,-2140.2
2020-08-18 04:00:00,0.36134569423741913,4.948759890378168,0.023702199186428352,-2118.9
2020-08-18 05:00:00,0.3368899383531816,4.736198448394496,0.01746475823367266,-2339.2
2020-08-18 06:00:00,0.9172216266668056,4.394449154672439,0.0060504313551899,-2433.6
2020-08-18 07:00:00,1.2065883035784264,3.970291913552122,0.0008264456868820602,-2368.1
2020-08-18 08:00:00,1.8397692061086781,3.6375861597263857,-0.0030655224505773404,-2407.2
2020-08-18 09:00:00,1.8397692061086781,3.6375861597263857,-0.002618431951728617,-2405.1
2020-08-18 10:00:00,1.8397692061086781,3.828641396489095,-0.001050591375556742,-2413.9
2020-08-18 11:00:00,1.8397692061086781,4.04305126783455,-0.000847388213393252,-2432.5
2020-08-18 12:00:00,1.8397692061086781,4.189654742026425,-0.003331764921029823,-2455.0
2020-08-18 13:00:00,1.8397692061086781,4.2626798770413155,-0.002803151932821102,-2430.9
2020-08-18 14:00:00,1.626076386186198,4.276666119016055,-0.0038326373515271683,-2402.6
2020-08-18 15:00:00,1.352589385640738,4.276666119016055,-0.003007074561687695,-2380.9
2020-08-18 16:00:00,1.3328170159145394,4.248495242049359,-0.004775716848956613,-2376.3
2020-08-18 17:00:00,1.3181633758520244,4.189654742026425,-0.0047988322639369585,-2383.3
2020-08-18 18:00:00,0.8769351601707407,4.3694478524670215,-0.007298957063629707,-2396.8
2020-08-18 19:00:00,0.6562901983129588,4.875197323201151,-0.017564316079623943,-2402.0
2020-08-18 20:00:00,0.14227789754271436,5.420534999272286,-0.009417555408225198,-2373.4
2020-08-18 21:00:00,0.15087762030778418,5.7745515455444085,-0.007569817333381579,-2425.7
2020-08-18 22:00:00,0.26212123871033866,5.924255797414532,-0.0036494266737117087,-2264.9
2020-08-18 23:00:00,0.2478545417529232,5.910796644040527,0.0022037063494098064,-2296.0
2020-08-19 00:00:00,0.37797325808613547,6.0063531596017325,-0.005037729290460646,-2459.1
2020-08-19 01:00:00,0.31437958012629563,5.988961416889864,-0.010476271651797653,-2248.3
2020-08-19 02:00:00,0.32782332338935705,5.948034989180646,-0.014517171162844456,-2137.4
2020-08-19 03:00:00,0.2991714385964621,5.883322388488279,-0.013061991412061325,-2167.3
2020-08-19 04:00:00,0.41924606949358356,5.831882477283517,-0.012923470217603317,-2419.9
2020-08-19 05:00:00,0.550695252626356,5.739792912179234,-0.016692598374574708,-2435.7
2020-08-19 06:00:00,0.5209626873291997,5.575949103146316,-0.0022081787282646204,-2367.8
2020-08-19 07:00:00,0.5912642706694315,5.389071729816501,0.006957233864293144,-2304.8
2020-08-19 08:00:00,0.4725837123204517,5.25227342804663,0.010496122789843021,-2289.7
2020-08-19 09:00:00,0.5646409204048672,5.159055299214529,0.01828992735762558,-2269.7
2020-08-19 10:00:00,0.6621073273906415,5.147494476813453,0.017894995135712577,-2265.7
2020-08-19 11:00:00,0.7371299427694122,5.220355825078324,0.016886953659330572,-2268.1
2020-08-19 12:00:00,1.1389600180335062,5.313205979041787,0.017383427845335753,-2281.8
2020-08-19 13:00:00,1.3454513179826604,5.402677381872279,0.016979578846883392,-2271.6
2020-08-19 14:00:00,1.3187101504788155,5.424950017481403,0.01184232748997971,-2293.1
2020-08-19 15:00:00,1.2650966513072772,5.351858133476067,0.014219626606571723,-2272.5
2020-08-19 16:00:00,0.8268446330151376,5.225746673713202,0.013971838321014118,-2263.3
2020-08-19 17:00:00,0.7561987959640066,5.0689042022202315,0.014315816385964908,-2231.3
2020-08-19 18:00:00,0.5105351318645979,4.990432586778736,0.0018768879509067915,-2187.8
2020-08-19 19:00:00,0.5699340262636037,5.214935757608986,-0.0041664641147418635,-2227.0
2020-08-19 20:00:00,0.5552536156607051,5.572154032177765,-0.003409337965771364,-2259.0
2020-08-19 21:00:00,0.6518934288767682,5.723585101952381,-0.00018070166595052228,-2309.0
2020-08-19 22:00:00,0.5242527832317854,5.723585101952381,-0.013593204927824232,-2336.0
2020-08-19 23:00:00,0.35338520738512624,5.634789603169249,-0.023068723753556952,-2312.2
2020-08-20 00:00:00,0.5012397621586251,5.308267697401205,-0.025053950497854416,-2184.3
2020-08-20 01:00:00,0.6163882530109319,5.093750200806762,-0.03360226155358692,-1774.3
2020-08-20 02:00:00,0.5943901457918446,4.836281906951478,-0.035990556263350904,-1716.7
2020-08-20 03:00:00,0.5908862799826404,4.584967478670572,-0.03347953877056753,-1699.9
2020-08-20 04:00:00,0.5656394623651111,4.343805421853684,-0.03397714658732642,-1680.6
2020-08-20 05:00:00,0.6627272492464349,4.0943445622221,-0.03788711130453404,-2237.3
2020-08-20 06:00:00,0.6404072139064247,3.713572066704308,-0.01853203262213654,-2191.0
2020-08-20 07:00:00,1.1029014091861553,3.091042453358316,-0.007428664823975417,-2013.3
2020-08-20 08:00:00,1.3005403070255879,2.70805020110221,-0.005939896840225778,-1913.3
2020-08-20 09:00:00,1.358785054746055,2.70805020110221,-0.0009174514289069791,-1951.1
2020-08-20 10:00:00,0.8399720686541077,2.70805020110221,0.004846003328706772,-1972.7
2020-08-20 11:00:00,0.8727868059459296,3.091042453358316,0.006993677889253647,-1992.9
2020-08-20 12:00:00,1.1809340342908863,3.4965075614664802,0.008505377139373493,-1983.2
2020-08-20 13:00:00,1.176312457778299,3.8501476017100584,-0.003715430765780958,-1990.1
2020-08-20 14:00:00,0.8568079723645994,4.189654742026425,0.005870418920643772,-1983.2
2020-08-20 15:00:00,0.6796064743220218,4.3694478524670215,0.011782857401589908,-1988.0
2020-08-20 16:00:00,0.4590229536999173,4.418840607796598,0.012958776873993827,-2085.8
2020-08-20 17:00:00,0.47282636656676047,4.442651256490317,0.01457390330920294,-2064.2
2020-08-20 18:00:00,0.5255765229612033,4.663439094112067,0.004364386812368615,-2111.5
2020-08-20 19:00:00,0.5638935260434965,5.062595033026967,-0.005051752296062695,-2108.3
2020-08-20 20:00:00,0.5414033771097451,5.231108616854587,0.0044975849723911665,-2117.3
2020-08-20 21:00:00,0.508853513708976,5.365976015021851,0.004313981657318777,-2120.3
2020-08-20 22:00:00,0.49328765059788493,5.641907070938114,-0.008567864071364895,-2171.7
2020-08-20 23:00:00,0.45861117082888825,5.7899601708972535,-0.017955208075545848,-2164.6
2020-08-21 00:00:00,0.35828049986302446,5.652489180268651,-0.03491141072619541,-1931.6
2020-08-21 01:00:00,0.3182046952209112,5.641907070938114,-0.032384378211801845,-1857.0
2020-08-21 02:00:00,0.33222551486146923,5.673323267171493,-0.0289702564461356,-1835.4
2020-08-21 03:00:00,0.3158892011763905,5.713732805509369,-0.029340249793833095,-1827.4
2020-08-21 04:00:00,0.3103825727672471,5.720311776607412,-0.036482389902979584,-1842.1
2020-08-21 05:00:00,0.3616129157258854,5.69035945432406,-0.03156170635408184,-2168.3
2020-08-21 06:00:00,0.312313881105831,5.594711379601839,-0.010716297663145191,-2188.8
2020-08-21 07:00:00,0.3275803332414613,5.384495062789089,0.002993197057818975,-2183.1
2020-08-21 08:00:00,0.3563778132362869,5.2574953720277815,0.007815907063472238,-2194.0
2020-08-21 09:00:00,0.4028381301614119,5.2832037287379885,0.02228910326471123,-1996.4
2020-08-21 10:00:00,0.3643669392827653,5.43372200355424,0.023680882884270282,-1903.3
2020-08-21 11:00:00,0.2249030760255608,5.631211781821365,0.01669556926661553,-2063.0
2020-08-21 12:00:00,0.19231525056147003,5.7899601708972535,0.022345733892318087,-1959.3
2020-08-21 13:00:00,0.14896165968466324,5.945420608606575,0.019960924730790808,-1906.9
2020-08-21 14:00:00,0.15258508358934186,6.07993319509559,0.017900691938927515,-1932.1
2020-08-21 15:00:00,0.2023058477494981,6.159095388491933,0.01559031905751418,-1938.7
2020-08-21 16:00:00,0.2151396980029232,6.2166061010848646,0.018985005839089908,-1963.1
2020-08-21 17:00:00,0.23103916385105583,6.272877006546167,0.009849632710781542,-1953.3
2020-08-21 18:00:00,0.3092061715380323,6.336825731146441,-0.004471238392960153,-2034.6
2020-08-21 19:00:00,0.3459002033155967,6.448889394146858,0.0008976966699369981,-2091.1
2020-08-21 20:00:00,0.2641782914423443,6.546785410760524,0.00896700965172581,-2023.4
2020-08-21 21:00:00,0.27325446544006615,6.6052979209482015,0.007166366914305833,-2007.4
2020-08-21 22:00:00,0.25640845518900424,6.620073206530356,-0.00677642878153506,-1917.8
2020-08-21 23:00:00,0.24745208061209656,6.61338421837956,-0.010738749059211905,-1717.6
2020-08-22 00:00:00,0.20814706360897306,6.698268054115413,-0.005679344416050114,-1347.4
2020-08-22 01:00:00,0.21104669802937925,6.692083742506628,-0.004274047344513754,-1306.6
2020-08-22 02:00:00,0.18226363157244396,6.688354713946762,-0.0020587578522839323,-1318.0
2020-08-22 03:00:00,0.20354430211638697,6.699500340161678,0.0005402234615665691,-1298.1
2020-08-22 04:00:00,0.2437398006039011,6.709304340258298,0.00044352711077166873,-1339.9
2020-08-22 05:00:00,0.28343899081869717,6.710523109452428,0.007688321936575981,-1349.2
2020-08-22 06:00:00,0.18754168822066575,6.739336627357174,0.010762166916546967,-1344.9
2020-08-22 07:00:00,0.27265120448534663,6.79346613258001,0.0071729901671861995,-1348.3
2020-08-22 08:00:00,0.24454420626657702,6.837332814685591,0.012799915665652861,-1470.2
2020-08-22 09:00:00,0.21266146721002288,6.834108738813838,0.015741805746547932,-1596.9
2020-08-22 10:00:00,0.23021672395303439,6.835184586147301,0.011129836752407307,-1657.6
2020-08-22 11:00:00,0.24676970698733403,6.836259277277067,0.009222480029899671,-1652.0
2020-08-22 12:00:00,0.22442694777329164,6.816735880594968,0.011780234546501234,-1688.3
2020-08-22 13:00:00,0.15364898932507565,6.794586580876499,0.0006126777539749995,-1314.3
2020-08-22 14:00:00,0.15107634628828803,6.75110146893676,0.009245540718511691,-1307.7
2020-08-22 15:00:00,0.09724877480218463,6.726233402358747,0.008145245938592893,-1253.7
2020-08-22 16:00:00,0.19722084203155532,6.728628613084702,0.012865562982486978,-1223.9
2020-08-22 17:00:00,0.25504279764677973,6.695798917058491,0.009306517708366435,-1670.7
2020-08-22 18:00:00,0.30392089260956867,6.637258031284457,0.014833946771549478,-1819.3
2020-08-22 19:00:00,0.3206611030277742,6.610696044717759,0.02231901975296502,-1793.9
2020-08-22 20:00:00,0.33427436290100365,6.583409222158765,0.025381955943609924,-1796.3
2020-08-22 21:00:00,0.3612804226645343,6.568077911411976,0.029216353159774222,-1830.8
2020-08-22 22:00:00,0.3634456094869494,6.5337888379333435,0.017812958858700156,-1581.8
2020-08-22 23:00:00,0.3984601321561594,6.466144724237619,0.007964466826853922,-1429.0
2020-08-23 00:00:00,0.3425631399326359,6.508769136971682,-0.020739756582438318,-1080.1
2020-08-23 01:00:00,0.3586554087808995,6.39024066706535,-0.02423965748512913,-1041.3
2020-08-23 02:00:00,0.38675958356512297,6.269096283706261,-0.031654933255738094,-997.9
2020-08-23 03:00:00,0.38745592690554886,6.1779441140506,-0.016008135493530418,-952.6
2020-08-23 04:00:00,0.3758036272284371,6.095824562432225,-0.024240255925436216,-862.1
2020-08-23 05:00:00,0.24685496677042496,6.003887067106539,-0.021916449148479344,-697.6
2020-08-23 06:00:00,0.3906546631515906,5.860786223465865,-0.015203532300096079,-700.2
2020-08-23 07:00:00,0.5171079121293856,5.680172609017068,-0.015675166023839004,-1324.4
2020-08-23 08:00:00,0.48140115697009644,5.564520407322694,-0.01629134193812387,-1605.8
2020-08-23 09:00:00,0.38305266102843616,5.568344503761097,-0.008363413442804557,-1398.6
2020-08-23 10:00:00,0.37625371515375505,5.602118820879701,-0.012571965077744274,-1464.6
2020-08-23 11:00:00,0.37109559174056317,5.700443573390687,-0.008825016567956645,-1500.9
2020-08-23 12:00:00,0.3430483143414511,5.802118375377063,-0.016564059729480718,-1397.3
2020-08-23 13:00:00,0.34235121629472953,5.877735781779639,-0.031247965561452595,-1468.0
2020-08-23 14:00:00,0.3906148462099672,5.976350909297934,-0.007950603150076674,-1498.1
2020-08-23 15:00:00,0.42672483049702636,6.063785208687608,-0.007930992850169183,-1620.4
2020-08-23 16:00:00,0.4353007608136421,6.139884552226255,2.6593605328528724e-05,-1781.8
2020-08-23 17:00:00,0.45824540545185144,6.163314804034641,0.005530155092133171,-2298.8
2020-08-23 18:00:00,0.49608708084717,6.194405391104672,0.013037479310883171,-2309.4
2020-08-23 19:00:00,0.4841161999755519,6.2324480165505225,0.02252134848398324,-2369.9
2020-08-23 20:00:00,0.4200581663280323,6.297109319933935,0.019177542744648335,-2376.8
2020-08-23 21:00:00,0.41508446042076397,6.354370040797351,0.015371605563816004,-2292.1
2020-08-23 22:00:00,0.428292757396052,6.3818160174060985,0.008244767123818164,-2283.8
2020-08-23 23:00:00,0.474099642161677,6.380122536899765,-0.004260125916225377,-2234.7
2020-08-24 00:00:00,0.6478619391363303,6.2285110035911835,-0.006769030088237926,-1914.4
2020-08-24 01:00:00,0.6328692349313858,6.150602768446279,-0.02146100111665117,-1765.8
2020-08-24 02:00:00,0.6234355129541092,6.066108090103747,-0.014575843171744651,-1770.6
2020-08-24 03:00:00,0.6620583393020696,6.0112671744041615,-0.017707697832815228,-1794.1
2020-08-24 04:00:00,0.5574140300141464,6.0014148779611505,-0.015387526232617965,-1859.4
2020-08-24 05:00:00,0.46806192569312444,5.934894195619588,-0.0003041395838936367,-2128.8
2020-08-24 06:00:00,0.3999617948544336,5.6937321388027,0.047080423718877995,-2460.2
2020-08-24 07:00:00,0.34992492626083616,5.298317366548036,0.0698566181212481,-2473.4
2020-08-24 08:00:00,0.3435264731041814,4.90527477843843,0.07775428464441969,-2529.7
2020-08-24 09:00:00,0.3795246041368756,4.624972813284271,0.09059690963504696,-2359.3
2020-08-24 10:00:00,0.5665688566145852,4.51085950651685,0.08484335658820807,-2386.9
2020-08-24 11:00:00,0.4166666976308204,4.553876891600541,0.079960277651832,-2361.9
2020-08-24 12:00:00,0.3509252944469776,4.727387818712341,0.08381134195003437,-2193.3
2020-08-24 13:00:00,0.3085701784832775,4.897839799950911,0.057279402503753296,-2138.4
2020-08-24 14:00:00,0.310367720801199,5.075173815233827,0.08466460874109938,-2062.0
2020-08-24 15:00:00,0.3400751791926626,5.209486152841421,0.0742039136724113,-2070.4
2020-08-24 16:00:00,0.3433363446610769,5.262690188904886,0.07662243173881755,-2077.0
2020-08-24 17:00:00,0.3232355248646539,5.2832037287379885,0.07201482499285028,-2046.4
2020-08-24 18:00:00,0.37715648092677023,5.318119993844216,0.07148258803576635,-2163.4
2020-08-24 19:00:00,0.37407703846539153,5.484796933490655,0.05581471748648248,-2230.1
2020-08-24 20:00:00,0.36824534811427023,5.723585101952381,0.07564212407976623,-2245.3
2020-08-24 21:00:00,0.3848070353764834,5.908082938168931,0.06926770608508726,-2283.8
2020-08-24 22:00:00,0.42979827991161157,6.049733455231958,0.05306633803304717,-2417.7
2020-08-24 23:00:00,0.4881569530357748,6.159095388491933,0.053019524384250616,-2392.8
2020-08-25 00:00:00,0.5519181014265739,6.192362489474872,0.030449575085629732,-2840.0
2020-08-25 01:00:00,0.5630651414187948,6.1463292576688975,0.02314925670258816,-2840.0
2020-08-25 02:00:00,0.5855018495982658,6.054439346269371,0.01874459878082657,-2840.0
2020-08-25 03:00:00,0.5592040539365994,6.0014148779611505,0.017573000485001877,-2840.0
2020-08-25 04:00:00,0.5370696776182728,5.971261839790462,0.022652330323591485,-2840.0
2020-08-25 05:00:00,0.4451035229934144,5.910796644040527,0.024707417932975595,-2680.0
2020-08-25 06:00:00,0.32417923913501534,5.720311776607412,0.03935419482934943,-2456.7
2020-08-25 07:00:00,0.23439463970981045,5.318119993844216,0.04447663882631048,-2499.1
2020-08-25 08:00:00,0.17387213860074047,5.087596335232384,0.04393560938315577,-2525.5
2020-08-25 09:00:00,0.19713419878719218,5.247024072160486,0.04676281596419596,-2506.6
2020-08-25 10:00:00,0.21451981525189012,5.5053315359323625,0.05196042459094663,-2421.0
2020-08-25 11:00:00,0.23535110919343705,5.752572638825633,0.049536401791316464,-2404.7
2020-08-25 12:00:00,0.2159286726285523,5.908082938168931,0.04791372717678133,-2455.3
2020-08-25 13:00:00,0.21877740899430664,5.976350909297934,0.0494963474700274,-2546.9
2020-08-25 14:00:00,0.23968195000993164,5.983936280687191,0.049676137400871845,-2535.7
2020-08-25 15:00:00,0.2689149086817624,5.916202062607435,0.05297769283785936,-2412.2
2020-08-25 16:00:00,0.30442384045662507,5.7899601708972535,0.06306264229116998,-2252.0
2020-08-25 17:00:00,0.2923872057003889,5.6131281063880705,0.06207845039663873,-2261.0
2020-08-25 18:00:00,0.3664325599075182,5.384495062789089,0.05589981598973903,-2303.3
2020-08-25 19:00:00,0.3292722650308737,5.181783550292085,0.04953690095067653,-2376.0
2020-08-25 20:00:00,0.4151059341472245,5.093750200806762,0.0577471620046639,-2420.6
2020-08-25 21:00:00,0.4417292675208442,5.147494476813453,0.055988791917840786,-2473.1
2020-08-25 22:00:00,0.4521190093533778,5.220355825078324,0.04041056312031799,-2545.4
2020-08-25 23:00:00,0.4527064934535856,5.204006687076795,0.03945008519897364,-1896.3
2020-08-26 00:00:00,0.4367741298223926,4.6443908991413725,0.04080363005778054,-672.2
2020-08-26 01:00:00,0.4607962693538177,4.356708826689592,0.03929577936947215,-423.0
2020-08-26 02:00:00,0.49084424103490143,4.007333185232471,0.037761398907893984,-301.1
2020-08-26 03:00:00,0.4505024979461796,3.7376696182833684,0.038121887799495546,-342.2
2020-08-26 04:00:00,0.42366303780542225,3.828641396489095,0.03929937012637286,-438.0
2020-08-26 05:00:00,0.36715475186044255,4.1588830833596715,0.03481642247266237,-813.3
2020-08-26 06:00:00,0.472644110058392,4.276666119016055,0.029509048799071458,-2024.2
2020-08-26 07:00:00,0.40603995421751504,4.0943445622221,0.024166071544932777,-1958.2
2020-08-26 08:00:00,0.3929591522591127,4.04305126783455,0.021838399393777408,-2121.8
2020-08-26 09:00:00,0.41439790891210526,4.04305126783455,0.022035250087787617,-2027.5
2020-08-26 10:00:00,0.4247743715370813,4.0943445622221,0.02351298743993624,-1966.6
2020-08-26 11:00:00,0.44376483199332606,4.219507705176107,0.021579594837523253,-1911.6
2020-08-26 12:00:00,0.4076409059499424,4.356708826689592,0.022054150955893803,-1946.5
2020-08-26 13:00:00,0.3944126139400934,4.51085950651685,0.024456249189904078,-1943.8
2020-08-26 14:00:00,0.4247044633940953,4.672828834461906,0.030639873457482203,-1909.2
2020-08-26 15:00:00,0.4297583409550154,4.812184355372417,0.031952242443895607,-1858.4
2020-08-26 16:00:00,0.4981337621958124,5.003946305945459,0.03541788170662308,-1908.8
2020-08-26 17:00:00,0.5325021472905638,5.093750200806762,0.03478164697825559,-1868.2
2020-08-26 18:00:00,0.5910113592917483,5.117993812416755,0.03308509440474783,-1825.2
2020-08-26 19:00:00,0.6025379063564196,5.2574953720277815,0.03665553040551295,-1787.5
2020-08-26 20:00:00,0.596815271275879,5.4680601411351315,0.0384218558793572,-1842.3
2020-08-26 21:00:00,0.5870294398762752,5.645446897643238,0.04169030513069849,-1916.2
2020-08-26 22:00:00,0.6029938028662718,5.780743515792329,0.03370625184141485,-1963.7
2020-08-26 23:00:00,0.45884159572410566,5.981414211254481,0.039037745703761395,-1148.6
2020-08-27 00:00:00,0.5433380810384851,6.180016653652572,0.027756630405990634,-843.4
2020-08-27 01:00:00,0.4367399840415991,6.238324625039508,0.030797669049495546,-647.9
2020-08-27 02:00:00,0.4602534762346546,6.300785794663244,0.03091680873257907,-734.0
2020-08-27 03:00:00,0.5355513811976578,6.326149473155099,0.026948767238542892,-1123.0
2020-08-27 04:00:00,0.5954265515316979,6.317164686747284,0.027564125591204025,-1830.7
2020-08-27 05:00:00,0.6229823812807687,6.263398262591624,0.019759583795115887,-2045.4
2020-08-27 06:00:00,0.5474549696440043,6.139884552226255,0.004642808064174275,-2134.8
2020-08-27 07:00:00,0.4848116680946397,5.940171252720432,-0.0035338205624348973,-2224.8
2020-08-27 08:00:00,0.46179681873504297,5.707110264748875,-0.005939896840225778,-2286.2
2020-08-27 09:00:00,0.47394671675895106,5.564520407322694,-0.008551076283978887,-2285.6
2020-08-27 10:00:00,0.5064652458391312,5.455321115357702,-0.006582692494916387,-2282.1
2020-08-27 11:00:00,0.5263949040291469,5.337538079701318,-0.0073127177619838335,-2309.9
2020-08-27 12:00:00,0.5085535574593361,5.214935757608986,-0.008605306473836727,-2401.8
2020-08-27 13:00:00,0.4963122725797944,5.111987788356544,-0.021819784231769113,-2444.7
2020-08-27 14:00:00,0.5479778300995162,5.0106352940962555,-0.009426246454830256,-2391.6
2020-08-27 15:00:00,0.5648349851946857,4.882801922586371,-0.004323601629462992,-2402.6
2020-08-27 16:00:00,0.6157838035593417,4.7535901911063645,-0.0002739303925798353,-2398.5
2020-08-27 17:00:00,0.6419026966106944,4.532599493153256,-0.002423673059368525,-2374.5
2020-08-27 18:00:00,0.6556859781308684,4.248495242049359,-0.0033131940866661935,-2188.7
2020-08-27 19:00:00,0.701868941052886,4.04305126783455,-0.007934983510147653,-2198.5
2020-08-27 20:00:00,0.6831051843027303,4.110873864173311,0.002574507456649222,-2211.2
2020-08-27 21:00:00,0.6802430858824353,4.219507705176107,0.003348264537359924,-2273.3
2020-08-27 22:00:00,0.7005664229704194,4.2626798770413155,0.003396386320405398,-2300.7
2020-08-27 23:00:00,0.7574776796742522,4.23410650459726,0.013858660169651316,-2351.7
2020-08-28 00:00:00,0.84260182617437,4.02535169073515,-0.02200800589028784,-2201.9
2020-08-28 01:00:00,0.831015794324347,4.0943445622221,-0.021479144729538824,-2079.5
2020-08-28 02:00:00,0.8451564025629223,4.07753744390572,-0.025678975362063206,-2034.1
2020-08-28 03:00:00,0.7754215305548304,4.007333185232471,-0.02714966841401445,-1826.1
2020-08-28 04:00:00,0.8096329069581794,3.9318256327243257,-0.022219942982414587,-2057.0
2020-08-28 05:00:00,0.8170415840525638,3.9318256327243257,-0.013311065592883864,-2243.6
2020-08-28 06:00:00,0.6219174401621053,3.8918202981106265,-0.00871429499247256,-2430.9
2020-08-28 07:00:00,0.5987710146351897,3.4657359027997265,-0.0017800816948385645,-2443.4
2020-08-28 08:00:00,0.5605473095561115,2.772588722239781,-0.0025468799720744784,-2430.2
2020-08-28 09:00:00,0.5717468577579576,2.70805020110221,0.004720459062387938,-2440.5
2020-08-28 10:00:00,0.5738892083602098,2.9444389791664403,0.0014988273582954292,-2410.9
2020-08-28 11:00:00,0.5966625380321839,3.1780538303479458,-0.0076046918641372585,-2431.0
2020-08-28 12:00:00,0.5906421064253871,3.367295829986474,-0.007563037500254666,-2432.1
2020-08-28 13:00:00,0.5306201112027282,3.4657359027997265,-0.008236432131046634,-2364.4
2020-08-28 14:00:00,0.546888229032136,3.5263605246161616,-0.012347360816570507,-2357.9
2020-08-28 15:00:00,0.5935430735704572,3.6109179126442243,-0.013809617299210153,-2350.2
2020-08-28 16:00:00,0.6148919887044002,3.713572066704308,-0.0038296719270816126,-2253.8
2020-08-28 17:00:00,0.6565880495046299,3.7376696182833684,-0.010179649164791194,-2332.1
2020-08-28 18:00:00,0.7001331212001696,3.9318256327243257,-0.018037337919678542,-2219.8
2020-08-28 19:00:00,0.7601449990758069,4.31748811353631,-0.007844466825928542,-2203.6
2020-08-28 20:00:00,0.7098551861452784,4.820281565605037,0.006052971649875616,-2308.3
2020-08-28 21:00:00,0.8193373953917358,5.220355825078324,0.00031367245226476825,-2110.7
2020-08-28 22:00:00,0.7976721633705877,5.420534999272286,-0.01783737614095937,-2052.7
2020-08-28 23:00:00,0.713484240344223,5.493061443340548,-0.010738749059211905,-1251.2
2020-08-29 00:00:00,0.7616362156344345,4.875197323201151,0.004770071458291447,-1838.4
2020-08-29 01:00:00,0.7373319142489625,4.820281565605037,-0.009579099574207106,-1531.7
2020-08-29 02:00:00,0.7299938122738854,4.68213122712422,-0.011689650913245586,-1371.5
2020-08-29 03:00:00,0.734463716377586,4.532599493153256,-0.00695847262955418,-1298.3
2020-08-29 04:00:00,0.777908007555149,4.477336814478207,0.002584855552115073,-1283.6
2020-08-29 05:00:00,0.8314834228190113,4.430816798843313,0.00982279446520895,-1221.8
2020-08-29 06:00:00,0.8128662724418496,4.343805421853684,0.007589239875969156,-1303.3
2020-08-29 07:00:00,0.810389621867635,4.204692619390966,0.008209796895626731,-1614.8
2020-08-29 08:00:00,0.7829153913147309,3.912023005428146,0.016807937063191503,-1877.9
2020-08-29 09:00:00,0.7526378798290589,3.6888794541139363,0.013784857959587171,-2097.5
2020-08-29 10:00:00,0.7834345374087976,3.8066624897703196,0.009172888965446546,-2118.4
2020-08-29 11:00:00,0.803348165435612,4.0943445622221,0.005297057913794312,-2134.3
2020-08-29 12:00:00,0.7504186340766363,4.330733340286331,0.009819449604560937,-2053.4
2020-08-29 13:00:00,0.7570228179859599,4.543294782270004,-0.00036915835828210675,-2030.4
2020-08-29 14:00:00,0.8145477587021164,4.672828834461906,0.002318249285945484,-1996.2
2020-08-29 15:00:00,0.7944336459082066,4.672828834461906,0.000255658663429692,-1960.4
2020-08-29 16:00:00,0.7771350264860444,4.672828834461906,-0.0008332813756748436,-1970.3
2020-08-29 17:00:00,0.7583262383664824,4.6913478822291435,0.003469925263915208,-1990.5
2020-08-29 18:00:00,0.8128909245098281,4.8283137373023015,0.010939102510008958,-2179.7
2020-08-29 19:00:00,0.8231414494163665,5.093750200806762,0.01360225753854749,-2172.9
2020-08-29 20:00:00,0.8306636788702386,5.41610040220442,0.018595696259250616,-2213.1
2020-08-29 21:00:00,0.8567464466106944,5.6937321388027,0.024392417128921373,-2327.9
2020-08-29 22:00:00,0.8498469853136386,5.860786223465865,0.003923846698032918,-2189.6
2020-08-29 23:00:00,0.8683940045046534,5.8998973535824915,-0.012591241522186714,-1999.7
2020-08-30 00:00:00,0.8523678345645189,5.493061443340548,0.0036646375887814386,-2006.8
2020-08-30 01:00:00,0.8678933706121224,5.389071729816501,0.0015405027926416182,-1961.8
2020-08-30 02:00:00,0.9017833186763315,5.278114659230517,-0.010079123273780688,-1966.6
2020-08-30 03:00:00,0.8960356204742346,5.159055299214529,0.003368143469607787,-2001.4
2020-08-30 04:00:00,0.9488001065578158,5.017279836814924,0.005157615060229048,-1924.2
2020-08-30 05:00:00,1.0267066534795277,4.804021044733257,0.005542717052172463,-1928.7
2020-08-30 06:00:00,0.9968487027525548,4.51085950651685,0.015069049648208654,-1456.6
2020-08-30 07:00:00,0.9662633515917651,4.07753744390572,0.01627643378276389,-1858.0
2020-08-30 08:00:00,0.9160287137672523,3.4339872044851463,0.01581913303265292,-2295.0
2020-08-30 09:00:00,0.9010748445869012,2.9444389791664403,0.013837296537388077,-2338.2
2020-08-30 10:00:00,0.8562749914341996,2.995732273553991,0.010463605324078529,-2329.2
2020-08-30 11:00:00,0.8333338388866616,3.1354942159291497,0.004207749353729362,-2305.4
2020-08-30 12:00:00,0.8266260636143046,3.295836866004329,-0.002436680470269792,-2294.7
2020-08-30 13:00:00,0.8922345673119212,3.4657359027997265,-0.012045758577515997,-2052.1
2020-08-30 14:00:00,0.911264665612006,3.9512437185814275,0.003121477750609003,-2040.5
2020-08-30 15:00:00,0.8955022180195176,4.30406509320417,-0.002928481167197461,-1999.4
2020-08-30 16:00:00,0.8960160089846472,4.23410650459726,0.002992488018707107,-1998.8
2020-08-30 17:00:00,0.8940297858811217,4.189654742026425,0.002596167657345383,-1990.9
2020-08-30 18:00:00,0.9023098221456016,4.343805421853684,0.00716087082189798,-2030.4
2020-08-30 19:00:00,0.8737781979156121,4.543294782270004,0.01962139478419367,-2043.1
2020-08-30 20:00:00,0.8128956175683948,4.875197323201151,0.017241433717781973,-2046.1
2020-08-30 21:00:00,0.793606964061893,5.187385805840755,0.0006582454826693507,-1981.1
2020-08-30 22:00:00,0.7672499818356875,5.41610040220442,-0.011917206166526029,-1602.0
2020-08-30 23:00:00,0.7606925876225161,5.556828061699537,-0.008422462830912636,-1187.0
2020-08-31 00:00:00,0.8762016798689936,5.968707559985366,0.03507807984726252,-1476.9
2020-08-31 01:00:00,0.8568207220137691,6.042632833682381,0.032836528768185325,-1063.6
2020-08-31 02:00:00,0.8165118554051052,6.113682179832232,0.03551454221844086,-878.9
2020-08-31 03:00:00,0.8407257662236676,6.1463292576688975,0.03364047979066509,-810.5
2020-08-31 04:00:00,0.7450998940464189,6.144185634125646,0.035796352978938906,-972.6
2020-08-31 05:00:00,0.6730948481310954,6.100318952020064,0.031973519335455336,-1694.2
2020-08-31 06:00:00,0.6268656710442655,6.0063531596017325,0.036528767067418144,-1931.4
2020-08-31 07:00:00,0.5670876951795036,5.777652323222656,0.04345544884529495,-1835.6
2020-08-31 08:00:00,0.5653225823724908,5.351858133476067,0.03940807963607096,-1837.0
2020-08-31 09:00:00,0.6370046732958161,5.10594547390058,0.03867147543324645,-1821.0
2020-08-31 10:00:00,0.7346279664879756,5.0238805208462765,0.031592089669761236,-1804.7
2020-08-31 11:00:00,0.852386214096787,5.017279836814924,0.029905146355531542,-1776.8
2020-08-31 12:00:00,0.8016504961385249,4.962844630259907,0.027721875298991172,-1758.6
2020-08-31 13:00:00,0.8698410762335103,4.8283137373023015,0.009501050223646779,-1886.3
2020-08-31 14:00:00,0.8913700991663958,4.672828834461906,0.02704291020442362,-1952.0
2020-08-31 15:00:00,0.928943509965523,4.624972813284271,0.019061160643604858,-2078.5
2020-08-31 16:00:00,0.9641733063604714,4.61512051684126,0.026115755627489357,-2120.5
2020-08-31 17:00:00,0.9508921499418865,4.5217885770490405,0.023180529222978308,-2176.3
2020-08-31 18:00:00,1.1407369365356357,4.48863636973214,0.027759777021935328,-2349.2
2020-08-31 19:00:00,1.0520076669564276,4.700480365792417,0.022006106932667358,-2276.2
2020-08-31 20:00:00,0.9833747963804504,5.147494476813453,0.03631378181629419,-2157.1
2020-08-31 21:00:00,1.003073819297068,5.521460917862246,0.024815943514253647,-2153.1
2020-08-31 22:00:00,0.9339209041355443,5.720311776607412,0.023356438446750616,-1919.3
2020-08-31 23:00:00,0.75388822405117,5.860786223465865,0.032379971087703296,-1803.8
2020-09-01 00:00:00,0.5817229054479403,5.8377304471659395,0.07728879132632116,-898.5
2020-09-01 01:00:00,0.5580658650321912,5.820082930352362,0.08471918628088826,-856.7
2020-09-01 02:00:00,0.5860556740961504,5.793013608384144,0.08744106834775245,-865.9
2020-09-01 03:00:00,0.5772253628234374,5.780743515792329,0.08359680717831885,-905.5
2020-09-01 04:00:00,0.3800706901433508,5.765191102784844,0.07232370898782481,-1667.0
2020-09-01 05:00:00,0.36197005832390605,5.720311776607412,0.053753184105096885,-2062.3
2020-09-01 06:00:00,0.4372401977942104,5.631211781821365,0.02886524427551862,-2019.0
2020-09-01 07:00:00,0.5412784143668654,5.37989735354046,0.016462847338212683,-2011.7
2020-09-01 08:00:00,0.5177938080318203,4.919980925828125,0.013262189187648765,-1991.0
2020-09-01 09:00:00,0.49985106967501114,4.477336814478207,0.007492715878230527,-1898.5
2020-09-01 10:00:00,0.4544376962078953,4.1588830833596715,0.011690533914211265,-1888.9
2020-09-01 11:00:00,0.4605859941105006,4.007333185232471,0.016331189263834922,-1886.2
2020-09-01 12:00:00,0.49281807983330506,3.9318256327243257,0.01677552536928939,-1879.8
2020-09-01 13:00:00,0.5266647680950198,3.9318256327243257,0.019735587527876852,-1871.8
2020-09-01 14:00:00,0.3689658941994729,3.8501476017100584,0.022979652155449948,-1872.3
2020-09-01 15:00:00,0.3892960107458352,3.6888794541139363,0.025245493645570605,-1866.7
2020-09-01 16:00:00,0.41286461337080516,3.6109179126442243,0.02115834179603837,-1878.5
2020-09-01 17:00:00,0.4363368482981187,3.828641396489095,0.011843121804836265,-1908.5
2020-09-01 18:00:00,0.44724320271628937,4.3694478524670215,0.00808135198455151,-1958.8
2020-09-01 19:00:00,-0.06011339732853527,4.912654885736052,0.0015811078439265103,-1929.4
2020-09-01 20:00:00,0.03193423365886616,5.327876168789581,0.01713807414942803,-1981.9
2020-09-01 21:00:00,0.02729620740077321,5.634789603169249,0.025226818037560328,-2074.9
2020-09-01 22:00:00,0.4910966860803936,5.857933154483459,0.042944768700031055,-659.3
2020-09-01 23:00:00,0.42493903397794774,5.988961416889864,0.06552787698144158,-735.0
2020-09-02 00:00:00,0.5628870143156264,5.963579343618446,0.06329499692577034,-1425.5
2020-09-02 01:00:00,0.599532276516582,6.030685260261263,0.06691814958879938,-1311.4
2020-09-02 02:00:00,0.5961868582921879,6.052089168924417,0.0671702707866988,-1300.2
2020-09-02 03:00:00,0.5497758969142299,6.049733455231958,0.06276267594137419,-1298.1
2020-09-02 04:00:00,0.42669098664927985,6.066108090103747,0.05187933477167839,-1709.8
2020-09-02 05:00:00,0.36046904480916675,6.115892125483034,0.038493466745183724,-2188.4
2020-09-02 06:00:00,0.08289272327509822,6.139884552226255,0.035432798815233646,-1993.8
2020-09-02 07:00:00,-0.007770504617580887,6.07993319509559,0.03333540632015186,-1940.0
2020-09-02 08:00:00,0.05125511668693994,5.820082930352362,0.037835050804321035,-1940.1
2020-09-02 09:00:00,0.16789761948200033,5.634789603169249,0.03468753562834692,-1990.5
2020-09-02 10:00:00,0.0945197754694509,5.683579767338681,0.03614420871669122,-1929.8
2020-09-02 11:00:00,0.09979720711296913,5.796057750765372,0.03872730382992806,-1914.7
2020-09-02 12:00:00,0.008710156040789396,5.908082938168931,0.04012196181506322,-1952.0
2020-09-02 13:00:00,0.027386516674470673,6.030685260261263,0.037688668169902684,-1952.9
2020-09-02 14:00:00,0.09265303928655921,6.129050210060545,0.03889309550521158,-1932.2
2020-09-02 15:00:00,0.07508249835372105,6.171700597410915,0.04521991338640685,-1931.1
2020-09-02 16:00:00,0.03871084445602868,6.19644412779452,0.0415372145006101,-1893.4
2020-09-02 17:00:00,-0.013129038207971622,6.202535517187923,0.029872409972081293,-1903.9
2020-09-02 18:00:00,-0.028604622010445002,6.2766434893416445,0.021125015628929766,-1940.1
2020-09-02 19:00:00,-0.07192686468302378,6.406879986069314,0.02634854714954038,-1913.0
2020-09-02 20:00:00,0.030052341232372104,6.519147287940395,0.03545934808271234,-1988.9
2020-09-02 21:00:00,0.09623863590380655,6.55250788703459,0.04143189727164742,-2005.7
2020-09-02 22:00:00,0.23814810949794962,6.539585955617669,0.04487265707604049,-2113.8
2020-09-02 23:00:00,0.3228519060153663,6.513230110912307,0.056253826654051764,-1672.0
2020-09-03 00:00:00,0.3987006132314228,6.434546518787453,0.04815035409079105,-1260.1
2020-09-03 01:00:00,0.40809463136786794,6.385194398997726,0.05423175471857622,-1130.7
2020-09-03 02:00:00,0.39421542151861555,6.349138991379798,0.05613284799013929,-1120.3
2020-09-03 03:00:00,0.39935615796390733,6.333279628139691,0.04736817971344376,-1215.2
2020-09-03 04:00:00,0.4146486562291627,6.300785794663244,0.03910620742408977,-1265.2
2020-09-03 05:00:00,0.41715695277234843,6.212606095751519,0.03171793461865846,-1642.8
2020-09-03 06:00:00,0.35133702984708925,6.061456918928017,0.03789910170492217,-2090.8
2020-09-03 07:00:00,0.2956567000026027,5.811140992976701,0.04146835136403926,-2075.1
2020-09-03 08:00:00,0.26612607310176895,5.552959584921617,0.0453532772055425,-2134.9
2020-09-03 09:00:00,0.22546085268776483,5.541263545158426,0.036661489485815935,-2093.0
2020-09-03 10:00:00,0.1908118678166706,5.726847747587197,0.03780683977284838,-2031.5
2020-09-03 11:00:00,0.16923657148612437,5.872117789475416,0.03901876348347599,-2005.6
2020-09-03 12:00:00,0.20039432089189635,5.91350300563827,0.044039270082278925,-1962.3
2020-09-03 13:00:00,0.24471088951766173,5.8944028342648505,0.02896309658613827,-1983.4
2020-09-03 14:00:00,0.300112745472616,5.849324779946859,0.037456342101267026,-1932.5
2020-09-03 15:00:00,0.31726101770082193,5.7899601708972535,0.050718800887135984,-1940.6
2020-09-03 16:00:00,0.26267479309373964,5.720311776607412,0.050041621191942554,-1921.1
2020-09-03 17:00:00,0.17450992406075372,5.638354669333745,0.04409340241202564,-1917.1
2020-09-03 18:00:00,0.24765518616972004,5.541263545158426,0.03503751006973754,-1973.1
2020-09-03 19:00:00,0.2915033516101859,5.459585514144159,0.031101178931534967,-1984.1
2020-09-03 20:00:00,0.3923875444941345,5.407171771460119,0.05245718371751096,-1988.9
2020-09-03 21:00:00,0.3497540449705636,5.356586274672012,0.057296212115215184,-1820.4
2020-09-03 22:00:00,0.19829821254889923,5.3230099791384085,0.05337658194198802,-1238.3
2020-09-03 23:00:00,0.2399518926560229,5.2832037287379885,0.05700134386846578,-767.0
2020-09-04 00:00:00,0.36661603885023153,4.5217885770490405,0.048459192854576116,-637.8
2020-09-04 01:00:00,0.36091153109762164,4.499809670330265,0.051719666795379204,-413.1
2020-09-04 02:00:00,0.38953091568035125,4.672828834461906,0.04974539809791789,-501.8
2020-09-04 03:00:00,0.347593055465949,4.867534450455582,0.040306749268903985,-509.6
2020-09-04 04:00:00,0.35014980138357155,4.997212273764115,0.04028858244249811,-651.3
2020-09-04 05:00:00,0.2704479247673621,5.0689042022202315,0.03810106129269819,-1227.8
2020-09-04 06:00:00,0.34914911133385385,5.19295685089021,0.02947786142251907,-2150.3
2020-09-04 07:00:00,0.45754675509772413,5.3230099791384085,0.02869396862278606,-2250.1
2020-09-04 08:00:00,0.4405071496251165,5.337538079701318,0.02544340503098752,-2331.0
2020-09-04 09:00:00,0.3514075814206836,5.3230099791384085,0.026984485175697515,-2404.3
2020-09-04 10:00:00,0.22609220589030388,5.384495062789089,0.030115383240963745,-2408.3
2020-09-04 11:00:00,0.17652274140780078,5.41610040220442,0.029704421876690645,-2350.2
2020-09-04 12:00:00,0.1469101151357166,5.375278407684165,0.030151731259300263,-2100.4
2020-09-04 13:00:00,0.11286702939155058,5.393627546352362,0.03303497778013842,-1840.3
2020-09-04 14:00:00,0.1153561450941587,5.4510384535657,0.03340032250742464,-1637.6
2020-09-04 15:00:00,0.1479744053556482,5.493061443340548,0.025541655075524083,-1688.8
2020-09-04 16:00:00,0.19557751074447838,5.655991810819852,0.026647783901940336,-2202.4
2020-09-04 17:00:00,0.21119771407771726,5.762051382780177,0.02832764135435717,-2426.2
2020-09-04 18:00:00,0.19999926649285937,5.75890177387728,0.011235472328726459,-2454.9
2020-09-04 19:00:00,0.19391936219197925,5.7899601708972535,0.022203839578273765,-2352.1
2020-09-04 20:00:00,0.22611681251523752,5.82600010738045,0.040510301024553996,-2271.4
2020-09-04 21:00:00,0.26283936653936646,5.849324779946859,0.03045067332873419,-2110.7
2020-09-04 22:00:00,0.27395593160728904,5.872117789475416,0.030142513064951082,-1755.7
2020-09-04 23:00:00,0.3857216886458352,5.8944028342648505,0.0468839351485304,-1427.4
2020-09-05 00:00:00,0.38530965042185716,5.780743515792329,0.055976692918012105,-1181.4
2020-09-05 01:00:00,0.4166870732230996,5.676753802268282,0.048430143898423594,-1002.4
2020-09-05 02:00:00,0.4136037176094365,5.598421958998375,0.05154908548396442,-903.7
2020-09-05 03:00:00,0.4065063185123825,5.488937726156687,0.04629023604957805,-873.9
2020-09-05 04:00:00,0.3811194829695528,5.351858133476067,0.04259485876201996,-918.3
2020-09-05 05:00:00,0.31727366848895855,5.159055299214529,0.03363431345027301,-1062.5
2020-09-05 06:00:00,0.2378563026160334,5.030437921392435,0.01982379301933168,-1139.9
2020-09-05 07:00:00,0.24478814268431837,4.912654885736052,0.01795991621847115,-1309.9
2020-09-05 08:00:00,0.17257053783300602,4.762173934797756,0.019908961925516167,-1471.2
2020-09-05 09:00:00,0.11695532959305455,4.762173934797756,0.016677113993386783,-1571.2
2020-09-05 10:00:00,0.130532475278899,4.969813299576001,0.022116850478170136,-1601.2
2020-09-05 11:00:00,0.07978871239510799,5.3471075307174685,0.020836386050506306,-1288.4
2020-09-05 12:00:00,0.05951268670739118,5.575949103146316,0.02362302240304537,-1187.1
2020-09-05 13:00:00,0.02962773319155909,5.517452896464707,0.01852205087564407,-587.1
2020-09-05 14:00:00,0.10537891807293764,5.598421958998375,0.024649039522329552,-620.0
2020-09-05 15:00:00,0.14080925421508983,5.805134968916488,0.02329824681328052,-1220.1
2020-09-05 16:00:00,0.1342682419732375,5.863631175598097,0.015154394473357868,-1671.0
2020-09-05 17:00:00,0.09876951883689467,5.8805329864007,0.013459930497934813,-2015.6
2020-09-05 18:00:00,0.14275221129254545,5.855071922202427,0.01991601313851099,-2453.1
2020-09-05 19:00:00,0.1268480178267053,5.869296913133774,0.01671946944813918,-2448.2
2020-09-05 20:00:00,0.22899521473135698,5.950642552587727,0.024413654866206613,-2423.4
2020-09-05 21:00:00,0.3112977543142166,5.948034989180646,0.03799779182909724,-2371.2
2020-09-05 22:00:00,0.35635950434534713,5.910796644040527,0.04659681122721526,-2122.5
2020-09-05 23:00:00,0.4248169229834593,5.802118375377063,0.047306382282924275,-1653.8
2020-09-06 00:00:00,0.45655555145490645,5.817111159963204,0.042750494285733964,-480.5
2020-09-06 01:00:00,0.47874991433033953,5.7745515455444085,0.03651934569759163,-352.3
2020-09-06 02:00:00,0.5034500791252614,5.703782474656201,0.03098560124809424,-321.8
2020-09-06 03:00:00,0.4757779075591513,5.655991810819852,0.039639241995164554,-317.7
2020-09-06 04:00:00,0.45902947755180534,5.631211781821365,0.033721384462545245,-355.5
2020-09-06 05:00:00,0.39294786029353546,5.572154032177765,0.024443681155696062,-648.0
2020-09-06 06:00:00,0.327796229516085,5.4510384535657,0.00874185352232626,-835.4
2020-09-06 07:00:00,0.29659855795286916,5.278114659230517,0.0030397542420619317,-1433.7
2020-09-06 08:00:00,0.2863370260275686,5.1298987149230735,-0.0030793126546644345,-1569.3
2020-09-06 09:00:00,0.24500491148727077,5.030437921392435,-0.0076995475878218755,-1879.0
2020-09-06 10:00:00,0.23289944101413873,4.941642422609304,-0.010722365095232611,-1971.8
2020-09-06 11:00:00,0.247986172197304,4.836281906951478,-0.011711073850768194,-2099.5
2020-09-06 12:00:00,0.2927529511644864,4.709530201312334,-0.008199456151782414,-2035.2
2020-09-06 13:00:00,0.28424453287146223,4.634728988229636,-0.013761284765063664,-1702.6
2020-09-06 14:00:00,0.3559298080678186,4.59511985013459,0.010216508195783014,-1590.1
2020-09-06 15:00:00,0.35617947933861416,4.634728988229636,0.005960777709542064,-1664.1
2020-09-06 16:00:00,0.28583351339786534,4.68213122712422,0.0019224810959306282,-1962.9
2020-09-06 17:00:00,0.18935389978825512,4.672828834461906,-0.008056450706670049,-2250.4
2020-09-06 18:00:00,0.1318195381595686,4.727387818712341,-0.0044084982756738,-2321.9
2020-09-06 19:00:00,0.14587916414288093,4.941642422609304,0.009439794747287955,-2359.7
2020-09-06 20:00:00,0.20999786364141748,5.198497031265826,0.007865686906753488,-2341.2
2020-09-06 21:00:00,0.2702472725345686,5.365976015021851,0.004353629170429585,-2352.7
2020-09-06 22:00:00,0.34384892692623437,5.484796933490655,0.011698016503213005,-2098.5
2020-09-06 23:00:00,0.4400016872113306,5.568344503761097,0.02735278405030339,-1610.7
2020-09-07 00:00:00,0.6544009229387453,5.1298987149230735,0.0047957606289674715,-1232.6
2020-09-07 01:00:00,0.6363725693834223,5.198497031265826,-0.0060956916790768645,-931.6
2020-09-07 02:00:00,0.6051686085214332,5.2832037287379885,-0.012953759359142225,-859.6
2020-09-07 03:00:00,0.646470672026743,5.3230099791384085,-0.006472778688274339,-967.8
2020-09-07 04:00:00,0.497964682655621,5.318119993844216,-0.008231416342986186,-1272.9
2020-09-07 05:00:00,0.35050265195402597,5.220355825078324,-0.014569193371049671,-1953.6
2020-09-07 06:00:00,0.3413962327030422,5.0369526024136295,-0.004991301395206094,-2274.7
2020-09-07 07:00:00,0.3819770823033468,4.624972813284271,0.017269614671747036,-2361.0
2020-09-07 08:00:00,0.30606679304993856,3.871201010907891,0.014974276566331213,-2287.2
2020-09-07 09:00:00,0.3301067680702956,3.091042453358316,0.013770033104125723,-2307.8
2020-09-07 10:00:00,0.3348560224503312,2.70805020110221,0.004049517300377836,-2276.5
2020-09-07 11:00:00,0.30471853800440574,2.772588722239781,0.011305204880211583,-2259.5
2020-09-07 12:00:00,0.2579029587223314,3.258096538021482,0.012064413238407568,-2187.9
2020-09-07 13:00:00,0.18451166760232196,3.713572066704308,-0.005594002315873148,-2093.9
2020-09-07 14:00:00,0.18179094392227313,4.07753744390572,0.006731258345177515,-2049.1
2020-09-07 15:00:00,0.22715496511413003,4.3694478524670215,-0.00610175587048456,-2081.8
2020-09-07 16:00:00,0.15502666451820035,4.6443908991413725,-0.00314531318251543,-2097.3
2020-09-07 17:00:00,-0.04839405163225541,4.9344739331306915,-0.005196380365494413,-1998.2
2020-09-07 18:00:00,-0.11284969468146633,5.3230099791384085,-0.01182636802881376,-1788.0
2020-09-07 19:00:00,-0.17766354554397923,5.749392985908253,-0.0065906373457522704,-1727.6
2020-09-07 20:00:00,-0.1037074510531606,6.1092475827643655,0.008620334227589233,-1716.8
2020-09-07 21:00:00,-0.017747673967660305,6.338594078203183,0.003210051012499271,-1713.9
2020-09-07 22:00:00,-0.012741650543002248,6.439350371100098,0.008161192771939163,-1280.5
2020-09-07 23:00:00,-0.1957890108877529,6.483107351457199,0.013148885218131845,-788.2
2020-09-08 00:00:00,-0.4139200354503876,6.495265555937008,-0.03063826036066164,-666.7
2020-09-08 01:00:00,-0.4405478511194776,6.507277712385012,-0.0321786137818032,-613.7
2020-09-08 02:00:00,-0.511386339423769,6.502790045915623,-0.025157660318702924,-618.8
2020-09-08 03:00:00,-0.5477042341620457,6.472346294500901,-0.034693456487924657,-604.5
2020-09-08 04:00:00,-0.5531642814473043,6.423246963533519,-0.03878297762695837,-560.9
2020-09-08 05:00:00,-0.0778932623128763,6.354370040797351,-0.037361604469126064,-652.2
2020-09-08 06:00:00,-0.1382328641473518,6.26530121273771,-0.017018841290248332,-1540.2
2020-09-08 07:00:00,-0.08131389686936297,6.139884552226255,-0.008878724622266354,-2179.9
2020-09-08 08:00:00,-0.09067390487347371,5.978885764901122,-0.0032975268513704137,-2339.9
2020-09-08 09:00:00,-0.1313293871357346,5.849324779946859,-0.009946918407124805,-2268.8
2020-09-08 10:00:00,-0.21061561635693682,5.726847747587197,-0.01231800613779832,-1773.4
2020-09-08 11:00:00,-0.2338354777974132,5.602118820879701,-0.007766362315225983,-1408.6
2020-09-08 12:00:00,-0.25919386287760604,5.488937726156687,0.002069377979593945,-1259.4
2020-09-08 13:00:00,-0.20620090662424095,5.41610040220442,0.0012165397606391792,-1195.1
2020-09-08 14:00:00,-0.1806540375751564,5.365976015021851,-0.007041364099407588,-1147.9
2020-09-08 15:00:00,-0.09270350967699814,5.332718793265369,0.0030017591142534883,-1195.6
2020-09-08 16:00:00,-0.097837469719261,5.332718793265369,0.0037026849846970578,-1343.3
2020-09-08 17:00:00,-0.1405624103698555,5.342334251964811,-0.0010128862966984897,-1754.7
2020-09-08 18:00:00,-0.13495490415487632,5.5093883366279774,-0.006816502696085358,-1881.8
2020-09-08 19:00:00,-0.21299977714440077,5.820082930352362,-0.01144233204235956,-1999.2
2020-09-08 20:00:00,-0.04448989471268572,6.113682179832232,0.00319084666857794,-2044.5
2020-09-08 21:00:00,0.03327708647318772,6.282266746896006,-0.00023424616071299198,-1983.7
2020-09-08 22:00:00,0.012477411007415729,6.361302477572996,-0.009258121990568746,-1588.9
2020-09-08 23:00:00,0.1014128533911478,6.395261598115449,-0.017214550088612057,-820.0
2020-09-09 00:00:00,0.2713833405310253,6.694562058521095,-0.023066577302540026,-1149.4
2020-09-09 01:00:00,0.3044537916892449,6.656726524178391,-0.022920484019758547,-813.6
2020-09-09 02:00:00,0.3738636209805013,6.693323668269949,-0.016347075545950496,-1127.5
2020-09-09 03:00:00,0.31080009953321985,6.635946555686647,-0.023112982584327924,-1112.5
2020-09-09 04:00:00,0.2176819462699746,6.579251212010101,-0.025745827258857545,-1283.0
2020-09-09 05:00:00,0.10593176078133348,6.498282149476434,-0.024685434876347223,-1545.7
2020-09-09 06:00:00,-0.001664664752965006,6.617402977974478,-0.005309984647117183,-2189.2
2020-09-09 07:00:00,-0.08404885201285239,6.432940092739179,0.004669550770711517,-2316.2
2020-09-09 08:00:00,-0.13968529413263475,6.068425588244111,0.013476606972281147,-2181.1
2020-09-09 09:00:00,-0.1460266890300712,5.8944028342648505,0.008595187203940924,-2243.1
2020-09-09 10:00:00,-0.127359335191207,5.910796644040527,0.0016580326455217786,-2321.7
2020-09-09 11:00:00,-0.17770227559543628,5.981414211254481,-0.0005650964806296344,-1588.7
2020-09-09 12:00:00,-0.16347357872935797,5.777652323222656,0.007510376226302462,-1539.0
2020-09-09 13:00:00,-0.12581223542740583,5.676753802268282,0.0001212638071237393,-1524.0
2020-09-09 14:00:00,-0.0766602039943951,5.6937321388027,-0.0028763173710828482,-1404.5
2020-09-09 15:00:00,-0.09169780122902171,5.583496308781699,0.005891571122934813,-1339.1
2020-09-09 16:00:00,-0.08104018603512175,5.472270673671475,0.007082310417560578,-1548.5
2020-09-09 17:00:00,-0.07439003853628989,5.3706380281276624,-6.179784596316296e-05,-2048.9
2020-09-09 18:00:00,-0.09347377631353426,5.389071729816501,-0.006501050646001261,-1991.2
2020-09-09 19:00:00,-0.11285552018146117,5.60947179518496,-0.001201404618689672,-1895.8
2020-09-09 20:00:00,-0.015620336405205215,5.365976015021851,0.007934674692622323,-1801.1
2020-09-09 21:00:00,-0.05238599372919772,5.303304908059076,0.006013470068104709,-1082.3
2020-09-09 22:00:00,-0.10349842303075363,5.407171771460119,-0.0011012089002742087,-409.1
2020-09-09 23:00:00,-0.314401083376171,5.60947179518496,-0.006968038598772708,-369.3
2020-09-10 00:00:00,-0.46390161352922643,5.802118375377063,-0.03146156048600446,-396.7
2020-09-10 01:00:00,-0.4843236642998052,5.921578419643816,-0.030879564697707806,-441.5
2020-09-10 02:00:00,-0.5278229531052201,6.008813185442595,-0.02242442972788261,-471.4
2020-09-10 03:00:00,-0.5734927302023296,6.095824562432225,-0.029255721211307595,-504.6
2020-09-10 04:00:00,-0.6140921549502423,6.1903154058531475,-0.033633390064470525,-564.2
2020-09-10 05:00:00,-0.7063635436246636,6.280395838960195,-0.03500877119946555,-621.8
2020-09-10 06:00:00,-0.11475981207366992,6.313548046277095,-0.0234339863118862,-1251.8
2020-09-10 07:00:00,-0.14535691329021416,6.26530121273771,-0.023731644887100778,-1851.9
2020-09-10 08:00:00,-0.20467636218169183,6.12029741895095,-0.01642840140820745,-1767.7
2020-09-10 09:00:00,-0.23071317507226974,5.996452088619021,-0.020445098798940187,-1638.0
2020-09-10 10:00:00,-0.20773907276390213,5.937536205082426,-0.022485390483272027,-1555.3
2020-09-10 11:00:00,-0.18638375329347134,5.905361848054571,-0.021717471704356228,-1543.5
2020-09-10 12:00:00,-0.15249151134308203,5.953243334287785,-0.01713909226549859,-1560.2
2020-09-10 13:00:00,-0.12714835868787366,6.089044875446846,-0.033788113977337275,-1606.9
2020-09-10 14:00:00,-0.046459342983391494,6.246106765481563,-0.029921802730947356,-1654.9
2020-09-10 15:00:00,-0.058190114134744064,6.315358001522335,-0.022979363187631385,-1693.5
2020-09-10 16:00:00,-0.10310909068560958,6.282266746896006,-0.024810826648426598,-1705.9
2020-09-10 17:00:00,-0.16509067565536029,6.244166900663736,-0.03062257516491851,-1756.6
2020-09-10 18:00:00,-0.19466056457311431,6.343880434126331,-0.03529674324141485,-1881.8
2020-09-10 19:00:00,-0.18750093277719904,6.486160788944089,-0.03623637925963763,-1935.5
2020-09-10 20:00:00,-0.10537049304620538,6.597145701886651,-0.021173119451728617,-2047.9
2020-09-10 21:00:00,-0.03056266202520952,6.661854740545311,-0.026124496743686443,-2140.3
2020-09-10 22:00:00,0.10406173481873449,6.673297967767654,-0.02951107786377971,-2227.4
2020-09-10 23:00:00,0.29037693916629337,6.645090969505644,-0.033688982041566895,-2236.5
2020-09-11 00:00:00,0.4706145959447823,6.618738983517219,-0.031243089283758074,-1416.0
2020-09-11 01:00:00,0.5062949143091586,6.593044534142437,-0.03048876269316736,-1406.6
2020-09-11 02:00:00,0.5247141394595789,6.5722825426940075,-0.0229941993906424,-1529.2
2020-09-11 03:00:00,0.49337371238597516,6.53813982376767,-0.024792152942451295,-1795.1
2020-09-11 04:00:00,0.40605584349801216,6.48768401848461,-0.029369994161681845,-1973.5
2020-09-11 05:00:00,0.2541568376559913,6.415096959171596,-0.021198680988593566,-2287.7
2020-09-11 06:00:00,0.20746732195672557,6.284134161070802,-0.011933929635033813,-2596.8
2020-09-11 07:00:00,0.1525067425605413,6.045005314036012,-0.0033453851218308017,-2564.3
2020-09-11 08:00:00,0.0849816771897749,5.662960480135946,-0.005189620832250164,-2474.8
2020-09-11 09:00:00,0.04151765908102911,5.3230099791384085,-0.022508296271892547,-2434.9
2020-09-11 10:00:00,0.1272345027683568,5.14166355650266,-0.02869848881461401,-2434.5
2020-09-11 11:00:00,0.1383872792153027,5.056245805348308,-0.019396349532387447,-2439.8
2020-09-11 12:00:00,0.17383632687815043,5.1298987149230735,-0.02753016058035307,-2452.9
2020-09-11 13:00:00,0.16871980599739267,5.2574953720277815,-0.033594656890151064,-2426.7
2020-09-11 14:00:00,0.1784986029029345,5.384495062789089,-0.03282433657027717,-2147.6
2020-09-11 15:00:00,0.1894717273465214,5.5053315359323625,-0.04996589743262092,-2015.6
2020-09-11 16:00:00,0.1437922114269541,5.58724865840025,-0.03891876623192392,-2126.6
2020-09-11 17:00:00,0.0755845677948721,5.652489180268651,-0.03162576441718823,-2082.4
2020-09-11 18:00:00,0.035511832422412404,5.8805329864007,-0.0460841148535005,-1991.2
2020-09-11 19:00:00,-0.025583524672413205,6.150602768446279,-0.032167564203853694,-2049.9
2020-09-11 20:00:00,0.007589804398059119,6.333279628139691,-0.02926351544546879,-2091.1
2020-09-11 21:00:00,0.07680002392445173,6.431331081933479,-0.03433756687618583,-2086.8
2020-09-11 22:00:00,0.15541526276063822,6.466144724237619,-0.05046505240048571,-1928.1
2020-09-11 23:00:00,0.29799704486419687,6.444131256700441,-0.043285861648484136,-1178.3
2020-09-12 00:00:00,0.3541201841099211,6.3784261836515865,-0.059908448830293004,-990.7
2020-09-12 01:00:00,0.35914158757649917,6.335054251498059,-0.06188344299243553,-855.6
2020-09-12 02:00:00,0.29029885676874523,6.269096283706261,-0.056010632402900384,-803.1
2020-09-12 03:00:00,0.28890695445170333,6.182084906716632,-0.059652182446897406,-766.1
2020-09-12 04:00:00,0.32432663301596376,6.013715156042802,-0.0648468230996313,-729.7
2020-09-12 05:00:00,0.29160302528433935,5.793013608384144,-0.0785711735357646,-873.3
2020-09-12 06:00:00,0.20895152493427105,5.645446897643238,-0.08610668560633261,-1423.8
2020-09-12 07:00:00,0.182068512525019,5.501258210544727,-0.0825430054319094,-1824.2
2020-09-12 08:00:00,0.14094356065545144,5.365976015021851,-0.0673644352411662,-1935.5
2020-09-12 09:00:00,0.10633468659693346,5.3230099791384085,-0.06352224755373737,-1955.8
2020-09-12 10:00:00,0.04576257751000634,5.308267697401205,-0.044606781564738185,-1920.5
2020-09-12 11:00:00,0.026407127079014714,5.2832037287379885,-0.05044805481560832,-1775.2
2020-09-12 12:00:00,0.016355665018303878,5.2574953720277815,-0.05273499606377108,-1411.7
2020-09-12 13:00:00,0.06810824848954855,5.117993812416755,-0.07537403489148264,-1187.7
2020-09-12 14:00:00,0.16829745747392355,4.912654885736052,-0.05181499321177263,-1125.3
2020-09-12 15:00:00,0.1263424557973365,4.727387818712341,-0.04149379188173974,-986.9
2020-09-12 16:00:00,0.052775207722054684,4.48863636973214,-0.05208963685575263,-1385.7
2020-09-12 17:00:00,0.022046686372688473,4.406719247264253,-0.06611646800417681,-1719.6
2020-09-12 18:00:00,0.0936333160221916,4.624972813284271,-0.06059278636355181,-1830.8
2020-09-12 19:00:00,0.0857501992804286,4.897839799950911,-0.05695725135123819,-1898.8
2020-09-12 20:00:00,0.14246741520626083,5.075173815233827,-0.07192798454478044,-1905.0
2020-09-12 21:00:00,0.1485089557013235,5.1298987149230735,-0.05319715583012119,-1856.5
2020-09-12 22:00:00,0.23105209544712801,5.267858159063328,-0.0418141461168382,-1566.9
2020-09-12 23:00:00,0.25072814298131085,5.318119993844216,-0.04989802070879179,-528.0
2020-09-13 00:00:00,0.45139900227566043,4.553876891600541,-0.06640902438701879,-553.4
2020-09-13 01:00:00,0.44223007052860064,4.820281565605037,-0.09160175419868288,-230.5
2020-09-13 02:00:00,0.4891533721082326,5.0106352940962555,-0.10330033755272439,-284.6
2020-09-13 03:00:00,0.4546450456316786,5.1647859739235145,-0.10313674173848586,-296.6
2020-09-13 04:00:00,0.35619384992587344,5.3706380281276624,-0.09320139294162111,-207.5
2020-09-13 05:00:00,-0.0831623128631298,5.583496308781699,-0.09746581626284012,-278.6
2020-09-13 06:00:00,-0.21824385918786326,5.7430031878094825,-0.11167068667308122,-400.7
2020-09-13 07:00:00,0.11013824178750165,5.82600010738045,-0.10576310560673718,-438.2
2020-09-13 08:00:00,0.1326579330989346,5.869296913133774,-0.06928756201453101,-1129.5
2020-09-13 09:00:00,0.06172767429564763,5.921578419643816,-0.04366746066338045,-1501.2
2020-09-13 10:00:00,0.014753695193261418,6.040254711277414,-0.04963001571171599,-1078.0
2020-09-13 11:00:00,-0.006392694459857573,6.1675164908883415,-0.053970883140650905,-1080.1
2020-09-13 12:00:00,-0.16485346433351777,6.2878585601617845,-0.05748041787707869,-1268.1
2020-09-13 13:00:00,-0.27413896901769563,6.415096959171596,-0.07028490618966288,-1322.3
2020-09-13 14:00:00,-0.7318111202307067,6.486160788944089,-0.0681153350741237,-1284.2
2020-09-13 15:00:00,-0.7171919984578521,6.507277712385012,-0.05411734623374098,-1283.4
2020-09-13 16:00:00,-0.1641833942949118,6.498282149476434,-0.051344548085556774,-1363.1
2020-09-13 17:00:00,-0.02371117875822648,6.489204931325317,-0.041101245484127524,-1923.9
2020-09-13 18:00:00,-0.045978261233893036,6.53813982376767,-0.04248044622508118,-2154.2
2020-09-13 19:00:00,-0.0021681034331182403,6.628041376179533,-0.020213262643013152,-2287.8
2020-09-13 20:00:00,0.05735496286754094,6.714170529909472,-0.033746509156002524,-2407.3
2020-09-13 21:00:00,0.07593131567254163,6.767343125265392,-0.05132675586312718,-2416.5
2020-09-13 22:00:00,0.0732464417505212,6.799055862058796,-0.0672630252995825,-1765.4
2020-09-13 23:00:00,0.033096002623543175,6.82001636467413,-0.07165273972514541,-1800.2
2020-09-14 00:00:00,0.18954490125937262,6.931471805599453,-0.05319149702138137,-1321.3
2020-09-14 01:00:00,0.24133197861114208,6.92951677076365,-0.059669755498844346,-1107.1
2020-09-14 02:00:00,0.37501873976929634,6.930494765951626,-0.06964910303568761,-1132.9
2020-09-14 03:00:00,0.40425830527189754,6.928537818164665,-0.06382794609501552,-1155.7
2020-09-14 04:00:00,0.35379150512392865,6.928537818164665,-0.0659070938696269,-1507.5
2020-09-14 05:00:00,0.18357820676366776,6.903747257584598,-0.046179454639655226,-2295.0
2020-09-14 06:00:00,-0.004620585920546372,6.885509670034818,-0.02791208558622138,-2290.6
2020-09-14 07:00:00,-0.08688247555830397,6.763884908562435,-0.004096734600615548,-2177.2
2020-09-14 08:00:00,-0.10012835628583128,6.6039438246004725,-0.006805168697709085,-2097.2
2020-09-14 09:00:00,-0.12671399606056166,6.464588303689961,-0.002402826141475245,-2028.8
2020-09-14 10:00:00,-0.13221487665370235,6.385194398997726,-0.01056261483191534,-1910.7
2020-09-14 11:00:00,-0.10231323186865904,6.373319789577012,-0.01915400260449651,-1902.2
2020-09-14 12:00:00,-0.10136686179405974,6.434546518787453,-0.014554873036869864,-1888.3
2020-09-14 13:00:00,-0.0897551178584588,6.53813982376767,-0.022245635908315187,-1958.1
2020-09-14 14:00:00,-0.040107970632395684,6.597145701886651,-0.012066287622324978,-2003.6
2020-09-14 15:00:00,-0.019836534139177964,6.586171654854675,-0.01645478952038726,-2008.7
2020-09-14 16:00:00,-0.07985042313764268,6.546785410760524,-0.01244770584482957,-2072.2
2020-09-14 17:00:00,-0.17318304810355034,6.523562306149512,-0.012590129390432914,-2068.9
2020-09-14 18:00:00,-0.217372230466232,6.573680166960646,-0.03449022760602549,-2105.2
2020-09-14 19:00:00,-0.2669026395026095,6.601230118728877,-0.01771216068961401,-2110.1
2020-09-14 20:00:00,-0.1782880353429066,6.639875833826536,-0.013937013196485104,-2136.5
2020-09-14 21:00:00,-0.04249512980429593,6.678342114654332,-0.004423573842572637,-2186.7
2020-09-14 22:00:00,0.1391405193404962,6.68586094706836,-0.00783914857450263,-2240.2
2020-09-14 23:00:00,0.28951343656512973,6.669498089857879,-0.04194979565880619,-2080.4
2020-09-15 00:00:00,0.41418337768066893,6.5638555265321274,-0.05323809227790299,-2026.1
2020-09-15 01:00:00,0.4318921105722615,6.520621127558696,-0.057525592869200004,-1978.6
2020-09-15 02:00:00,0.4575301320717151,6.470799503782602,-0.05161118676692045,-1955.7
2020-09-15 03:00:00,0.4091441094602324,6.411818267709897,-0.05429062544006147,-1902.4
2020-09-15 04:00:00,0.3703785711279859,6.333279628139691,-0.05129024697935236,-1914.5
2020-09-15 05:00:00,0.2631309025093964,6.226536669287466,-0.04617223415128091,-2143.7
2020-09-15 06:00:00,0.4283792556979771,6.0844994130751715,-0.023030883446875983,-2810.7
2020-09-15 07:00:00,0.2254648730388742,5.8377304471659395,-0.024204695100493723,-2681.6
2020-09-15 08:00:00,0.6918704770517721,5.337538079701318,-0.02013609121419968,-2561.8
2020-09-15 09:00:00,0.6351111328124395,4.700480365792417,-0.02018432750034549,-2427.9
2020-09-15 10:00:00,0.6561299494244173,4.219507705176107,-0.022651587992343458,-2415.5
2020-09-15 11:00:00,0.7048360148724688,3.871201010907891,-0.025750756170478617,-2408.1
2020-09-15 12:00:00,0.6672355161678825,3.7376696182833684,-0.024198548841016354,-2439.4
2020-09-15 13:00:00,0.5850342757005365,3.6888794541139363,-0.025300165382000195,-2464.1
2020-09-15 14:00:00,0.5633100509706574,3.6635616461296463,-0.031138915678467605,-2475.3
2020-09-15 15:00:00,0.619156731934039,3.6109179126442243,-0.028414437119125502,-2488.3
2020-09-15 16:00:00,0.6978094366709806,3.5553480614894135,-0.030230825272664852,-2522.0
2020-09-15 17:00:00,0.7523217526288093,3.58351893845611,-0.03294048082213763,-2540.3
2020-09-15 18:00:00,1.1924277090349582,3.8501476017100584,-0.03054803880690571,-2598.7
2020-09-15 19:00:00,1.4824456800300636,4.174387269895637,-0.02653695826484448,-2734.7
2020-09-15 20:00:00,0.8510656012079512,4.3694478524670215,-0.01571330797057513,-2622.6
2020-09-15 21:00:00,0.7907950639089965,4.382026634673881,-0.02636055075293342,-2603.4
2020-09-15 22:00:00,0.5318850383190261,4.248495242049359,-0.03175395815998705,-2517.1
2020-09-15 23:00:00,0.4927298155332851,4.0943445622221,-0.04092255704041037,-2287.8
2020-09-16 00:00:00,0.7288885690509965,3.6888794541139363,-0.038779582967096715,-2278.5
2020-09-16 01:00:00,0.6784479994177159,3.58351893845611,-0.04236077606128319,-2232.6
2020-09-16 02:00:00,0.6865746039312328,3.7376696182833684,-0.03691922962115868,-2026.2
2020-09-16 03:00:00,0.6123674270063928,3.9889840465642745,-0.04028569995807274,-1946.6
2020-09-16 04:00:00,0.5398501947929253,4.31748811353631,-0.04042706215369041,-2267.7
2020-09-16 05:00:00,0.5204893344446613,4.564348191467836,-0.036714010741954795,-2408.6
2020-09-16 06:00:00,0.5136073869701603,4.6443908991413725,-0.0192683368978237,-2586.4
2020-09-16 07:00:00,0.3164316394118174,4.955827057601261,-0.02774510791356999,-2570.9
2020-09-16 08:00:00,0.08392763057672115,5.3230099791384085,-0.029440426882023196,-2377.8
2020-09-16 09:00:00,-0.060485563814705934,5.631211781821365,-0.02949580880508229,-2245.4
2020-09-16 10:00:00,-0.07722984239910513,5.910796644040527,-0.034060049956557314,-2060.5
2020-09-16 11:00:00,-0.07555764856081426,6.16541785423142,-0.036622133411858826,-1891.3
2020-09-16 12:00:00,-0.07266713077117615,6.369900982828227,-0.03577013213215974,-1964.4
2020-09-16 13:00:00,-0.05186285497966958,6.543911845564792,-0.03988407080657552,-2080.3
2020-09-16 14:00:00,-0.020435631182011083,6.710523109452428,-0.04251417913012112,-2188.6
2020-09-16 15:00:00,-0.03021716969691912,6.822197390620491,-0.0448127372850875,-2267.2
2020-09-16 16:00:00,-0.06867526806417201,6.914730892718563,-0.049859065982578166,-2317.8
2020-09-16 17:00:00,-0.12354587353292201,6.9865664594064265,-0.05592108841128596,-2376.6
2020-09-16 18:00:00,-0.13856707860163997,7.038783541388542,-0.054311302929084704,-2440.8
2020-09-16 19:00:00,-0.1438494257654539,7.060476365999801,-0.04594946975894221,-2486.6
2020-09-16 20:00:00,-0.12655024476479015,7.069874128458572,-0.04752886982058069,-2305.7
2020-09-16 21:00:00,-0.08352864108505154,7.066466970136958,-0.060677904430567864,-2215.8
2020-09-16 22:00:00,-0.1759557593150336,7.064759027791802,-0.06624051107123652,-1202.7
2020-09-16 23:00:00,-0.31739241076375624,7.059617628291383,-0.07108559572255047,-1131.3
2020-09-17 00:00:00,-0.5636860737284723,7.035268599281097,-0.05411258552290121,-1223.7
2020-09-17 01:00:00,-0.5360669024519771,7.023758954738443,-0.05742468939606482,-1231.1
2020-09-17 02:00:00,-0.5490064460214001,7.009408932708637,-0.053550861875492295,-1211.9
2020-09-17 03:00:00,-0.5734927302023296,6.9874902470009905,-0.0546027002987044,-1192.2
2020-09-17 04:00:00,-0.024940302122783198,6.949856455000773,-0.044958539421523724,-1155.1
2020-09-17 05:00:00,0.1283752819860462,6.902742737158593,-0.03391408034028398,-2082.3
2020-09-17 06:00:00,0.09751604904043676,6.8501261661455,-0.006509739647801105,-2504.8
2020-09-17 07:00:00,0.032967002978136595,6.723832440821209,-0.005610023568083378,-2500.3
2020-09-17 08:00:00,0.02196040778614039,6.395261598115449,0.0012218477839196495,-2365.6
2020-09-17 09:00:00,0.07971134951277437,6.220590170099739,0.004429513973933652,-2382.4
2020-09-17 10:00:00,0.23639050244862725,6.061456918928017,-0.0010593263105960204,-2412.9
2020-09-17 11:00:00,0.23381976639349933,5.8998973535824915,-0.0029199257368537346,-2326.1
2020-09-17 12:00:00,0.2992457886014268,5.817111159963204,-0.002185542598440726,-2311.4
2020-09-17 13:00:00,0.32947281312284504,5.5053315359323625,-0.01398548668115751,-2223.1
2020-09-17 14:00:00,0.27404050516284073,5.1298987149230735,-0.007900807584379166,-2038.6
2020-09-17 15:00:00,0.31081323416858586,4.718498871295094,-0.005917337910910092,-1978.2
2020-09-17 16:00:00,0.4325438893211624,4.2626798770413155,-0.00975880211084501,-2287.6
2020-09-17 17:00:00,0.5247955391726702,3.9512437185814275,-0.010949809566214164,-2308.9
2020-09-17 18:00:00,0.48999615914089567,4.0943445622221,-0.0032185210857988977,-2559.0
2020-09-17 19:00:00,0.49052048673478943,4.553876891600541,0.0030577310825643522,-2574.4
2020-09-17 20:00:00,0.3817391507370993,5.14166355650266,0.011709129084160885,-2590.0
2020-09-17 21:00:00,0.44251211790265366,5.673323267171493,-0.0010266542990153837,-2613.8
2020-09-17 22:00:00,0.4850590504813592,6.0473721790462776,-0.00914377503934638,-2584.2
2020-09-17 23:00:00,0.4982478365864127,6.326149473155099,-0.0218925986011973,-2459.1
2020-09-18 00:00:00,0.3979953100524969,6.520621127558696,-0.013698779632847824,-1532.6
2020-09-18 01:00:00,0.38338438694968024,6.647688373563329,-0.020393332027816236,-1284.8
2020-09-18 02:00:00,0.32111518421833907,6.75110146893676,-0.02186870686890785,-1010.6
2020-09-18 03:00:00,0.1812437042916879,6.878326468291325,-0.016975251050840967,-1097.6
2020-09-18 04:00:00,0.14772160336564344,6.9865664594064265,-0.021630873168725806,-1199.0
2020-09-18 05:00:00,0.18383197215797287,7.0326242610280065,-0.0115986072595744,-2164.4
2020-09-18 06:00:00,0.01459304296361097,7.047517221357296,-0.004098434111084792,-2070.4
2020-09-18 07:00:00,-0.025497484267832604,7.045776576879511,0.006835174810286837,-2004.2
2020-09-18 08:00:00,-0.10157002700602158,7.0192966537150445,0.003917910244713774,-1959.2
2020-09-18 09:00:00,-0.14526534552106085,6.968850378341948,0.003892873004060604,-1908.6
2020-09-18 10:00:00,-0.09938291908497376,6.961296045910167,-0.0038467726588509166,-1905.6
2020-09-18 11:00:00,-0.08532808189243468,7.009408932708637,-0.006433205041876278,-1938.0
2020-09-18 12:00:00,-0.04051186712389665,7.028201432058005,-0.019083371738384258,-1982.3
2020-09-18 13:00:00,-0.0165496291205125,7.020190708311925,-0.02312335702285573,-1990.8
2020-09-18 14:00:00,0.016587611118485057,7.01301578963963,-0.013721558929566946,-1998.7
2020-09-18 15:00:00,0.0665232989466551,6.990256500493881,-0.026709035268353887,-1976.8
2020-09-18 16:00:00,0.007525279241538563,6.961296045910167,-0.021643864474611085,-1969.8
2020-09-18 17:00:00,-0.03452804567926515,6.950814768442584,-0.02688417184460601,-1969.5
2020-09-18 18:00:00,-0.060204109205292955,6.955592608396297,-0.035502005522963564,-2233.6
2020-09-18 19:00:00,-0.02749801153668585,6.982862751468942,-0.03409620511025935,-2244.2
2020-09-18 20:00:00,-0.0177030531751714,7.007600613951853,-0.05298004206278506,-2121.8
2020-09-18 21:00:00,0.05862382511067521,7.024649030453636,-0.039345088606808076,-2065.7
2020-09-18 22:00:00,0.08841805987635576,7.026426808699636,-0.02150749648932404,-1600.4
2020-09-18 23:00:00,0.15355058320340387,7.0192966537150445,-0.03249827051948717,-1194.8
2020-09-19 00:00:00,0.11102490754189764,6.992096427415888,-0.026348252337990985,-1353.2
2020-09-19 01:00:00,0.1597175874588488,6.9650803456014065,-0.033423924084061696,-1335.9
2020-09-19 02:00:00,0.03797537661412331,6.922643891475888,-0.03196826084868487,-1309.0
2020-09-19 03:00:00,0.09075832842226195,6.878326468291325,-0.0008782071711941342,-1257.5
2020-09-19 04:00:00,0.13859369130411459,6.854354502255021,-0.006403227229556663,-1219.5
2020-09-19 05:00:00,0.2184090255465776,6.844815479208263,-0.011053973164332653,-1221.0
2020-09-19 06:00:00,0.09599930749439034,6.842683282238422,-0.026354400701448455,-1260.8
2020-09-19 07:00:00,0.12068642148513131,6.828712071641684,-0.014431579572764086,-1556.7
2020-09-19 08:00:00,0.07174201529023438,6.785587645007929,-0.006369922538324246,-1975.6
2020-09-19 09:00:00,-0.008630480396196738,6.774223886357614,-0.008062492182369319,-2041.2
2020-09-19 10:00:00,0.003943471797544618,6.825460036255307,-0.0005898961479635645,-2096.8
2020-09-19 11:00:00,0.020219413970849143,6.858565034791365,-0.007846268546516377,-2091.6
2020-09-19 12:00:00,0.0619136482449294,6.866933284461882,-0.0167670829882125,-2064.7
2020-09-19 13:00:00,0.11905665582418923,6.837332814685591,-0.023873508092041362,-1998.4
2020-09-19 14:00:00,0.21751964307833793,6.804614520062624,0.0004582130621262337,-1954.2
2020-09-19 15:00:00,0.13432508164063117,6.759255270663693,0.012786922130594292,-1699.2
2020-09-19 16:00:00,0.059044820735650205,6.668228248417403,0.006635649157030521,-1844.9
2020-09-19 17:00:00,-0.033486417639208454,6.507277712385012,-0.0034736820315046657,-1881.7
2020-09-19 18:00:00,-0.06301376452544183,6.3080984415095305,0.00015066380546802094,-2021.0
2020-09-19 19:00:00,0.0317308695836398,6.1224928095143865,0.008272680606170368,-2141.3
2020-09-19 20:00:00,0.12646214895234653,5.934894195619588,-0.010878515211865114,-2006.2
2020-09-19 21:00:00,0.19627037934409985,5.746203190540153,0.0007619865424537409,-1857.0
2020-09-19 22:00:00,0.27223842443044655,5.6131281063880705,0.01136811934347115,-1757.0
2020-09-19 23:00:00,0.4265521307761233,5.631211781821365,0.0024923664931320033,-1472.8
2020-09-20 00:00:00,0.4539806006115308,5.768320995793772,-0.005987964912253396,-904.0
2020-09-20 01:00:00,0.4617971632551945,5.961005339623274,-4.585103280163594e-06,-624.1
2020-09-20 02:00:00,0.4614912164760492,6.104793232414985,0.004231731618610013,-712.7
2020-09-20 03:00:00,0.39492581093005663,6.2766434893416445,-0.001314757013434864,-821.9
2020-09-20 04:00:00,0.3259775351668699,6.429719478039138,-0.0028025463383265503,-910.2
2020-09-20 05:00:00,0.22650852974809066,6.555356891810665,-0.006859468355352227,-1015.1
2020-09-20 06:00:00,0.12585230254400903,6.639875833826536,-0.036378581758143014,-979.2
2020-09-20 07:00:00,0.09526649967021372,6.739336627357174,-0.0477110936987728,-1096.8
2020-09-20 08:00:00,0.05490449889440363,6.815639990074331,-0.03150762301189314,-1262.7
2020-09-20 09:00:00,-0.006906710003381722,6.876264611890766,-0.025521801495326457,-1296.4
2020-09-20 10:00:00,-0.025640727014948794,6.931471805599453,-0.028491835607208138,-1360.5
2020-09-20 11:00:00,-0.039020778465801875,6.937314081223682,-0.02360417736471998,-1366.3
2020-09-20 12:00:00,-0.014743461682818815,6.915723448631314,-0.027021210392370598,-1341.7
2020-09-20 13:00:00,0.009629204112949097,6.895682697747868,-0.02362329763418014,-1323.8
2020-09-20 14:00:00,0.06470200241953217,6.8885724595653635,-0.01856959852269391,-1301.2
2020-09-20 15:00:00,0.07494409076388076,6.862757913051401,-0.018634657872833138,-1276.0
2020-09-20 16:00:00,-0.001457399260154979,6.784457062637643,-0.023370696043151007,-1245.9
2020-09-20 17:00:00,-0.08769275195603221,6.75343791859778,-0.012848026716569372,-1394.0
2020-09-20 18:00:00,-0.13399315060076322,6.8001700683022,-0.019852820703147422,-1822.6
2020-09-20 19:00:00,-0.13198286212792487,6.846943139585379,-0.009590275251725622,-2076.5
2020-09-20 20:00:00,-0.08089007370399681,6.883462586413092,-0.016116277779731902,-1773.2
2020-09-20 21:00:00,-0.005103272829909411,6.8966943316227125,-0.02111297726663075,-1704.7
2020-09-20 22:00:00,0.09931024007153244,6.90975328164481,-0.016672680626002467,-1441.6
2020-09-20 23:00:00,0.05965043154905603,6.912742820493176,-0.004924874869045581,-1278.5
2020-09-21 00:00:00,-0.7101500260366937,6.926577033222725,-0.010488379696405481,-1165.4
2020-09-21 01:00:00,-0.6911383221392824,6.921658184151129,-0.0005616432444348618,-1159.7
2020-09-21 02:00:00,-0.7009795198976532,6.914730892718563,-0.003995132814250901,-1148.0
2020-09-21 03:00:00,-0.3910319299622502,6.903747257584598,-0.005358572444870369,-1136.9
2020-09-21 04:00:00,-0.05864738790009527,6.892641641172089,-0.003845444399732223,-1245.9
2020-09-21 05:00:00,-0.06111368075674495,6.882437470997847,0.004559976537946042,-1250.6
2020-09-21 06:00:00,-0.20160545656198137,6.90975328164481,0.014521512828375549,-1539.8
2020-09-21 07:00:00,-0.29293989924153596,6.9650803456014065,0.004318462324669703,-1624.8
2020-09-21 08:00:00,-0.35871260656810966,7.016609683894219,-0.013247896919907909,-1593.8
2020-09-21 09:00:00,-0.4021031602370262,7.066466970136958,-0.006032594192054042,-1575.8
2020-09-21 10:00:00,-0.3945470492099572,7.099201743553092,-0.004143518971198468,-1519.2
2020-09-21 11:00:00,-0.4101617481818134,7.113956109566034,-0.00704393378798418,-1479.8
2020-09-21 12:00:00,-0.4066325249387184,7.122059881629142,-0.006217631599040985,-1465.2
2020-09-21 13:00:00,-0.41497630092734905,7.1284959456800365,-0.016664226070120414,-1462.4
2020-09-21 14:00:00,-0.41972349727923497,7.133295954896068,0.0020648943014123233,-1466.9
2020-09-21 15:00:00,-0.418852087481822,7.140453043101158,-0.0004995003218146721,-1455.0
2020-09-21 16:00:00,-0.4806505183619789,7.140453043101158,-0.01151356285303251,-1431.8
2020-09-21 17:00:00,-0.5694694242599012,7.1372784372603855,-0.007962633858384471,-1424.0
2020-09-21 18:00:00,-0.6024284669431892,7.1308988302963465,-0.013695527451517364,-1397.6
2020-09-21 19:00:00,-0.6050080628334009,7.1252830915107115,-0.012135938062177942,-1365.7
2020-09-21 20:00:00,-0.5140986774973806,7.121252453244542,-0.01203767739283279,-1371.0
2020-09-21 21:00:00,-0.5715826474294938,7.1204443723924875,-0.006341119971843945,-1375.7
2020-09-21 22:00:00,-1.2085765449505725,7.126087273299125,-0.0008074772108210837,-1252.2
2020-09-21 23:00:00,-1.0278976000909785,7.141245122350491,-0.006633123733906565,-1275.0
2020-09-22 00:00:00,-1.0288395502590115,7.1316985104669115,0.00449158693033791,-1286.6
2020-09-22 01:00:00,-1.03691965014777,7.1308988302963465,0.00905285320714988,-1287.5
2020-09-22 02:00:00,-1.0207510425500848,7.1284959456800365,0.008327611005075397,-1291.4
2020-09-22 03:00:00,-1.031365928987214,7.126087273299125,0.0033850520865792433,-1286.8
2020-09-22 04:00:00,-1.0397605057864596,7.126890808898808,0.009738116178950484,-1275.1
2020-09-22 05:00:00,-0.1303428084716476,7.126890808898808,0.01184618342740329,-1335.7
2020-09-22 06:00:00,-0.21876947790161516,7.121252453244542,0.010569115228580728,-1451.1
2020-09-22 07:00:00,-0.28389062550171706,7.091742115095153,-0.0003599793059390066,-2207.7
2020-09-22 08:00:00,-0.3424331235542408,7.011213987350367,-0.0023703130621779422,-2273.2
2020-09-22 09:00:00,-0.3258495083214803,6.9975959829819265,0.002018249651148274,-2286.8
2020-09-22 10:00:00,-0.2949352016808553,7.002155954403621,0.005283189339210459,-2330.8
2020-09-22 11:00:00,-0.2133267924314315,6.9985096422506015,0.007131492365410885,-2335.7
2020-09-22 12:00:00,-0.1234570236046264,6.9726062513017535,0.007609558355208712,-2365.3
2020-09-22 13:00:00,-0.04878914583290239,6.927557906278317,0.01051893242295332,-2382.3
2020-09-22 14:00:00,0.002994429731658421,6.877296071497429,0.010892103774068573,-2329.2
2020-09-22 15:00:00,0.051946021115825136,6.795705775173514,0.011401248534229858,-2433.9
2020-09-22 16:00:00,0.015060963331933852,6.630683385642372,0.00924798570112273,-2348.3
2020-09-22 17:00:00,-0.05949695764863483,6.428105272684596,-0.0019375280639168935,-2424.3
2020-09-22 18:00:00,-0.10962997165906074,6.2878585601617845,0.009005139579115529,-2343.2
2020-09-22 19:00:00,-0.20816128755694008,6.16541785423142,0.018080107223961583,-2107.7
2020-09-22 20:00:00,-0.06676514163217773,6.035481432524756,0.01713807414942803,-1923.2
2020-09-22 21:00:00,-0.10187415389885368,5.87493073085203,0.011161888570156542,-1569.3
2020-09-22 22:00:00,-0.05090805950557531,5.726847747587197,0.011753156222023442,-1159.9
2020-09-22 23:00:00,-0.03727686708454936,5.497168225293202,0.01938127434566006,-263.6
2020-09-23 00:00:00,0.001595248334267385,5.6131281063880705,0.01623979262410291,-363.6
2020-09-23 01:00:00,-0.011255925190961857,5.707110264748875,0.01812798541936811,-346.0
2020-09-23 02:00:00,0.06597630571745805,5.8664680569332965,0.018119927091927224,-425.2
2020-09-23 03:00:00,-0.009472958936204368,6.12029741895095,0.0136599629336418,-582.4
2020-09-23 04:00:00,-0.02381243582995607,6.285998094508865,0.020264478389975693,-750.8
2020-09-23 05:00:00,0.00565714913621207,6.352629396319567,0.02926736337189162,-1276.5
2020-09-23 06:00:00,-0.16877276697185017,6.363028103540465,0.03733213461888596,-1494.6
2020-09-23 07:00:00,-0.0849266867436933,6.289715570908998,0.026933921268111227,-1675.4
2020-09-23 08:00:00,-0.049402669443979974,6.1224928095143865,0.019848954434539046,-1774.7
2020-09-23 09:00:00,-0.06340837710843061,6.021023349349527,0.025766869869967124,-1773.7
2020-09-23 10:00:00,-0.06339536161324988,5.986452005284438,0.02898213692007623,-1657.9
2020-09-23 11:00:00,-0.2233023962115297,5.988961416889864,0.03063009359730895,-1472.5
2020-09-23 12:00:00,-0.2633569372356477,6.0014148779611505,0.032966296219651525,-1355.3
2020-09-23 13:00:00,-0.2647499061266907,6.030685260261263,0.03408506066660433,-1029.0
2020-09-23 14:00:00,-0.1970314002673157,6.07993319509559,0.03798359112237115,-1029.9
2020-09-23 15:00:00,-0.19450935573364925,6.126869184114185,0.04072552379856731,-1186.1
2020-09-23 16:00:00,-0.1848466998262137,6.075346031088684,0.04242808315641167,-1427.3
2020-09-23 17:00:00,-0.16206637106489774,6.077642243349034,0.0325497877427976,-1467.2
2020-09-23 18:00:00,-0.1650525027307017,6.144185634125646,0.04090983364469292,-1468.4
2020-09-23 19:00:00,-0.1758347637971709,6.182084906716632,0.055801814063036304,-1454.4
2020-09-23 20:00:00,-0.1714978341369564,6.208590026096629,0.043571154618089025,-1386.1
2020-09-23 21:00:00,-0.15398030203566293,6.22455842927536,0.033155987967787404,-1063.1
2020-09-23 22:00:00,-0.10427967307049002,6.236369590203704,0.02361581805062496,-680.6
2020-09-23 23:00:00,-0.19940967465738346,6.186208623900494,0.025142436372004084,-585.1
2020-09-24 00:00:00,-0.7154479796518314,6.369900982828227,0.019831733901546578,-486.9
2020-09-24 01:00:00,-0.9000981420668306,6.148468295917647,0.02234807631335478,-306.3
2020-09-24 02:00:00,-0.8989499236324927,5.918893854273146,0.02089161437902387,-242.2
2020-09-24 03:00:00,-0.8705097595901625,5.726847747587197,0.017419417358822464,-205.1
2020-09-24 04:00:00,-0.8876665598913438,5.594711379601839,0.025400141519722474,-230.1
2020-09-24 05:00:00,-1.0071313824953512,5.488937726156687,0.03376501824038414,-219.9
2020-09-24 06:00:00,-0.3779586648291673,5.384495062789089,0.03789910170492217,-429.9
2020-09-24 07:00:00,-0.38199296849718056,5.247024072160486,0.028764006264273334,-731.0
2020-09-24 08:00:00,-0.4519133617449045,5.056245805348308,0.02127721459726839,-665.2
2020-09-24 09:00:00,-0.4998071448555623,4.859812404361672,0.026032514308755417,-534.7
2020-09-24 10:00:00,-0.49643826684939496,4.727387818712341,0.03514372235336438,-432.5
2020-09-24 11:00:00,-0.4876450838716333,4.812184355372417,0.03454448308855529,-355.8
2020-09-24 12:00:00,-0.4549327327784045,5.0106352940962555,0.03156138982683654,-311.0
2020-09-24 13:00:00,-0.5462567144268218,5.214935757608986,0.0226822325107241,-129.8
2020-09-24 14:00:00,-0.677453861904294,5.393627546352362,0.032921186935875646,-132.8
2020-09-24 15:00:00,-0.8782575822791059,5.484796933490655,0.038207466998027684,-160.1
2020-09-24 16:00:00,-0.7683348115072075,5.560681631015528,0.04120764148118283,-248.7
2020-09-24 17:00:00,-0.44209204209586606,5.720311776607412,0.03172575360336438,-642.1
2020-09-24 18:00:00,-0.42229507797507315,5.886104031450156,0.04216131579758908,-969.5
2020-09-24 19:00:00,-0.3861266377516226,6.054439346269371,0.044393355140472046,-1158.5
2020-09-24 20:00:00,-0.3181477351997595,6.214608098422191,0.037257963984114184,-1136.1
2020-09-24 21:00:00,-0.3207541460824159,6.322565239927284,0.024386478026417358,-905.0
2020-09-24 22:00:00,-0.2797177862178408,6.38856140554563,0.015745513724341187,-755.5
2020-09-24 23:00:00,-0.5588313561448293,6.4457198193855785,0.01782003880567018,-730.5
2020-09-25 00:00:00,-0.8226610755476695,6.495265555937008,0.016282052579087214,-635.3
2020-09-25 01:00:00,-0.9411074328515139,6.516193076042964,0.01899906968284437,-683.7
2020-09-25 02:00:00,-0.9501098471167642,6.507277712385012,0.018908292263366988,-611.3
2020-09-25 03:00:00,-0.6842444772272303,6.486160788944089,0.0222882437662264,-625.7
2020-09-25 04:00:00,-0.3572204431899322,6.483107351457199,0.02568978302134539,-607.5
2020-09-25 05:00:00,-0.1976929284041833,6.47543271670409,0.044143375748660674,-871.4
2020-09-25 06:00:00,-0.3028980026066619,6.466144724237619,0.0435296148781692,-1073.2
2020-09-25 07:00:00,-0.12530889412642043,6.452048954437226,0.04831993307953475,-1403.1
2020-09-25 08:00:00,-0.1988783382560282,6.453624998892692,0.04564611234850702,-1481.5
2020-09-25 09:00:00,-0.23160913667935157,6.525029657843462,0.048696150019898354,-1558.0
2020-09-25 10:00:00,-0.19665642958108043,6.588926477533519,0.039735046403443164,-1606.5
2020-09-25 11:00:00,-0.17851151307347157,6.637258031284457,0.03941752252319031,-1655.6
2020-09-25 12:00:00,-0.11582517734864561,6.668228248417403,0.021215121292893713,-1682.8
2020-09-25 13:00:00,-0.1181598055312949,6.695798917058491,0.019515168423796858,-1699.2
2020-09-25 14:00:00,-0.20622747903330385,6.677083461247136,0.015184882616082973,-1659.1
2020-09-25 15:00:00,-0.26866400335064133,6.593044534142437,0.01457262370495016,-1388.2
2020-09-25 16:00:00,-0.36544112988769406,6.493753839851686,0.025740754361296858,-1180.2
2020-09-25 17:00:00,-0.45781666826481215,6.380122536899765,0.019334774993793324,-1047.9
2020-09-25 18:00:00,-0.4414122396678972,6.302618975744905,0.014881784481746152,-1099.0
2020-09-25 19:00:00,-0.4183782067017394,6.238324625039508,0.030381986022165464,-1010.3
2020-09-25 20:00:00,-0.4102775514522583,6.236369590203704,0.006231817569060993,-865.2
2020-09-25 21:00:00,-0.3714277531233452,6.208590026096629,0.02009763967883149,-571.3
2020-09-25 22:00:00,-0.5514683975271937,6.133398042996649,0.04073481238789611,-457.7
2020-09-25 23:00:00,-1.2059019875131383,6.09807428216624,0.03190612145149618,-437.4
2020-09-26 00:00:00,-1.3797633431233947,6.222576268071369,0.04476923989762227,-344.1
2020-09-26 01:00:00,-1.3797633431233947,6.19644412779452,0.0411649329070114,-348.9
2020-09-26 02:00:00,-1.3797633431233947,6.214608098422191,0.043189580167873665,-366.8
2020-09-26 03:00:00,-1.3797633431233947,6.2285110035911835,0.06290536386017287,-362.4
2020-09-26 04:00:00,-1.3797633431233947,6.19644412779452,0.061132979760930795,-334.7
2020-09-26 05:00:00,-1.3797633431233947,6.152732694704104,0.05525121283444623,-316.1
2020-09-26 06:00:00,-1.3797633431233947,6.113682179832232,0.025958781586847834,-297.9
2020-09-26 07:00:00,-1.3797633431233947,6.045005314036012,0.03180781307726477,-384.5
2020-09-26 08:00:00,-1.3670362800977542,5.8888779583328805,0.02851733646211585,-539.8
2020-09-26 09:00:00,-1.191830354431986,5.697093486505405,0.027892184813526733,-538.6
2020-09-26 10:00:00,-1.0984340104339023,5.575949103146316,0.02398600990087374,-544.5
2020-09-26 11:00:00,-1.043491822688496,5.6131281063880705,0.018004859854768185,-573.9
2020-09-26 12:00:00,-0.8187070840183983,5.75890177387728,0.015104277086718021,-615.8
2020-09-26 13:00:00,-0.9099420502780382,5.91350300563827,0.01946500238351412,-619.7
2020-09-26 14:00:00,-0.9016903366193487,6.045005314036012,0.03321644080762809,-659.1
2020-09-26 15:00:00,-1.0056062531383652,6.161207321695077,0.03651845824141464,-671.6
2020-09-26 16:00:00,-1.0930561528834457,6.259581464064923,0.033829073498583107,-667.2
2020-09-26 17:00:00,-0.8743468510862038,6.309918278226516,0.03924404765364908,-724.9
2020-09-26 18:00:00,-1.202490107817701,6.342121418721152,0.04385822491143365,-720.3
2020-09-26 19:00:00,-1.2125753888935047,6.364750756851911,0.04618753170504686,-481.7
2020-09-26 20:00:00,-1.2051936042897173,6.371611847231857,0.02628631458949826,-377.5
2020-09-26 21:00:00,-1.3797633431233947,6.423246963533519,0.02383993382499927,-400.1
2020-09-26 22:00:00,-1.3797633431233947,6.498282149476434,0.04081087416017137,-458.3
2020-09-26 23:00:00,-1.3797633431233947,6.53813982376767,0.042313860679803916,-493.1
2020-09-27 00:00:00,-1.3797633431233947,6.450470422144176,0.026066061377830074,-482.6
2020-09-27 01:00:00,-1.3797633431233947,6.424869023905388,0.03967890598796053,-485.7
2020-09-27 02:00:00,-1.3797633431233947,6.380122536899765,0.037301411716217814,-469.3
2020-09-27 03:00:00,-1.3797633431233947,6.320768294250582,0.04385421135447665,-449.5
2020-09-27 04:00:00,-1.3797633431233947,6.282266746896006,0.04838133287323032,-414.2
2020-09-27 05:00:00,-1.3797633431233947,6.284134161070802,0.04547495054060935,-395.0
2020-09-27 06:00:00,-1.3797633431233947,6.274762021241939,0.02540890600753798,-392.1
2020-09-27 07:00:00,-1.3797633431233947,6.220590170099739,0.006127764930638158,-352.7
2020-09-27 08:00:00,-1.3797633431233947,6.082218910376446,0.0019132089484559245,-243.7
2020-09-27 09:00:00,-0.9056865262257285,5.883322388488279,0.006913474257827623,-222.6
2020-09-27 10:00:00,-0.6035526439973093,5.739792912179234,0.0019175698405868857,-195.2
2020-09-27 11:00:00,-0.5199594113949133,5.641907070938114,0.005867503792982731,-171.4
2020-09-27 12:00:00,-0.6831106132442772,5.572154032177765,0.007380216324961886,-114.5
2020-09-27 13:00:00,-0.7069132564950746,5.54907608489522,0.004712745738045143,-100.5
2020-09-27 14:00:00,-0.7025852958492114,5.5254529391317835,0.01704247326618269,-85.3
2020-09-27 15:00:00,-0.685274395489547,5.497168225293202,0.02616348502706156,-77.1
2020-09-27 16:00:00,-0.6687394050473068,5.455321115357702,0.012433805778616858,-312.1
2020-09-27 17:00:00,-0.36969930022796893,5.438079308923196,0.008065283010409097,-784.3
2020-09-27 18:00:00,-0.26903823195546783,5.420534999272286,0.019255644306787723,-1364.9
2020-09-27 19:00:00,-0.25630186876409367,5.327876168789581,0.031807922107865316,-1387.0
2020-09-27 20:00:00,-0.2854009569069138,5.176149732573829,0.021983568452538016,-1054.2
2020-09-27 21:00:00,-0.2736791966993688,4.983606621708336,0.0206609449790065,-803.9
2020-09-27 22:00:00,-0.278574520854459,4.787491742782046,0.024601421339121465,-179.3
2020-09-27 23:00:00,-0.25186672079583783,4.61512051684126,0.04058452925992384,41.0
2020-09-28 00:00:00,-0.12764188429503864,4.290459441148391,0.018782002603707326,-60.9
2020-09-28 01:00:00,0.03350266226997478,4.060443010546419,0.034148999718810025,-82.6
2020-09-28 02:00:00,0.05184188579937432,3.8066624897703196,0.032133591274254414,-78.4
2020-09-28 03:00:00,0.11194171852105494,3.6109179126442243,0.029655945400230976,-83.2
2020-09-28 04:00:00,-0.006442906559547268,3.4965075614664802,0.03056655319799617,-298.4
2020-09-28 05:00:00,0.021079102997711097,3.4011973816621555,0.027453796403798414,-1392.5
2020-09-28 06:00:00,0.4785069162252742,3.4011973816621555,0.022221262129678898,-2225.4
2020-09-28 07:00:00,0.541486582037594,3.58351893845611,-0.00034790171909548917,-1811.9
2020-09-28 08:00:00,0.5473926634473392,3.6635616461296463,-0.013247896919907909,-1870.2
2020-09-28 09:00:00,0.4706239715613787,3.6109179126442243,-0.008763592703285639,-1902.0
2020-09-28 10:00:00,0.4312446059562829,3.5553480614894135,-0.002317034445163735,-1906.1
2020-09-28 11:00:00,0.41432799782014795,3.6109179126442243,0.001254869026710459,-1913.4
2020-09-28 12:00:00,0.4013060998260083,3.7376696182833684,0.0020506745779060864,-1917.0
2020-09-28 13:00:00,0.39670812001588374,3.912023005428146,-0.009270477045181913,-1908.6
2020-09-28 14:00:00,0.406296964660684,4.04305126783455,0.006731258345177515,-1888.0
2020-09-28 15:00:00,0.43640410250457107,4.127134385045092,0.007845471610365529,-1917.9
2020-09-28 16:00:00,0.4018548704476834,4.23410650459726,-0.004071668042646692,-1922.0
2020-09-28 17:00:00,0.3797330816569078,4.418840607796598,-0.00427599373816534,-1940.0
2020-09-28 18:00:00,0.4649237625600575,4.605170185988092,0.002082062017318087,-2764.6
2020-09-28 19:00:00,0.6482124668687606,4.718498871295094,0.003496564187648765,-2803.3
2020-09-28 20:00:00,0.24076185661419602,4.77912349311153,0.0030285209618110542,-2320.3
2020-09-28 21:00:00,0.09308203260249259,4.804021044733257,0.005109386816151584,-2099.6
2020-09-28 22:00:00,0.13355044267173488,4.820281565605037,0.009152764494233523,-1983.5
2020-09-28 23:00:00,0.26185883398626464,4.77912349311153,0.024425273286066584,-1780.3
2020-09-29 00:00:00,0.3606143711512475,4.77912349311153,0.026892523619504338,-657.0
2020-09-29 01:00:00,0.35375747912721556,4.74493212836325,0.03171977077144206,-620.5
2020-09-29 02:00:00,0.38970169554957224,4.7535901911063645,0.027893452558955367,-637.7
2020-09-29 03:00:00,0.4037857577246129,4.74493212836325,0.026199729852750764,-680.0
2020-09-29 04:00:00,0.36470747842416973,4.727387818712341,0.033143439910502615,-869.5
2020-09-29 05:00:00,0.3681223463785712,4.74493212836325,0.029435876454390275,-1801.8
2020-09-29 06:00:00,0.4815300011698831,4.77912349311153,0.025041147837114863,-2282.5
2020-09-29 07:00:00,0.6059606033446379,4.8283137373023015,0.01831469971928623,-2101.1
2020-09-29 08:00:00,0.7162419234879804,4.875197323201151,0.005936149095575161,-2097.9
2020-09-29 09:00:00,0.6035835484709517,4.867534450455582,0.0001867473076799797,-2091.4
2020-09-29 10:00:00,0.5457776962078089,4.875197323201151,0.004364493822137661,-2091.7
2020-09-29 11:00:00,0.5451003582473906,4.919980925828125,0.0062068505981924815,-2089.7
2020-09-29 12:00:00,0.47112736216854323,4.897839799950911,0.003919517267754635,-2079.1
2020-09-29 13:00:00,0.43819813981776523,4.859812404361672,0.004947887373497828,-2094.0
2020-09-29 14:00:00,0.4328544640605081,4.804021044733257,0.0005488051672681848,-2085.2
2020-09-29 15:00:00,0.4768721999504235,4.663439094112067,0.006743578260248739,-2068.8
2020-09-29 16:00:00,0.49689093660149286,4.442651256490317,0.00647917913298901,-2036.5
2020-09-29 17:00:00,0.47769792113742415,4.330733340286331,0.0008338362964668278,-2018.0
2020-09-29 18:00:00,0.6303339801155392,4.406719247264253,0.017281048882975547,-2657.9
2020-09-29 19:00:00,1.0741754474567005,4.442651256490317,0.014437115945461265,-2743.8
2020-09-29 20:00:00,0.24275730058503564,4.430816798843313,0.00037790529196257694,-2162.1
2020-09-29 21:00:00,0.1432779816875165,4.382026634673881,-0.00983124880172248,-2068.1
2020-09-29 22:00:00,0.09546532182638101,4.30406509320417,-0.01636114525881549,-1519.9
2020-09-29 23:00:00,0.1911344751645192,4.189654742026425,-0.00031868881614460776,-975.3
2020-09-30 00:00:00,0.3234234609428319,3.784189633918261,-0.013094195489603777,-531.6
2020-09-30 01:00:00,0.2798575878721463,3.6888794541139363,-0.011659103747219568,-459.3
2020-09-30 02:00:00,0.2506615306724935,3.7376696182833684,-0.015216493175664425,-406.3
2020-09-30 03:00:00,0.2579749601516088,3.871201010907891,-0.01632562621092859,-471.0
2020-09-30 04:00:00,0.2644511334109034,4.007333185232471,-0.0035719697645362203,-571.3
2020-09-30 05:00:00,0.24559322012009766,4.127134385045092,-0.002115965334054337,-1122.1
2020-09-30 06:00:00,0.31023166581941064,4.23410650459726,0.00845621111703121,-2023.1
2020-09-30 07:00:00,0.5209429540931563,4.2626798770413155,0.009349016492670614,-2181.2
2020-09-30 08:00:00,0.61931995910889,4.219507705176107,-0.00031671516005449263,-2210.0
2020-09-30 09:00:00,0.5222472267847342,4.23410650459726,-0.005172813664862552,-2241.5
2020-09-30 10:00:00,0.36374407160103495,4.276666119016055,-0.0029694628865266637,-2213.7
2020-09-30 11:00:00,0.34360438926222425,4.330733340286331,-0.004299928086282989,-2189.3
2020-09-30 12:00:00,0.31469529320721357,4.394449154672439,-0.009203104747437685,-2160.2
2020-09-30 13:00:00,0.3179216581086579,4.477336814478207,-0.009259668026642132,-2136.5
2020-09-30 14:00:00,0.3130650947751592,4.5217885770490405,-0.011443718656381385,-2107.6
2020-09-30 15:00:00,0.30542896196198877,4.543294782270004,-0.0034805687059282775,-2146.6
2020-09-30 16:00:00,0.3415914021115931,4.605170185988092,-0.0031171289513327594,-2184.8
2020-09-30 17:00:00,0.39059223025860845,4.762173934797756,-0.00560197822157793,-2286.3
2020-09-30 18:00:00,0.4850269786729564,4.969813299576001,0.013832367082788899,-2448.0
2020-09-30 19:00:00,0.4618417357343967,5.087596335232384,0.019987780587729986,-2401.0
2020-09-30 20:00:00,0.14447032929167225,5.123963979403259,-0.0042320640672564025,-2119.7
2020-09-30 21:00:00,0.038628788755461496,5.093750200806762,-0.015080312991694989,-1831.5
2020-09-30 22:00:00,0.07712965325686794,5.087596335232384,-0.03159137565806169,-1432.6
2020-09-30 23:00:00,0.11894723698099652,5.056245805348308,-0.020746740954937337,-764.8
2020-10-01 00:00:00,0.2963149031088239,4.820281565605037,-0.086041461602127,-290.7
2020-10-01 01:00:00,0.18942678266915003,4.736198448394496,-0.08693468137736549,-288.4
2020-10-01 02:00:00,0.26035035973046616,4.718498871295094,-0.11049904787098797,-274.9
2020-10-01 03:00:00,0.2553357067700355,4.68213122712422,-0.09618135124567395,-265.8
2020-10-01 04:00:00,0.3451813998915192,4.61512051684126,-0.08700825728937112,-272.8
2020-10-01 05:00:00,0.6104374964871657,4.543294782270004,-0.08669711879896802,-869.4
2020-10-01 06:00:00,0.5905917575519148,4.532599493153256,-0.07626446739623383,-1980.3
2020-10-01 07:00:00,0.7257994387446245,4.5217885770490405,-0.05831726862091724,-2114.7
2020-10-01 08:00:00,0.7134589112155805,4.430816798843313,-0.05782099900607829,-2005.0
2020-10-01 09:00:00,0.6391313088468977,4.31748811353631,-0.06308249907373753,-2018.1
2020-10-01 10:00:00,0.5541959955310332,4.189654742026425,-0.060699635748960645,-1998.1
2020-10-01 11:00:00,0.4435811191015624,4.007333185232471,-0.05681936908787666,-1889.7
2020-10-01 12:00:00,0.27640387772750374,3.8918202981106265,-0.055643844354752225,-1613.5
2020-10-01 13:00:00,0.3056076233821279,3.8501476017100584,-0.06297465087480791,-1556.7
2020-10-01 14:00:00,0.35230576038808925,3.7376696182833684,-0.06765958974935593,-1484.4
2020-10-01 15:00:00,0.3618871627036353,3.5553480614894135,-0.06416483642168291,-1574.4
2020-10-01 16:00:00,0.35527478788721156,3.367295829986474,-0.06467835851235204,-1630.1
2020-10-01 17:00:00,0.34113833522136616,3.4965075614664802,-0.07346697274207159,-1921.3
2020-10-01 18:00:00,0.3515216305742501,3.784189633918261,-0.055250338196584536,-1918.1
2020-10-01 19:00:00,0.398672949106357,3.970291913552122,-0.04267901721705769,-1814.9
2020-10-01 20:00:00,0.2777262798952784,4.02535169073515,-0.05123115925736155,-793.5
2020-10-01 21:00:00,0.30187709259336604,3.9512437185814275,-0.059862662261244814,-474.6
2020-10-01 22:00:00,0.16704599284037336,3.8501476017100584,-0.07942953515139362,-311.6
2020-10-01 23:00:00,0.01650850287277894,3.7376696182833684,-0.08182942718833797,-270.0
2020-10-02 00:00:00,-0.20330418185701493,3.4657359027997265,-0.07955680386059871,-113.3
2020-10-02 01:00:00,-0.4774020759564319,3.4011973816621555,-0.09451757302517638,-116.1
2020-10-02 02:00:00,-0.49221027397005024,3.4965075614664802,-0.11338694908561653,-128.3
2020-10-02 03:00:00,-0.3400148020352787,3.6375861597263857,-0.09193020675173447,-126.2
2020-10-02 04:00:00,-0.337623803294234,3.828641396489095,-0.0950973500563892,-122.3
2020-10-02 05:00:00,0.01255583716198938,4.02535169073515,-0.08408504897317659,-186.1
2020-10-02 06:00:00,0.23296992242043135,4.174387269895637,-0.0827351911569787,-758.0
2020-10-02 07:00:00,0.28877308000550705,4.2626798770413155,-0.07662474056822077,-1159.0
2020-10-02 08:00:00,0.18867215959804495,4.276666119016055,-0.0816971258422372,-1401.2
2020-10-02 09:00:00,0.1291505027780917,4.31748811353631,-0.07719203172092204,-1155.5
2020-10-02 10:00:00,0.07266838810744769,4.394449154672439,-0.08827729548405294,-1094.6
2020-10-02 11:00:00,-0.029836922372925123,4.51085950651685,-0.08724825614453557,-908.5
2020-10-02 12:00:00,-0.00434114339422198,4.61512051684126,-0.09405330406541879,-560.5
2020-10-02 13:00:00,0.002345397363655799,4.6913478822291435,-0.08527805810760913,-263.3
2020-10-02 14:00:00,-0.06413100846560083,4.770684624465665,-0.0982943441052182,-281.7
2020-10-02 15:00:00,-0.187428774137,4.867534450455582,-0.11250064795501302,-306.6
2020-10-02 16:00:00,-0.1407279189227677,4.948759890378168,-0.11633063430972346,-300.0
2020-10-02 17:00:00,-0.05840996450122882,5.030437921392435,-0.10531284814667163,-374.2
2020-10-02 18:00:00,-0.051456467664600325,5.087596335232384,-0.09330331910233536,-418.1
2020-10-02 19:00:00,-0.004990687984799624,5.117993812416755,-0.07794770944226226,-345.9
2020-10-02 20:00:00,-0.27754097558841906,5.093750200806762,-0.09558292080014485,-285.0
2020-10-02 21:00:00,-0.5760111949011559,4.990432586778736,-0.08735712219431413,-256.2
2020-10-02 22:00:00,-0.8268888694661005,4.867534450455582,-0.08882261359379306,-224.5
2020-10-02 23:00:00,-1.179428653228217,4.736198448394496,-0.10734073425481494,-204.3
2020-10-03 00:00:00,-1.0850540350367948,4.770684624465665,-0.11642549109247557,-89.7
2020-10-03 01:00:00,-1.0615586814463505,4.700480365792417,-0.12898085196521958,70.8
2020-10-03 02:00:00,-1.1660218104485593,4.634728988229636,-0.14042065222767075,68.4
2020-10-03 03:00:00,-1.2441303026147348,4.59511985013459,-0.11257090672270831,63.5
2020-10-03 04:00:00,-1.2632028250813812,4.553876891600541,-0.10179977476756719,86.5
2020-10-03 05:00:00,-1.3239080542404453,4.543294782270004,-0.11340945294166183,73.7
2020-10-03 06:00:00,-1.3054552412505285,4.605170185988092,-0.12405986966530946,91.3
2020-10-03 07:00:00,-1.3614402599650808,4.700480365792417,-0.10407769810335843,188.7
2020-10-03 08:00:00,-0.6395043854638738,4.709530201312334,-0.093772833877237,110.3
2020-10-03 09:00:00,-0.28113178253600024,4.700480365792417,-0.08361770596167073,104.6
2020-10-03 10:00:00,-0.18382101787821226,4.736198448394496,-0.08506919827124104,299.2
2020-10-03 11:00:00,-0.199283257765007,4.77912349311153,-0.08179813462395469,338.6
2020-10-03 12:00:00,-0.1664422836461945,4.787491742782046,-0.08352466274350423,319.3
2020-10-03 13:00:00,-0.8383504599203966,4.770684624465665,-0.08629096109170398,358.8
2020-10-03 14:00:00,-1.07506379826975,4.7535901911063645,-0.08386383112528506,293.2
2020-10-03 15:00:00,-0.6290080501329616,4.727387818712341,-0.09472242631082572,196.1
2020-10-03 16:00:00,-0.43468198495060895,4.7535901911063645,-0.08900214309878596,75.7
2020-10-03 17:00:00,-0.3561606384942615,4.852030263919617,-0.07525419782696208,31.8
2020-10-03 18:00:00,-0.35536647114413267,4.976733742420574,-0.05964741295068876,-209.1
2020-10-03 19:00:00,-0.2969973514957083,4.990432586778736,-0.06416513209296948,-213.7
2020-10-03 20:00:00,-0.1731681238941465,4.962844630259907,-0.07615379416113655,27.5
2020-10-03 21:00:00,-0.9008573129240303,4.990432586778736,-0.07588667277781536,24.8
2020-10-03 22:00:00,-1.0884256844251687,4.962844630259907,-0.06687678748720849,10.9
2020-10-03 23:00:00,-1.0864120725530086,4.9344739331306915,-0.07641726501332258,-19.6
2020-10-04 00:00:00,-0.9928305849348886,5.153291594497779,-0.06862664364101256,-87.3
2020-10-04 01:00:00,-0.9279556229246242,5.231108616854587,-0.08296914839327485,74.7
2020-10-04 02:00:00,-0.876003734855962,5.318119993844216,-0.11928014829140743,59.2
2020-10-04 03:00:00,-0.8757802389737313,5.4116460518550396,-0.09065219605748887,44.5
2020-10-04 04:00:00,-1.1042432678382241,5.501258210544727,-0.08067893665625014,28.4
2020-10-04 05:00:00,-1.2446918567866319,5.556828061699537,-0.078729323881503,7.8
2020-10-04 06:00:00,-1.3418075046215159,5.583496308781699,-0.0888205414163794,18.8
2020-10-04 07:00:00,-1.3797633431233947,5.602118820879701,-0.0960953161103042,-168.1
2020-10-04 08:00:00,-1.3797633431233947,5.66988092298052,-0.08571061742140884,-179.4
2020-10-04 09:00:00,-1.327696771350783,5.730099782973574,-0.07458491418279944,-336.2
2020-10-04 10:00:00,-1.1354573732988065,5.736572297479192,-0.08373598100462853,-235.7
2020-10-04 11:00:00,-0.9528037263545444,5.765191102784844,-0.0818684878912963,-228.2
2020-10-04 12:00:00,-0.7679768736544124,5.783825182329737,-0.08587525851094746,-211.3
2020-10-04 13:00:00,-0.8227368482289932,5.768320995793772,-0.10015946545476417,-220.7
2020-10-04 14:00:00,-0.9312727480316134,5.752572638825633,-0.09324845921828384,-241.3
2020-10-04 15:00:00,-0.9408857851409884,5.7745515455444085,-0.08004335405150353,-296.5
2020-10-04 16:00:00,-0.9841706297214239,5.783825182329737,-0.09397256826733003,-432.4
2020-10-04 17:00:00,-0.22361652196854598,5.811140992976701,-0.09527365832561419,-820.3
2020-10-04 18:00:00,-0.04164136190529577,5.84354441703136,-0.07352250849053199,-831.4
2020-10-04 19:00:00,0.11792187048852032,5.84354441703136,-0.04696750022446228,-984.4
2020-10-04 20:00:00,0.053298639342293175,5.823045895483019,-0.0533568546110228,-788.1
2020-10-04 21:00:00,0.1450437711947874,5.814130531825066,-0.06429408358447208,-687.3
2020-10-04 22:00:00,0.11536164657386827,5.805134968916488,-0.07477325299580073,-609.8
2020-10-04 23:00:00,-0.046315619310704825,5.808142489980444,-0.07652501805322576,-643.1
2020-10-05 00:00:00,-0.6131533726316225,5.703782474656201,-0.04826611904804068,-408.2
2020-10-05 01:00:00,-0.5476667757033309,5.720311776607412,-0.04336406142589233,-128.8
2020-10-05 02:00:00,-0.4905808995823331,5.817111159963204,-0.06400721370343732,-175.3
2020-10-05 03:00:00,-0.3303698888021551,5.926926025970411,-0.05087622839920236,-182.3
2020-10-05 04:00:00,-0.34737917669888807,6.003887067106539,-0.0464806011065404,-231.4
2020-10-05 05:00:00,0.11711864565511654,6.075346031088684,-0.05372515130129596,-292.4
2020-10-05 06:00:00,0.18707937446190126,6.135564891081739,-0.06328251367401538,-1191.5
2020-10-05 07:00:00,0.2194748446386754,6.169610732491456,-0.05970840429127566,-1796.4
2020-10-05 08:00:00,0.13864743086167897,6.159095388491933,-0.0631405196070931,-1908.6
2020-10-05 09:00:00,0.13299303459111478,6.154858094016418,-0.06626107535098935,-1963.9
2020-10-05 10:00:00,0.14331367749515733,6.16541785423142,-0.06929854826807347,-1992.8
2020-10-05 11:00:00,0.1542094210442655,6.154858094016418,-0.06374816869557254,-1999.9
2020-10-05 12:00:00,0.16318408150058117,6.131226489483141,-0.06430597725867315,-1837.5
2020-10-05 13:00:00,0.22370633928554495,6.129050210060545,-0.06846436334747974,-2105.2
2020-10-05 14:00:00,0.2618272491926317,6.131226489483141,-0.05867218009776831,-2323.5
2020-10-05 15:00:00,0.3393926986872562,6.124683390894205,-0.0653225378295419,-2462.9
2020-10-05 16:00:00,0.3382359580577874,6.07993319509559,-0.06827135506629034,-2493.7
2020-10-05 17:00:00,0.23778532076085623,6.0063531596017325,-0.07235120446431065,-2551.8
2020-10-05 18:00:00,0.2373591059582041,5.918893854273146,-0.060083173129309664,-2725.2
2020-10-05 19:00:00,0.2596563371108913,5.802118375377063,-0.04682918106349465,-2646.1
2020-10-05 20:00:00,0.2902245192009274,5.659482215759621,-0.03949132849845505,-2598.9
2020-10-05 21:00:00,0.3162758997096322,5.529429087511423,-0.035774995224954864,-1823.2
2020-10-05 22:00:00,0.3530894042523669,5.384495062789089,-0.04212101993054773,-1625.1
2020-10-05 23:00:00,0.4605321529966093,5.2832037287379885,-0.045097259760768615,-1039.1
2020-10-06 00:00:00,0.3722701859153661,5.749392985908253,-0.037096506933082196,-665.8
2020-10-06 01:00:00,0.39835906364122486,5.6937321388027,-0.033080118219134036,-491.9
2020-10-06 02:00:00,0.43292739186124374,5.641907070938114,-0.05227761274653897,-497.0
2020-10-06 03:00:00,-0.08797133090637477,5.560681631015528,-0.03625761374358749,-489.8
2020-10-06 04:00:00,0.09144581844970334,5.54907608489522,-0.03873669974362226,-553.4
2020-10-06 05:00:00,0.15270055544391958,5.60947179518496,-0.044692938857705755,-990.8
2020-10-06 06:00:00,0.2849671911249505,5.655991810819852,-0.05004641119070463,-1654.4
2020-10-06 07:00:00,0.13088661854764627,5.6240175061873385,-0.04853223473774815,-1775.9
2020-10-06 08:00:00,0.0046402748897413915,5.5254529391317835,-0.05038249072349288,-2061.2
2020-10-06 09:00:00,0.011556367905711795,5.44673737166631,-0.0572808198761372,-1922.6
2020-10-06 10:00:00,0.027231662709124915,5.54907608489522,-0.05712080658577445,-1939.3
2020-10-06 11:00:00,0.05627738284174555,5.872117789475416,-0.05234411634965852,-1912.0
2020-10-06 12:00:00,0.08818028915394072,6.1463292576688975,-0.054163726945361645,-1937.3
2020-10-06 13:00:00,0.13608295882886123,6.343880434126331,-0.04591126765202169,-1947.3
2020-10-06 14:00:00,0.1540398848419713,6.505784060128229,-0.0648828479896526,-1925.2
2020-10-06 15:00:00,0.16638263822528598,6.638567789166521,-0.06364273063487769,-1885.3
2020-10-06 16:00:00,0.13291735236528046,6.7464121285733745,-0.06510742975372974,-1821.7
2020-10-06 17:00:00,-0.017648289980860987,6.796823718274855,-0.06907537855668977,-1869.1
2020-10-06 18:00:00,-0.007823660874990868,6.826545223556594,-0.05311740254166342,-2055.3
2020-10-06 19:00:00,0.005656818239385686,6.812345094177479,-0.04402242923245314,-2078.7
2020-10-06 20:00:00,0.09851842828509927,6.779921907472252,-0.0457953362937058,-2024.9
2020-10-06 21:00:00,0.1332025658802789,6.709304340258298,-0.04953550886211833,-1407.4
2020-10-06 22:00:00,0.14593669544791243,6.637258031284457,-0.04840080495961718,-1313.0
2020-10-06 23:00:00,-0.09044826880084944,6.573680166960646,-0.039929769960723505,-1258.2
2020-10-07 00:00:00,-0.6387865131339932,6.511745329644728,-0.04973142576988021,-1070.8
2020-10-07 01:00:00,-0.4539312156439905,6.431331081933479,-0.048564998693391814,-829.1
2020-10-07 02:00:00,-0.4031114925920676,6.329720905522696,-0.06929132321514864,-773.5
2020-10-07 03:00:00,-0.4568058411331313,6.253828811575473,-0.05166873463586885,-753.1
2020-10-07 04:00:00,-0.23932957369183683,6.214608098422191,-0.05033235555964932,-767.5
2020-10-07 05:00:00,0.07218539586670936,6.2324480165505225,-0.0458035170850728,-1211.6
2020-10-07 06:00:00,0.02061177493306232,6.257667587882639,-0.030465558423506067,-1162.9
2020-10-07 07:00:00,0.0021539536508075052,6.278521424165844,-0.021946437684168707,-1606.1
2020-10-07 08:00:00,-0.036025255025781355,6.322565239927284,-0.019643393634855677,-1802.9
2020-10-07 09:00:00,-0.05079351279889632,6.3835066348840055,-0.024718402990879795,-1768.2
2020-10-07 10:00:00,-0.058889385208305445,6.413458957167357,-0.024560434952707766,-1787.8
2020-10-07 11:00:00,-0.035603967354095545,6.473890696352274,-0.0244135705003119,-1830.2
2020-10-07 12:00:00,-0.006032939895805445,6.520621127558696,-0.024301521333783604,-1860.1
2020-10-07 13:00:00,0.047160277837327236,6.5722825426940075,-0.01961535754908894,-1897.1
2020-10-07 14:00:00,0.1095867751723798,6.642486801367256,-0.044849116817190726,-2027.1
2020-10-07 15:00:00,0.09534599786185005,6.683360945766275,-0.04055339618231635,-2051.4
2020-10-07 16:00:00,0.07418589993427105,6.683360945766275,-0.04260561316152067,-1998.0
2020-10-07 17:00:00,0.025712573945784634,6.664409020350408,-0.04903430286158894,-2199.9
2020-10-07 18:00:00,0.0552613805780755,6.678342114654332,-0.03057396329361417,-2355.1
2020-10-07 19:00:00,0.11442968168002343,6.695798917058491,-0.01429283536392667,-2362.8
2020-10-07 20:00:00,0.18415986566070508,6.692083742506628,-0.03189421356819633,-2305.1
2020-10-07 21:00:00,0.21354493587934087,6.656726524178391,-0.04144062119616265,-1948.3
2020-10-07 22:00:00,0.0583966433040759,6.594413459749778,-0.05526712823729252,-1458.8
2020-10-07 23:00:00,-0.04011881480905943,6.520621127558696,-0.054615600568857836,-1326.3
2020-10-08 00:00:00,-0.05693849634242776,6.5337888379333435,-0.04197199856763234,-1079.5
2020-10-08 01:00:00,-0.0012478279589798191,6.411818267709897,-0.03591982218582235,-660.9
2020-10-08 02:00:00,0.09762107367755624,6.320768294250582,-0.054838200765433776,-625.1
2020-10-08 03:00:00,0.014274542855417405,6.249975242259483,-0.03846255633194051,-619.5
2020-10-08 04:00:00,0.22301376591731126,6.184148890937483,-0.042176843992640656,-588.8
2020-10-08 05:00:00,0.1694284674836979,6.102558594613569,-0.049502748790919426,-1404.3
2020-10-08 06:00:00,0.297150722248122,5.993961427306569,-0.05807344399439529,-2279.9
2020-10-08 07:00:00,0.25658352123713835,5.910796644040527,-0.059241910388135643,-2263.0
2020-10-08 08:00:00,0.3230236083068001,5.849324779946859,-0.05873633087776664,-2348.6
2020-10-08 09:00:00,0.25027484824782453,5.755742213586912,-0.0685820546397764,-2289.9
2020-10-08 10:00:00,0.1912103361658919,5.634789603169249,-0.06437273446082159,-2221.4
2020-10-08 11:00:00,0.18352843179331035,5.541263545158426,-0.062374938932478585,-2171.8
2020-10-08 12:00:00,0.18468202341757456,5.4638318050256105,-0.062110379590498255,-2100.0
2020-10-08 13:00:00,0.21098934980699147,5.407171771460119,-0.06576146178198705,-2076.1
2020-10-08 14:00:00,0.2261236648291085,5.429345628954441,-0.07713833370389978,-1995.5
2020-10-08 15:00:00,0.1676668154475589,5.53338948872752,-0.07723691798903509,-1949.4
2020-10-08 16:00:00,0.1932271736294986,5.60947179518496,-0.08134541099756376,-2028.8
2020-10-08 17:00:00,0.1098386266646072,5.717027701406222,-0.0845679193015183,-2101.6
2020-10-08 18:00:00,0.15542022138482814,5.823045895483019,-0.06983582921547704,-2392.4
2020-10-08 19:00:00,0.22176934060627662,5.921578419643816,-0.06177918859047704,-2365.7
2020-10-08 20:00:00,0.1671979948830491,5.973809611869261,-0.06246723252428765,-2173.4
2020-10-08 21:00:00,0.08935579593577936,5.916202062607435,-0.06369775804518696,-1302.7
2020-10-08 22:00:00,-0.3069754770791224,5.872117789475416,-0.06026606419063896,-930.1
2020-10-08 23:00:00,-0.5537811689244005,5.7899601708972535,-0.050674259408541644,-821.9
2020-10-09 00:00:00,-0.15345997777972364,5.634789603169249,-0.04770697797349932,-536.7
2020-10-09 01:00:00,-0.2445324368222317,5.568344503761097,-0.048907061773124205,-294.5
2020-10-09 02:00:00,-0.1685648620083513,5.5093883366279774,-0.06651188285228393,-299.0
2020-10-09 03:00:00,-0.20394109185757747,5.517452896464707,-0.04973898430615975,-291.6
2020-10-09 04:00:00,0.015851448187564898,5.6131281063880705,-0.05978067813148957,-382.6
2020-10-09 05:00:00,-0.19261698454873333,5.68697535633982,-0.06653168139227628,-1046.5
2020-10-09 06:00:00,0.18541204429726443,5.676753802268282,-0.08853230884130436,-1591.2
2020-10-09 07:00:00,0.13752866164863686,5.652489180268651,-0.09536943185437163,-2226.8
2020-10-09 08:00:00,0.05873573789138131,5.598421958998375,-0.09473269217969182,-2297.7
2020-10-09 09:00:00,0.007574926786472869,5.53338948872752,-0.1087931742960544,-2257.0
2020-10-09 10:00:00,0.020579051146445426,5.4680601411351315,-0.11456988986523609,-2204.3
2020-10-09 11:00:00,-0.011406913541731178,5.293304824724492,-0.11287851531087068,-1985.2
2020-10-09 12:00:00,0.017296769593738937,5.017279836814924,-0.10645212766227363,-1813.4
2020-10-09 13:00:00,0.018874699314866294,4.90527477843843,-0.08909850210499481,-1607.3
2020-10-09 14:00:00,0.036776200875441756,5.017279836814924,-0.09732862698525935,-1588.4
2020-10-09 15:00:00,0.06649305943520867,5.075173815233827,-0.11444617386050471,-1568.4
2020-10-09 16:00:00,0.043032304391066756,5.10594547390058,-0.11244336022132106,-1605.3
2020-10-09 17:00:00,-0.01606036793472221,5.1647859739235145,-0.10913329214405731,-1865.8
2020-10-09 18:00:00,0.03671365800624793,5.267858159063328,-0.10652353053046948,-1954.5
2020-10-09 19:00:00,0.13130059599597876,5.327876168789581,-0.09320062669753071,-1879.4
2020-10-09 20:00:00,0.16512199674660932,5.2832037287379885,-0.09459624089769925,-1676.1
2020-10-09 21:00:00,0.2741312129879323,5.313205979041787,-0.08735712219431413,-1517.4
2020-10-09 22:00:00,0.32645664116290307,5.429345628954441,-0.07657756263369286,-1314.0
2020-10-09 23:00:00,0.2980156598172483,5.537334267018537,-0.06928117243047005,-891.8
2020-10-10 00:00:00,0.29007890274536186,5.733341276897746,-0.0683813172597647,-950.1
2020-10-10 01:00:00,0.31021839512482074,5.802118375377063,-0.07023820408777315,-771.0
2020-10-10 02:00:00,0.3627047216023689,5.908082938168931,-0.07952746588699533,-682.9
2020-10-10 03:00:00,0.31195397621879106,5.966146739123692,-0.05969515467476061,-676.4
2020-10-10 04:00:00,0.3379819455959985,5.993961427306569,-0.05437709621596021,-932.3
2020-10-10 05:00:00,0.3408757033740364,5.986452005284438,-0.06929256252455396,-1052.2
2020-10-10 06:00:00,0.3611131672692225,5.902633333401366,-0.08483915651202789,-1425.0
2020-10-10 07:00:00,0.29786459072763005,5.780743515792329,-0.09162940457679003,-1796.2
2020-10-10 08:00:00,0.2392068712401465,5.645446897643238,-0.09983958655947411,-2130.1
2020-10-10 09:00:00,0.260991883485731,5.541263545158426,-0.098359987698875,-2218.3
2020-10-10 10:00:00,0.3257782274521164,5.424950017481403,-0.09585890569262112,-2221.3
2020-10-10 11:00:00,0.3516292550421136,5.220355825078324,-0.08671698369555081,-2231.8
2020-10-10 12:00:00,0.3379070829521358,4.90527477843843,-0.08352466274350423,-2155.5
2020-10-10 13:00:00,0.3328932730785725,4.574710978503383,-0.08926863078562786,-2114.1
2020-10-10 14:00:00,0.3592333254040869,4.330733340286331,-0.080868322145486,-1980.6
2020-10-10 15:00:00,0.2925855699582014,4.189654742026425,-0.09173883384393733,-1766.9
2020-10-10 16:00:00,0.2711454807852456,4.30406509320417,-0.09977072488891636,-2084.5
2020-10-10 17:00:00,0.2230475424278655,4.59511985013459,-0.09733862873725574,-2133.8
2020-10-10 18:00:00,0.4258506290718964,4.795790545596741,-0.08998149229921015,-2629.3
2020-10-10 19:00:00,0.3754269524896783,4.897839799950911,-0.08919049965991022,-2481.3
2020-10-10 20:00:00,0.39064841205169687,4.882801922586371,-0.08600609060414843,-2286.1
2020-10-10 21:00:00,0.43272240170547027,4.74493212836325,-0.08186874445536318,-2029.3
2020-10-10 22:00:00,0.49267939460816157,4.532599493153256,-0.06687678748720849,-1669.4
2020-10-10 23:00:00,0.44557411234034205,4.31748811353631,-0.06181846559216986,-1109.6
2020-10-11 00:00:00,0.48157104369526893,4.343805421853684,-0.05158682773200152,-555.7
2020-10-11 01:00:00,0.5236680857876554,4.1588830833596715,-0.06338201511796981,-558.2
2020-10-11 02:00:00,0.5935831443748216,4.007333185232471,-0.09730124157263198,-540.7
2020-10-11 03:00:00,0.5732417941593728,3.9512437185814275,-0.07525035144598302,-517.9
2020-10-11 04:00:00,0.5598585407774022,3.970291913552122,-0.07634053505765248,-497.7
2020-10-11 05:00:00,0.4775644066744493,4.02535169073515,-0.06803403476475456,-525.1
2020-10-11 06:00:00,0.49579129135802624,4.127134385045092,-0.07935176998752702,-619.0
2020-10-11 07:00:00,0.40133398146157573,4.23410650459726,-0.06901032711037747,-776.7
2020-10-11 08:00:00,0.28095861236916475,4.276666119016055,-0.07557881849100223,-817.5
2020-10-11 09:00:00,0.2876408632105054,4.189654742026425,-0.07655730141000383,-899.2
2020-10-11 10:00:00,0.2997016704152311,4.04305126783455,-0.06808008393207565,-982.1
2020-10-11 11:00:00,0.3097064457487142,4.02535169073515,-0.07002234738713398,-992.5
2020-10-11 12:00:00,0.3724082597108649,4.143134726391533,-0.08189118949607277,-995.9
2020-10-11 13:00:00,0.4189762840797897,4.442651256490317,-0.09109139324079418,-1011.5
2020-10-11 14:00:00,0.4697711430143392,4.762173934797756,-0.07508448859061279,-1041.5
2020-10-11 15:00:00,0.4764953725210832,5.087596335232384,-0.07316372003796712,-1078.9
2020-10-11 16:00:00,0.4311721430421893,5.288267030694535,-0.08028711518207565,-1142.7
2020-10-11 17:00:00,0.3430030325462643,5.293304824724492,-0.07984422976075223,-1294.4
2020-10-11 18:00:00,0.5042755816719651,5.241747015059643,-0.07447262732685189,-1572.1
2020-10-11 19:00:00,0.5634602521468941,5.209486152841421,-0.05636606564810087,-1543.4
2020-10-11 20:00:00,0.5559215633161028,5.093750200806762,-0.05240401985575094,-1403.9
2020-10-11 21:00:00,0.6117720522106569,4.9344739331306915,-0.050661934794414165,-1306.4
2020-10-11 22:00:00,0.653460671985929,4.844187086458591,-0.05245995403180981,-1119.0
2020-10-11 23:00:00,0.6869362291836194,4.787491742782046,-0.05038657230795973,-1043.0
2020-10-12 00:00:00,0.7523789970398389,4.382026634673881,-0.06108680747710249,-736.5
2020-10-12 01:00:00,0.7390979900695265,4.290459441148391,-0.06055030613130352,-714.9
2020-10-12 02:00:00,0.7587233538351539,4.2626798770413155,-0.07586719099418726,-648.2
2020-10-12 03:00:00,0.7686685665035573,4.290459441148391,-0.06493811505577884,-676.5
2020-10-12 04:00:00,0.6705083266013543,4.406719247264253,-0.06341222252232015,-703.4
2020-10-12 05:00:00,0.4401123507632976,4.51085950651685,-0.05678481712525141,-2098.0
2020-10-12 06:00:00,0.6423710401834026,4.477336814478207,-0.05379477646890596,-2447.1
2020-10-12 07:00:00,0.8748106609581923,4.382026634673881,-0.03875091743478887,-2425.9
2020-10-12 08:00:00,0.8758004174442515,4.174387269895637,-0.04690932467851017,-2541.4
2020-10-12 09:00:00,0.8376138699496254,3.9318256327243257,-0.05275344088944767,-2310.5
2020-10-12 10:00:00,0.769218652326841,3.8066624897703196,-0.057485598541362926,-2341.9
2020-10-12 11:00:00,0.7234763603580303,3.784189633918261,-0.055495026938851666,-2336.9
2020-10-12 12:00:00,0.6929873634523038,3.828641396489095,-0.04788225042802985,-2314.8
2020-10-12 13:00:00,0.6761027317985366,3.9512437185814275,-0.04833559591686587,-2313.4
2020-10-12 14:00:00,0.6815993549669179,4.07753744390572,-0.027448339646235276,-2332.2
2020-10-12 15:00:00,0.7044329134419045,4.189654742026425,-0.03884906116237019,-2312.2
2020-10-12 16:00:00,0.6614272358262929,4.394449154672439,-0.03747181911534003,-2322.8
2020-10-12 17:00:00,0.6614450923663018,4.74493212836325,-0.05146982841195502,-2363.5
2020-10-12 18:00:00,0.7246823534034137,5.043425116919247,-0.03589928067642667,-2696.4
2020-10-12 19:00:00,0.7073413816966676,5.198497031265826,-0.030757406553463262,-2714.4
2020-10-12 20:00:00,0.4450839162796787,5.351858133476067,-0.010398367556790689,-2686.2
2020-10-12 21:00:00,0.39964354207070407,5.5134287461649825,-0.01723878331703954,-2461.8
2020-10-12 22:00:00,0.37561373883085336,5.648974238161206,-0.026526161972641127,-2262.3
2020-10-12 23:00:00,0.503178209045748,5.71042701737487,-0.036983624986598684,-1826.7
2020-10-13 00:00:00,0.6962158830155443,5.768320995793772,-0.04128499473183478,-956.7
2020-10-13 01:00:00,0.6873661980227141,5.8522024797744745,-0.037299533761842696,-951.9
2020-10-13 02:00:00,0.7422627319622541,5.966146739123692,-0.05651042329915956,-981.2
2020-10-13 03:00:00,0.6736878363031713,6.042632833682381,-0.04154024620801522,-1026.9
2020-10-13 04:00:00,0.6053915695519372,6.139884552226255,-0.041856827079866044,-1145.5
2020-10-13 05:00:00,0.3145866699486435,6.133398042996649,-0.04267883948600382,-2169.7
2020-10-13 06:00:00,0.4488266850791698,6.1070228877422545,-0.031371732165479393,-2937.2
2020-10-13 07:00:00,1.0286848322996347,6.037870919922137,-0.03215334265370817,-2688.1
2020-10-13 08:00:00,1.1392019466712107,5.924255797414532,-0.027869158054525833,-2610.3
2020-10-13 09:00:00,0.9777751017253831,5.811140992976701,-0.032076965512846556,-2634.4
2020-10-13 10:00:00,0.8489522089438042,5.655991810819852,-0.030018876807983652,-2581.5
2020-10-13 11:00:00,0.8497677007222286,5.488937726156687,-0.030465394973851367,-2215.3
2020-10-13 12:00:00,0.8571095813956386,5.337538079701318,-0.02599284997866569,-2189.5
2020-10-13 13:00:00,0.8686433279943007,5.231108616854587,-0.020292300201519176,-2165.8
2020-10-13 14:00:00,0.7164419660260775,5.204006687076795,-0.04148449461665127,-2175.9
2020-10-13 15:00:00,0.6911753341032312,5.147494476813453,-0.03785861347916342,-2161.7
2020-10-13 16:00:00,0.6176043185215763,5.176149732573829,-0.03685953788461127,-2157.3
2020-10-13 17:00:00,0.5617179753719781,5.313205979041787,-0.0337616140776138,-2333.1
2020-10-13 18:00:00,0.7039613165963479,5.3230099791384085,-0.020914262047027954,-2792.3
2020-10-13 19:00:00,0.7243458263292064,5.214935757608986,-0.014516489029809065,-2773.6
2020-10-13 20:00:00,0.2869038301217657,5.049856007249537,-0.01917605001842837,-2570.8
2020-10-13 21:00:00,0.24734056735932874,4.804021044733257,-0.01591889806313329,-2149.4
2020-10-13 22:00:00,0.2260852064331913,4.553876891600541,-0.01337777017005326,-853.4
2020-10-13 23:00:00,0.25285533937015847,4.382026634673881,-0.010913226981683621,-483.0
2020-10-14 00:00:00,0.3212283649824612,3.9889840465642745,-0.00504866830300621,-297.0
2020-10-14 01:00:00,0.3935293389597927,4.127134385045092,0.0027282956941583336,-294.4
2020-10-14 02:00:00,0.5009391843875854,4.276666119016055,-0.014655887826510394,-300.1
2020-10-14 03:00:00,0.40082200114784206,4.406719247264253,0.0038138349047587283,-304.9
2020-10-14 04:00:00,0.29380180758845187,4.584967478670572,0.005123330569492879,-333.4
2020-10-14 05:00:00,0.1271820716141585,4.7535901911063645,0.00938289848221796,-503.6
2020-10-14 06:00:00,0.07833667032209313,4.919980925828125,0.02803064825810253,-930.5
2020-10-14 07:00:00,0.17228713313382782,5.153291594497779,0.026034854391948414,-2047.7
2020-10-14 08:00:00,0.1983436603756239,5.3471075307174685,0.030367026939805086,-2107.9
2020-10-14 09:00:00,0.0733732023719762,5.4680601411351315,0.025335185225324963,-2039.6
2020-10-14 10:00:00,-0.0984436081198381,5.5093883366279774,0.019736863607932698,-1606.8
2020-10-14 11:00:00,-0.18479545951544507,5.53338948872752,0.012562472799145574,-1002.2
2020-10-14 12:00:00,-0.1892973114239931,5.560681631015528,0.01343880664906294,-777.1
2020-10-14 13:00:00,-0.15615942579640052,5.717027701406222,0.01578656950182733,-714.2
2020-10-14 14:00:00,-0.1563767733247583,5.926926025970411,-0.003952913547689896,-745.4
2020-10-14 15:00:00,-0.17944476750384153,6.144185634125646,0.003937927262818164,-812.4
2020-10-14 16:00:00,-0.17816351084432291,6.368187186350492,0.01013068291942254,-923.8
2020-10-14 17:00:00,-0.2167951043287033,6.54965074223381,0.013813600798075143,-1155.5
2020-10-14 18:00:00,-0.12025412174687977,6.673297967767654,0.022840972625295386,-1659.2
2020-10-14 19:00:00,-0.07558153201934958,6.739336627357174,0.034918647539355696,-1540.6
2020-10-14 20:00:00,-0.06358562408141655,6.74993119378857,0.01724474725632419,-1261.6
2020-10-14 21:00:00,0.01975400281345907,6.710523109452428,0.016188491640473757,-1213.3
2020-10-14 22:00:00,0.09019341738607523,6.661854740545311,0.00833812171727999,-1180.6
2020-10-14 23:00:00,0.20589056124215332,6.63200177739563,0.00431307898766331,-1105.2
2020-10-15 00:00:00,0.22655604154229003,6.754604099487962,0.024142567025404738,-1057.1
2020-10-15 01:00:00,0.23017644184270614,6.75110146893676,0.03257910016784571,-1025.6
2020-10-15 02:00:00,0.27160973793754106,6.70196036600254,0.013871545011811648,-1011.6
2020-10-15 03:00:00,0.19941697599101316,6.618738983517219,0.031024020422999676,-955.7
2020-10-15 04:00:00,0.15280950724406273,6.53813982376767,0.03125986205345921,-901.0
2020-10-15 05:00:00,0.14364255813459836,6.444131256700441,0.0350546392371438,-1101.6
2020-10-15 06:00:00,0.08558274565926993,6.354370040797351,0.05654202487034077,-1044.5
2020-10-15 07:00:00,0.18274201872562212,6.274762021241939,0.0534919105634426,-2274.3
2020-10-15 08:00:00,0.2847401223079866,6.173786103901937,0.05537697588965429,-2469.1
2020-10-15 09:00:00,0.5445759263959742,5.986452005284438,0.050833634440492936,-2435.3
2020-10-15 10:00:00,0.5440981548676604,5.730099782973574,0.05187585252867333,-2345.5
2020-10-15 11:00:00,0.6128252520911026,5.5134287461649825,0.04743249900628577,-2316.3
2020-10-15 12:00:00,0.6428938357160865,5.476463551931511,0.05247529374215354,-2297.3
2020-10-15 13:00:00,0.6325335574032609,5.497168225293202,0.041736303214222836,-2165.9
2020-10-15 14:00:00,0.7008820037023855,5.58724865840025,0.027650590054968838,-2212.9
2020-10-15 15:00:00,0.6820588027592169,5.680172609017068,0.037198834207290865,-2190.5
2020-10-15 16:00:00,0.5661738977359678,5.7899601708972535,0.04233368518394709,-2161.1
2020-10-15 17:00:00,0.4861171136862401,5.908082938168931,0.041142269617989946,-2331.1
2020-10-15 18:00:00,0.19431311942289708,5.993961427306569,0.05191849621802547,-2315.2
2020-10-15 19:00:00,0.23932818165590586,6.07993319509559,0.05426782416373488,-2194.6
2020-10-15 20:00:00,0.3220718813285717,6.171700597410915,0.045432429652215056,-2149.0
2020-10-15 21:00:00,0.3440711431258028,6.248042874508429,0.0471233258585082,-1893.9
2020-10-15 22:00:00,0.3473279813156389,6.300785794663244,0.045793507769685604,-1571.3
2020-10-15 23:00:00,0.3834162477690679,6.315358001522335,0.04389201111840357,-959.5
2020-10-16 00:00:00,0.41880983843171116,6.2422232654551655,0.01996143617299939,-1002.7
2020-10-16 01:00:00,0.4608157397670545,6.220590170099739,0.02573155512640035,-982.3
2020-10-16 02:00:00,0.5502613329692854,6.175867270105761,0.012301266077880513,-971.2
2020-10-16 03:00:00,0.4859266292159945,6.135564891081739,0.026711882771064843,-929.3
2020-10-16 04:00:00,0.4046361741206326,6.1092475827643655,0.020989743340080302,-964.2
2020-10-16 05:00:00,0.3215606790825918,6.077642243349034,0.015005853671054226,-1027.0
2020-10-16 06:00:00,0.24278595215808751,6.056784013228625,0.020600153839070323,-1552.8
2020-10-16 07:00:00,0.3590611036343394,6.073044534100405,0.021467082197981213,-2396.3
2020-10-16 08:00:00,0.5806880411221291,6.075346031088684,0.021069835193949338,-2652.6
2020-10-16 09:00:00,0.886420144556979,6.025865973825314,0.012864414613115827,-2652.1
2020-10-16 10:00:00,0.8144685915467962,5.8888779583328805,0.00458655470176339,-2594.0
2020-10-16 11:00:00,0.7314940681411657,5.673323267171493,0.0014798594641485252,-2551.9
2020-10-16 12:00:00,0.5223708282314385,5.5134287461649825,0.0025485874362702887,-2463.5
2020-10-16 13:00:00,0.42251665286151585,5.5134287461649825,0.010118780564138952,-2352.7
2020-10-16 14:00:00,0.3586451965427293,5.583496308781699,0.00358184746999779,-2332.5
2020-10-16 15:00:00,0.37670450726656,5.69035945432406,-0.011815769102786255,-2267.6
2020-10-16 16:00:00,0.3758736746936151,5.855071922202427,-0.009316180443470934,-2385.7
2020-10-16 17:00:00,0.34775488473128213,6.077642243349034,0.0004289103674688377,-2559.0
2020-10-16 18:00:00,0.38511401592835126,6.255750041753367,-0.004495557828324337,-2678.8
2020-10-16 19:00:00,0.39446839606315276,6.342121418721152,0.007248713409382823,-2565.6
2020-10-16 20:00:00,0.32859482798189665,6.400257445308821,-0.007749242966547776,-2235.4
2020-10-16 21:00:00,0.37226499688844594,6.473890696352274,-0.010617663155259471,-2028.2
2020-10-16 22:00:00,0.41760208575593705,6.52795791762255,-0.007990452970121353,-1900.9
2020-10-16 23:00:00,0.4704002475073552,6.556778356158042,-0.005002021025905634,-1209.6
2020-10-17 00:00:00,0.4309324341876062,6.796823718274855,-0.011400602220816403,-1395.4
2020-10-17 01:00:00,0.4955350870668682,6.823286122355687,-0.013737822754444906,-1305.0
2020-10-17 02:00:00,0.5684219504052077,6.849066282633458,-0.025177623016896078,-1338.1
2020-10-17 03:00:00,0.5283571247887537,6.858565034791365,-0.001345271612483323,-1343.7
2020-10-17 04:00:00,0.491816869184448,6.843749949006225,0.002898269849137769,-1339.6
2020-10-17 05:00:00,0.434140357645298,6.80903930604298,-0.016999767803920207,-1723.9
2020-10-17 06:00:00,0.3649028449454117,6.761572768804055,-0.023358841226108318,-1713.5
2020-10-17 07:00:00,0.213471783619946,6.717804695023691,-0.02676877037474945,-1677.7
2020-10-17 08:00:00,0.07852086762762722,6.654152520183219,-0.03599857028515796,-1632.5
2020-10-17 09:00:00,0.018493472759955054,6.597145701886651,-0.024888710412970028,-1633.1
2020-10-17 10:00:00,0.034072004700610226,6.498282149476434,-0.014451631057288417,-1710.3
2020-10-17 11:00:00,0.04183753386112654,6.385194398997726,-0.01260901154182914,-1534.7
2020-10-17 12:00:00,0.056816534799720486,6.263398262591624,-0.013939666498306913,-1385.7
2020-10-17 13:00:00,0.12470327143142113,6.1675164908883415,-0.01643952203888599,-1330.4
2020-10-17 14:00:00,0.18920299470710278,6.133398042996649,-0.013405367476723384,-1347.4
2020-10-17 15:00:00,0.15451056842190392,6.1675164908883415,-0.01897947956150947,-1352.0
2020-10-17 16:00:00,0.07521513364189669,6.255750041753367,-0.015798739075490786,-1384.7
2020-10-17 17:00:00,-0.07782657680150118,6.345636360828596,-0.0037952338448166145,-1432.6
2020-10-17 18:00:00,-0.053220382876325356,6.408528791059498,-0.007794051340432873,-1490.1
2020-10-17 19:00:00,-0.005748001123728308,6.431331081933479,0.0020355050630112004,-1446.4
2020-10-17 20:00:00,0.10094264984315116,6.419994928147142,-0.0006462416529915416,-1356.2
2020-10-17 21:00:00,0.19725510070242835,6.476972362889683,-0.00490770331923418,-1162.6
2020-10-17 22:00:00,0.25548507213293226,6.656726524178391,0.0026568437803939915,-1077.4
2020-10-17 23:00:00,0.31509615720270956,6.841615476477592,0.00910490842484002,-1118.2
2020-10-18 00:00:00,0.36246182784572234,6.703188113240863,0.01083752771323443,-992.5
2020-10-18 01:00:00,0.3713273612056365,6.892641641172089,0.020301272449438024,-1011.9
2020-10-18 02:00:00,0.41942489822002793,7.00850518208228,-0.007937560956033707,-1097.6
2020-10-18 03:00:00,0.3273501053192267,7.040536390215956,0.01448656552469707,-1146.1
2020-10-18 04:00:00,0.3062406877527799,7.074116816197362,0.0076902137938397175,-1176.3
2020-10-18 05:00:00,0.29677307206126224,7.1098794630722715,0.008729981447083368,-1437.4
2020-10-18 06:00:00,0.27775858494775196,7.1308988302963465,0.00012694460011708486,-1624.7
2020-10-18 07:00:00,0.15278233278555975,7.141245122350491,0.011901636613784738,-1720.8
2020-10-18 08:00:00,0.07693529896327167,7.1459844677143876,-0.000823014750829465,-2005.3
2020-10-18 09:00:00,0.011137901071273326,7.151485463904735,-0.002378819825616496,-2026.7
2020-10-18 10:00:00,-0.015683004585885563,7.155396301896734,0.012111977785498773,-2088.4
2020-10-18 11:00:00,-0.026473007968928375,7.157735484249907,0.012809552098778099,-2070.1
2020-10-18 12:00:00,0.02274293111382697,7.156176637480615,0.014683327151471914,-2069.5
2020-10-18 13:00:00,0.07856186101283757,7.15305163493748,0.006313791200988739,-2077.9
2020-10-18 14:00:00,0.13512739474312463,7.144407180321139,0.01840585449672627,-2078.4
2020-10-18 15:00:00,0.13721039739694119,7.132497551660044,0.004993688634407967,-2136.6
2020-10-18 16:00:00,0.04331583250959259,7.124478262493424,-9.505346450122687e-05,-2091.4
2020-10-18 17:00:00,-0.12224404748867546,7.113142108707088,0.0071671472288779015,-2097.9
2020-10-18 18:00:00,-0.14679839806297945,7.109062135687172,0.01546538809737541,-2006.8
2020-10-18 19:00:00,-0.09436605599879444,7.113142108707088,0.03213931594416941,-1908.7
2020-10-18 20:00:00,-0.0005016518887606125,7.1180162044653335,0.031586927208635984,-1980.3
2020-10-18 21:00:00,0.11802862154873939,7.124478262493424,0.03900548625333222,-1988.8
2020-10-18 22:00:00,0.22524449893850518,7.1308988302963465,0.03580439893931242,-2013.6
2020-10-18 23:00:00,0.4100529956142984,7.1308988302963465,0.039373002907386656,-2063.0
2020-10-19 00:00:00,0.5010645687589328,7.186901020411631,0.0400713422096457,-1692.4
2020-10-19 01:00:00,0.5484361013593531,7.175489713624222,0.039378365644161306,-1331.1
2020-10-19 02:00:00,0.5948532967052214,7.160069207596127,0.03198479537777654,-1317.3
2020-10-19 03:00:00,0.5966052489603468,7.134890851565884,0.04726170425228826,-1289.8
2020-10-19 04:00:00,0.4379686679930246,7.1049654482698426,0.04376095024003046,-1240.2
2020-10-19 05:00:00,0.22215962144762624,7.068172000388042,0.04969866327719874,-1607.0
2020-10-19 06:00:00,0.07649399153439917,7.028201432058005,0.05354677846705869,-1650.6
2020-10-19 07:00:00,-0.08605072777010347,6.99117688712121,0.0566412329421464,-1781.9
2020-10-19 08:00:00,-0.1368694414231335,6.949856455000773,0.06228996728648184,-2092.7
2020-10-19 09:00:00,-0.14539071565800965,6.907755278982137,0.05644585107554434,-2095.1
2020-10-19 10:00:00,-0.1329097657348095,6.848005274576363,0.062403017679373285,-2081.6
2020-10-19 11:00:00,-0.10600311305890875,6.79346613258001,0.05832277552145815,-2126.8
2020-10-19 12:00:00,-0.08138223392310806,6.744059186311348,0.06576958886465878,-2067.5
2020-10-19 13:00:00,-0.056890357308608586,6.692083742506628,0.05973862561255672,-2042.6
2020-10-19 14:00:00,-0.023526533499558244,6.639875833826536,0.08691313687056734,-2042.9
2020-10-19 15:00:00,0.01128573288195911,6.595780513961311,0.07833319346062328,-2196.2
2020-10-19 16:00:00,0.032792463675267225,6.595780513961311,0.06744256671130788,-2322.6
2020-10-19 17:00:00,-0.049440109827197265,6.6039438246004725,0.057388605517107116,-2395.7
2020-10-19 18:00:00,-0.02697560249658615,6.576469569048224,0.07299480756271137,-2432.5
2020-10-19 19:00:00,0.021617064946702236,6.535241271013659,0.07265258095691873,-2436.9
2020-10-19 20:00:00,0.1373653953613343,6.484635235635252,0.11334061185244426,-2431.8
2020-10-19 21:00:00,0.30043886274320863,6.418364935936212,0.10532821993445385,-2434.4
2020-10-19 22:00:00,0.3496084492773974,6.366470447731438,0.10724698092502827,-2186.9
2020-10-19 23:00:00,0.38335532094444114,6.313548046277095,0.11108800876427694,-1568.2
2020-10-20 00:00:00,0.46094994360510233,6.226536669287466,0.12374913206759963,-1587.7
2020-10-20 01:00:00,0.5151773138875093,6.154858094016418,0.12975455090132382,-1341.8
2020-10-20 02:00:00,0.608570269835893,6.045005314036012,0.11103297796160216,-1290.2
2020-10-20 03:00:00,0.5367837592000093,5.908082938168931,0.12852429595840942,-1322.3
2020-10-20 04:00:00,0.44721891353729104,5.765191102784844,0.12118280016463778,-1703.1
2020-10-20 05:00:00,0.42539267474700937,5.616771097666572,0.1134818912692781,-2129.8
2020-10-20 06:00:00,0.48883201969286905,5.459585514144159,0.12423157254580364,-2407.8
2020-10-20 07:00:00,0.6289211059973354,5.313205979041787,0.11449115465469895,-2072.2
2020-10-20 08:00:00,0.5017648718421115,5.170483995038151,0.11154427805367373,-2027.7
2020-10-20 09:00:00,0.2699649018553636,4.9344739331306915,0.10942259676085264,-1965.1
2020-10-20 10:00:00,0.19108983541590163,4.532599493153256,0.11028542795601748,-1902.3
2020-10-20 11:00:00,0.13342852223548318,3.8918202981106265,0.1043050853901688,-1774.2
2020-10-20 12:00:00,0.04885674295002662,3.091042453358316,0.10327318653271522,-1743.5
2020-10-20 13:00:00,0.15780211343393535,2.4849066497880004,0.10119759738619027,-1740.6
2020-10-20 14:00:00,0.10260951965713971,2.302585092994046,0.0827531508164121,-1740.7
2020-10-20 15:00:00,0.1258070806389595,2.3978952727983707,0.08032838097891659,-1724.2
2020-10-20 16:00:00,0.2058579767669957,2.5649493574615367,0.09194371354396491,-1726.8
2020-10-20 17:00:00,0.28152008815585594,2.833213344056216,0.08993509936881772,-1922.7
2020-10-20 18:00:00,0.08223220822698485,2.9444389791664403,0.0984324955855378,-2089.9
2020-10-20 19:00:00,0.038261169992604316,3.091042453358316,0.09154862415584564,-2053.7
2020-10-20 20:00:00,0.1394307121828704,3.2188758248682006,0.08808483271056566,-1800.9
2020-10-20 21:00:00,0.04687792349472408,3.4011973816621555,0.0943880415300189,-1106.0
2020-10-20 22:00:00,0.11662545540763558,3.6109179126442243,0.10546694941661006,-889.4
2020-10-20 23:00:00,0.2636503411570583,3.7612001156935624,0.10708893872926328,-693.4
2020-10-21 00:00:00,0.18687718818851318,3.871201010907891,0.10000692282127943,-235.5
2020-10-21 01:00:00,0.25727514645435257,3.9512437185814275,0.1054322245234216,-235.0
2020-10-21 02:00:00,0.3756775144124642,4.30406509320417,0.08547625977787998,-254.0
2020-10-21 03:00:00,0.28552220491006564,4.709530201312334,0.09986434418950108,-311.7
2020-10-21 04:00:00,0.20304009135177825,5.075173815233827,0.08662505174815305,-420.0
2020-10-21 05:00:00,0.10398141764506086,5.384495062789089,0.06712705743329828,-979.4
2020-10-21 06:00:00,-0.04159391873541729,5.5909869805108565,0.05306432497183522,-1299.7
2020-10-21 07:00:00,0.14829749716486518,5.68697535633982,0.03451666944785714,-1585.5
2020-10-21 08:00:00,0.06997403420853976,5.627621113690637,0.029525630171614026,-1773.3
2020-10-21 09:00:00,0.06986722268510226,5.594711379601839,0.027857254658034236,-1797.8
2020-10-21 10:00:00,0.44772295323150413,5.7745515455444085,0.02735433590532743,-1721.9
2020-10-21 11:00:00,0.1839682817422914,5.971261839790462,0.02459010920318594,-1419.4
2020-10-21 12:00:00,0.3074991475700335,6.1092475827643655,0.02372167360464772,-1313.8
2020-10-21 13:00:00,0.2386389145075687,6.186208623900494,0.025306329842422315,-1354.7
2020-10-21 14:00:00,0.13497502801598493,6.206575926724928,0.014574303653610343,-1146.9
2020-10-21 15:00:00,0.07171439332857288,6.206575926724928,0.009146272369956243,-1141.8
2020-10-21 16:00:00,0.0098887206586169,6.212606095751519,0.01354948966820757,-1989.8
2020-10-21 17:00:00,-0.18401942367696034,6.22455842927536,0.00787382941029069,-2159.7
2020-10-21 18:00:00,-0.04200192484713172,6.19644412779452,0.011875025537371187,-2319.7
2020-10-21 19:00:00,0.04896222410779316,6.115892125483034,0.016210618929488163,-2303.4
2020-10-21 20:00:00,-0.040617228080466194,6.0112671744041615,0.013751293921763441,-1829.4
2020-10-21 21:00:00,-0.09012479295626985,5.924255797414532,0.024156661289650216,-664.3
2020-10-21 22:00:00,-0.038453182685841636,5.8998973535824915,0.04320403861989863,-526.1
2020-10-21 23:00:00,-0.00535595616021034,5.8916442118257715,0.055363860945263355,-429.3
2020-10-22 00:00:00,-0.18384734820645665,5.8916442118257715,0.06559428448838389,-456.2
2020-10-22 01:00:00,-0.1294791302341638,5.926926025970411,0.07039262119738598,-453.7
2020-10-22 02:00:00,-0.1528922329903053,5.945420608606575,0.04988516928307174,-433.8
2020-10-22 03:00:00,-0.16466291595429672,5.958424693029782,0.06308116079918502,-458.2
2020-10-22 04:00:00,-0.18553776439404235,5.950642552587727,0.05899956514261184,-595.5
2020-10-22 05:00:00,-0.10584294448174436,5.910796644040527,0.05169088243951592,-1300.6
2020-10-22 06:00:00,-0.20164632565226137,5.8522024797744745,0.06328741300987151,-1443.8
2020-10-22 07:00:00,-0.2095849519451103,5.820082930352362,0.05018064925978738,-2180.6
2020-10-22 08:00:00,-0.09436634131823762,5.75890177387728,0.05292298692808739,-2212.8
2020-10-22 09:00:00,-0.09734180518542512,5.703782474656201,0.050017640923162965,-2179.8
2020-10-22 10:00:00,-0.28458755203267483,5.62040086571715,0.05269451814950976,-2136.4
2020-10-22 11:00:00,-0.33575837412781384,5.541263545158426,0.051583605008664435,-2102.7
2020-10-22 12:00:00,-0.3652123658582216,5.488937726156687,0.05742171767747983,-2076.7
2020-10-22 13:00:00,-0.34829569560846574,5.484796933490655,0.040900532166826764,-1776.3
2020-10-22 14:00:00,-0.2922404115688906,5.5254529391317835,0.03533964972279069,-1712.8
2020-10-22 15:00:00,-0.31370265567549405,5.58724865840025,0.038036706061922665,-1554.8
2020-10-22 16:00:00,-0.3263627481300806,5.676753802268282,0.046450611542214304,-1634.0
2020-10-22 17:00:00,-0.31200351072488,5.723585101952381,0.04441827582389113,-2180.5
2020-10-22 18:00:00,-0.240747046312908,5.739792912179234,0.0486611643477195,-2187.9
2020-10-22 19:00:00,-0.2852755603198083,5.75890177387728,0.03861031434532869,-2181.9
2020-10-22 20:00:00,-0.237877629286404,5.75890177387728,0.029241193965210854,-1825.4
2020-10-22 21:00:00,-0.19958492992319776,5.786897381366708,0.03675158206172657,-1262.4
2020-10-22 22:00:00,-0.152937024399729,5.857933154483459,0.045793507769685604,-876.1
2020-10-22 23:00:00,-0.12434892984381651,5.940171252720432,0.04760603581477518,-593.8
2020-10-23 00:00:00,-0.13897863058501292,6.054439346269371,0.059219708717071384,-527.2
2020-10-23 01:00:00,-0.11123714383285144,6.192362489474872,0.07756657467555783,-486.1
2020-10-23 02:00:00,-0.04885689794238335,6.293419278846481,0.06874857850121607,-459.1
2020-10-23 03:00:00,-0.04672149241571155,6.371611847231857,0.0811405902700697,-654.0
2020-10-23 04:00:00,-0.11777706481774608,6.418364935936212,0.08121490157372158,-744.6
2020-10-23 05:00:00,-0.08346803364443822,6.4425401664681985,0.07806923071460314,-1377.4
2020-10-23 06:00:00,-0.15659270989367435,6.459904454377535,0.10550970001325588,-1866.9
2020-10-23 07:00:00,-0.15875037143071768,6.486160788944089,0.08978632617545834,-2326.3
2020-10-23 08:00:00,-0.18796240983171053,6.498282149476434,0.08571269145603466,-2324.9
2020-10-23 09:00:00,-0.15266969368368732,6.495265555937008,0.09701495861504394,-2324.0
2020-10-23 10:00:00,-0.07902550886801141,6.431331081933479,0.08020159529035187,-2325.1
2020-10-23 11:00:00,-0.06188568004932593,6.364750756851911,0.06864143823374746,-2318.1
2020-10-23 12:00:00,-0.0068204835072647185,6.35088571671474,0.06104479411787889,-2340.1
2020-10-23 13:00:00,-0.02714503114704936,6.391917113392602,0.05998124244014402,-2358.1
2020-10-23 14:00:00,-0.12239056209637988,6.483107351457199,0.04962578597140421,-2372.5
2020-10-23 15:00:00,-0.16794763856517703,6.616065185132817,0.04787799470569798,-2318.5
2020-10-23 16:00:00,-0.24676617096709164,6.745236349484363,0.04267678163048494,-2279.1
2020-10-23 17:00:00,-0.3657434787022398,6.823286122355687,0.05223665216411888,-2263.6
2020-10-23 18:00:00,-0.34262286419899235,6.852242569051878,0.04245355028257958,-2222.1
2020-10-23 19:00:00,-0.24955032781878383,6.844815479208263,0.043926598640047665,-2191.3
2020-10-23 20:00:00,-0.20347914698729763,6.825460036255307,0.02865069208054294,-2202.8
2020-10-23 21:00:00,-0.06918158044854739,6.803505257608338,0.038040583594286304,-2184.1
2020-10-23 22:00:00,0.030007144989825374,6.785587645007929,0.04368155757419956,-2252.4
2020-10-23 23:00:00,0.16379685070585115,6.782192056006791,0.0387728080277947,-2124.7
2020-10-24 00:00:00,0.13110635448102625,6.858565034791365,0.05953733845980036,-2140.1
2020-10-24 01:00:00,0.1593431849800333,6.885509670034818,0.05315042797534009,-1950.3
2020-10-24 02:00:00,0.2128924433737085,6.890609120147166,0.040758699987506475,-1484.2
2020-10-24 03:00:00,0.1805249263776023,6.879355804460439,0.06142042393730396,-1518.8
2020-10-24 04:00:00,0.14611218702889017,6.851184927493743,0.0598909973329782,-1581.5
2020-10-24 05:00:00,0.11354147018037519,6.807934943699926,0.04591405760664902,-1896.8
2020-10-24 06:00:00,0.06756039172065487,6.771935555839602,0.05012052954494539,-2039.3
2020-10-24 07:00:00,-0.0882031277871369,6.7464121285733745,0.05037117764082577,-2022.7
2020-10-24 08:00:00,-0.17977195603474083,6.706862336602747,0.05140917596726169,-2068.3
2020-10-24 09:00:00,-0.20465007855425466,6.633318433280377,0.06143245603505143,-2001.0
2020-10-24 10:00:00,-0.17108904406316716,6.507277712385012,0.07920428865101048,-1929.7
2020-10-24 11:00:00,-0.17474565007169174,6.354370040797351,0.07668912610586798,-1821.2
2020-10-24 12:00:00,-0.1797874193254665,6.198478716492308,0.07161269698619943,-1745.1
2020-10-24 13:00:00,-0.11764012043129801,6.030685260261263,0.05918565084124339,-1697.4
2020-10-24 14:00:00,-0.05851646265594468,5.916202062607435,0.06455617399298852,-1677.6
2020-10-24 15:00:00,-0.09094927590861213,5.940171252720432,0.06933913741588693,-1694.8
2020-10-24 16:00:00,0.12725130112517613,6.028278520230698,0.06584380200017037,-1761.4
2020-10-24 17:00:00,0.4348449173547735,6.075346031088684,0.09944101123192883,-1984.4
2020-10-24 18:00:00,0.6089761014507262,6.075346031088684,0.07714662530865013,-2262.4
2020-10-24 19:00:00,0.5019142407709265,6.049733455231958,0.08644861029654738,-1799.6
2020-10-24 20:00:00,0.030348333306374542,5.996452088619021,0.07799688566612151,-1761.8
2020-10-24 21:00:00,0.0006317591976143788,5.937536205082426,0.06827391397435623,-1618.7
2020-10-24 22:00:00,0.07041422736425718,5.863631175598097,0.06766828996816088,-1486.0
2020-10-24 23:00:00,0.14524013578531658,5.739792912179234,0.07261831414716546,-665.5
2020-10-25 00:00:00,0.029998915552795324,5.123963979403259,0.10902955389244795,-375.8
2020-10-25 01:00:00,-0.1128148741719519,4.990432586778736,0.11209143417810985,-258.0
2020-10-25 02:00:00,-0.1784121025355927,4.787491742782046,0.08229922510696142,-153.2
2020-10-25 02:00:00,-0.1784121025355927,4.787491742782046,0.08229922510696142,-153.2
2020-10-25 02:00:00,-0.1784121025355927,4.787491742782046,0.08229922510696142,-153.2
2020-10-25 02:00:00,-0.1784121025355927,4.787491742782046,0.08229922510696142,-153.2
2020-10-25 02:00:00,-0.25081591613100995,4.51085950651685,0.08411410763778449,-120.2
2020-10-25 02:00:00,-0.25081591613100995,4.51085950651685,0.08411410763778449,-120.2
2020-10-25 02:00:00,-0.25081591613100995,4.51085950651685,0.08411410763778449,-120.2
2020-10-25 02:00:00,-0.25081591613100995,4.51085950651685,0.08411410763778449,-120.2
2020-10-25 03:00:00,-0.3359069297675097,4.174387269895637,0.1159472712302545,-89.9
2020-10-25 04:00:00,-0.4008395871110899,3.912023005428146,0.12403495745032522,-61.6
2020-10-25 05:00:00,-0.40806295274899584,3.6375861597263857,0.12486963135973728,-42.3
2020-10-25 06:00:00,-0.4375651112635355,3.4011973816621555,0.12027125644218017,-26.2
2020-10-25 07:00:00,-0.5269117300772668,3.4011973816621555,0.11707256084057516,-111.5
2020-10-25 08:00:00,-0.5507632648362515,3.6375861597263857,0.11810270009289159,-133.2
2020-10-25 09:00:00,-0.5807938474860141,3.9889840465642745,0.11754064270777587,-153.8
2020-10-25 10:00:00,-0.618080486045594,4.330733340286331,0.10937528321070555,-160.3
2020-10-25 11:00:00,-0.5873703544547371,4.709530201312334,0.10342778601940061,-220.7
2020-10-25 12:00:00,-0.49254392173970807,5.062595033026967,0.09611357493939554,-275.7
2020-10-25 13:00:00,-0.4176921731730596,5.407171771460119,0.08586642290294222,-412.6
2020-10-25 14:00:00,-0.2515887476399623,5.7430031878094825,0.09212343039329429,-1054.6
2020-10-25 15:00:00,-0.2213441104581011,6.089044875446846,0.1065426015289086,-1275.9
2020-10-25 16:00:00,-0.32057514915551666,6.368187186350492,0.12364392594473372,-1375.7
2020-10-25 17:00:00,-0.5170271511560856,6.583409222158765,0.11121100700195719,-1480.5
2020-10-25 18:00:00,-0.5489627541582265,6.739336627357174,0.08428448253983678,-1534.1
2020-10-25 19:00:00,-0.4972637686017132,6.824373670043086,0.08597906286119716,-1583.3
2020-10-25 20:00:00,-0.41411344456474275,6.890609120147166,0.05922253738072225,-1662.2
2020-10-25 21:00:00,-0.28187389320220957,6.931471805599453,0.06000363309310508,-1739.0
2020-10-25 22:00:00,-0.18047444849073235,6.907755278982137,0.0485782952598548,-1692.4
2020-10-25 23:00:00,-0.10159601230689752,6.839476438228843,0.043139485702863745,-1294.5
2020-10-26 00:00:00,-0.053320169758937386,6.77078942390898,-0.013833922626556472,-1078.3
2020-10-26 01:00:00,-0.0398532024073317,6.704414354964107,-0.025421627582754347,-922.0
2020-10-26 02:00:00,0.051181159166934886,6.625392368007956,-0.04279751089657946,-866.0
2020-10-26 03:00:00,0.08611695021020438,6.501289670540389,-0.017082093878143745,-805.4
2020-10-26 04:00:00,-0.012280042742113029,6.311734809152915,-0.007380970430753919,-1129.6
2020-10-26 05:00:00,-0.14152517869847125,6.091309882077698,0.012276148740535398,-1746.7
2020-10-26 06:00:00,-0.18563643685111897,5.8289456176102075,0.031247398198746446,-1972.4
2020-10-26 07:00:00,-0.14278025616949952,5.568344503761097,0.054179188202370554,-2179.4
2020-10-26 08:00:00,-0.05974703188258834,5.3471075307174685,0.06629157326648905,-2246.7
2020-10-26 09:00:00,-0.14713439526283612,5.111987788356544,0.0786513629880341,-2195.4
2020-10-26 10:00:00,-0.13377819826876358,4.919980925828125,0.0783016037471711,-2179.9
2020-10-26 11:00:00,-0.06332002333942599,4.8283137373023015,0.06886198940962984,-2189.8
2020-10-26 12:00:00,-0.10597894318396239,4.867534450455582,0.07381468454949047,-2183.8
2020-10-26 13:00:00,-0.08597858137201797,4.962844630259907,0.07586800754244027,-2227.7
2020-10-26 14:00:00,-0.057938531097286194,5.135798437050262,0.09893732983736836,-2262.9
2020-10-26 15:00:00,-0.05187518781733047,5.480638923341991,0.11607352144346983,-2273.5
2020-10-26 16:00:00,-0.11920620514832825,5.662960480135946,0.1251809105298145,-2299.7
2020-10-26 17:00:00,0.09769446707914708,5.5909869805108565,0.10614039743734516,-2441.7
2020-10-26 18:00:00,-0.12180970516742473,5.564520407322694,0.08011227533157506,-2404.1
2020-10-26 19:00:00,-0.22784379468488059,5.594711379601839,0.0646332917902992,-2319.9
2020-10-26 20:00:00,-0.36219992734805073,5.60947179518496,0.06383760459710608,-2029.3
2020-10-26 21:00:00,-0.2207273773214835,5.572154032177765,0.059620222208572216,-2011.7
2020-10-26 22:00:00,-0.12731562281291176,5.5093883366279774,0.050685582028185294,-1882.2
2020-10-26 23:00:00,-0.059324445659919345,5.560681631015528,0.043525174515464116,-1595.4
2020-10-27 00:00:00,-0.14603910233779738,5.673323267171493,0.06039614752413058,-665.7
2020-10-27 01:00:00,-0.1487984893721559,5.521460917862246,0.05068036630591788,-576.4
2020-10-27 02:00:00,-0.1080460452648988,5.342334251964811,0.023940064831032615,-482.2
2020-10-27 03:00:00,-0.1499490311822722,5.14166355650266,0.04175661337719916,-491.9
2020-10-27 04:00:00,-0.15772461861500675,4.948759890378168,0.0410663434590246,-616.0
2020-10-27 05:00:00,-0.21731780366849707,4.836281906951478,0.05043393969049248,-1197.0
2020-10-27 06:00:00,-0.311919991607704,4.7535901911063645,0.046890411667380505,-1950.5
2020-10-27 07:00:00,-0.42446408425975646,4.634728988229636,0.043436254404673136,-2028.8
2020-10-27 08:00:00,-0.4537850724827175,4.543294782270004,0.033436181159578915,-2106.3
2020-10-27 09:00:00,-0.5596017091199403,4.574710978503383,0.029122654359209577,-1996.0
2020-10-27 10:00:00,-0.6185546421695731,4.6443908991413725,0.027139537031965588,-1920.1
2020-10-27 11:00:00,-0.6112151840916371,4.672828834461906,0.031590335135491365,-1922.5
2020-10-27 12:00:00,-0.589660470123329,4.624972813284271,0.033154822524029015,-1937.9
2020-10-27 13:00:00,-0.5394609507265171,4.653960350157523,0.04610763106823068,-1948.7
2020-10-27 14:00:00,-0.5102313722161194,4.997212273764115,0.055422257099440486,-1971.9
2020-10-27 15:00:00,-0.48713945179067286,5.356586274672012,0.06895539080664648,-1987.5
2020-10-27 16:00:00,-0.48574097620392553,5.605802066295998,0.0671523599019217,-2134.3
2020-10-27 17:00:00,-0.6025136940085631,5.777652323222656,0.05065149115592238,-2314.9
2020-10-27 18:00:00,-0.5810805656738762,5.924255797414532,0.030555073182451764,-2397.4
2020-10-27 19:00:00,-0.6229941146500528,6.095824562432225,0.019267581442729664,-2401.5
2020-10-27 20:00:00,-0.5013042624653057,6.186208623900494,0.01203468659171314,-1653.2
2020-10-27 21:00:00,-0.42211934731101675,6.259581464064923,0.0067783994911359,-1539.3
2020-10-27 22:00:00,-0.37998006781452887,6.284134161070802,-8.222768880905562e-05,-1031.2
2020-10-27 23:00:00,-0.5209102777931545,6.248042874508429,-0.0059943779100875005,-679.3
2020-10-28 00:00:00,-0.8507567638500777,6.226536669287466,0.011080713626877348,-656.5
2020-10-28 01:00:00,-1.230162931317957,6.2166061010848646,0.0006853940643587464,-661.5
2020-10-28 02:00:00,-1.1159153257015646,6.152732694704104,-0.020809753400889086,-426.7
2020-10-28 03:00:00,-0.8203709896270845,6.040254711277414,0.0038138349047587283,-373.4
2020-10-28 04:00:00,-0.6831135461021378,5.942799375126701,0.007119339216208331,-324.8
2020-10-28 05:00:00,-0.4647219926989008,5.8805329864007,0.022716429351683054,-1118.3
2020-10-28 06:00:00,-0.5332556000914961,5.834810737062605,0.026280866534315273,-1532.2
2020-10-28 07:00:00,-0.6380901386393272,5.7899601708972535,0.027736982462478466,-1897.4
2020-10-28 08:00:00,-0.6898425014509861,5.720311776607412,0.02361594644638565,-2052.5
2020-10-28 09:00:00,-0.7225571273335185,5.680172609017068,0.023650264860405557,-1958.0
2020-10-28 10:00:00,-0.7387150366318358,5.60947179518496,0.022282473807366365,-1904.8
2020-10-28 11:00:00,-0.7276604370260524,5.572154032177765,0.02800017218372819,-1856.3
2020-10-28 12:00:00,-0.7252509930299964,5.60947179518496,0.030518641148534087,-1747.4
2020-10-28 13:00:00,-0.6752715722677931,5.676753802268282,0.04492316358848214,-1765.0
2020-10-28 14:00:00,-0.6419420356094188,5.808142489980444,0.05567597933916257,-1808.4
2020-10-28 15:00:00,-0.6621038269623001,5.996452088619021,0.06635278510123488,-1835.5
2020-10-28 16:00:00,-0.6247710282669954,6.126869184114185,0.06347666362471482,-2106.1
2020-10-28 17:00:00,-0.6999492694987022,6.202535517187923,0.042172465358143896,-2184.0
2020-10-28 18:00:00,-0.6611508605810559,6.186208623900494,0.01610694044395089,-2155.4
2020-10-28 19:00:00,-0.6412153922803356,6.142037405587356,0.017068619840125088,-1936.4
2020-10-28 20:00:00,-0.5901792741736371,6.0473721790462776,0.0023125418333389547,-1581.1
2020-10-28 21:00:00,-0.5030765670493547,5.948034989180646,-0.002654596161006495,-1456.1
2020-10-28 22:00:00,-0.47228289112434574,5.91350300563827,-0.014325737859931742,-1110.1
2020-10-28 23:00:00,-0.4435451862273756,5.916202062607435,-0.023220617067361005,-457.6
2020-10-29 00:00:00,-0.5028168888995372,5.69035945432406,-0.014999409070240333,-575.4
2020-10-29 01:00:00,-0.5652495878376569,5.926926025970411,-0.01290625422627123,-662.9
2020-10-29 02:00:00,-0.4508369973872135,6.161207321695077,-0.029679641129279233,-556.4
2020-10-29 03:00:00,-0.6001345616576561,6.230481447578482,-0.01132101553435838,-544.1
2020-10-29 04:00:00,-0.3506967791796578,6.173786103901937,-0.003277364378902803,-738.6
2020-10-29 05:00:00,-0.34315983601117983,6.131226489483141,0.015289289904100833,-1624.9
2020-10-29 06:00:00,-0.43297546155291045,6.104793232414985,0.01243630302041776,-1857.9
2020-10-29 07:00:00,-0.5817259843216829,6.1092475827643655,0.012153253670547315,-2044.7
2020-10-29 08:00:00,-0.6484374807425533,6.12029741895095,0.014520939395642252,-2215.1
2020-10-29 09:00:00,-0.6606035359888538,6.1070228877422545,0.01766309750200712,-2173.9
2020-10-29 10:00:00,-0.6724051433272606,6.037870919922137,0.015174485678245198,-2070.8
2020-10-29 11:00:00,-0.6472660249916644,5.953243334287785,0.0170247508215704,-2063.1
2020-10-29 12:00:00,-0.6291014943717816,5.846438775057725,0.019713018749084377,-1993.0
2020-10-29 13:00:00,-0.5929360168016782,5.780743515792329,0.012920750174914453,-1949.4
2020-10-29 14:00:00,-0.4799314221411701,5.768320995793772,0.03192958674224844,-2120.8
2020-10-29 15:00:00,-0.4900245473929439,5.799092654460526,0.057116505096901804,-2116.0
2020-10-29 16:00:00,-0.34831557276854763,5.860786223465865,0.06355897179922909,-2282.8
2020-10-29 17:00:00,-0.447748763009423,5.924255797414532,0.04523560320899023,-2300.6
2020-10-29 18:00:00,-0.5089735649894878,5.929589143389895,0.02639220287907662,-2290.7
2020-10-29 19:00:00,-0.5102242916007236,5.886104031450156,0.019322504673924712,-2159.5
2020-10-29 20:00:00,-0.47100071748775063,5.808142489980444,0.011035229468638441,-1921.5
2020-10-29 21:00:00,-0.37312900089592915,5.780743515792329,0.019222649455964635,-1799.1
2020-10-29 22:00:00,-0.29681517083896436,5.7899601708972535,0.019392338493732453,-1614.6
2020-10-29 23:00:00,-0.1704688654573694,5.84354441703136,0.0030700165981487615,-1422.2
2020-10-30 00:00:00,-0.21616333890530504,6.030685260261263,0.04503507372511528,-801.0
2020-10-30 01:00:00,-0.17787152366051018,6.206575926724928,0.04331013277015128,-600.0
2020-10-30 02:00:00,-0.1724258706658106,6.282266746896006,0.025015373773502603,-638.3
2020-10-30 03:00:00,-0.4938082752146955,6.261491684321042,0.05286349417320846,-591.6
2020-10-30 04:00:00,-0.43409632340764803,6.18826412308259,0.059053329770868856,-617.6
2020-10-30 05:00:00,-0.254337096706605,6.131226489483141,0.07629618060471799,-1291.8
2020-10-30 06:00:00,-0.31754234026063033,6.126869184114185,0.06976259573198007,-2191.9
2020-10-30 07:00:00,-0.17119866495728564,6.115892125483034,0.06913428162278912,-2378.9
2020-10-30 08:00:00,-0.2017164801044844,5.988961416889864,0.08257789265066329,-2385.4
2020-10-30 09:00:00,-0.09482534155128741,5.730099782973574,0.07289865955517616,-2328.4
2020-10-30 10:00:00,0.02209477709029084,5.3706380281276624,0.06362008628595639,-2264.8
2020-10-30 11:00:00,0.22631817691729372,4.9344739331306915,0.06864143823374746,-2232.5
2020-10-30 12:00:00,0.05533622114676229,4.532599493153256,0.07474916014999167,-2154.3
2020-10-30 13:00:00,-0.02275328056607062,4.356708826689592,0.09799633344161762,-2125.5
2020-10-30 14:00:00,-0.13335777072662758,4.465908118654584,0.10868054875271937,-2063.0
2020-10-30 15:00:00,-0.2213303258126813,4.574710978503383,0.12050663288153718,-2033.4
2020-10-30 16:00:00,-0.08058165157610997,4.48863636973214,0.13162426764698143,-2061.7
2020-10-30 17:00:00,0.39582530797636517,4.23410650459726,0.11992574250158672,-2212.5
2020-10-30 18:00:00,0.03472122857645177,4.02535169073515,0.08807971110935497,-2079.1
2020-10-30 19:00:00,-0.371385680680115,3.912023005428146,0.09614074194788547,-1946.3
2020-10-30 20:00:00,-0.3960510196374196,3.9889840465642745,0.09525769144732887,-1689.4
2020-10-30 21:00:00,-0.3647021012339491,4.204692619390966,0.09778531094128162,-1101.5
2020-10-30 22:00:00,-0.3202915818096308,4.442651256490317,0.09195771505022776,-788.7
2020-10-30 23:00:00,-0.20006417270630505,4.762173934797756,0.10103919675379469,-579.9
2020-10-31 00:00:00,-0.10444183424322206,5.455321115357702,0.1207954740318895,-7.3
2020-10-31 01:00:00,-0.07417669025877638,5.726847747587197,0.12233256601183218,-18.9
2020-10-31 02:00:00,-0.03213695082493473,5.8888779583328805,0.10370495403054747,-76.9
2020-10-31 03:00:00,-0.0722044654447096,6.013715156042802,0.11703875973739386,-132.4
2020-10-31 04:00:00,-0.09089459215831264,6.1463292576688975,0.1005040878201573,-183.9
2020-10-31 05:00:00,-0.11398677254718592,6.270988431858299,0.09102834480738231,-288.2
2020-10-31 06:00:00,-0.16181932041194003,6.364750756851911,0.0817386167062848,-360.3
2020-10-31 07:00:00,-0.3035145465056184,6.3784261836515865,0.06489054840854447,-688.7
2020-10-31 08:00:00,-0.42908360334639184,6.324358962381311,0.06403660993797011,-1402.4
2020-10-31 09:00:00,-0.3901808678680334,6.22455842927536,0.06717531027610679,-1829.0
2020-10-31 10:00:00,-0.3385794610268342,6.089044875446846,0.07330918935579245,-2122.1
2020-10-31 11:00:00,-0.29236461542544134,5.932245187448011,0.07655635744151379,-2144.7
2020-10-31 12:00:00,-0.31911300475553483,5.752572638825633,0.0773512603117652,-1838.3
2020-10-31 13:00:00,-0.27210204463839105,5.564520407322694,0.08023492636497398,-1568.4
2020-10-31 14:00:00,-0.2294964606139347,5.332718793265369,0.08653272819539293,-1297.7
2020-10-31 15:00:00,-0.2621655039334643,5.1647859739235145,0.10183514991100218,-1280.0
2020-10-31 16:00:00,-0.2955235988134959,5.0106352940962555,0.1077450154159818,-1682.0
2020-10-31 17:00:00,-0.4416462262390266,4.7535901911063645,0.0940693722757926,-1771.6
2020-10-31 18:00:00,-0.497455780240065,4.442651256490317,0.05734652039835275,-1210.5
2020-10-31 19:00:00,-0.5363157399832965,4.07753744390572,0.06231799989756848,98.1
2020-10-31 20:00:00,-0.546981548694204,3.8066624897703196,0.05987885274454108,126.3
2020-10-31 21:00:00,-0.5641749188295297,3.6375861597263857,0.05480218015727889,136.3
2020-10-31 22:00:00,-0.6326359201409801,3.5553480614894135,0.06525071069565502,184.3
2020-10-31 23:00:00,-0.7478192149085701,3.713572066704308,0.061708592039146914,270.4
2020-11-01 00:00:00,0.19132840663976802,4.7535901911063645,-0.0037282975220200854,115.8
2020-11-01 01:00:00,0.21677229609927662,5.017279836814924,0.0009585670877685359,226.4
2020-11-01 02:00:00,0.14832207944653253,5.236441962829949,-0.01579544848946579,171.1
2020-11-01 03:00:00,0.2956903276119516,5.488937726156687,-0.00909832906579311,127.9
2020-11-01 04:00:00,0.2771746123093648,5.730099782973574,-0.017660716679595012,63.1
2020-11-01 05:00:00,0.2951711140156723,5.926926025970411,-0.02130407123763778,5.8
2020-11-01 06:00:00,0.345108968271737,6.137727054086234,-0.0369117152496683,-108.6
2020-11-01 07:00:00,0.2896484485724353,6.369900982828227,-0.054059644233560356,-408.8
2020-11-01 08:00:00,0.3892675217265924,6.516193076042964,-0.06253468835588993,-517.0
2020-11-01 09:00:00,0.40676161977396674,6.555356891810665,-0.06787504910011144,-565.2
2020-11-01 10:00:00,0.4853811359814513,6.598509028614515,-0.06815927901883789,-500.6
2020-11-01 11:00:00,0.43905564524395846,6.7226297948554485,-0.06755114294202524,-563.9
2020-11-01 12:00:00,0.37677190943006744,6.841615476477592,-0.07647267870790309,-728.4
2020-11-01 13:00:00,0.351954986395552,6.923628628138427,-0.09291217243429628,-810.9
2020-11-01 14:00:00,0.3259365769180418,6.98100574072173,-0.08636615192648378,-830.3
2020-11-01 15:00:00,0.3551567555182311,7.027314514039777,-0.09620063282330893,-888.1
2020-11-01 16:00:00,0.3921723136133468,7.060476365999801,-0.08746335243640235,-1048.1
2020-11-01 17:00:00,0.42308882333562803,7.072421900537371,-0.08872294206398301,-1086.7
2020-11-01 18:00:00,0.36636512735416904,7.081708586105575,-0.07983083861096585,-1115.1
2020-11-01 19:00:00,0.2724121130027144,7.0967213784947605,-0.061133551588688384,-1012.8
2020-11-01 20:00:00,0.0222384004234657,7.110696122978827,-0.07580362540746144,-959.3
2020-11-01 21:00:00,-0.13574895904503026,7.112327444710911,-0.06246923250817016,-919.9
2020-11-01 22:00:00,-0.3501280532795743,7.1204443723924875,-0.046132677920391885,-945.0
2020-11-01 23:00:00,-0.5178807573961646,7.136483208590247,-0.0494524435881738,-973.8
2020-11-02 00:00:00,-0.9749227843349472,7.1569563646156364,-0.09436059397681262,-1070.3
2020-11-02 01:00:00,-1.0059775838987672,7.156176637480615,-0.1006555638925688,-1091.1
2020-11-02 02:00:00,-1.3797633431233947,7.146772179452637,-0.08854046250378733,-1096.2
2020-11-02 03:00:00,-1.3797633431233947,7.05444965813294,-0.07456579613772174,-989.4
2020-11-02 04:00:00,-1.3797633431233947,7.138073034044347,-0.08204675368583292,-1059.4
2020-11-02 05:00:00,-1.2140334976264526,7.147559271189454,-0.09004022844289317,-1091.6
2020-11-02 06:00:00,-0.49853974228880227,7.150701457592526,-0.08896333275974211,-1077.0
2020-11-02 07:00:00,-0.14617286468184276,7.158513997329321,-0.08397044684752863,-1414.8
2020-11-02 08:00:00,-0.10337321178907977,7.161622002939187,-0.08182175666968305,-1545.4
2020-11-02 09:00:00,-0.1382368332604742,7.16703787691222,-0.09266396429737433,-1520.1
2020-11-02 10:00:00,-0.1419221053043953,7.170119543449628,-0.0841972710363228,-1496.9
2020-11-02 11:00:00,-0.1697308525093295,7.168579897264035,-0.10019831460247985,-1469.2
2020-11-02 12:00:00,-0.19117742128012005,7.166265974133638,-0.10260597296457252,-1395.5
2020-11-02 13:00:00,-0.18313466583832727,7.160845906664299,-0.11753824245642619,-1397.9
2020-11-02 14:00:00,-0.19692030554736295,7.149916836132109,-0.10404661558386152,-1409.8
2020-11-02 15:00:00,-0.15464598551361552,7.1308988302963465,-0.11055589187862491,-1452.6
2020-11-02 16:00:00,0.029222157400773163,7.077498053569231,-0.10521284663908403,-1634.4
2020-11-02 17:00:00,0.17602545533951908,6.9874902470009905,-0.10959740545948371,-1913.2
2020-11-02 18:00:00,0.18608658563672087,6.86171134048073,-0.10666043462844144,-1813.8
2020-11-02 19:00:00,0.060360343196487865,6.721425700790643,-0.10839741733186958,-1421.7
2020-11-02 20:00:00,-0.09196960865025461,6.637258031284457,-0.12505011234977026,-1067.0
2020-11-02 21:00:00,-0.12626249921172206,6.558197802812269,-0.1253229114662151,-868.9
2020-11-02 22:00:00,-0.35078847313035144,6.507277712385012,-0.12148452649286234,-492.2
2020-11-02 23:00:00,-0.6258577065154349,6.542471960506805,-0.1176954758000992,-518.0
2020-11-03 00:00:00,-1.1894366513657717,6.970730078143525,-0.17071592840668437,-953.0
2020-11-03 01:00:00,-1.1128417046597665,6.974478911025045,-0.15684109542360947,-917.2
2020-11-03 02:00:00,-1.0451354827077233,6.98933526597456,-0.14600228377045976,-943.4
2020-11-03 03:00:00,-0.7716824393812256,6.9975959829819265,-0.13997593952774956,-968.2
2020-11-03 04:00:00,-0.6745018370182689,6.9957661563048505,-0.13741228448995546,-1066.1
2020-11-03 05:00:00,-0.47754968737497094,6.988413181999592,-0.120933478408487,-1047.8
2020-11-03 06:00:00,-0.037212456319545284,6.975413927455952,-0.11472782676904814,-1056.0
2020-11-03 07:00:00,0.10780835611703843,6.96979066990159,-0.11970642280588262,-1231.3
2020-11-03 08:00:00,0.05832968740121691,6.97354301952014,-0.11262689691691463,-1269.8
2020-11-03 09:00:00,0.0386224591110369,6.9584483932976555,-0.11218974908276014,-1203.9
2020-11-03 10:00:00,0.08054391462782506,6.90875477931522,-0.11654693139954908,-1153.0
2020-11-03 11:00:00,0.11666442731150406,6.846943139585379,-0.12162401101694886,-1112.1
2020-11-03 12:00:00,0.08294721515203518,6.782192056006791,-0.11625319971009596,-1053.1
2020-11-03 13:00:00,0.10530960261573341,6.733401891837359,-0.12047908655093131,-1055.0
2020-11-03 14:00:00,0.15739846755393616,6.725033642166843,-0.11810772922151802,-1207.2
2020-11-03 15:00:00,0.26208751798688557,6.744059186311348,-0.09453012693246166,-1782.0
2020-11-03 16:00:00,0.25081699102230015,6.748759547491679,-0.08057468755973574,-1792.7
2020-11-03 17:00:00,0.2154267646356849,6.740519359606223,-0.08811821824745536,-1702.2
2020-11-03 18:00:00,0.2958925527412104,6.732210706467206,-0.0857009366027146,-1901.8
2020-11-03 19:00:00,0.19954956858876205,6.74993119378857,-0.0850673265619637,-1552.6
2020-11-03 20:00:00,0.22224548606758487,6.79346613258001,-0.09634863162503127,-1228.2
2020-11-03 21:00:00,0.19920554093873433,6.836259277277067,-0.0978333084789238,-1102.3
2020-11-03 22:00:00,0.07685536969010043,6.8658910748834385,-0.09746755199682244,-948.3
2020-11-03 23:00:00,-0.13001852182231066,6.884486652042782,-0.10646433167997138,-857.6
2020-11-04 00:00:00,-0.3913933053354661,6.928537818164665,-0.09890455837369938,-850.8
2020-11-04 01:00:00,-0.5482476906462943,6.914730892718563,-0.0868943780677558,-806.1
2020-11-04 02:00:00,-0.4848500654149459,6.905753276311464,-0.07495912074022826,-755.0
2020-11-04 03:00:00,-0.38413408812383554,6.899723107284872,-0.070157431093536,-760.8
2020-11-04 04:00:00,-0.5600394978115066,6.917705609835305,-0.07356462534525576,-806.4
2020-11-04 05:00:00,-0.5466432609504219,6.933423025730715,-0.06207523118834857,-878.0
2020-11-04 06:00:00,-0.19433083162664966,6.925595197110468,-0.05923030694408826,-1326.0
2020-11-04 07:00:00,-0.2375884498055083,6.874198495453294,-0.06583331839960405,-1567.4
2020-11-04 08:00:00,-0.24419596249361164,6.822197390620491,-0.05592980272011161,-1557.7
2020-11-04 09:00:00,-0.22642500227860052,6.779921907472252,-0.05245188341270968,-1541.4
2020-11-04 10:00:00,-0.1620942185398757,6.736966958001855,-0.05893219503310654,-1526.7
2020-11-04 11:00:00,-0.21730791140756311,6.739336627357174,-0.06220481540785627,-1413.7
2020-11-04 12:00:00,-0.26145537030547206,6.739336627357174,-0.06403007364792668,-1328.1
2020-11-04 13:00:00,-0.2408163864805668,6.75110146893676,-0.07014051997892778,-1352.2
2020-11-04 14:00:00,-0.2360718365076273,6.778784897685177,-0.06748904202419048,-1422.0
2020-11-04 15:00:00,-0.2724923658452827,6.831953565565855,-0.04561904944091655,-1524.0
2020-11-04 16:00:00,-0.27950416350996776,6.872128101338986,-0.029689213433382378,-1502.8
2020-11-04 17:00:00,-0.2655765594045221,6.899723107284872,-0.04062017742931712,-1419.1
2020-11-04 18:00:00,-0.23964808900967793,6.9167150203536085,-0.041274786105157446,-1370.4
2020-11-04 19:00:00,-0.21964117009391515,6.937314081223682,-0.031512854484952335,-1398.9
2020-11-04 20:00:00,-0.20047852816767064,6.967909201801884,-0.05116409139957501,-1381.2
2020-11-04 21:00:00,-0.21200785128596444,7.009408932708637,-0.05403803145246222,-1277.0
2020-11-04 22:00:00,-0.35963863157115017,7.036148493750536,-0.05878033201899502,-1058.1
2020-11-04 23:00:00,-0.6477452680516647,7.060476365999801,-0.07221698684621813,-930.0
2020-11-05 00:00:00,-0.5488958447050267,7.071573364211532,-0.08832069669922582,-1469.1
2020-11-05 01:00:00,-0.5822934146319463,7.083387847625295,-0.08092738234684482,-1322.9
2020-11-05 02:00:00,-0.6986351288451853,7.088408778675395,-0.07456798210327875,-1257.9
2020-11-05 03:00:00,-0.5996785413378689,7.107425474110705,-0.07098638489373332,-1264.9
2020-11-05 04:00:00,-0.7503696329306561,7.152268856032539,-0.0759582982299456,-1310.2
2020-11-05 05:00:00,-0.7129396156951224,7.182352111885263,-0.06190227206738452,-1443.6
2020-11-05 06:00:00,-0.5575819470065522,7.194436851100335,-0.05457755706063061,-1714.7
2020-11-05 07:00:00,-0.5021238281799048,7.193685818395112,-0.05668511277870536,-1964.4
2020-11-05 08:00:00,-0.5592294084103486,7.198183577101943,-0.048176456920308475,-1933.7
2020-11-05 09:00:00,-0.5906686273664428,7.229113877793302,-0.04927613784958762,-1937.5
2020-11-05 10:00:00,-0.5502633539289428,7.233455418621439,-0.06180252518176932,-1956.3
2020-11-05 11:00:00,-0.5979024474866452,7.2399325913204695,-0.07061501410206183,-1903.1
2020-11-05 12:00:00,-0.6753773157831484,7.247792581767846,-0.08606690363996261,-1819.2
2020-11-05 13:00:00,-0.7026644497132539,7.252053951852814,-0.09794611482537086,-1767.7
2020-11-05 14:00:00,-0.6307776960135649,7.257002707092073,-0.0785500201009981,-1822.5
2020-11-05 15:00:00,-0.6263461840191094,7.261225091971921,-0.042670399700226014,-1895.8
2020-11-05 16:00:00,-0.6245201998212824,7.259116128097101,-0.038441362789584765,-1867.2
2020-11-05 17:00:00,-0.6384662582534535,7.266128779556451,-0.04813859042435453,-1837.8
2020-11-05 18:00:00,-0.6437011236952896,7.2682230211595655,-0.05763448944345395,-1836.7
2020-11-05 19:00:00,-0.5587000282020795,7.2682230211595655,-0.059785864237149156,-1920.7
2020-11-05 20:00:00,-0.5491107895034535,7.267525427828172,-0.07487830269247286,-1831.5
2020-11-05 21:00:00,-0.5873389676735177,7.264730177929867,-0.07773330879221074,-1686.9
2020-11-05 22:00:00,-0.6930171932255249,7.260522598089852,-0.09079417955260638,-1603.6
2020-11-05 23:00:00,-0.7612567543371451,7.247792581767846,-0.11108542294540236,-1358.0
2020-11-06 00:00:00,-0.7803212686661154,7.166265974133638,-0.11685724808514664,-1318.5
2020-11-06 01:00:00,-0.7317809548357175,7.147559271189454,-0.12946299042087972,-1268.2
2020-11-06 02:00:00,-0.6773209825199632,7.102499355774649,-0.1258335623463145,-1211.9
2020-11-06 03:00:00,-0.4567391051487075,7.009408932708637,-0.11727184561337634,-1152.3
2020-11-06 04:00:00,-0.5016511635466849,6.829793737512425,-0.10641073669318146,-1120.8
2020-11-06 05:00:00,-0.34507428515062033,6.590301048196686,-0.08703640386620126,-1624.2
2020-11-06 06:00:00,-0.33778666997677975,6.546785410760524,-0.06570010854438557,-1631.3
2020-11-06 07:00:00,-0.41653925876364717,6.683360945766275,-0.06027668340934511,-1706.4
2020-11-06 08:00:00,-0.4855020592803012,6.81783057145415,-0.057679576799378296,-1767.6
2020-11-06 09:00:00,-0.5375618478310487,6.918695219020472,-0.06496183700383718,-1821.1
2020-11-06 10:00:00,-0.49986394639369536,7.00033446027523,-0.07242044221473787,-1915.3
2020-11-06 11:00:00,-0.5375180622081008,7.05617528410041,-0.08274109871069868,-1965.5
2020-11-06 12:00:00,-0.5912986783285321,7.074963197966044,-0.08860741842310471,-1943.0
2020-11-06 13:00:00,-0.6006054816940272,7.109062135687172,-0.08782029617549991,-1977.2
2020-11-06 14:00:00,-0.6484402039940222,7.141245122350491,-0.08957805791107187,-1980.3
2020-11-06 15:00:00,-0.6364604590035463,7.149131598557407,-0.08470499315682734,-1987.5
2020-11-06 16:00:00,-0.629992251694893,7.165493475060845,-0.09055771317005057,-2025.3
2020-11-06 17:00:00,-0.6247206188815522,7.186901020411631,-0.09145798172473807,-2032.1
2020-11-06 18:00:00,-0.662838831714945,7.179307969504034,-0.10576016607375394,-1960.3
2020-11-06 19:00:00,-0.5935091390056562,7.147559271189454,-0.0888000662260513,-1942.2
2020-11-06 20:00:00,-0.5990205272051805,7.095064377287131,-0.09951734211536234,-1904.3
2020-11-06 21:00:00,-0.5538391932610593,7.036148493750536,-0.11034003403726533,-1847.4
2020-11-06 22:00:00,-0.34877738625117893,6.983789965258135,-0.11517431256460942,-1989.2
2020-11-06 23:00:00,-0.256088809478217,6.96979066990159,-0.12950184283026456,-2000.9
2020-11-07 00:00:00,-0.3181155166353289,6.961296045910167,-0.1417026048887502,-2088.0
2020-11-07 01:00:00,-0.2684116635921896,6.976348070447749,-0.1465491464252251,-2058.6
2020-11-07 02:00:00,-0.3007487487661509,7.040536390215956,-0.14858285620074785,-2025.2
2020-11-07 03:00:00,-0.1756518136130938,7.0967213784947605,-0.1573136875813015,-1976.0
2020-11-07 04:00:00,-0.3181186179616171,7.123672785204607,-0.16089830188936016,-1901.0
2020-11-07 05:00:00,-0.3822859435183046,7.1459844677143876,-0.1668105005226206,-1956.9
2020-11-07 06:00:00,-0.45574441772085383,7.163946684342547,-0.15578785325085764,-1711.1
2020-11-07 07:00:00,-0.5261229332695945,7.173958319756794,-0.15062589762097733,-1733.0
2020-11-07 08:00:00,-0.5572827839709198,7.174724309836376,-0.13535622045555673,-1926.4
2020-11-07 09:00:00,-0.4560156874455781,7.170119543449628,-0.1243137031592827,-2281.2
2020-11-07 10:00:00,-0.31320999566681196,7.160845906664299,-0.12229751579112769,-2508.1
2020-11-07 11:00:00,-0.20565045644386837,7.149131598557407,-0.11486597777910479,-2547.8
2020-11-07 12:00:00,-0.21102292743784945,7.142827401161621,-0.11807083122081519,-2549.5
2020-11-07 13:00:00,-0.11229902690219973,7.118826249062078,-0.12657365790907793,-2541.0
2020-11-07 14:00:00,-0.04005107083585169,7.071573364211532,-0.11242650658833409,-2498.9
2020-11-07 15:00:00,-0.03134286134290054,7.030857476116121,-0.08249051275344144,-2448.5
2020-11-07 16:00:00,-0.008609832963578867,7.00850518208228,-0.07342472233978281,-2436.5
2020-11-07 17:00:00,-0.011894093048188115,6.9957661563048505,-0.07113997066252153,-2463.3
2020-11-07 18:00:00,0.018821376558219027,6.975413927455952,-0.07678372564406644,-2473.6
2020-11-07 19:00:00,0.012569848634438552,6.956545443151569,-0.06583736260815076,-2470.0
2020-11-07 20:00:00,-0.02499520509290054,6.9440872082295275,-0.07147043097002204,-2458.2
2020-11-07 21:00:00,-0.030229609800242585,6.926577033222725,-0.08129467528071377,-2466.5
2020-11-07 22:00:00,0.061572346907661,6.913737350659685,-0.08135273462128101,-2479.4
2020-11-07 23:00:00,0.11155327834634465,6.911747300251674,-0.08398593158815881,-2472.9
2020-11-08 00:00:00,0.1224487277501416,6.954638864880987,-0.0704519295649284,-2464.9
2020-11-08 01:00:00,0.16740056750519527,6.934397209928558,-0.05394207437868026,-2406.8
2020-11-08 02:00:00,0.2128606005841036,6.907755278982137,-0.06123584188723896,-2385.0
2020-11-08 03:00:00,0.37573303528548774,6.878326468291325,-0.060541014684356576,-2368.9
2020-11-08 04:00:00,0.3418229692425321,6.851184927493743,-0.06999824178782532,-2373.0
2020-11-08 05:00:00,0.36154618296054486,6.846943139585379,-0.07443100094827138,-2395.8
2020-11-08 06:00:00,0.3639774525761199,6.842683282238422,-0.080728247951809,-2363.9
2020-11-08 07:00:00,0.31225679660002803,6.815639990074331,-0.07940121619403939,-2340.1
2020-11-08 08:00:00,0.3613114444600023,6.77078942390898,-0.06620778706775088,-2314.8
2020-11-08 09:00:00,0.32357829567173235,6.70196036600254,-0.07057897143251246,-2284.6
2020-11-08 10:00:00,0.361465913322506,6.608000625296087,-0.06458784665124107,-2198.5
2020-11-08 11:00:00,0.3454461461216507,6.523562306149512,-0.054211683248097664,-2146.9
2020-11-08 12:00:00,0.36289885456182036,6.490723534502507,-0.06927840307387623,-2128.4
2020-11-08 13:00:00,0.3839672042026887,6.516193076042964,-0.08036720504622075,-2152.8
2020-11-08 14:00:00,0.39392391790297454,6.577861357721047,-0.06407365498915407,-2175.2
2020-11-08 15:00:00,0.353986480370041,6.637258031284457,-0.05445544113490275,-2197.9
2020-11-08 16:00:00,0.26087289870285657,6.706862336602747,-0.04066621334123521,-2226.0
2020-11-08 17:00:00,0.20956073072086046,6.787844982309579,-0.044573157451053724,-2296.2
2020-11-08 18:00:00,0.22624561339703275,6.859614903654202,-0.04196056455555652,-2375.9
2020-11-08 19:00:00,0.22014368445695753,6.930494765951626,-0.02558581222865275,-2422.0
2020-11-08 20:00:00,0.20109203201778714,6.985641817639208,-0.044648457627666005,-2459.2
2020-11-08 21:00:00,0.17583863426030488,7.030857476116121,-0.03654019831720401,-2505.1
2020-11-08 22:00:00,0.12220386572575226,7.069023426578259,-0.03328846464615243,-2539.7
2020-11-08 23:00:00,0.22585191995188714,7.091742115095153,-0.04849504763184598,-2575.9
2020-11-09 00:00:00,0.36881196236614766,7.113956109566034,-0.01782051685447783,-2592.0
2020-11-09 01:00:00,0.41500233520901353,7.1316985104669115,-0.014516254630657421,-2590.2
2020-11-09 02:00:00,0.42888939469430754,7.144407180321139,-0.011771341529461132,-2601.3
2020-11-09 03:00:00,0.6216835603289688,7.134093721192866,-0.0038093753908796657,-2592.8
2020-11-09 04:00:00,0.363837218517886,7.10002716662926,-0.002778219620677369,-2576.1
2020-11-09 05:00:00,0.13947104067044713,7.062191632286556,-0.016491540420081385,-2566.3
2020-11-09 06:00:00,0.06107604564662039,7.050989447068045,-0.011228883376847243,-2567.3
2020-11-09 07:00:00,-0.009087076770930569,7.0587581525186645,-0.010726405633070257,-2571.2
2020-11-09 08:00:00,-0.010714381306375031,7.0431599159883405,-0.014195005613774292,-2620.3
2020-11-09 09:00:00,0.08093282693146042,7.009408932708637,-0.017639093641199644,-2656.4
2020-11-09 10:00:00,0.19497082968229895,6.9650803456014065,-0.016458747168081267,-2650.5
2020-11-09 11:00:00,0.22170596943564647,6.915723448631314,-0.02210577734627872,-2601.0
2020-11-09 12:00:00,0.22133351366124687,6.85751406254539,-0.02943336707491362,-2516.2
2020-11-09 13:00:00,0.21429019795127147,6.811244378601294,-0.0388365568425133,-2481.7
2020-11-09 14:00:00,0.1868869426788744,6.807934943699926,-0.018995382965705687,-2431.8
2020-11-09 15:00:00,0.1709324576770439,6.815639990074331,-0.012598353991498001,-2397.5
2020-11-09 16:00:00,0.15572893508833108,6.811244378601294,-0.011140290755109028,-2398.7
2020-11-09 17:00:00,0.08333829156283068,6.785587645007929,-0.004836384531212268,-2396.0
2020-11-09 18:00:00,0.09681572917346548,6.747586526829315,-0.007947949053691339,-2381.9
2020-11-09 19:00:00,0.1268698631419305,6.697034247666484,0.0003411795897312331,-2347.7
2020-11-09 20:00:00,0.16145898532298686,6.612041034833092,-0.0106901390057903,-2307.1
2020-11-09 21:00:00,0.23813219802911423,6.508769136971682,-0.00250208177987421,-2273.5
2020-11-09 22:00:00,0.35338638810665657,6.400257445308821,0.002518859880005664,-2204.9
2020-11-09 23:00:00,0.5122134188932224,6.289715570908998,0.011886112364659418,-2120.6
2020-11-10 00:00:00,0.9182896041526463,5.886104031450156,0.023374796966904476,-1825.9
2020-11-10 01:00:00,1.0495489200008201,5.6131281063880705,0.03007394670953545,-1817.8
2020-11-10 02:00:00,1.143735824099525,5.476463551931511,0.03376312775731716,-1774.9
2020-11-10 03:00:00,1.3014025365437751,5.4116460518550396,0.03891260278241937,-1727.9
2020-11-10 04:00:00,1.1096262479473067,5.236441962829949,0.03728038761502983,-1684.2
2020-11-10 05:00:00,0.41498695849107703,4.919980925828125,0.03638039600453169,-1930.4
2020-11-10 06:00:00,0.39274367179691483,4.77912349311153,0.024506228967656973,-1854.8
2020-11-10 07:00:00,0.3901078703986651,4.465908118654584,0.0189964259758586,-1924.1
2020-11-10 08:00:00,0.31391271516967745,4.143134726391533,0.017774602698680475,-1928.8
2020-11-10 09:00:00,0.37393258055207257,3.5553480614894135,0.018014591565142624,-1966.6
2020-11-10 10:00:00,0.38211685319390387,3.295836866004329,0.016536733435985163,-1973.7
2020-11-10 11:00:00,0.3993389780326626,3.6375861597263857,0.013374236595552702,-1982.4
2020-11-10 12:00:00,0.330482219590404,3.8066624897703196,0.005798044321861262,-1942.4
2020-11-10 13:00:00,0.2640107490106849,4.68213122712422,0.0016751064727325016,-1879.8
2020-11-10 14:00:00,0.2503388740106849,5.153291594497779,0.007264914597445937,-1911.5
2020-11-10 15:00:00,0.3389530982857498,5.303304908059076,0.017457993918096548,-2001.5
2020-11-10 16:00:00,0.21307666303945316,5.480638923341991,0.01427932254155273,-1941.7
2020-11-10 17:00:00,0.1769087922000101,5.493061443340548,0.015297840611389724,-1937.4
2020-11-10 18:00:00,0.23055599245736946,5.356586274672012,0.014300416777490277,-1955.8
2020-11-10 19:00:00,0.18679894046997925,5.420534999272286,0.016062616947885466,-1924.5
2020-11-10 20:00:00,0.3098371258496391,5.337538079701318,0.010281495158266374,-1923.3
2020-11-10 21:00:00,0.3637697911344602,5.303304908059076,0.008817886808615505,-1929.2
2020-11-10 22:00:00,0.3939237392386481,5.081404364984463,0.015379321689199976,-1938.2
2020-11-10 23:00:00,0.5307334150101068,5.062595033026967,0.016680647117797598,-1964.8
2020-11-11 00:00:00,0.5368165187758991,5.135798437050262,0.025770303320605592,-1918.2
2020-11-11 01:00:00,0.6045947520826758,5.153291594497779,0.029277053694286792,-1937.9
2020-11-11 02:00:00,0.6767271799433048,5.0689042022202315,0.031834793340560275,-1928.7
2020-11-11 03:00:00,0.7896404690529022,4.897839799950911,0.0338824159109139,-1911.5
2020-11-11 04:00:00,0.6021342723463476,4.700480365792417,0.02718527775488777,-1879.6
2020-11-11 05:00:00,0.4050146147610243,4.477336814478207,0.020313518616940307,-1802.9
2020-11-11 06:00:00,0.3321201100424216,4.23410650459726,0.0009252839337641205,-1776.8
2020-11-11 07:00:00,0.30973123239105416,3.9512437185814275,-0.01095670817377048,-1763.7
2020-11-11 08:00:00,0.24539867622929368,3.713572066704308,-0.01294798014642673,-1766.7
2020-11-11 09:00:00,0.22261498840538785,3.5263605246161616,-0.01146253887951243,-1936.9
2020-11-11 10:00:00,0.23704461451541103,3.332204510175204,-0.012604638837981241,-1928.1
2020-11-11 11:00:00,0.24835731623957447,3.295836866004329,-0.01479468961144459,-1914.1
2020-11-11 12:00:00,0.23918442543148322,3.2188758248682006,-0.02079807134216871,-1914.5
2020-11-11 13:00:00,0.2601392603466506,3.044522437723423,-0.025245200071037033,-1906.6
2020-11-11 14:00:00,0.2625494387249536,3.2188758248682006,-0.0203923583610921,-1963.8
2020-11-11 15:00:00,0.21392001806684524,3.4657359027997265,-0.015289510006182283,-1956.9
2020-11-11 16:00:00,0.2216799272970884,3.6375861597263857,-0.019424614821499375,-1943.4
2020-11-11 17:00:00,0.2544234406375101,3.7612001156935624,-0.018379387770718125,-1916.3
2020-11-11 18:00:00,0.2965973783511191,3.871201010907891,-0.016942685445626715,-1798.3
2020-11-11 19:00:00,0.3136783730200432,4.02535169073515,-0.0026210388714655863,-1803.6
2020-11-11 20:00:00,0.3151203743509776,4.3694478524670215,-0.011277599260315796,-1825.8
2020-11-11 21:00:00,0.2888674416268584,4.672828834461906,-0.008320712922797568,-1820.3
2020-11-11 22:00:00,0.3233972393844744,4.804021044733257,0.0004829674711679388,-1776.0
2020-11-11 23:00:00,0.4328866314065807,4.787491742782046,0.007226918414216854,-1806.2
2020-11-12 00:00:00,0.28325021066157463,4.553876891600541,0.038406638608359245,-1735.6
2020-11-12 01:00:00,0.31313606528449167,4.68213122712422,0.0407267727970817,-1725.5
2020-11-12 02:00:00,0.31229215532382026,4.736198448394496,0.04105632976983209,-1724.3
2020-11-12 03:00:00,0.4091637479015313,4.787491742782046,0.04183609944067879,-1723.7
2020-11-12 04:00:00,0.24602057480415862,4.955827057601261,0.034583576169878505,-1751.2
2020-11-12 05:00:00,0.12144909591531317,5.187385805840755,0.029855198311500963,-1936.8
2020-11-12 06:00:00,0.028832034083594582,5.37989735354046,0.010015835266836248,-1935.0
2020-11-12 07:00:00,-0.03865190079738445,5.472270673671475,-4.2973326587869565e-05,-2000.8
2020-11-12 08:00:00,-0.06463652040617651,5.54907608489522,-0.0056864052993566006,-2051.3
2020-11-12 09:00:00,-0.08288450062249986,5.68697535633982,-0.0062674810923715185,-2056.8
2020-11-12 10:00:00,-0.04247922718499986,5.777652323222656,-0.003517667967289917,-2077.7
2020-11-12 11:00:00,-0.04024552403655557,5.796057750765372,-0.0027643471938878506,-2087.4
2020-11-12 12:00:00,-0.05332605690693315,5.793013608384144,-0.008560405027971285,-2087.7
2020-11-12 13:00:00,-0.02494173947893996,5.855071922202427,-0.025625453245744723,-1982.0
2020-11-12 14:00:00,-0.0028164953383149616,5.988961416889864,-0.013533296993686328,-2032.5
2020-11-12 15:00:00,-0.04476590055952734,6.152732694704104,-0.010997126595301054,-2084.6
2020-11-12 16:00:00,-0.07580100311007287,6.306275286948016,-0.017935912458734826,-2129.8
2020-11-12 17:00:00,-0.06833655287950435,6.413458957167357,-0.015608947126703576,-2183.0
2020-11-12 18:00:00,-0.05347245513761889,6.484635235635252,-0.016845801056526,-2232.3
2020-11-12 19:00:00,0.004295283057995647,6.519147287940395,-0.01396360418353737,-2263.3
2020-11-12 20:00:00,-0.0008100545709166518,6.523562306149512,-0.013993663713440796,-2250.3
2020-11-12 21:00:00,0.027777897990740597,6.519147287940395,-0.012293480698627235,-2171.8
2020-11-12 22:00:00,0.08863278891072013,6.51025834052315,-0.002273128445253292,-2224.1
2020-11-12 23:00:00,0.14553445414579613,6.51025834052315,0.0014140300749767576,-2165.7
2020-11-13 00:00:00,0.1284787914788823,6.338594078203183,0.04690960170768932,-1991.0
2020-11-13 01:00:00,0.16531532978229047,6.302618975744905,0.039067714691065625,-1928.4
2020-11-13 02:00:00,0.1808229711766307,6.272877006546167,0.03892167072974129,-1878.5
2020-11-13 03:00:00,0.32341945240086756,6.253828811575473,0.038825671219651525,-1893.9
2020-11-13 04:00:00,0.19920615543922793,6.249975242259483,0.03940473365695851,-1917.7
2020-11-13 05:00:00,0.055085770727850925,6.236369590203704,0.04091312740220232,-1915.7
2020-11-13 06:00:00,-0.1606870571639767,6.208590026096629,0.02905022800142465,-1730.0
2020-11-13 07:00:00,-0.1293738486845064,6.194405391104672,0.026177124566676646,-1782.2
2020-11-13 08:00:00,-0.15591298615082727,6.222576268071369,0.01761618501768858,-1814.6
2020-11-13 09:00:00,-0.18663588171923795,6.297109319933935,0.024816558906747055,-1844.1
2020-11-13 10:00:00,-0.13826552039111295,6.375024819828097,0.025940845982483474,-1866.8
2020-11-13 11:00:00,-0.1560421104699592,6.418364935936212,0.010083835949908249,-2048.7
2020-11-13 12:00:00,-0.1403887078983761,6.408528791059498,0.018215022936896474,-2054.6
2020-11-13 13:00:00,-0.16500327916562374,6.368187186350492,0.01711131104770036,-2010.8
2020-11-13 14:00:00,-0.18249717692305656,6.349138991379798,0.01261776280765492,-1990.5
2020-11-13 15:00:00,-0.19868236190483834,6.3473892096560105,0.00801312908582208,-1938.4
2020-11-13 16:00:00,-0.24481181475823433,6.345636360828596,0.0060579999764076575,-1943.3
2020-11-13 17:00:00,-0.26903381731571385,6.408528791059498,-0.00022896879090517075,-1964.5
2020-11-13 18:00:00,-0.17155780402192433,6.48768401848461,-0.007837882041504152,-1900.4
2020-11-13 19:00:00,-0.15360354091720008,6.53813982376767,0.020644624513178833,-1889.5
2020-11-13 20:00:00,-0.18382513445444015,6.586171654854675,0.019898346964907,-1886.9
2020-11-13 21:00:00,-0.17730919601234718,6.628041376179533,0.015489442441311674,-1887.0
2020-11-13 22:00:00,-0.13650350717387316,6.643789733147672,0.026623599295647615,-1948.5
2020-11-13 23:00:00,-0.06482994819841226,6.668228248417403,0.019517989414650216,-1942.4
2020-11-14 00:00:00,-0.09015267888517009,6.543911845564792,0.04008576074354586,-1945.5
2020-11-14 01:00:00,-0.06279046297018231,6.597145701886651,0.041503085077714275,-1928.9
2020-11-14 02:00:00,-0.0611198467148899,6.628041376179533,0.04793353061610528,-1896.7
2020-11-14 03:00:00,0.10854228878696848,6.660575149839686,0.03445561390601082,-1920.8
2020-11-14 04:00:00,0.02780509645553053,6.706862336602747,0.034340549690429434,-1980.4
2020-11-14 05:00:00,0.015486818966704119,6.7357800142423265,0.029746172093206624,-2108.2
2020-11-14 06:00:00,-0.06578349614865475,6.745236349484363,0.025669772603833074,-1987.3
2020-11-14 07:00:00,-0.0936696804437831,6.74993119378857,0.020117377299699868,-2041.0
2020-11-14 08:00:00,-0.06272712979144779,6.7661917146603505,0.02527321936885496,-2224.5
2020-11-14 09:00:00,-0.10997399980821454,6.763884908562435,0.028768315064802152,-2257.9
2020-11-14 10:00:00,-0.04056580057957149,6.734591659972948,0.029718691507498285,-2296.9
2020-11-14 11:00:00,-0.024932749231888263,6.70808408385307,0.030767216431989652,-2335.4
2020-11-14 12:00:00,-0.09345317961420374,6.666956792429207,0.035546657444784024,-2434.8
2020-11-14 13:00:00,-0.012042423162549332,6.654152520183219,0.02040853243956775,-2475.6
2020-11-14 14:00:00,0.010980409176594152,6.652863029353347,0.028531369754360547,-2480.0
2020-11-14 15:00:00,-0.021680950431163692,6.668228248417403,0.028781007597802777,-2544.6
2020-11-14 16:00:00,-0.06292182231731891,6.679599185844383,0.025682292834357412,-2558.9
2020-11-14 17:00:00,-0.09301963786055656,6.682108597449809,0.022932585221453472,-2550.1
2020-11-14 18:00:00,-0.10272409299099516,6.678342114654332,0.0235072922237336,-2553.3
2020-11-14 19:00:00,-0.13053099500623477,6.669498089857879,0.03196588214099538,-2474.7
2020-11-14 20:00:00,-0.09537600185470008,6.660575149839686,0.025894403347967554,-2430.0
2020-11-14 21:00:00,-0.06170073851246349,6.642486801367256,0.02063721263805096,-2292.3
2020-11-14 22:00:00,-0.10759112530878245,6.6293632534374485,0.028668020580139064,-2162.2
2020-11-14 23:00:00,-0.09912350420273519,6.60934924316738,0.03193806257923715,-1818.0
2020-11-15 00:00:00,-0.08011018579568407,6.601230118728877,0.01572576667612413,-1916.6
2020-11-15 01:00:00,-0.1104406151091395,6.616065185132817,0.023202301619085652,-1730.8
2020-11-15 02:00:00,-0.21792231550835073,6.617402977974478,0.01308406202524992,-1368.3
2020-11-15 03:00:00,-0.08730192464415443,6.60934924316738,0.011501650322103707,-1309.5
2020-11-15 04:00:00,-0.1889700400373271,6.588926477533519,0.007515438212879033,-1311.3
2020-11-15 05:00:00,-0.21619932044208356,6.555356891810665,0.007441533402340994,-1376.4
2020-11-15 06:00:00,-0.2599691937404429,6.565264970035361,-0.007524843928513825,-1181.4
2020-11-15 07:00:00,-0.15387950668927242,6.60934924316738,-0.009648177433690286,-1691.6
2020-11-15 08:00:00,-0.24310762049125856,6.6293632534374485,0.0005132632228956879,-1718.7
2020-11-15 09:00:00,-0.2582780330955379,6.635946555686647,-0.0008643388171512001,-1871.2
2020-11-15 10:00:00,-0.22349788449690822,6.673297967767654,0.009265445760878066,-1956.1
2020-11-15 11:00:00,-0.17241350430171987,6.709304340258298,0.023926521061045314,-2097.6
2020-11-15 12:00:00,-0.19846467631776266,6.720220155135295,0.02554289869577886,-2006.5
2020-11-15 13:00:00,-0.1528646133102265,6.75110146893676,0.011455966399790185,-2130.4
2020-11-15 14:00:00,-0.09217092460529908,6.81783057145415,0.02447974235229111,-2316.0
2020-11-15 15:00:00,-0.179338612333664,6.883462586413092,0.024144737929692184,-2281.4
2020-11-15 16:00:00,-0.23930803555171987,6.92461239604856,0.024495554933992914,-2347.9
2020-11-15 17:00:00,-0.22935231145484414,6.9584483932976555,0.015856018259023053,-2533.2
2020-11-15 18:00:00,-0.26441647342297436,6.974478911025045,0.012284450296839111,-2480.6
2020-11-15 19:00:00,-0.260649652210158,6.966024187106113,0.025877825400940857,-2437.9
2020-11-15 20:00:00,-0.41794717638843637,6.970730078143525,0.016543101454308484,-2119.9
2020-11-15 21:00:00,-0.5358521240118093,6.975413927455952,0.018409246212762298,-1717.5
2020-11-15 22:00:00,-0.5366542413555608,6.961296045910167,0.01909812431094071,-1512.4
2020-11-15 23:00:00,-0.6031783379080595,6.946975992135418,0.016342471863461938,-1094.0
2020-11-16 00:00:00,-0.7845690558437282,7.014814351275545,-0.01782051685447783,-986.8
2020-11-16 01:00:00,-0.9599924706569437,7.004881989712859,-0.00782086854767261,-798.3
2020-11-16 02:00:00,-0.9588407168516874,6.994849985833071,-0.015617500116939631,-772.0
2020-11-16 03:00:00,-0.7447519921413187,6.9975959829819265,-0.03856190738171961,-804.6
2020-11-16 04:00:00,-0.7978921269404172,6.983789965258135,-0.014933582000459467,-956.0
2020-11-16 05:00:00,-0.6745890685548093,6.967909201801884,-0.02379084290169242,-1307.8
2020-11-16 06:00:00,-0.5324412939644838,6.961296045910167,0.0037839090123386043,-2002.6
2020-11-16 07:00:00,-0.45864750474431926,6.960347729101308,0.01149673115163985,-2333.3
2020-11-16 08:00:00,-0.4896069579693565,6.963189985870238,0.0047629081308393495,-2439.9
2020-11-16 09:00:00,-0.46540405420319364,6.954638864880987,0.011325749226672954,-2498.7
2020-11-16 10:00:00,-0.40679319110972445,6.946975992135418,0.01653717623272044,-2556.7
2020-11-16 11:00:00,-0.39474181799833485,6.923628628138427,0.02290774354281755,-2607.9
2020-11-16 12:00:00,-0.36805925477825663,6.901737206656574,0.028085439597118622,-2673.3
2020-11-16 13:00:00,-0.36725964963143265,6.893656354602635,0.01446759685925958,-2668.0
2020-11-16 14:00:00,-0.37298346015289496,6.893656354602635,0.0263248724772831,-2691.1
2020-11-16 15:00:00,-0.389444268785901,6.892641641172089,0.020291799924183174,-2674.4
2020-11-16 16:00:00,-0.43508345073032473,6.895682697747868,0.016342354938722714,-2616.3
2020-11-16 17:00:00,-0.49976352661066836,6.897704943128636,0.015011595267299782,-2510.2
2020-11-16 18:00:00,-0.44637756018583485,6.899723107284872,-0.003219807857744783,-2362.3
2020-11-16 19:00:00,-0.4755807559472027,6.906754778648554,0.009880202636490587,-2305.1
2020-11-16 20:00:00,-0.42844184527146756,6.914730892718563,0.002522274500802446,-2279.8
2020-11-16 21:00:00,-0.44882301228291,6.923628628138427,0.0016767792950922455,-2115.5
2020-11-16 22:00:00,-0.5266791395940156,6.93828448401696,-0.01415550626236417,-1842.9
2020-11-16 23:00:00,-0.5146320714052104,6.963189985870238,-0.01345461011419502,-1559.8
2020-11-17 00:00:00,-0.5611923570412527,6.97354301952014,-0.05256300186389318,-1435.5
2020-11-17 01:00:00,-0.5998562528403459,6.9957661563048505,-0.06102878153893698,-1274.6
2020-11-17 02:00:00,-0.5526589976099294,7.0192966537150445,-0.0651183208946211,-1300.0
2020-11-17 03:00:00,-0.3863886901368405,7.029087564149662,-0.05893472952462364,-1369.1
2020-11-17 04:00:00,-0.3763484646991926,7.027314514039777,-0.049164485899731325,-1608.4
2020-11-17 05:00:00,-0.3457804097438475,7.0326242610280065,-0.03501476805415127,-1909.6
2020-11-17 06:00:00,-0.32765315121040595,7.01571242048723,-0.01780617975708676,-2122.5
2020-11-17 07:00:00,-0.46234331239544413,6.97354301952014,-0.005637318645538514,-2362.6
2020-11-17 08:00:00,-0.5149526071914561,6.90975328164481,-0.013266488813567179,-2388.5
2020-11-17 09:00:00,-0.4745772542896296,6.859614903654202,-0.012781367552385348,-2399.3
2020-11-17 10:00:00,-0.4316390218677546,6.828712071641684,-0.01531309245111423,-2363.0
2020-11-17 11:00:00,-0.36560189454602554,6.790097235513905,-0.013827440561241744,-2461.4
2020-11-17 12:00:00,-0.3602582209389762,6.748759547491679,-0.010982213574689759,-2401.4
2020-11-17 13:00:00,-0.3530219375284489,6.714170529909472,-0.015118570893104533,-2329.6
2020-11-17 14:00:00,-0.3748704729656944,6.717804695023691,0.00016989074684214955,-2307.7
2020-11-17 15:00:00,-0.3759078424979796,6.71174039505618,0.007500041084662179,-2286.1
2020-11-17 16:00:00,-0.3668696195754928,6.715383386334681,-0.0018191470094670592,-2149.7
2020-11-17 17:00:00,-0.42801009609995955,6.734591659972948,-5.165491954883805e-05,-2072.4
2020-11-17 18:00:00,-0.43204074390415026,6.7357800142423265,-0.010977390406778476,-1954.8
2020-11-17 19:00:00,-0.5183354744540942,6.731018100482083,-0.011336357240228523,-1862.5
2020-11-17 20:00:00,-0.42329678588422914,6.717804695023691,-0.021204121415300037,-1727.7
2020-11-17 21:00:00,-0.4112499237760978,6.660575149839686,-0.03179683234557551,-1597.6
2020-11-17 22:00:00,-0.4900841255542101,6.588926477533519,-0.0403626613190351,-1353.6
2020-11-17 23:00:00,-0.6697959675380691,6.492239835020471,-0.04299745309460601,-966.5
2020-11-18 00:00:00,-0.7107467216248984,6.511745329644728,-0.04538345693568502,-788.3
2020-11-18 01:00:00,-0.7537459816911862,6.505784060128229,-0.05130343296505302,-450.0
2020-11-18 02:00:00,-0.7214485090633388,6.546785410760524,-0.051666928504766396,-432.0
2020-11-18 03:00:00,-0.5908002168155279,6.670766320845874,-0.04509346243032031,-575.1
2020-11-18 04:00:00,-0.6279169202145924,6.8001700683022,-0.03626884060155877,-993.9
2020-11-18 05:00:00,-0.5026263755336475,6.890609120147166,-0.022781120846146585,-1594.5
2020-11-18 06:00:00,-0.46587092380270967,6.946013991099227,-0.007449974402968351,-1822.5
2020-11-18 07:00:00,-0.4559499430826597,7.001245622069476,0.001905205468637483,-2146.1
2020-11-18 08:00:00,-0.48000936654887316,7.059617628291383,-0.004087672484025973,-2228.3
2020-11-18 09:00:00,-0.46159558218815033,7.093404625868766,-0.004259626585453979,-2333.4
2020-11-18 10:00:00,-0.4109021382299918,7.109062135687172,-0.010182352631385783,-2431.0
2020-11-18 11:00:00,-0.35642071387028085,7.113956109566034,-0.016420706229864024,-2506.8
2020-11-18 12:00:00,-0.36334452120783944,7.117205503164344,-0.023242064412046126,-2516.7
2020-11-18 13:00:00,-0.3021853328568589,7.119635638017636,-0.03340851071019735,-2582.4
2020-11-18 14:00:00,-0.2768321958465014,7.117205503164344,-0.008358518797368042,-2634.4
2020-11-18 15:00:00,-0.2963030145390011,7.093404625868766,0.0034026230059698293,-2662.4
2020-11-18 16:00:00,-0.3161494851879718,7.035268599281097,-0.0015183364666864207,-2823.4
2020-11-18 17:00:00,-0.27173990711219065,6.930494765951626,0.00029819798831898225,-2775.4
2020-11-18 18:00:00,-0.26508666264836256,6.773080375655535,-0.008961797114614534,-2531.0
2020-11-18 19:00:00,-0.2798709251727416,6.577861357721047,0.002249100624577949,-2317.5
2020-11-18 20:00:00,-0.30992321890690033,6.343880434126331,-0.011277599260315796,-2089.9
2020-11-18 21:00:00,-0.3347536762844767,6.030685260261263,-0.02019532234351118,-1654.6
2020-11-18 22:00:00,-0.38821200401520617,5.605802066295998,-0.026020350589002206,-1255.6
2020-11-18 23:00:00,-0.5779141735483246,5.204006687076795,-0.023797467603193567,-600.1
2020-11-19 00:00:00,-0.4702035761293617,4.976733742420574,-0.006783161635895318,-265.4
2020-11-19 01:00:00,-0.6805110427773924,5.236441962829949,-0.009610041364511268,88.5
2020-11-19 02:00:00,-0.8546393773217665,5.564520407322694,-0.011243169633016414,90.0
2020-11-19 03:00:00,-0.8723227364251095,5.8998973535824915,-0.005373036731434411,8.7
2020-11-19 04:00:00,-0.8073110093307945,6.175867270105761,0.0018533818612604946,-127.9
2020-11-19 05:00:00,-0.6241238819844821,6.3835066348840055,0.007914871095440645,-648.3
2020-11-19 06:00:00,-0.5356030402877772,6.576469569048224,0.008368388436237773,-899.1
2020-11-19 07:00:00,-0.48559452622869426,6.75110146893676,0.012645539491731306,-1437.6
2020-11-19 08:00:00,-0.44900784545454164,6.892641641172089,0.006242165565917723,-1680.7
2020-11-19 09:00:00,-0.45876545762538146,6.975413927455952,0.003218756052735472,-1776.5
2020-11-19 10:00:00,-0.4336861546661084,7.026426808699636,0.0067957911609823896,-1929.8
2020-11-19 11:00:00,-0.45358468857562584,7.05617528410041,0.0154684210671725,-1933.7
2020-11-19 12:00:00,-0.4841089729993875,7.074116816197362,0.019120286772607464,-1928.0
2020-11-19 13:00:00,-0.48156380002884447,7.0909098220799835,0.007500604013405798,-1928.1
2020-11-19 14:00:00,-0.4948220597775361,7.099201743553092,0.030883820944463736,-1867.3
2020-11-19 15:00:00,-0.548268639997211,7.0909098220799835,0.03247140173401952,-1788.9
2020-11-19 16:00:00,-0.5795688119590159,7.076653815443951,0.024851362746474592,-1750.8
2020-11-19 17:00:00,-0.564869838672913,7.049254841255837,0.028673096667734654,-1697.9
2020-11-19 18:00:00,-0.5327328888438867,7.028201432058005,0.023880265601407658,-1671.7
2020-11-19 19:00:00,-0.4790219513438867,7.02108396428914,0.029070924589990277,-1680.6
2020-11-19 20:00:00,-0.45575521994245083,7.02197642307216,0.029155072757290235,-1717.9
2020-11-19 21:00:00,-0.42126402731652357,7.0317412587631285,0.025822152223884842,-1566.2
2020-11-19 22:00:00,-0.37592123556745083,7.045776576879511,0.03206500913563737,-1603.6
2020-11-19 23:00:00,-0.41444850838527025,7.067319848653476,0.03684732057336504,-1397.0
2020-11-20 00:00:00,-0.5191057694024976,7.076653815443951,0.038927297683003736,-1552.5
2020-11-20 01:00:00,-0.5139748161162285,7.129297548929373,0.0263633695912997,-1492.6
2020-11-20 02:00:00,-0.45570531538380665,7.1693500166706,0.016058306286669044,-1538.4
2020-11-20 03:00:00,-0.3197173075844164,7.190676034332207,0.011526432732013703,-1566.2
2020-11-20 04:00:00,-0.44742100948582464,7.203405521083095,0.011712030578495458,-1627.2
2020-11-20 05:00:00,-0.4808758263096822,7.204892510204673,0.02112753573604298,-1934.2
2020-11-20 06:00:00,-0.46656745984270453,7.200424892944957,0.016167602170411577,-1960.4
2020-11-20 07:00:00,-0.5348389567926708,7.187657164114956,0.018478857140923566,-1980.4
2020-11-20 08:00:00,-0.5479550739268508,7.160845906664299,0.018387492421912732,-2011.8
2020-11-20 09:00:00,-0.55038253626011,7.129297548929373,0.01718875685786081,-2038.3
2020-11-20 10:00:00,-0.4828422588242649,7.091742115095153,0.01982929143648171,-2042.5
2020-11-20 11:00:00,-0.45440315549759447,7.045776576879511,0.01628540621318919,-2058.5
2020-11-20 12:00:00,-0.39450395671107397,6.99117688712121,0.017441328507586285,-2077.9
2020-11-20 13:00:00,-0.355483023661042,6.943122422819428,0.01711131104770036,-2076.5
2020-11-20 14:00:00,-0.3379528288786102,6.905753276311464,0.011846455403430767,-2080.4
2020-11-20 15:00:00,-0.2815111410322837,6.851184927493743,0.011061911935180468,-2101.7
2020-11-20 16:00:00,-0.2596758373903838,6.786716950605081,0.01598553473682518,-2172.6
2020-11-20 17:00:00,-0.2053607224545715,6.70196036600254,0.01051557049207208,-2184.6
2020-11-20 18:00:00,-0.16991441827819442,6.6052979209482015,0.009403924393001972,-2053.7
2020-11-20 19:00:00,-0.07356083324366369,6.508769136971682,0.03095808364145114,-2080.7
2020-11-20 20:00:00,-0.06604209879805656,6.403574197934815,0.032059015673357116,-2106.6
2020-11-20 21:00:00,-0.011950266437971813,6.240275845170769,0.03036574984259932,-2035.1
2020-11-20 22:00:00,0.035442613243249266,5.948034989180646,0.04343071761202921,-1980.3
2020-11-20 23:00:00,0.1973855178163082,5.442417710521793,0.04390944253880935,-1960.0
2020-11-21 00:00:00,0.15880855545498052,4.983606621708336,0.04274887816302986,-1815.5
2020-11-21 01:00:00,0.08528117078069375,4.499809670330265,0.04328720687121557,-1364.9
2020-11-21 02:00:00,0.03725429565495664,5.0369526024136295,0.051495422182465944,-1144.2
2020-11-21 03:00:00,0.114811901800564,5.8289456176102075,0.04524708553877499,-1059.2
2020-11-21 04:00:00,-0.16562083107265835,6.45833828334479,0.04232993972390897,-971.2
2020-11-21 05:00:00,-0.34284421146700783,6.784457062637643,0.031511397617775216,-923.4
2020-11-21 06:00:00,-0.4435118492852195,6.890609120147166,0.026533703543096365,-827.7
2020-11-21 07:00:00,-0.5383555017052288,6.960347729101308,0.015889041190178865,-946.4
2020-11-21 08:00:00,-0.5401395069844821,7.029972911706386,0.016995026399483137,-1008.5
2020-11-21 09:00:00,-0.584067614305475,7.0909098220799835,0.010151832457037102,-1456.9
2020-11-21 10:00:00,-0.5105694298253072,7.136483208590247,0.007846616688829577,-1688.5
2020-11-21 11:00:00,-0.4882174282288789,7.148345743900068,0.007236719021795679,-1738.9
2020-11-21 12:00:00,-0.48283668850402606,7.1180162044653335,0.012891966879978511,-1734.9
2020-11-21 13:00:00,-0.3399983947522702,7.049254841255837,-0.004683840300041098,-1683.0
2020-11-21 14:00:00,-0.24889938196323502,6.945051063725834,0.001884657920017574,-1654.6
2020-11-21 15:00:00,-0.23327288952523162,6.8308742346461795,-0.0013083565836877753,-1684.3
2020-11-21 16:00:00,-0.24990539221708485,6.680854678790215,-0.004944364744633667,-1695.2
2020-11-21 17:00:00,-0.25581477230415595,6.4967749901858625,-0.006920377928227417,-1613.3
2020-11-21 18:00:00,-0.2847226001940286,6.329720905522696,-0.009361398062526227,-1398.3
2020-11-21 19:00:00,-0.3325321097466354,6.29156913955832,0.009219166229714304,-1183.6
2020-11-21 20:00:00,-0.4827761025652255,6.345636360828596,0.007666889588701764,-1005.4
2020-11-21 21:00:00,-0.4950830130696624,6.408528791059498,-0.0004695227829643045,-618.7
2020-11-21 22:00:00,-0.542909196566628,6.51025834052315,-0.0007968492670418215,-433.7
2020-11-21 23:00:00,-0.6255570256347168,6.637258031284457,0.008011356257500601,-458.8
2020-11-22 00:00:00,-0.46296384751730146,6.720220155135295,0.017558947757785326,-730.1
2020-11-22 01:00:00,-0.5887737696077053,6.773080375655535,0.009358056507744905,-783.0
2020-11-22 02:00:00,-0.5505557758223979,6.812345094177479,-0.0007857858389002104,-825.4
2020-11-22 03:00:00,-0.4321424109358839,6.84587987526405,0.011501650322103707,-872.8
2020-11-22 04:00:00,-0.5254422766585402,6.8885724595653635,0.0001216891879405324,-907.6
2020-11-22 05:00:00,-0.5763837240170913,6.914730892718563,-0.008219772423196936,-929.8
2020-11-22 06:00:00,-0.5871821049488591,6.932447891572509,-0.020275472047296184,-912.9
2020-11-22 07:00:00,-0.691180804439291,6.9440872082295275,-0.007876697785309084,-1052.8
2020-11-22 08:00:00,-0.7055924173229667,6.939253946041508,-0.008998265467077715,-1041.6
2020-11-22 09:00:00,-0.6396455896246418,6.927557906278317,-0.013570990086265944,-1001.5
2020-11-22 10:00:00,-0.5744507830083974,6.902742737158593,0.0017872222936317073,-921.1
2020-11-22 11:00:00,-0.572013492957486,6.883462586413092,0.009111435275904967,-907.9
2020-11-22 12:00:00,-0.5580593303598298,6.871091294610546,0.013242620614127176,-892.4
2020-11-22 13:00:00,-0.5001738012613168,6.860663671448287,1.7933202863140707e-05,-881.1
2020-11-22 14:00:00,-0.4537652553438498,6.827629234502852,0.0007954993139351885,-1054.6
2020-11-22 15:00:00,-0.42979797429483657,6.760414691083428,-0.002991803505309143,-1242.8
2020-11-22 16:00:00,-0.3252504653524446,6.675823221634848,0.0024474177122302265,-1329.6
2020-11-22 17:00:00,-0.34112376831324087,6.569481420414296,-0.00548023165977618,-1264.4
2020-11-22 18:00:00,-0.3484659177654261,6.447305862541213,-0.01364893172966486,-1151.3
2020-11-22 19:00:00,-0.3910863736351011,6.320768294250582,0.0013065646704362166,-998.5
2020-11-22 20:00:00,-0.4871046433823021,6.206575926724928,-0.005124412880073592,-859.3
2020-11-22 21:00:00,-0.5439058588189061,6.131226489483141,-0.008688093345409875,-673.4
2020-11-22 22:00:00,-0.5709433148341929,6.129050210060545,-0.017910504434152763,-358.5
2020-11-22 23:00:00,-0.589572685852281,6.163314804034641,-0.015550891912491593,-339.2
2020-11-23 00:00:00,-0.48693665253877905,6.234410725718371,0.02525730457968134,-289.0
2020-11-23 01:00:00,-0.521375155231879,6.267200548541362,0.03965198184249186,-293.5
2020-11-23 02:00:00,-0.5457419838884519,6.297109319933935,0.03875390366518783,-331.5
2020-11-23 03:00:00,-0.33554856192254734,6.368187186350492,0.02055921562607832,-391.4
2020-11-23 04:00:00,-0.41386735007012243,6.472346294500901,0.028331333963972583,-512.0
2020-11-23 05:00:00,-0.30638212834300527,6.565264970035361,0.014830930708960466,-1266.4
2020-11-23 06:00:00,-0.3733765993347964,6.625392368007956,0.03475622986497662,-1459.6
2020-11-23 07:00:00,-0.3210261268682715,6.659293919683638,0.03323671778804549,-1892.7
2020-11-23 08:00:00,-0.31411136624580194,6.68586094706836,0.025669592950153586,-2036.4
2020-11-23 09:00:00,-0.32966488440322395,6.71174039505618,0.03797369070956513,-2056.4
2020-11-23 10:00:00,-0.2909313856312348,6.704414354964107,0.02806246708177529,-2054.7
2020-11-23 11:00:00,-0.2918141658966158,6.669498089857879,0.02445095372562367,-2039.5
2020-11-23 12:00:00,-0.28648760108444504,6.660575149839686,0.029615661777886437,-2075.1
2020-11-23 13:00:00,-0.2925072229861141,6.688354713946762,0.01903729254932518,-2079.4
2020-11-23 14:00:00,-0.2794574021420715,6.7226297948554485,0.035450411089708034,-2151.4
2020-11-23 15:00:00,-0.30110162911907334,6.748759547491679,0.03151526229403245,-2162.0
2020-11-23 16:00:00,-0.31851327149915054,6.771935555839602,0.026083908184022064,-2209.6
2020-11-23 17:00:00,-0.20256663451754897,6.790097235513905,0.02329165762791252,-2523.0
2020-11-23 18:00:00,-0.15217473803361714,6.816735880594968,0.00928035490648682,-2555.3
2020-11-23 19:00:00,-0.1358109071044331,6.834108738813838,0.02635762525900809,-2597.5
2020-11-23 20:00:00,-0.1815817673399418,6.829793737512425,0.04193228001670235,-2555.3
2020-11-23 21:00:00,-0.18298268174617793,6.806829360392176,0.045729579163646505,-2408.1
2020-11-23 22:00:00,-0.23121492670017973,6.777646593635117,0.040935875983797665,-2097.3
2020-11-23 23:00:00,-0.2423027080430149,6.74993119378857,0.0495933414645906,-1643.6
2020-11-24 00:00:00,-0.35628997052481126,6.646390514847729,0.07936454117865477,-1202.7
2020-11-24 01:00:00,-0.29294281846067727,6.594413459749778,0.07663562467127516,-1017.8
2020-11-24 02:00:00,-0.23361126587992875,6.502790045915623,0.08107226190476169,-956.3
2020-11-24 03:00:00,-0.10657447888567328,6.391917113392602,0.08143450909962535,-877.0
2020-11-24 04:00:00,-0.1103849162020547,6.253828811575473,0.08424554013686336,-826.3
2020-11-24 05:00:00,-0.10550057618665054,6.063785208687608,0.0892228773789121,-1523.0
2020-11-24 06:00:00,0.0059209144980303385,5.802118375377063,0.08441381640742485,-1888.9
2020-11-24 07:00:00,-0.06353078400830725,5.480638923341991,0.08358400399489341,-2040.7
2020-11-24 08:00:00,-0.041234344591001726,5.062595033026967,0.08299862550340276,-2140.5
2020-11-24 09:00:00,-0.04175905933992308,4.553876891600541,0.07689952517098586,-2049.8
2020-11-24 10:00:00,7.724459579527831e-05,4.127134385045092,0.07734573803159073,-2027.2
2020-11-24 11:00:00,0.010304411320594564,3.7612001156935624,0.0790466844452018,-1994.7
2020-11-24 12:00:00,0.02796508073468207,3.4965075614664802,0.08205448793016057,-1842.8
2020-11-24 13:00:00,0.05244317057971548,3.4339872044851463,0.08531045007012672,-1829.8
2020-11-24 14:00:00,0.00789784020090778,3.5263605246161616,0.09014364770479766,-1958.4
2020-11-24 15:00:00,0.08593247610859489,3.7376696182833684,0.08451810451652353,-2017.9
2020-11-24 16:00:00,0.09853077928624687,4.007333185232471,0.07976796251544371,-2049.8
2020-11-24 17:00:00,0.0700250470016619,4.290459441148391,0.08088303390312923,-2087.8
2020-11-24 18:00:00,0.11459611136250114,4.574710978503383,0.08287718506484598,-2127.2
2020-11-24 19:00:00,-0.04185933070274128,4.90527477843843,0.08367668989217325,-2059.6
2020-11-24 20:00:00,0.017586749427477955,5.267858159063328,0.08339853137942388,-1956.6
2020-11-24 21:00:00,0.013862181715863287,5.5053315359323625,0.08001948365512224,-1817.3
2020-11-24 22:00:00,-0.080897390523051,5.645446897643238,0.08917989474425525,-1604.8
2020-11-24 23:00:00,-0.016494695525323344,5.786897381366708,0.09383972766441584,-1444.2
2020-11-25 00:00:00,-0.025884592599060063,5.932245187448011,0.09561751061347223,-925.5
2020-11-25 01:00:00,0.04912480595914581,6.037870919922137,0.08832819644160939,-845.3
2020-11-25 02:00:00,0.11612665534534239,6.129050210060545,0.087354869726191,-796.8
2020-11-25 03:00:00,0.20926268966905015,6.18826412308259,0.08384820558313066,-748.7
2020-11-25 04:00:00,0.03466760993518614,6.194405391104672,0.08172825906077996,-811.0
2020-11-25 05:00:00,-0.09397655135796334,6.182084906716632,0.08248764748375592,-1222.3
2020-11-25 06:00:00,-0.09117747436129897,6.19644412779452,0.07794810303988786,-1650.7
2020-11-25 07:00:00,-0.06589346032734067,6.194405391104672,0.07355694584453332,-1759.5
2020-11-25 08:00:00,-0.08124547145565675,6.163314804034641,0.07156567387187707,-1766.6
2020-11-25 09:00:00,-0.09113706607930094,6.150602768446279,0.06579594425761925,-1752.3
2020-11-25 10:00:00,-0.11975985471331496,6.161207321695077,0.06513456587147459,-1730.6
2020-11-25 11:00:00,-0.08630496513639896,6.194405391104672,0.06855442489227492,-1786.8
2020-11-25 12:00:00,-0.12773770590989786,6.202535517187923,0.07013832929647013,-1823.5
2020-11-25 13:00:00,-0.06771378123744176,6.226536669287466,0.06784522299497553,-1871.7
2020-11-25 14:00:00,-0.058941244280642735,6.26530121273771,0.070579419844635,-1892.9
2020-11-25 15:00:00,-0.09878624695694338,6.251903883165888,0.05966042565606422,-1846.5
2020-11-25 16:00:00,-0.09643326235723215,6.163314804034641,0.05473946618340797,-1781.0
2020-11-25 17:00:00,-0.05448693243412528,6.021023349349527,0.05651382195770527,-1724.8
2020-11-25 18:00:00,-0.040977394214193996,5.834810737062605,0.05790905766093957,-1633.6
2020-11-25 19:00:00,0.011997005211717315,5.655991810819852,0.06880986714291648,-1581.0
2020-11-25 20:00:00,-0.03748124420011889,5.521460917862246,0.06170066441638866,-1552.7
2020-11-25 21:00:00,-0.01494401275480639,5.529429087511423,0.059322175233918806,-1604.0
2020-11-25 22:00:00,-0.0579703171446293,5.6240175061873385,0.06382199007333789,-1565.6
2020-11-25 23:00:00,0.015072373073546474,5.831882477283517,0.06991062070790299,-1137.1
2020-11-26 00:00:00,0.01821061495955356,5.918893854273146,0.07557905997987469,-629.2
2020-11-26 01:00:00,0.08966307894836012,6.2422232654551655,0.068518790126741,-503.3
2020-11-26 02:00:00,0.11476117986633683,6.565264970035361,0.07504886911674724,-681.0
2020-11-26 03:00:00,0.27009217490139314,6.710523109452428,0.07386730757435434,-950.3
2020-11-26 04:00:00,0.17400640576043314,6.761572768804055,0.08004595024663619,-1273.5
2020-11-26 05:00:00,0.11605824728043679,6.816735880594968,0.09292780176657534,-1998.8
2020-11-26 06:00:00,0.11309237770133462,6.852242569051878,0.10045070070798712,-2096.5
2020-11-26 07:00:00,0.032174151771227955,6.854354502255021,0.10443926370078671,-2100.2
2020-11-26 08:00:00,0.11790034481793477,6.836259277277067,0.10406445865976277,-2241.4
2020-11-26 09:00:00,0.15837080063475595,6.812345094177479,0.09559207618375076,-2244.1
2020-11-26 10:00:00,0.22209187938587283,6.78897174299217,0.09439894250460235,-2253.4
2020-11-26 11:00:00,0.23560209076822236,6.769641976852503,0.09906995868738022,-2252.4
2020-11-26 12:00:00,0.2290789584440036,6.761572768804055,0.10359334354745808,-2270.1
2020-11-26 13:00:00,0.23881653098945987,6.782192056006791,0.09224668117667978,-2297.6
2020-11-26 14:00:00,0.2326856066796914,6.795705775173514,0.10575369789694733,-2262.1
2020-11-26 15:00:00,0.17447901033902502,6.769641976852503,0.09957193661723451,-2201.9
2020-11-26 16:00:00,0.20086443313520608,6.733401891837359,0.09837149253189903,-2166.7
2020-11-26 17:00:00,0.2040469040104136,6.704414354964107,0.10000328925755486,-2123.0
2020-11-26 18:00:00,0.12364134619808809,6.668228248417403,0.10138122519455006,-2106.8
2020-11-26 19:00:00,0.1462258515504784,6.621405651764134,0.1005567858380294,-2098.7
2020-11-26 20:00:00,0.11865738543441129,6.558197802812269,0.10064151266365862,-2013.8
2020-11-26 21:00:00,0.18995288939398103,6.493753839851686,0.09795372426905313,-2025.5
2020-11-26 22:00:00,0.2532669660328364,6.428105272684596,0.1005514232807938,-2014.6
2020-11-26 23:00:00,0.3916141248487861,6.3080984415095305,0.10171215922076637,-1827.7
2020-11-27 00:00:00,1.0822536224664012,6.333279628139691,0.10190627745513758,-1350.2
2020-11-27 01:00:00,1.0675543082007954,6.159095388491933,0.0883300933404989,-1114.4
2020-11-27 02:00:00,1.1401855918441486,5.991464547107982,0.087453470345352,-1083.8
2020-11-27 03:00:00,1.365438778191225,5.814130531825066,0.09213667731068131,-1213.2
2020-11-27 04:00:00,1.2957682127382193,5.537334267018537,0.09509363951754679,-1365.0
2020-11-27 05:00:00,0.6592854652713003,5.181783550292085,0.10842847404230405,-1730.2
2020-11-27 06:00:00,0.5810009420959625,4.8283137373023015,0.1133913764351755,-1619.7
2020-11-27 07:00:00,0.5606677393172856,4.499809670330265,0.1149124747828294,-1688.4
2020-11-27 08:00:00,1.036278984143959,4.1588830833596715,0.11180340007738998,-1676.2
2020-11-27 09:00:00,1.0060628460334797,4.007333185232471,0.11138457521520628,-1666.4
2020-11-27 10:00:00,0.5299087392374524,4.189654742026425,0.11269831920027862,-1821.0
2020-11-27 11:00:00,0.5910125469509766,4.48863636973214,0.1092040817476505,-1852.2
2020-11-27 12:00:00,0.5229511455643774,4.852030263919617,0.10696502684956677,-1886.1
2020-11-27 13:00:00,0.5367009353273011,5.153291594497779,0.11207042888598373,-1910.0
2020-11-27 14:00:00,0.5090838326041438,5.303304908059076,0.10392470658831154,-1931.0
2020-11-27 15:00:00,0.5157003787240413,5.37989735354046,0.09285931386486634,-1920.5
2020-11-27 16:00:00,0.4861364083955477,5.472270673671475,0.08781126930808014,-1929.2
2020-11-27 17:00:00,0.5197380579119759,5.517452896464707,0.08194821141126418,-1983.0
2020-11-27 18:00:00,0.5523610352047745,5.4116460518550396,0.0863937429216124,-1977.0
2020-11-27 19:00:00,0.6323253730937113,5.298317366548036,0.08846722085193992,-2037.9
2020-11-27 20:00:00,0.6001407201235334,5.2832037287379885,0.08004305323726424,-2008.6
2020-11-27 21:00:00,0.6326011323032361,5.3471075307174685,0.0823151046112347,-1974.7
2020-11-27 22:00:00,0.6862968816129431,5.375278407684165,0.0930142178008575,-2072.6
2020-11-27 23:00:00,0.8456411746224788,5.318119993844216,0.09752362162311012,-2139.9
2020-11-28 00:00:00,1.8397692061086781,5.017279836814924,0.0810144162419828,-1566.5
2020-11-28 01:00:00,1.8397692061086781,4.875197323201151,0.07400484798225104,-1521.5
2020-11-28 02:00:00,1.8397692061086781,4.820281565605037,0.07173368442345662,-1490.7
2020-11-28 03:00:00,1.8397692061086781,4.762173934797756,0.06561078168580625,-1484.6
2020-11-28 04:00:00,1.8397692061086781,4.7535901911063645,0.04762095735832439,-1510.0
2020-11-28 05:00:00,1.8397692061086781,4.820281565605037,0.02886238944619901,-1536.1
2020-11-28 06:00:00,1.8397692061086781,4.912654885736052,0.04620086160751846,-1633.8
2020-11-28 07:00:00,1.8397692061086781,5.081404364984463,0.045941386256581396,-1660.2
2020-11-28 08:00:00,1.8311362399731541,5.267858159063328,0.052917256104841215,-1642.1
2020-11-28 09:00:00,1.8397692061086781,5.3981627015177525,0.059564274182330124,-1637.3
2020-11-28 10:00:00,1.4162354368584853,5.5134287461649825,0.06591461763897044,-1628.3
2020-11-28 11:00:00,1.0990374750263032,5.6240175061873385,0.06776474581279857,-1635.2
2020-11-28 12:00:00,1.6860010835528576,5.7745515455444085,0.07245701146488148,-1645.1
2020-11-28 13:00:00,1.1199961580646862,5.926926025970411,0.05420349703350169,-1637.2
2020-11-28 14:00:00,0.8828495302943029,6.07073772800249,0.06376006163810466,-1629.0
2020-11-28 15:00:00,0.7777878222661583,6.206575926724928,0.057233522834502004,-1650.7
2020-11-28 16:00:00,0.7070428346667144,6.336825731146441,0.04937465055945367,-1732.4
2020-11-28 17:00:00,0.5938480872145457,6.434546518787453,0.04209760262218687,-1795.8
2020-11-28 18:00:00,0.6064490715847946,6.481577129276431,0.046891054490597384,-1860.2
2020-11-28 19:00:00,0.6231402492726197,6.489204931325317,0.07056854830303294,-1882.9
2020-11-28 20:00:00,0.6493682463934589,6.489204931325317,0.05979595502364887,-1936.9
2020-11-28 21:00:00,0.7486372360519677,6.493753839851686,0.03802895534992068,-1966.6
2020-11-28 22:00:00,0.9007960717666017,6.467698726104354,0.04644250460771726,-1994.8
2020-11-28 23:00:00,1.5836635590510912,6.429719478039138,0.05359330464983714,-2012.0
2020-11-29 00:00:00,1.2883546521522429,6.529418838262226,0.0632044552477451,-1348.2
2020-11-29 01:00:00,1.3666501932788848,6.52649485957079,0.06450080953655135,-1266.4
2020-11-29 02:00:00,1.8397692061086781,6.46302945692067,0.05181019785541796,-1229.4
2020-11-29 03:00:00,1.8397692061086781,6.400257445308821,0.06912334885877947,-1178.1
2020-11-29 04:00:00,1.4733844983283584,6.340359303727752,0.06216405484836951,-1186.0
2020-11-29 05:00:00,1.8397692061086781,6.309918278226516,0.056492828269170126,-1344.6
2020-11-29 06:00:00,1.5141945135972326,6.289715570908998,0.04792270550780575,-1564.2
2020-11-29 07:00:00,1.6339132774486775,6.253828811575473,0.06052602909909144,-1360.4
2020-11-29 08:00:00,1.6611800115548214,6.20050917404269,0.06467520744018174,-1421.5
2020-11-29 09:00:00,1.4748872718664643,6.186208623900494,0.05956220436141635,-1788.3
2020-11-29 10:00:00,1.3445012117910005,6.19644412779452,0.06715942417978038,-2085.5
2020-11-29 11:00:00,1.2961834524591445,6.1903154058531475,0.07411626558490081,-2094.7
2020-11-29 12:00:00,1.1832272732006759,6.2166061010848646,0.077935832756725,-2067.7
2020-11-29 13:00:00,1.0910195914302458,6.248042874508429,0.06676231872784122,-2072.9
2020-11-29 14:00:00,1.0481789698174886,6.249975242259483,0.08020227691834592,-2082.0
2020-11-29 15:00:00,1.082790112149346,6.282266746896006,0.06654029689737762,-2070.8
2020-11-29 16:00:00,1.2288373519984908,6.338594078203183,0.06718496362904336,-2014.4
2020-11-29 17:00:00,1.1730454572316251,6.385194398997726,0.06617150871611965,-1998.6
2020-11-29 18:00:00,0.9010110134190525,6.428105272684596,0.059168036195689666,-1972.9
2020-11-29 19:00:00,1.0730009754243106,6.466144724237619,0.06163848928003901,-1970.9
2020-11-29 20:00:00,0.9883079272939925,6.511745329644728,0.07186782999087349,-2013.1
2020-11-29 21:00:00,1.1862458010196586,6.570882962339584,0.07996713921219634,-1946.7
2020-11-29 22:00:00,1.2135221760313084,6.618738983517219,0.06640424170787718,-1896.8
2020-11-29 23:00:00,1.393290980945367,6.665683717782408,0.07215468850661377,-1669.9
2020-11-30 00:00:00,1.4799679695127876,6.684611727667927,0.1154716126991584,-1509.7
2020-11-30 01:00:00,1.7394061812780723,6.710523109452428,0.12248798742164091,-1499.9
2020-11-30 02:00:00,1.65190497993768,6.716594773520978,0.11935793607981715,-1598.9
2020-11-30 03:00:00,1.8397692061086781,6.698268054115413,0.10995971170517471,-1603.5
2020-11-30 04:00:00,1.7850757360237974,6.687108607866515,0.10878975563227122,-1771.5
2020-11-30 05:00:00,1.470076495929749,6.646390514847729,0.1025028824225993,-1836.7
2020-11-30 06:00:00,0.6481065668454153,6.579251212010101,0.08560801428127807,-2300.5
2020-11-30 07:00:00,0.6164668126564865,6.541029999189903,0.08414591384170222,-2224.9
2020-11-30 08:00:00,0.6417951535217439,6.5722825426940075,0.08805061594770347,-2181.6
2020-11-30 09:00:00,0.5341582609110418,6.633318433280377,0.08637023157141499,-2181.3
2020-11-30 10:00:00,0.5526967458670065,6.641182169740591,0.0728795264603237,-2192.6
2020-11-30 11:00:00,0.5404348668021912,6.630683385642372,0.0711461835603231,-2188.3
2020-11-30 12:00:00,0.586199493307578,6.61472560020376,0.07738593804657246,-2083.2
2020-11-30 13:00:00,0.6214356963052925,6.597145701886651,0.05412861236059552,-2093.6
2020-11-30 14:00:00,0.6503775548398405,6.617402977974478,0.07114193185583151,-2096.7
2020-11-30 15:00:00,0.7389164952829832,6.641182169740591,0.0644490839652816,-2081.5
2020-11-30 16:00:00,0.8618828022627882,6.647688373563329,0.05039449768463822,-2102.7
2020-11-30 17:00:00,0.7996932647677921,6.6293632534374485,0.05356344125301504,-2062.9
2020-11-30 18:00:00,0.9775186631177339,6.579251212010101,0.05035076577381492,-2067.6
2020-11-30 19:00:00,1.053653870731924,6.51025834052315,0.05776579867549536,-2101.8
2020-11-30 20:00:00,1.1832791731772012,6.418364935936212,0.06531604228356613,-2158.0
2020-11-30 21:00:00,1.2358979605717386,6.335054251498059,0.06938998888321457,-2184.8
2020-11-30 22:00:00,1.6407248491008377,6.274762021241939,0.07873824063033297,-2034.2
2020-11-30 23:00:00,1.0224436273394493,6.236369590203704,0.0867597813398655,-1875.5
2020-12-01 00:00:00,-0.20919516295939777,6.003887067106539,-0.01396428655444737,-1063.7
2020-12-01 01:00:00,-0.19018941588481697,5.8998973535824915,-0.015830732842548656,-964.6
2020-12-01 02:00:00,-0.1646088012037219,5.808142489980444,-0.007539430501388722,-920.5
2020-12-01 03:00:00,-0.15612722570574933,5.676753802268282,-0.0069784066482139195,-882.0
2020-12-01 04:00:00,-0.17433194236895488,5.537334267018537,-0.003063814547213717,-838.8
2020-12-01 05:00:00,0.4948483653060092,5.4510384535657,0.006671119073331511,-975.1
2020-12-01 06:00:00,-0.32599883257415385,5.5254529391317835,0.01843053396166283,-1119.6
2020-12-01 07:00:00,-0.5506940442069568,5.736572297479192,0.022037184264773302,-1460.6
2020-12-01 08:00:00,-0.6155721039043858,6.021023349349527,0.019931794977029682,-1553.4
2020-12-01 09:00:00,-0.6142437837694348,6.304448802421981,0.015332520981778508,-1692.5
2020-12-01 10:00:00,-0.6006281662351989,6.535241271013659,0.008681026665355418,-1830.2
2020-12-01 11:00:00,-0.5817857454893667,6.658011045870748,0.011051645748837657,-1937.0
2020-12-01 12:00:00,-0.5741338959899336,6.717804695023691,0.008936871671011204,-2010.6
2020-12-01 13:00:00,-0.5557599201443888,6.744059186311348,0.010838361721081213,-2052.1
2020-12-01 14:00:00,-0.5799503116887266,6.717804695023691,0.01100073948030289,-2248.0
2020-12-01 15:00:00,-0.5791303638439156,6.68586094706836,0.018066983482874832,-2197.0
2020-12-01 16:00:00,-0.5337952910354762,6.675823221634848,0.01545179607836733,-2162.4
2020-12-01 17:00:00,-0.4593039888039998,6.648984550024776,0.018823546971893812,-2120.8
2020-12-01 18:00:00,-0.5178023063428356,6.568077911411976,0.018120361769875082,-2373.3
2020-12-01 19:00:00,-0.5510630197579935,6.406879986069314,0.024341318452511196,-2302.6
2020-12-01 20:00:00,-0.37386816606421425,6.161207321695077,0.025231239840678654,-2186.9
2020-12-01 21:00:00,-0.039941174889715825,5.8377304471659395,0.023393917760346383,-2077.3
2020-12-01 22:00:00,0.449405274958826,5.3612921657094255,0.020597570597905346,-1991.9
2020-12-01 23:00:00,0.7020361493828546,4.700480365792417,0.023822488901939387,-1922.4
2020-12-02 00:00:00,-0.05994283849552762,4.543294782270004,0.015158598098057752,-1458.8
2020-12-02 01:00:00,-0.13396722780918635,5.19295685089021,0.013288809587349348,-1464.2
2020-12-02 02:00:00,-0.29840884481871965,5.84354441703136,0.02223243503608341,-1480.0
2020-12-02 03:00:00,-0.3644209801196565,6.306275286948016,0.02149618490434335,-1720.8
2020-12-02 04:00:00,-0.44870225624426263,6.652863029353347,0.02595447453528621,-1907.4
2020-12-02 05:00:00,-0.5798668018358977,6.833031732786201,0.03747146318741379,-1932.9
2020-12-02 06:00:00,-0.5528130767744996,6.881411303642535,0.05150511475234598,-1778.6
2020-12-02 07:00:00,-0.578213335300906,6.898714534329988,0.05384138033163488,-1759.9
2020-12-02 08:00:00,-0.5588757157806508,6.890609120147166,0.052400634665647594,-1768.1
2020-12-02 09:00:00,-0.5520040545638398,6.872128101338986,0.04825873673967873,-1833.2
2020-12-02 10:00:00,-0.5523602128509633,6.876264611890766,0.034434424783037265,-1847.9
2020-12-02 11:00:00,-0.5612066832731011,6.8658910748834385,0.029061788371676833,-1833.1
2020-12-02 12:00:00,-0.5753273549059843,6.842683282238422,0.020356895389774365,-1782.3
2020-12-02 13:00:00,-0.5669870389424401,6.823286122355687,0.01670844525469306,-1698.5
2020-12-02 14:00:00,-0.5858733058251002,6.810142450115136,0.01611320456466725,-1799.5
2020-12-02 15:00:00,-0.6441127588397664,6.795705775173514,0.019816526800055634,-1724.7
2020-12-02 16:00:00,-0.6134628147656929,6.795705775173514,0.01420820476977358,-1697.2
2020-12-02 17:00:00,-0.6010036135408199,6.811244378601294,0.014663129987797952,-1654.9
2020-12-02 18:00:00,-0.5352669289174972,6.839476438228843,0.0072510848245519455,-1675.3
2020-12-02 19:00:00,-0.4990659964337185,6.872128101338986,0.01648442164197217,-1454.6
2020-12-02 20:00:00,-0.5007389325196261,6.902742737158593,0.0017265799129502213,-1388.4
2020-12-02 21:00:00,-0.5350037018487286,6.902742737158593,-0.004441728503080888,-1404.5
2020-12-02 22:00:00,-0.542274936945291,6.901737206656574,-0.02003067548875226,-1470.6
2020-12-02 23:00:00,-0.4893136447975519,6.923628628138427,-0.025456832121024675,-1615.7
2020-12-03 00:00:00,-0.5060855649786928,6.967909201801884,-0.04153798615468496,-2048.3
2020-12-03 01:00:00,-0.5019321017478791,6.9650803456014065,-0.04365941664925366,-1935.0
2020-12-03 02:00:00,-0.5395759355171377,6.983789965258135,-0.04029239845363719,-1846.0
2020-12-03 03:00:00,-0.5274901998141699,6.98100574072173,-0.04377418233588948,-1836.6
2020-12-03 04:00:00,-0.5158968808234201,6.940222469119639,-0.03775848891601008,-1922.6
2020-12-03 05:00:00,-0.505824178361844,6.895682697747868,-0.024621597688430086,-1989.7
2020-12-03 06:00:00,-0.47974928070039047,6.892641641172089,-0.015016443073969654,-1984.2
2020-12-03 07:00:00,-0.5307918574686847,6.88653164253051,-0.010630781460571725,-1926.5
2020-12-03 08:00:00,-0.5513097156865072,6.846943139585379,-0.01305870045855606,-1899.2
2020-12-03 09:00:00,-0.5356170263305118,6.803505257608338,-0.015673675434141998,-1873.2
2020-12-03 10:00:00,-0.5332526555005641,6.8001700683022,-0.020669650354887992,-1894.5
2020-12-03 11:00:00,-0.5374907963998976,6.813444599510896,-0.021940046362325383,-1912.6
2020-12-03 12:00:00,-0.5429988951056655,6.81783057145415,-0.024349287975820033,-1903.1
2020-12-03 13:00:00,-0.5479663430602875,6.821107472256465,-0.03307737181958803,-1910.1
2020-12-03 14:00:00,-0.5349124458929384,6.818924065275521,-0.02454426199255888,-1928.6
2020-12-03 15:00:00,-0.5736275116631817,6.806829360392176,-0.018232931373141525,-1892.6
2020-12-03 16:00:00,-0.5578766266534161,6.839476438228843,-0.024493821396011306,-1877.8
2020-12-03 17:00:00,-0.5431068865463313,6.866933284461882,-0.02356689695948333,-1881.1
2020-12-03 18:00:00,-0.5184065899509607,6.854354502255021,-0.0289795499384784,-1932.2
2020-12-03 19:00:00,-0.4702151802679384,6.814542897259958,-0.02789468578984078,-1935.0
2020-12-03 20:00:00,-0.4751160116801181,6.77078942390898,-0.030957151581884723,-1908.0
2020-12-03 21:00:00,-0.4947285053549839,6.731018100482083,-0.03412570635330425,-1869.9
2020-12-03 22:00:00,-0.48455817907373566,6.679599185844383,-0.04303838384930625,-1852.0
2020-12-03 23:00:00,-0.4430332810283808,6.626717749249025,-0.04274501894053451,-1822.9
2020-12-04 00:00:00,-0.3411076447928161,6.525029657843462,-0.06837738025325724,-1306.5
2020-12-04 01:00:00,-0.2920398849204484,6.453624998892692,-0.06672393631272122,-1178.0
2020-12-04 02:00:00,-0.27658755328889884,6.393590753950631,-0.06565807214663444,-1098.0
2020-12-04 03:00:00,-0.2714290285798824,6.3473892096560105,-0.060167431006016514,-1055.1
2020-12-04 04:00:00,-0.30311282459545685,6.331501849893691,-0.05757314863295804,-1067.3
2020-12-04 05:00:00,-0.2914679797845894,6.3080984415095305,-0.05506648037868267,-1227.2
2020-12-04 06:00:00,-0.3495504912943299,6.272877006546167,-0.04553389986630574,-1352.6
2020-12-04 07:00:00,-0.3708538282009539,6.2166061010848646,-0.03788134024890688,-1250.9
2020-12-04 08:00:00,-0.3660797761983332,6.111467339502679,-0.04547409542719727,-1197.8
2020-12-04 09:00:00,-0.3095734297876591,6.0014148779611505,-0.04162686006066352,-1211.5
2020-12-04 10:00:00,-0.26215095015463996,5.91350300563827,-0.04170536948983372,-1184.4
2020-12-04 11:00:00,-0.19123817377812768,5.8522024797744745,-0.047307457192266256,-1157.6
2020-12-04 12:00:00,-0.04281251231140759,5.786897381366708,-0.04884748607663081,-1131.6
2020-12-04 13:00:00,0.1588201080280185,5.726847747587197,-0.04681675569054633,-1156.5
2020-12-04 14:00:00,0.35175663418088643,5.66988092298052,-0.04240222163593543,-1192.3
2020-12-04 15:00:00,0.4280942717079137,5.6240175061873385,-0.03772223588907675,-1339.3
2020-12-04 16:00:00,0.4255664202845457,5.583496308781699,-0.0390503507197284,-1349.7
2020-12-04 17:00:00,0.4689173999227112,5.541263545158426,-0.041414743044566826,-1399.8
2020-12-04 18:00:00,0.5274778354096408,5.488937726156687,-0.05693782512627532,-1411.3
2020-12-04 19:00:00,0.5637472205839504,5.44673737166631,-0.043743315488737444,-1347.5
2020-12-04 20:00:00,0.19501252053837037,5.420534999272286,-0.05256740739266874,-1283.6
2020-12-04 21:00:00,0.1650515550608369,5.402677381872279,-0.0586138808508716,-1293.3
2020-12-04 22:00:00,0.11015092008740446,5.384495062789089,-0.06253958157392336,-1312.3
2020-12-04 23:00:00,0.06419660198921928,5.402677381872279,-0.06223997782086599,-1336.7
2020-12-05 00:00:00,0.15808814059790066,5.313205979041787,-0.08136592590145408,-970.9
2020-12-05 01:00:00,0.2104155596633026,5.236441962829949,-0.08130143037722526,-791.6
2020-12-05 02:00:00,0.17345037569527832,5.135798437050262,-0.0791184141091259,-763.7
2020-12-05 03:00:00,0.1959295347885308,5.049856007249537,-0.08423770283463217,-748.9
2020-12-05 04:00:00,0.22520872180016127,5.0106352940962555,-0.09386665149237494,-756.2
2020-12-05 05:00:00,0.2668476027570277,5.0106352940962555,-0.09897687277530576,-768.2
2020-12-05 06:00:00,0.37684403532177946,4.976733742420574,-0.07406283312317719,-811.0
2020-12-05 07:00:00,0.3344255951204502,4.927253685157205,-0.06831093695362433,-1002.5
2020-12-05 08:00:00,0.3303684855885569,4.962844630259907,-0.07910622152236435,-987.8
2020-12-05 09:00:00,0.36074012023468915,5.030437921392435,-0.07302993064124408,-1056.9
2020-12-05 10:00:00,0.35225288032830493,5.10594547390058,-0.06399549230080748,-1084.2
2020-12-05 11:00:00,0.37753329614053177,5.204006687076795,-0.06579771062884987,-1137.9
2020-12-05 12:00:00,0.36541825053747523,5.293304824724492,-0.06918134710345925,-1122.2
2020-12-05 13:00:00,0.3400247491925765,5.389071729816501,-0.08422269842181862,-1076.5
2020-12-05 14:00:00,0.3551149487611873,5.501258210544727,-0.07485291537552641,-1140.0
2020-12-05 15:00:00,0.2894392090255149,5.602118820879701,-0.06455374183904361,-1194.2
2020-12-05 16:00:00,0.29924793690289153,5.6937321388027,-0.06645613658634186,-1268.1
2020-12-05 17:00:00,0.25723343608435023,5.75890177387728,-0.07006561791539578,-1294.3
2020-12-05 18:00:00,0.26373067959481755,5.768320995793772,-0.06641257107084098,-1293.2
2020-12-05 19:00:00,0.23126202744745505,5.703782474656201,-0.05237736421917205,-1250.6
2020-12-05 20:00:00,0.2566723098933381,5.575949103146316,-0.0687269400806283,-1242.8
2020-12-05 21:00:00,0.25239849200896325,5.44673737166631,-0.08025779581589543,-1200.8
2020-12-05 22:00:00,0.1666785822389647,5.293304824724492,-0.07575028805293371,-1175.1
2020-12-05 23:00:00,0.14279305626421746,5.123963979403259,-0.0671858199152,-1142.0
2020-12-06 00:00:00,0.20810659885910443,4.330733340286331,-0.06439029591096812,-483.9
2020-12-06 01:00:00,0.23869434742760243,3.912023005428146,-0.05825011729303409,-419.9
2020-12-06 02:00:00,0.2619088616107863,3.58351893845611,-0.0688627341894259,-416.5
2020-12-06 03:00:00,0.2618572149210472,3.58351893845611,-0.059115099681219085,-409.6
2020-12-06 04:00:00,0.31386358225286193,3.871201010907891,-0.06380932308514975,-440.9
2020-12-06 05:00:00,0.3592640149299209,4.204692619390966,-0.06383769078881052,-464.6
2020-12-06 06:00:00,0.5028543961788725,4.5217885770490405,-0.0621499143550599,-588.2
2020-12-06 07:00:00,0.4571088619403092,4.6913478822291435,-0.04963640127740465,-616.1
2020-12-06 08:00:00,0.33309995231323963,4.804021044733257,-0.05416112564271014,-578.8
2020-12-06 09:00:00,0.34271046190056387,4.955827057601261,-0.0508955265441946,-608.1
2020-12-06 10:00:00,0.32707904034213797,5.062595033026967,-0.045373763261648214,-639.1
2020-12-06 11:00:00,0.30455888201435144,5.062595033026967,-0.05158190591466294,-669.3
2020-12-06 12:00:00,0.3290569490639004,5.0238805208462765,-0.06633035486341221,-678.8
2020-12-06 13:00:00,0.32638333127389574,5.0238805208462765,-0.06572272639280197,-700.2
2020-12-06 14:00:00,0.3405121640383415,5.017279836814924,-0.06688034981079483,-670.7
2020-12-06 15:00:00,0.31048549664703984,5.003946305945459,-0.06858209160851203,-662.6
2020-12-06 16:00:00,0.33890769416002486,4.997212273764115,-0.06303798902156643,-812.8
2020-12-06 17:00:00,0.28435844679494426,4.997212273764115,-0.06069013667038625,-828.5
2020-12-06 18:00:00,0.25395359256988037,5.111987788356544,-0.07217705696411514,-818.1
2020-12-06 19:00:00,0.24012615727528752,5.247024072160486,-0.06261102502942784,-749.9
2020-12-06 20:00:00,0.2041951130607762,5.308267697401205,-0.05992068826237684,-726.4
2020-12-06 21:00:00,0.18209567280221695,5.375278407684165,-0.05400812594836868,-694.1
2020-12-06 22:00:00,0.10791751978270714,5.41610040220442,-0.062180128696262216,-654.6
2020-12-06 23:00:00,0.06278487620880835,5.476463551931511,-0.07017393704917652,-647.5
2020-12-07 00:00:00,0.014208416822421466,5.472270673671475,-0.04352714654109313,-650.0
2020-12-07 01:00:00,-0.007278596763662826,5.318119993844216,-0.041228507256215075,-353.3
2020-12-07 02:00:00,-0.05699623574902679,5.081404364984463,-0.039861337662621565,-264.5
2020-12-07 03:00:00,-0.016567634353297667,4.859812404361672,-0.040383083250735474,-209.2
2020-12-07 04:00:00,-0.10956141220692173,4.700480365792417,-0.03855798061386828,-191.8
2020-12-07 05:00:00,-0.1549724574853375,4.406719247264253,-0.029754088590751238,-683.9
2020-12-07 06:00:00,-0.03818659171321048,4.060443010546419,-0.03820755343937687,-648.5
2020-12-07 07:00:00,0.04565964234679232,3.7612001156935624,-0.046905053991888934,-893.3
2020-12-07 08:00:00,0.04832332087580449,3.713572066704308,-0.044341130339306645,-1131.6
2020-12-07 09:00:00,0.02809144412701503,3.871201010907891,-0.03754013693244129,-886.2
2020-12-07 10:00:00,0.0195082769699928,4.0943445622221,-0.05174205866117454,-818.7
2020-12-07 11:00:00,-0.004137461979339729,4.204692619390966,-0.05214474355386578,-831.2
2020-12-07 12:00:00,0.005673119787426906,4.382026634673881,-0.049739438135789626,-860.1
2020-12-07 13:00:00,-0.011395818051953555,4.61512051684126,-0.06400263285708352,-905.1
2020-12-07 14:00:00,-0.04080576886481202,4.762173934797756,-0.05515296518407187,-880.9
2020-12-07 15:00:00,-0.041341378516487115,4.852030263919617,-0.05029886667310279,-1088.0
2020-12-07 16:00:00,-0.017242698699721615,4.9344739331306915,-0.05908735378520369,-1303.1
2020-12-07 17:00:00,-0.003464349207588313,5.017279836814924,-0.054346372185029246,-1336.2
2020-12-07 18:00:00,0.003298171811174644,5.123963979403259,-0.05553128758304826,-1360.4
2020-12-07 19:00:00,-0.01951466657536649,5.181783550292085,-0.051478693978113554,-1221.3
2020-12-07 20:00:00,-0.04537352085796931,5.176149732573829,-0.05056814404150867,-915.9
2020-12-07 21:00:00,-0.0651958744583232,5.147494476813453,-0.04713352339524768,-782.5
2020-12-07 22:00:00,-0.12622548705164682,5.099866427824199,-0.04255782005985598,-717.4
2020-12-07 23:00:00,-0.15717479304549187,5.093750200806762,-0.04547799372193051,-733.5
2020-12-08 00:00:00,-0.06003585460072358,5.241747015059643,-0.06658530851036026,-690.5
2020-12-08 01:00:00,0.014709615686855138,5.25227342804663,-0.06918838195504584,-562.4
2020-12-08 02:00:00,0.038115678434545774,5.220355825078324,-0.06981294500810797,-575.6
2020-12-08 03:00:00,0.056315012558626254,5.288267030694535,-0.069826310307878,-586.6
2020-12-08 04:00:00,0.082503809925901,5.393627546352362,-0.06400072492081144,-596.3
2020-12-08 05:00:00,-0.030132580832853417,5.4680601411351315,-0.05610754239877025,-1277.5
2020-12-08 06:00:00,0.01512412456995138,5.480638923341991,-0.04670876820929859,-1418.1
2020-12-08 07:00:00,-0.06883350583747161,5.521460917862246,-0.041726443381873146,-1505.9
2020-12-08 08:00:00,-0.14264380631608553,5.583496308781699,-0.042775312086551054,-1507.8
2020-12-08 09:00:00,0.020369656093696342,5.680172609017068,-0.04135677968667828,-1446.3
2020-12-08 10:00:00,0.04248873218519167,5.780743515792329,-0.04542683592495589,-1476.0
2020-12-08 11:00:00,0.05840556249344386,5.855071922202427,-0.049071642966834084,-1495.3
2020-12-08 12:00:00,-0.08341650176728876,5.908082938168931,-0.053046384474246366,-1520.4
2020-12-08 13:00:00,-0.07904517350358553,5.921578419643816,-0.04704129268384971,-1565.4
2020-12-08 14:00:00,-0.10284269803229229,5.932245187448011,-0.04255074179083973,-1541.3
2020-12-08 15:00:00,-0.1091267345981799,5.991464547107982,-0.03875820809474373,-1585.3
2020-12-08 16:00:00,-0.10638273709479229,6.093569770045136,-0.04828269540868124,-1598.1
2020-12-08 17:00:00,-0.20210141789787128,6.20050917404269,-0.04874987786083107,-1480.8
2020-12-08 18:00:00,-0.1726838749897901,6.280395838960195,-0.05432638845023252,-1468.0
2020-12-08 19:00:00,-0.22461989860598042,6.336825731146441,-0.0507223273833004,-1484.3
2020-12-08 20:00:00,-0.12984140383358023,6.375024819828097,-0.05493493224439838,-1500.0
2020-12-08 21:00:00,-0.14036340890695964,6.393590753950631,-0.06041243756249415,-1435.9
2020-12-08 22:00:00,-0.13880701242258464,6.395261598115449,-0.06599106277942557,-1463.9
2020-12-08 23:00:00,-0.06760493918193955,6.415096959171596,-0.06304482700554193,-1481.5
2020-12-09 00:00:00,0.10897090720742142,6.434546518787453,-0.07663318835369992,-1168.1
2020-12-09 01:00:00,0.19826893816643798,6.472346294500901,-0.07712895198370795,-1126.0
2020-12-09 02:00:00,0.23006381066058257,6.525029657843462,-0.07715242505560127,-1165.8
2020-12-09 03:00:00,0.20881393623400513,6.565264970035361,-0.07480704364097335,-1200.6
2020-12-09 04:00:00,0.18104178230751788,6.573680166960646,-0.06951832011613224,-1263.1
2020-12-09 05:00:00,-0.1357325525685793,6.56244409369372,-0.06244791973033159,-1548.4
2020-12-09 06:00:00,-0.1647202183908063,6.5638555265321274,-0.05442204195354705,-1689.0
2020-12-09 07:00:00,-0.1981756182136869,6.569481420414296,-0.05622502636360416,-1728.9
2020-12-09 08:00:00,-0.21147440862724753,6.546785410760524,-0.055612609394930956,-1714.3
2020-12-09 09:00:00,-0.18697251603416598,6.519147287940395,-0.05234339402810129,-1737.5
2020-12-09 10:00:00,-0.1882514300265017,6.511745329644728,-0.055177733906649706,-1744.8
2020-12-09 11:00:00,-0.1842245132981537,6.511745329644728,-0.059319049851249694,-1735.3
2020-12-09 12:00:00,-0.18880877752475822,6.517671272912275,-0.06010346092800045,-1735.4
2020-12-09 13:00:00,-0.1942071839614692,6.532334292222349,-0.05289773505246398,-1720.7
2020-12-09 14:00:00,-0.1928901019015017,6.5638555265321274,-0.04615516803836428,-1752.4
2020-12-09 15:00:00,-0.24666693989822175,6.61472560020376,-0.04204386179029029,-1754.5
2020-12-09 16:00:00,-0.20853289532430352,6.672032945461067,-0.051798154411591746,-1801.7
2020-12-09 17:00:00,-0.19444977369745908,6.699500340161678,-0.05453297287877845,-1807.0
2020-12-09 18:00:00,-0.16585911894188676,6.688354713946762,-0.0625708881711855,-1750.0
2020-12-09 19:00:00,-0.13616050274435,6.672032945461067,-0.04844865463979886,-1783.2
2020-12-09 20:00:00,-0.11881720584611033,6.670766320845874,-0.059134633098663514,-1814.1
2020-12-09 21:00:00,-0.1397582656168228,6.677083461247136,-0.06246356290517774,-1822.7
2020-12-09 22:00:00,-0.14608868073271664,6.698268054115413,-0.07043374323364926,-1810.2
2020-12-09 23:00:00,-0.0699021031564313,6.728628613084702,-0.06790802782664418,-1826.4
2020-12-10 00:00:00,0.04564996153142342,6.652863029353347,-0.06075255109931099,-1919.8
2020-12-10 01:00:00,0.12131321170261833,6.677083461247136,-0.061374671784510504,-1912.7
2020-12-10 02:00:00,0.12393187560818086,6.637258031284457,-0.06256503406276082,-1916.8
2020-12-10 03:00:00,0.13496274722829726,6.576469569048224,-0.062416533145169595,-1915.3
2020-12-10 04:00:00,0.09584117829556549,6.501289670540389,-0.05518053236267395,-1880.0
2020-12-10 05:00:00,0.04703736250801471,6.406879986069314,-0.04890073084351254,-1876.2
2020-12-10 06:00:00,0.04149485437744227,6.324358962381311,-0.042523088863803515,-1767.4
2020-12-10 07:00:00,0.06222825829857914,6.270988431858299,-0.040279475382702046,-1813.3
2020-12-10 08:00:00,-0.057694511751963606,6.198478716492308,-0.040271263983440164,-1944.0
2020-12-10 09:00:00,-0.039643160700546964,6.104793232414985,-0.04059002669867606,-1935.3
2020-12-10 10:00:00,-0.03150674743497017,6.0330862217988015,-0.04346699023749512,-1972.5
2020-12-10 11:00:00,-0.035767428278671964,5.993961427306569,-0.04706508326168102,-1955.7
2020-12-10 12:00:00,-0.02701132498472214,5.955837369464831,-0.04777310164984794,-1929.7
2020-12-10 13:00:00,-0.033158633395174775,5.924255797414532,-0.05253906391238772,-1937.9
2020-12-10 14:00:00,-0.015801770592840825,5.877735781779639,-0.03786792319102883,-1956.3
2020-12-10 15:00:00,-0.05967405589615815,5.8377304471659395,-0.030719322024524764,-1970.2
2020-12-10 16:00:00,-0.048370917284628945,5.860786223465865,-0.03854211158223109,-1949.4
2020-12-10 17:00:00,0.09317304337269405,5.860786223465865,-0.03989985098153426,-1825.3
2020-12-10 18:00:00,0.11758217676903593,5.834810737062605,-0.044096995814391526,-1684.8
2020-12-10 19:00:00,0.16997342658539516,5.799092654460526,-0.03557521509761852,-1685.3
2020-12-10 20:00:00,0.1670456141469594,5.746203190540153,-0.03878804516243228,-1677.5
2020-12-10 21:00:00,0.1266955699523149,5.707110264748875,-0.041294195831916625,-1677.1
2020-12-10 22:00:00,0.13745760717404254,5.69035945432406,-0.04964997818161887,-1683.7
2020-12-10 23:00:00,0.15784992279358345,5.6937321388027,-0.051219645931506186,-1715.9
2020-12-11 00:00:00,0.16261735742359829,5.60947179518496,-0.04237938222837112,-1885.7
2020-12-11 01:00:00,0.22887955201476107,5.556828061699537,-0.03951734381046368,-1859.5
2020-12-11 02:00:00,0.2555257635567556,5.4638318050256105,-0.033909373832053724,-1840.5
2020-12-11 03:00:00,0.26695453924976587,5.37989735354046,-0.03396505861199195,-1849.9
2020-12-11 04:00:00,0.23771424717623013,5.298317366548036,-0.030056365224957915,-1857.1
2020-12-11 05:00:00,0.18076862396545845,5.241747015059643,-0.03165403975394021,-1921.8
2020-12-11 06:00:00,0.12443972498049272,5.19295685089021,-0.03138272032006295,-1650.0
2020-12-11 07:00:00,0.07668344610772682,5.1647859739235145,-0.029563711955808536,-1652.6
2020-12-11 08:00:00,0.029941019067243335,5.14166355650266,-0.03413181882326288,-1669.0
2020-12-11 09:00:00,0.025838616863881114,5.147494476813453,-0.028868713275938873,-1695.4
2020-12-11 10:00:00,0.041857355776171445,5.147494476813453,-0.026723815874216683,-1709.4
2020-12-11 11:00:00,0.03527319404619789,5.135798437050262,-0.02701363785245192,-1726.4
2020-12-11 12:00:00,0.065782278852073,5.093750200806762,-0.02784146238358165,-1743.6
2020-12-11 13:00:00,0.05279060013422221,5.049856007249537,-0.025149864016712264,-1718.1
2020-12-11 14:00:00,0.032913553919408756,5.0106352940962555,-0.023985494849704025,-1712.7
2020-12-11 15:00:00,0.03950786700896325,5.017279836814924,-0.017861340325779018,-1784.1
2020-12-11 16:00:00,0.03065296882784141,5.030437921392435,-0.01899769216834013,-1729.7
2020-12-11 17:00:00,0.038448998693676906,4.955827057601261,-0.02056514192294312,-1675.5
2020-12-11 18:00:00,0.08389762523651934,4.875197323201151,-0.02960127096252485,-1627.9
2020-12-11 19:00:00,0.15763191739436255,4.867534450455582,-0.014238069578903279,-1581.9
2020-12-11 20:00:00,0.15231461949068326,4.852030263919617,-0.020742923752616882,-1702.2
2020-12-11 21:00:00,0.15653280974450912,4.709530201312334,-0.026169834898853495,-1707.6
2020-12-11 22:00:00,0.16408792115513426,4.584967478670572,-0.023867547570076475,-1757.8
2020-12-11 23:00:00,0.2056621222891617,4.5217885770490405,-0.02028751711989507,-1742.7
2020-12-12 00:00:00,0.23181069553271705,4.23410650459726,-0.030250425096023825,-1045.8
2020-12-12 01:00:00,0.30116761559709593,4.219507705176107,-0.023844375352437552,-972.1
2020-12-12 02:00:00,0.3034516084609664,4.110873864173311,-0.019451595803364086,-927.8
2020-12-12 03:00:00,0.32166454203566675,4.007333185232471,-0.022544133829291546,-842.7
2020-12-12 04:00:00,0.366584869529861,4.007333185232471,-0.025298498635719646,-914.2
2020-12-12 05:00:00,0.3887288865229763,4.007333185232471,-0.027267838459577476,-960.7
2020-12-12 06:00:00,0.4797274627672441,3.9889840465642745,-0.014470735920932398,-1119.4
2020-12-12 07:00:00,0.4492789141902658,3.912023005428146,-0.011723462324161105,-1154.6
2020-12-12 08:00:00,0.4180740660076623,3.8918202981106265,-0.019927082823658182,-1413.2
2020-12-12 09:00:00,0.48527993835395256,3.912023005428146,-0.01839787261549297,-1778.4
2020-12-12 10:00:00,0.39118119106880744,3.970291913552122,-0.010056962878080888,-1710.6
2020-12-12 11:00:00,0.3853186253631815,3.970291913552122,-0.012673845202299638,-1661.1
2020-12-12 12:00:00,0.398410933691824,3.9318256327243257,-0.014514271494102893,-1697.4
2020-12-12 13:00:00,0.42314235496205654,3.9318256327243257,-0.02340648737211204,-1695.6
2020-12-12 14:00:00,0.4486093306288952,4.007333185232471,-0.015367462089346695,-1696.5
2020-12-12 15:00:00,0.5611634960386853,4.127134385045092,-0.0050537686884783994,-1719.6
2020-12-12 16:00:00,0.5166655690834339,4.290459441148391,-0.007230833996327846,-1766.0
2020-12-12 17:00:00,0.4796219854751911,4.442651256490317,-0.00841281448760789,-1724.6
2020-12-12 18:00:00,0.3258987654019898,4.61512051684126,-0.011167096844862279,-1711.1
2020-12-12 19:00:00,0.3442645016930106,4.736198448394496,0.001988129205348521,-1653.6
2020-12-12 20:00:00,0.36557005045343427,4.812184355372417,-0.01055221904367265,-1589.3
2020-12-12 21:00:00,0.37377275644497043,4.859812404361672,-0.009736780725680738,-1561.5
2020-12-12 22:00:00,0.38712419687465793,4.867534450455582,-0.0029306991566659946,-1534.3
2020-12-12 23:00:00,0.4279678144062151,4.927253685157205,-0.002647298777628926,-1511.8
2020-12-13 00:00:00,1.0083956926722792,4.31748811353631,-0.006254269323298978,-1510.3
2020-12-13 01:00:00,0.724202163209303,4.31748811353631,-0.0058100843684929515,-1485.8
2020-12-13 02:00:00,0.712069212327588,4.276666119016055,-0.016013711073830983,-1454.5
2020-12-13 03:00:00,0.7287568582291919,4.189654742026425,-0.007200328823183888,-1457.8
2020-12-13 04:00:00,0.8251238941369774,4.127134385045092,-0.010209631862195145,-1480.4
2020-12-13 05:00:00,1.0075850028636268,4.07753744390572,-0.010376685583172396,-1464.1
2020-12-13 06:00:00,0.9621492616704961,3.9889840465642745,-0.005821031877486504,-1656.5
2020-12-13 07:00:00,0.9050090126826178,3.8501476017100584,0.00375409262049331,-1636.2
2020-12-13 08:00:00,0.828073747643256,3.713572066704308,0.003837977612032084,-1669.9
2020-12-13 09:00:00,0.7812469463835003,3.58351893845611,0.008227120620343698,-1708.1
2020-12-13 10:00:00,0.7395650057475156,3.367295829986474,0.012818753586174125,-1716.4
2020-12-13 11:00:00,0.6761867698824124,3.332204510175204,0.009090499918027461,-1746.9
2020-12-13 12:00:00,0.5374860300241076,3.295836866004329,-0.0020990062056025494,-1863.5
2020-12-13 13:00:00,0.5333172286507479,3.258096538021482,-0.0010332504659036346,-1856.9
2020-12-13 14:00:00,0.5397381409692712,3.258096538021482,0.0009819393058707604,-1862.6
2020-12-13 15:00:00,0.49219608656694147,3.295836866004329,0.004951992437637109,-1866.3
2020-12-13 16:00:00,0.4421580592142189,3.4011973816621555,0.012657285052728007,-1908.4
2020-12-13 17:00:00,0.3858279069598036,3.4657359027997265,0.013135692322025605,-1879.6
2020-12-13 18:00:00,0.5567882959203265,3.4657359027997265,0.0024496322410927363,-1720.1
2020-12-13 19:00:00,0.6228682844675584,3.4339872044851463,0.013834215922320148,-1665.9
2020-12-13 20:00:00,0.5941560346329751,3.4339872044851463,-0.00408481480446099,-1599.3
2020-12-13 21:00:00,0.5777645262371833,3.367295829986474,-0.0032930333693519387,-1582.4
2020-12-13 22:00:00,0.583161112452574,3.332204510175204,-0.009231450751931547,-1575.8
2020-12-13 23:00:00,0.6164237462623898,3.367295829986474,-0.0206334914890407,-1472.6
2020-12-14 00:00:00,0.41705572238850674,3.332204510175204,-0.021170239439816996,-1052.6
2020-12-14 01:00:00,0.45897870752245096,3.4011973816621555,-0.01959200766285285,-1012.0
2020-12-14 02:00:00,0.4346124627697949,3.4657359027997265,-0.0249944263222881,-974.2
2020-12-14 03:00:00,0.4960869794058653,3.4965075614664802,-0.019512760525155493,-955.5
2020-12-14 04:00:00,0.3709182864307543,3.5553480614894135,-0.015470165867804475,-942.5
2020-12-14 05:00:00,0.20260705458382144,3.7376696182833684,0.007770705560147917,-913.6
2020-12-14 06:00:00,0.40006833921794493,4.007333185232471,0.019567464692293868,-1561.8
2020-12-14 07:00:00,0.39388193774590263,4.30406509320417,0.014537489440554552,-1732.4
2020-12-14 08:00:00,0.37108067451785587,3.8066624897703196,0.023281982163217307,-1759.5
2020-12-14 09:00:00,0.3601108561275934,4.007333185232471,0.018864413321107776,-1674.2
2020-12-14 10:00:00,0.35928607406961044,4.127134385045092,0.004862774991323704,-1652.3
2020-12-14 11:00:00,0.3443117900606545,4.2626798770413155,0.0038191308948931635,-1711.4
2020-12-14 12:00:00,0.35628229236785547,4.454347296253507,0.011331393138764412,-1768.6
2020-12-14 13:00:00,0.34123053736077846,4.605170185988092,0.0026643034153144285,-1820.6
2020-12-14 14:00:00,0.31471076197015346,4.727387818712341,0.008581526302976705,-1825.6
2020-12-14 15:00:00,0.28819550390813964,4.804021044733257,0.011561521917243134,-1818.6
2020-12-14 16:00:00,0.26825709527731423,4.90527477843843,0.003410011254804779,-1757.0
2020-12-14 17:00:00,0.26002299465713596,5.0369526024136295,0.00881705686550216,-1789.4
2020-12-14 18:00:00,0.24586685965212363,5.209486152841421,-0.00025209185827357317,-1628.4
2020-12-14 19:00:00,0.2473431796423231,5.3612921657094255,-0.004285766557810433,-1632.4
2020-12-14 20:00:00,0.2382621969833405,5.480638923341991,-0.005353895730340952,-1608.9
2020-12-14 21:00:00,0.1847653736431627,5.62040086571715,-0.013876301638765298,-1521.8
2020-12-14 22:00:00,0.1456549022088116,5.730099782973574,-0.01171121853699475,-1264.3
2020-12-14 23:00:00,0.1211526742390685,5.8289456176102075,-0.020372072590854273,-1123.9
2020-12-15 00:00:00,0.13832270110304812,5.605802066295998,-0.003930757564869047,-881.2
2020-12-15 01:00:00,0.21150210283970816,5.673323267171493,-0.0022941471250161882,-878.8
2020-12-15 02:00:00,0.2187046330047191,5.713732805509369,-0.009241558571918773,-732.7
2020-12-15 03:00:00,0.21272813678985436,5.723585101952381,-0.011217497353981365,-723.5
2020-12-15 04:00:00,0.20741845937052084,5.746203190540153,-0.003063814547213717,-953.2
2020-12-15 05:00:00,0.11039819227913394,5.762051382780177,0.0002453941523610226,-1093.4
2020-12-15 06:00:00,0.1484138253503975,5.7745515455444085,0.007105384604608744,-1207.2
2020-12-15 07:00:00,0.12551662682209042,5.755742213586912,0.008869473890126045,-1484.2
2020-12-15 08:00:00,0.1091938534543635,5.720311776607412,0.011210809471585037,-1518.7
2020-12-15 09:00:00,0.18309500524335487,5.666426688112432,0.017505647516092182,-1539.6
2020-12-15 10:00:00,0.19965950955712897,5.594711379601839,0.007949230072141766,-1562.4
2020-12-15 11:00:00,0.1660362266858093,5.5134287461649825,0.002260380337666845,-1525.1
2020-12-15 12:00:00,0.2608530453139557,5.420534999272286,-0.0005211835557856759,-1526.8
2020-12-15 13:00:00,0.30979642190385226,5.298317366548036,0.007950273071008596,-1515.0
2020-12-15 14:00:00,0.3691057118599925,5.14166355650266,0.009571146670708686,-1542.9
2020-12-15 15:00:00,0.49938074550310674,4.90527477843843,0.018066983482874832,-1554.5
2020-12-15 16:00:00,0.9457020451053317,4.6913478822291435,0.013320356550297952,-1535.1
2020-12-15 17:00:00,0.7618433204118462,4.382026634673881,0.012410984919387857,-1534.3
2020-12-15 18:00:00,0.33656570432073485,4.060443010546419,0.0050672395252959745,-1607.3
2020-12-15 19:00:00,0.3120751051384274,3.713572066704308,0.014062226477864037,-1666.8
2020-12-15 20:00:00,0.4050131977317717,3.4339872044851463,0.00804740274041027,-1635.4
2020-12-15 21:00:00,0.4226090037014387,3.4011973816621555,0.0036664191220285858,-1649.8
2020-12-15 22:00:00,0.2606190984688115,3.7376696182833684,-0.0037268927134652685,-1306.6
2020-12-15 23:00:00,0.19467497624918906,4.02535169073515,-0.008386414467677739,-1000.5
2020-12-16 00:00:00,0.1866710076603022,4.406719247264253,0.02169456907784273,-606.9
2020-12-16 01:00:00,0.2426158272670178,4.672828834461906,0.026501223093942095,-492.6
2020-12-16 02:00:00,0.2858589721150149,4.7535901911063645,0.021402214980094314,-469.7
2020-12-16 03:00:00,0.27125976257203055,4.584967478670572,0.02314907784264264,-466.0
2020-12-16 04:00:00,0.26705728214590607,4.61512051684126,0.029201230634156694,-474.8
2020-12-16 05:00:00,0.1635202510738698,4.859812404361672,0.030431934703885943,-734.0
2020-12-16 06:00:00,0.1315455977523663,5.176149732573829,0.027922592266053314,-1504.4
2020-12-16 07:00:00,0.42136925789536006,5.393627546352362,0.022365248229617052,-1617.7
2020-12-16 08:00:00,1.083996972739687,5.204006687076795,0.024670454006237463,-1891.9
2020-12-16 09:00:00,0.6756943818158132,5.389071729816501,0.03337012424592789,-2027.3
2020-12-16 10:00:00,0.7067561563565041,5.579729825986222,0.02438408892953614,-2072.1
2020-12-16 11:00:00,0.5989169282831308,5.726847747587197,0.019699098443826557,-2092.4
2020-12-16 12:00:00,0.43951248428103806,5.84354441703136,0.017489509912618217,-2077.9
2020-12-16 13:00:00,0.22467374113936778,5.932245187448011,0.02170310422878341,-2113.7
2020-12-16 14:00:00,0.3293083393473921,5.998936561946683,0.0238953450067223,-2055.1
2020-12-16 15:00:00,0.5920828725979832,6.059123195581797,0.028949010363327865,-1973.3
2020-12-16 16:00:00,0.11979985076329758,6.118097198041348,0.02409529096094598,-1779.6
2020-12-16 17:00:00,0.0568042005738163,6.1675164908883415,0.02104386769452571,-1750.7
2020-12-16 18:00:00,0.20655454766969594,6.206575926724928,0.013035627346081213,-1873.3
2020-12-16 19:00:00,0.23143563519901855,6.238324625039508,0.031168973324892768,-1918.9
2020-12-16 20:00:00,0.17727812911350993,6.255750041753367,0.02047478559529825,-1922.3
2020-12-16 21:00:00,0.13225476773321,6.253828811575473,0.01770503386023492,-1871.2
2020-12-16 22:00:00,0.12363651759910566,6.240275845170769,0.011692841203374549,-1650.7
2020-12-16 23:00:00,0.15312838354123004,6.210600077024653,0.010465397584333402,-1533.7
2020-12-17 00:00:00,0.1516431883777094,6.415096959171596,0.028607623212074884,-946.7
2020-12-17 01:00:00,0.15990817418702186,6.366470447731438,0.03482876399702928,-841.2
2020-12-17 02:00:00,0.13116704928896006,6.285998094508865,0.03028511990070193,-831.4
2020-12-17 03:00:00,0.12520657228293253,6.16541785423142,0.03321943262066185,-793.8
2020-12-17 04:00:00,0.1458639859158546,6.042632833682381,0.03869068324739633,-879.5
2020-12-17 05:00:00,0.1321644351903455,5.91350300563827,0.041776236039324566,-1007.8
2020-12-17 06:00:00,0.20491608480364576,5.799092654460526,0.044421884858761196,-1694.9
2020-12-17 07:00:00,0.05302856140015555,5.648974238161206,0.043318159603757955,-1715.6
2020-12-17 08:00:00,0.1105914320191288,5.43372200355424,0.0476975089625169,-1666.5
2020-12-17 09:00:00,0.06221997442510885,5.198497031265826,0.056248037283701535,-1596.3
2020-12-17 10:00:00,0.04324067907284457,4.955827057601261,0.05386755240956553,-1560.4
2020-12-17 11:00:00,0.09407887851045427,4.787491742782046,0.05404586061559691,-1403.3
2020-12-17 12:00:00,0.1290593554323607,4.653960350157523,0.055291201747627916,-1329.2
2020-12-17 13:00:00,0.12841598550336553,4.564348191467836,0.05009665441925293,-1325.8
2020-12-17 14:00:00,0.06910342956666993,4.532599493153256,0.0586608607854906,-1221.3
2020-12-17 15:00:00,0.06487978208186629,4.605170185988092,0.06908253562947397,-1208.3
2020-12-17 16:00:00,0.0009144189672158909,4.736198448394496,0.06599900665926928,-1142.3
2020-12-17 17:00:00,-0.00638194073981202,4.836281906951478,0.0624621616800356,-1140.3
2020-12-17 18:00:00,0.05087566486052575,4.919980925828125,0.0599679360780172,-1180.6
2020-12-17 19:00:00,0.10285848992264368,5.017279836814924,0.06831930747330528,-1218.5
2020-12-17 20:00:00,0.10446853808105594,5.10594547390058,0.06492016279031443,-1254.3
2020-12-17 21:00:00,0.09417610264847642,5.187385805840755,0.06190571401600309,-1275.8
2020-12-17 22:00:00,0.1615874642337305,5.209486152841421,0.054963990222422154,-1171.4
2020-12-17 23:00:00,0.16525736407144542,5.25227342804663,0.051413750258748614,-1203.5
2020-12-18 00:00:00,0.10844456182890028,5.68697535633982,0.0753086009114261,-690.8
2020-12-18 01:00:00,0.1513444580500094,5.69035945432406,0.06869624082976955,-620.6
2020-12-18 02:00:00,0.14584765903772734,5.666426688112432,0.06988741984958935,-636.5
2020-12-18 03:00:00,0.15238521819647843,5.655991810819852,0.062128513320137024,-624.0
2020-12-18 04:00:00,0.201012880325802,5.594711379601839,0.06687175090827058,-610.2
2020-12-18 05:00:00,0.17564399127346642,5.5134287461649825,0.0689015623434468,-906.6
2020-12-18 06:00:00,0.1878859467194549,5.44673737166631,0.06881225203686814,-1457.1
2020-12-18 07:00:00,0.23090377594371958,5.4116460518550396,0.06725135902793689,-1537.8
2020-12-18 08:00:00,0.25939067907943825,5.342334251964811,0.06731125924975867,-1505.4
2020-12-18 09:00:00,0.3672579571571397,5.2574953720277815,0.07178274558031461,-1630.8
2020-12-18 10:00:00,0.2015584661340788,5.181783550292085,0.07498692477385305,-1480.8
2020-12-18 11:00:00,0.18529845548131085,5.111987788356544,0.07678315582919115,-1473.9
2020-12-18 12:00:00,0.1989562946188994,5.017279836814924,0.07305476014555978,-1564.7
2020-12-18 13:00:00,0.18177054161492867,4.890349128221754,0.07532066634692214,-1548.4
2020-12-18 14:00:00,0.1567599303251357,4.762173934797756,0.07198803489602668,-1393.5
2020-12-18 15:00:00,0.16378730053537804,4.663439094112067,0.07526145253274574,-1379.4
2020-12-18 16:00:00,0.17562864420343427,4.605170185988092,0.07497469479432528,-1399.9
2020-12-18 17:00:00,0.46355545678132604,4.574710978503383,0.07091914470234251,-1695.9
2020-12-18 18:00:00,0.30055594206902514,4.553876891600541,0.06672983797590692,-1333.9
2020-12-18 19:00:00,0.2591313300417504,4.584967478670572,0.07988896640504439,-1220.6
2020-12-18 20:00:00,0.17667179551879464,4.634728988229636,0.07833320358705809,-1216.6
2020-12-18 21:00:00,0.14217162467638111,4.672828834461906,0.07326734638269272,-1003.4
2020-12-18 22:00:00,0.08459202441581759,4.718498871295094,0.07444640752473042,-1001.1
2020-12-18 23:00:00,0.04439397469303952,4.718498871295094,0.07524673558375028,-756.5
2020-12-19 00:00:00,0.0624345963088051,4.624972813284271,0.09127933656196863,-480.9
2020-12-19 01:00:00,0.12720969378834468,4.532599493153256,0.08809344709314981,-374.0
2020-12-19 02:00:00,0.11089570103518875,4.574710978503383,0.09396834842045898,-383.7
2020-12-19 03:00:00,0.1323629884561388,4.68213122712422,0.09352803742346172,-389.5
2020-12-19 04:00:00,0.16871529634742188,4.727387818712341,0.09389956484981177,-400.4
2020-12-19 05:00:00,0.18045124648459598,4.859812404361672,0.08741616668443708,-518.1
2020-12-19 06:00:00,0.24705201982767466,5.081404364984463,0.08981482201151891,-803.2
2020-12-19 07:00:00,0.22646746007288687,5.225746673713202,0.08901473638215229,-1001.0
2020-12-19 08:00:00,0.17219738902688508,5.351858133476067,0.08167538259510465,-1274.4
2020-12-19 09:00:00,0.14445856470346286,5.476463551931511,0.08123870849019177,-1475.8
2020-12-19 10:00:00,0.12889815807043226,5.552959584921617,0.08279319108538186,-1484.2
2020-12-19 11:00:00,0.11997032123787399,5.641907070938114,0.07382259871724983,-1494.4
2020-12-19 12:00:00,0.11948017929294963,5.739792912179234,0.07185439064597077,-1495.9
2020-12-19 13:00:00,0.13410984341240395,5.762051382780177,0.060342870031136364,-1584.3
2020-12-19 14:00:00,0.15552767702364845,5.762051382780177,0.06139655412249123,-1590.1
2020-12-19 15:00:00,0.09115986679294963,5.768320995793772,0.06378905403234203,-1470.0
2020-12-19 16:00:00,0.04532949460391977,5.75890177387728,0.056420437789336475,-1465.9
2020-12-19 17:00:00,0.009685490598920765,5.69035945432406,0.052475555187404765,-1440.2
2020-12-19 18:00:00,0.055859492192958715,5.616771097666572,0.0476301449698191,-1493.9
2020-12-19 19:00:00,0.06901166247392077,5.556828061699537,0.0615295228963646,-1425.2
2020-12-19 20:00:00,0.08651757747661337,5.493061443340548,0.05329925294286042,-1194.4
2020-12-19 21:00:00,0.08359380379460202,5.459585514144159,0.05242361800692308,-1105.4
2020-12-19 22:00:00,0.06934563262588522,5.476463551931511,0.052941084367588154,-874.3
2020-12-19 23:00:00,0.005199046031406862,5.497168225293202,0.05261537989742049,-669.3
2020-12-20 00:00:00,-0.07703159025693873,5.0689042022202315,0.06506148357979225,-615.6
2020-12-20 01:00:00,-0.06550515620064301,5.267858159063328,0.06686110592886596,-601.5
2020-12-20 02:00:00,-0.046768961550039734,5.4680601411351315,0.059539870294417874,-614.6
2020-12-20 03:00:00,-0.03932233525466611,5.680172609017068,0.0667269476516843,-660.0
2020-12-20 04:00:00,0.007899464963632141,5.857933154483459,0.062032724247753634,-726.7
2020-12-20 05:00:00,0.045382704885267966,6.066108090103747,0.05934360109406711,-910.7
2020-12-20 06:00:00,0.15295913922551918,6.272877006546167,0.06234161955347606,-1046.0
2020-12-20 07:00:00,0.1264988309888655,6.413458957167357,0.055981150752483444,-1128.4
2020-12-20 08:00:00,0.07882497120750642,6.53813982376767,0.05111528218883343,-1312.1
2020-12-20 09:00:00,0.11555791536092697,6.679599185844383,0.04553635836933001,-1889.2
2020-12-20 10:00:00,0.08365129911049385,6.7650389767805414,0.03920550875936879,-2020.3
2020-12-20 11:00:00,0.052311182550446755,6.779921907472252,0.03995482410863893,-2006.7
2020-12-20 12:00:00,0.06542784007390567,6.778784897685177,0.03632379919667095,-2041.3
2020-12-20 13:00:00,0.06025080987446696,6.799055862058796,0.029441051244509353,-2057.2
2020-12-20 14:00:00,0.07088195878001224,6.844815479208263,0.032895593848511595,-2068.1
2020-12-20 15:00:00,0.012828661832772426,6.884486652042782,0.031463117985969014,-2164.0
2020-12-20 16:00:00,-0.039317971193753465,6.90975328164481,0.032344395555525374,-2191.9
2020-12-20 17:00:00,-0.09321723664221793,6.918695219020472,0.0305906809403238,-2192.0
2020-12-20 18:00:00,-0.07316011158625058,6.90975328164481,0.03415151298034669,-2137.1
2020-12-20 19:00:00,-0.03888204203171508,6.877296071497429,0.05252951968203856,-2165.3
2020-12-20 20:00:00,-0.0521268369507526,6.843749949006225,0.04215305368882749,-2137.3
2020-12-20 21:00:00,-0.06793925094371334,6.806829360392176,0.04870644803016688,-2078.1
2020-12-20 22:00:00,-0.06878173750905026,6.761572768804055,0.05172491676077584,-1742.7
2020-12-20 23:00:00,-0.1231508701980859,6.715383386334681,0.058639689405467266,-1292.3
2020-12-21 00:00:00,-0.09551891800174506,6.565264970035361,0.05257323480573195,-1210.9
2020-12-21 01:00:00,-0.08347070283691416,6.532334292222349,0.059396403655777696,-1151.7
2020-12-21 02:00:00,-0.0674597093898548,6.536691597591305,0.06223394101212243,-1150.5
2020-12-21 03:00:00,0.015705335355222783,6.541029999189903,0.06462587676979137,-1155.3
2020-12-21 04:00:00,-0.04296457130319631,6.52795791762255,0.06098982618634796,-1215.9
2020-12-21 05:00:00,-0.08628129063184087,6.51025834052315,0.056217679198270254,-2096.8
2020-12-21 06:00:00,-0.11374861193563124,6.4692503167957724,0.0446981294178741,-2101.4
2020-12-21 07:00:00,-0.140975364700882,6.42648845745769,0.02968383020422749,-2051.5
2020-12-21 08:00:00,-0.15524562731377545,6.398594934535208,0.03177460220887074,-2059.1
2020-12-21 09:00:00,-0.16849403993436596,6.373319789577012,0.02666863881268977,-2139.7
2020-12-21 10:00:00,-0.16155863506159074,6.352629396319567,0.021380206167787463,-2124.8
2020-12-21 11:00:00,-0.17269092953057052,6.315358001522335,0.02179875942375009,-2095.8
2020-12-21 12:00:00,-0.18568771709990095,6.2285110035911835,0.019152264854945145,-1998.0
2020-12-21 13:00:00,-0.1957396202266759,6.1070228877422545,0.007613058654572846,-1970.1
2020-12-21 14:00:00,-0.22283793193659074,5.983936280687191,0.01635816499960363,-1898.0
2020-12-21 15:00:00,-0.27344936825406396,5.883322388488279,0.01578688031641473,-2008.1
2020-12-21 16:00:00,-0.27969875260231314,5.762051382780177,0.015454081747650505,-1979.2
2020-12-21 17:00:00,-0.30616194201375624,5.631211781821365,0.01590928517499446,-1967.6
2020-12-21 18:00:00,-0.22651283724135407,5.493061443340548,0.012744480968907013,-2029.1
2020-12-21 19:00:00,-0.240319035536404,5.402677381872279,0.02285194573386562,-2014.2
2020-12-21 20:00:00,-0.23152029932374285,5.351858133476067,0.036443232948120574,-2003.5
2020-12-21 21:00:00,-0.24772029158363562,5.298317366548036,0.03698855207152718,-1602.3
2020-12-21 22:00:00,-0.2980757439783064,5.241747015059643,0.04651244174190161,-916.3
2020-12-21 23:00:00,-0.4873355180895258,5.241747015059643,0.054444031304957896,-567.0
2020-12-22 00:00:00,-0.7069254936079674,5.220355825078324,0.062062611589884575,-521.5
2020-12-22 01:00:00,-0.6257643254643517,5.1298987149230735,0.0713935686661431,-315.8
2020-12-22 02:00:00,-0.7499955214231808,5.049856007249537,0.07250327717214766,-311.4
2020-12-22 03:00:00,-0.798751716841144,4.90527477843843,0.07267375229940498,-284.1
2020-12-22 04:00:00,-0.8033673139804365,4.74493212836325,0.07306424028502256,-240.5
2020-12-22 05:00:00,-0.5719575166480468,4.653960350157523,0.06574034736807643,-365.5
2020-12-22 06:00:00,-0.3452169944017207,4.672828834461906,0.05020269296199942,-609.9
2020-12-22 07:00:00,-0.24917682261932006,4.709530201312334,0.03431613955129009,-1518.9
2020-12-22 08:00:00,-0.357811711317654,4.812184355372417,0.035725375235170276,-1759.2
2020-12-22 09:00:00,-0.34305207321706943,4.912654885736052,0.0375636265606909,-1752.6
2020-12-22 10:00:00,-0.3402321128226746,4.9344739331306915,0.03182016460688786,-1771.2
2020-12-22 11:00:00,-0.3092290341083421,4.9344739331306915,0.030553888980278998,-1687.6
2020-12-22 12:00:00,-0.3039654060308612,4.912654885736052,0.025454302847474963,-1676.0
2020-12-22 13:00:00,-0.29713791241240095,4.897839799950911,0.02444401377686045,-1665.1
2020-12-22 14:00:00,-0.3208085489113306,4.969813299576001,0.017408735775632955,-1658.2
2020-12-22 15:00:00,-0.34766333998107246,5.093750200806762,0.023716716024994255,-1760.0
2020-12-22 16:00:00,-0.342111044313671,5.225746673713202,0.024635894542873515,-1791.2
2020-12-22 17:00:00,-0.3714181036694373,5.332718793265369,0.02095196210672068,-1851.7
2020-12-22 18:00:00,-0.2650063963094862,5.484796933490655,0.0238675040254428,-1597.7
2020-12-22 19:00:00,-0.28643886732306534,5.6131281063880705,0.0352386293416771,-1628.1
2020-12-22 20:00:00,-0.16512321797822027,5.68697535633982,0.03334637105966909,-1656.8
2020-12-22 21:00:00,-0.17092983411994034,5.82600010738045,0.03385739140117394,-1723.4
2020-12-22 22:00:00,-0.1939390831173009,5.916202062607435,0.04131177498546812,-1512.3
2020-12-22 23:00:00,-0.22459224075843975,5.991464547107982,0.04886292086162669,-1482.6
2020-12-23 00:00:00,-0.19275096191184193,5.942799375126701,-0.0047096051186681365,-889.7
2020-12-23 01:00:00,-0.13463994899163678,6.066108090103747,-0.010261479809069662,-737.6
2020-12-23 02:00:00,-0.10054043846270488,6.093569770045136,-0.012384782597289146,-771.8
2020-12-23 03:00:00,-0.11679766821988036,6.129050210060545,-0.014718298800011631,-794.3
2020-12-23 04:00:00,-0.12902628011718464,6.144185634125646,-0.014698157633814546,-798.4
2020-12-23 05:00:00,-0.12600985659005648,6.113682179832232,-0.006342792721135027,-1612.1
2020-12-23 06:00:00,-0.08124816696181192,6.0844994130751715,-0.006982316881987138,-1905.2
2020-12-23 07:00:00,-0.11615383753172814,6.045005314036012,-0.004145877318714852,-1930.8
2020-12-23 08:00:00,-0.15958346677956747,5.955837369464831,0.0013287670052077871,-1862.0
2020-12-23 09:00:00,-0.24355999066362966,5.849324779946859,0.0014370771429188522,-1774.9
2020-12-23 10:00:00,-0.30971573887402837,5.762051382780177,0.0025013776800282272,-1852.6
2020-12-23 11:00:00,-0.2878624779672543,5.662960480135946,0.0036520728463083074,-1754.7
2020-12-23 12:00:00,-0.27719256919897184,5.58724865840025,-0.005015977157730056,-1709.3
2020-12-23 13:00:00,-0.29531479554814233,5.545177444479562,0.00011953256160879278,-1664.6
2020-12-23 14:00:00,-0.30833754542479763,5.480638923341991,-0.00905892638534933,-1597.2
2020-12-23 15:00:00,-0.36143520088651515,5.420534999272286,-0.011727307122654018,-1532.3
2020-12-23 16:00:00,-0.3393149353692615,5.3471075307174685,-0.019717820419448806,-1445.5
2020-12-23 17:00:00,-0.31148499328173784,5.278114659230517,-0.019336528231669092,-1420.8
2020-12-23 18:00:00,-0.25552382946082774,5.262690188904886,-0.020691909687071686,-1415.6
2020-12-23 19:00:00,-0.23818211713666182,5.247024072160486,-0.007468819380521019,-1365.0
2020-12-23 20:00:00,-0.2226399693940535,5.267858159063328,-0.01737984769715517,-1334.1
2020-12-23 21:00:00,-0.23462434637976415,5.327876168789581,-0.02630052231558011,-1351.0
2020-12-23 22:00:00,-0.229715959738106,5.384495062789089,-0.01922519819993518,-1370.0
2020-12-23 23:00:00,-0.13349891596562768,5.4510384535657,-0.01470848556959048,-1404.9
2020-12-24 00:00:00,-0.19733577482338838,5.214935757608986,-0.024384906928435868,-635.7
2020-12-24 01:00:00,-0.16811925503469238,5.262690188904886,-0.02711572196349543,-458.3
2020-12-24 02:00:00,-0.30064626359739055,5.303304908059076,-0.0219592791368175,-354.6
2020-12-24 03:00:00,-0.36165665081247855,5.3471075307174685,-0.022024738674569555,-291.8
2020-12-24 04:00:00,-0.4701432466285156,5.356586274672012,-0.025741176911992625,-203.1
2020-12-24 05:00:00,-0.4101967396716093,5.327876168789581,-0.04130255161244101,-313.2
2020-12-24 06:00:00,-0.358219519042398,5.241747015059643,-0.06671781745086047,-389.9
2020-12-24 07:00:00,-0.2975913423196248,5.298317366548036,-0.0740213973988535,-908.5
2020-12-24 08:00:00,-0.24011622378662478,5.402677381872279,-0.0541603761441074,-1423.3
2020-12-24 09:00:00,-0.22846961909062768,5.5093883366279774,-0.03373285697253969,-1413.2
2020-12-24 10:00:00,-0.2270496506670674,5.60947179518496,-0.03733670284009971,-1441.2
2020-12-24 11:00:00,-0.23488764998207312,5.68697535633982,-0.03709185138292792,-1446.7
2020-12-24 12:00:00,-0.23630012721857474,5.771441123130016,-0.04091593192371157,-1439.8
2020-12-24 13:00:00,-0.24481845043292116,5.823045895483019,-0.06241381183214667,-1477.9
2020-12-24 14:00:00,-0.24142363792151755,5.91350300563827,-0.06889576221015137,-1456.0
2020-12-24 15:00:00,-0.2998504053882871,6.077642243349034,-0.07144893352471282,-1473.0
2020-12-24 16:00:00,-0.2941815213418244,6.169610732491456,-0.08502667062485347,-1486.2
2020-12-24 17:00:00,-0.2887717227541149,6.218600119691729,-0.09926217103377777,-1469.8
2020-12-24 18:00:00,-0.27263541311481676,6.326149473155099,-0.10534062105510955,-1419.0
2020-12-24 19:00:00,-0.2165924549462228,6.42648845745769,-0.0918722829179055,-1503.1
2020-12-24 20:00:00,-0.20704861426383792,6.464588303689961,-0.08710662243324041,-1646.8
2020-12-24 21:00:00,-0.21674092400293032,6.52795791762255,-0.077928329011697,-1682.5
2020-12-24 22:00:00,-0.20236714470605532,6.553933404025811,-0.06384645877796835,-1745.9
2020-12-24 23:00:00,-0.17287676934072405,6.55250788703459,-0.05633911103769762,-1583.3
2020-12-25 00:00:00,-0.05102823683926472,6.565264970035361,-0.10499051092323608,-1227.1
2020-12-25 01:00:00,0.000372730225194573,6.536691597591305,-0.0937599909475546,-976.0
2020-12-25 02:00:00,0.01134762820167845,6.525029657843462,-0.09295182808725944,-929.2
2020-12-25 03:00:00,-0.02211940065895268,6.501289670540389,-0.0980726676100252,-885.2
2020-12-25 04:00:00,-0.031538412691333395,6.470799503782602,-0.09660457293615998,-860.9
2020-12-25 05:00:00,-0.06926368066083377,6.419994928147142,-0.11777783177780421,-1287.5
2020-12-25 06:00:00,-0.1163555393127984,6.343880434126331,-0.14852840066616846,-973.3
2020-12-25 07:00:00,-0.07297085353552069,6.259581464064923,-0.1599942829156218,-1499.2
2020-12-25 08:00:00,-0.02122310876050637,6.173786103901937,-0.13792043350403826,-1655.7
2020-12-25 09:00:00,-0.022793516604585395,6.082218910376446,-0.12338624812258825,-1585.1
2020-12-25 10:00:00,-0.0064087498781102425,5.998936561946683,-0.11271593499364219,-1550.0
2020-12-25 11:00:00,-0.011668619432095184,5.908082938168931,-0.10250581107366852,-1497.0
2020-12-25 12:00:00,0.027690451701267715,5.811140992976701,-0.09110520775683639,-1513.8
2020-12-25 13:00:00,0.0958650041046969,5.717027701406222,-0.07077514486264214,-1504.4
2020-12-25 14:00:00,0.11352159717595756,5.6240175061873385,-0.07123592691541258,-1606.7
2020-12-25 15:00:00,0.2687942010177462,5.5254529391317835,-0.04667987213455138,-1652.8
2020-12-25 16:00:00,0.2911342970127464,5.41610040220442,-0.032274142659082905,-1621.2
2020-12-25 17:00:00,0.3156836889793877,5.303304908059076,-0.038418071501938655,-1715.9
2020-12-25 18:00:00,0.3704800001377464,5.209486152841421,-0.03794025764983644,-1894.5
2020-12-25 19:00:00,0.4120641593135299,5.123963979403259,-0.0074917536020882025,-1895.1
2020-12-25 20:00:00,0.36457943093119427,5.030437921392435,0.005385473508714433,-1901.5
2020-12-25 21:00:00,0.38163814354491166,4.912654885736052,0.011209417405038558,-1574.6
2020-12-25 22:00:00,0.30296476596069155,4.812184355372417,0.015401915582503811,-1420.1
2020-12-25 23:00:00,0.30766577410723217,4.727387818712341,0.02429914283797885,-1402.8
2020-12-26 00:00:00,0.4091451559726882,4.276666119016055,0.03865190656465334,-1256.2
2020-12-26 01:00:00,0.42557275977247677,4.30406509320417,0.04595334511600857,-1256.9
2020-12-26 02:00:00,0.41639696817282923,4.356708826689592,0.04754492255164422,-1273.4
2020-12-26 03:00:00,0.42609399535503956,4.406719247264253,0.04464733342775595,-1206.8
2020-12-26 04:00:00,0.336941221496029,4.465908118654584,0.033507557192788084,-1172.0
2020-12-26 05:00:00,0.3541652724658966,4.51085950651685,0.03441064811178052,-1164.0
2020-12-26 06:00:00,0.43823545244536444,4.574710978503383,0.051607972813139114,-1138.0
2020-12-26 07:00:00,0.5546633252721644,4.605170185988092,0.04626862617304539,-1501.2
2020-12-26 08:00:00,0.4953187026215331,4.634728988229636,0.044976842870323885,-1472.4
2020-12-26 09:00:00,0.4718567693882525,4.672828834461906,0.04686448912212704,-1626.0
2020-12-26 10:00:00,0.47362482459094624,4.68213122712422,0.046459186983667244,-1627.8
2020-12-26 11:00:00,0.4701821695957529,4.663439094112067,0.054819363290599554,-1632.6
2020-12-26 12:00:00,0.4718065393552666,4.68213122712422,0.0630132801584331,-1624.3
2020-12-26 13:00:00,0.3913093925599185,4.820281565605037,0.055854449052342936,-1102.4
2020-12-26 14:00:00,0.31660583143177545,4.983606621708336,0.060483672587620774,-1129.1
2020-12-26 15:00:00,0.2748888448763944,5.075173815233827,0.0678562313402411,-1172.1
2020-12-26 16:00:00,0.2738526655149398,5.123963979403259,0.0688939579849146,-1197.2
2020-12-26 17:00:00,0.2211253896395915,5.159055299214529,0.06706243422491198,-1220.7
2020-12-26 18:00:00,0.13235517160730437,5.236441962829949,0.06089184519504265,-1232.2
2020-12-26 19:00:00,-0.015534614868564667,5.3230099791384085,0.07052951518443162,-857.9
2020-12-26 20:00:00,-0.14647419481138568,5.407171771460119,0.06157696278710301,-316.1
2020-12-26 21:00:00,-0.14263329663575997,5.488937726156687,0.060701327851165665,-227.1
2020-12-26 22:00:00,-0.23396302401168434,5.568344503761097,0.05440316767677089,-139.3
2020-12-26 23:00:00,-0.27053027208160074,5.66988092298052,0.04930547456927581,-143.2
2020-12-27 00:00:00,-0.4988905081407795,5.966146739123692,0.09402692320304684,-222.7
2020-12-27 01:00:00,-0.7637340173875857,6.077642243349034,0.09299633674141194,-279.1
2020-12-27 02:00:00,-0.8798995112122545,6.240275845170769,0.08350700126683819,-360.3
2020-12-27 03:00:00,-1.061966878125331,6.366470447731438,0.08994780524336665,-448.3
2020-12-27 04:00:00,-1.0361407774618283,6.473890696352274,0.08372218797200848,-524.9
2020-12-27 05:00:00,-0.9966774142779207,6.559615237493242,0.09170389777884225,-609.1
2020-12-27 06:00:00,-1.3025313247609476,6.610696044717759,0.09737947629434895,-653.0
2020-12-27 07:00:00,-0.9631385959185457,6.652863029353347,0.09008828396766688,-824.7
2020-12-27 08:00:00,-0.7738240725175565,6.699500340161678,0.08607607584900379,-841.9
2020-12-27 09:00:00,-0.6673155509122064,6.759255270663693,0.06404854937768967,-861.4
2020-12-27 10:00:00,-0.37124827894993473,6.815639990074331,0.04440032563647289,-783.9
2020-12-27 11:00:00,-0.3646240181068654,6.8679744089702925,0.06194984569418516,-833.6
2020-12-27 12:00:00,-0.334567792229723,6.898714534329988,0.06617676234635272,-864.5
2020-12-27 13:00:00,-0.33666201641838045,6.910750787961936,0.0518813703707357,-891.6
2020-12-27 14:00:00,-0.2967748657882132,6.903747257584598,0.0524260518823807,-876.8
2020-12-27 15:00:00,-0.2689077242157314,6.885509670034818,0.04875461509602985,-840.5
2020-12-27 16:00:00,-0.30008351429754754,6.8690144506657065,0.05023396030630067,-809.4
2020-12-27 17:00:00,-0.34066862236667017,6.86171134048073,0.04632777252417242,-866.5
2020-12-27 18:00:00,-0.3318140223552022,6.853299093186078,0.0456956527272121,-886.6
2020-12-27 19:00:00,-0.3946915596940186,6.8885724595653635,0.07419101646321735,-887.4
2020-12-27 20:00:00,-0.8190113447380116,6.926577033222725,0.05466701898030113,-969.7
2020-12-27 21:00:00,-0.49979435323309396,6.9584483932976555,0.05316742197079183,-1030.0
2020-12-27 22:00:00,-0.3906817672711722,6.97166860472579,0.04944787592872402,-1107.1
2020-12-27 23:00:00,-0.7783314528341805,6.97354301952014,0.048581577532432085,-1192.1
2020-12-28 00:00:00,-0.882664229194632,7.022868086082641,0.023725080468073756,-960.2
2020-12-28 01:00:00,-1.1473362936071652,7.045776576879511,0.020681891475087255,-984.3
2020-12-28 02:00:00,-0.6763541353992499,7.063903961472068,0.02081510970900613,-1053.7
2020-12-28 03:00:00,-0.5552372842904618,7.055312843339752,0.02013815267778085,-1078.5
2020-12-28 04:00:00,-0.34098087282499145,7.02197642307216,0.015327107881111246,-1088.8
2020-12-28 05:00:00,-0.2142243954898002,6.96979066990159,0.002150457927994509,-1674.4
2020-12-28 06:00:00,-0.20005213993978277,6.920671504248683,-0.012374414343451434,-1793.4
2020-12-28 07:00:00,-0.21512767390486687,6.86171134048073,-0.019464307836934758,-1842.9
2020-12-28 08:00:00,-0.22001222462977887,6.818924065275521,-0.005559238227222707,-1799.1
2020-12-28 09:00:00,-0.20346056513660127,6.771935555839602,0.006682249050182776,-1775.0
2020-12-28 10:00:00,-0.19211330338356314,6.706862336602747,0.011358647706768643,-1754.5
2020-12-28 11:00:00,-0.19649466591727194,6.634633357861686,0.018228602115044623,-1713.3
2020-12-28 12:00:00,-0.24294951682776755,6.565264970035361,0.026209457164943828,-1812.6
2020-12-28 13:00:00,-0.25531649730792116,6.495265555937008,0.016739131118950645,-1765.6
2020-12-28 14:00:00,-0.2684214373804634,6.431331081933479,0.029649721291664655,-1751.1
2020-12-28 15:00:00,-0.28596816065917263,6.363028103540465,0.034583117641182604,-1753.0
2020-12-28 16:00:00,-0.280892782594921,6.326149473155099,0.04391834290304342,-1749.2
2020-12-28 17:00:00,-0.3157947678545674,6.236369590203704,0.045845387666259896,-1671.9
2020-12-28 18:00:00,-0.27253865963663637,6.1675164908883415,0.037542067578304916,-1663.6
2020-12-28 19:00:00,-0.2747847166544548,6.1092475827643655,0.03935752317409591,-1657.5
2020-12-28 20:00:00,-0.2596237931159924,6.052089168924417,0.034247842384685256,-1655.8
2020-12-28 21:00:00,-0.20775076012419857,6.003887067106539,0.02955909739300644,-1641.2
2020-12-28 22:00:00,-0.14259616030099398,5.981414211254481,0.02824709376460799,-1700.9
2020-12-28 23:00:00,-0.06587920685506932,5.981414211254481,0.03273775272309454,-1741.3
2020-12-29 00:00:00,0.06719687466595481,6.073044534100405,0.04794473004409916,-1137.7
2020-12-29 01:00:00,0.1374668341648797,6.16541785423142,0.05009098796227551,-891.7
2020-12-29 02:00:00,0.1311676318242756,6.222576268071369,0.050280140387437555,-896.9
2020-12-29 03:00:00,0.14044379416327768,6.2766434893416445,0.046554341065778715,-922.5
2020-12-29 04:00:00,0.14244492595252956,6.282266746896006,0.041713710400946624,-932.3
2020-12-29 05:00:00,-0.08961971247967782,6.1903154058531475,0.024918352847821623,-2028.5
2020-12-29 06:00:00,-0.05649596081752062,6.0867747269123065,0.003301652365362173,-2056.3
2020-12-29 07:00:00,-0.16735487087191592,6.018593214496234,-0.0029825166968882044,-1985.7
2020-12-29 08:00:00,-0.2261073371426625,5.966146739123692,0.011210809471585037,-1924.5
2020-12-29 09:00:00,-0.3057517118038606,5.883322388488279,0.017505647516092182,-1637.5
2020-12-29 10:00:00,-0.2930067828867795,5.811140992976701,0.017421067734708195,-1640.9
2020-12-29 11:00:00,-0.2729660680001813,5.7745515455444085,0.019766297851282033,-1657.8
2020-12-29 12:00:00,-0.2749442166866731,5.746203190540153,0.02331526459872535,-1585.1
2020-12-29 13:00:00,-0.18581978319860948,5.683579767338681,0.025154998520639182,-1860.2
2020-12-29 14:00:00,-0.223047256887126,5.627621113690637,0.020951070333470767,-1831.2
2020-12-29 15:00:00,-0.22679317257472542,5.5909869805108565,0.023716716024994255,-1807.4
2020-12-29 16:00:00,-0.20188170300502062,5.545177444479562,0.028145901656523975,-1799.1
2020-12-29 17:00:00,-0.24247957384126861,5.488937726156687,0.03012310222582748,-1809.3
2020-12-29 18:00:00,-0.1498494630430307,5.420534999272286,0.0274427670401316,-1826.3
2020-12-29 19:00:00,-0.20154598558236225,5.41610040220442,0.03234427131531259,-1843.2
2020-12-29 20:00:00,-0.1144931268867806,5.480638923341991,0.02745099657899086,-1883.1
2020-12-29 21:00:00,-0.11229896587150101,5.556828061699537,0.024895419543943476,-1903.5
2020-12-29 22:00:00,-0.1399023027839994,5.575949103146316,0.02755008991278718,-1944.2
2020-12-29 23:00:00,-0.014750364227436918,5.54907608489522,0.03563830183332062,-1810.5
2020-12-30 00:00:00,0.13152825463149576,5.272999558563747,0.08480699238789935,-2155.2
2020-12-30 01:00:00,0.1513583379133161,5.37989735354046,0.09696962562981515,-1965.4
2020-12-30 02:00:00,0.17253028680801208,5.484796933490655,0.0973476057819278,-1925.4
2020-12-30 03:00:00,0.16404910762604308,5.602118820879701,0.09483581280205566,-1959.3
2020-12-30 04:00:00,0.24085103006109332,5.676753802268282,0.0774510003024611,-2213.3
2020-12-30 05:00:00,0.15710860269322913,5.652489180268651,0.06968283699209987,-2279.0
2020-12-30 06:00:00,0.07845870006735822,5.655991810819852,0.042726711635840964,-2246.6
2020-12-30 07:00:00,0.042242522044158015,5.707110264748875,0.05384138033163488,-2279.2
2020-12-30 08:00:00,0.004250387299516767,5.762051382780177,0.048184184286713005,-2258.2
2020-12-30 09:00:00,0.022485582194789355,5.82600010738045,0.04048759201479246,-2252.1
2020-12-30 10:00:00,0.014700321534038885,5.857933154483459,0.055636632433640365,-2248.1
2020-12-30 11:00:00,0.04691268569680185,5.860786223465865,0.05802884372438033,-2237.4
2020-12-30 12:00:00,0.1014292928208973,5.855071922202427,0.0780719028909731,-2243.7
2020-12-30 13:00:00,-0.020567179252341194,5.8664680569332965,0.07842646892109251,-2136.1
2020-12-30 14:00:00,-0.01422746668546182,5.872117789475416,0.056480550293276366,-2136.7
2020-12-30 15:00:00,-0.03681585209110905,5.8664680569332965,0.04352753999356285,-2209.1
2020-12-30 16:00:00,-0.017594041835121477,5.8888779583328805,0.044958356441376246,-2223.6
2020-12-30 17:00:00,0.00869091264648958,5.948034989180646,0.050979970185791146,-2236.3
2020-12-30 18:00:00,0.06576851987747423,6.0330862217988015,0.04705733522497191,-2270.7
2020-12-30 19:00:00,0.072384249148707,6.1092475827643655,0.04994208783281806,-2291.7
2020-12-30 20:00:00,0.0948634304345779,6.182084906716632,0.036687373573120574,-2354.3
2020-12-30 21:00:00,0.047087559085512876,6.255750041753367,0.051858316185452225,-2375.5
2020-12-30 22:00:00,0.09119176034199539,6.322565239927284,0.07667037603058979,-2436.6
2020-12-30 23:00:00,0.17858186753142613,6.386879319362645,0.08537497298739183,-2541.9
2020-12-31 00:00:00,0.29090999953298224,6.077642243349034,0.055657800745100516,-2114.4
